ticker,cik,name,sector,sub_industry,ig_name,index_tenure_y,adv_usd,mom_12_1,dd_52w,ret_12m,fcf_pos_years,gm,gm_stability,fcf_margin,fcf_margin_median_5y,fcf_cov,rev_pos_years,rev_yoy_n,fcf_cagr5_base_fallback,rev_cagr5,fcf_cagr5,gm_ttm,fcf_margin_ttm,brake_gm,brake_fcf_margin,brake_roic,dq_flags,price,shares_cover,mktcap,ev,ic,stack,revenue_ttm,ebit_ttm,fcf_ttm,fcf_adj_ttm,ebitda_ttm,ni_ttm,nopat_ttm,t_eff,roic_ttm,ev_ebit,ev_fcf,fcf_yield,pe_ttm,fcf_ni,nd_ebitda,goodwill,intangibles,goodwill_share_ic,roic_years,roic,roic_median_5y,ev_fcf_self_pct,ev_fcf_self_z,ev_fcf_self_ratio,ev_fcf_self_n,gate_fail_reasons,gates_pass,input_coverage,peer_level,peer_set,pct_roic,pct_fcf_margin,pct_gm,pct_roic_years,pct_fcf_pos_years,pct_fcf_ni,pct_nd_ebitda,pct_ev_ebit,pct_mom_sector,quality_weight_used,quality_score,quality_component_values,cheapness_score,quality_floor_pass,residual,residual_fitted,residual_pct,composite,eps_rev_proxy,flag_derated_quality,evidence_derated,flag_beaten_but_delivering,evidence_beaten
NVDA,1045810,Nvidia,Information Technology,Semiconductors,Semiconductors and Semiconductor Equipment,24.78576317590691,26859430429.642292,0.26783930991854477,-0.05133594504880268,0.23053077485356233,5.0,0.6812645648281168,0.09567708242734539,0.30037149871533764,0.38527953776960705,0.8916069834336632,8,9,False,0.6689858183148778,,0.7467439020365053,0.3953031653299007,1.0961144034034838,1.316047517892268,0.9734364233761907,,218.2899932861328,24100000000.0,5260788838195.801,5228083838195.801,196279000000.0,-32705000000.0,302970000000.0,197579000000.0,127006000000.0,119765000000.0,201266000000.0,192880000000.0,165876816790.93597,0.16045320205621064,0.8451073053711093,26.460726282630244,43.65285215376613,0.022908010603236734,27.27493176169536,0.6584715885524679,-0.16249639780191388,21125000000.0,2998000000.0,0.12290158396975734,7.0,0.8681689785553793,1.0155847417253008,,,,,['fcf_cagr5 gate'],False,0.9,ig,Semiconductors and Semiconductor Equipment,100.0,87.5,100.0,66.66666666666666,12.5,20.0,64.28571428571428,75.0,54.23728813559322,1.0,59.8767362017099,"{'profitability': 100.0, 'growth': 100.0, 'balance': 100.0, 'stability': 59.9}",,False,-0.2344440889350481,55.18618832790479,,,,False,"{""floor"": false, ""depressed_arms"": {""self_pct"": false, ""self_z"": false, ""median_ratio"": false}, ""yield_arm"": false, ""residual_arm"": false, ""brakes"": {""gm"": true, ""fcf_margin"": true, ""roic"": true}, ""self_pct"": null, ""self_z"": null, ""median_ratio"": null, ""fcf_yield"": 0.022908010603236734, ""yield_threshold"": 0.0495, ""gs10"": 0.0495, ""residual_pct"": null, ""brake_values"": {""gm"": 1.0961144034034838, ""fcf_margin"": 1.316047517892268, ""roic"": 0.9734364233761907}}",False,"{""floor"": false, ""mom_sector_pct"": 54.23728813559322, ""eps_rev_proxy"": null}"
AAPL,320193,Apple Inc.,Information Technology,"Technology Hardware, Storage & Peripherals",Technology Hardware and Equipment,43.7864476386037,16298994245.833786,0.31183013376141866,-0.0035459441610576903,0.424776238250852,10.0,0.4446632673722596,0.04224771564223663,0.2357035364187658,0.23248509500651965,0.06674528697417795,7,9,False,0.08677354924090741,0.061266824126846364,0.4865291555900202,0.2634338925031543,1.094151892656138,1.1176493000729568,1.0844822458532013,,332.2699890136719,14594180000.0,4849208028263.55,4882876028263.55,141188000000.0,33668000000.0,466823000000.0,154859000000.0,136683000000.0,122977000000.0,167959000000.0,128930000000.0,128064159621.82341,0.17302733698510642,0.907047055145079,31.531109126776936,39.70560371665881,0.025185361923622935,37.611169070530906,1.0601334057240364,0.2004536821486196,5889000000.0,2149000000.0,0.05693118395331048,10.0,0.8363871871701066,0.8223395142877403,85.76923076923076,0.9474276890608025,1.1792251003865357,260.0,[],True,1.0,ig,Technology Hardware and Equipment,95.0,94.44444444444444,63.1578947368421,85.0,62.5,40.0,68.42105263157895,35.0,55.932203389830505,1.0,69.20859678610759,"{'profitability': 96.5, 'growth': 61.7, 'balance': 93.3, 'stability': 81.3}",23.222275243753547,True,0.07641408734288024,36.784561840223404,50.0,46.21543601493057,-1.0,False,"{""floor"": true, ""depressed_arms"": {""self_pct"": false, ""self_z"": false, ""median_ratio"": false}, ""yield_arm"": false, ""residual_arm"": false, ""brakes"": {""gm"": true, ""fcf_margin"": true, ""roic"": true}, ""self_pct"": 85.76923076923076, ""self_z"": 0.9474276890608025, ""median_ratio"": 1.1792251003865357, ""fcf_yield"": 0.025185361923622935, ""yield_threshold"": 0.0495, ""gs10"": 0.0495, ""residual_pct"": 50.0, ""brake_values"": {""gm"": 1.094151892656138, ""fcf_margin"": 1.1176493000729568, ""roic"": 1.0844822458532013}}",False,"{""floor"": true, ""mom_sector_pct"": 55.932203389830505, ""eps_rev_proxy"": -1.0}"
MSFT,789019,Microsoft,Information Technology,Systems Software,Software and Services,32.284736481861735,14680048770.643,-0.022283781013734405,-0.04564864356012788,-0.01998841060911405,10.0,0.687708079904994,0.008802118348736152,0.23212217229294924,0.2353018899086898,0.07566316835758023,9,9,False,0.1457190738095313,0.03604273274160441,0.6794409337058032,0.16448337898800322,0.9879786984612235,0.7086069260993187,0.7249715515875705,,495.6300048828125,7425545491.0,3680323147961.8765,3660306147961.8765,422370000000.0,-20017000000.0,331839000000.0,155237000000.0,66987000000.0,54582000000.0,194237000000.0,133749000000.0,125126818572.44446,0.19396265985271252,0.29624930409935474,23.57882558901471,67.06068205565711,0.014911867421360978,27.516640483008295,0.5008411277841329,-0.10305451587493629,119651000000.0,18609000000.0,0.32734332457324145,7.0,0.40863576432843,0.353169746630197,98.84615384615385,2.0354861937591973,1.4003313433362319,260.0,[],True,1.0,ig,Software and Services,85.0,78.26086956521739,26.31578947368421,80.95238095238095,65.21739130434783,4.545454545454546,47.61904761904761,54.54545454545455,27.11864406779661,1.0,78.80908297051678,"{'profitability': 82.9, 'growth': 65.0, 'balance': 100.0, 'stability': 95.3}",21.503863256711323,True,0.6764172628753475,34.09601955684824,78.2051282051282,50.156473113614055,5.0,False,"{""floor"": true, ""depressed_arms"": {""self_pct"": false, ""self_z"": false, ""median_ratio"": false}, ""yield_arm"": false, ""residual_arm"": false, ""brakes"": {""gm"": true, ""fcf_margin"": false, ""roic"": false}, ""self_pct"": 98.84615384615385, ""self_z"": 2.0354861937591973, ""median_ratio"": 1.4003313433362319, ""fcf_yield"": 0.014911867421360978, ""yield_threshold"": 0.0495, ""gs10"": 0.0495, ""residual_pct"": 78.2051282051282, ""brake_values"": {""gm"": 0.9879786984612235, ""fcf_margin"": 0.7086069260993187, ""roic"": 0.7249715515875705}}",False,"{""floor"": true, ""mom_sector_pct"": 27.11864406779661, ""eps_rev_proxy"": 5.0}"
TSLA,1318605,"Tesla, Inc.",Consumer Discretionary,Automobile Manufacturers,Consumer Durables and Apparel,5.727583846680356,14054920923.853113,-0.1355508741142588,-0.24056526772451636,-0.07703187304120296,7.0,0.21003124827237202,0.17260253220457197,0.04115824860039773,0.03580203950351693,0.26305793138250977,8,9,False,0.24630713363610557,,0.18851754987019756,0.018954052828149277,0.8975690589893789,0.4605165057476745,0.27268896330441955,,365.44000244140625,3949547394.0,1443322609305.8096,1409362209305.8096,52897600000.0,-33960400000.0,103619000000.0,4372000000.0,5762000000.0,1964000000.0,9812000000.0,3804000000.0,3238146060.9545717,0.2593444508338125,0.06121536820110122,322.36098108550084,717.5978662453206,0.001393538145859169,379.42234734642733,1.5147213459516298,-3.5229718711781493,257000000.0,228000000.0,0.00916865793533166,5.0,0.2244878834086245,0.18126594999483106,96.58119658119658,2.631257381069733,3.4572361999632495,234.0,['fcf_cagr5 gate'],False,1.0,ig,Consumer Durables and Apparel,75.0,20.0,25.0,38.88888888888889,10.0,66.66666666666666,90.0,0.0,36.36363636363637,1.0,43.30939810484206,"{'profitability': 19.1, 'growth': 100.0, 'balance': 100.0, 'stability': 64.0}",2.251394777091082,False,1.7181217861856948,28.607170603902926,,22.78039644096657,,False,"{""floor"": false, ""depressed_arms"": {""self_pct"": false, ""self_z"": false, ""median_ratio"": false}, ""yield_arm"": false, ""residual_arm"": false, ""brakes"": {""gm"": false, ""fcf_margin"": false, ""roic"": false}, ""self_pct"": 96.58119658119658, ""self_z"": 2.631257381069733, ""median_ratio"": 3.4572361999632495, ""fcf_yield"": 0.001393538145859169, ""yield_threshold"": 0.0495, ""gs10"": 0.0495, ""residual_pct"": null, ""brake_values"": {""gm"": 0.8975690589893789, ""fcf_margin"": 0.4605165057476745, ""roic"": 0.27268896330441955}}",False,"{""floor"": false, ""mom_sector_pct"": 36.36363636363637, ""eps_rev_proxy"": null}"
AMD,2488,Advanced Micro Devices,Information Technology,Semiconductors,Semiconductors and Semiconductor Equipment,9.483915126625599,12452646135.908457,2.2439300680405125,-0.0748534812761269,2.254903077777577,8.0,0.4763207320578323,0.03812796112130483,0.08666218676539891,0.08618278886487861,0.5618169170892288,8,9,True,0.2882389065515516,0.2021430186788593,0.5320421256506476,0.157559617479724,1.11698292734831,1.8180895654785378,0.5737176178274888,,516.1300048828125,1632475042.0,842569351398.5295,834767351398.5295,59422000000.0,-7802000000.0,41305000000.0,6488000000.0,8403000000.0,6508000000.0,9269000000.0,6434000000.0,5371098507.438584,0.17214881204707402,0.09038905636697829,128.66327857560566,128.26787821120612,0.007796184157294612,130.95575868799028,1.3060304631644388,-0.8417304995145107,25470000000.0,15635000000.0,0.6917471643499041,3.0,0.15754973101446118,0.028160566330584183,65.86538461538461,0.0839402950019359,1.3895232465088305,208.0,[],True,1.0,ig,Semiconductors and Semiconductor Equipment,35.714285714285715,12.5,43.75,20.0,25.0,80.0,85.71428571428572,6.25,89.83050847457628,1.0,45.752268178498305,"{'profitability': 24.3, 'growth': 100.0, 'balance': 100.0, 'stability': 65.6}",16.880521913855052,False,0.8818123719979534,53.10698711055734,,31.31639504617668,,False,"{""floor"": false, ""depressed_arms"": {""self_pct"": false, ""self_z"": false, ""median_ratio"": false}, ""yield_arm"": false, ""residual_arm"": false, ""brakes"": {""gm"": true, ""fcf_margin"": true, ""roic"": false}, ""self_pct"": 65.86538461538461, ""self_z"": 0.0839402950019359, ""median_ratio"": 1.3895232465088305, ""fcf_yield"": 0.007796184157294612, ""yield_threshold"": 0.0495, ""gs10"": 0.0495, ""residual_pct"": null, ""brake_values"": {""gm"": 1.11698292734831, ""fcf_margin"": 1.8180895654785378, ""roic"": 0.5737176178274888}}",False,"{""floor"": false, ""mom_sector_pct"": 89.83050847457628, ""eps_rev_proxy"": null}"
META,1326801,Meta Platforms,Communication Services,Interactive Media & Services,Media and Entertainment,12.722792607802875,10592247993.284512,-0.21679322189665495,-0.16473447753167336,-0.13954135395928968,10.0,0.8071268312398934,0.015834172340424366,0.1786484268578379,0.2226875806140754,0.28802439886762765,8,9,False,0.18511415178759827,0.14349336092767184,0.817474052232888,0.0693985024994852,1.0128198203708574,0.3884641119997663,0.7434791527554472,shares_was_proxy;gm_derived,648.030029296875,2537000000.0,1644052184326.1719,1667294184326.1719,284463000000.0,23242000000.0,228247000000.0,86926000000.0,40976000000.0,15840000000.0,109655000000.0,68098000000.0,67632726429.32224,0.22195055070609204,0.23775579400246163,19.180615515797022,105.25847123271286,0.009500422990080573,24.142444481866896,0.6017210490763312,0.21195567917559618,23406000000.0,3692000000.0,0.09526019201091179,10.0,0.31978811123526785,0.3066290976575339,95.0,2.2809666291980037,2.5490606655608143,260.0,[],True,1.0,ig,Media and Entertainment,77.77777777777779,80.0,80.0,94.44444444444444,70.0,22.22222222222222,40.0,50.0,50.0,1.0,65.46084014447328,"{'profitability': 63.9, 'growth': 100.0, 'balance': 92.9, 'stability': 78.5}",19.85012689702417,True,1.2540562088473037,30.034981346642727,93.58974358974359,42.655483520748724,,False,"{""floor"": true, ""depressed_arms"": {""self_pct"": false, ""self_z"": false, ""median_ratio"": false}, ""yield_arm"": false, ""residual_arm"": false, ""brakes"": {""gm"": true, ""fcf_margin"": false, ""roic"": false}, ""self_pct"": 95.0, ""self_z"": 2.2809666291980037, ""median_ratio"": 2.5490606655608143, ""fcf_yield"": 0.009500422990080573, ""yield_threshold"": 0.0495, ""gs10"": 0.0495, ""residual_pct"": 93.58974358974359, ""brake_values"": {""gm"": 1.0128198203708574, ""fcf_margin"": 0.3884641119997663, ""roic"": 0.7434791527554472}}",False,"{""floor"": true, ""mom_sector_pct"": 50.0, ""eps_rev_proxy"": null}"
GOOGL,1652044,Alphabet Inc. (Class A),Communication Services,Interactive Media & Services,Media and Entertainment,20.44626967830253,9968193282.892092,0.43927228070153146,-0.15439147076463222,0.4093866412200404,10.0,0.573594087762007,0.025384626097333184,0.1519742783299251,0.14371579289765093,0.0703608442286252,9,9,False,0.1715483907713573,0.1132802934679571,0.6089654739316297,0.05635325411670771,1.0616662321392316,0.3708078415372955,0.5986386231562422,gm_derived,338.5,12230000000.0,4139855000000.0,4018172000000.0,518797000000.0,-121683000000.0,445866000000.0,147628000000.0,53273000000.0,25126000000.0,173410000000.0,244205000000.0,120465185969.81311,0.183995001152809,0.23220100727223386,27.218224185113936,159.9208787709942,0.006253092202125742,16.95237607747589,0.21814868655432934,-0.701706937316187,57828000000.0,9105000000.0,0.12901578073890174,8.0,0.3878817675478155,0.3755948568568398,98.07692307692307,3.5862134946486415,4.476668407039071,260.0,[],True,1.0,ig,Media and Entertainment,100.0,70.0,40.0,66.66666666666666,70.0,11.11111111111111,70.0,20.0,100.0,1.0,78.60092257046284,"{'profitability': 61.3, 'growth': 97.2, 'balance': 100.0, 'stability': 93.9}",8.959260993971053,True,1.6650724715030947,30.165736324774493,98.71794871794873,43.78009178221695,-1.0,False,"{""floor"": true, ""depressed_arms"": {""self_pct"": false, ""self_z"": false, ""median_ratio"": false}, ""yield_arm"": false, ""residual_arm"": false, ""brakes"": {""gm"": true, ""fcf_margin"": false, ""roic"": false}, ""self_pct"": 98.07692307692307, ""self_z"": 3.5862134946486415, ""median_ratio"": 4.476668407039071, ""fcf_yield"": 0.006253092202125742, ""yield_threshold"": 0.0495, ""gs10"": 0.0495, ""residual_pct"": 98.71794871794873, ""brake_values"": {""gm"": 1.0616662321392316, ""fcf_margin"": 0.3708078415372955, ""roic"": 0.5986386231562422}}",False,"{""floor"": true, ""mom_sector_pct"": 100.0, ""eps_rev_proxy"": -1.0}"
AVGO,1730168,Broadcom,Information Technology,Semiconductors,Semiconductors and Semiconductor Equipment,12.350444900752908,8746236951.81573,0.10003472446161066,-0.18847974902005427,0.01326132741408692,10.0,0.6552755817864064,0.04380219303284204,0.37358333341981426,0.4232058287795993,0.2433527600609242,9,9,False,0.21743712435641926,0.18336584083850394,0.687702011133058,0.34702145807146706,1.0494851788285027,0.9288997314061164,1.5279504274302205,,361.989990234375,4773629865.0,1728006228213.8708,1764785228213.8708,136469000000.0,36779000000.0,89104000000.0,42814000000.0,39403000000.0,30921000000.0,57450000000.0,,40482287924.09004,0.05446143962045022,0.2966409069025936,41.21981660704141,57.07400240011225,0.017521112204285032,,,0.6401914708442124,97801000000.0,26325000000.0,0.9095545508503763,5.0,0.1941430177165488,0.1904920391362351,71.53846153846153,1.814792810836117,12.561519203641096,260.0,[],True,0.9,ig,Semiconductors and Semiconductor Equipment,50.0,100.0,93.75,50.0,65.625,,35.71428571428571,50.0,42.3728813559322,1.0,77.31614798932472,"{'profitability': 97.6, 'growth': 100.0, 'balance': 78.7, 'stability': 83.5}",31.25633366128551,True,0.06734042255077632,53.357166091020225,44.871794871794876,54.286240825305114,2.0,False,"{""floor"": true, ""depressed_arms"": {""self_pct"": false, ""self_z"": false, ""median_ratio"": false}, ""yield_arm"": false, ""residual_arm"": false, ""brakes"": {""gm"": true, ""fcf_margin"": false, ""roic"": true}, ""self_pct"": 71.53846153846153, ""self_z"": 1.814792810836117, ""median_ratio"": 12.561519203641096, ""fcf_yield"": 0.017521112204285032, ""yield_threshold"": 0.0495, ""gs10"": 0.0495, ""residual_pct"": 44.871794871794876, ""brake_values"": {""gm"": 1.0494851788285027, ""fcf_margin"": 0.9288997314061164, ""roic"": 1.5279504274302205}}",False,"{""floor"": true, ""mom_sector_pct"": 42.3728813559322, ""eps_rev_proxy"": 2.0}"
MRVL,1835632,Marvell Technology,Information Technology,Semiconductors,Semiconductors and Semiconductor Equipment,0.2272416153319644,7319131612.626165,2.303534333507664,-0.2396218023848662,2.5130369394424816,7.0,0.46138421412244135,0.08995587537354624,0.08918983351507066,0.0895668626258531,0.24861914685275566,5,6,False,0.22514202663068583,0.14469332824590087,0.5221104091933589,0.09536205199834925,1.1316174095518625,1.0692031618405886,,,236.10000610351562,876900000.0,207036095352.17285,208389395352.17285,19884900000.0,1353300000.0,9450300000.0,1561300000.0,1730100000.0,901200000.0,2675700000.0,2639900000.0,1368353945.381737,0.1235803846911311,0.06881372022900477,133.4717193058175,231.23545866863387,0.004324596261134088,78.42573406271937,0.6553657335505133,0.5057741899316067,13873900000.0,2078600000.0,0.8022419021468552,0.0,,,86.80851063829788,1.7407566910061696,2.0194632515085336,235.0,['tenure<1y'],False,0.9,ig,Semiconductors and Semiconductor Equipment,,18.75,25.0,6.666666666666667,18.75,13.333333333333334,50.0,0.0,93.22033898305084,1.0,48.45794296286093,"{'profitability': 35.1, 'growth': 100.0, 'balance': 83.1, 'stability': 70.2}",6.130712211673559,False,,,,27.294327587267247,,False,"{""floor"": false, ""depressed_arms"": {""self_pct"": false, ""self_z"": false, ""median_ratio"": false}, ""yield_arm"": false, ""residual_arm"": false, ""brakes"": {""gm"": true, ""fcf_margin"": true, ""roic"": false}, ""self_pct"": 86.80851063829788, ""self_z"": 1.7407566910061696, ""median_ratio"": 2.0194632515085336, ""fcf_yield"": 0.004324596261134088, ""yield_threshold"": 0.0495, ""gs10"": 0.0495, ""residual_pct"": null, ""brake_values"": {""gm"": 1.1316174095518625, ""fcf_margin"": 1.0692031618405886, ""roic"": null}}",False,"{""floor"": false, ""mom_sector_pct"": 93.22033898305084, ""eps_rev_proxy"": null}"
PLTR,1321655,Palantir Technologies,Information Technology,Application Software,Software and Services,1.9712525667351128,5736356033.556941,0.015224877336883269,-0.16581037207940752,-0.02449977907999723,5.0,0.7995814556998394,0.01950015320188748,0.015295451418841144,0.09939991334878194,0.7776150853707844,7,7,True,0.3257731580149814,0.5986147953294314,0.8479613433592037,0.4098070465587633,1.0605065153956321,26.79273957576417,1.6640543855668235,,167.22999572753906,2402897000.0,401836455043.71643,392795310043.71643,733049000.0,-9041145000.0,6155941000.0,2634652000.0,3358272000.0,2522748000.0,2662630000.0,3016692000.0,2599391852.6702323,0.01338322758746415,3.546000134602506,149.08811867514817,155.70136614664503,0.006422551225775147,133.2043360885753,1.1132299883448493,-3.4371410973360925,37938000.0,14611000.0,0.07168552170455181,3.0,2.130940049411089,2.5811810115618212,,,,,[],True,0.9,ig,Software and Services,100.0,4.3478260869565215,73.68421052631578,42.857142857142854,4.3478260869565215,13.636363636363635,95.23809523809524,9.090909090909093,35.59322033898305,1.0,64.24891746169146,"{'profitability': 69.9, 'growth': 100.0, 'balance': 100.0, 'stability': 73.0}",,True,1.499654428138927,34.75367858211538,96.15384615384616,,8.0,False,"{""floor"": true, ""depressed_arms"": {""self_pct"": false, ""self_z"": false, ""median_ratio"": false}, ""yield_arm"": false, ""residual_arm"": false, ""brakes"": {""gm"": true, ""fcf_margin"": true, ""roic"": true}, ""self_pct"": null, ""self_z"": null, ""median_ratio"": null, ""fcf_yield"": 0.006422551225775147, ""yield_threshold"": 0.0495, ""gs10"": 0.0495, ""residual_pct"": 96.15384615384616, ""brake_values"": {""gm"": 1.0605065153956321, ""fcf_margin"": 26.79273957576417, ""roic"": 1.6640543855668235}}",False,"{""floor"": true, ""mom_sector_pct"": 35.59322033898305, ""eps_rev_proxy"": 8.0}"
AMAT,6951,Applied Materials,Information Technology,Semiconductor Materials & Equipment,Semiconductors and Semiconductor Equipment,31.496235455167692,4725139499.937105,2.0359980582366255,-0.2709812882651308,1.7354877738674093,10.0,0.47333616555642843,0.01605670875141984,0.21086539993485376,0.19199583748861812,0.21314037597492405,8,9,False,0.10522310397599743,0.10996623630665936,0.49398449914064274,0.1596134513733502,1.0436229789455054,0.7569447212423769,0.7701852739955846,,456.489990234375,793597443.0,362269289005.095,361667289005.095,25024000000.0,-602000000.0,30837000000.0,9141000000.0,5623000000.0,4922000000.0,,9267000000.0,7896862776.172276,0.13610515521581057,0.31557156234703787,39.565396456087406,73.47974177267268,0.013609193171823348,39.09240196450793,0.6067767346498327,,3873000000.0,262000000.0,0.165241368286445,7.0,0.4097346093231679,0.41686122684368854,94.61538461538461,2.75307119124518,3.095580066052626,260.0,[],True,0.9,ig,Semiconductors and Semiconductor Equipment,78.57142857142857,62.5,31.25,66.66666666666666,65.625,6.666666666666667,,56.25,88.13559322033898,0.7,70.05142679946076,"{'profitability': 81.9, 'growth': 89.7, 'balance': None, 'stability': 82.2}",23.207757951547002,True,0.3031938250012942,54.26155261000915,62.82051282051282,46.629592375503876,16.0,False,"{""floor"": true, ""depressed_arms"": {""self_pct"": false, ""self_z"": false, ""median_ratio"": false}, ""yield_arm"": false, ""residual_arm"": false, ""brakes"": {""gm"": true, ""fcf_margin"": false, ""roic"": false}, ""self_pct"": 94.61538461538461, ""self_z"": 2.75307119124518, ""median_ratio"": 3.095580066052626, ""fcf_yield"": 0.013609193171823348, ""yield_threshold"": 0.0495, ""gs10"": 0.0495, ""residual_pct"": 62.82051282051282, ""brake_values"": {""gm"": 1.0436229789455054, ""fcf_margin"": 0.7569447212423769, ""roic"": 0.7701852739955846}}",False,"{""floor"": true, ""mom_sector_pct"": 88.13559322033898, ""eps_rev_proxy"": 16.0}"
WDC,106040,Western Digital,Information Technology,"Technology Hardware, Storage & Peripherals",Technology Hardware and Equipment,17.201916495550993,4287221607.5972686,4.217956247706756,-0.40055536155691707,3.5874895590833784,8.0,0.3383873831499854,0.2722429349151652,-0.006435341815301354,0.022987282498802747,2.3777900600368187,7,9,False,-0.05255187314310028,0.36095134072981216,0.4885053022679774,0.25597956498180974,1.4436274122296526,-39.777151288710954,3.293748804392054,,447.17999267578125,360540944.0,161226696697.23926,160815696697.23926,8453000000.0,-411000000.0,12919000000.0,4453000000.0,3511000000.0,3307000000.0,,9424000000.0,4236756385.663806,0.04856133266027259,0.5012133426787893,36.114012283233606,48.62887713856645,0.020563913025392948,17.108095999282604,0.3725594227504245,,4321000000.0,72000000.0,0.5196971489412043,2.0,0.15217108906740112,0.09893463865635733,,,,,['rev_cagr5 gate'],False,0.8,ig,Technology Hardware and Equipment,30.0,5.555555555555555,47.368421052631575,12.5,17.5,5.0,,25.0,100.0,0.7,14.851359147522201,"{'profitability': 29.3, 'growth': 50.0, 'balance': None, 'stability': 38.9}",,False,0.3174859139031012,35.40070093453562,,,,False,"{""floor"": false, ""depressed_arms"": {""self_pct"": false, ""self_z"": false, ""median_ratio"": false}, ""yield_arm"": false, ""residual_arm"": false, ""brakes"": {""gm"": true, ""fcf_margin"": false, ""roic"": true}, ""self_pct"": null, ""self_z"": null, ""median_ratio"": null, ""fcf_yield"": 0.020563913025392948, ""yield_threshold"": 0.0495, ""gs10"": 0.0495, ""residual_pct"": null, ""brake_values"": {""gm"": 1.4436274122296526, ""fcf_margin"": -39.777151288710954, ""roic"": 3.293748804392054}}",False,"{""floor"": false, ""mom_sector_pct"": 100.0, ""eps_rev_proxy"": null}"
STX,1137789,Seagate Technology,Information Technology,"Technology Hardware, Storage & Peripherals",Technology Hardware and Equipment,14.198494182067078,4072962444.667208,4.00779317912553,-0.2237538261563048,3.2707507062639722,10.0,0.30448868205163937,0.31100654151911605,0.11064934470739585,0.08197221798198748,0.7186799392256592,6,9,False,0.0268664811857644,0.22447663070396695,0.4557605576055761,0.23714637146371464,1.4968062344211597,2.1432243642366884,2.448375965427523,gm_derived,830.1699829101562,226644518.0,188153475634.7406,190347475634.7406,4361000000.0,2194000000.0,12195000000.0,4094000000.0,3105000000.0,2892000000.0,4370000000.0,3184000000.0,3532600542.0054197,0.13712737127371274,0.8100436922736574,46.494253941070006,65.8186291959684,0.015193266894431968,59.09342827724265,0.9751884422110553,0.5020594965675057,1221000000.0,0.0,0.27998165558358173,9.0,0.3308493890284582,0.36995539367065217,80.0,0.8509915129037008,1.4226192195589504,260.0,[],True,1.0,ig,Technology Hardware and Equipment,85.0,44.44444444444444,31.57894736842105,60.0,62.5,35.0,63.15789473684211,10.0,98.30508474576271,1.0,23.29849754036816,"{'profitability': 66.4, 'growth': 61.2, 'balance': 83.3, 'stability': 33.3}",15.22464673499626,False,0.6026943621585237,36.0248347427687,,19.261572137682208,,False,"{""floor"": false, ""depressed_arms"": {""self_pct"": false, ""self_z"": false, ""median_ratio"": false}, ""yield_arm"": false, ""residual_arm"": false, ""brakes"": {""gm"": true, ""fcf_margin"": true, ""roic"": true}, ""self_pct"": 80.0, ""self_z"": 0.8509915129037008, ""median_ratio"": 1.4226192195589504, ""fcf_yield"": 0.015193266894431968, ""yield_threshold"": 0.0495, ""gs10"": 0.0495, ""residual_pct"": null, ""brake_values"": {""gm"": 1.4968062344211597, ""fcf_margin"": 2.1432243642366884, ""roic"": 2.448375965427523}}",False,"{""floor"": false, ""mom_sector_pct"": 98.30508474576271, ""eps_rev_proxy"": null}"
LRCX,707549,Lam Research,Information Technology,Semiconductor Materials & Equipment,Semiconductors and Semiconductor Equipment,14.206707734428473,3481253715.4539323,1.8573821360946265,-0.23344644594241493,1.5638721316370066,10.0,0.47361484816849553,0.04403542890938855,0.22398496048547453,0.2519302274502316,0.22405296020770388,7,9,False,0.09696783854733271,0.08592547483092305,0.5046900724797688,0.19390225583003948,1.0656128591226468,0.8656931939080529,1.0181825683867596,,298.2200012207031,1251321000.0,373168950147.49146,369139868147.49146,8441839000.0,-4029082000.0,23232690000.0,8199795000.0,4891252000.0,4504871000.0,,7265396000.0,7210281690.944104,0.12067537164720538,0.8541126750870401,45.01818254572114,81.94238373251785,0.012203696725058315,51.36250662007844,0.6732257952629148,,1630000000.0,147645000.0,0.21057556297863533,7.0,0.8388600449527663,0.8541126750870401,97.6923076923077,3.5043819298297674,40.09801392154123,260.0,[],True,0.9,ig,Semiconductors and Semiconductor Equipment,92.85714285714286,68.75,37.5,66.66666666666666,65.625,26.666666666666668,,31.25,86.4406779661017,0.7,61.11132610042564,"{'profitability': 88.8, 'growth': 76.2, 'balance': None, 'stability': 73.3}",14.369442350850827,True,0.3960764527760823,55.14355689388581,67.94871794871796,37.74038422563824,7.0,False,"{""floor"": true, ""depressed_arms"": {""self_pct"": false, ""self_z"": false, ""median_ratio"": false}, ""yield_arm"": false, ""residual_arm"": false, ""brakes"": {""gm"": true, ""fcf_margin"": false, ""roic"": true}, ""self_pct"": 97.6923076923077, ""self_z"": 3.5043819298297674, ""median_ratio"": 40.09801392154123, ""fcf_yield"": 0.012203696725058315, ""yield_threshold"": 0.0495, ""gs10"": 0.0495, ""residual_pct"": 67.94871794871796, ""brake_values"": {""gm"": 1.0656128591226468, ""fcf_margin"": 0.8656931939080529, ""roic"": 1.0181825683867596}}",False,"{""floor"": true, ""mom_sector_pct"": 86.4406779661017, ""eps_rev_proxy"": 7.0}"
DELL,1571996,Dell Technologies,Information Technology,"Technology Hardware, Storage & Peripherals",Technology Hardware and Equipment,1.9712525667351128,3441609068.258776,2.9752429444115602,0.0,3.5946812285936938,10.0,0.21973990606195087,0.05595260899355222,0.038380842049271134,0.05702007350862313,0.6424246803315292,7,9,False,0.05549088853532669,-0.01715785665831515,0.19798673254098956,0.05180658346395762,0.9010049020644048,1.349803201228657,2.010012006474551,,567.2899780273438,640000000.0,363065585937.5,386767585937.5,22275000000.0,23702000000.0,151197000000.0,14252000000.0,8560000000.0,7833000000.0,17293000000.0,11378000000.0,11734514509.009335,0.1766408567913742,0.5268019981597906,27.137776167380018,49.376686574428696,0.020252472763490008,31.909438032826507,0.7523290560731236,1.3706123865147748,19448000000.0,2727000000.0,0.9955106621773289,5.0,0.2620889807935884,0.2603436488016159,83.6,0.060212557811944366,1.6932567299773278,250.0,[],True,1.0,ig,Technology Hardware and Equipment,55.00000000000001,22.22222222222222,26.31578947368421,32.5,62.5,10.0,31.578947368421055,50.0,96.61016949152543,1.0,27.61646861647702,"{'profitability': 60.4, 'growth': 23.1, 'balance': 54.3, 'stability': 58.3}",27.24240849571367,False,0.3205124984214507,35.83646257230162,,27.429438556095345,,False,"{""floor"": false, ""depressed_arms"": {""self_pct"": false, ""self_z"": false, ""median_ratio"": false}, ""yield_arm"": false, ""residual_arm"": false, ""brakes"": {""gm"": false, ""fcf_margin"": true, ""roic"": true}, ""self_pct"": 83.6, ""self_z"": 0.060212557811944366, ""median_ratio"": 1.6932567299773278, ""fcf_yield"": 0.020252472763490008, ""yield_threshold"": 0.0495, ""gs10"": 0.0495, ""residual_pct"": null, ""brake_values"": {""gm"": 0.9010049020644048, ""fcf_margin"": 1.349803201228657, ""roic"": 2.010012006474551}}",False,"{""floor"": false, ""mom_sector_pct"": 96.61016949152543, ""eps_rev_proxy"": null}"
NFLX,1065280,Netflix,Communication Services,Movies & Entertainment,Media and Entertainment,15.731690622861054,2938672389.081026,-0.34233110213369977,-0.3691777108533,-0.3487260579153234,5.0,,,0.1164012209587683,0.17048905916843188,0.7274362431016872,9,9,False,0.12569512175392594,,0.49117872109690064,0.22047776628047472,,1.8941190175193476,1.367695307751628,,77.4000015258789,4163939676.0,322288937276.06775,329800754276.06775,37663869000.0,7511817000.0,48370764000.0,14354517000.0,11152005000.0,10664678000.0,14726931000.0,13649441000.0,11879956398.787157,0.1723889839841245,0.3154205001824735,22.975398912834738,30.924586215923984,0.032336730167308446,23.611878118383583,0.8170301626271728,0.510073483742132,,33837573000.0,0.8984093747777213,7.0,0.23062190708323574,0.1991989984775381,80.28846153846155,0.7960732388806103,4.222216277407378,208.0,['fcf_cagr5 gate'],False,0.9,ig,Media and Entertainment,66.66666666666666,50.0,,55.55555555555556,10.0,33.33333333333333,30.0,30.0,33.33333333333333,1.0,58.972193162538034,"{'profitability': 83.9, 'growth': 100.0, 'balance': 83.0, 'stability': 66.7}",26.034352383525864,False,0.03654446688626134,29.814864296821252,,42.50327277303195,,False,"{""floor"": false, ""depressed_arms"": {""self_pct"": false, ""self_z"": false, ""median_ratio"": false}, ""yield_arm"": false, ""residual_arm"": false, ""brakes"": {""gm"": false, ""fcf_margin"": true, ""roic"": true}, ""self_pct"": 80.28846153846155, ""self_z"": 0.7960732388806103, ""median_ratio"": 4.222216277407378, ""fcf_yield"": 0.032336730167308446, ""yield_threshold"": 0.0495, ""gs10"": 0.0495, ""residual_pct"": null, ""brake_values"": {""gm"": null, ""fcf_margin"": 1.8941190175193476, ""roic"": 1.367695307751628}}",False,"{""floor"": false, ""mom_sector_pct"": 33.33333333333333, ""eps_rev_proxy"": null}"
CRM,1108524,Salesforce,Information Technology,Application Software,Software and Services,17.99315537303217,2858183346.1403008,-0.18491227874452787,-0.06426442759045548,0.029068469473302327,10.0,0.7543583833559248,0.02397220797771279,0.1780533061037523,0.19252947757982614,0.36299656798405766,9,9,False,0.14335729427517552,0.2862300905601418,0.772816241066958,0.2614820883972871,1.0244682873794277,1.4685607030791135,1.714042535507176,,247.72000122070312,823000000.0,203873561004.63867,237761782004.63867,72266221000.0,33888221000.0,43938000000.0,8735000000.0,15154000000.0,11489000000.0,,9662000000.0,6799127527.59204,0.221622492548135,0.0940844482180968,27.21943697820706,20.69473252716848,0.048321474978581094,21.100554854547575,1.5684123369902712,,59250000000.0,6142000000.0,0.9048764290580519,0.0,0.0548903812298087,0.06475740190396975,11.538461538461538,-1.0113776275252393,0.48125348270350315,260.0,[],True,0.9,ig,Software and Services,20.0,47.82608695652174,42.10526315789473,14.285714285714285,65.21739130434783,45.45454545454545,,45.45454545454546,18.64406779661017,0.7,58.8838285667734,"{'profitability': 54.7, 'growth': 100.0, 'balance': None, 'stability': 79.5}",58.04947279660464,False,-0.45412749517146,32.59003920333215,,58.46665068168902,,False,"{""floor"": false, ""depressed_arms"": {""self_pct"": true, ""self_z"": true, ""median_ratio"": true}, ""yield_arm"": false, ""residual_arm"": false, ""brakes"": {""gm"": true, ""fcf_margin"": true, ""roic"": true}, ""self_pct"": 11.538461538461538, ""self_z"": -1.0113776275252393, ""median_ratio"": 0.48125348270350315, ""fcf_yield"": 0.048321474978581094, ""yield_threshold"": 0.0495, ""gs10"": 0.0495, ""residual_pct"": null, ""brake_values"": {""gm"": 1.0244682873794277, ""fcf_margin"": 1.4685607030791135, ""roic"": 1.714042535507176}}",False,"{""floor"": false, ""mom_sector_pct"": 18.64406779661017, ""eps_rev_proxy"": null}"
WMT,104169,Walmart,Consumer Staples,Consumer Staples Merchandise Retail,Consumer Staples Distribution and Retail,44.035592060232716,2574840380.2846127,0.12052282196050279,-0.19461979403813934,0.044083115301278175,10.0,0.2399505174184396,0.014630526268597002,0.02054147379976837,0.01977946164345804,0.1222654914322255,9,9,False,0.049341097880894136,,0.24473757182902156,0.018544448196621394,1.0199501733194183,0.9027808022631028,1.0970919331898368,sbc_unreported;gm_derived,107.1500015258789,7933746241.0,850100921829.086,918594921829.086,166732000000.0,68494000000.0,728466000000.0,32280000000.0,13509000000.0,13509000000.0,47373000000.0,22076000000.0,24773765861.64552,0.23253513439759857,0.1485843501046321,28.45709175430874,67.99873579310727,0.01470615575916877,38.507923619726675,0.6119315093314006,1.313533025140903,28260000000.0,4300000000.0,0.1952834488880359,7.0,0.13543473031710063,0.14185582959684043,88.46153846153845,1.1561180221129397,1.6629369366468183,260.0,['fcf_cagr5 gate'],False,1.0,sector,Consumer Staples,50.0,6.896551724137931,15.384615384615385,55.769230769230774,56.896551724137936,4.166666666666666,62.96296296296296,14.81481481481481,68.96551724137932,1.0,41.46965449260149,"{'profitability': 39.2, 'growth': 41.1, 'balance': 56.2, 'stability': 92.4}",13.189624505528405,False,0.9396821779478328,26.570642364241564,,27.32963949906495,,False,"{""floor"": false, ""depressed_arms"": {""self_pct"": false, ""self_z"": false, ""median_ratio"": false}, ""yield_arm"": false, ""residual_arm"": false, ""brakes"": {""gm"": true, ""fcf_margin"": false, ""roic"": true}, ""self_pct"": 88.46153846153845, ""self_z"": 1.1561180221129397, ""median_ratio"": 1.6629369366468183, ""fcf_yield"": 0.01470615575916877, ""yield_threshold"": 0.0495, ""gs10"": 0.0495, ""residual_pct"": null, ""brake_values"": {""gm"": 1.0199501733194183, ""fcf_margin"": 0.9027808022631028, ""roic"": 1.0970919331898368}}",False,"{""floor"": false, ""mom_sector_pct"": 68.96551724137932, ""eps_rev_proxy"": null}"
GEV,1996810,GE Vernova,Industrials,Heavy Electrical Equipment,Capital Goods,2.4476386036960984,2533039973.8317385,0.7035638612211026,-0.1665788817002991,0.5337602734106339,3.0,0.15841942273393206,0.1929980071217351,0.034568188873811315,0.030979716393012665,1.235447050882942,3,3,False,,,0.2020692822781444,0.3006744506490681,1.2755335096601317,8.698009946273395,,sbc_unreported,957.27001953125,266333581.0,254953152285.69775,244176152285.69775,1180000000.0,-10777000000.0,41367000000.0,1800000000.0,12438000000.0,12438000000.0,3002000000.0,9529000000.0,1123378702.96237,0.3759007205764612,0.9520158499681101,135.65341793649876,19.631464245513566,0.050938635421885696,26.75549924291088,1.305278623150383,-3.975682878081279,9689000000.0,727000000.0,8.827118644067797,1.0,,,,,,,"['rev_cagr5 gate', 'fcf_cagr5 gate']",False,0.8,ig,Capital Goods,,7.142857142857142,12.121212121212121,5.952380952380952,2.3255813953488373,67.5,97.36842105263158,2.3809523809523796,92.3076923076923,0.7,41.75794392212882,"{'profitability': 56.2, 'growth': None, 'balance': 100.0, 'stability': 55.7}",,False,,,,,,False,"{""floor"": false, ""depressed_arms"": {""self_pct"": false, ""self_z"": false, ""median_ratio"": false}, ""yield_arm"": true, ""residual_arm"": false, ""brakes"": {""gm"": true, ""fcf_margin"": true, ""roic"": false}, ""self_pct"": null, ""self_z"": null, ""median_ratio"": null, ""fcf_yield"": 0.050938635421885696, ""yield_threshold"": 0.0495, ""gs10"": 0.0495, ""residual_pct"": null, ""brake_values"": {""gm"": 1.2755335096601317, ""fcf_margin"": 8.698009946273395, ""roic"": null}}",False,"{""floor"": false, ""mom_sector_pct"": 92.3076923076923, ""eps_rev_proxy"": null}"
QCOM,804328,Qualcomm,Information Technology,Semiconductors,Semiconductors and Semiconductor Equipment,27.145790554414784,2467096306.6227727,0.04014357416943182,-0.26844022803177214,0.14786818866348894,10.0,0.5653804415454701,0.017113839777244726,0.1935039362198669,0.20809747959244473,0.20819332165269014,6,9,False,0.13480513327048627,0.23808081787161428,0.5422632689645783,0.16279016996074339,0.9591121820243713,0.8412757545964062,0.5129665315292227,gm_derived,181.97000122070312,1050000000.0,191068501281.73828,200398501281.73828,36988000000.0,9330000000.0,44069000000.0,10220000000.0,10416000000.0,7174000000.0,11793000000.0,9260000000.0,8440706386.014984,0.17409917945058864,0.22820121082553757,19.6084639218922,27.933997948388384,0.035798670918771716,20.633747438632643,1.1248380129589632,0.7911472907657084,14274000000.0,74000000.0,0.3879095923002055,10.0,0.44486569161781153,0.43661223362610413,84.23076923076923,1.1766844219307273,1.245093102506182,260.0,[],True,1.0,ig,Semiconductors and Semiconductor Equipment,85.71428571428571,56.25,62.5,93.33333333333333,65.625,66.66666666666666,28.57142857142857,81.25,38.983050847457626,1.0,60.61001387815417,"{'profitability': 82.6, 'growth': 100.0, 'balance': 73.6, 'stability': 71.2}",40.864601275631514,True,-0.6658225478929718,54.3620912720696,16.666666666666664,50.737307576892846,5.0,False,"{""floor"": true, ""depressed_arms"": {""self_pct"": false, ""self_z"": false, ""median_ratio"": false}, ""yield_arm"": false, ""residual_arm"": true, ""brakes"": {""gm"": false, ""fcf_margin"": false, ""roic"": false}, ""self_pct"": 84.23076923076923, ""self_z"": 1.1766844219307273, ""median_ratio"": 1.245093102506182, ""fcf_yield"": 0.035798670918771716, ""yield_threshold"": 0.0495, ""gs10"": 0.0495, ""residual_pct"": 16.666666666666664, ""brake_values"": {""gm"": 0.9591121820243713, ""fcf_margin"": 0.8412757545964062, ""roic"": 0.5129665315292227}}",False,"{""floor"": true, ""mom_sector_pct"": 38.983050847457626, ""eps_rev_proxy"": 5.0}"
NOW,1373715,ServiceNow,Information Technology,Systems Software,Software and Services,6.811772758384668,2335291149.8196573,-0.3325870057362539,-0.31056545947625747,-0.2866754571366037,10.0,0.7812806860861385,0.009663407531349569,0.1383626386143415,0.12261732248355812,0.33567166111186414,9,9,False,0.24056083043090437,0.2733374147765524,0.7476920988324736,0.1625712734184089,0.9570082969516006,1.1749651137511492,0.9694415986861162,,132.52999877929688,1034000000.0,137036018737.79297,139035018737.79297,14515000000.0,1999000000.0,14732000000.0,1680000000.0,4580000000.0,2395000000.0,2751000000.0,1670000000.0,1195907928.3887467,0.28815004262574595,0.08239117660273833,82.75893972487677,58.052199890518985,0.017225876054411483,82.05749625017543,2.7425149700598803,0.7266448564158487,9837000000.0,3781000000.0,0.9382018601446779,2.0,0.08498828265096428,0.08026680453609913,99.23076923076923,3.0180309836949193,2.0856185539012517,260.0,[],True,1.0,ig,Software and Services,35.0,30.434782608695656,52.63157894736842,33.33333333333333,65.21739130434783,86.36363636363636,33.33333333333334,18.181818181818173,6.779661016949152,1.0,58.043564316381165,"{'profitability': 44.6, 'growth': 100.0, 'balance': 75.8, 'stability': 82.3}",11.122308270868896,False,0.5674982632864243,32.91223063843865,,34.58293629362503,,False,"{""floor"": false, ""depressed_arms"": {""self_pct"": false, ""self_z"": false, ""median_ratio"": false}, ""yield_arm"": false, ""residual_arm"": false, ""brakes"": {""gm"": false, ""fcf_margin"": true, ""roic"": true}, ""self_pct"": 99.23076923076923, ""self_z"": 3.0180309836949193, ""median_ratio"": 2.0856185539012517, ""fcf_yield"": 0.017225876054411483, ""yield_threshold"": 0.0495, ""gs10"": 0.0495, ""residual_pct"": null, ""brake_values"": {""gm"": 0.9570082969516006, ""fcf_margin"": 1.1749651137511492, ""roic"": 0.9694415986861162}}",False,"{""floor"": false, ""mom_sector_pct"": 6.779661016949152, ""eps_rev_proxy"": null}"
CSCO,858877,Cisco,Information Technology,Communications Equipment,Technology Hardware and Equipment,32.78302532511978,2335222254.0005903,0.7133997922821329,-0.07658735920600512,0.7203036665258549,10.0,0.6389395685235996,0.016210277008174703,0.18949024147046223,0.17027923888869276,0.2143838302515839,7,9,False,0.04915047605967504,-0.028620952708283687,0.645242795104619,0.14112909593367548,1.0098651373174217,0.7447829230597857,0.7521379298805595,,112.12999725341797,3942586873.0,442082255240.85175,450701255240.85175,58904000000.0,8619000000.0,63325000000.0,15368000000.0,12767000000.0,8937000000.0,16068000000.0,13267000000.0,12735789618.339684,0.17127865575613718,0.21621264461394274,29.327255026083535,50.4309337854819,0.019829099422463616,33.32194582353597,0.9623125047109369,0.5364077669902912,59477000000.0,7557000000.0,1.1380211870161618,10.0,0.28746408873207285,0.21621264461394274,93.46153846153847,2.7007699137459684,3.1333023721590836,260.0,[],True,1.0,ig,Technology Hardware and Equipment,65.0,88.88888888888889,89.47368421052632,85.0,62.5,30.0,57.89473684210527,40.0,72.88135593220339,1.0,47.51380482341408,"{'profitability': 78.2, 'growth': 20.5, 'balance': 82.1, 'stability': 76.5}",20.61539649340575,False,0.33955930354009967,35.91106440997678,,34.064600658409915,,False,"{""floor"": false, ""depressed_arms"": {""self_pct"": false, ""self_z"": false, ""median_ratio"": false}, ""yield_arm"": false, ""residual_arm"": false, ""brakes"": {""gm"": true, ""fcf_margin"": false, ""roic"": false}, ""self_pct"": 93.46153846153847, ""self_z"": 2.7007699137459684, ""median_ratio"": 3.1333023721590836, ""fcf_yield"": 0.019829099422463616, ""yield_threshold"": 0.0495, ""gs10"": 0.0495, ""residual_pct"": null, ""brake_values"": {""gm"": 1.0098651373174217, ""fcf_margin"": 0.7447829230597857, ""roic"": 0.7521379298805595}}",False,"{""floor"": false, ""mom_sector_pct"": 72.88135593220339, ""eps_rev_proxy"": null}"
APP,1751008,AppLovin,Communication Services,Advertising,Media and Entertainment,0.974674880219028,2251871402.5032697,-0.4580068686573776,-0.5509100826927928,-0.44336771227649807,6.0,0.7447791581884224,0.166146677211224,0.26788585997665004,0.22913579295030198,0.712417358367512,5,6,False,0.304454229088547,,0.8846386447222221,,1.1877865203344162,,3.3624458943326534,gm_derived,323.9599914550781,335291000.0,108620869494.9646,109437042494.9646,3979189000.0,816173000.0,6829124000.0,5288460000.0,,,5422526000.0,4410201000.0,4475303690.81872,0.15376051046642694,1.124677337723521,20.693555873536834,,,24.62946008469106,,0.15051527645971638,1518587000.0,355661000.0,0.4710125605996599,3.0,0.33448191378161535,0.16355620741106636,6.808510638297872,-0.6873963904064523,0.5609712845685129,235.0,"['tenure<1y', 'fcf_cagr5 gate']",False,0.8,ig,Media and Entertainment,88.88888888888889,90.0,60.0,44.44444444444444,20.0,,50.0,40.0,16.666666666666664,1.0,46.63911901604545,"{'profitability': 86.7, 'growth': 100.0, 'balance': 95.0, 'stability': 50.1}",,False,,,,,,False,"{""floor"": false, ""depressed_arms"": {""self_pct"": true, ""self_z"": false, ""median_ratio"": true}, ""yield_arm"": false, ""residual_arm"": false, ""brakes"": {""gm"": true, ""fcf_margin"": false, ""roic"": true}, ""self_pct"": 6.808510638297872, ""self_z"": -0.6873963904064523, ""median_ratio"": 0.5609712845685129, ""fcf_yield"": null, ""yield_threshold"": 0.0495, ""gs10"": 0.0495, ""residual_pct"": null, ""brake_values"": {""gm"": 1.1877865203344162, ""fcf_margin"": null, ""roic"": 3.3624458943326534}}",False,"{""floor"": false, ""mom_sector_pct"": 16.666666666666664, ""eps_rev_proxy"": null}"
XOM,2115436,ExxonMobil,Energy,Integrated Oil & Gas,Energy,69.52772073921972,2228711787.6295476,0.4593463228464052,-0.0163240359798843,0.5228320424476556,3.0,0.23251710807378637,0.05846358847278623,0.08779358603261206,0.0905416997055243,0.14170935339634647,1,2,False,,,0.20630920068686645,0.08462028471722151,0.8872861115294658,0.9638549755307662,0.8868159289713418,sbc_unreported;facts_yf,165.99000549316406,4111911960.0,682536288827.807,721047288827.807,297891000000.0,38511000000.0,361060000000.0,38723000000.0,30553000000.0,30553000000.0,68373000000.0,32757000000.0,28798491643.515457,0.25629492437271245,0.09667459454470077,18.62064635559763,23.5998850792985,0.042373087692583154,20.836349141490583,0.9327166712458406,0.4648033580506925,,,0.0,1.0,0.10901314623073814,0.0996984949041983,,,,,"['rev_cagr5 gate', 'fcf_cagr5 gate']",False,0.9,ig,Energy,50.0,50.0,60.0,31.818181818181817,13.636363636363635,60.0,54.54545454545455,18.181818181818173,54.54545454545454,0.7,37.05385601967061,"{'profitability': 41.1, 'growth': None, 'balance': 84.5, 'stability': 62.1}",,False,0.07849778397811091,21.818190719494027,,,,False,"{""floor"": false, ""depressed_arms"": {""self_pct"": false, ""self_z"": false, ""median_ratio"": false}, ""yield_arm"": false, ""residual_arm"": false, ""brakes"": {""gm"": false, ""fcf_margin"": true, ""roic"": false}, ""self_pct"": null, ""self_z"": null, ""median_ratio"": null, ""fcf_yield"": 0.042373087692583154, ""yield_threshold"": 0.0495, ""gs10"": 0.0495, ""residual_pct"": null, ""brake_values"": {""gm"": 0.8872861115294658, ""fcf_margin"": 0.9638549755307662, ""roic"": 0.8868159289713418}}",False,"{""floor"": false, ""mom_sector_pct"": 54.54545454545454, ""eps_rev_proxy"": null}"
PANW,1327567,Palo Alto Networks,Information Technology,Systems Software,Software and Services,3.2334017796030117,2135940090.0612125,0.9576646908002069,-0.13953729578210639,0.6844974537978326,10.0,0.7183577778958825,0.028313735439498337,0.21191159452547717,0.22584763590465276,0.25902955783433673,9,9,False,0.21951181689477006,0.2428435124901247,0.7035714285714286,0.20374564459930314,0.9794164554495893,0.9614652990344411,0.17956216266539698,,330.6499938964844,818000000.0,270471695007.32422,270185195007.32422,27205500000.0,-286500000.0,11480000000.0,695000000.0,4113000000.0,2339000000.0,1550000000.0,307000000.0,516722039.18324864,0.25651505153489407,0.018993293237883832,388.75567626953125,115.51312313267388,0.008657025045123565,881.0152931834665,13.397394136807817,-0.18483870967741936,22010000000.0,7017000000.0,1.0669533733987613,3.0,0.10577558743974733,0.11304825377531981,96.92307692307692,3.4083455525425985,5.025037268723075,260.0,[],True,1.0,ig,Software and Services,40.0,65.21739130434783,31.57894736842105,42.857142857142854,65.21739130434783,95.45454545454545,57.142857142857146,4.545454545454547,76.27118644067797,1.0,65.8569519133851,"{'profitability': 45.5, 'growth': 100.0, 'balance': 100.0, 'stability': 84.2}",5.544077210506765,False,1.2506160588538813,33.07468164966184,,35.70051456194594,,False,"{""floor"": false, ""depressed_arms"": {""self_pct"": false, ""self_z"": false, ""median_ratio"": false}, ""yield_arm"": false, ""residual_arm"": false, ""brakes"": {""gm"": true, ""fcf_margin"": true, ""roic"": false}, ""self_pct"": 96.92307692307692, ""self_z"": 3.4083455525425985, ""median_ratio"": 5.025037268723075, ""fcf_yield"": 0.008657025045123565, ""yield_threshold"": 0.0495, ""gs10"": 0.0495, ""residual_pct"": null, ""brake_values"": {""gm"": 0.9794164554495893, ""fcf_margin"": 0.9614652990344411, ""roic"": 0.17956216266539698}}",False,"{""floor"": false, ""mom_sector_pct"": 76.27118644067797, ""eps_rev_proxy"": null}"
UNH,731766,UnitedHealth Group,Health Care,Managed Health Care,Health Care Equipment and Services,32.20260095824778,2120378658.96642,0.17014863786403223,-0.11404804187973838,0.10420339708640847,10.0,0.8907926977881928,0.00559426179482579,0.056981498442376356,0.06625818708257315,0.15416652476341944,9,9,False,0.11721651214881779,,0.8857127623414621,0.050194499798946524,0.994297286608496,0.8808911869825025,0.720563516050539,gm_derived,379.0899963378906,897594847.0,340269227262.1395,388863227262.1395,153107000000.0,48594000000.0,450129000000.0,21676000000.0,23617000000.0,22594000000.0,,14122000000.0,18533974311.926605,0.14495412844036698,0.12105242942469388,17.939805649665047,17.210906756755755,0.05810269116747568,24.09497431398807,1.6723551904829344,,110645000000.0,2795000000.0,0.7409197489337522,7.0,0.16799688955692765,0.18845202378848547,26.153846153846157,-0.16692497804590664,0.8319973611491898,260.0,['fcf_cagr5 gate'],False,0.9,ig,Health Care Equipment and Services,60.71428571428571,30.0,95.65217391304348,77.58620689655173,59.67741935483871,79.3103448275862,,63.333333333333336,40.476190476190474,0.7,59.527585908042745,"{'profitability': 40.3, 'growth': 97.7, 'balance': None, 'stability': 91.7}",62.347474016909366,False,-0.3901371232710944,25.423664662087923,,60.937529962476056,,False,"{""floor"": false, ""depressed_arms"": {""self_pct"": false, ""self_z"": false, ""median_ratio"": false}, ""yield_arm"": true, ""residual_arm"": false, ""brakes"": {""gm"": true, ""fcf_margin"": false, ""roic"": false}, ""self_pct"": 26.153846153846157, ""self_z"": -0.16692497804590664, ""median_ratio"": 0.8319973611491898, ""fcf_yield"": 0.05810269116747568, ""yield_threshold"": 0.0495, ""gs10"": 0.0495, ""residual_pct"": null, ""brake_values"": {""gm"": 0.994297286608496, ""fcf_margin"": 0.8808911869825025, ""roic"": 0.720563516050539}}",False,"{""floor"": false, ""mom_sector_pct"": 40.476190476190474, ""eps_rev_proxy"": null}"
TXN,97476,Texas Instruments,Information Technology,Semiconductors,Semiconductors and Semiconductor Equipment,25.505817932922657,2108387694.0362992,0.5707572961022016,-0.16348945578696628,0.5096306062946696,10.0,0.6285770394545432,0.07540584222462968,0.17255260217388493,0.12351543942992874,0.6084619884103073,6,9,False,0.041038070937830184,-0.13864859842051325,0.5832519405747185,0.2542024366421632,0.9278925318061948,1.4731880796906092,0.6195148921453446,,268.70001220703125,913247686.0,245389664376.24304,253171664376.24304,25789000000.0,7782000000.0,19453000000.0,7254000000.0,5355000000.0,4945000000.0,9418000000.0,6052000000.0,6355125651.418645,0.1239143022582513,0.24642776576907383,34.90097385942143,51.19750543503398,0.019532201647381616,40.5468711791545,0.8848314606741573,0.8262900828201316,4330000000.0,314000000.0,0.18007677692039242,10.0,0.39777537052532924,0.3199069778528573,43.84615384615385,-0.4749636883200418,0.5985081616257378,260.0,['fcf_cagr5 gate'],False,1.0,ig,Semiconductors and Semiconductor Equipment,71.42857142857143,50.0,87.5,93.33333333333333,65.625,53.333333333333336,14.285714285714292,68.75,61.016949152542374,1.0,28.823916600937615,"{'profitability': 74.7, 'growth': 17.1, 'balance': 72.5, 'stability': 50.8}",47.65132716088115,False,-0.05745853117728217,54.22539494113862,,38.23762188090939,,False,"{""floor"": false, ""depressed_arms"": {""self_pct"": false, ""self_z"": false, ""median_ratio"": true}, ""yield_arm"": false, ""residual_arm"": false, ""brakes"": {""gm"": false, ""fcf_margin"": true, ""roic"": false}, ""self_pct"": 43.84615384615385, ""self_z"": -0.4749636883200418, ""median_ratio"": 0.5985081616257378, ""fcf_yield"": 0.019532201647381616, ""yield_threshold"": 0.0495, ""gs10"": 0.0495, ""residual_pct"": null, ""brake_values"": {""gm"": 0.9278925318061948, ""fcf_margin"": 1.4731880796906092, ""roic"": 0.6195148921453446}}",False,"{""floor"": false, ""mom_sector_pct"": 61.016949152542374, ""eps_rev_proxy"": null}"
COST,909832,Costco,Consumer Staples,Consumer Staples Merchandise Retail,Consumer Staples Distribution and Retail,32.95003422313484,1978409351.6454139,-0.0012320115468100745,-0.1360803454057984,-0.059769685386721894,10.0,,,0.021816050527772142,0.024013800917679365,0.24614911652656876,9,9,False,0.10540604135545939,,0.12875910718117622,0.026891517676191384,,1.2326483036862286,1.155863064441664,,904.77001953125,443478804.0,401246326156.7754,391109326156.7754,23372000000.0,-10137000000.0,293587000000.0,11225000000.0,8806000000.0,7895000000.0,13790000000.0,8838000000.0,8405258662.1750765,0.251201900919815,0.3596294139215761,34.84270166207353,49.53886335107985,0.020186171671179493,45.40012742212892,0.9963792713283548,-0.735097897026831,994000000.0,,0.04252952250556221,10.0,0.31113496484576564,0.30592835813443564,35.76923076923077,-0.3184682881681026,0.9025064726650736,260.0,['fcf_cagr5 gate'],False,0.9,sector,Consumer Staples,88.46153846153845,17.24137931034483,,88.46153846153845,56.896551724137936,33.33333333333333,85.18518518518519,3.7037037037037095,20.689655172413794,1.0,65.42812448840766,"{'profitability': 54.8, 'growth': 87.8, 'balance': 100.0, 'stability': 83.6}",31.0002959457983,True,0.6042341768390993,27.072631312087736,75.64102564102564,48.21421021710298,0.0,False,"{""floor"": true, ""depressed_arms"": {""self_pct"": false, ""self_z"": false, ""median_ratio"": false}, ""yield_arm"": false, ""residual_arm"": false, ""brakes"": {""gm"": false, ""fcf_margin"": true, ""roic"": true}, ""self_pct"": 35.76923076923077, ""self_z"": -0.3184682881681026, ""median_ratio"": 0.9025064726650736, ""fcf_yield"": 0.020186171671179493, ""yield_threshold"": 0.0495, ""gs10"": 0.0495, ""residual_pct"": 75.64102564102564, ""brake_values"": {""gm"": null, ""fcf_margin"": 1.2326483036862286, ""roic"": 1.155863064441664}}",False,"{""floor"": true, ""mom_sector_pct"": 20.689655172413794, ""eps_rev_proxy"": 0.0}"
CRWD,1535527,CrowdStrike,Information Technology,Systems Software,Software and Services,2.220396988364134,1852606379.1536415,0.9899105151284542,-0.053388226781942216,0.8962623489997463,7.0,0.7431215415468153,0.0105377119731134,0.0816809227012403,0.08008259728114309,0.328189295920868,8,8,False,0.40643417090854195,0.33955983909505494,0.7524562442262023,0.07008317975147073,1.0125614750178775,0.8580116070408511,0.09260128981934233,share_jump_gt20pct,206.74000549316406,1023934842.0,211688294859.72208,207532427859.72208,945857000.0,-4155867000.0,5396145000.0,-119489000.0,1608718000.0,378179000.0,-53417000.0,59797000.0,-83042203.357591,0.3050221915189598,-0.08779572742770948,,548.7677207346841,0.0018222646161862642,3540.1156389070034,26.902988444236332,78.5081153939757,2251426000.0,273235000.0,2.6691783218816374,1.0,-0.9481048006889741,0.038592068489530194,,,,,[],True,0.8,ig,Software and Services,5.0,17.391304347826086,36.84210526315789,28.57142857142857,10.869565217391305,100.0,0.0,,77.96610169491525,1.0,29.388580296379534,"{'profitability': 14.0, 'growth': 100.0, 'balance': 0.0, 'stability': 82.5}",,False,,,,,,False,"{""floor"": false, ""depressed_arms"": {""self_pct"": false, ""self_z"": false, ""median_ratio"": false}, ""yield_arm"": false, ""residual_arm"": false, ""brakes"": {""gm"": true, ""fcf_margin"": false, ""roic"": false}, ""self_pct"": null, ""self_z"": null, ""median_ratio"": null, ""fcf_yield"": 0.0018222646161862642, ""yield_threshold"": 0.0495, ""gs10"": 0.0495, ""residual_pct"": null, ""brake_values"": {""gm"": 1.0125614750178775, ""fcf_margin"": 0.8580116070408511, ""roic"": 0.09260128981934233}}",False,"{""floor"": false, ""mom_sector_pct"": 77.96610169491525, ""eps_rev_proxy"": null}"
VRT,1674101,Vertiv,Industrials,Electrical Components & Equipment,Capital Goods,0.47638603696098564,1594097266.0357413,1.1815756861981854,-0.306859679303751,0.908507512786402,6.0,0.33355499729356763,0.09946548629009941,0.08063688618481042,0.1089287795780394,1.0194836544018606,7,8,False,0.18540311841994384,,0.38038781839088465,0.25067075507857417,1.1404050950437377,3.1086363442167864,2.392714235737635,gm_derived,257.05999755859375,384988173.0,98965058811.46747,99437858811.46747,5230400000.0,472800000.0,11479600000.0,2174600000.0,2929800000.0,2877600000.0,2561800000.0,1732000000.0,1781902445.9478638,0.18058381037990254,0.3406818686807632,45.72696533223005,34.555830835233344,0.02893867621843992,57.13917945234842,1.6915704387990762,0.184557732844094,2283300000.0,1894800000.0,0.7988107984092995,3.0,0.14238301573682766,0.17186136474685,15.294117647058824,-1.1120536919901747,0.7601870681212358,170.0,"['tenure<1y', 'fcf_cagr5 gate']",False,1.0,ig,Capital Goods,55.26315789473685,38.095238095238095,45.45454545454545,27.380952380952383,11.627906976744185,90.0,84.21052631578948,9.523809523809518,98.46153846153847,1.0,49.42715961444846,"{'profitability': 64.8, 'growth': 100.0, 'balance': 93.8, 'stability': 58.8}",40.03874572267483,False,0.23594943553709413,27.292907381671224,,44.73295266856165,,False,"{""floor"": false, ""depressed_arms"": {""self_pct"": true, ""self_z"": true, ""median_ratio"": true}, ""yield_arm"": false, ""residual_arm"": false, ""brakes"": {""gm"": true, ""fcf_margin"": true, ""roic"": true}, ""self_pct"": 15.294117647058824, ""self_z"": -1.1120536919901747, ""median_ratio"": 0.7601870681212358, ""fcf_yield"": 0.02893867621843992, ""yield_threshold"": 0.0495, ""gs10"": 0.0495, ""residual_pct"": null, ""brake_values"": {""gm"": 1.1404050950437377, ""fcf_margin"": 3.1086363442167864, ""roic"": 2.392714235737635}}",False,"{""floor"": false, ""mom_sector_pct"": 98.46153846153847, ""eps_rev_proxy"": null}"
ADI,6281,Analog Devices,Information Technology,Semiconductors,Semiconductors and Semiconductor Equipment,26.921286789869953,1563920064.9796987,0.6029628559932729,-0.12550279564595357,0.5640364178029431,10.0,0.6141865157382538,0.03807054903158704,0.3015783770617116,0.2934815611196392,0.18601321592356143,6,9,False,0.14485112925375,0.18349369163147533,0.6579962143085192,0.3304622243429932,1.071329632689194,1.0957755909515063,1.8651712301810486,,378.7799987792969,484565465.0,183543706241.18942,189144848241.18942,39152039000.0,5601142000.0,13881744000.0,4934886000.0,4937495000.0,4587392000.0,6905885000.0,4135004000.0,4338176901.522546,0.12091649097414901,0.11080334542787276,38.3281089454122,41.23145531081482,0.024253327767882707,44.387794120922116,1.1940726054920383,0.8110679514645842,27988737000.0,12200000.0,0.7151846421076563,2.0,0.059406527205074514,0.06268121327146056,80.0,0.8690265101698404,1.1808099272977777,260.0,[],True,1.0,ig,Semiconductors and Semiconductor Equipment,7.142857142857142,93.75,75.0,13.333333333333334,65.625,73.33333333333333,21.42857142857143,62.5,62.71186440677966,1.0,54.88654623975974,"{'profitability': 65.7, 'growth': 100.0, 'balance': 73.0, 'stability': 70.2}",33.69266499703148,False,-0.2311592962564637,51.9541053646202,,44.28960561839561,,False,"{""floor"": false, ""depressed_arms"": {""self_pct"": false, ""self_z"": false, ""median_ratio"": false}, ""yield_arm"": false, ""residual_arm"": false, ""brakes"": {""gm"": true, ""fcf_margin"": true, ""roic"": true}, ""self_pct"": 80.0, ""self_z"": 0.8690265101698404, ""median_ratio"": 1.1808099272977777, ""fcf_yield"": 0.024253327767882707, ""yield_threshold"": 0.0495, ""gs10"": 0.0495, ""residual_pct"": null, ""brake_values"": {""gm"": 1.071329632689194, ""fcf_margin"": 1.0957755909515063, ""roic"": 1.8651712301810486}}",False,"{""floor"": false, ""mom_sector_pct"": 62.71186440677966, ""eps_rev_proxy"": null}"
ABBV,1551152,AbbVie,Health Care,Biotechnology,Pharmaceuticals Biotechnology and Life Sciences,13.700205338809035,1553817925.4793315,0.17797467117663945,-0.029589359113561975,0.2141458893189041,10.0,0.6832078081522587,0.04369912314226034,0.3507154787673492,0.3789882022172002,0.12284161298632312,8,9,False,0.05952891709050534,0.011933332554763254,0.714767185412978,0.26766688410524025,1.0461929399578613,0.7632023686151586,1.323093335819506,gm_derived,257.1199951171875,1767117285.0,454361187690.69763,513238187690.69763,52942000000.0,58877000000.0,64386000000.0,16870000000.0,18210000000.0,17234000000.0,24739000000.0,6310000000.0,12248640073.571674,0.27393953327968734,0.23135960246253776,30.423129086585515,29.780560966153978,0.033578951086130106,72.00652736778092,2.885895404120444,2.378026597679777,35519000000.0,49139000000.0,1.599070681122738,7.0,0.17486264664709897,0.1721750032024096,99.61538461538461,2.5767978303380294,1.9936741755273917,260.0,[],True,1.0,ig,Pharmaceuticals Biotechnology and Life Sciences,81.81818181818183,100.0,62.5,86.36363636363636,63.63636363636363,100.0,45.45454545454546,33.33333333333334,45.23809523809524,1.0,43.9554378912908,"{'profitability': 93.0, 'growth': 29.8, 'balance': 20.7, 'stability': 83.9}",20.2403519925057,False,-0.11016083636621277,33.24873430806675,,32.09789494189825,,False,"{""floor"": false, ""depressed_arms"": {""self_pct"": false, ""self_z"": false, ""median_ratio"": false}, ""yield_arm"": false, ""residual_arm"": false, ""brakes"": {""gm"": true, ""fcf_margin"": false, ""roic"": true}, ""self_pct"": 99.61538461538461, ""self_z"": 2.5767978303380294, ""median_ratio"": 1.9936741755273917, ""fcf_yield"": 0.033578951086130106, ""yield_threshold"": 0.0495, ""gs10"": 0.0495, ""residual_pct"": null, ""brake_values"": {""gm"": 1.0461929399578613, ""fcf_margin"": 0.7632023686151586, ""roic"": 1.323093335819506}}",False,"{""floor"": false, ""mom_sector_pct"": 45.23809523809524, ""eps_rev_proxy"": null}"
KO,21344,Coca-Cola Company (The),Consumer Staples,Soft Drinks & Non-alcoholic Beverages,Food Beverage and Tobacco,69.52772073921972,1417649656.4157176,0.3459784527773484,-0.030845198744893443,0.3548790339575987,10.0,0.6012535520477675,0.020293105333908545,0.18054797425150276,0.20747912750797745,0.32079410373034606,6,9,False,0.07746156826284567,-0.09381715561220638,0.6174417660904148,0.24937099261423587,1.0269241054585256,1.3811896458437294,1.1793067151687637,,88.29000091552734,4302482418.0,379866176624.2603,409636176624.2603,63403000000.0,29770000000.0,49284000000.0,14462000000.0,12562000000.0,12290000000.0,15509000000.0,13701000000.0,12029532141.13098,0.16819719671338812,0.1897312767713039,28.325001840980523,33.33085245111963,0.030002232960183665,27.72543439342094,0.9168673819429238,1.7840608678831646,15411000000.0,355000000.0,0.24866331246155546,10.0,0.16088374154992627,0.16375180460192806,70.63829787234043,0.19903213834082578,1.1432983281011007,235.0,['fcf_cagr5 gate'],False,1.0,ig,Food Beverage and Tobacco,69.23076923076923,81.25,93.75,84.61538461538461,56.25,23.076923076923077,60.0,7.142857142857139,93.10344827586206,1.0,35.775025990113384,"{'profitability': 82.4, 'growth': 32.3, 'balance': 40.5, 'stability': 65.3}",22.476860364245574,False,0.5496344813074381,19.237259294429215,,29.12594317717948,,False,"{""floor"": false, ""depressed_arms"": {""self_pct"": false, ""self_z"": false, ""median_ratio"": false}, ""yield_arm"": false, ""residual_arm"": false, ""brakes"": {""gm"": true, ""fcf_margin"": true, ""roic"": true}, ""self_pct"": 70.63829787234043, ""self_z"": 0.19903213834082578, ""median_ratio"": 1.1432983281011007, ""fcf_yield"": 0.030002232960183665, ""yield_threshold"": 0.0495, ""gs10"": 0.0495, ""residual_pct"": null, ""brake_values"": {""gm"": 1.0269241054585256, ""fcf_margin"": 1.3811896458437294, ""roic"": 1.1793067151687637}}",False,"{""floor"": false, ""mom_sector_pct"": 93.10344827586206, ""eps_rev_proxy"": null}"
TER,97210,Teradyne,Information Technology,Semiconductor Materials & Equipment,Semiconductors and Semiconductor Equipment,5.976728268309377,1413165167.395327,2.7369930559528384,-0.13256793504687903,2.3896607523762046,10.0,0.5857841672566705,0.01292909404255615,0.15401353414029612,0.1374686227019562,0.38614895420570244,6,9,False,0.004354396137920213,-0.08015437579846507,0.5924161368951066,0.16263327920437828,1.0113215242219584,1.055967451900884,0.9825840134449219,,379.7200012207031,156340750.0,59365709780.84564,59021732780.84564,3093185000.0,-343977000.0,4464031000.0,1349317000.0,799932000.0,726000000.0,1481912000.0,1150220000.0,1167561123.5007112,0.13470213189286787,0.37746242901756966,43.741932237454684,81.29715259069647,0.012300553809487769,51.61248263883922,0.6954599989567213,-0.2565118576541657,663817000.0,101910000.0,0.2475529268375477,9.0,0.38415282953179053,0.24870590404398574,87.6923076923077,1.3077983206079808,2.005837111635679,260.0,['fcf_cagr5 gate'],False,1.0,ig,Semiconductors and Semiconductor Equipment,64.28571428571429,37.5,68.75,80.0,65.625,33.33333333333333,71.42857142857143,37.5,94.91525423728814,1.0,38.60699606713908,"{'profitability': 77.5, 'growth': 1.8, 'balance': 100.0, 'stability': 62.7}",19.44016614284633,False,0.4057458052724128,54.182890608627325,,29.023581104992704,,False,"{""floor"": false, ""depressed_arms"": {""self_pct"": false, ""self_z"": false, ""median_ratio"": false}, ""yield_arm"": false, ""residual_arm"": false, ""brakes"": {""gm"": true, ""fcf_margin"": true, ""roic"": true}, ""self_pct"": 87.6923076923077, ""self_z"": 1.3077983206079808, ""median_ratio"": 2.005837111635679, ""fcf_yield"": 0.012300553809487769, ""yield_threshold"": 0.0495, ""gs10"": 0.0495, ""residual_pct"": null, ""brake_values"": {""gm"": 1.0113215242219584, ""fcf_margin"": 1.055967451900884, ""roic"": 0.9825840134449219}}",False,"{""floor"": false, ""mom_sector_pct"": 94.91525423728814, ""eps_rev_proxy"": null}"
ADBE,796343,Adobe Inc.,Information Technology,Application Software,Software and Services,29.357973990417523,1371354490.8499238,-0.24427524592437977,-0.31065865008214055,-0.27802265198254206,10.0,0.8841245778690814,0.0070930560183759955,0.3178719147729066,0.33278640245698177,0.14014141101557284,9,9,False,0.13057654594156753,0.13166711980319734,0.8940392094610683,0.32744662274783715,1.0112140662528386,1.03012127693562,1.2550153438062182,,252.22999572753906,397500000.0,100261423301.69678,98798423301.69678,10055000000.0,-1463000000.0,25198000000.0,9090000000.0,10280000000.0,8251000000.0,9849000000.0,7229000000.0,7212337833.388212,0.20656349467676435,0.7172886955134969,10.868913454532098,11.974115052926527,0.08351347849756927,13.869335081158773,1.4220500760824457,-0.14854299928926795,14041000000.0,1031000000.0,1.4989557434112382,10.0,0.5715377896003243,0.48167714097804204,7.307692307692308,-1.5377705846824268,0.3720827394031251,260.0,[],True,1.0,ig,Software and Services,95.0,95.65217391304348,94.73684210526315,97.61904761904762,65.21739130434783,31.818181818181817,52.38095238095239,90.9090909090909,13.559322033898304,1.0,92.28362384738375,"{'profitability': 100.0, 'growth': 100.0, 'balance': 100.0, 'stability': 92.3}",83.24343748866471,True,-1.0539832237911986,34.35441240835924,8.974358974358974,87.76353066802423,9.0,True,"{""floor"": true, ""depressed_arms"": {""self_pct"": true, ""self_z"": true, ""median_ratio"": true}, ""yield_arm"": true, ""residual_arm"": true, ""brakes"": {""gm"": true, ""fcf_margin"": true, ""roic"": true}, ""self_pct"": 7.307692307692308, ""self_z"": -1.5377705846824268, ""median_ratio"": 0.3720827394031251, ""fcf_yield"": 0.08351347849756927, ""yield_threshold"": 0.0495, ""gs10"": 0.0495, ""residual_pct"": 8.974358974358974, ""brake_values"": {""gm"": 1.0112140662528386, ""fcf_margin"": 1.03012127693562, ""roic"": 1.2550153438062182}}",True,"{""floor"": true, ""mom_sector_pct"": 13.559322033898304, ""eps_rev_proxy"": 9.0}"
HD,354950,Home Depot (The),Consumer Discretionary,Home Improvement Retail,Consumer Discretionary Distribution and Retail,38.45311430527036,1352829344.4914439,-0.18165323399414357,-0.23625029763221406,-0.24889843720592786,10.0,0.3345460743662461,0.0033366901363473347,0.08979467774211614,0.09001237124314454,0.16312581627119477,8,9,False,0.04506334520303379,-0.05038171248203038,0.33206246748947843,0.08594008606421714,0.9925761888509003,0.9570732723272408,0.5133106092118068,,308.739990234375,997689626.0,308026685388.17725,329799685388.17725,38390000000.0,21773000000.0,169176000000.0,21022000000.0,15099000000.0,14539000000.0,24655000000.0,14231000000.0,15953485571.024698,0.24110524350562756,0.4155635730925944,15.688311549242567,22.683794304159658,0.04408433556535223,21.644767436454025,1.0609936055090998,0.8831068748732509,22899000000.0,9833000000.0,0.8526178692367804,7.0,0.8095752661934965,0.8942910717646713,26.153846153846157,-0.7271221618026047,0.8857204247467646,260.0,['fcf_cagr5 gate'],False,1.0,ig,Consumer Discretionary Distribution and Retail,100.0,62.5,44.44444444444444,50.0,55.55555555555556,77.77777777777779,37.5,66.66666666666667,24.242424242424242,1.0,46.13783708901644,"{'profitability': 67.2, 'growth': 18.8, 'balance': 70.6, 'stability': 86.0}",59.14196733627233,False,-0.26087064958356043,29.444920363616262,,52.63990221264439,,False,"{""floor"": false, ""depressed_arms"": {""self_pct"": false, ""self_z"": false, ""median_ratio"": false}, ""yield_arm"": false, ""residual_arm"": false, ""brakes"": {""gm"": true, ""fcf_margin"": true, ""roic"": false}, ""self_pct"": 26.153846153846157, ""self_z"": -0.7271221618026047, ""median_ratio"": 0.8857204247467646, ""fcf_yield"": 0.04408433556535223, ""yield_threshold"": 0.0495, ""gs10"": 0.0495, ""residual_pct"": null, ""brake_values"": {""gm"": 0.9925761888509003, ""fcf_margin"": 0.9570732723272408, ""roic"": 0.5133106092118068}}",False,"{""floor"": false, ""mom_sector_pct"": 24.242424242424242, ""eps_rev_proxy"": null}"
T,732717,AT&T,Communication Services,Integrated Telecommunication Services,Telecommunication Services,42.78713210130048,1337804558.0771759,-0.11857666529348776,-0.08297809749841889,-0.0771437446770743,10.0,,,0.15370786034816727,0.15473385967146314,0.09604759728421368,4,9,False,-0.02560837254106174,-0.03131164492179361,,0.13850313190138244,,0.9010803454530937,1.7289420288730555,sbc_unreported;gm_derived,26.059999465942383,6852385650.0,178573166379.43124,268637166379.43124,216498000000.0,90064000000.0,127239000000.0,25603000000.0,17623000000.0,17623000000.0,45980000000.0,21558000000.0,22617387328.793327,0.11661182952023873,0.10446926682368117,10.492409732431014,15.243554807889193,0.06560149601603801,8.28338279893456,0.8174691529826514,1.6110047846889952,63865000000.0,130711000000.0,0.8987427135585548,0.0,0.060423811255126615,0.07282192055979697,98.07692307692307,1.722740859672457,1.338678718729558,260.0,['rev_cagr5 gate'],False,0.9,sector,Communication Services,27.27272727272727,75.0,,22.727272727272727,70.83333333333334,36.36363636363637,33.33333333333334,66.66666666666667,58.333333333333336,1.0,18.241886685846342,"{'profitability': 45.9, 'growth': 0.0, 'balance': 46.3, 'stability': 56.6}",40.763782138144734,False,-0.6407101944770304,28.929648608476853,,29.502834411995536,,False,"{""floor"": false, ""depressed_arms"": {""self_pct"": false, ""self_z"": false, ""median_ratio"": false}, ""yield_arm"": true, ""residual_arm"": false, ""brakes"": {""gm"": false, ""fcf_margin"": false, ""roic"": true}, ""self_pct"": 98.07692307692307, ""self_z"": 1.722740859672457, ""median_ratio"": 1.338678718729558, ""fcf_yield"": 0.06560149601603801, ""yield_threshold"": 0.0495, ""gs10"": 0.0495, ""residual_pct"": null, ""brake_values"": {""gm"": null, ""fcf_margin"": 0.9010803454530937, ""roic"": 1.7289420288730555}}",False,"{""floor"": false, ""mom_sector_pct"": 58.333333333333336, ""eps_rev_proxy"": null}"
PG,80424,Procter & Gamble,Consumer Staples,Personal Care Products,Household and Personal Products,69.52772073921972,1302953918.3541331,-0.0576266333960771,-0.11808306665463653,-0.0529326869416451,10.0,0.4960308374217678,0.03342660756789801,0.1686010061597643,0.1626074051903675,0.07520314878990104,9,9,False,0.02716052126592894,-0.005672302269087881,0.5017694641051567,0.16801865980329075,1.0115690925854866,0.9965460090082634,0.9857644142143448,gm_derived,145.27000427246094,2324433060.0,337670400557.24945,358903400557.24945,75544000000.0,21233000000.0,87032000000.0,19748000000.0,15147000000.0,14623000000.0,22908000000.0,16046000000.0,15712886429.749765,0.20433023953059726,0.20799648456197403,18.17416450056965,24.543759868511895,0.040743553773231675,21.04389882570419,0.9439735759690888,0.8837087480356207,41276000000.0,19544000000.0,0.8050937202160331,5.0,0.21100019595224223,0.21081630900375176,15.0,-0.5290600663191963,0.9563806060554803,260.0,[],True,1.0,sector,Consumer Staples,76.92307692307693,82.75862068965517,57.692307692307686,40.38461538461539,56.896551724137936,25.0,70.37037037037038,48.14814814814815,17.24137931034483,1.0,53.47772127756351,"{'profitability': 82.5, 'growth': 11.3, 'balance': 70.5, 'stability': 92.9}",55.417510576413946,False,-0.08932632043156108,26.83706519976929,,54.44761592698873,,False,"{""floor"": false, ""depressed_arms"": {""self_pct"": true, ""self_z"": false, ""median_ratio"": false}, ""yield_arm"": false, ""residual_arm"": false, ""brakes"": {""gm"": true, ""fcf_margin"": true, ""roic"": true}, ""self_pct"": 15.0, ""self_z"": -0.5290600663191963, ""median_ratio"": 0.9563806060554803, ""fcf_yield"": 0.040743553773231675, ""yield_threshold"": 0.0495, ""gs10"": 0.0495, ""residual_pct"": null, ""brake_values"": {""gm"": 1.0115690925854866, ""fcf_margin"": 0.9965460090082634, ""roic"": 0.9857644142143448}}",False,"{""floor"": false, ""mom_sector_pct"": 17.24137931034483, ""eps_rev_proxy"": null}"
INTU,896878,Intuit,Information Technology,Application Software,Software and Services,25.77138945927447,1302449800.6451097,-0.45893668368209706,-0.5342958728380782,-0.49664487430459814,10.0,,,0.22112985155290388,0.21742761692650334,0.304118191663643,9,9,False,0.17361336924030368,0.22063308046324348,,0.308047370384185,,1.3930609920863022,1.3593111099141546,gm_derived,321.57000732421875,267236000.0,85935082477.29492,89896082477.29492,22953000000.0,3961000000.0,21448000000.0,5884000000.0,8663000000.0,6607000000.0,6556000000.0,4566000000.0,4465072959.946817,0.24115007478810038,0.19453112708346698,15.27805616541382,13.60618775197441,0.07349597243760574,18.82064881237296,1.8972842750766534,0.6041793776693105,13981000000.0,4642000000.0,0.8113536356903237,9.0,0.14311008397169087,0.14001441060057837,3.8461538461538463,-2.4458989531795297,0.316841268299271,260.0,[],True,0.9,ig,Software and Services,50.0,69.56521739130434,,90.47619047619048,65.21739130434783,63.63636363636363,38.095238095238095,72.72727272727273,1.694915254237288,1.0,68.04874961607848,"{'profitability': 78.5, 'growth': 100.0, 'balance': 79.9, 'stability': 79.7}",77.11697354946354,True,-0.8950458685340004,33.30043765077709,11.538461538461538,72.58286158277102,-13.0,False,"{""floor"": true, ""depressed_arms"": {""self_pct"": true, ""self_z"": true, ""median_ratio"": true}, ""yield_arm"": true, ""residual_arm"": true, ""brakes"": {""gm"": false, ""fcf_margin"": true, ""roic"": true}, ""self_pct"": 3.8461538461538463, ""self_z"": -2.4458989531795297, ""median_ratio"": 0.316841268299271, ""fcf_yield"": 0.07349597243760574, ""yield_threshold"": 0.0495, ""gs10"": 0.0495, ""residual_pct"": 11.538461538461538, ""brake_values"": {""gm"": null, ""fcf_margin"": 1.3930609920863022, ""roic"": 1.3593111099141546}}",False,"{""floor"": true, ""mom_sector_pct"": 1.694915254237288, ""eps_rev_proxy"": -13.0}"
ANET,1596532,Arista Networks,Information Technology,Communications Equipment,Technology Hardware and Equipment,8.043805612594113,1263605635.3354352,0.4263577602037336,0.0,0.43188175056920786,10.0,0.6300117588715485,0.019905546914760246,0.2994003639006137,0.29057028770349136,0.6558627821344996,8,9,False,0.31189506024306746,0.4265693890376421,0.6300375683060109,0.4414275956284153,1.0000409665916532,1.474372274894588,0.9344576314583829,,199.58999633789062,1261224648.0,251727822875.5774,249499576875.5774,12569454000.0,-2228246000.0,10540800000.0,4546900000.0,5155300000.0,4653000000.0,4639600000.0,533203511.0,3685301539.0164723,0.18949140315017435,0.29319503766961336,54.8724574711512,53.62122864293518,0.018649330224397128,472.10458611473285,9.66854098603263,-0.48026683334770237,416100000.0,258200000.0,0.05364592606806946,10.0,0.3137595839546323,0.305047720091394,96.92307692307692,2.1639369564038846,2.8730069560015714,260.0,[],True,1.0,ig,Technology Hardware and Equipment,75.0,100.0,78.94736842105263,85.0,62.5,100.0,89.47368421052632,5.0,59.32203389830508,1.0,67.45388975296842,"{'profitability': 100.0, 'growth': 100.0, 'balance': 100.0, 'stability': 67.5}",8.67813240065247,True,0.3989299524844312,35.98186616661382,70.51282051282051,38.06601107681045,16.0,False,"{""floor"": true, ""depressed_arms"": {""self_pct"": false, ""self_z"": false, ""median_ratio"": false}, ""yield_arm"": false, ""residual_arm"": false, ""brakes"": {""gm"": true, ""fcf_margin"": true, ""roic"": true}, ""self_pct"": 96.92307692307692, ""self_z"": 2.1639369564038846, ""median_ratio"": 2.8730069560015714, ""fcf_yield"": 0.018649330224397128, ""yield_threshold"": 0.0495, ""gs10"": 0.0495, ""residual_pct"": 70.51282051282051, ""brake_values"": {""gm"": 1.0000409665916532, ""fcf_margin"": 1.474372274894588, ""roic"": 0.9344576314583829}}",False,"{""floor"": true, ""mom_sector_pct"": 59.32203389830508, ""eps_rev_proxy"": 16.0}"
ACN,1467373,Accenture,Information Technology,IT Consulting & Other Services,Software and Services,15.189596167008897,1218064094.4318237,-0.24316636330637476,-0.3442243762550097,-0.21317371446179878,10.0,0.3224575194765293,0.008049117648886508,0.11897095117754213,0.11597406610887159,0.09736445034724285,9,9,False,0.09465969836955224,0.07382899430159862,0.3201307502371321,0.1436051668745674,0.9927842611852427,1.2070607610782507,0.8912439119657246,shares_was_proxy;gm_derived;share_jump_gt20pct,183.89999389648438,615438924.0,113179214367.25891,107490241367.25891,26201593000.0,-5688973000.0,73100594000.0,10592234000.0,12581688000.0,10497623000.0,12007744000.0,7789752000.0,7896376163.061968,0.2545126775841652,0.30137007940936905,10.148023671612515,10.239483868610915,0.09766117246060564,14.529244880614801,1.615158993508394,-0.5673210554788644,25322800000.0,2498992000.0,1.06183589677162,7.0,0.3381454564381463,0.3290811451739132,3.4615384615384617,-1.3920550767974993,0.20250708831267547,260.0,[],True,1.0,ig,Software and Services,70.0,26.08695652173913,5.263157894736842,80.95238095238095,65.21739130434783,50.0,61.904761904761905,95.45454545454545,15.254237288135593,1.0,75.78127184803738,"{'profitability': 73.2, 'growth': 70.2, 'balance': 100.0, 'stability': 94.3}",91.68471537454533,True,-1.1986685823909866,33.95105054031688,1.282051282051282,83.73299361129136,-5.0,False,"{""floor"": true, ""depressed_arms"": {""self_pct"": true, ""self_z"": true, ""median_ratio"": true}, ""yield_arm"": true, ""residual_arm"": true, ""brakes"": {""gm"": true, ""fcf_margin"": true, ""roic"": false}, ""self_pct"": 3.4615384615384617, ""self_z"": -1.3920550767974993, ""median_ratio"": 0.20250708831267547, ""fcf_yield"": 0.09766117246060564, ""yield_threshold"": 0.0495, ""gs10"": 0.0495, ""residual_pct"": 1.282051282051282, ""brake_values"": {""gm"": 0.9927842611852427, ""fcf_margin"": 1.2070607610782507, ""roic"": 0.8912439119657246}}",False,"{""floor"": true, ""mom_sector_pct"": 15.254237288135593, ""eps_rev_proxy"": -5.0}"
BA,12927,Boeing,Industrials,Aerospace & Defense,Capital Goods,69.52772073921972,1173590875.1918383,0.07284428799526044,-0.16537774323865884,-0.025423753964501028,5.0,0.043849103906464355,0.948203502115392,-0.05186714378442213,-0.025742485720353665,,6,9,False,0.0899505600378272,,0.04677908399382946,-0.006872705994999734,1.0668196114934325,0.13250596608066734,,,210.4499969482422,790370020.0,166333368296.98212,194300368296.98212,34067000000.0,27967000000.0,93995000000.0,4600000000.0,-210000000.0,-646000000.0,6796000000.0,2435000000.0,4045882775.979863,0.12046026609133405,0.11876252020958297,42.23921049934394,,-0.0033247492305964596,68.30939149773393,-0.08624229979466119,4.113007651559741,17554000000.0,1531000000.0,0.560219567323216,2.0,,,,,,,['fcf_cagr5 gate'],False,0.8,ig,Capital Goods,,4.761904761904762,3.0303030303030303,15.476190476190476,8.13953488372093,5.0,2.631578947368425,11.904761904761912,41.53846153846154,1.0,15.27284090240671,"{'profitability': 29.7, 'growth': 75.0, 'balance': 0.0, 'stability': 44.4}",,False,,,,,,False,"{""floor"": false, ""depressed_arms"": {""self_pct"": false, ""self_z"": false, ""median_ratio"": false}, ""yield_arm"": false, ""residual_arm"": false, ""brakes"": {""gm"": true, ""fcf_margin"": false, ""roic"": false}, ""self_pct"": null, ""self_z"": null, ""median_ratio"": null, ""fcf_yield"": -0.0033247492305964596, ""yield_threshold"": 0.0495, ""gs10"": 0.0495, ""residual_pct"": null, ""brake_values"": {""gm"": 1.0668196114934325, ""fcf_margin"": 0.13250596608066734, ""roic"": null}}",False,"{""floor"": false, ""mom_sector_pct"": 41.53846153846154, ""eps_rev_proxy"": null}"
MPWR,1280452,Monolithic Power Systems,Information Technology,Semiconductors,Semiconductors and Semiconductor Equipment,5.582477754962355,1162009702.5438778,0.6925458822572395,-0.2424644369696558,0.4902747549181061,10.0,0.5635248689538707,0.021088396592173132,0.13823752228634945,0.1572135623565872,0.45479670607615164,9,9,False,0.27004800152081065,0.2571099993861663,0.551953190160695,0.11507785447570817,0.9794655401550293,0.8324646779861431,0.8470964980641138,,1234.4599609375,49143000.0,60665065860.35156,59274369860.35156,2504728000.0,-1390696000.0,3273158000.0,940165000.0,585537000.0,376668000.0,1000282000.0,801946000.0,766019473.6243205,0.18522868472627632,0.3058294048792206,63.046773556079586,157.36502665570626,0.0063546521184015495,75.64732021900672,0.7301451718694276,-1.3903039342905301,25944000.0,111000.0,0.010402327118952637,10.0,0.36103254538076657,0.42917691706248634,74.23076923076923,0.022787844553764935,1.3848480356446944,260.0,[],True,1.0,ig,Semiconductors and Semiconductor Equipment,57.14285714285714,25.0,56.25,93.33333333333333,65.625,40.0,92.85714285714286,12.5,66.10169491525424,1.0,67.03966262658942,"{'profitability': 73.0, 'growth': 100.0, 'balance': 100.0, 'stability': 75.2}",15.156395635520465,True,1.0675997287089682,54.1072608520769,91.02564102564102,41.09802913105494,3.0,False,"{""floor"": true, ""depressed_arms"": {""self_pct"": false, ""self_z"": false, ""median_ratio"": false}, ""yield_arm"": false, ""residual_arm"": false, ""brakes"": {""gm"": true, ""fcf_margin"": false, ""roic"": false}, ""self_pct"": 74.23076923076923, ""self_z"": 0.022787844553764935, ""median_ratio"": 1.3848480356446944, ""fcf_yield"": 0.0063546521184015495, ""yield_threshold"": 0.0495, ""gs10"": 0.0495, ""residual_pct"": 91.02564102564102, ""brake_values"": {""gm"": 0.9794655401550293, ""fcf_margin"": 0.8324646779861431, ""roic"": 0.8470964980641138}}",False,"{""floor"": true, ""mom_sector_pct"": 66.10169491525424, ""eps_rev_proxy"": 3.0}"
PEP,77476,PepsiCo,Consumer Staples,Soft Drinks & Non-alcoholic Beverages,Food Beverage and Tobacco,69.52772073921972,1115425067.584882,0.009867721317983857,-0.1760824660122079,-0.011749120389518586,10.0,0.5385972080414163,0.010617562470375602,0.07609798619323727,0.0786159169550173,0.11413243911489646,9,9,False,0.0594397460523417,0.03779825265584025,0.5395649302402378,0.09249360191529761,1.0017967456651706,1.2154540026910383,1.067434171205139,,136.32000732421875,1364891558.0,186062027183.32434,233887027183.32434,69923000000.0,47825000000.0,96904000000.0,14362000000.0,9282000000.0,8963000000.0,17961000000.0,10451000000.0,11481519805.367598,0.2005626092906561,0.1642023340727314,16.285129312304996,26.094725781917255,0.038321920236194455,17.803275015149204,0.8881446751507033,2.653137353154056,19093000000.0,15177000000.0,0.49011055017662286,10.0,0.15382900276402628,0.15372122328293808,1.153846153846154,-1.7919303806006446,0.6999033334673176,260.0,[],True,1.0,ig,Food Beverage and Tobacco,61.53846153846154,18.75,62.5,84.61538461538461,56.25,15.384615384615385,40.0,57.142857142857146,24.137931034482758,1.0,34.76119761123557,"{'profitability': 54.2, 'growth': 40.5, 'balance': 11.6, 'stability': 93.2}",64.88943321371548,False,0.30589326176076126,19.217858075041722,,49.825315412475526,,False,"{""floor"": false, ""depressed_arms"": {""self_pct"": true, ""self_z"": true, ""median_ratio"": true}, ""yield_arm"": false, ""residual_arm"": false, ""brakes"": {""gm"": true, ""fcf_margin"": true, ""roic"": true}, ""self_pct"": 1.153846153846154, ""self_z"": -1.7919303806006446, ""median_ratio"": 0.6999033334673176, ""fcf_yield"": 0.038321920236194455, ""yield_threshold"": 0.0495, ""gs10"": 0.0495, ""residual_pct"": null, ""brake_values"": {""gm"": 1.0017967456651706, ""fcf_margin"": 1.2154540026910383, ""roic"": 1.067434171205139}}",False,"{""floor"": false, ""mom_sector_pct"": 24.137931034482758, ""eps_rev_proxy"": null}"
ISRG,1035267,Intuitive Surgical,Health Care,Health Care Equipment,Health Care Equipment and Services,18.28062970568104,1112070259.6964092,-0.12268720825641388,-0.370309088349806,-0.17908290360020285,10.0,0.6732046156419665,0.017161202901436936,0.11311518254304347,0.07507094024257373,0.42795596900743005,8,9,False,0.182210329592003,0.16850948894019702,0.6667875009062568,0.2171753788153411,0.9904678093604715,1.9199489753084193,1.1146826316116072,,369.1499938964844,353278038.0,130412585571.46198,125496585571.46198,13252400000.0,-4916000000.0,11034400000.0,3451200000.0,3222600000.0,2396400000.0,4088900000.0,3138800000.0,2863667160.649535,0.17024015975616164,0.21608668321583527,36.363173844304,52.368797183884986,0.019095340236451368,41.548548990525674,1.0266981011851664,-1.2339015383110372,580600000.0,192000000.0,0.058298874166188765,7.0,0.1938548938395293,0.1983429177606938,3.65296803652968,-0.4740592309218809,0.3986397553071582,219.0,[],True,1.0,ig,Health Care Equipment and Services,71.42857142857143,63.33333333333333,73.91304347826086,77.58620689655173,59.67741935483871,20.689655172413794,85.71428571428572,3.3333333333333286,14.285714285714285,1.0,61.23009972195189,"{'profitability': 64.6, 'growth': 100.0, 'balance': 100.0, 'stability': 71.3}",40.22860207093541,True,0.7194089270767083,25.505701446130534,83.33333333333334,50.72935089644365,-19.0,False,"{""floor"": true, ""depressed_arms"": {""self_pct"": true, ""self_z"": false, ""median_ratio"": true}, ""yield_arm"": false, ""residual_arm"": false, ""brakes"": {""gm"": true, ""fcf_margin"": true, ""roic"": true}, ""self_pct"": 3.65296803652968, ""self_z"": -0.4740592309218809, ""median_ratio"": 0.3986397553071582, ""fcf_yield"": 0.019095340236451368, ""yield_threshold"": 0.0495, ""gs10"": 0.0495, ""residual_pct"": 83.33333333333334, ""brake_values"": {""gm"": 0.9904678093604715, ""fcf_margin"": 1.9199489753084193, ""roic"": 1.1146826316116072}}",False,"{""floor"": true, ""mom_sector_pct"": 14.285714285714285, ""eps_rev_proxy"": -19.0}"
TMO,97745,Thermo Fisher Scientific,Health Care,Life Sciences Tools & Services,Pharmaceuticals Biotechnology and Life Sciences,22.11088295687885,1097712429.4280076,0.23145761270514642,-0.030908849306883868,0.2765260644375831,10.0,,,0.15323784555708894,0.1551438504795016,0.046097538448707814,8,9,False,0.06699288544037874,-0.015811300096795544,,0.15104886049723756,,0.9857151146187586,0.8140779051777547,gm_derived,609.8200073242188,369747286.0,225479292656.63,245726292656.63,72926000000.0,20247000000.0,46336000000.0,8145000000.0,7318000000.0,6999000000.0,11087000000.0,6984000000.0,7261616721.04174,0.10845712448842972,0.09957514084197323,30.168973929604665,35.10877163260894,0.028482910494971644,32.285122087146334,1.047823596792669,1.8255614683863985,54832000000.0,15839000000.0,0.9690782436990922,5.0,0.12231647635766617,0.12092297208257266,56.53846153846154,0.13579903870793905,1.0191452335439137,260.0,[],True,0.9,ig,Pharmaceuticals Biotechnology and Life Sciences,45.45454545454545,27.27272727272727,,59.09090909090909,63.63636363636363,50.0,54.54545454545455,44.44444444444444,57.14285714285714,1.0,37.741316307499844,"{'profitability': 55.1, 'growth': 27.9, 'balance': 39.1, 'stability': 89.5}",37.878206481824826,False,0.06247653821637433,32.98241250815615,,37.80976139466233,,False,"{""floor"": false, ""depressed_arms"": {""self_pct"": false, ""self_z"": false, ""median_ratio"": false}, ""yield_arm"": false, ""residual_arm"": false, ""brakes"": {""gm"": false, ""fcf_margin"": true, ""roic"": false}, ""self_pct"": 56.53846153846154, ""self_z"": 0.13579903870793905, ""median_ratio"": 1.0191452335439137, ""fcf_yield"": 0.028482910494971644, ""yield_threshold"": 0.0495, ""gs10"": 0.0495, ""residual_pct"": null, ""brake_values"": {""gm"": null, ""fcf_margin"": 0.9857151146187586, ""roic"": 0.8140779051777547}}",False,"{""floor"": false, ""mom_sector_pct"": 57.14285714285714, ""eps_rev_proxy"": null}"
APH,820313,Amphenol,Information Technology,Electronic Components,Technology Hardware and Equipment,17.95208761122519,1079425613.6907916,0.41767006616695723,-0.007920536682245904,0.42386295161715193,10.0,0.33272634672800655,0.05957262415458759,0.14342933551978476,0.1347777865800523,0.4649387036090449,8,9,False,0.21847048472093156,,0.38496616905476716,0.15705968929990796,1.157005367445293,1.095031840806674,1.2162254390722969,,83.91999816894531,1232983457.0,103471969453.77986,101979754453.77986,13999385000.0,-1492215000.0,29011900000.0,7841400000.0,4713700000.0,4556600000.0,9145300000.0,5143100000.0,5554440989.650182,0.2916518747098501,0.3967632142162089,13.00529936666665,22.38066858047225,0.044681417644177414,20.11859957103301,0.9165094981625868,-0.17645293210720261,17554700000.0,5019800000.0,1.612535122078577,10.0,0.3262250578468815,0.2189957525932241,82.3076923076923,1.5278318261346653,1.8586259462416261,260.0,['fcf_cagr5 gate'],False,1.0,ig,Technology Hardware and Equipment,80.0,55.55555555555556,42.10526315789473,85.0,62.5,20.0,78.94736842105263,90.0,57.6271186440678,1.0,59.22654633177201,"{'profitability': 77.0, 'growth': 100.0, 'balance': 100.0, 'stability': 65.2}",47.154425293253226,False,-0.47569423509491804,36.013425934245106,,53.19048581251262,,False,"{""floor"": false, ""depressed_arms"": {""self_pct"": false, ""self_z"": false, ""median_ratio"": false}, ""yield_arm"": false, ""residual_arm"": false, ""brakes"": {""gm"": true, ""fcf_margin"": true, ""roic"": true}, ""self_pct"": 82.3076923076923, ""self_z"": 1.5278318261346653, ""median_ratio"": 1.8586259462416261, ""fcf_yield"": 0.044681417644177414, ""yield_threshold"": 0.0495, ""gs10"": 0.0495, ""residual_pct"": null, ""brake_values"": {""gm"": 1.157005367445293, ""fcf_margin"": 1.095031840806674, ""roic"": 1.2162254390722969}}",False,"{""floor"": false, ""mom_sector_pct"": 57.6271186440678, ""eps_rev_proxy"": null}"
HPE,1645590,Hewlett Packard Enterprise,Information Technology,"Technology Hardware, Storage & Peripherals",Technology Hardware and Equipment,10.863791923340179,1063228527.2603981,1.4234900283700216,0.0,1.563013091088374,8.0,,,0.0472835377783387,0.040226531662948345,0.49563092787570834,6,9,True,0.0491410171503146,-0.342998158475206,,0.08027035418308615,,1.697638500726974,1.5462540364185613,gm_derived,62.09000015258789,1327464779.0,82422288330.66505,102095288330.66505,46187000000.0,19673000000.0,41871000000.0,2602000000.0,4156000000.0,3361000000.0,6092000000.0,2791000000.0,2346585113.072043,0.098160986521121,0.050806181676056966,39.23723609941009,30.376461865714088,0.03292022633908855,29.531454077629903,1.4890720171981369,3.219960604070913,23907000000.0,5469000000.0,0.6360231233896984,1.0,0.03285759033084525,0.030154929637132028,64.54545454545455,0.09083702760933225,1.1575168863111163,220.0,['fcf_cagr5 gate'],False,0.9,ig,Technology Hardware and Equipment,5.0,27.77777777777778,,5.0,17.5,80.0,0.0,20.0,84.7457627118644,1.0,5.5366007491665625,"{'profitability': 15.6, 'growth': 20.5, 'balance': 0.0, 'stability': 44.7}",29.2094012350599,False,-0.11857086989692922,34.20045327603177,,17.37300099211323,,False,"{""floor"": false, ""depressed_arms"": {""self_pct"": false, ""self_z"": false, ""median_ratio"": false}, ""yield_arm"": false, ""residual_arm"": false, ""brakes"": {""gm"": false, ""fcf_margin"": true, ""roic"": true}, ""self_pct"": 64.54545454545455, ""self_z"": 0.09083702760933225, ""median_ratio"": 1.1575168863111163, ""fcf_yield"": 0.03292022633908855, ""yield_threshold"": 0.0495, ""gs10"": 0.0495, ""residual_pct"": null, ""brake_values"": {""gm"": null, ""fcf_margin"": 1.697638500726974, ""roic"": 1.5462540364185613}}",False,"{""floor"": false, ""mom_sector_pct"": 84.7457627118644, ""eps_rev_proxy"": null}"
ABT,1800,Abbott Laboratories,Health Care,Health Care Equipment,Health Care Equipment and Services,69.52772073921972,1061343848.7831926,-0.14887149195558835,-0.23326637673049955,-0.22002203327919378,10.0,0.5602537985573318,0.011679804718473043,0.14925237279273162,0.15184533477711604,0.1759181212699683,8,9,False,0.05075224605174555,0.05256205756552523,0.5626135507599592,0.1481366597243763,1.0042119343210234,0.9925246543992656,0.5693851351505428,gm_derived,101.94999694824219,1741812429.0,177577771820.96033,206176771820.96033,80660000000.0,28599000000.0,45134000000.0,7705000000.0,7378000000.0,6686000000.0,10868000000.0,6276000000.0,5942802015.484822,0.22870836917782966,0.07367718838934816,26.758828270079213,30.837088217313838,0.032428483291056596,28.294737383836893,1.175589547482473,2.5725984541774016,35221000000.0,1200000000.0,0.4515373171336474,6.0,0.12939780798785386,0.11731647172692065,45.76923076923077,-0.28327449238339,0.9324322997373947,260.0,[],True,1.0,ig,Health Care Equipment and Services,57.14285714285714,80.0,43.47826086956522,62.06896551724138,59.67741935483871,41.37931034482759,28.57142857142857,20.0,9.523809523809524,1.0,30.756798724752155,"{'profitability': 48.0, 'growth': 43.0, 'balance': 14.2, 'stability': 84.5}",35.72854498731698,False,0.19891214142513158,25.274752865417803,,33.24267185603457,,False,"{""floor"": false, ""depressed_arms"": {""self_pct"": false, ""self_z"": false, ""median_ratio"": false}, ""yield_arm"": false, ""residual_arm"": false, ""brakes"": {""gm"": true, ""fcf_margin"": true, ""roic"": false}, ""self_pct"": 45.76923076923077, ""self_z"": -0.28327449238339, ""median_ratio"": 0.9324322997373947, ""fcf_yield"": 0.032428483291056596, ""yield_threshold"": 0.0495, ""gs10"": 0.0495, ""residual_pct"": null, ""brake_values"": {""gm"": 1.0042119343210234, ""fcf_margin"": 0.9925246543992656, ""roic"": 0.5693851351505428}}",False,"{""floor"": false, ""mom_sector_pct"": 9.523809523809524, ""eps_rev_proxy"": null}"
DDOG,1561550,Datadog,Information Technology,Application Software,Software and Services,1.1800136892539357,1060662823.8146117,0.8715018806876718,-0.17449712390874628,0.6205861297719208,9.0,0.7960431954942917,0.016433439691962922,0.07279577792730438,0.07291347524683718,0.4320728751267351,8,8,True,0.4153252804745149,0.3788155747941202,0.7951226767673585,0.09052102174968016,0.9988436321896306,1.243492745418239,2.6360107516720643,shares_was_proxy,221.2100067138672,357430000.0,79067092699.73755,78924391699.73755,4224459000.0,-142701000.0,3966725000.0,16329000.0,1182109000.0,359072000.0,78329000.0,177543000.0,14513359.03903904,0.1111911911911912,0.003435554479056144,4833.387941682746,219.80101957194532,0.004549569433060249,445.3405242658823,6.658156052336617,-1.8218156749096759,706721000.0,23157000.0,0.172774312639796,0.0,0.0013033158066130483,-0.010378670736420537,52.01793721973094,0.006354964915144063,1.0210158407689431,223.0,[],True,1.0,ig,Software and Services,15.0,13.043478260869565,68.42105263157895,14.285714285714285,26.08695652173913,90.9090909090909,90.47619047619048,0.0,74.57627118644068,1.0,50.528870453155804,"{'profitability': 14.6, 'growth': 100.0, 'balance': 100.0, 'stability': 76.8}",19.031537496584743,False,1.6125957322699476,31.79100730785589,,34.780203974870275,,False,"{""floor"": false, ""depressed_arms"": {""self_pct"": false, ""self_z"": false, ""median_ratio"": false}, ""yield_arm"": false, ""residual_arm"": false, ""brakes"": {""gm"": true, ""fcf_margin"": true, ""roic"": true}, ""self_pct"": 52.01793721973094, ""self_z"": 0.006354964915144063, ""median_ratio"": 1.0210158407689431, ""fcf_yield"": 0.004549569433060249, ""yield_threshold"": 0.0495, ""gs10"": 0.0495, ""residual_pct"": null, ""brake_values"": {""gm"": 0.9988436321896306, ""fcf_margin"": 1.243492745418239, ""roic"": 2.6360107516720643}}",False,"{""floor"": false, ""mom_sector_pct"": 74.57627118644068, ""eps_rev_proxy"": null}"
DIS,1744489,Walt Disney Company (The),Communication Services,Movies & Entertainment,Media and Entertainment,50.20396988364134,1011671005.7280762,-0.06521894967909847,-0.07346876819048687,-0.06784347040921457,10.0,,,0.04696478487902189,0.04222817161240973,0.6653792386657661,7,9,False,0.07626145769160764,,,0.06852044790159921,,1.4589750187955348,1.2007256868832439,,106.55000305175781,1726686902.0,183978494677.53024,235041494677.53024,161095000000.0,51063000000.0,98861000000.0,18238000000.0,8293000000.0,6774000000.0,23767000000.0,8600000000.0,13211464156.862747,0.2756078431372549,0.0820103923576942,12.887459956000123,34.69759295505318,0.028820443000048657,21.39284821831747,0.9643023255813954,1.8619514452812724,74682000000.0,7480000000.0,0.5100220366864273,0.0,0.06830068953598452,0.06510317640628185,34.81781376518219,-0.01059752948095007,0.8582795153724768,247.0,['fcf_cagr5 gate'],False,0.9,ig,Media and Entertainment,22.22222222222222,20.0,,16.666666666666664,70.0,55.55555555555556,20.0,60.0,75.0,1.0,20.91414439836823,"{'profitability': 24.7, 'growth': 63.6, 'balance': 37.9, 'stability': 51.9}",50.64613290001459,False,0.17904593419219506,29.009529604683834,,35.780138649191414,,False,"{""floor"": false, ""depressed_arms"": {""self_pct"": false, ""self_z"": false, ""median_ratio"": false}, ""yield_arm"": false, ""residual_arm"": false, ""brakes"": {""gm"": false, ""fcf_margin"": true, ""roic"": true}, ""self_pct"": 34.81781376518219, ""self_z"": -0.01059752948095007, ""median_ratio"": 0.8582795153724768, ""fcf_yield"": 0.028820443000048657, ""yield_threshold"": 0.0495, ""gs10"": 0.0495, ""residual_pct"": null, ""brake_values"": {""gm"": null, ""fcf_margin"": 1.4589750187955348, ""roic"": 1.2007256868832439}}",False,"{""floor"": false, ""mom_sector_pct"": 75.0, ""eps_rev_proxy"": null}"
AMGN,318154,Amgen,Health Care,Biotechnology,Pharmaceuticals Biotechnology and Life Sciences,34.69678302532512,1003415936.8578961,0.5349638283702096,-0.14107842023789308,0.4031540939458096,10.0,0.6992395922218686,0.07511966676368191,0.27516480161656653,0.29511728099569173,0.11727636373980152,7,9,False,0.07647774623365566,-0.03912580906510643,0.6951568447302796,0.2541803386271164,0.9941611608710316,0.9237385637037571,1.088209060857111,gm_derived,377.3500061035156,540632005.0,204007490386.5059,248153490386.5059,55834000000.0,44146000000.0,38095000000.0,11426000000.0,10175000000.0,9683000000.0,16093000000.0,8743000000.0,9908577614.569862,0.13280433970156985,0.1774649427690988,21.71831703015105,25.627748671538356,0.039020204732637294,23.33380880550222,1.1637881733958595,2.743180264711365,18668000000.0,21279000000.0,0.7154601139090877,5.0,0.163079824596683,0.14191731200885857,68.84615384615384,1.1491302796606453,1.310007100373081,260.0,[],True,1.0,ig,Pharmaceuticals Biotechnology and Life Sciences,63.63636363636363,81.81818181818183,75.0,59.09090909090909,63.63636363636363,62.5,36.36363636363637,77.77777777777777,90.47619047619048,1.0,34.977403097245954,"{'profitability': 85.5, 'growth': 31.9, 'balance': 8.6, 'stability': 75.5}",47.45606141979118,False,-0.2587711896125757,33.196580928882305,,41.21673225851857,,False,"{""floor"": false, ""depressed_arms"": {""self_pct"": false, ""self_z"": false, ""median_ratio"": false}, ""yield_arm"": false, ""residual_arm"": false, ""brakes"": {""gm"": true, ""fcf_margin"": false, ""roic"": true}, ""self_pct"": 68.84615384615384, ""self_z"": 1.1491302796606453, ""median_ratio"": 1.310007100373081, ""fcf_yield"": 0.039020204732637294, ""yield_threshold"": 0.0495, ""gs10"": 0.0495, ""residual_pct"": null, ""brake_values"": {""gm"": 0.9941611608710316, ""fcf_margin"": 0.9237385637037571, ""roic"": 1.088209060857111}}",False,"{""floor"": false, ""mom_sector_pct"": 90.47619047619048, ""eps_rev_proxy"": null}"
NXPI,1413447,NXP Semiconductors,Information Technology,Semiconductors,Semiconductors and Semiconductor Equipment,5.478439425051334,973858949.4829731,0.0916815777946407,-0.2611712209531961,0.1005653027917095,10.0,0.5596697637860223,0.01745413666574701,0.16427159456798573,0.17136185598071707,0.11161907704946696,4,9,False,0.07334918054419859,0.030009963166075515,0.5504558065794689,0.17970669837495046,0.9835367965133165,1.0939608813535728,,,236.6199951171875,252471079.0,59739705480.21106,68706705480.21106,19894000000.0,8967000000.0,12615000000.0,3829000000.0,2711000000.0,2267000000.0,4631000000.0,2653000000.0,,,,17.94377265087779,30.30732486996518,0.03299532387931106,22.51779324546214,1.0218620429702223,1.8613690347657093,10280000000.0,1505000000.0,0.5923896652256961,,,,72.6923076923077,0.6423550391010362,1.2216712979166882,260.0,[],True,0.8,ig,Semiconductors and Semiconductor Equipment,,43.75,50.0,,65.625,60.0,7.142857142857139,87.5,40.67796610169492,1.0,33.56679650544641,"{'profitability': 68.5, 'growth': 43.1, 'balance': 38.0, 'stability': 64.9}",46.56526383045998,False,,,,40.0660301679532,,False,"{""floor"": false, ""depressed_arms"": {""self_pct"": false, ""self_z"": false, ""median_ratio"": false}, ""yield_arm"": false, ""residual_arm"": false, ""brakes"": {""gm"": true, ""fcf_margin"": true, ""roic"": false}, ""self_pct"": 72.6923076923077, ""self_z"": 0.6423550391010362, ""median_ratio"": 1.2216712979166882, ""fcf_yield"": 0.03299532387931106, ""yield_threshold"": 0.0495, ""gs10"": 0.0495, ""residual_pct"": null, ""brake_values"": {""gm"": 0.9835367965133165, ""fcf_margin"": 1.0939608813535728, ""roic"": null}}",False,"{""floor"": false, ""mom_sector_pct"": 40.67796610169492, ""eps_rev_proxy"": null}"
CIEN,936395,Ciena,Information Technology,Communications Equipment,Technology Hardware and Equipment,0.5913757700205339,971189213.1001488,2.266072463441322,-0.401205991721452,1.6625534109926048,11.0,0.4364211147441573,0.045500614881491735,0.02892076328800175,0.05516549998692389,1.2403009453572813,9,11,False,0.061907524784472256,0.1011255584819819,0.44071827207055964,0.1000441130503211,1.0098463552317387,3.45924870841241,2.128685578118145,,349.5400085449219,141808525.0,49567753040.24277,50262232040.24277,3751217000.0,694479000.0,6020894000.0,738953000.0,814362000.0,602355000.0,887070000.0,654410000.0,666403317.1869789,0.0981790219581233,0.17764989793631744,68.01817171084328,83.4428734554254,0.011984246929537883,75.74418642783999,1.2444216928225424,0.782890865433393,513340000.0,224210000.0,0.1966161914919878,3.0,0.08345520811644153,0.06785878177919694,69.23076923076923,0.4816380842461709,1.451705905594996,182.0,['tenure<1y'],False,1.0,ig,Technology Hardware and Equipment,15.0,16.666666666666664,57.89473684210527,20.0,100.0,65.0,52.631578947368425,0.0,91.52542372881356,1.0,32.98007636968152,"{'profitability': 28.0, 'growth': 67.9, 'balance': 73.9, 'stability': 61.4}",15.761940745528033,False,0.8709479246336933,34.92539876573177,,24.371008557604775,,False,"{""floor"": false, ""depressed_arms"": {""self_pct"": false, ""self_z"": false, ""median_ratio"": false}, ""yield_arm"": false, ""residual_arm"": false, ""brakes"": {""gm"": true, ""fcf_margin"": true, ""roic"": true}, ""self_pct"": 69.23076923076923, ""self_z"": 0.4816380842461709, ""median_ratio"": 1.451705905594996, ""fcf_yield"": 0.011984246929537883, ""yield_threshold"": 0.0495, ""gs10"": 0.0495, ""residual_pct"": null, ""brake_values"": {""gm"": 1.0098463552317387, ""fcf_margin"": 3.45924870841241, ""roic"": 2.128685578118145}}",False,"{""floor"": false, ""mom_sector_pct"": 91.52542372881356, ""eps_rev_proxy"": null}"
AZO,866787,AutoZone,Consumer Discretionary,Automotive Retail,Consumer Discretionary Distribution and Retail,29.694729637234772,950281296.0967999,-0.30011682418519336,-0.31751000059774215,-0.3344168839585967,10.0,0.5251256824348962,0.007899391470498967,,,0.17976027941071257,9,9,False,0.08436605609642212,-0.04575106342143098,0.5175387987523318,0.08171665506794794,0.9855522517059427,,0.7217990892890791,sbc_unreported,2876.75,16325355.0,46963964996.25,60422256996.25,10673740000.0,13458292000.0,19986403000.0,3602447000.0,1633222000.0,1633222000.0,4263985000.0,2478124000.0,2851784058.2373667,0.20837584612976492,0.26717758332481084,16.772559595255668,36.99574031959526,0.02703013891224492,18.951418490862444,0.6590558018888482,3.1562709531107638,302645000.0,1443000.0,0.02848935799447991,10.0,0.37015505739687454,0.38597011526553093,72.6923076923077,0.7324297328061699,1.2172969879918158,260.0,[],True,0.9,ig,Consumer Discretionary Distribution and Retail,62.5,,100.0,93.75,55.55555555555556,22.22222222222222,0.0,44.44444444444444,9.090909090909092,1.0,33.45712231969425,"{'profitability': 66.3, 'growth': 35.2, 'balance': 0.0, 'stability': 90.2}",31.85904167367347,False,0.24589174267991032,28.930923398173924,,32.65808199668386,,False,"{""floor"": false, ""depressed_arms"": {""self_pct"": false, ""self_z"": false, ""median_ratio"": false}, ""yield_arm"": false, ""residual_arm"": false, ""brakes"": {""gm"": true, ""fcf_margin"": false, ""roic"": false}, ""self_pct"": 72.6923076923077, ""self_z"": 0.7324297328061699, ""median_ratio"": 1.2172969879918158, ""fcf_yield"": 0.02703013891224492, ""yield_threshold"": 0.0495, ""gs10"": 0.0495, ""residual_pct"": null, ""brake_values"": {""gm"": 0.9855522517059427, ""fcf_margin"": null, ""roic"": 0.7217990892890791}}",False,"{""floor"": false, ""mom_sector_pct"": 9.090909090909092, ""eps_rev_proxy"": null}"
RTX,101829,RTX Corporation,Industrials,Aerospace & Defense,Capital Goods,69.52772073921972,930924461.8522002,0.4519056373145667,-0.11342336819511867,0.2872256096288681,10.0,,,0.06901587274362934,0.07091383487606387,0.21992982481569692,8,9,True,0.09382123755404659,0.12203084425734056,,0.11567914438502674,,1.6761237638004767,1.6782490454237171,gm_derived,197.67999267578125,1347758144.0,266424820034.64453,302148820034.64453,102101000000.0,35724000000.0,93500000000.0,10485000000.0,11407000000.0,10816000000.0,14885000000.0,7738000000.0,8521618985.695708,0.18725617685305593,0.08346263979486693,28.817245592240777,27.935356881901306,0.035796929469259,34.430708197808805,1.4741535280434221,2.283170977494122,52928000000.0,8466000000.0,0.6013065493971655,1.0,0.04973197513352057,0.04773358455168937,13.846153846153847,-0.6448392839038647,0.7368174069802474,260.0,[],True,0.9,ig,Capital Goods,5.263157894736842,26.190476190476193,,5.952380952380952,63.95348837209303,82.5,28.94736842105263,26.19047619047619,78.46153846153847,1.0,34.556308189815844,"{'profitability': 26.1, 'growth': 89.1, 'balance': 23.9, 'stability': 77.9}",47.6795550312539,False,0.04693631734709536,26.654469321482452,,41.11793161053487,,False,"{""floor"": false, ""depressed_arms"": {""self_pct"": true, ""self_z"": false, ""median_ratio"": true}, ""yield_arm"": false, ""residual_arm"": false, ""brakes"": {""gm"": false, ""fcf_margin"": true, ""roic"": true}, ""self_pct"": 13.846153846153847, ""self_z"": -0.6448392839038647, ""median_ratio"": 0.7368174069802474, ""fcf_yield"": 0.035796929469259, ""yield_threshold"": 0.0495, ""gs10"": 0.0495, ""residual_pct"": null, ""brake_values"": {""gm"": null, ""fcf_margin"": 1.6761237638004767, ""roic"": 1.6782490454237171}}",False,"{""floor"": false, ""mom_sector_pct"": 78.46153846153847, ""eps_rev_proxy"": null}"
BSX,885725,Boston Scientific,Health Care,Health Care Equipment,Health Care Equipment and Services,31.550992470910334,911384458.6866459,-0.4953753062695707,-0.5814587737812138,-0.581540259708425,9.0,0.6894320910981699,0.004411551642505278,0.11397261407507511,0.10948033707865168,0.47236973500304247,8,9,False,0.15155785671653277,0.2643853490752126,0.699323680701086,0.15741093541626977,1.0143474458625215,1.3811294642463963,1.764287430472952,,42.97999954223633,1449229526.0,62287884364.07537,67457884364.07537,30100000000.0,5170000000.0,20996000000.0,4152000000.0,3625000000.0,3305000000.0,5565000000.0,,3944453768.4537687,0.04998704998704999,0.1310449756961385,16.247081975933373,20.410857598812516,0.04899353175920344,,,0.8855345911949686,18640000000.0,770000000.0,0.6448504983388704,1.0,0.0742764321916692,0.07833883656686005,0.38461538461538464,-0.9664277919916546,0.31781155265293703,260.0,[],True,0.9,ig,Health Care Equipment and Services,35.714285714285715,66.66666666666666,82.6086956521739,29.310344827586203,14.516129032258066,,64.28571428571428,83.33333333333334,4.761904761904762,1.0,47.67652885170147,"{'profitability': 41.5, 'growth': 100.0, 'balance': 70.5, 'stability': 70.4}",78.3647261944277,False,-0.20124776805903544,24.961003887849042,,63.02062752306459,,False,"{""floor"": false, ""depressed_arms"": {""self_pct"": true, ""self_z"": false, ""median_ratio"": true}, ""yield_arm"": false, ""residual_arm"": false, ""brakes"": {""gm"": true, ""fcf_margin"": true, ""roic"": true}, ""self_pct"": 0.38461538461538464, ""self_z"": -0.9664277919916546, ""median_ratio"": 0.31781155265293703, ""fcf_yield"": 0.04899353175920344, ""yield_threshold"": 0.0495, ""gs10"": 0.0495, ""residual_pct"": null, ""brake_values"": {""gm"": 1.0143474458625215, ""fcf_margin"": 1.3811294642463963, ""roic"": 1.764287430472952}}",False,"{""floor"": false, ""mom_sector_pct"": 4.761904761904762, ""eps_rev_proxy"": null}"
PM,1413329,Philip Morris International,Consumer Staples,Tobacco,Food Beverage and Tobacco,18.45311430527036,902301576.7587084,0.18767818291524785,-0.010051826121275864,0.1918577207607255,10.0,0.6548753062561236,0.027533589284085537,0.2868657064721064,0.2844131157928085,0.11826061086101033,8,9,False,0.07213535484188793,0.029750712780618693,0.6751439652133036,0.29902456222822893,1.030950409587215,1.0423851840139866,,sbc_unreported,191.05999755859375,1558613439.0,297788679850.1314,314629679850.1314,8258000000.0,16841000000.0,42545000000.0,16059000000.0,12722000000.0,12722000000.0,18108000000.0,10874000000.0,,,,19.59210908836985,24.731149178598603,0.04043483757177617,27.385385309006015,1.1699466617620011,0.8236690965319196,16917000000.0,10178000000.0,3.281060789537418,,,,76.92307692307693,0.9512742854610172,1.276525577569512,260.0,[],True,0.8,ig,Food Beverage and Tobacco,,93.75,100.0,,56.25,53.84615384615385,66.66666666666667,42.85714285714286,79.3103448275862,1.0,63.90385106378418,"{'profitability': 100.0, 'growth': 42.5, 'balance': 72.5, 'stability': 85.8}",33.48759412867571,True,,,,48.69572259622994,6.0,False,"{""floor"": true, ""depressed_arms"": {""self_pct"": false, ""self_z"": false, ""median_ratio"": false}, ""yield_arm"": false, ""residual_arm"": false, ""brakes"": {""gm"": true, ""fcf_margin"": true, ""roic"": false}, ""self_pct"": 76.92307692307693, ""self_z"": 0.9512742854610172, ""median_ratio"": 1.276525577569512, ""fcf_yield"": 0.04043483757177617, ""yield_threshold"": 0.0495, ""gs10"": 0.0495, ""residual_pct"": null, ""brake_values"": {""gm"": 1.030950409587215, ""fcf_margin"": 1.0423851840139866, ""roic"": null}}",False,"{""floor"": true, ""mom_sector_pct"": 79.3103448275862, ""eps_rev_proxy"": 6.0}"
ON,1097864,ON Semiconductor,Information Technology,Semiconductors,Semiconductors and Semiconductor Equipment,4.229979466119096,898518375.5650225,0.7128057715913176,-0.3739516718454584,0.5777041450015015,10.0,0.42959479994248556,0.13311514584373776,0.15321524320112506,0.17970983161586318,0.3340603585970165,4,9,False,0.026713065370281175,0.23156254615801708,0.37716609119364936,0.21777082190454677,0.877957766816881,1.4213391393353718,0.4240673760364165,,76.13999938964844,389311721.0,29642194199.322983,30506494199.322983,8083000000.0,864300000.0,6197800000.0,669700000.0,1500400000.0,1349700000.0,1459100000.0,630200000.0,593850918.2790439,0.11325829732858905,0.07346912263751626,45.55247752624008,22.602425871914487,0.044243038586516875,47.0361697862948,2.3808314820691843,0.5787814406140772,1687600000.0,311900000.0,0.24737102560930346,4.0,0.1732487024213038,0.1723682283347282,40.76923076923077,-0.11696085361244755,0.8894984522764113,260.0,[],True,1.0,ig,Semiconductors and Semiconductor Equipment,42.857142857142854,31.25,12.5,33.33333333333333,65.625,100.0,42.85714285714286,25.0,71.1864406779661,1.0,27.128999970711302,"{'profitability': 54.3, 'growth': 61.1, 'balance': 80.7, 'stability': 42.2}",42.522911575955064,False,-0.8563887318452421,53.22062301179971,,34.825955773333185,,False,"{""floor"": false, ""depressed_arms"": {""self_pct"": false, ""self_z"": false, ""median_ratio"": false}, ""yield_arm"": false, ""residual_arm"": false, ""brakes"": {""gm"": false, ""fcf_margin"": true, ""roic"": false}, ""self_pct"": 40.76923076923077, ""self_z"": -0.11696085361244755, ""median_ratio"": 0.8894984522764113, ""fcf_yield"": 0.044243038586516875, ""yield_threshold"": 0.0495, ""gs10"": 0.0495, ""residual_pct"": null, ""brake_values"": {""gm"": 0.877957766816881, ""fcf_margin"": 1.4213391393353718, ""roic"": 0.4240673760364165}}",False,"{""floor"": false, ""mom_sector_pct"": 71.1864406779661, ""eps_rev_proxy"": null}"
GILD,882095,Gilead Sciences,Health Care,Biotechnology,Pharmaceuticals Biotechnology and Life Sciences,22.20123203285421,887919437.1538635,0.23932237165138348,-0.061258848257228604,0.2873331308243403,10.0,0.7764249748288283,0.018483065643030375,0.30410705427176765,0.2907991712801005,0.1342563168718781,5,9,False,0.03584723676709367,0.0469381568096201,0.7959089864398989,0.3951144236136192,1.0250945194226475,1.299260961110498,-0.39028374604315247,gm_derived,143.72000122070312,1239955155.0,178206356390.21713,201794356390.21713,35417000000.0,23588000000.0,30457000000.0,-2497000000.0,12943000000.0,12034000000.0,274000000.0,-3240000000.0,-1981885461.7985902,0.2062933673213495,-0.05595859225226841,,16.76868509142572,0.05963496806981764,,,86.39416058394161,8314000000.0,14032000000.0,0.6309399440946438,4.0,0.14337925373423377,0.1512377202400723,70.0,0.5625328764812905,1.1436891328798489,260.0,[],True,0.8,ig,Pharmaceuticals Biotechnology and Life Sciences,54.54545454545454,90.9090909090909,87.5,40.909090909090914,63.63636363636363,,0.0,,59.523809523809526,1.0,21.00599114505035,"{'profitability': 50.0, 'growth': 34.5, 'balance': 0.0, 'stability': 69.2}",,False,-0.6800365708154681,33.100544592523626,,,,False,"{""floor"": false, ""depressed_arms"": {""self_pct"": false, ""self_z"": false, ""median_ratio"": false}, ""yield_arm"": true, ""residual_arm"": false, ""brakes"": {""gm"": true, ""fcf_margin"": true, ""roic"": false}, ""self_pct"": 70.0, ""self_z"": 0.5625328764812905, ""median_ratio"": 1.1436891328798489, ""fcf_yield"": 0.05963496806981764, ""yield_threshold"": 0.0495, ""gs10"": 0.0495, ""residual_pct"": null, ""brake_values"": {""gm"": 1.0250945194226475, ""fcf_margin"": 1.299260961110498, ""roic"": -0.39028374604315247}}",False,"{""floor"": false, ""mom_sector_pct"": 59.523809523809526, ""eps_rev_proxy"": null}"
DHR,313616,Danaher Corporation,Health Care,Life Sciences Tools & Services,Pharmaceuticals Biotechnology and Life Sciences,27.81930184804928,887155282.5165383,0.07310466014618044,-0.15684551988636386,0.060860307553342485,10.0,0.5991216904491218,0.017070404912784474,0.2374381052701874,0.22917538719129343,0.14775899253474936,6,9,False,0.019706835895877406,-0.005864959565540895,0.5851356195483332,0.2058788385709165,0.9766557093095658,0.8670842379602096,0.7746618093232842,,200.13999938964844,702986054.0,140695628418.49136,164242528418.49136,76127900000.0,23546900000.0,25107000000.0,5127000000.0,5466000000.0,5169000000.0,7658000000.0,4004000000.0,4295827383.452332,0.1621167576648467,0.056429080316839575,32.03482122459359,31.774526681851686,0.03147175125573654,35.13876833628655,1.3651348651348651,3.0733742491512146,47414000000.0,21358000000.0,0.903374452730208,1.0,0.07284350362661343,0.0647705183825852,56.15384615384615,0.2469452388126606,1.0425241691719103,260.0,[],True,1.0,ig,Pharmaceuticals Biotechnology and Life Sciences,27.27272727272727,63.63636363636363,37.5,18.181818181818183,63.63636363636363,75.0,27.272727272727266,22.222222222222214,33.33333333333333,1.0,18.245238093422756,"{'profitability': 55.3, 'growth': 8.2, 'balance': 0.0, 'stability': 74.2}",32.44152537672096,False,-0.025646405819710782,32.599968654544064,,25.34338173507186,,False,"{""floor"": false, ""depressed_arms"": {""self_pct"": false, ""self_z"": false, ""median_ratio"": false}, ""yield_arm"": false, ""residual_arm"": false, ""brakes"": {""gm"": true, ""fcf_margin"": false, ""roic"": false}, ""self_pct"": 56.15384615384615, ""self_z"": 0.2469452388126606, ""median_ratio"": 1.0425241691719103, ""fcf_yield"": 0.03147175125573654, ""yield_threshold"": 0.0495, ""gs10"": 0.0495, ""residual_pct"": null, ""brake_values"": {""gm"": 0.9766557093095658, ""fcf_margin"": 0.8670842379602096, ""roic"": 0.7746618093232842}}",False,"{""floor"": false, ""mom_sector_pct"": 33.33333333333333, ""eps_rev_proxy"": null}"
TMUS,1283699,T-Mobile US,Communication Services,Wireless Telecommunication Services,Telecommunication Services,7.1649555099247095,871595308.1618316,-0.2330066422215039,-0.218282188248489,-0.22976278609107403,6.0,,,0.09912887591457693,0.10299396624150309,0.6981245189098858,7,9,False,0.05243088054913425,,,0.19018538003449437,,1.918566898694425,1.3585829438241543,gm_derived,182.3300018310547,1072671613.0,195580217162.4104,316540217162.4104,177225000000.0,120960000000.0,92189000000.0,18253000000.0,18399000000.0,17533000000.0,32668000000.0,10560000000.0,13942255334.53888,0.23616636528028934,0.07866980016667445,17.34181872362956,18.053967784315883,0.055389486230762806,18.52085389795553,1.7423295454545455,3.7027060119995103,13667000000.0,3295000000.0,0.09570884468895471,0.0,0.057905776400544104,0.06197752167107899,4.3478260869565215,-0.17268392302517574,0.5000846869483578,253.0,['fcf_cagr5 gate'],False,0.9,sector,Communication Services,18.181818181818183,41.66666666666667,,22.727272727272727,20.833333333333336,63.63636363636363,16.666666666666657,50.0,41.66666666666667,1.0,14.282587201924594,"{'profitability': 36.1, 'growth': 43.7, 'balance': 0.0, 'stability': 51.9}",64.45017920256217,False,-0.47054363576814096,28.90195148396911,,39.366383202243384,,False,"{""floor"": false, ""depressed_arms"": {""self_pct"": true, ""self_z"": false, ""median_ratio"": true}, ""yield_arm"": true, ""residual_arm"": false, ""brakes"": {""gm"": false, ""fcf_margin"": true, ""roic"": true}, ""self_pct"": 4.3478260869565215, ""self_z"": -0.17268392302517574, ""median_ratio"": 0.5000846869483578, ""fcf_yield"": 0.055389486230762806, ""yield_threshold"": 0.0495, ""gs10"": 0.0495, ""residual_pct"": null, ""brake_values"": {""gm"": null, ""fcf_margin"": 1.918566898694425, ""roic"": 1.3585829438241543}}",False,"{""floor"": false, ""mom_sector_pct"": 41.66666666666667, ""eps_rev_proxy"": null}"
HON,773840,Honeywell Technologies,Industrials,Industrial Conglomerates,Capital Goods,69.52772073921972,869532416.175781,0.14123528155632759,-0.20114617595588147,-0.012906626581127623,10.0,,,0.13661173049647984,0.1395758773569788,0.07242834065339265,6,9,False,0.0278500503505279,0.004486161469561267,0.3933274552746096,0.11268807417730879,,0.824878462250447,0.7217397651105685,,202.36000061035156,316940010.0,64135980617.04483,87793980617.04483,42195000000.0,23658000000.0,35159000000.0,7935000000.0,4148000000.0,3962000000.0,9214000000.0,8213000000.0,6361022692.736299,0.19835882889271603,0.15075299662842276,11.06414374505921,22.15900570849188,0.04512837864456956,7.809080800809062,0.5050529648118836,2.532884740612112,19967000000.0,6413000000.0,0.6251925583599952,4.0,0.20887445020481563,0.21060821526254975,0.38461538461538464,-1.831521362330656,0.7276335397689089,260.0,[],True,0.9,ig,Capital Goods,68.42105263157895,78.57142857142857,,36.904761904761905,63.95348837209303,7.5,23.68421052631578,97.61904761904762,46.15384615384615,1.0,23.929915947002502,"{'profitability': 60.2, 'growth': 13.5, 'balance': 15.6, 'stability': 72.9}",81.49089454575183,False,-0.21700621074899784,27.52928102810554,,52.710405246377164,,False,"{""floor"": false, ""depressed_arms"": {""self_pct"": true, ""self_z"": true, ""median_ratio"": true}, ""yield_arm"": false, ""residual_arm"": false, ""brakes"": {""gm"": false, ""fcf_margin"": false, ""roic"": false}, ""self_pct"": 0.38461538461538464, ""self_z"": -1.831521362330656, ""median_ratio"": 0.7276335397689089, ""fcf_yield"": 0.04512837864456956, ""yield_threshold"": 0.0495, ""gs10"": 0.0495, ""residual_pct"": null, ""brake_values"": {""gm"": null, ""fcf_margin"": 0.824878462250447, ""roic"": 0.7217397651105685}}",False,"{""floor"": false, ""mom_sector_pct"": 46.15384615384615, ""eps_rev_proxy"": null}"
VLO,1035002,Valero Energy,Energy,Oil & Gas Refining & Marketing,Energy,23.731690622861056,860622481.0119911,1.226353265334084,0.0,1.5440127537866535,8.0,0.05865570886822978,0.4778365143891965,0.04221953922401318,0.042312082297149764,0.395140153597486,4,9,False,0.13578129304273,,0.08032454070030204,,1.3694240893201266,,1.43444361905801,gm_derived,390.4200134277344,287927461.0,112412643189.83347,119508643189.83347,32097000000.0,7096000000.0,139397000000.0,10011000000.0,,,13241000000.0,7212000000.0,7739000000.0,0.22695035460992907,0.24111287659282798,11.937732812889168,,,15.586888961430043,,0.28917755456536515,260000000.0,123000000.0,0.01193257936878836,4.0,0.16808808194996555,0.08872031432067749,93.30708661417323,0.13580795033854492,2.5684410646269082,254.0,['fcf_cagr5 gate'],False,0.8,ig,Energy,80.0,12.5,20.0,68.18181818181817,50.0,,72.72727272727273,54.54545454545455,100.0,1.0,19.051307169213533,"{'profitability': 30.6, 'growth': 100.0, 'balance': 90.4, 'stability': 27.5}",,False,,,,,,False,"{""floor"": false, ""depressed_arms"": {""self_pct"": false, ""self_z"": false, ""median_ratio"": false}, ""yield_arm"": false, ""residual_arm"": false, ""brakes"": {""gm"": true, ""fcf_margin"": false, ""roic"": true}, ""self_pct"": 93.30708661417323, ""self_z"": 0.13580795033854492, ""median_ratio"": 2.5684410646269082, ""fcf_yield"": null, ""yield_threshold"": 0.0495, ""gs10"": 0.0495, ""residual_pct"": null, ""brake_values"": {""gm"": 1.3694240893201266, ""fcf_margin"": null, ""roic"": 1.43444361905801}}",False,"{""floor"": false, ""mom_sector_pct"": 100.0, ""eps_rev_proxy"": null}"
MCK,927653,McKesson Corporation,Health Care,Health Care Distributors,Health Care Equipment and Services,27.665982203969882,839689616.9716985,0.22500776257418598,-0.10453335777019279,0.24396360267850792,10.0,0.04181892019331979,0.12015224907476518,,,0.15652509207595816,9,9,False,0.11110493647209152,,0.03639079961944898,0.015611351321100872,0.8701994085744493,,2.3821310566266685,sbc_unreported,881.510009765625,116590363.0,102775572026.70776,109851572026.70776,2836000000.0,7076000000.0,410983000000.0,6495000000.0,6416000000.0,6416000000.0,6813000000.0,4592000000.0,5330365438.2161665,0.17931248064416228,1.879536473277915,16.913252044142844,17.121504368252456,0.058406082695294556,22.381439901286534,1.397212543554007,0.9834140613532951,11278000000.0,4013000000.0,5.3917489421720735,7.0,0.7890147219437722,0.8310921139778324,90.76923076923077,1.6241687829294547,1.4987000085693771,260.0,['fcf_cagr5 gate'],False,0.9,ig,Health Care Equipment and Services,100.0,,13.043478260869565,77.58620689655173,59.67741935483871,62.06896551724138,57.142857142857146,76.66666666666667,54.761904761904766,1.0,55.46248320204898,"{'profitability': 53.1, 'growth': 92.6, 'balance': 67.2, 'stability': 80.2}",44.27182480858836,False,-0.4301533207081314,26.32419713971851,,49.86715400531867,,False,"{""floor"": false, ""depressed_arms"": {""self_pct"": false, ""self_z"": false, ""median_ratio"": false}, ""yield_arm"": true, ""residual_arm"": false, ""brakes"": {""gm"": false, ""fcf_margin"": false, ""roic"": true}, ""self_pct"": 90.76923076923077, ""self_z"": 1.6241687829294547, ""median_ratio"": 1.4987000085693771, ""fcf_yield"": 0.058406082695294556, ""yield_threshold"": 0.0495, ""gs10"": 0.0495, ""residual_pct"": null, ""brake_values"": {""gm"": 0.8701994085744493, ""fcf_margin"": null, ""roic"": 2.3821310566266685}}",False,"{""floor"": false, ""mom_sector_pct"": 54.761904761904766, ""eps_rev_proxy"": null}"
MCHP,827054,Microchip Technology,Information Technology,Semiconductors,Semiconductors and Semiconductor Equipment,19.017111567419576,839013132.6585896,0.24818797887077038,-0.2518149112478839,0.17686965881454997,10.0,0.6239912727819514,0.07355780748229103,0.2532650122478004,0.3183092318977261,0.4895780190996826,6,9,False,-0.028221913703690094,-0.13741197174832065,0.601936630029479,0.16270034945239442,0.9646555269048142,0.6424114725061376,0.533981680382873,,74.19999694824219,543008691.0,40291243215.068985,45524643215.068985,11684400000.0,5233400000.0,5122300000.0,794800000.0,1110900000.0,833400000.0,1469700000.0,478400000.0,656478453.038674,0.17403314917127072,0.05618418173279535,57.2781117451799,54.62520184193543,0.018306568511977674,84.22082611845524,2.3221153846153846,3.560862761107709,6695500000.0,5939500000.0,1.0813563383656841,4.0,0.10521743310090795,0.11946060964878757,75.0,1.3307505707808045,2.5192873484402316,260.0,"['rev_cagr5 gate', 'fcf_cagr5 gate']",False,1.0,ig,Semiconductors and Semiconductor Equipment,14.285714285714285,81.25,81.25,33.33333333333333,65.625,93.33333333333333,0.0,18.75,50.847457627118644,1.0,9.596488495418713,"{'profitability': 46.6, 'growth': 0.0, 'balance': 0.0, 'stability': 51.5}",20.283637220259966,False,0.03727147783216189,52.626714477862514,,14.94006285783934,,False,"{""floor"": false, ""depressed_arms"": {""self_pct"": false, ""self_z"": false, ""median_ratio"": false}, ""yield_arm"": false, ""residual_arm"": false, ""brakes"": {""gm"": false, ""fcf_margin"": false, ""roic"": false}, ""self_pct"": 75.0, ""self_z"": 1.3307505707808045, ""median_ratio"": 2.5192873484402316, ""fcf_yield"": 0.018306568511977674, ""yield_threshold"": 0.0495, ""gs10"": 0.0495, ""residual_pct"": null, ""brake_values"": {""gm"": 0.9646555269048142, ""fcf_margin"": 0.6424114725061376, ""roic"": 0.533981680382873}}",False,"{""floor"": false, ""mom_sector_pct"": 50.847457627118644, ""eps_rev_proxy"": null}"
SYK,310764,Stryker Corporation,Health Care,Health Care Equipment,Health Care Equipment and Services,25.752224503764545,813655025.2821937,-0.10611046538138524,-0.2849758657429752,-0.27384156073781696,10.0,0.6368841552583351,0.0075950343782137655,0.13986665078941377,0.144191192741757,0.2389333126678582,8,9,False,0.11844250103109899,0.08950386245589304,0.6497658396872702,0.17227232263807718,1.0202261028517974,1.2316897678307468,1.118869809346284,,275.55999755859375,383573046.0,105697387619.30237,117761387619.30237,36052000000.0,12064000000.0,25837000000.0,5534000000.0,4702000000.0,4451000000.0,7153000000.0,3729000000.0,4008602564.102564,0.27564102564102566,0.11118946422119616,21.27961467641893,26.45728771496346,0.03779676929749792,28.34470035379522,1.2609278626977742,1.685306864252761,19584000000.0,5681000000.0,0.7007932985687341,4.0,0.09937658813598717,0.10108864956285928,0.38461538461538464,-2.4686071843766486,0.5570074504002905,260.0,[],True,1.0,ig,Health Care Equipment and Services,42.857142857142854,73.33333333333333,65.21739130434783,53.44827586206896,59.67741935483871,48.275862068965516,46.42857142857143,40.0,19.047619047619047,1.0,49.684109768105436,"{'profitability': 54.1, 'growth': 86.6, 'balance': 43.8, 'stability': 81.7}",62.00569745591605,False,0.051665821655046074,25.1250618149903,,55.84490361201074,,False,"{""floor"": false, ""depressed_arms"": {""self_pct"": true, ""self_z"": true, ""median_ratio"": true}, ""yield_arm"": false, ""residual_arm"": false, ""brakes"": {""gm"": true, ""fcf_margin"": true, ""roic"": true}, ""self_pct"": 0.38461538461538464, ""self_z"": -2.4686071843766486, ""median_ratio"": 0.5570074504002905, ""fcf_yield"": 0.03779676929749792, ""yield_threshold"": 0.0495, ""gs10"": 0.0495, ""residual_pct"": null, ""brake_values"": {""gm"": 1.0202261028517974, ""fcf_margin"": 1.2316897678307468, ""roic"": 1.118869809346284}}",False,"{""floor"": false, ""mom_sector_pct"": 19.047619047619047, ""eps_rev_proxy"": null}"
HWM,4281,Howmet Aerospace,Industrials,Aerospace & Defense,Capital Goods,9.894592744695414,791858019.5290259,0.5598968469781336,-0.20599624308109565,0.23856395690659138,5.0,,,0.10216369093517774,0.09518072289156626,0.5188785099295833,6,9,False,0.09428692393516935,,,0.1964461994076999,,1.922857304875015,1.47095993633431,sbc_unreported;gm_derived,229.61000061035156,398801399.0,91568789467.79906,95669789467.79906,9833000000.0,4101000000.0,9117000000.0,2495000000.0,1791000000.0,1791000000.0,2798000000.0,1871000000.0,2045637598.5977213,0.1801051709027169,0.20803799436567896,38.34460499711385,53.4169678770514,0.01872064326641821,48.941095386316974,0.9572421165152325,1.4656897784131522,5084000000.0,457000000.0,0.5635106274788976,3.0,0.14143008876510793,0.12899990538366923,,,,,['fcf_cagr5 gate'],False,0.8,ig,Capital Goods,50.0,52.38095238095239,,27.380952380952383,8.13953488372093,32.5,55.26315789473684,14.285714285714292,87.6923076923077,1.0,26.41301403082357,"{'profitability': 51.3, 'growth': 78.6, 'balance': 51.1, 'stability': 44.4}",,False,0.6716526908344576,27.2887834510888,,,,False,"{""floor"": false, ""depressed_arms"": {""self_pct"": false, ""self_z"": false, ""median_ratio"": false}, ""yield_arm"": false, ""residual_arm"": false, ""brakes"": {""gm"": false, ""fcf_margin"": true, ""roic"": true}, ""self_pct"": null, ""self_z"": null, ""median_ratio"": null, ""fcf_yield"": 0.01872064326641821, ""yield_threshold"": 0.0495, ""gs10"": 0.0495, ""residual_pct"": null, ""brake_values"": {""gm"": null, ""fcf_margin"": 1.922857304875015, ""roic"": 1.47095993633431}}",False,"{""floor"": false, ""mom_sector_pct"": 87.6923076923077, ""eps_rev_proxy"": null}"
FTNT,1262039,Fortinet,Information Technology,Systems Software,Software and Services,7.923340177960301,791770594.0684185,1.008157553890498,-0.05981923298663405,0.9587099237759529,10.0,0.7794200707206859,0.027473272153326362,0.2829603198027521,0.27944503091539735,0.2071513558095127,9,9,False,0.21252104718544174,0.18370167203478394,0.8020432021680793,0.374750910008768,1.029025595179343,1.3243938594287774,,ev_or_ic_nonpos,156.07000732421875,733713653.0,114510695197.5893,110904295197.5893,-2055300000.0,-3606400000.0,7527400000.0,2442200000.0,3117000000.0,2820900000.0,2601300000.0,2120742685.0,,,,45.41163508213467,39.31521684483296,0.025435444091450456,53.99556297306729,1.4697681251226384,-1.3863837312113174,257400000.0,85984000.0,-0.16707244684474287,,,,63.46153846153846,0.39862740609795716,1.1586157554468977,260.0,[],True,0.8,ig,Software and Services,,86.95652173913044,47.368421052631575,,65.21739130434783,36.36363636363637,85.71428571428572,27.272727272727266,79.66101694915254,1.0,86.89510499419173,"{'profitability': 100.0, 'growth': 100.0, 'balance': 100.0, 'stability': 86.9}",29.89578474258665,True,,,,58.39544486838919,21.0,False,"{""floor"": true, ""depressed_arms"": {""self_pct"": false, ""self_z"": false, ""median_ratio"": false}, ""yield_arm"": false, ""residual_arm"": false, ""brakes"": {""gm"": true, ""fcf_margin"": true, ""roic"": false}, ""self_pct"": 63.46153846153846, ""self_z"": 0.39862740609795716, ""median_ratio"": 1.1586157554468977, ""fcf_yield"": 0.025435444091450456, ""yield_threshold"": 0.0495, ""gs10"": 0.0495, ""residual_pct"": null, ""brake_values"": {""gm"": 1.029025595179343, ""fcf_margin"": 1.3243938594287774, ""roic"": null}}",False,"{""floor"": true, ""mom_sector_pct"": 79.66101694915254, ""eps_rev_proxy"": 21.0}"
CDNS,813672,Cadence Design Systems,Information Technology,Application Software,Software and Services,8.985626283367557,783789681.9737493,-0.05432631613270833,-0.2530267064839157,-0.15753468655645997,10.0,,,0.22198518524072827,0.2252398907966922,0.1596177471548714,9,9,False,0.1457277629468552,0.14393610637353804,,0.17077827657678335,,0.7693228554490499,0.5430436785927608,gm_derived,289.3699951171875,275816000.0,79812874573.24219,78778945573.24219,5527534000.0,-1033929000.0,5528613000.0,1561851000.0,1429912000.0,944167000.0,1821385000.0,1170969000.0,1147025316.2643764,0.265598756690378,0.20751121861292512,50.43947570750487,83.43751219142608,0.011985016975407358,68.15968191578273,1.22113565773304,-0.5676608734561885,4929581000.0,591028000.0,0.998747180930954,10.0,0.3821262023538661,0.37370047619423696,61.53846153846154,0.15156670851595297,1.0460393401267716,260.0,[],True,0.9,ig,Software and Services,80.0,73.91304347826086,,97.61904761904762,65.21739130434783,18.181818181818183,66.66666666666667,22.727272727272734,23.728813559322035,1.0,83.69548927680673,"{'profitability': 84.2, 'growth': 100.0, 'balance': 100.0, 'stability': 89.4}",25.413686910804028,True,0.8964266788998052,34.04459612228092,88.46153846153845,54.55458809380538,6.0,False,"{""floor"": true, ""depressed_arms"": {""self_pct"": false, ""self_z"": false, ""median_ratio"": false}, ""yield_arm"": false, ""residual_arm"": false, ""brakes"": {""gm"": false, ""fcf_margin"": false, ""roic"": false}, ""self_pct"": 61.53846153846154, ""self_z"": 0.15156670851595297, ""median_ratio"": 1.0460393401267716, ""fcf_yield"": 0.011985016975407358, ""yield_threshold"": 0.0495, ""gs10"": 0.0495, ""residual_pct"": 88.46153846153845, ""brake_values"": {""gm"": null, ""fcf_margin"": 0.7693228554490499, ""roic"": 0.5430436785927608}}",True,"{""floor"": true, ""mom_sector_pct"": 23.728813559322035, ""eps_rev_proxy"": 6.0}"
FIX,1035983,Comfort Systems USA,Industrials,Construction & Engineering,Capital Goods,0.7255304585900069,782038769.0201886,1.3586528229916515,-0.1510705760380131,1.2479832180239243,10.0,0.19659443124877105,0.08100351152728659,0.17252296145824347,0.10213472485768502,0.5853704711450496,8,9,False,-0.08508751361229527,0.3149343608446671,0.27509703312732825,0.536067569066539,1.3993124392176695,3.107224479196561,1.725476250779451,,1690.8199462890625,35194329.0,59507273469.459595,58041172469.459595,1751168000.0,-1466101000.0,3957669000.0,743811000.0,2159806000.0,2121578000.0,791434000.0,1434401000.0,601318080.3392045,0.19157140679661291,0.34338114923251484,78.03215127157247,27.357548235068233,0.03655298316236363,41.48580032324266,1.5057198091747008,-1.8755638499230511,1101475000.0,534580000.0,0.9342650162634311,6.0,0.19900659257257175,0.14350713819195393,57.30769230769231,0.3082849699674555,1.1552680327337737,260.0,"['tenure<1y', 'rev_cagr5 gate']",False,1.0,ig,Capital Goods,63.1578947368421,92.85714285714286,18.181818181818183,45.23809523809524,63.95348837209303,87.5,94.73684210526316,4.761904761904773,100.0,1.0,41.42044692654132,"{'profitability': 56.3, 'growth': 50.0, 'balance': 100.0, 'stability': 61.3}",28.22779971061385,False,-0.005168695891368369,27.49931714680673,,34.824123318577584,,False,"{""floor"": false, ""depressed_arms"": {""self_pct"": false, ""self_z"": false, ""median_ratio"": false}, ""yield_arm"": false, ""residual_arm"": false, ""brakes"": {""gm"": true, ""fcf_margin"": true, ""roic"": true}, ""self_pct"": 57.30769230769231, ""self_z"": 0.3082849699674555, ""median_ratio"": 1.1552680327337737, ""fcf_yield"": 0.03655298316236363, ""yield_threshold"": 0.0495, ""gs10"": 0.0495, ""residual_pct"": null, ""brake_values"": {""gm"": 1.3993124392176695, ""fcf_margin"": 3.107224479196561, ""roic"": 1.725476250779451}}",False,"{""floor"": false, ""mom_sector_pct"": 100.0, ""eps_rev_proxy"": null}"
SNPS,883241,Synopsys,Information Technology,Application Software,Software and Services,9.494866529774127,766509624.7164156,-0.009284315650951558,-0.2433451189597502,-0.06597721593332428,10.0,0.7946476583909342,0.016588977037796018,0.16710025916525123,0.17870656226177667,0.0832666902490432,9,9,False,0.13866287520721876,0.1002950225005994,0.7237516414068337,0.19090922124172924,0.9107830794749255,1.1424830948522497,0.10244229184602927,,397.3800048828125,191636646.0,76152571323.20581,83385531323.20581,38385499000.0,7232960000.0,9416465000.0,802356000.0,2747706000.0,1797690000.0,2613500000.0,1076559000.0,664571500.458509,0.17172489461223076,0.017313087435922324,103.92585251834075,46.38482236826472,0.021558776102679953,70.73701610706502,2.552304146823351,2.7679816338243732,26834774000.0,336723000.0,0.7078583764144892,6.0,0.16900332005402505,0.21763821244221634,18.461538461538463,-0.34056918199022257,0.6560875283876577,260.0,[],True,1.0,ig,Software and Services,60.0,34.78260869565217,63.1578947368421,69.04761904761905,65.21739130434783,81.81818181818183,14.285714285714292,13.63636363636364,30.508474576271187,1.0,43.21337004821303,"{'profitability': 40.1, 'growth': 91.8, 'balance': 7.7, 'stability': 94.2}",38.55854192171308,False,0.3276594603577614,33.42529140857564,,40.885955984963054,,False,"{""floor"": false, ""depressed_arms"": {""self_pct"": true, ""self_z"": false, ""median_ratio"": true}, ""yield_arm"": false, ""residual_arm"": false, ""brakes"": {""gm"": false, ""fcf_margin"": true, ""roic"": false}, ""self_pct"": 18.461538461538463, ""self_z"": -0.34056918199022257, ""median_ratio"": 0.6560875283876577, ""fcf_yield"": 0.021558776102679953, ""yield_threshold"": 0.0495, ""gs10"": 0.0495, ""residual_pct"": null, ""brake_values"": {""gm"": 0.9107830794749255, ""fcf_margin"": 1.1424830948522497, ""roic"": 0.10244229184602927}}",False,"{""floor"": false, ""mom_sector_pct"": 30.508474576271187, ""eps_rev_proxy"": null}"
PWR,1050915,Quanta Services,Industrials,Construction & Engineering,Capital Goods,17.201916495550993,764525982.3625451,0.7942749957322208,-0.15495082327480303,0.7021776772709336,10.0,0.1475346341239276,0.024182864034821915,0.039690042546249055,0.04857662068844642,0.508076692604365,8,9,False,0.2051545611518748,,0.1545648187486818,0.06580795583911814,1.047651079805769,1.6580469966096667,1.273563132684261,,650.5800170898438,150343393.0,97810407187.2851,100492785187.2851,12320320000.0,2682378000.0,32905140000.0,2035759000.0,2391158000.0,2165420000.0,3066283000.0,1340415000.0,1565980503.6620963,0.230763315470006,0.12710550567372408,49.36379266272928,46.40798791333094,0.021548014576015365,72.97024219162356,1.78389379408616,0.8408803101344526,7868886000.0,3217584000.0,0.899852438897691,3.0,0.09980306622556404,0.10345907512982935,38.05668016194332,-0.04750176374262688,0.8974215655454414,247.0,['fcf_cagr5 gate'],False,1.0,ig,Capital Goods,23.684210526315788,9.523809523809524,9.090909090909092,27.380952380952383,63.95348837209303,92.5,78.94736842105263,7.142857142857139,93.84615384615384,1.0,44.118784893228316,"{'profitability': 35.6, 'growth': 100.0, 'balance': 72.0, 'stability': 67.0}",32.107261515661754,False,0.5388404493526564,27.07555113024013,,38.113023204445035,,False,"{""floor"": false, ""depressed_arms"": {""self_pct"": false, ""self_z"": false, ""median_ratio"": false}, ""yield_arm"": false, ""residual_arm"": false, ""brakes"": {""gm"": true, ""fcf_margin"": true, ""roic"": true}, ""self_pct"": 38.05668016194332, ""self_z"": -0.04750176374262688, ""median_ratio"": 0.8974215655454414, ""fcf_yield"": 0.021548014576015365, ""yield_threshold"": 0.0495, ""gs10"": 0.0495, ""residual_pct"": null, ""brake_values"": {""gm"": 1.047651079805769, ""fcf_margin"": 1.6580469966096667, ""roic"": 1.273563132684261}}",False,"{""floor"": false, ""mom_sector_pct"": 93.84615384615384, ""eps_rev_proxy"": null}"
UNP,100885,Union Pacific Corporation,Industrials,Rail Transportation,Transportation,69.52772073921972,757367163.5738,0.3888809101651205,-0.07248887913527224,0.35123526955814177,10.0,,,0.23195249432241727,0.22685427135678393,0.08169301494439866,6,9,False,0.046441301388703726,-0.00409540654240681,,0.25596221959858323,,1.1035113907539709,0.9748196182432454,sbc_unreported,284.3999938964844,594075498.0,168955068005.25092,200102068005.25092,51820000000.0,31147000000.0,25410000000.0,10171000000.0,6504000000.0,6504000000.0,12684000000.0,7330000000.0,7839477392.218717,0.22923238696109358,0.1512828520304654,19.673785075730105,30.766000615813486,0.032503412207760526,23.04980463918839,0.8873124147339699,2.455613371176285,,,0.0,7.0,0.15519061085690625,0.15382244592219566,64.61538461538461,0.593554892795147,1.0823259709493094,260.0,[],True,0.9,ig,Transportation,54.54545454545454,100.0,,50.0,77.27272727272727,36.36363636363637,11.111111111111114,54.54545454545455,73.84615384615385,1.0,32.20610896553829,"{'profitability': 83.2, 'growth': 19.4, 'balance': 18.1, 'stability': 72.3}",39.197993359297854,False,0.11368020039897964,27.45998910966258,,35.70205116241807,,False,"{""floor"": false, ""depressed_arms"": {""self_pct"": false, ""self_z"": false, ""median_ratio"": false}, ""yield_arm"": false, ""residual_arm"": false, ""brakes"": {""gm"": false, ""fcf_margin"": true, ""roic"": true}, ""self_pct"": 64.61538461538461, ""self_z"": 0.593554892795147, ""median_ratio"": 1.0823259709493094, ""fcf_yield"": 0.032503412207760526, ""yield_threshold"": 0.0495, ""gs10"": 0.0495, ""residual_pct"": null, ""brake_values"": {""gm"": null, ""fcf_margin"": 1.1035113907539709, ""roic"": 0.9748196182432454}}",False,"{""floor"": false, ""mom_sector_pct"": 73.84615384615385, ""eps_rev_proxy"": null}"
CMCSA,1166691,Comcast,Communication Services,Cable & Satellite,Media and Entertainment,23.81656399726215,752592934.227917,-0.11411680817535375,-0.19021086174253454,-0.1472781952014408,10.0,,,0.13684120459358895,0.12353173428091994,0.14409407456016202,7,9,False,0.03618450068524881,0.07070616175279487,,0.15270127457887658,,1.1159012742718188,0.8686864948629768,shares_was_proxy,25.200000762939453,3535000000.0,89082002696.99097,93624002696.99097,94305000000.0,4542000000.0,124904000000.0,18318000000.0,20444000000.0,19073000000.0,34078000000.0,11199000000.0,14114771543.086172,0.22945891783567135,0.14967150780007604,5.111038470192759,4.908719273160539,0.20371912597807568,7.954460460486737,1.8255201357264041,0.13307705851282353,53070000000.0,79925000000.0,1.4102645670961242,10.0,0.17229634475172156,0.15818887429972628,7.6923076923076925,-1.7728969742147356,0.5542078846910576,260.0,[],True,0.9,ig,Media and Entertainment,44.44444444444444,60.0,,94.44444444444444,70.0,66.66666666666666,60.0,90.0,66.66666666666666,1.0,50.547367644746586,"{'profitability': 62.1, 'growth': 44.5, 'balance': 95.6, 'stability': 75.6}",87.66666666666667,False,-1.3387184438780868,29.619889764835165,,69.10701715570663,,False,"{""floor"": false, ""depressed_arms"": {""self_pct"": true, ""self_z"": true, ""median_ratio"": true}, ""yield_arm"": true, ""residual_arm"": false, ""brakes"": {""gm"": false, ""fcf_margin"": true, ""roic"": false}, ""self_pct"": 7.6923076923076925, ""self_z"": -1.7728969742147356, ""median_ratio"": 0.5542078846910576, ""fcf_yield"": 0.20371912597807568, ""yield_threshold"": 0.0495, ""gs10"": 0.0495, ""residual_pct"": null, ""brake_values"": {""gm"": null, ""fcf_margin"": 1.1159012742718188, ""roic"": 0.8686864948629768}}",False,"{""floor"": false, ""mom_sector_pct"": 66.66666666666666, ""eps_rev_proxy"": null}"
MPC,1510295,Marathon Petroleum,Energy,Oil & Gas Refining & Marketing,Energy,15.203285420944558,736615869.5887076,0.9989455049632003,0.0,1.2328780090197449,9.0,0.1105474730531378,0.2210653449589253,0.0519947956857167,0.04317173637515843,0.5400458367519454,5,9,False,0.13717834715373045,,0.1249601177259616,0.08399044127701413,1.1303751616818591,1.6153624640568947,1.4187522776248285,sbc_unreported;gm_derived,395.92999267578125,280824763.0,111186946357.768,117656946357.768,25547000000.0,6470000000.0,153577000000.0,14133000000.0,12899000000.0,12899000000.0,17449000000.0,8554000000.0,11411539780.736101,0.19256068911511354,0.44668805655208443,8.324980284282743,9.121400601423987,0.1096322860596524,12.99824016340519,1.5079494973111995,-0.009914608287007852,9335000000.0,2714000000.0,0.47164050573452854,6.0,0.314845701816174,0.24577882683491659,50.38461538461539,0.00199562328249291,1.003783877689819,260.0,['fcf_cagr5 gate'],False,1.0,ig,Energy,100.0,25.0,40.0,95.45454545454545,72.72727272727273,100.0,90.9090909090909,72.72727272727273,90.9090909090909,1.0,25.596299288919322,"{'profitability': 58.6, 'growth': 100.0, 'balance': 100.0, 'stability': 30.7}",70.48484848484848,False,-0.8959874254870654,22.3451834557514,,48.040573886883905,,False,"{""floor"": false, ""depressed_arms"": {""self_pct"": false, ""self_z"": false, ""median_ratio"": false}, ""yield_arm"": true, ""residual_arm"": false, ""brakes"": {""gm"": true, ""fcf_margin"": true, ""roic"": true}, ""self_pct"": 50.38461538461539, ""self_z"": 0.00199562328249291, ""median_ratio"": 1.003783877689819, ""fcf_yield"": 0.1096322860596524, ""yield_threshold"": 0.0495, ""gs10"": 0.0495, ""residual_pct"": null, ""brake_values"": {""gm"": 1.1303751616818591, ""fcf_margin"": 1.6153624640568947, ""roic"": 1.4187522776248285}}",False,"{""floor"": false, ""mom_sector_pct"": 90.9090909090909, ""eps_rev_proxy"": null}"
WDAY,1327811,"Workday, Inc.",Information Technology,Application Software,Software and Services,1.7221081451060918,730822816.1532288,-0.11061375523246553,-0.24717234229249285,-0.1687183962772899,7.0,,,0.0672192589275002,0.07435023053681358,0.2610073822841178,9,9,False,0.17209392670406998,,,0.11797144263909404,,1.7550244456924606,,shares_was_proxy;gm_derived,185.6999969482422,247912000.0,46037257643.43262,46406257643.43262,6829000000.0,369000000.0,10155000000.0,1085000000.0,2844000000.0,1198000000.0,1340000000.0,1251000000.0,1057114485.9813085,0.02570093457943925,0.15479784536261657,42.7707443718273,38.736442106371136,0.025815483963498188,36.80036582208842,2.273381294964029,0.2753731343283582,5227000000.0,383000000.0,0.8214965587933811,0.0,,,13.392857142857142,-0.7008922452382222,0.2997081691639476,224.0,['fcf_cagr5 gate'],False,0.8,ig,Software and Services,,8.695652173913043,,14.285714285714285,10.869565217391305,72.72727272727273,42.85714285714286,31.818181818181827,22.033898305084744,1.0,64.9843959750395,"{'profitability': 53.6, 'growth': 100.0, 'balance': 90.8, 'stability': 82.6}",46.62343306783734,True,,,,55.80391452143842,19.0,False,"{""floor"": true, ""depressed_arms"": {""self_pct"": true, ""self_z"": false, ""median_ratio"": true}, ""yield_arm"": false, ""residual_arm"": false, ""brakes"": {""gm"": false, ""fcf_margin"": true, ""roic"": false}, ""self_pct"": 13.392857142857142, ""self_z"": -0.7008922452382222, ""median_ratio"": 0.2997081691639476, ""fcf_yield"": 0.025815483963498188, ""yield_threshold"": 0.0495, ""gs10"": 0.0495, ""residual_pct"": null, ""brake_values"": {""gm"": null, ""fcf_margin"": 1.7550244456924606, ""roic"": null}}",True,"{""floor"": true, ""mom_sector_pct"": 22.033898305084744, ""eps_rev_proxy"": 19.0}"
CVS,64803,CVS Health,Health Care,Health Care Services,Health Care Equipment and Services,69.52772073921972,722757076.9729046,0.3369410745515984,-0.12140332709305401,0.3025405747533212,10.0,,,0.03071697999167266,0.027411005768972766,0.3240091096033006,9,9,False,0.08393742925077285,,0.4449078022385723,0.026604125410155968,,0.8661048520189263,0.9643303543684867,,94.66000366210938,1278970369.0,121067339813.26938,195201339813.26938,153836000000.0,74134000000.0,415086000000.0,8288000000.0,11758000000.0,11043000000.0,12810000000.0,4890000000.0,6996177639.536893,0.15586659754622428,0.04547815621530001,23.55228520912999,17.676477389592446,0.056572357600433436,24.758147201077584,2.4044989775051127,5.771818891491023,85478000000.0,10498000000.0,0.6238851764216439,2.0,0.047160349157610415,0.04058011647135661,53.84615384615385,0.03265934807014843,1.0491965607858913,260.0,['fcf_cagr5 gate'],False,0.9,ig,Health Care Equipment and Services,17.857142857142858,20.0,,37.93103448275862,59.67741935483871,89.65517241379311,0.0,33.33333333333334,71.42857142857143,1.0,21.30166300070467,"{'profitability': 15.5, 'growth': 69.9, 'balance': 0.0, 'stability': 78.4}",43.97170728013003,False,-0.33485831462039517,24.707160719930815,,32.636685140417356,,False,"{""floor"": false, ""depressed_arms"": {""self_pct"": false, ""self_z"": false, ""median_ratio"": false}, ""yield_arm"": true, ""residual_arm"": false, ""brakes"": {""gm"": false, ""fcf_margin"": false, ""roic"": true}, ""self_pct"": 53.84615384615385, ""self_z"": 0.03265934807014843, ""median_ratio"": 1.0491965607858913, ""fcf_yield"": 0.056572357600433436, ""yield_threshold"": 0.0495, ""gs10"": 0.0495, ""residual_pct"": null, ""brake_values"": {""gm"": null, ""fcf_margin"": 0.8661048520189263, ""roic"": 0.9643303543684867}}",False,"{""floor"": false, ""mom_sector_pct"": 71.42857142857143, ""eps_rev_proxy"": null}"
FLEX,866374,Flex Ltd.,Information Technology,Electronic Manufacturing Services,Technology Hardware and Equipment,0.2272416153319644,713302593.2789409,1.2021295452260352,-0.23788836114557033,1.0209460102821706,5.0,0.07755882592438015,0.11366491043602851,0.023950197492487335,0.024380087071739543,0.3760868269968893,5,9,False,0.029614264794731948,,0.09368913793692554,0.02822291317866539,1.2079751958632334,1.1784000189358903,0.9167498120099786,sbc_unreported,115.77999877929688,369402978.0,42769476341.90863,46008476341.90863,8739000000.0,3239000000.0,29267000000.0,1449000000.0,826000000.0,826000000.0,1972000000.0,880000000.0,1043280000.0,0.28,0.11938208032955716,31.7518815334083,55.7003345543688,0.017953213530951154,48.60167766125981,0.9386363636363636,1.6424949290060853,1831000000.0,736000000.0,0.2937407025975512,6.0,0.13022318495796725,0.13323109930558044,89.23076923076924,1.241705342049708,2.5487168467255352,260.0,"['tenure<1y', 'fcf_cagr5 gate']",False,1.0,ig,Technology Hardware and Equipment,25.0,11.11111111111111,5.263157894736842,40.0,5.0,25.0,21.05263157894737,30.0,83.05084745762711,1.0,16.59922405114426,"{'profitability': 34.7, 'growth': 24.7, 'balance': 45.3, 'stability': 47.6}",18.385964059285346,False,0.45675946390469235,35.27684110792451,,17.492594055214802,,False,"{""floor"": false, ""depressed_arms"": {""self_pct"": false, ""self_z"": false, ""median_ratio"": false}, ""yield_arm"": false, ""residual_arm"": false, ""brakes"": {""gm"": true, ""fcf_margin"": true, ""roic"": true}, ""self_pct"": 89.23076923076924, ""self_z"": 1.241705342049708, ""median_ratio"": 2.5487168467255352, ""fcf_yield"": 0.017953213530951154, ""yield_threshold"": 0.0495, ""gs10"": 0.0495, ""residual_pct"": null, ""brake_values"": {""gm"": 1.2079751958632334, ""fcf_margin"": 1.1784000189358903, ""roic"": 0.9167498120099786}}",False,"{""floor"": false, ""mom_sector_pct"": 83.05084745762711, ""eps_rev_proxy"": null}"
VRTX,875320,Vertex Pharmaceuticals,Health Care,Biotechnology,Pharmaceuticals Biotechnology and Life Sciences,12.971937029431896,711600229.2634137,0.28190505554666445,-0.0595018448643434,0.3064659317066212,9.0,0.8710581185761932,0.009325386393999456,0.1994603070790299,0.2597037389100127,0.6932130193927832,9,9,False,0.14100488310526438,0.013024357577106516,0.8599529680945722,0.24683805770941908,0.9872509649530927,1.2375297186904322,0.6352873450517654,gm_derived,515.4400024414062,253460924.0,130643899285.36108,125063599285.36108,14667600000.0,-5580300000.0,12587200000.0,4777100000.0,3796100000.0,3107000000.0,4999200000.0,4405200000.0,3989777404.493317,0.16481183050526116,0.2720129676629658,26.179816056888296,40.25220446905732,0.024843359840545386,29.6567464100066,0.8617315899391628,-1.1162385981757081,1088000000.0,236300000.0,0.09028743625405657,6.0,0.428173124778365,0.43528024329737486,86.47342995169082,1.1449210724608188,1.2847226858473655,207.0,[],True,1.0,ig,Pharmaceuticals Biotechnology and Life Sciences,100.0,54.54545454545454,100.0,72.72727272727273,18.181818181818183,12.5,90.9090909090909,55.55555555555556,64.28571428571429,1.0,63.97583590275062,"{'profitability': 99.4, 'growth': 55.4, 'balance': 100.0, 'stability': 74.1}",29.11967461883028,True,0.17099625702531895,33.92555328856162,52.56410256410257,46.54775526079045,9.0,False,"{""floor"": true, ""depressed_arms"": {""self_pct"": false, ""self_z"": false, ""median_ratio"": false}, ""yield_arm"": false, ""residual_arm"": false, ""brakes"": {""gm"": true, ""fcf_margin"": true, ""roic"": false}, ""self_pct"": 86.47342995169082, ""self_z"": 1.1449210724608188, ""median_ratio"": 1.2847226858473655, ""fcf_yield"": 0.024843359840545386, ""yield_threshold"": 0.0495, ""gs10"": 0.0495, ""residual_pct"": 52.56410256410257, ""brake_values"": {""gm"": 0.9872509649530927, ""fcf_margin"": 1.2375297186904322, ""roic"": 0.6352873450517654}}",False,"{""floor"": true, ""mom_sector_pct"": 64.28571428571429, ""eps_rev_proxy"": 9.0}"
SBUX,829224,Starbucks,Consumer Discretionary,Restaurants,Consumer Services,26.26694045174538,698967764.5628039,0.34845098810404185,-0.08446917699806489,0.236382622957366,10.0,,,0.0898828895044791,0.08319834587380653,0.23130852669390775,8,9,True,0.09595337505976698,-0.14298220922492444,,0.08549414032442754,,0.9511725846348891,0.6130110097877871,gm_derived,98.73999786376953,1140000000.0,112563597564.69727,131394597564.69727,11156700000.0,18831000000.0,38338300000.0,2977500000.0,3642100000.0,3277700000.0,4644300000.0,1982800000.0,1918601033.7429295,0.3556335738898641,0.17196850625569654,44.12916794784123,40.08743861997659,0.024945470063075435,56.77002096262723,1.8368468831954812,4.053097345132743,1238800000.0,296200000.0,0.13758548674787346,9.0,0.2805308608000838,0.3004904593713034,40.76923076923077,-0.28179504855462145,0.9152946542557034,260.0,['fcf_cagr5 gate'],False,0.9,ig,Consumer Services,91.66666666666666,61.53846153846154,,100.0,80.76923076923077,84.61538461538461,11.111111111111114,0.0,90.9090909090909,1.0,27.663770743832895,"{'profitability': 59.6, 'growth': 40.0, 'balance': 0.0, 'stability': 77.2}",29.23364101892263,False,0.511553028469276,24.03497365889726,,28.448705881377762,,False,"{""floor"": false, ""depressed_arms"": {""self_pct"": false, ""self_z"": false, ""median_ratio"": false}, ""yield_arm"": false, ""residual_arm"": false, ""brakes"": {""gm"": false, ""fcf_margin"": true, ""roic"": false}, ""self_pct"": 40.76923076923077, ""self_z"": -0.28179504855462145, ""median_ratio"": 0.9152946542557034, ""fcf_yield"": 0.024945470063075435, ""yield_threshold"": 0.0495, ""gs10"": 0.0495, ""residual_pct"": null, ""brake_values"": {""gm"": null, ""fcf_margin"": 0.9511725846348891, ""roic"": 0.6130110097877871}}",False,"{""floor"": false, ""mom_sector_pct"": 90.9090909090909, ""eps_rev_proxy"": null}"
SHW,89800,Sherwin-Williams,Materials,Specialty Chemicals,Materials,62.20396988364134,698326496.5778387,0.004361068701375759,-0.12352996411545103,-0.09364936480644248,10.0,0.4578350353148436,0.061498395438229075,0.08856759496455152,0.08899150647293001,0.24455291392691372,9,9,False,0.05124800274973418,-0.030889145816553554,0.489817822804308,0.12670880734771797,1.0698565750160876,1.4306452308932196,,,323.30999755859375,242758151.0,78486137207.13873,92618062207.13873,17986625000.0,14131925000.0,24410300000.0,,3213200000.0,3093000000.0,,2688200000.0,,0.23013918322928004,,,29.94441067156118,0.03339521391715752,29.19653939704588,1.1952979689011234,,8023200000.0,3966100000.0,0.6665675189203089,5.0,0.1892866797451632,0.1855246972080784,2.6923076923076925,-1.1356549415935695,0.6534333824132981,260.0,[],True,0.8,ig,Materials,83.33333333333334,71.42857142857143,100.0,60.71428571428571,71.42857142857143,81.81818181818183,,,28.57142857142857,0.7,37.40385621816257,"{'profitability': 64.2, 'growth': 21.4, 'balance': None, 'stability': 81.6}",,False,0.0239369331731476,29.236143998457738,,,,False,"{""floor"": false, ""depressed_arms"": {""self_pct"": true, ""self_z"": true, ""median_ratio"": true}, ""yield_arm"": false, ""residual_arm"": false, ""brakes"": {""gm"": true, ""fcf_margin"": true, ""roic"": false}, ""self_pct"": 2.6923076923076925, ""self_z"": -1.1356549415935695, ""median_ratio"": 0.6534333824132981, ""fcf_yield"": 0.03339521391715752, ""yield_threshold"": 0.0495, ""gs10"": 0.0495, ""residual_pct"": null, ""brake_values"": {""gm"": 1.0698565750160876, ""fcf_margin"": 1.4306452308932196, ""roic"": null}}",False,"{""floor"": false, ""mom_sector_pct"": 28.57142857142857, ""eps_rev_proxy"": null}"
HLT,1585689,Hilton Worldwide,Consumer Discretionary,"Hotels, Resorts & Cruise Lines",Consumer Services,9.234770704996578,676246798.7255127,0.1928173221067262,-0.12186271042354324,0.11669881566796625,10.0,,,0.12342923101055385,0.1558081260068015,0.4829211664750461,8,9,False,0.22823963694173832,0.2509558783459027,,0.14769723668402082,,1.1966147360295223,,ev_or_ic_nonpos,306.19000244140625,225064910.0,68912625342.37488,69083625342.37488,-6132000000.0,171000000.0,12485000000.0,2915000000.0,2029000000.0,1844000000.0,3107000000.0,1584000000.0,2069636934.1102643,0.29000448229493503,,23.69935689275296,37.46400506636382,0.026692287656607933,43.505445291903335,1.2809343434343434,0.04602510460251046,5068000000.0,5664000000.0,-1.7501630789302023,2.0,-0.7223651229167325,-0.7217832560752915,69.61538461538461,0.08416077215076524,1.1384785055768778,260.0,[],True,0.9,ig,Consumer Services,8.333333333333332,84.61538461538461,,42.30769230769231,80.76923076923077,61.53846153846154,77.77777777777777,23.076923076923066,60.60606060606061,1.0,43.097203388639905,"{'profitability': 29.5, 'growth': 100.0, 'balance': 98.5, 'stability': 60.4}",26.84742988672597,False,,,,34.97231663768294,,False,"{""floor"": false, ""depressed_arms"": {""self_pct"": false, ""self_z"": false, ""median_ratio"": false}, ""yield_arm"": false, ""residual_arm"": false, ""brakes"": {""gm"": false, ""fcf_margin"": true, ""roic"": false}, ""self_pct"": 69.61538461538461, ""self_z"": 0.08416077215076524, ""median_ratio"": 1.1384785055768778, ""fcf_yield"": 0.026692287656607933, ""yield_threshold"": 0.0495, ""gs10"": 0.0495, ""residual_pct"": null, ""brake_values"": {""gm"": null, ""fcf_margin"": 1.1966147360295223, ""roic"": null}}",False,"{""floor"": false, ""mom_sector_pct"": 60.60606060606061, ""eps_rev_proxy"": null}"
F,37996,Ford Motor Company,Consumer Discretionary,Automobile Manufacturers,Consumer Durables and Apparel,69.52772073921972,675605447.0450082,0.28766940784273176,-0.1902924576944235,0.25182617360250004,9.0,0.13324574356055613,0.24677735648354715,0.039700696966098556,0.03531394906663791,0.5843633148779162,7,9,False,0.08052066341481323,-0.07617146693896004,0.08043779396505868,0.047650649685822784,0.6036800262103844,1.2002471827261092,1.5508184675126946,shares_was_proxy;gm_derived,13.970000267028809,4002000000.0,55907941068.64929,29016941068.649292,10562000000.0,-26891000000.0,189861000000.0,-7159000000.0,9546000000.0,9047000000.0,8850000000.0,,-5918477228.325975,0.17328157168236133,-0.5603557307636788,,3.2073550424062445,0.3117833812529133,,,-3.0420338983050845,483000000.0,170000000.0,0.061825411853815564,5.0,-0.36132902883366774,0.46524879216498705,93.52226720647774,1.9853918264321067,3.540216839238051,247.0,['fcf_cagr5 gate'],False,0.8,ig,Consumer Durables and Apparel,12.5,10.0,12.5,38.88888888888889,25.0,,80.0,,81.81818181818183,1.0,16.817741597099186,"{'profitability': 7.1, 'growth': 33.6, 'balance': 100.0, 'stability': 39.2}",,False,,,,,,False,"{""floor"": false, ""depressed_arms"": {""self_pct"": false, ""self_z"": false, ""median_ratio"": false}, ""yield_arm"": true, ""residual_arm"": false, ""brakes"": {""gm"": false, ""fcf_margin"": true, ""roic"": true}, ""self_pct"": 93.52226720647774, ""self_z"": 1.9853918264321067, ""median_ratio"": 3.540216839238051, ""fcf_yield"": 0.3117833812529133, ""yield_threshold"": 0.0495, ""gs10"": 0.0495, ""residual_pct"": null, ""brake_values"": {""gm"": 0.6036800262103844, ""fcf_margin"": 1.2002471827261092, ""roic"": 1.5508184675126946}}",False,"{""floor"": false, ""mom_sector_pct"": 81.81818181818183, ""eps_rev_proxy"": null}"
MDT,1613103,Medtronic,Health Care,Health Care Equipment,Health Care Equipment and Services,39.86858316221766,673700890.2384952,0.0022080017023293763,-0.11506302284766112,-0.0011959869594192485,10.0,,,0.14792446034464962,0.14181351939648745,0.08538024080072006,7,9,False,0.038417474974348664,0.021228777171166335,0.650098556283629,0.15012519311704225,,1.0148774095052646,1.1506337414540628,,90.95999908447266,1279137890.0,116350381303.31429,134070383303.31429,67952002000.0,17720002000.0,37542000000.0,6786000000.0,6132000000.0,5636000000.0,9725000000.0,430004801.0,5416056338.028169,0.20187793427230047,0.07970414673033722,19.75690882748516,23.788215632241712,0.042037621293655805,270.57926105181855,14.26030589830554,1.758560411311054,43187000000.0,27262000000.0,1.036746496446124,0.0,0.06926978052078901,0.07582692183093777,18.076923076923077,-0.7613546522808612,0.9153065843958613,260.0,[],True,0.9,ig,Health Care Equipment and Services,28.57142857142857,76.66666666666667,,12.068965517241379,59.67741935483871,100.0,42.85714285714286,53.333333333333336,28.57142857142857,1.0,30.841720919308656,"{'profitability': 47.3, 'growth': 24.9, 'balance': 41.4, 'stability': 79.5}",56.777953054763415,False,-0.046554092646842626,24.92183705247466,,43.809836987036036,,False,"{""floor"": false, ""depressed_arms"": {""self_pct"": true, ""self_z"": false, ""median_ratio"": false}, ""yield_arm"": false, ""residual_arm"": false, ""brakes"": {""gm"": false, ""fcf_margin"": true, ""roic"": true}, ""self_pct"": 18.076923076923077, ""self_z"": -0.7613546522808612, ""median_ratio"": 0.9153065843958613, ""fcf_yield"": 0.042037621293655805, ""yield_threshold"": 0.0495, ""gs10"": 0.0495, ""residual_pct"": null, ""brake_values"": {""gm"": null, ""fcf_margin"": 1.0148774095052646, ""roic"": 1.1506337414540628}}",False,"{""floor"": false, ""mom_sector_pct"": 28.57142857142857, ""eps_rev_proxy"": null}"
LMT,936468,Lockheed Martin,Industrials,Aerospace & Defense,Capital Goods,69.52772073921972,637870470.2698457,0.316690797274531,-0.209721979653421,0.1409364553426773,10.0,0.11705843553120325,0.1263162897999264,0.08951085687827204,0.0882627162540143,0.12540478673707614,8,9,False,0.027909621535260998,0.014855145283984017,0.11797854935466279,0.1088892928558444,1.0078602948970241,1.2164925759109373,0.9836659938643754,,524.1900024414062,230790753.0,120978205378.52399,138547205378.524,26337000000.0,17569000000.0,77014000000.0,9153000000.0,8729000000.0,8386000000.0,,6287000000.0,7754333782.509096,0.15280959439428649,0.2944273752708773,15.136808191688406,16.521250343253516,0.06052810648247043,19.242596688169872,1.3884205503419755,,11298000000.0,1887000000.0,0.5006264950449937,10.0,0.2993164113706995,0.30658781076846797,20.0,-0.6784254564224241,0.7983722824801309,260.0,[],True,0.9,ig,Capital Goods,86.8421052631579,40.476190476190474,6.0606060606060606,86.90476190476191,63.95348837209303,75.0,,85.71428571428572,67.6923076923077,0.7,34.97255773039259,"{'profitability': 67.7, 'growth': 17.8, 'balance': None, 'stability': 75.5}",71.37271765902685,False,-0.5186985171615639,27.753056243471896,,53.17263769470972,,False,"{""floor"": false, ""depressed_arms"": {""self_pct"": true, ""self_z"": false, ""median_ratio"": true}, ""yield_arm"": true, ""residual_arm"": false, ""brakes"": {""gm"": true, ""fcf_margin"": true, ""roic"": true}, ""self_pct"": 20.0, ""self_z"": -0.6784254564224241, ""median_ratio"": 0.7983722824801309, ""fcf_yield"": 0.06052810648247043, ""yield_threshold"": 0.0495, ""gs10"": 0.0495, ""residual_pct"": null, ""brake_values"": {""gm"": 1.0078602948970241, ""fcf_margin"": 1.2164925759109373, ""roic"": 0.9836659938643754}}",False,"{""floor"": false, ""mom_sector_pct"": 67.6923076923077, ""eps_rev_proxy"": null}"
CMI,26172,Cummins,Industrials,Construction Machinery & Heavy Transportation Equipment,Capital Goods,61.45379876796714,632496188.8981897,0.5553539452796403,-0.22045813357936495,0.37687571896302385,10.0,0.2437919266134933,0.023525407145051417,,,0.5603613446144116,6,9,False,0.11190413083747286,0.016919940129568323,0.2531981099458338,0.09700933502362567,1.0385828335786238,,0.9995529185568636,sbc_unreported,556.75,137664487.0,76644703137.25,75888703137.25,12091000000.0,-756000000.0,34708000000.0,3893000000.0,3367000000.0,3367000000.0,5013000000.0,,2860060031.185031,0.2653326403326403,0.23654453983831206,19.49363039744413,22.53896737073062,0.04436760493733232,,,-0.3620586475164572,2222000000.0,2519000000.0,0.3921098337606484,10.0,0.23665034181464928,0.252821063904166,38.21138211382114,-0.14519272721425758,0.7781730424080833,246.0,[],True,0.8,ig,Capital Goods,76.31578947368422,,21.21212121212121,86.90476190476191,63.95348837209303,,92.10526315789474,64.28571428571428,86.15384615384616,1.0,41.34951588365143,"{'profitability': 69.4, 'growth': 53.7, 'balance': 100.0, 'stability': 56.0}",55.762662433580644,False,-0.20281398435882592,27.606732626889293,,48.55608915861603,,False,"{""floor"": false, ""depressed_arms"": {""self_pct"": false, ""self_z"": false, ""median_ratio"": true}, ""yield_arm"": false, ""residual_arm"": false, ""brakes"": {""gm"": true, ""fcf_margin"": false, ""roic"": true}, ""self_pct"": 38.21138211382114, ""self_z"": -0.14519272721425758, ""median_ratio"": 0.7781730424080833, ""fcf_yield"": 0.04436760493733232, ""yield_threshold"": 0.0495, ""gs10"": 0.0495, ""residual_pct"": null, ""brake_values"": {""gm"": 1.0385828335786238, ""fcf_margin"": null, ""roic"": 0.9995529185568636}}",False,"{""floor"": false, ""mom_sector_pct"": 86.15384615384616, ""eps_rev_proxy"": null}"
LOW,60667,Lowe's,Consumer Discretionary,Home Improvement Retail,Consumer Discretionary Distribution and Retail,42.53798767967146,629217602.5903574,-0.17978819938542767,-0.3076064544402243,-0.261069750069317,10.0,0.33344918803430185,0.0024769973993624874,0.07900300700249838,0.08342857142857144,0.1016100183577127,7,9,False,-0.007502609287254769,-0.03741252792524352,0.33082315994338285,0.07450902335456476,0.9921246529151876,0.9431162962215919,,ev_or_ic_nonpos,196.82000732421875,561054019.0,110426656128.86237,117334656128.86237,-529000000.0,6908000000.0,90432000000.0,10292000000.0,7000000000.0,6738000000.0,12756000000.0,6643000000.0,7802094716.421316,0.2419262809540112,,11.400568998140534,17.413870010220002,0.05742548895869278,16.623010105202823,1.053740779768177,0.5415490749451238,3957000000.0,5709000000.0,-18.272211720226842,6.0,-1.8871481937330075,-1.2449672419140838,25.769230769230766,-0.3503167916622909,0.9208594208839505,260.0,['rev_cagr5 gate'],False,1.0,ig,Consumer Discretionary Distribution and Retail,12.5,50.0,33.33333333333333,25.0,55.55555555555556,66.66666666666666,62.5,88.88888888888889,27.27272727272727,1.0,25.52380534473454,"{'profitability': 14.9, 'growth': 0.0, 'balance': 81.9, 'stability': 83.6}",70.1443133542745,False,,,,47.83405934950452,,False,"{""floor"": false, ""depressed_arms"": {""self_pct"": false, ""self_z"": false, ""median_ratio"": false}, ""yield_arm"": true, ""residual_arm"": false, ""brakes"": {""gm"": true, ""fcf_margin"": false, ""roic"": false}, ""self_pct"": 25.769230769230766, ""self_z"": -0.3503167916622909, ""median_ratio"": 0.9208594208839505, ""fcf_yield"": 0.05742548895869278, ""yield_threshold"": 0.0495, ""gs10"": 0.0495, ""residual_pct"": null, ""brake_values"": {""gm"": 0.9921246529151876, ""fcf_margin"": 0.9431162962215919, ""roic"": null}}",False,"{""floor"": false, ""mom_sector_pct"": 27.27272727272727, ""eps_rev_proxy"": null}"
RCL,884887,Royal Caribbean Group,Consumer Discretionary,"Hotels, Resorts & Cruise Lines",Consumer Services,11.772758384668036,627089458.9900634,-0.07789445752589907,-0.24459225614429647,-0.2135195104045311,6.0,0.1746119317822866,2.7998895789112415,-0.5565378242521708,0.032661870503597125,,7,9,False,0.52022825771937,,0.4906326945723156,-0.030350069585697463,2.809846323583756,0.05453370510167815,1.179325032433615,gm_derived,260.1400146484375,267452084.0,69574989049.51514,79237811049.51514,19898822000.0,9662822000.0,18682000000.0,5104000000.0,-416000000.0,-567000000.0,,4398000000.0,5039521016.75698,0.012633029632253068,0.2532572539599068,15.524649500296853,,-0.007155674702392849,15.819688278652828,-0.09458844929513416,,808000000.0,390000000.0,0.06020456889357571,3.0,0.21474762851195797,0.22568721448521956,,,,,['fcf_cagr5 gate'],False,0.8,ig,Consumer Services,75.0,15.384615384615385,40.0,53.84615384615385,23.076923076923077,15.384615384615385,,61.53846153846153,45.45454545454545,0.7,37.037037037037045,"{'profitability': 50.0, 'growth': 100.0, 'balance': None, 'stability': 51.9}",,False,,,,,,False,"{""floor"": false, ""depressed_arms"": {""self_pct"": false, ""self_z"": false, ""median_ratio"": false}, ""yield_arm"": false, ""residual_arm"": false, ""brakes"": {""gm"": true, ""fcf_margin"": false, ""roic"": true}, ""self_pct"": null, ""self_z"": null, ""median_ratio"": null, ""fcf_yield"": -0.007155674702392849, ""yield_threshold"": 0.0495, ""gs10"": 0.0495, ""residual_pct"": null, ""brake_values"": {""gm"": 2.809846323583756, ""fcf_margin"": 0.05453370510167815, ""roic"": 1.179325032433615}}",False,"{""floor"": false, ""mom_sector_pct"": 45.45454545454545, ""eps_rev_proxy"": null}"
TGT,27419,Target Corporation,Consumer Staples,Consumer Staples Merchandise Retail,Consumer Staples Distribution and Retail,49.700205338809035,614592938.2971895,0.7867432803660952,-0.05808752701001152,0.8023576925917668,9.0,,,0.02532634640431261,0.03318065020668082,0.7981763749446829,6,9,False,0.02290831244420044,-0.18482759213389788,0.29303189266979246,0.038568311591848106,,1.5228533550058618,0.9063930476274913,,155.8300018310547,454296736.0,70793061202.72217,82373061202.72217,29423000000.0,11580000000.0,107705000000.0,6023000000.0,4456000000.0,4154000000.0,9196000000.0,4393000000.0,4673677738.515902,0.22402826855123675,0.15884436456227785,13.676417267594582,19.829817333346693,0.050429108003852155,16.114969543073563,1.0143409970407467,1.2592431491953022,631000000.0,37000000.0,0.022703327328960337,7.0,0.17524887793221422,0.15517606087705768,42.30769230769231,-0.01505165526369151,0.9361478938753298,234.0,['fcf_cagr5 gate'],False,0.9,sector,Consumer Staples,65.38461538461539,20.689655172413794,,55.769230769230774,10.344827586206897,41.66666666666667,66.66666666666667,85.18518518518519,100.0,1.0,17.08585140791656,"{'profitability': 45.4, 'growth': 9.5, 'balance': 58.0, 'stability': 44.4}",62.1842879567112,False,-0.29841955221719774,26.725182429851078,,39.63506968231388,,False,"{""floor"": false, ""depressed_arms"": {""self_pct"": false, ""self_z"": false, ""median_ratio"": false}, ""yield_arm"": true, ""residual_arm"": false, ""brakes"": {""gm"": false, ""fcf_margin"": true, ""roic"": true}, ""self_pct"": 42.30769230769231, ""self_z"": -0.01505165526369151, ""median_ratio"": 0.9361478938753298, ""fcf_yield"": 0.050429108003852155, ""yield_threshold"": 0.0495, ""gs10"": 0.0495, ""residual_pct"": null, ""brake_values"": {""gm"": null, ""fcf_margin"": 1.5228533550058618, ""roic"": 0.9063930476274913}}",False,"{""floor"": false, ""mom_sector_pct"": 100.0, ""eps_rev_proxy"": null}"
ORLY,898173,O'Reilly Automotive,Consumer Discretionary,Automotive Retail,Consumer Discretionary Distribution and Retail,17.464750171115675,611056592.6629298,-0.15302322742550867,-0.1911404247969276,-0.20167442144349568,10.0,0.5158929378182571,0.0108552076334035,0.14335644687557894,0.12650375500007904,0.19235533434112342,9,9,False,0.08910774866946913,-0.07643881962372256,0.5163568171154846,0.11427847165081478,1.0008991774517972,0.7971631143313608,0.9413561323683274,,85.81999969482422,808960792.0,69425014922.56476,79050146922.56476,7789407000.0,9625132000.0,18572562000.0,3632030000.0,2156259000.0,2122444000.0,4169744000.0,2650374000.0,2832471895.6995807,0.2201408315185776,0.3636312617506802,21.764728518917728,37.244868143783656,0.026849336562006453,26.1944219655659,0.81356782099432,2.3083268421274785,955211000.0,32591000.0,0.1268135045453396,7.0,0.3862844775184415,0.39560214787347137,78.46153846153847,1.5837531075519191,6.28760841095879,260.0,['fcf_cagr5 gate'],False,1.0,ig,Consumer Discretionary Distribution and Retail,75.0,100.0,88.88888888888889,50.0,55.55555555555556,33.33333333333333,12.5,11.111111111111114,30.303030303030305,1.0,42.14579615193188,"{'profitability': 72.9, 'growth': 37.1, 'balance': 23.1, 'stability': 89.3}",19.55480096860194,False,0.2516433412129375,28.95870431955093,,30.85029856026691,,False,"{""floor"": false, ""depressed_arms"": {""self_pct"": false, ""self_z"": false, ""median_ratio"": false}, ""yield_arm"": false, ""residual_arm"": false, ""brakes"": {""gm"": true, ""fcf_margin"": false, ""roic"": true}, ""self_pct"": 78.46153846153847, ""self_z"": 1.5837531075519191, ""median_ratio"": 6.28760841095879, ""fcf_yield"": 0.026849336562006453, ""yield_threshold"": 0.0495, ""gs10"": 0.0495, ""residual_pct"": null, ""brake_values"": {""gm"": 1.0008991774517972, ""fcf_margin"": 0.7971631143313608, ""roic"": 0.9413561323683274}}",False,"{""floor"": false, ""mom_sector_pct"": 30.303030303030305, ""eps_rev_proxy"": null}"
ROST,745732,Ross Stores,Consumer Discretionary,Apparel Retail,Consumer Discretionary Distribution and Retail,16.72826830937714,602356165.7188984,0.6695383663446159,-0.09420535054476364,0.5730919087455921,10.0,0.27155098618562346,0.03266644131950052,0.06848333640072797,0.07007291656165805,0.2686417432943078,7,9,False,0.12667161297888763,0.03704410586443574,0.2966845190222276,0.10573251297191663,1.0925554835563134,1.5439159148617752,1.1989407724381362,gm_derived,230.74000549316406,319453110.0,73710612356.20834,74161639356.20834,7194211000.0,451027000.0,24511798000.0,3370257000.0,2790186000.0,2591694000.0,3910101000.0,2659063000.0,2558376910.8668685,0.24089560206629088,0.3556160516930722,22.004743067430272,28.615121752879908,0.03494655758014928,27.720521234814047,1.0493117312376579,0.11534919430469955,2889000.0,,0.0004015728757469026,4.0,0.29660852301310947,0.30185517711715315,40.36697247706422,-0.30121909257563917,0.9367674498535923,218.0,[],True,1.0,ig,Consumer Discretionary Distribution and Retail,50.0,37.5,22.22222222222222,12.5,55.55555555555556,55.55555555555556,87.5,0.0,100.0,1.0,53.48052949534306,"{'profitability': 64.0, 'growth': 65.4, 'balance': 96.2, 'stability': 72.2}",32.65063394071145,False,-0.005991168835860705,28.787074362778863,,43.06558171802726,,False,"{""floor"": false, ""depressed_arms"": {""self_pct"": false, ""self_z"": false, ""median_ratio"": false}, ""yield_arm"": false, ""residual_arm"": false, ""brakes"": {""gm"": true, ""fcf_margin"": true, ""roic"": true}, ""self_pct"": 40.36697247706422, ""self_z"": -0.30121909257563917, ""median_ratio"": 0.9367674498535923, ""fcf_yield"": 0.03494655758014928, ""yield_threshold"": 0.0495, ""gs10"": 0.0495, ""residual_pct"": null, ""brake_values"": {""gm"": 1.0925554835563134, ""fcf_margin"": 1.5439159148617752, ""roic"": 1.1989407724381362}}",False,"{""floor"": false, ""mom_sector_pct"": 100.0, ""eps_rev_proxy"": null}"
PH,76334,Parker Hannifin,Industrials,Industrial Machinery & Supplies & Components,Capital Goods,40.785763175906915,599258732.9639423,0.4002761251059883,-0.11335285844996634,0.26274012721350637,10.0,,,0.14703505531196595,0.14194681384846963,0.1948327902266329,7,9,False,0.0842453236413565,0.10549393088640535,0.3768547374296479,0.17331038652960604,,1.1787011346504506,1.145850752861651,,950.22998046875,126047469.0,119774084006.00537,129079400006.00537,24709316000.0,9305316000.0,21499000000.0,5068000000.0,3905000000.0,3726000000.0,6005000000.0,,4052845058.0758276,0.20030681569143108,0.16402093275571966,25.469494870956073,34.64288781696333,0.028865953822427508,,,1.5480959200666111,11109000000.0,7280000000.0,0.7442132352024637,10.0,0.1431433651774398,0.14611933141342798,83.84615384615385,1.1847641031323315,1.2451720117432963,260.0,[],True,0.8,ig,Capital Goods,57.89473684210527,85.71428571428571,,86.90476190476191,63.95348837209303,,52.631578947368425,35.71428571428571,76.92307692307693,1.0,46.35302419005974,"{'profitability': 64.9, 'growth': 79.1, 'balance': 48.4, 'stability': 72.2}",25.374071861013963,False,0.23834573242671464,27.296178598966467,,35.86354802553685,,False,"{""floor"": false, ""depressed_arms"": {""self_pct"": false, ""self_z"": false, ""median_ratio"": false}, ""yield_arm"": false, ""residual_arm"": false, ""brakes"": {""gm"": false, ""fcf_margin"": true, ""roic"": true}, ""self_pct"": 83.84615384615385, ""self_z"": 1.1847641031323315, ""median_ratio"": 1.2451720117432963, ""fcf_yield"": 0.028865953822427508, ""yield_threshold"": 0.0495, ""gs10"": 0.0495, ""residual_pct"": null, ""brake_values"": {""gm"": null, ""fcf_margin"": 1.1787011346504506, ""roic"": 1.145850752861651}}",False,"{""floor"": false, ""mom_sector_pct"": 76.92307692307693, ""eps_rev_proxy"": null}"
CMG,1058090,Chipotle Mexican Grill,Consumer Discretionary,Restaurants,Consumer Services,15.378507871321013,583740567.5628896,-0.13279836723456573,-0.13521260785678169,-0.06290448454534148,10.0,,,0.10377713607376786,0.11130156673925501,0.2446467031958324,9,9,True,0.14785897917720714,0.1457820899098703,,0.11832763336764662,,1.1402090850101687,1.057928426396366,,36.20000076293945,1265418000.0,45808132565.43732,50549471565.43732,6941130000.0,4741339000.0,12423759000.0,1820149000.0,1568985000.0,1470074000.0,2198420000.0,1419645000.0,1381802784.2685463,0.24082985279307004,0.19907461526704534,27.772161271103254,34.38566464370999,0.0290818866048275,32.26731511429781,1.1051953129127352,2.156702995787884,21939000.0,,0.0031607245506135168,7.0,0.18817399202057133,0.20301174370634995,64.61538461538461,1.0321294842275297,3.679321594319604,260.0,[],True,0.9,ig,Consumer Services,66.66666666666666,69.23076923076923,,76.92307692307693,80.76923076923077,46.15384615384615,44.44444444444444,15.384615384615387,39.39393939393939,1.0,56.277117471033804,"{'profitability': 72.0, 'growth': 100.0, 'balance': 28.1, 'stability': 83.7}",26.4232839301662,False,0.36711547003069045,23.81996946501319,,41.3502007006,,False,"{""floor"": false, ""depressed_arms"": {""self_pct"": false, ""self_z"": false, ""median_ratio"": false}, ""yield_arm"": false, ""residual_arm"": false, ""brakes"": {""gm"": false, ""fcf_margin"": true, ""roic"": true}, ""self_pct"": 64.61538461538461, ""self_z"": 1.0321294842275297, ""median_ratio"": 3.679321594319604, ""fcf_yield"": 0.0290818866048275, ""yield_threshold"": 0.0495, ""gs10"": 0.0495, ""residual_pct"": null, ""brake_values"": {""gm"": null, ""fcf_margin"": 1.1402090850101687, ""roic"": 1.057928426396366}}",False,"{""floor"": false, ""mom_sector_pct"": 39.39393939393939, ""eps_rev_proxy"": null}"
MO,764180,Altria,Consumer Staples,Tobacco,Food Beverage and Tobacco,69.52772073921972,580694072.7402922,0.05261002715307339,-0.0704756204293413,0.10516052632029282,10.0,0.5823659762021322,0.049983996525152244,0.351410809425052,0.35852277458572734,0.049232968819262035,1,9,False,-0.023013503096606436,0.02161112490938999,0.6296201560301828,0.3884554717142005,1.081141724893024,1.1054169686748048,0.9899827182641115,sbc_unreported,68.9800033569336,1669743926.0,115178941620.69948,137438941620.69948,19592000000.0,22260000000.0,23457000000.0,10973000000.0,9112000000.0,9112000000.0,11209000000.0,7973000000.0,8431739494.988435,0.23159213569776407,0.4303664503362819,12.525192893529525,15.083290344677291,0.0662985314973326,14.446123368957666,1.1428571428571428,1.9814434829155143,5787000000.0,11089000000.0,0.8613719885667619,10.0,0.43472117482102046,0.45077984625148976,94.61538461538461,2.0466072107727395,1.3536788585051736,260.0,['rev_cagr5 gate'],False,1.0,ig,Food Beverage and Tobacco,100.0,100.0,81.25,84.61538461538461,56.25,46.15384615384615,46.666666666666664,85.71428571428572,48.275862068965516,1.0,25.436249765808633,"{'profitability': 100.0, 'growth': 9.0, 'balance': 34.0, 'stability': 48.1}",47.85384516348549,False,-0.2656297008944919,19.672411687682274,,36.645047464647064,,False,"{""floor"": false, ""depressed_arms"": {""self_pct"": false, ""self_z"": false, ""median_ratio"": false}, ""yield_arm"": true, ""residual_arm"": false, ""brakes"": {""gm"": true, ""fcf_margin"": true, ""roic"": true}, ""self_pct"": 94.61538461538461, ""self_z"": 2.0466072107727395, ""median_ratio"": 1.3536788585051736, ""fcf_yield"": 0.0662985314973326, ""yield_threshold"": 0.0495, ""gs10"": 0.0495, ""residual_pct"": null, ""brake_values"": {""gm"": 1.081141724893024, ""fcf_margin"": 1.1054169686748048, ""roic"": 0.9899827182641115}}",False,"{""floor"": false, ""mom_sector_pct"": 48.275862068965516, ""eps_rev_proxy"": null}"
MAR,1048286,Marriott International,Consumer Discretionary,"Hotels, Resorts & Cruise Lines",Consumer Services,28.292950034223136,568816797.8984873,0.34694527695450494,-0.16686504077887032,0.26633001391596567,10.0,,,0.08277690059028317,0.0885283781832186,0.29572841680558226,8,9,False,0.1989211404768092,0.11637974983456112,,0.10715878679750224,,1.2945493976381275,,ev_or_ic_nonpos,334.69000244140625,260766288.0,87275869567.35645,90418869567.35645,-1382000000.0,3143000000.0,26904000000.0,4250000000.0,3132000000.0,2883000000.0,,2587000000.0,3161227717.0787807,0.25618171362852216,,21.275028133495635,31.36277126859398,0.031884937444969313,33.736323760091395,1.210668728256668,,8876000000.0,10794000000.0,-14.232995658465992,8.0,2.7542213482599407,0.6779194338937296,43.08300395256917,-0.08160858060142848,0.9411034679076973,253.0,[],True,0.8,ig,Consumer Services,100.0,46.15384615384615,,92.3076923076923,80.76923076923077,53.84615384615385,,30.769230769230774,87.87878787878788,0.7,58.95751638255182,"{'profitability': 67.7, 'growth': 98.5, 'balance': None, 'stability': 72.9}",40.12958379759336,False,0.2385425856413974,24.706811515400837,,49.54355009007259,,False,"{""floor"": false, ""depressed_arms"": {""self_pct"": false, ""self_z"": false, ""median_ratio"": false}, ""yield_arm"": false, ""residual_arm"": false, ""brakes"": {""gm"": false, ""fcf_margin"": true, ""roic"": false}, ""self_pct"": 43.08300395256917, ""self_z"": -0.08160858060142848, ""median_ratio"": 0.9411034679076973, ""fcf_yield"": 0.031884937444969313, ""yield_threshold"": 0.0495, ""gs10"": 0.0495, ""residual_pct"": null, ""brake_values"": {""gm"": null, ""fcf_margin"": 1.2945493976381275, ""roic"": null}}",False,"{""floor"": false, ""mom_sector_pct"": 87.87878787878788, ""eps_rev_proxy"": null}"
REGN,872589,Regeneron Pharmaceuticals,Health Care,Biotechnology,Pharmaceuticals Biotechnology and Life Sciences,13.36892539356605,564100724.129218,0.44046097864296185,-0.06300655745214878,0.4026738146006805,10.0,,,0.26095768201918196,0.22797548257250022,0.22989873469777575,7,9,False,0.11038413551359794,0.15288186330766362,,0.17854866846479173,,0.6842054507966825,0.5066601667557883,shares_was_proxy;gm_derived,781.489990234375,102100000.0,79790128002.92969,76268928002.92969,28190200000.0,-3521200000.0,15534700000.0,3843100000.0,3760400000.0,2773700000.0,4371700000.0,4328700000.0,3220214279.907085,0.16207897793263648,0.11423169328018548,19.84567874968897,27.49717994120838,0.03636736574943672,18.432815395599068,0.8687134705569801,-0.8054532561703686,,915500000.0,0.03247582493206859,7.0,0.22546018174593446,0.19621632451876092,75.38461538461539,0.4049912393314557,1.1639114764902991,260.0,[],True,0.9,ig,Pharmaceuticals Biotechnology and Life Sciences,90.9090909090909,72.72727272727273,,86.36363636363636,63.63636363636363,25.0,81.81818181818181,88.88888888888889,88.09523809523809,1.0,59.03406806530855,"{'profitability': 64.3, 'growth': 96.0, 'balance': 100.0, 'stability': 69.9}",46.57687639149768,False,-0.19565215945829584,33.43942560817774,,52.80547222840312,,False,"{""floor"": false, ""depressed_arms"": {""self_pct"": false, ""self_z"": false, ""median_ratio"": false}, ""yield_arm"": false, ""residual_arm"": false, ""brakes"": {""gm"": false, ""fcf_margin"": false, ""roic"": false}, ""self_pct"": 75.38461538461539, ""self_z"": 0.4049912393314557, ""median_ratio"": 1.1639114764902991, ""fcf_yield"": 0.03636736574943672, ""yield_threshold"": 0.0495, ""gs10"": 0.0495, ""residual_pct"": null, ""brake_values"": {""gm"": null, ""fcf_margin"": 0.6842054507966825, ""roic"": 0.5066601667557883}}",False,"{""floor"": false, ""mom_sector_pct"": 88.09523809523809, ""eps_rev_proxy"": null}"
CSX,277948,CSX Corporation,Industrials,Rail Transportation,Transportation,69.52772073921972,559743150.8744034,0.5603958831446705,-0.07788828103593393,0.5269234975207029,10.0,,,0.20490478562937744,0.22221464146824044,0.21961645189638335,4,9,False,0.05894344821402786,-0.08287617441838413,,0.19266813671444322,,0.9402812927118875,0.8673858676634922,sbc_unreported,48.95000076293945,1852474917.0,90678648600.4762,99686648600.4762,23096000000.0,9008000000.0,14512000000.0,4956000000.0,2796000000.0,2796000000.0,6610000000.0,3223000000.0,3802234706.0223756,0.23280171387764817,0.16462741193377103,20.1143358758023,35.65330779702296,0.02804788845099808,28.134858392949486,0.867514737821905,1.361875945537065,80000000.0,187000000.0,0.011560443366816765,9.0,0.18979720337989098,0.1980238448790183,79.23076923076923,1.127530237376709,1.4818722965394855,260.0,['fcf_cagr5 gate'],False,0.9,ig,Transportation,63.63636363636363,88.88888888888889,,86.36363636363636,77.27272727272727,27.27272727272727,66.66666666666667,45.45454545454546,89.23076923076924,1.0,26.879213804543408,"{'profitability': 79.7, 'growth': 24.6, 'balance': 54.6, 'stability': 48.3}",30.050730171663062,False,0.25658207501817154,27.584660876058106,,28.464971988103237,,False,"{""floor"": false, ""depressed_arms"": {""self_pct"": false, ""self_z"": false, ""median_ratio"": false}, ""yield_arm"": false, ""residual_arm"": false, ""brakes"": {""gm"": false, ""fcf_margin"": false, ""roic"": false}, ""self_pct"": 79.23076923076923, ""self_z"": 1.127530237376709, ""median_ratio"": 1.4818722965394855, ""fcf_yield"": 0.02804788845099808, ""yield_threshold"": 0.0495, ""gs10"": 0.0495, ""residual_pct"": null, ""brake_values"": {""gm"": null, ""fcf_margin"": 0.9402812927118875, ""roic"": 0.8673858676634922}}",False,"{""floor"": false, ""mom_sector_pct"": 89.23076923076924, ""eps_rev_proxy"": null}"
GM,1467858,General Motors,Consumer Discretionary,Automobile Manufacturers,Consumer Durables and Apparel,13.270362765229295,558159858.6131761,0.4929570350395449,-0.034469179742512734,0.47621684726310076,10.0,,,0.06735928063476104,0.06317471996346523,0.37226509816747677,4,9,False,0.09099442238405597,0.09086898109859298,,0.08552318950769816,,1.2696571088908506,0.23488462929803205,sbc_unreported;gm_derived,85.62000274658203,877451541.0,75127403350.41263,50886403350.41263,37759000000.0,-24241000000.0,168352000000.0,1815000000.0,14398000000.0,14398000000.0,13943000000.0,2032000000.0,1535131949.026476,0.1541972732636496,0.04065605415997447,28.03658586799594,3.534268881123255,0.2829439506827171,36.97214731811645,7.085629921259843,-1.856271964426594,1900000000.0,2550000000.0,0.1178526973701634,9.0,0.17308946218182825,0.18397730093493642,60.76923076923077,0.11254798355180703,1.0737510739460978,260.0,[],True,0.9,ig,Consumer Durables and Apparel,37.5,40.0,,88.88888888888889,70.0,100.0,70.0,11.111111111111114,93.93939393939394,1.0,23.593818566399626,"{'profitability': 22.8, 'growth': 75.8, 'balance': 100.0, 'stability': 38.1}",48.5,False,-1.2980787531208047,28.4402784714543,,36.04690928319981,,False,"{""floor"": false, ""depressed_arms"": {""self_pct"": false, ""self_z"": false, ""median_ratio"": false}, ""yield_arm"": true, ""residual_arm"": false, ""brakes"": {""gm"": false, ""fcf_margin"": true, ""roic"": false}, ""self_pct"": 60.76923076923077, ""self_z"": 0.11254798355180703, ""median_ratio"": 1.0737510739460978, ""fcf_yield"": 0.2829439506827171, ""yield_threshold"": 0.0495, ""gs10"": 0.0495, ""residual_pct"": null, ""brake_values"": {""gm"": null, ""fcf_margin"": 1.2696571088908506, ""roic"": 0.23488462929803205}}",False,"{""floor"": false, ""mom_sector_pct"": 93.93939393939394, ""eps_rev_proxy"": null}"
FDX,1048911,FedEx,Industrials,Air Freight & Logistics,Transportation,45.700205338809035,544142831.1802095,0.832639974756979,-0.07433648238395962,0.7085982034402976,7.0,,,0.03532526732430481,0.03215203694015422,0.2576598765784919,6,9,False,0.024412540775736513,,,0.05214315878378378,,1.4760867428144775,0.7061930382033119,gm_derived,311.989990234375,236581188.0,73810962533.75684,103280962533.75684,61117000000.0,29470000000.0,94720000000.0,5463000000.0,5116000000.0,4939000000.0,9832000000.0,4433.0,4180472812.0145,0.23476609701363715,0.0684011455407579,18.905539544894168,20.911310494787777,0.04782101056025416,16650341.198681895,1154071.734716896,2.9973555736371034,6733000000.0,153000000.0,0.11266914279169461,3.0,0.09685899157938924,0.09329093491793942,60.0,0.16771241504581363,1.0359874280215933,260.0,['fcf_cagr5 gate'],False,0.9,ig,Transportation,18.181818181818183,33.33333333333333,,9.090909090909092,18.181818181818183,100.0,0.0,63.63636363636363,95.38461538461539,1.0,9.418435675631308,"{'profitability': 23.5, 'growth': 20.3, 'balance': 0.1, 'stability': 60.6}",48.77054559231867,False,-0.2618320714378011,27.170239982502085,,29.09449063397499,,False,"{""floor"": false, ""depressed_arms"": {""self_pct"": false, ""self_z"": false, ""median_ratio"": false}, ""yield_arm"": false, ""residual_arm"": false, ""brakes"": {""gm"": false, ""fcf_margin"": true, ""roic"": false}, ""self_pct"": 60.0, ""self_z"": 0.16771241504581363, ""median_ratio"": 1.0359874280215933, ""fcf_yield"": 0.04782101056025416, ""yield_threshold"": 0.0495, ""gs10"": 0.0495, ""residual_pct"": null, ""brake_values"": {""gm"": null, ""fcf_margin"": 1.4760867428144775, ""roic"": 0.7061930382033119}}",False,"{""floor"": false, ""mom_sector_pct"": 95.38461538461539, ""eps_rev_proxy"": null}"
MMM,66740,3M,Industrials,Industrial Conglomerates,Capital Goods,69.52772073921972,540394484.5221384,0.1731859094579946,-0.09408318383414516,0.06426349815979382,10.0,0.41296647974872014,0.0693256455399355,0.1100731211136183,0.13680669699170522,0.6045497957022045,5,9,False,-0.04965970683619114,-0.2673264480198516,0.3940428911834789,0.14964257347100873,0.9541764537965508,1.3594833321437896,3.9572773353084854,gm_derived,164.97000122070312,515722417.0,85078727762.03397,94589727762.03397,12463000000.0,9511000000.0,25180000000.0,4624000000.0,3985000000.0,3768000000.0,6013000000.0,2997000000.0,3561297463.4896235,0.22982321291314373,0.28574961594235926,20.45625600390008,25.10343093472239,0.03983519235280413,28.387963884562552,1.329662996329663,1.5729253284550142,6374000000.0,474000000.0,0.5494664206049907,9.0,0.07220864036815958,0.24333126091966967,69.65811965811966,0.17430566545111917,1.7153437010188781,234.0,"['rev_cagr5 gate', 'fcf_cagr5 gate']",False,1.0,ig,Capital Goods,18.421052631578945,59.523809523809526,72.72727272727273,69.04761904761905,63.95348837209303,70.0,47.36842105263158,59.523809523809526,47.69230769230769,1.0,20.729042660302106,"{'profitability': 77.4, 'growth': 0.0, 'balance': 47.6, 'stability': 45.8}",41.47436722965076,False,-0.06834384972599405,26.879082372618285,,31.101704944976433,,False,"{""floor"": false, ""depressed_arms"": {""self_pct"": false, ""self_z"": false, ""median_ratio"": false}, ""yield_arm"": false, ""residual_arm"": false, ""brakes"": {""gm"": false, ""fcf_margin"": true, ""roic"": true}, ""self_pct"": 69.65811965811966, ""self_z"": 0.17430566545111917, ""median_ratio"": 1.7153437010188781, ""fcf_yield"": 0.03983519235280413, ""yield_threshold"": 0.0495, ""gs10"": 0.0495, ""residual_pct"": null, ""brake_values"": {""gm"": 0.9541764537965508, ""fcf_margin"": 1.3594833321437896, ""roic"": 3.9572773353084854}}",False,"{""floor"": false, ""mom_sector_pct"": 47.69230769230769, ""eps_rev_proxy"": null}"
FERG,2011641,Ferguson Enterprises,Industrials,Trading Companies & Distributors,Capital Goods,0.10677618069815195,538307512.2556772,0.17530182811015615,-0.15150998072563082,0.07180320666852302,4.0,0.3055589452508955,0.0041359515992652855,0.05082573390328545,0.05009782567167161,0.32312704454435554,2,3,False,,,0.30837004405286345,0.036171530837004404,1.0091998576564654,0.7116774920719093,,,222.5399932861328,193452717.0,43050966342.36415,49500966342.36415,12651000000.0,6450000000.0,29056000000.0,2604000000.0,1156000000.0,1051000000.0,2957000000.0,1866000000.0,2017046077.2104607,0.22540473225404734,0.15943767901434358,19.009587689079936,47.09892135334363,0.021231908741557802,23.071257418201583,0.6195069667738478,2.181264795400744,2713000000.0,685000000.0,0.26859536795510236,2.0,,,,,,,"['tenure<1y', 'rev_cagr5 gate', 'fcf_cagr5 gate']",False,0.8,ig,Capital Goods,,14.285714285714285,30.303030303030305,15.476190476190476,4.651162790697675,10.0,31.578947368421055,69.04761904761905,49.23076923076923,0.7,25.77528548923823,"{'profitability': 47.1, 'growth': None, 'balance': 27.3, 'stability': 66.8}",,False,,,,,,False,"{""floor"": false, ""depressed_arms"": {""self_pct"": false, ""self_z"": false, ""median_ratio"": false}, ""yield_arm"": false, ""residual_arm"": false, ""brakes"": {""gm"": true, ""fcf_margin"": false, ""roic"": false}, ""self_pct"": null, ""self_z"": null, ""median_ratio"": null, ""fcf_yield"": 0.021231908741557802, ""yield_threshold"": 0.0495, ""gs10"": 0.0495, ""residual_pct"": null, ""brake_values"": {""gm"": 1.0091998576564654, ""fcf_margin"": 0.7116774920719093, ""roic"": null}}",False,"{""floor"": false, ""mom_sector_pct"": 49.23076923076923, ""eps_rev_proxy"": null}"
MDLZ,1103982,Mondelez International,Consumer Staples,Packaged Foods & Meats,Food Beverage and Tobacco,13.946611909650924,531631546.2544856,0.06194979948707924,-0.031186942074603485,0.04241696879997292,10.0,0.36163219843891514,0.11254482211868928,0.09349258142386735,0.09264290222551522,0.0674752636359977,7,9,False,0.07711312390360647,0.008496751782827605,0.2877060858945654,0.06233462243028699,0.7955765198357001,0.6667333544645697,,,62.439998626708984,1283649766.0,80151089626.2153,109389089626.2153,54988000000.0,29238000000.0,39304000000.0,3676000000.0,2575000000.0,2450000000.0,4684000000.0,2609000000.0,,,,29.757641356424184,44.64860801070012,0.022397114816218866,30.721000240021198,0.9869681870448448,6.230572160546542,24226000000.0,19533000000.0,0.7957918091219902,,,,93.07692307692308,1.9886836392526575,1.298541551314117,260.0,[],True,0.8,ig,Food Beverage and Tobacco,,43.75,37.5,,56.25,30.76923076923077,6.666666666666671,0.0,58.620689655172406,1.0,15.353220250452997,"{'profitability': 24.9, 'growth': 35.7, 'balance': 0.0, 'stability': 74.3}",9.71913444486566,False,,,,12.53617734765933,,False,"{""floor"": false, ""depressed_arms"": {""self_pct"": false, ""self_z"": false, ""median_ratio"": false}, ""yield_arm"": false, ""residual_arm"": false, ""brakes"": {""gm"": false, ""fcf_margin"": false, ""roic"": false}, ""self_pct"": 93.07692307692308, ""self_z"": 1.9886836392526575, ""median_ratio"": 1.298541551314117, ""fcf_yield"": 0.022397114816218866, ""yield_threshold"": 0.0495, ""gs10"": 0.0495, ""residual_pct"": null, ""brake_values"": {""gm"": 0.7955765198357001, ""fcf_margin"": 0.6667333544645697, ""roic"": null}}",False,"{""floor"": false, ""mom_sector_pct"": 58.620689655172406, ""eps_rev_proxy"": null}"
DAL,27904,Delta Air Lines,Industrials,Passenger Airlines,Transportation,13.00479123887748,531134050.03836995,0.5087270167367259,-0.13630931348558606,0.3493271795351427,8.0,,,,,0.981211899766451,8,9,False,0.29955509431200555,,,0.05358267312958542,,,1.1224312751947048,sbc_unreported,79.91000366210938,657623030.0,52550658735.58746,67627658735.58746,36892000000.0,15077000000.0,68287000000.0,5516000000.0,3659000000.0,3659000000.0,8041000000.0,3950000000.0,4285641227.380016,0.22305271439811172,0.116167223988399,12.260271706959294,18.48255226444041,0.054105081684197615,13.303964236857585,0.9263291139240506,1.8750155453301829,9753000000.0,9774000000.0,0.5293017456359103,7.0,0.10349606836128815,0.127140256986967,18.89400921658986,-0.0410205871700231,0.4530433196122359,217.0,['fcf_cagr5 gate'],False,0.8,ig,Transportation,27.27272727272727,,,50.0,27.27272727272727,45.45454545454545,33.33333333333334,81.81818181818181,81.53846153846153,1.0,33.86855158275846,"{'profitability': 39.8, 'growth': 100.0, 'balance': 37.5, 'stability': 59.3}",68.61031238404716,False,-0.38678651341094694,27.210792552878377,,51.23943198340281,,False,"{""floor"": false, ""depressed_arms"": {""self_pct"": true, ""self_z"": false, ""median_ratio"": true}, ""yield_arm"": true, ""residual_arm"": false, ""brakes"": {""gm"": false, ""fcf_margin"": false, ""roic"": true}, ""self_pct"": 18.89400921658986, ""self_z"": -0.0410205871700231, ""median_ratio"": 0.4530433196122359, ""fcf_yield"": 0.054105081684197615, ""yield_threshold"": 0.0495, ""gs10"": 0.0495, ""residual_pct"": null, ""brake_values"": {""gm"": null, ""fcf_margin"": null, ""roic"": 1.1224312751947048}}",False,"{""floor"": false, ""mom_sector_pct"": 81.53846153846153, ""eps_rev_proxy"": null}"
TT,1466258,Trane Technologies,Industrials,Building Products,Capital Goods,15.822039698836413,521803197.09668434,0.20380925650711568,-0.086143880662784,0.11197215716768127,10.0,,,0.10843753475390101,0.11452912160021722,0.32914746735622985,7,9,False,0.11352129327156257,0.16882774497590503,,0.1555927761943998,,1.434860876794346,1.2268913350450088,gm_derived,442.5199890136719,220023177.0,97364653868.79318,101448853868.79318,12707100000.0,4084200000.0,22209900000.0,3984700000.0,3546500000.0,3455700000.0,4374900000.0,2949000000.0,3216920040.232697,0.19268199858641874,0.2531592605891743,25.459596423518253,29.356962082586215,0.03406347009567363,33.016159331567714,1.202611054594778,0.9284783652197764,7031900000.0,3489500000.0,0.8279937987424353,10.0,0.20634203972097262,0.19581666246573395,9.615384615384617,-0.8038696730741883,0.836857164337262,260.0,[],True,0.9,ig,Capital Goods,65.78947368421053,57.14285714285714,,86.90476190476191,63.95348837209303,50.0,73.6842105263158,38.095238095238095,55.38461538461539,1.0,49.739453369584936,"{'profitability': 71.9, 'growth': 97.3, 'balance': 69.1, 'stability': 63.2}",51.89761245727352,False,0.06455401669666427,27.521725484596818,,50.81853291342922,,False,"{""floor"": false, ""depressed_arms"": {""self_pct"": true, ""self_z"": false, ""median_ratio"": false}, ""yield_arm"": false, ""residual_arm"": false, ""brakes"": {""gm"": false, ""fcf_margin"": true, ""roic"": true}, ""self_pct"": 9.615384615384617, ""self_z"": -0.8038696730741883, ""median_ratio"": 0.836857164337262, ""fcf_yield"": 0.03406347009567363, ""yield_threshold"": 0.0495, ""gs10"": 0.0495, ""residual_pct"": null, ""brake_values"": {""gm"": null, ""fcf_margin"": 1.434860876794346, ""roic"": 1.2268913350450088}}",False,"{""floor"": false, ""mom_sector_pct"": 55.38461538461539, ""eps_rev_proxy"": null}"
ADSK,769397,Autodesk,Information Technology,Application Software,Software and Services,36.78302532511978,521358218.77216846,-0.21122077012768503,-0.3421704946592349,-0.33427361848291137,8.0,0.9062710530819889,0.002236139058699614,0.1917501387605624,0.20975832193342453,0.2340284241840348,9,9,False,0.13713233616993747,0.12346189808598473,0.9124518613607189,0.27381258023106547,1.0068200438022497,1.4279654867576086,2.301936068972486,,212.39999389648438,209000000.0,44391598724.365234,42963598724.365234,1955000000.0,-1428000000.0,7790000000.0,2041000000.0,2839000000.0,2133000000.0,2135000000.0,1642000000.0,1592076959.6199527,0.2199524940617577,0.8143616161738888,21.0502688507424,20.142334141755853,0.049646679126773126,27.035078394863113,1.7289890377588306,-0.6688524590163935,4331000000.0,423000000.0,2.4317135549872124,6.0,0.35377247315882016,0.33742385397516655,0.38461538461538464,-0.8860453173367139,0.41131619236976713,260.0,[],True,1.0,ig,Software and Services,75.0,60.86956521739131,100.0,69.04761904761905,19.565217391304348,54.54545454545454,76.19047619047619,68.18181818181819,16.94915254237288,1.0,85.23953737882893,"{'profitability': 92.0, 'growth': 100.0, 'balance': 100.0, 'stability': 88.1}",74.01521585924407,True,-0.5231126461559548,33.985583586915354,19.230769230769234,79.6273766190365,6.0,True,"{""floor"": true, ""depressed_arms"": {""self_pct"": true, ""self_z"": false, ""median_ratio"": true}, ""yield_arm"": true, ""residual_arm"": true, ""brakes"": {""gm"": true, ""fcf_margin"": true, ""roic"": true}, ""self_pct"": 0.38461538461538464, ""self_z"": -0.8860453173367139, ""median_ratio"": 0.41131619236976713, ""fcf_yield"": 0.049646679126773126, ""yield_threshold"": 0.0495, ""gs10"": 0.0495, ""residual_pct"": 19.230769230769234, ""brake_values"": {""gm"": 1.0068200438022497, ""fcf_margin"": 1.4279654867576086, ""roic"": 2.301936068972486}}",True,"{""floor"": true, ""mom_sector_pct"": 16.94915254237288, ""eps_rev_proxy"": 6.0}"
WMB,107263,Williams Companies,Energy,Oil & Gas Storage & Transportation,Energy,51.455167693360714,518538583.13007116,0.30813776206229493,-0.05827734272446228,0.27646122509381366,10.0,,,0.17436660018904887,0.18223559214692844,0.32527315022869957,6,9,False,0.1425233414783127,-0.14939701872876465,,-0.012377681290907912,,-0.070986538003769,1.1847833849226381,gm_derived,72.8499984741211,1223167472.0,89107748468.79456,91296748468.79456,15379000000.0,2189000000.0,15431000000.0,4660000000.0,-108000000.0,-191000000.0,6993000000.0,3073000000.0,3567022180.273714,0.2345445965077867,0.23194110021937148,19.591576924634026,,-0.0020920788878399568,28.996989413860902,-0.03514480963228116,-0.003432003432003432,466000000.0,9792000000.0,0.6670134599128682,6.0,0.1957666719258697,0.17821860557984298,,,,,['fcf_cagr5 gate'],False,0.8,ig,Energy,90.0,87.5,,95.45454545454545,95.45454545454545,10.0,81.81818181818181,9.090909090909093,36.36363636363637,1.0,35.23860410937202,"{'profitability': 44.6, 'growth': 50.0, 'balance': 100.0, 'stability': 56.1}",,False,,,,,,False,"{""floor"": false, ""depressed_arms"": {""self_pct"": false, ""self_z"": false, ""median_ratio"": false}, ""yield_arm"": false, ""residual_arm"": false, ""brakes"": {""gm"": false, ""fcf_margin"": false, ""roic"": true}, ""self_pct"": null, ""self_z"": null, ""median_ratio"": null, ""fcf_yield"": -0.0020920788878399568, ""yield_threshold"": 0.0495, ""gs10"": 0.0495, ""residual_pct"": null, ""brake_values"": {""gm"": null, ""fcf_margin"": -0.070986538003769, ""roic"": 1.1847833849226381}}",False,"{""floor"": false, ""mom_sector_pct"": 36.36363636363637, ""eps_rev_proxy"": null}"
ELV,1156039,Elevance Health,Health Care,Managed Health Care,Health Care Equipment and Services,24.136892539356605,506874567.61244136,0.3039232990934022,0.0,0.3697919547310107,10.0,0.9038632265521114,0.01434081668829116,0.034445804370759246,0.03779619470059531,0.2848302791382467,9,9,False,0.10318394736699799,,0.8913198052835968,0.030057728739564325,0.9861224343462197,0.8726092854745491,0.6661916423801303,gm_derived,418.7200012207031,216869290.0,90807509373.53302,112418509373.53302,66494000000.0,21611000000.0,201113000000.0,5453000000.0,6289000000.0,6045000000.0,6966000000.0,4963000000.0,4601840839.303992,0.15609007164790173,0.06920685835269336,20.615901223827805,18.596941170146074,0.053772283885336676,18.296898926764662,1.2671771106185774,3.0824002296870514,28339000000.0,11200000000.0,0.5946250789544921,4.0,0.10388430888360467,0.10710716702037963,56.15384615384615,0.008570157354016474,1.032173855823959,260.0,['fcf_cagr5 gate'],False,1.0,ig,Health Care Equipment and Services,46.42857142857143,23.333333333333332,100.0,53.44827586206896,59.67741935483871,51.724137931034484,14.285714285714292,50.0,69.04761904761905,1.0,29.61581942421735,"{'profitability': 23.3, 'growth': 86.0, 'balance': 0.0, 'stability': 84.3}",47.465018498934334,False,-0.3018669641013014,25.150155466031503,,38.54041896157584,,False,"{""floor"": false, ""depressed_arms"": {""self_pct"": false, ""self_z"": false, ""median_ratio"": false}, ""yield_arm"": true, ""residual_arm"": false, ""brakes"": {""gm"": true, ""fcf_margin"": false, ""roic"": false}, ""self_pct"": 56.15384615384615, ""self_z"": 0.008570157354016474, ""median_ratio"": 1.032173855823959, ""fcf_yield"": 0.053772283885336676, ""yield_threshold"": 0.0495, ""gs10"": 0.0495, ""residual_pct"": null, ""brake_values"": {""gm"": 0.9861224343462197, ""fcf_margin"": 0.8726092854745491, ""roic"": 0.6661916423801303}}",False,"{""floor"": false, ""mom_sector_pct"": 69.04761904761905, ""eps_rev_proxy"": null}"
UAL,100517,United Airlines Holdings,Industrials,Passenger Airlines,Transportation,11.028062970568104,502650974.6554516,0.1760179600725973,-0.1931526030242917,0.03039967919033648,6.0,,,,,1.0594169742408996,8,9,False,0.3092525547522449,,,0.040443865059934504,,,1.6381808163719902,sbc_unreported,109.81999969482422,324583772.0,35645789741.98489,47952789741.98489,29004000000.0,12307000000.0,62902000000.0,4874000000.0,2544000000.0,2544000000.0,7870000000.0,3496000000.0,3806859696.1572833,0.21894548704200179,0.1312529201543678,9.838487842015777,18.849367036943747,0.05305217931403498,10.196164113840073,0.7276887871853547,1.5637865311308767,4527000000.0,2581000000.0,0.2450696455661288,6.0,0.08012114343094805,0.11088867455611505,45.40816326530612,-0.009268528365009061,0.9798631634954986,196.0,['fcf_cagr5 gate'],False,0.8,ig,Transportation,9.090909090909092,,,18.181818181818183,9.090909090909092,18.181818181818183,55.55555555555556,90.9090909090909,50.76923076923077,1.0,34.77719191057629,"{'profitability': 35.8, 'growth': 100.0, 'balance': 47.9, 'stability': 59.3}",63.5217144002711,False,-0.3613737803353212,27.05449363331806,,49.1494531554237,,False,"{""floor"": false, ""depressed_arms"": {""self_pct"": false, ""self_z"": false, ""median_ratio"": false}, ""yield_arm"": true, ""residual_arm"": false, ""brakes"": {""gm"": false, ""fcf_margin"": false, ""roic"": true}, ""self_pct"": 45.40816326530612, ""self_z"": -0.009268528365009061, ""median_ratio"": 0.9798631634954986, ""fcf_yield"": 0.05305217931403498, ""yield_threshold"": 0.0495, ""gs10"": 0.0495, ""residual_pct"": null, ""brake_values"": {""gm"": null, ""fcf_margin"": null, ""roic"": 1.6381808163719902}}",False,"{""floor"": false, ""mom_sector_pct"": 50.76923076923077, ""eps_rev_proxy"": null}"
MNST,865752,Monster Beverage,Consumer Staples,Soft Drinks & Non-alcoholic Beverages,Food Beverage and Tobacco,14.209445585215606,501848928.4641383,0.44751887240171295,-0.11065569253289409,0.3417838889460232,10.0,0.5388470614259054,0.03907062059615697,0.184063703180795,0.19992767534352462,0.3179560952946162,9,9,False,0.12520215032714033,0.08367261366855949,0.5554644630623616,0.2128351395933401,1.0308388090536913,1.1563123848719081,1.0413846028477818,,43.400001525878906,979525882.0,42511424773.43788,39352805773.43788,6205529000.0,-3158619000.0,9218957000.0,2688388000.0,2097916000.0,1962118000.0,2808608000.0,,2060354119.9536204,0.23360983609746047,0.33201909457737133,14.638067783905404,20.05628905776201,0.04985967230129188,,,-1.1246208085998473,1331643000.0,1381827000.0,0.4372665086248086,10.0,0.31882466254007236,0.3055077528339857,82.3076923076923,0.5200176296930997,1.1389816885723778,260.0,[],True,0.9,ig,Food Beverage and Tobacco,92.3076923076923,87.5,68.75,84.61538461538461,56.25,,80.0,71.42857142857143,96.55172413793103,1.0,73.34108829929441,"{'profitability': 90.0, 'growth': 84.9, 'balance': 100.0, 'stability': 80.2}",43.13647311895899,True,0.02630282275036544,19.535629467453234,39.743589743589745,58.2387807091267,10.0,False,"{""floor"": true, ""depressed_arms"": {""self_pct"": false, ""self_z"": false, ""median_ratio"": false}, ""yield_arm"": true, ""residual_arm"": false, ""brakes"": {""gm"": true, ""fcf_margin"": true, ""roic"": true}, ""self_pct"": 82.3076923076923, ""self_z"": 0.5200176296930997, ""median_ratio"": 1.1389816885723778, ""fcf_yield"": 0.04985967230129188, ""yield_threshold"": 0.0495, ""gs10"": 0.0495, ""residual_pct"": 39.743589743589745, ""brake_values"": {""gm"": 1.0308388090536913, ""fcf_margin"": 1.1563123848719081, ""roic"": 1.0413846028477818}}",False,"{""floor"": true, ""mom_sector_pct"": 96.55172413793103, ""eps_rev_proxy"": 10.0}"
AXON,1069183,Axon Enterprise,Industrials,Aerospace & Defense,Capital Goods,3.36208076659822,497949453.53341997,-0.18951765816405852,-0.38112148243878985,-0.3660614004966245,9.0,0.6093822655525591,0.0207218869544195,-0.0860343916390448,-0.025486836658942073,0.5984350035736433,9,9,False,0.3248437327961291,,0.5940718194749525,-0.15540155801359323,0.9748754649698841,1.8062725272188438,0.034712620100238116,,479.3399963378906,81237415.0,38940342208.5997,40107400208.5997,4841595000.0,1167058000.0,3219099000.0,23774000.0,133192000.0,-500253000.0,133149000.0,199298000.0,20647919.84791281,0.13149155178292202,0.004264693731696437,1687.0278543198326,,-0.01247283537198049,195.3875212425599,0.6683057531937099,8.76505268533748,1898827000.0,281583000.0,0.4503495232459551,3.0,0.12285715452712781,0.11062519310999416,,,,,['fcf_cagr5 gate'],False,0.9,ig,Capital Goods,36.84210526315789,2.380952380952381,96.96969696969697,27.380952380952383,22.093023255813954,12.5,0.0,0.0,15.384615384615385,1.0,22.189358171104303,"{'profitability': 1.1, 'growth': 100.0, 'balance': 0.0, 'stability': 72.9}",,False,,,,,,False,"{""floor"": false, ""depressed_arms"": {""self_pct"": false, ""self_z"": false, ""median_ratio"": false}, ""yield_arm"": false, ""residual_arm"": false, ""brakes"": {""gm"": true, ""fcf_margin"": true, ""roic"": false}, ""self_pct"": null, ""self_z"": null, ""median_ratio"": null, ""fcf_yield"": -0.01247283537198049, ""yield_threshold"": 0.0495, ""gs10"": 0.0495, ""residual_pct"": null, ""brake_values"": {""gm"": 0.9748754649698841, ""fcf_margin"": 1.8062725272188438, ""roic"": 0.034712620100238116}}",False,"{""floor"": false, ""mom_sector_pct"": 15.384615384615385, ""eps_rev_proxy"": null}"
UPS,1090727,United Parcel Service,Industrials,Air Freight & Logistics,Transportation,24.145106091718002,493110920.6871972,0.2995426272378252,-0.13456623028561898,0.2669466488408565,9.0,,,0.07076790643341882,0.0679587130778522,0.33259306854290466,7,9,False,0.00935446750891411,-0.011433429874150636,,0.059401756922050485,,0.8393883600038098,0.6289448354308954,shares_was_proxy,100.27999877929688,850000000.0,85237998962.40234,107885998962.40234,37715000000.0,22648000000.0,89930000000.0,6576000000.0,5457000000.0,5342000000.0,,4570000000.0,5124884038.199182,0.22066848567530695,0.13588450320029646,16.406021740024688,20.19580661969344,0.04951522951427327,18.65164091081014,1.1940919037199125,,5770000000.0,3954000000.0,0.25782845021874584,7.0,0.21605154465924,0.17335034707201402,32.30769230769231,-0.6221555684225757,0.87396980280571,260.0,[],True,0.8,ig,Transportation,81.81818181818183,44.44444444444444,,50.0,40.909090909090914,81.81818181818183,,72.72727272727273,64.61538461538461,0.7,17.56234143695234,"{'profitability': 45.9, 'growth': 3.9, 'balance': None, 'stability': 63.0}",60.9227506724638,False,-0.31470033847507306,27.66520062446485,,39.24254605470807,,False,"{""floor"": false, ""depressed_arms"": {""self_pct"": false, ""self_z"": false, ""median_ratio"": false}, ""yield_arm"": true, ""residual_arm"": false, ""brakes"": {""gm"": false, ""fcf_margin"": false, ""roic"": false}, ""self_pct"": 32.30769230769231, ""self_z"": -0.6221555684225757, ""median_ratio"": 0.87396980280571, ""fcf_yield"": 0.04951522951427327, ""yield_threshold"": 0.0495, ""gs10"": 0.0495, ""residual_pct"": null, ""brake_values"": {""gm"": null, ""fcf_margin"": 0.8393883600038098, ""roic"": 0.6289448354308954}}",False,"{""floor"": false, ""mom_sector_pct"": 64.61538461538461, ""eps_rev_proxy"": null}"
HUM,49071,Humana,Health Care,Managed Health Care,Health Care Equipment and Services,13.757700205338809,492132277.5794622,0.42766512668404566,0.0,0.5038097155754306,10.0,,,0.4259986873714666,0.4928909952606635,0.5855981243119247,7,9,False,0.26299918238784725,-0.3962600276820534,,0.16661269430051814,,0.39111081615900267,0.6111740959985007,,409.79998779296875,120061500.0,49201201234.40552,43533201234.40552,12912000000.0,-5668000000.0,6176000000.0,2444000000.0,1272000000.0,1029000000.0,3247000000.0,1130000000.0,1889847915.7233043,0.22673980535053015,0.14636368616196593,17.812275464159377,42.3063180120559,0.023637131449610747,43.540886048146476,1.1256637168141592,-1.7659377887280567,10489000000.0,342000000.0,0.8388320941759604,9.0,0.23947953147923498,0.1919018948575599,85.71428571428571,0.7156887848402854,2.780710099017891,217.0,['fcf_cagr5 gate'],False,0.9,ig,Health Care Equipment and Services,85.71428571428571,100.0,,96.55172413793103,59.67741935483871,31.03448275862069,92.85714285714286,70.0,85.71428571428571,1.0,37.83390289790121,"{'profitability': 69.9, 'growth': 50.0, 'balance': 100.0, 'stability': 51.9}",33.42447276821655,False,0.5012782868916519,25.627298986851123,,35.62918783305888,,False,"{""floor"": false, ""depressed_arms"": {""self_pct"": false, ""self_z"": false, ""median_ratio"": false}, ""yield_arm"": false, ""residual_arm"": false, ""brakes"": {""gm"": false, ""fcf_margin"": false, ""roic"": false}, ""self_pct"": 85.71428571428571, ""self_z"": 0.7156887848402854, ""median_ratio"": 2.780710099017891, ""fcf_yield"": 0.023637131449610747, ""yield_threshold"": 0.0495, ""gs10"": 0.0495, ""residual_pct"": null, ""brake_values"": {""gm"": null, ""fcf_margin"": 0.39111081615900267, ""roic"": 0.6111740959985007}}",False,"{""floor"": false, ""mom_sector_pct"": 85.71428571428571, ""eps_rev_proxy"": null}"
TDG,1260221,TransDigm Group,Industrials,Aerospace & Defense,Capital Goods,10.277891854893909,477624587.22510135,-0.011443570188824248,-0.21357245083512932,-0.10313422464010646,10.0,0.5735695454573323,0.04665988047904601,0.16695146611253345,0.16719817767653758,0.3520608333096397,7,9,False,0.1159297693411061,0.10386310201805116,0.5957425544673196,0.17799320407755348,1.0386579259404503,1.0661374123997052,1.97752852330618,,1140.3199462890625,55276525.0,63032924019.04602,80151924019.04602,7310000000.0,17119000000.0,10006000000.0,4608000000.0,1927000000.0,1781000000.0,,2129000000.0,3584747991.2344775,0.2220598977355734,0.49038960208405985,17.39408073329992,45.00388771423134,0.022220302529191834,29.606821991097238,0.9051197745420385,,12166000000.0,2474860000.0,2.0028536251709985,10.0,0.24798105124885375,0.15500459260529312,0.38461538461538464,-1.5943629220109048,0.7795491448896271,260.0,[],True,0.9,ig,Capital Goods,78.94736842105263,88.09523809523809,93.93939393939394,86.90476190476191,63.95348837209303,27.500000000000004,,76.19047619047619,27.692307692307693,0.7,53.62938863435417,"{'profitability': 72.2, 'growth': 91.6, 'balance': None, 'stability': 66.6}",68.18990028256708,False,0.48763677812449435,27.635801876489147,,60.909644458460626,,False,"{""floor"": false, ""depressed_arms"": {""self_pct"": true, ""self_z"": true, ""median_ratio"": true}, ""yield_arm"": false, ""residual_arm"": false, ""brakes"": {""gm"": true, ""fcf_margin"": true, ""roic"": true}, ""self_pct"": 0.38461538461538464, ""self_z"": -1.5943629220109048, ""median_ratio"": 0.7795491448896271, ""fcf_yield"": 0.022220302529191834, ""yield_threshold"": 0.0495, ""gs10"": 0.0495, ""residual_pct"": null, ""brake_values"": {""gm"": 1.0386579259404503, ""fcf_margin"": 1.0661374123997052, ""roic"": 1.97752852330618}}",False,"{""floor"": false, ""mom_sector_pct"": 27.692307692307693, ""eps_rev_proxy"": null}"
LULU,1397187,Lululemon Athletica,Consumer Discretionary,"Apparel, Accessories & Luxury Goods",Consumer Durables and Apparel,2.9048596851471595,465580395.89102876,-0.25220487456620255,-0.5305251061767371,-0.3809344827454558,10.0,0.5744094451198023,0.02324883408709348,0.11167683961691992,0.1410514004083442,0.4418406705287986,9,9,False,0.2032540125801856,0.09930078781039131,0.5610713221750043,0.113855248195977,0.9767794156970798,1.019506359479097,0.6617015195867274,,98.97000122070312,105594064.0,10450644642.979004,11202034642.979004,5542564000.0,751390000.0,11093955000.0,1978775000.0,1354336000.0,1263105000.0,2518426000.0,1417977000.0,1397038107.9055164,0.2939883979201696,0.2520562880113818,5.661095699601523,8.868648800360226,0.11275674823873756,7.370108713314112,0.9551184539664607,0.2983569896435313,185840000.0,2530000.0,0.03398607575843959,7.0,0.380921428393887,0.4128981094833186,0.38461538461538464,-0.044778749494219464,0.2445954928237268,260.0,[],True,1.0,ig,Consumer Durables and Apparel,100.0,70.0,50.0,72.22222222222221,70.0,33.33333333333333,40.0,88.88888888888889,15.151515151515152,1.0,63.140179041292356,"{'profitability': 72.8, 'growth': 91.4, 'balance': 90.1, 'stability': 75.6}",95.33333333333334,True,-1.1830337651644278,28.949595055861185,3.8461538461538463,79.23675618731285,-17.0,False,"{""floor"": true, ""depressed_arms"": {""self_pct"": true, ""self_z"": false, ""median_ratio"": true}, ""yield_arm"": true, ""residual_arm"": true, ""brakes"": {""gm"": true, ""fcf_margin"": true, ""roic"": false}, ""self_pct"": 0.38461538461538464, ""self_z"": -0.044778749494219464, ""median_ratio"": 0.2445954928237268, ""fcf_yield"": 0.11275674823873756, ""yield_threshold"": 0.0495, ""gs10"": 0.0495, ""residual_pct"": 3.8461538461538463, ""brake_values"": {""gm"": 0.9767794156970798, ""fcf_margin"": 1.019506359479097, ""roic"": 0.6617015195867274}}",False,"{""floor"": true, ""mom_sector_pct"": 15.151515151515152, ""eps_rev_proxy"": -17.0}"
NTAP,1002047,NetApp,Information Technology,"Technology Hardware, Storage & Peripherals",Technology Hardware and Equipment,27.21971252566735,464949720.835022,0.6992264630278626,-0.03766661668335025,0.6352223511867869,10.0,0.6892228970051042,0.029269361759577988,0.15024936372583986,0.14485696895922093,0.2761455902122549,7,9,False,0.03810448963486701,0.0980205829542049,0.7062643755919361,0.1695305100798268,1.0247256419670365,1.1283276406359315,2.532339193104691,,199.27999877929688,196419005.0,39142379076.63071,38304379076.63071,657000000.0,-838000000.0,7391000000.0,1849000000.0,1650000000.0,1253000000.0,2028000000.0,1418000000.0,1434289934.354486,0.22428884026258206,2.1830897022138296,20.71626775372131,30.570134937454675,0.03271166457217025,27.603934468709948,1.16361071932299,-0.41321499013806706,2916000000.0,38000000.0,4.4961948249619486,4.0,0.8620842374347666,1.6737991565991628,100.0,2.171675588873883,1.6089078417389187,260.0,[],True,1.0,ig,Technology Hardware and Equipment,100.0,72.22222222222221,94.73684210526315,25.0,62.5,50.0,84.21052631578948,75.0,69.49152542372882,1.0,56.716597565356885,"{'profitability': 79.0, 'growth': 56.7, 'balance': 100.0, 'stability': 72.2}",32.48016603831774,False,-0.18573565532247116,36.80961930826569,,44.59838180183731,,False,"{""floor"": false, ""depressed_arms"": {""self_pct"": false, ""self_z"": false, ""median_ratio"": false}, ""yield_arm"": false, ""residual_arm"": false, ""brakes"": {""gm"": true, ""fcf_margin"": true, ""roic"": true}, ""self_pct"": 100.0, ""self_z"": 2.171675588873883, ""median_ratio"": 1.6089078417389187, ""fcf_yield"": 0.03271166457217025, ""yield_threshold"": 0.0495, ""gs10"": 0.0495, ""residual_pct"": null, ""brake_values"": {""gm"": 1.0247256419670365, ""fcf_margin"": 1.1283276406359315, ""roic"": 2.532339193104691}}",False,"{""floor"": false, ""mom_sector_pct"": 69.49152542372882, ""eps_rev_proxy"": null}"
TEL,1385157,TE Connectivity,Information Technology,Electronic Manufacturing Services,Technology Hardware and Equipment,14.907597535934292,464749226.52491874,0.03770370818533442,-0.13256647966269341,0.02118364434284481,10.0,0.3322676863433084,0.041633202735549185,0.14226595239565437,0.14201072720469005,0.22373082283888815,5,9,False,0.07237290827192866,0.17468868131492132,0.3611944933236725,0.16256081151019564,1.08705874260212,1.142654365101352,1.0750258952346767,,211.9600067138672,289513228.0,61365225750.63336,66254225750.63336,18135000000.0,4889000000.0,19322000000.0,3814000000.0,3315000000.0,3141000000.0,4816000000.0,3016000000.0,3052413683.3731103,0.19968178202068418,0.1683161667148117,17.37132295506905,21.09335426635892,0.047408296820523534,20.34656026214634,1.0991379310344827,1.0141196013289036,7403000000.0,2081000000.0,0.5229666390956713,9.0,0.15656940680305054,0.15899659510268593,45.76923076923077,-0.2921296853771447,0.9489331696689602,260.0,[],True,1.0,ig,Technology Hardware and Equipment,35.0,50.0,36.84210526315789,60.0,62.5,45.0,47.36842105263158,80.0,37.28813559322034,1.0,44.42741050967515,"{'profitability': 68.2, 'growth': 80.2, 'balance': 66.2, 'stability': 62.4}",58.22248904615706,False,-0.5184147849273484,35.42340685105676,,51.3249497779161,,False,"{""floor"": false, ""depressed_arms"": {""self_pct"": false, ""self_z"": false, ""median_ratio"": false}, ""yield_arm"": false, ""residual_arm"": false, ""brakes"": {""gm"": true, ""fcf_margin"": true, ""roic"": true}, ""self_pct"": 45.76923076923077, ""self_z"": -0.2921296853771447, ""median_ratio"": 0.9489331696689602, ""fcf_yield"": 0.047408296820523534, ""yield_threshold"": 0.0495, ""gs10"": 0.0495, ""residual_pct"": null, ""brake_values"": {""gm"": 1.08705874260212, ""fcf_margin"": 1.142654365101352, ""roic"": 1.0750258952346767}}",False,"{""floor"": false, ""mom_sector_pct"": 37.28813559322034, ""eps_rev_proxy"": null}"
FSLR,1274494,First Solar,Information Technology,Semiconductors,Semiconductors and Semiconductor Equipment,3.7344284736481863,464532764.7497535,0.11829450159324617,-0.3186544771431513,0.03634111027247866,2.0,0.30324651097447314,0.5044477023523484,-0.04720805742572375,-0.07992341943218832,,6,9,False,0.13995360646283728,,0.44016172341346926,0.2745341219928112,1.4514980634040056,-5.815408151982485,1.4434669417141996,,209.02999877929688,107469788.0,22464409654.451294,20861473654.451294,8717402000.0,-1602936000.0,5378071000.0,1809702000.0,1500119000.0,1476464000.0,2383633000.0,1746014000.0,1731000597.0358245,0.043488598102989044,0.19856840341145499,11.527573962150285,14.129347992535743,0.07077467414124702,12.866110841294109,0.8591677959054166,-0.6724760061637005,30142000.0,7848000.0,0.004357949765308518,4.0,0.13756352686237736,0.1645573850515877,,,,,['fcf_cagr5 gate'],False,0.9,ig,Semiconductors and Semiconductor Equipment,21.428571428571427,6.25,6.25,33.33333333333333,6.25,46.666666666666664,78.57142857142857,93.75,44.06779661016949,1.0,33.980328224515,"{'profitability': 41.1, 'growth': 100.0, 'balance': 100.0, 'stability': 44.4}",,False,-1.3210018336005191,52.945118960315995,,,,False,"{""floor"": false, ""depressed_arms"": {""self_pct"": false, ""self_z"": false, ""median_ratio"": false}, ""yield_arm"": true, ""residual_arm"": false, ""brakes"": {""gm"": true, ""fcf_margin"": false, ""roic"": true}, ""self_pct"": null, ""self_z"": null, ""median_ratio"": null, ""fcf_yield"": 0.07077467414124702, ""yield_threshold"": 0.0495, ""gs10"": 0.0495, ""residual_pct"": null, ""brake_values"": {""gm"": 1.4514980634040056, ""fcf_margin"": -5.815408151982485, ""roic"": 1.4434669417141996}}",False,"{""floor"": false, ""mom_sector_pct"": 44.06779661016949, ""eps_rev_proxy"": null}"
CAH,721371,Cardinal Health,Health Care,Health Care Distributors,Health Care Equipment and Services,29.297741273100616,460881665.32303095,0.5607973260431789,-0.051015396574198624,0.5568152530177461,10.0,0.03542393457570216,0.0590966061176067,0.012671440765937025,0.013799062721810014,0.3083342829792862,8,9,False,0.09370066663339904,,0.03695135956971141,0.021015804767996468,1.0431184455454856,1.658517382213592,,ev_or_ic_nonpos,234.57000732421875,232575728.0,54555290220.39551,53407290220.39551,-4031000000.0,-1148000000.0,244673000000.0,2533000000.0,5506000000.0,5142000000.0,3416000000.0,1662000000.0,1864430390.8651736,0.2639437856829161,,21.084599376389857,10.386481956514102,0.09627899072917841,32.82508436846902,3.3128760529482553,-0.3826112412177986,11442000000.0,2189000000.0,-3.381543041428926,0.0,-0.40147071325600264,-0.5083835098593079,52.63157894736842,0.020739980979787943,1.0183446617718306,247.0,['fcf_cagr5 gate'],False,1.0,ig,Health Care Equipment and Services,3.571428571428571,10.0,8.695652173913043,12.068965517241379,59.67741935483871,96.55172413793103,78.57142857142857,43.333333333333336,92.85714285714286,1.0,39.87061924962609,"{'profitability': 2.8, 'growth': 78.1, 'balance': 100.0, 'stability': 73.1}",59.38369721875352,False,,,,49.62715823418981,,False,"{""floor"": false, ""depressed_arms"": {""self_pct"": false, ""self_z"": false, ""median_ratio"": false}, ""yield_arm"": true, ""residual_arm"": false, ""brakes"": {""gm"": true, ""fcf_margin"": true, ""roic"": false}, ""self_pct"": 52.63157894736842, ""self_z"": 0.020739980979787943, ""median_ratio"": 1.0183446617718306, ""fcf_yield"": 0.09627899072917841, ""yield_threshold"": 0.0495, ""gs10"": 0.0495, ""residual_pct"": null, ""brake_values"": {""gm"": 1.0431184455454856, ""fcf_margin"": 1.658517382213592, ""roic"": null}}",False,"{""floor"": false, ""mom_sector_pct"": 92.85714285714286, ""eps_rev_proxy"": null}"
WM,823768,Waste Management,Industrials,Environmental & Facilities Services,Commercial and Professional Services,28.035592060232716,460663393.77358073,0.04187434964439829,-0.12136259906509406,-0.005204195925631705,10.0,0.38737342099328853,0.02652413532573754,0.10133498136166126,0.0946796629099401,0.15918003245613013,8,9,False,0.1061712793131473,0.09145982426192112,0.40877391202711655,0.1323878910663498,1.0552451197579682,1.3064382041366516,0.9819404379762144,gm_derived,213.4600067138672,399715184.0,85323205860.27466,88202205860.27466,12804000000.0,2879000000.0,25667000000.0,4510000000.0,3573000000.0,3398000000.0,7521000000.0,2853000000.0,3550769655.172414,0.21268965517241378,0.27731721767981987,19.557030124229414,25.95709413192309,0.038525113593904155,29.906486456457994,1.252365930599369,0.38266188006913976,14001000000.0,4723000000.0,1.4623555139019055,10.0,0.28241755503151744,0.2811170511882022,7.307692307692308,-1.4954333200898013,0.6438904718748572,260.0,[],True,1.0,ig,Commercial and Professional Services,90.0,18.181818181818183,28.57142857142857,90.9090909090909,63.63636363636363,72.72727272727273,81.81818181818181,45.45454545454546,36.92307692307693,1.0,65.7683881656623,"{'profitability': 68.9, 'growth': 82.3, 'balance': 87.2, 'stability': 83.8}",56.110564381201556,True,0.07540885638517558,24.071681132147972,47.43589743589743,60.93947627343193,5.0,False,"{""floor"": true, ""depressed_arms"": {""self_pct"": true, ""self_z"": true, ""median_ratio"": true}, ""yield_arm"": false, ""residual_arm"": false, ""brakes"": {""gm"": true, ""fcf_margin"": true, ""roic"": true}, ""self_pct"": 7.307692307692308, ""self_z"": -1.4954333200898013, ""median_ratio"": 0.6438904718748572, ""fcf_yield"": 0.038525113593904155, ""yield_threshold"": 0.0495, ""gs10"": 0.0495, ""residual_pct"": 47.43589743589743, ""brake_values"": {""gm"": 1.0552451197579682, ""fcf_margin"": 1.3064382041366516, ""roic"": 0.9819404379762144}}",False,"{""floor"": true, ""mom_sector_pct"": 36.92307692307693, ""eps_rev_proxy"": 5.0}"
EXPE,1324424,Expedia Group,Consumer Discretionary,"Hotels, Resorts & Cruise Lines",Consumer Services,18.94866529774127,454718060.16778326,0.5062668567668105,-0.15466402251060152,0.2733015657248554,9.0,,,0.18945391419276786,0.18407656281816331,0.1832335062561977,8,9,True,0.23161302817574048,0.0028315207796696384,,0.2577707006369427,,1.3605984428205744,,gm_derived;ev_or_ic_nonpos,280.8299865722656,114473000.0,32147451052.886963,30877224052.886963,-61227000.0,-1270227000.0,15700000000.0,2507000000.0,4459000000.0,4047000000.0,3408000000.0,2043000000.0,2097567911.3664339,0.16331555190808372,,12.316403690820488,7.629657537160109,0.13106748174862606,15.735414122803212,2.182574645129711,-0.4052230046948357,7024000000.0,819000000.0,-128.09708135299786,7.0,0.2658984072776649,0.1734600993790101,29.615384615384617,-0.9768221196641786,0.6850060452150273,260.0,[],True,0.9,ig,Consumer Services,83.33333333333334,100.0,,76.92307692307693,50.0,92.3076923076923,88.88888888888889,69.23076923076923,96.96969696969697,1.0,62.2327761021278,"{'profitability': 80.2, 'growth': 51.2, 'balance': 100.0, 'stability': 80.4}",75.51923076923077,True,-1.128576902681894,24.006017929776814,6.41025641025641,68.87600343567928,20.0,False,"{""floor"": true, ""depressed_arms"": {""self_pct"": false, ""self_z"": false, ""median_ratio"": true}, ""yield_arm"": true, ""residual_arm"": true, ""brakes"": {""gm"": false, ""fcf_margin"": true, ""roic"": false}, ""self_pct"": 29.615384615384617, ""self_z"": -0.9768221196641786, ""median_ratio"": 0.6850060452150273, ""fcf_yield"": 0.13106748174862606, ""yield_threshold"": 0.0495, ""gs10"": 0.0495, ""residual_pct"": 6.41025641025641, ""brake_values"": {""gm"": null, ""fcf_margin"": 1.3605984428205744, ""roic"": null}}",False,"{""floor"": true, ""mom_sector_pct"": 96.96969696969697, ""eps_rev_proxy"": 20.0}"
NOC,1133421,Northrop Grumman,Industrials,Aerospace & Defense,Capital Goods,69.52772073921972,451496907.58261347,0.029109381204462936,-0.3074938338409494,-0.08425786505787569,10.0,,,0.056736892548627384,0.05770039532340819,0.26258040918493253,8,9,False,0.026567406658034587,0.02767945767344271,,0.0820199571015574,,1.4456194799752333,0.9649407969098219,gm_derived,518.969970703125,142063026.0,73726444441.21729,89552444441.21729,33710000000.0,15826000000.0,42892000000.0,4598000000.0,3646000000.0,3518000000.0,6122000000.0,4496000000.0,3929406576.6964455,0.14540961794335677,0.11656501265785955,19.476390700569223,25.455498704154998,0.03928424312648701,16.39823052518178,0.8109430604982206,2.5851029075465535,17439000000.0,208000000.0,0.5234945120142391,9.0,0.12080017036397839,0.12044575587253604,1.5384615384615385,-0.2476080214546394,0.6466573017950612,260.0,[],True,0.9,ig,Capital Goods,28.947368421052634,19.047619047619047,,69.04761904761905,63.95348837209303,17.5,21.05263157894737,66.66666666666667,33.84615384615385,1.0,20.42550055214772,"{'profitability': 40.7, 'growth': 22.6, 'balance': 13.8, 'stability': 75.1}",67.70193960461278,False,-0.065996017044887,27.192135509291838,,44.06372007838025,,False,"{""floor"": false, ""depressed_arms"": {""self_pct"": true, ""self_z"": false, ""median_ratio"": true}, ""yield_arm"": false, ""residual_arm"": false, ""brakes"": {""gm"": false, ""fcf_margin"": true, ""roic"": true}, ""self_pct"": 1.5384615384615385, ""self_z"": -0.2476080214546394, ""median_ratio"": 0.6466573017950612, ""fcf_yield"": 0.03928424312648701, ""yield_threshold"": 0.0495, ""gs10"": 0.0495, ""residual_pct"": null, ""brake_values"": {""gm"": null, ""fcf_margin"": 1.4456194799752333, ""roic"": 0.9649407969098219}}",False,"{""floor"": false, ""mom_sector_pct"": 33.84615384615385, ""eps_rev_proxy"": null}"
KHC,1637459,Kraft Heinz,Consumer Staples,Packaged Foods & Meats,Food Beverage and Tobacco,11.189596167008897,441534102.141767,0.026693055944864152,-0.03426251152839943,0.005897031900329086,9.0,0.3310439732667877,0.039943543628061746,0.116731114307929,0.11804534550800898,0.3022762004822465,4,9,False,-0.009679568109466907,-0.03314308432771251,0.3336947791164659,0.14943775100401607,1.0080074131044274,1.2801878221586158,-2.5881368230459483,,24.600000381469727,1185823758.0,29171264899.155865,49270264899.15587,56105000000.0,20099000000.0,24900000000.0,-3177000000.0,3816000000.0,3721000000.0,-2175000000.0,-3396000000.0,-2504673625.058675,0.21162303271681623,-0.04464260983974111,,13.241135420359008,0.07552222436018911,,,-5.3645977011494255,19714000000.0,32372000000.0,0.9283664557526067,0.0,0.01724893732132822,0.03658314644049438,12.307692307692308,-0.5624050974058517,0.7338742583277454,260.0,['rev_cagr5 gate'],False,0.8,ig,Food Beverage and Tobacco,15.384615384615385,50.0,25.0,11.538461538461538,9.375,,93.33333333333333,,31.03448275862069,1.0,20.95011119739176,"{'profitability': 23.6, 'growth': 0.0, 'balance': 100.0, 'stability': 53.1}",,False,-0.3244992559731088,18.31696280282085,,,,False,"{""floor"": false, ""depressed_arms"": {""self_pct"": true, ""self_z"": false, ""median_ratio"": true}, ""yield_arm"": true, ""residual_arm"": false, ""brakes"": {""gm"": true, ""fcf_margin"": true, ""roic"": false}, ""self_pct"": 12.307692307692308, ""self_z"": -0.5624050974058517, ""median_ratio"": 0.7338742583277454, ""fcf_yield"": 0.07552222436018911, ""yield_threshold"": 0.0495, ""gs10"": 0.0495, ""residual_pct"": null, ""brake_values"": {""gm"": 1.0080074131044274, ""fcf_margin"": 1.2801878221586158, ""roic"": -2.5881368230459483}}",False,"{""floor"": false, ""mom_sector_pct"": 31.03448275862069, ""eps_rev_proxy"": null}"
CRH,849395,CRH plc,Materials,Construction Materials,Materials,0.7255304585900069,439598441.16865444,-0.13361906874993068,-0.31844614242696145,-0.21031360883980843,5.0,0.3455159901788413,0.03420603534254623,0.07440264353034395,0.07394450823831014,0.13290652729126243,4,4,True,,0.04678214611088327,0.36249741147235454,0.06771588320563264,1.0491480040756538,0.9101273824768844,0.9006038381744469,,88.55000305175781,665284511.0,58910945479.337204,76763945479.3372,41888000000.0,17853000000.0,38632000000.0,5528000000.0,2766000000.0,2616000000.0,,3838000000.0,4149768601.4803276,0.2493182703544994,0.09906819617743334,13.886386664134806,29.34401585601575,0.03407849848864474,15.349386524058678,0.7206878582595102,,13150000000.0,2048000000.0,0.3628246753246753,3.0,0.11000196976536074,0.11050202812436151,,,,,"['tenure<1y', 'rev_cagr5 gate']",False,0.8,ig,Materials,41.66666666666667,64.28571428571429,71.42857142857143,46.42857142857143,21.428571428571427,27.27272727272727,,75.0,7.142857142857142,0.7,34.714071584445506,"{'profitability': 38.3, 'growth': 39.0, 'balance': None, 'stability': 89.9}",,False,0.01589657528781796,28.881234562951494,,,,False,"{""floor"": false, ""depressed_arms"": {""self_pct"": false, ""self_z"": false, ""median_ratio"": false}, ""yield_arm"": false, ""residual_arm"": false, ""brakes"": {""gm"": true, ""fcf_margin"": false, ""roic"": true}, ""self_pct"": null, ""self_z"": null, ""median_ratio"": null, ""fcf_yield"": 0.03407849848864474, ""yield_threshold"": 0.0495, ""gs10"": 0.0495, ""residual_pct"": null, ""brake_values"": {""gm"": 1.0491480040756538, ""fcf_margin"": 0.9101273824768844, ""roic"": 0.9006038381744469}}",False,"{""floor"": false, ""mom_sector_pct"": 7.142857142857142, ""eps_rev_proxy"": null}"
CHTR,1091667,Charter Communications,Communication Services,Cable & Satellite,Media and Entertainment,10.012320328542094,436752602.6558038,-0.41431280240238455,-0.47941145248888106,-0.4465831144637451,10.0,,,4.314533391456709,4.21259842519685,0.39759643355092417,5,9,False,-0.041699278420998076,-0.091718672797517,,7.285714285714286,,1.68864477909497,0.9770740688542587,shares_was_proxy,145.77000427246094,118055982.0,17209021000.52957,117982021000.52957,117725000000.0,100773000000.0,511000000.0,12663000000.0,4358000000.0,3723000000.0,21425000000.0,4924000000.0,9678222148.364796,0.23570858814145174,0.08221042385529663,9.31706712473581,31.690040558831473,0.03155565541620353,3.4949270919028375,0.8850528025995126,4.472532088681447,29710000000.0,6882000000.0,0.3108260777235082,0.0,0.08413939789815383,0.08446107678707196,28.46153846153846,-0.3722807513458709,0.8575262650591376,260.0,"['rev_cagr5 gate', 'fcf_cagr5 gate']",False,0.9,ig,Media and Entertainment,33.33333333333333,100.0,,16.666666666666664,70.0,44.44444444444444,10.0,80.0,25.0,1.0,12.378861513359059,"{'profitability': 70.6, 'growth': 0.0, 'balance': 0.0, 'stability': 43.9}",58.46669662486106,False,0.083685008561313,29.14599308923183,,35.42277906911006,,False,"{""floor"": false, ""depressed_arms"": {""self_pct"": false, ""self_z"": false, ""median_ratio"": false}, ""yield_arm"": false, ""residual_arm"": false, ""brakes"": {""gm"": false, ""fcf_margin"": true, ""roic"": true}, ""self_pct"": 28.46153846153846, ""self_z"": -0.3722807513458709, ""median_ratio"": 0.8575262650591376, ""fcf_yield"": 0.03155565541620353, ""yield_threshold"": 0.0495, ""gs10"": 0.0495, ""residual_pct"": null, ""brake_values"": {""gm"": null, ""fcf_margin"": 1.68864477909497, ""roic"": 0.9770740688542587}}",False,"{""floor"": false, ""mom_sector_pct"": 25.0, ""eps_rev_proxy"": null}"
COR,1140859,Cencora,Health Care,Health Care Distributors,Health Care Equipment and Services,25.037645448323065,435329989.823552,0.04525795166215585,-0.13222000745138074,0.07107131262168376,10.0,0.034165500543773465,0.03192993086475941,0.010143002659928315,0.00969358953843701,0.18147270041525304,9,9,False,0.11093539055828328,,0.03973065311279843,0.01175392748611334,1.1628880736547322,1.1588212958426267,0.39893709566035124,,321.57000732421875,190827165.0,61364292846.7099,72239190846.7099,13925856000.0,10874898000.0,332771323000.0,3041762000.0,4060102000.0,3911370000.0,,2624793000.0,2225934382.522746,0.26820889256860136,0.15984183539760471,23.749126607114526,18.469025136131304,0.05414470945971485,23.37871704424307,1.5468275022068407,,16515457000.0,343629000.0,1.2106319353007815,7.0,0.4006692712619825,0.4603637262258336,64.77732793522267,0.07603699745511529,1.0657740106881024,247.0,['fcf_cagr5 gate'],False,0.9,ig,Health Care Equipment and Services,92.85714285714286,6.666666666666667,4.3478260869565215,77.58620689655173,59.67741935483871,75.86206896551724,,30.0,30.952380952380953,0.7,55.765234165024694,"{'profitability': 41.9, 'growth': 92.4, 'balance': None, 'stability': 87.7}",38.076746171247784,False,-0.33914459086052906,25.92582568883363,,46.92099016813624,,False,"{""floor"": false, ""depressed_arms"": {""self_pct"": false, ""self_z"": false, ""median_ratio"": false}, ""yield_arm"": true, ""residual_arm"": false, ""brakes"": {""gm"": true, ""fcf_margin"": true, ""roic"": false}, ""self_pct"": 64.77732793522267, ""self_z"": 0.07603699745511529, ""median_ratio"": 1.0657740106881024, ""fcf_yield"": 0.05414470945971485, ""yield_threshold"": 0.0495, ""gs10"": 0.0495, ""residual_pct"": null, ""brake_values"": {""gm"": 1.1628880736547322, ""fcf_margin"": 1.1588212958426267, ""roic"": 0.39893709566035124}}",False,"{""floor"": false, ""mom_sector_pct"": 30.952380952380953, ""eps_rev_proxy"": null}"
KMB,55785,Kimberly-Clark,Consumer Staples,Household Products,Household and Personal Products,69.52772073921972,434609826.9300848,-0.1041077837212313,-0.17208643955229264,-0.19388558951538204,10.0,0.34677418159080575,0.07325480715126438,0.11458444334209679,0.10069608305804625,0.21713934556905945,5,9,False,-0.029872195796569856,-0.08185375224359281,0.3675672415872633,0.10185743577373055,1.059961384382974,0.8889290099322714,1.080464105039315,,98.1500015258789,332579038.0,32642633087.17534,38721633087.17534,7829000000.0,6079000000.0,16582000000.0,2514000000.0,1820000000.0,1689000000.0,3239000000.0,1955000000.0,2013638058.4375381,0.1990302074631909,0.25720245988472834,15.402399796012466,22.925774474348927,0.04361902805590602,16.696999021573063,0.9309462915601023,1.838530410620562,1831000000.0,40000000.0,0.23898326733937922,4.0,0.23804813013697432,0.22567360919888824,49.23076923076923,-0.03312202277758678,0.9931053909380563,260.0,"['rev_cagr5 gate', 'fcf_cagr5 gate']",False,1.0,sector,Consumer Staples,84.61538461538461,58.620689655172406,30.76923076923077,32.69230769230769,56.896551724137936,20.833333333333336,51.851851851851855,74.07407407407408,10.344827586206897,1.0,23.641695300435217,"{'profitability': 70.1, 'growth': 0.0, 'balance': 38.7, 'stability': 59.6}",54.55793063899402,False,-0.16023630367437214,26.91000375305882,,39.09981296971462,,False,"{""floor"": false, ""depressed_arms"": {""self_pct"": false, ""self_z"": false, ""median_ratio"": false}, ""yield_arm"": false, ""residual_arm"": false, ""brakes"": {""gm"": true, ""fcf_margin"": false, ""roic"": true}, ""self_pct"": 49.23076923076923, ""self_z"": -0.03312202277758678, ""median_ratio"": 0.9931053909380563, ""fcf_yield"": 0.04361902805590602, ""yield_threshold"": 0.0495, ""gs10"": 0.0495, ""residual_pct"": null, ""brake_values"": {""gm"": 1.059961384382974, ""fcf_margin"": 0.8889290099322714, ""roic"": 1.080464105039315}}",False,"{""floor"": false, ""mom_sector_pct"": 10.344827586206897, ""eps_rev_proxy"": null}"
LHX,202058,L3Harris,Industrials,Aerospace & Defense,Capital Goods,17.973990417522245,432719639.6940266,0.05747569756035542,-0.324306412679889,-0.10596729287867734,9.0,,,0.1015669715416766,0.10082032111561132,0.1658539930843871,6,8,False,0.10651329188844394,0.02060320295194762,0.2560218651817415,0.06881401823801374,,0.6775235806826914,1.2788613239969049,,245.5399932861328,186214616.0,45723135562.4198,55306135562.4198,29465000000.0,9583000000.0,39149000000.0,2320000000.0,2808000000.0,2694000000.0,3510000000.0,1874000000.0,1934021352.3131673,0.16637010676156583,0.06563792134102044,23.838851535525777,20.529374744773495,0.04871068955739076,24.39868493192092,1.4983991462113126,2.73019943019943,19996000000.0,4737000000.0,0.8394026811471237,1.0,0.05132528453974834,0.05666588155543939,3.4615384615384617,-1.0870942846034415,0.7123152581069507,260.0,[],True,0.9,ig,Capital Goods,7.894736842105263,50.0,,5.952380952380952,22.093023255813954,85.0,18.421052631578945,42.85714285714286,38.46153846153847,1.0,21.50893433999436,"{'profitability': 27.9, 'growth': 53.0, 'balance': 9.0, 'stability': 72.3}",61.22034972436009,False,-0.2618096995947097,26.6733909401972,,41.36464203217723,,False,"{""floor"": false, ""depressed_arms"": {""self_pct"": true, ""self_z"": true, ""median_ratio"": true}, ""yield_arm"": false, ""residual_arm"": false, ""brakes"": {""gm"": false, ""fcf_margin"": false, ""roic"": true}, ""self_pct"": 3.4615384615384617, ""self_z"": -1.0870942846034415, ""median_ratio"": 0.7123152581069507, ""fcf_yield"": 0.04871068955739076, ""yield_threshold"": 0.0495, ""gs10"": 0.0495, ""residual_pct"": null, ""brake_values"": {""gm"": null, ""fcf_margin"": 0.6775235806826914, ""roic"": 1.2788613239969049}}",False,"{""floor"": false, ""mom_sector_pct"": 38.46153846153847, ""eps_rev_proxy"": null}"
KEYS,1601046,Keysight Technologies,Information Technology,Electronic Equipment & Instruments,Technology Hardware and Equipment,7.852156057494867,431336145.5657903,1.0981589152748858,-0.06882612768476337,0.9856926702246649,10.0,0.6308307209681002,0.015398758265781015,0.18466469989437542,0.19692532942898974,0.13372426929535355,7,9,False,0.04952460179009255,0.07339084686143038,0.6469158310543908,0.1906715284108174,1.0254982985952328,1.0325282986942157,0.895154755279108,gm_derived,338.6400146484375,170244745.0,57651682940.61951,57789682940.61951,6709000000.0,138000000.0,6582000000.0,1333000000.0,1469000000.0,1255000000.0,1719000000.0,1260000000.0,1204881272.0848057,0.096113074204947,0.17959178299072973,43.35310048058478,46.04755612798367,0.021716679104980506,45.75530392112659,1.165873015873016,0.08027923211169284,3462000000.0,1125000000.0,0.6837084513340289,8.0,0.20062651952816052,0.25155265733585574,91.15384615384615,1.848622824187918,1.4646939696462864,260.0,[],True,1.0,ig,Technology Hardware and Equipment,50.0,83.33333333333334,84.21052631578947,50.0,62.5,55.00000000000001,73.6842105263158,15.0,81.35593220338984,1.0,62.73512079949467,"{'profitability': 83.0, 'growth': 51.2, 'balance': 97.3, 'stability': 80.7}",14.431670398160819,True,0.2567224204771916,35.621602686236045,57.692307692307686,38.58339559882775,9.0,False,"{""floor"": true, ""depressed_arms"": {""self_pct"": false, ""self_z"": false, ""median_ratio"": false}, ""yield_arm"": false, ""residual_arm"": false, ""brakes"": {""gm"": true, ""fcf_margin"": true, ""roic"": false}, ""self_pct"": 91.15384615384615, ""self_z"": 1.848622824187918, ""median_ratio"": 1.4646939696462864, ""fcf_yield"": 0.021716679104980506, ""yield_threshold"": 0.0495, ""gs10"": 0.0495, ""residual_pct"": 57.692307692307686, ""brake_values"": {""gm"": 1.0254982985952328, ""fcf_margin"": 1.0325282986942157, ""roic"": 0.895154755279108}}",False,"{""floor"": true, ""mom_sector_pct"": 81.35593220338984, ""eps_rev_proxy"": 9.0}"
MSI,68505,Motorola Solutions,Information Technology,Communications Equipment,Technology Hardware and Equipment,69.52772073921972,428175362.4750742,-0.020627080308950996,-0.04082303773228524,-0.02136186947174301,10.0,0.49656312234808075,0.03636943344333041,0.17210789220159584,0.17481741702875103,0.1961486709480565,8,9,False,0.09519871115386103,0.1299965282868849,0.5198986679741767,0.18958895154041022,1.0469941173153374,1.1015703528478418,0.6677193673162696,,466.1600036621094,165493788.0,77146584820.13635,85795584820.13635,11321000000.0,8649000000.0,12237000000.0,3048000000.0,2677000000.0,2320000000.0,3597000000.0,2134000000.0,2356224069.3892303,0.22696060715576435,0.2081286166760207,28.148157749388567,36.980855525920845,0.027041018542663893,36.1511643955653,1.254451733833177,2.400055601890464,6883000000.0,2951000000.0,0.8686511792244501,10.0,0.3117007336668119,0.33896047025509024,51.53846153846153,0.005694100054948917,1.0010648757138194,260.0,[],True,1.0,ig,Technology Hardware and Equipment,70.0,77.77777777777779,73.68421052631578,85.0,62.5,70.0,15.789473684210535,44.99999999999999,28.8135593220339,1.0,54.176632934889156,"{'profitability': 85.0, 'growth': 89.7, 'balance': 20.0, 'stability': 81.0}",39.61230556279916,False,0.027533413314105637,35.976535964955545,,46.89446924884416,,False,"{""floor"": false, ""depressed_arms"": {""self_pct"": false, ""self_z"": false, ""median_ratio"": false}, ""yield_arm"": false, ""residual_arm"": false, ""brakes"": {""gm"": true, ""fcf_margin"": true, ""roic"": false}, ""self_pct"": 51.53846153846153, ""self_z"": 0.005694100054948917, ""median_ratio"": 1.0010648757138194, ""fcf_yield"": 0.027041018542663893, ""yield_threshold"": 0.0495, ""gs10"": 0.0495, ""residual_pct"": null, ""brake_values"": {""gm"": 1.0469941173153374, ""fcf_margin"": 1.1015703528478418, ""roic"": 0.6677193673162696}}",False,"{""floor"": false, ""mom_sector_pct"": 28.8135593220339, ""eps_rev_proxy"": null}"
KR,56873,Kroger,Consumer Staples,Food Retail,Consumer Staples Distribution and Retail,69.52772073921972,426477234.8518323,-0.15104697942716327,-0.21691058702685118,-0.12409128944924608,10.0,,,0.0168133938372592,0.01807530042189031,0.3338569819052682,7,9,False,0.02188051774019617,,,0.01786807494365771,,1.0627286267488298,0.6480265226791676,gm_derived,58.4900016784668,612647282.0,35833740552.48812,57232740552.48812,27871000000.0,21399000000.0,148645000000.0,1975000000.0,2832000000.0,2656000000.0,5245000000.0,1053000000.0,1643249607.535322,0.16797488226059654,0.058959119067680456,28.97860281138639,21.548471593557274,0.04640700365491294,34.030142974822525,2.6894586894586894,4.078741658722593,2624000000.0,851000000.0,0.12468156865559184,3.0,0.09098257093540385,0.10069597900430077,38.07692307692307,-0.7426635231618297,0.7879162578020158,260.0,['fcf_cagr5 gate'],False,0.9,sector,Consumer Staples,34.61538461538461,3.4482758620689653,,26.923076923076923,56.896551724137936,95.83333333333334,14.81481481481481,11.111111111111114,6.896551724137931,1.0,8.05195106067333,"{'profitability': 18.3, 'growth': 18.2, 'balance': 0.0, 'stability': 62.9}",40.588767763140545,False,-0.2005499602438885,26.333841222560473,,24.32035941190694,,False,"{""floor"": false, ""depressed_arms"": {""self_pct"": false, ""self_z"": false, ""median_ratio"": true}, ""yield_arm"": false, ""residual_arm"": false, ""brakes"": {""gm"": false, ""fcf_margin"": true, ""roic"": false}, ""self_pct"": 38.07692307692307, ""self_z"": -0.7426635231618297, ""median_ratio"": 0.7879162578020158, ""fcf_yield"": 0.04640700365491294, ""yield_threshold"": 0.0495, ""gs10"": 0.0495, ""residual_pct"": null, ""brake_values"": {""gm"": null, ""fcf_margin"": 1.0627286267488298, ""roic"": 0.6480265226791676}}",False,"{""floor"": false, ""mom_sector_pct"": 6.896551724137931, ""eps_rev_proxy"": null}"
HPQ,47217,HP Inc.,Information Technology,"Technology Hardware, Storage & Peripherals",Technology Hardware and Equipment,51.7015742642026,424669657.852981,0.12048373581583505,0.0,0.3331486688822578,10.0,0.20895880844983267,0.04602734468673726,0.05578757557854926,0.050505050505050504,0.3003924110547742,5,9,False,-0.004788030560913592,-0.05604730057855212,0.19874243602312294,0.05750312700720057,0.9511081992546752,1.0307514963835593,0.6481990127034046,,35.47999954223633,901790969.0,31995543167.312855,38099543167.31285,6012000000.0,6104000000.0,59162000000.0,3222000000.0,3881000000.0,3402000000.0,4152000000.0,2451000000.0,2824435622.3175964,0.12339055793991416,0.4697996710441777,11.824811659625341,11.199160249063155,0.0892924092307415,13.054077179646207,1.5834353325173398,1.4701348747591523,8726000000.0,802000000.0,1.5848303393213572,10.0,0.7247769000523658,0.519144085874824,44.230769230769226,-0.2961412294740675,0.9048747623838022,260.0,"['rev_cagr5 gate', 'fcf_cagr5 gate']",False,1.0,ig,Technology Hardware and Equipment,90.0,33.33333333333333,21.052631578947366,85.0,62.5,90.0,26.31578947368422,95.0,45.76271186440678,1.0,22.877793913895434,"{'profitability': 60.1, 'growth': 0.0, 'balance': 51.0, 'stability': 58.2}",76.28772276922246,False,-1.1860164259267783,36.666195375807604,,49.58275834155894,,False,"{""floor"": false, ""depressed_arms"": {""self_pct"": false, ""self_z"": false, ""median_ratio"": false}, ""yield_arm"": true, ""residual_arm"": false, ""brakes"": {""gm"": false, ""fcf_margin"": true, ""roic"": false}, ""self_pct"": 44.230769230769226, ""self_z"": -0.2961412294740675, ""median_ratio"": 0.9048747623838022, ""fcf_yield"": 0.0892924092307415, ""yield_threshold"": 0.0495, ""gs10"": 0.0495, ""residual_pct"": null, ""brake_values"": {""gm"": 0.9511081992546752, ""fcf_margin"": 1.0307514963835593, ""roic"": 0.6481990127034046}}",False,"{""floor"": false, ""mom_sector_pct"": 45.76271186440678, ""eps_rev_proxy"": null}"
EBAY,1065088,eBay Inc.,Consumer Discretionary,Broadline Retail,Broadline Retail,24.145106091718002,423581899.133282,0.14689205489476942,-0.07783612406965845,0.2017970357164891,10.0,0.7252681620699765,0.015000980879488252,0.12918820021007876,0.133843797856049,0.13680776735883818,6,9,False,0.04531015795011939,-0.060198659443529756,0.7248500999333778,0.1485676215856096,0.9994235757772608,1.1500092217711608,1.1767147155484587,,107.75,445000000.0,47948750000.0,54598750000.0,11315000000.0,6650000000.0,12008000000.0,2464000000.0,2428000000.0,1784000000.0,2885000000.0,2222000000.0,2172772892.2952805,0.118192819685357,0.19202588531111625,22.158583603896105,30.60468049327354,0.03267474072208613,21.579095409540955,1.0927092709270927,2.3050259965337956,4471000000.0,119000000.0,0.40565620857269113,10.0,0.16318813963468987,0.16036088160422635,63.07692307692307,0.29312352535764286,1.1703378860357263,260.0,['fcf_cagr5 gate'],False,1.0,sector,Consumer Discretionary,37.93103448275862,81.25,91.30434782608695,95.16129032258065,66.66666666666666,46.875,28.57142857142857,21.875,57.57575757575758,1.0,29.515011063775674,"{'profitability': 66.9, 'growth': 18.9, 'balance': 23.2, 'stability': 75.0}",30.69825554995917,False,0.07467207838040313,28.40260528018938,,30.106633306867423,,False,"{""floor"": false, ""depressed_arms"": {""self_pct"": false, ""self_z"": false, ""median_ratio"": false}, ""yield_arm"": false, ""residual_arm"": false, ""brakes"": {""gm"": true, ""fcf_margin"": true, ""roic"": true}, ""self_pct"": 63.07692307692307, ""self_z"": 0.29312352535764286, ""median_ratio"": 1.1703378860357263, ""fcf_yield"": 0.03267474072208613, ""yield_threshold"": 0.0495, ""gs10"": 0.0495, ""residual_pct"": null, ""brake_values"": {""gm"": 0.9994235757772608, ""fcf_margin"": 1.1500092217711608, ""roic"": 1.1767147155484587}}",False,"{""floor"": false, ""mom_sector_pct"": 57.57575757575758, ""eps_rev_proxy"": null}"
CL,21665,Colgate-Palmolive,Consumer Staples,Household Products,Household and Personal Products,69.52772073921972,415019218.0778855,0.131716499339116,-0.11397866377791388,0.06833060202986618,10.0,0.5908186217430611,0.021703288911527906,0.14749718859481642,0.15056540956317088,0.21600903885523004,9,9,False,0.043531026206107715,0.018852665164492688,0.6042191286169051,0.17484677151137928,1.0226812534011016,1.1854244353883503,0.8239514560940087,,86.80000305175781,797172829.0,69194603989.97841,77551603989.97841,8593000000.0,8357000000.0,21047000000.0,3130000000.0,3858000000.0,3680000000.0,3772000000.0,2038000000.0,2301220258.327668,0.26478585995921144,0.26780172911994277,24.77687028433815,21.073805432059352,0.04745227449422642,33.95221000489618,1.8930323846908734,2.1280487804878048,3100000000.0,1495000000.0,0.5347375770976376,10.0,0.3250212462630662,0.32485578534848497,0.38461538461538464,-1.4027483057045127,0.7929023338839317,260.0,[],True,1.0,sector,Consumer Staples,96.15384615384616,75.86206896551724,84.61538461538461,88.46153846153845,56.896551724137936,83.33333333333334,37.03703703703704,22.222222222222214,72.41379310344827,1.0,42.26374416973891,"{'profitability': 80.1, 'growth': 26.0, 'balance': 29.1, 'stability': 87.0}",59.56901568160126,False,-0.2514750370560024,27.099244725367175,,50.916379925670086,,False,"{""floor"": false, ""depressed_arms"": {""self_pct"": true, ""self_z"": true, ""median_ratio"": true}, ""yield_arm"": false, ""residual_arm"": false, ""brakes"": {""gm"": true, ""fcf_margin"": true, ""roic"": false}, ""self_pct"": 0.38461538461538464, ""self_z"": -1.4027483057045127, ""median_ratio"": 0.7929023338839317, ""fcf_yield"": 0.04745227449422642, ""yield_threshold"": 0.0495, ""gs10"": 0.0495, ""residual_pct"": null, ""brake_values"": {""gm"": 1.0226812534011016, ""fcf_margin"": 1.1854244353883503, ""roic"": 0.8239514560940087}}",False,"{""floor"": false, ""mom_sector_pct"": 72.41379310344827, ""eps_rev_proxy"": null}"
GD,40533,General Dynamics,Industrials,Aerospace & Defense,Capital Goods,69.52772073921972,414969143.79559094,0.2348989831277981,-0.10076306282736436,0.11046677930544324,10.0,,,0.07778792618250824,0.08374146725201106,0.07862697280855324,8,9,False,0.06740547524230567,0.06489670198718422,,0.11148899791852512,,1.4332429644280074,1.1235188424844258,gm_derived,355.8999938964844,270430187.0,96246101902.72513,102816101902.72513,32649000000.0,6570000000.0,53808000000.0,5508000000.0,6201000000.0,5999000000.0,6373000000.0,4341000000.0,4535323975.720789,0.17659332321699545,0.1389115738834509,18.666685167524534,17.138873462697973,0.05834689206244841,22.171412555338662,1.4284727021423635,1.0309116585595481,20956000000.0,1328000000.0,0.6825323899660021,7.0,0.12363973671885838,0.12014230956715646,25.769230769230766,-0.63203036365384,0.7467047913401306,260.0,[],True,0.9,ig,Capital Goods,39.473684210526315,35.714285714285715,,53.57142857142857,63.95348837209303,77.5,65.78947368421052,71.42857142857143,60.0,1.0,47.99245157479929,"{'profitability': 46.8, 'growth': 55.1, 'balance': 65.6, 'stability': 87.4}",65.18263904730595,False,-0.46210144584356705,27.206356238015015,,56.58754531105262,,False,"{""floor"": false, ""depressed_arms"": {""self_pct"": false, ""self_z"": false, ""median_ratio"": true}, ""yield_arm"": true, ""residual_arm"": false, ""brakes"": {""gm"": false, ""fcf_margin"": true, ""roic"": true}, ""self_pct"": 25.769230769230766, ""self_z"": -0.63203036365384, ""median_ratio"": 0.7467047913401306, ""fcf_yield"": 0.05834689206244841, ""yield_threshold"": 0.0495, ""gs10"": 0.0495, ""residual_pct"": null, ""brake_values"": {""gm"": null, ""fcf_margin"": 1.4332429644280074, ""roic"": 1.1235188424844258}}",False,"{""floor"": false, ""mom_sector_pct"": 60.0, ""eps_rev_proxy"": null}"
KVUE,1944048,Kenvue,Consumer Staples,Personal Care Products,Household and Personal Products,3.052703627652293,405074699.8000162,0.05971207011008817,-0.09338445298016285,-0.01866246950506356,5.0,0.5668158815640222,0.02003115551021558,0.09305441465499657,0.10486643745040994,0.565100684190723,2,4,False,,,0.5819055036344756,0.1166926272066459,1.0266217347841708,1.2540256971073223,1.171292346516468,,17.780000686645508,1920773467.0,34151353562.150475,40861353562.150475,17263000000.0,6710000000.0,15408000000.0,2630000000.0,1914000000.0,1798000000.0,3197000000.0,1658000000.0,1961556455.2406657,0.25416104363472786,0.11362778516136626,15.536636335418432,22.72600309352084,0.04400245814826536,20.597921328196907,1.1544028950542822,2.098842664998436,9265000000.0,16716000000.0,1.505010716561432,2.0,0.09701061011736807,0.10120738818668171,,,,,"['rev_cagr5 gate', 'fcf_cagr5 gate']",False,0.9,sector,Consumer Staples,42.30769230769231,51.724137931034484,76.92307692307693,19.230769230769234,3.4482758620689653,54.166666666666664,40.74074074074075,70.37037037037038,51.724137931034484,0.7,18.8707479838967,"{'profitability': 46.3, 'growth': None, 'balance': 30.0, 'stability': 48.0}",,False,-0.14878867610331037,26.371884345072402,,,,False,"{""floor"": false, ""depressed_arms"": {""self_pct"": false, ""self_z"": false, ""median_ratio"": false}, ""yield_arm"": false, ""residual_arm"": false, ""brakes"": {""gm"": true, ""fcf_margin"": true, ""roic"": true}, ""self_pct"": null, ""self_z"": null, ""median_ratio"": null, ""fcf_yield"": 0.04400245814826536, ""yield_threshold"": 0.0495, ""gs10"": 0.0495, ""residual_pct"": null, ""brake_values"": {""gm"": 1.0266217347841708, ""fcf_margin"": 1.2540256971073223, ""roic"": 1.171292346516468}}",False,"{""floor"": false, ""mom_sector_pct"": 51.724137931034484, ""eps_rev_proxy"": null}"
KDP,1418135,Keurig Dr Pepper,Consumer Staples,Soft Drinks & Non-alcoholic Beverages,Food Beverage and Tobacco,4.229979466119096,403696584.5444694,0.1934766909658714,-0.060179701928249396,0.19157862482845722,11.0,0.5428192640639168,0.021830910100845466,0.11976218223395219,0.10149175949449547,0.3335401210434496,9,10,False,0.07401671198285564,-0.0548108666739644,0.49392732702837233,0.09238427078148333,0.9099296206448055,0.7713976904747206,0.7502653480482239,,31.389999389648438,1360826038.0,42716328502.2377,72399328502.2377,54715000000.0,29683000000.0,20090000000.0,3260000000.0,1970000000.0,1856000000.0,4051000000.0,1427000000.0,2472704211.0603757,0.24150177574835108,0.04519243737659464,22.208382976146535,39.00825889129187,0.02563559688185002,29.934357745085986,1.3805185704274703,6.291532954825969,29760000000.0,38113000000.0,1.2404825002284565,2.0,0.060235272086283084,0.05912785633238603,63.46153846153846,0.29306214515220264,1.1329399442208015,260.0,['fcf_cagr5 gate'],False,1.0,ig,Food Beverage and Tobacco,30.76923076923077,56.25,75.0,30.76923076923077,100.0,69.23076923076923,0.0,28.57142857142857,82.75862068965517,1.0,16.112782906276866,"{'profitability': 29.8, 'growth': 30.8, 'balance': 0.0, 'stability': 76.1}",30.34544096931691,False,0.7290316408698065,18.816643096102695,,23.229111937796887,,False,"{""floor"": false, ""depressed_arms"": {""self_pct"": false, ""self_z"": false, ""median_ratio"": false}, ""yield_arm"": false, ""residual_arm"": false, ""brakes"": {""gm"": false, ""fcf_margin"": false, ""roic"": false}, ""self_pct"": 63.46153846153846, ""self_z"": 0.29306214515220264, ""median_ratio"": 1.1329399442208015, ""fcf_yield"": 0.02563559688185002, ""yield_threshold"": 0.0495, ""gs10"": 0.0495, ""residual_pct"": null, ""brake_values"": {""gm"": 0.9099296206448055, ""fcf_margin"": 0.7713976904747206, ""roic"": 0.7502653480482239}}",False,"{""floor"": false, ""mom_sector_pct"": 82.75862068965517, ""eps_rev_proxy"": null}"
CTAS,723254,Cintas,Industrials,Diversified Support Services,Commercial and Professional Services,25.53593429158111,403508039.563762,-0.004169759340356904,-0.018875068222914404,0.005712656355503443,10.0,0.48625418117325603,0.033846230868074784,0.15112972050591642,0.15562682599302374,0.1594886782882036,9,9,False,0.09620823052847349,0.09095906665122921,0.5066945494893322,0.15562682599302374,1.0420363857165336,1.0297565923635204,1.1271798957702177,,201.5,400169561.0,80634166541.5,83300913541.5,7806634000.0,2666747000.0,11264761000.0,2606512000.0,1881175000.0,1753099000.0,3119358000.0,1999968000.0,2080736776.6597188,0.20171601870249636,0.26653443425933876,31.958768477375127,47.5163773075565,0.02104537544028994,40.31772835440367,0.9406025496407943,0.8549025151970373,3544212000.0,706674000.0,0.5445222614509659,9.0,0.23646130955628167,0.23899879577216646,72.3076923076923,1.8527572476040994,3.301951527090186,260.0,[],True,1.0,ig,Commercial and Professional Services,40.0,54.54545454545454,57.14285714285714,72.72727272727273,63.63636363636363,18.181818181818183,63.63636363636363,0.0,30.76923076923077,1.0,68.51681902770251,"{'profitability': 81.1, 'growth': 78.0, 'balance': 71.5, 'stability': 88.6}",17.063612632086983,True,0.6840348788001864,23.9756698101592,80.76923076923077,42.79021582989475,3.0,False,"{""floor"": true, ""depressed_arms"": {""self_pct"": false, ""self_z"": false, ""median_ratio"": false}, ""yield_arm"": false, ""residual_arm"": false, ""brakes"": {""gm"": true, ""fcf_margin"": true, ""roic"": true}, ""self_pct"": 72.3076923076923, ""self_z"": 1.8527572476040994, ""median_ratio"": 3.301951527090186, ""fcf_yield"": 0.02104537544028994, ""yield_threshold"": 0.0495, ""gs10"": 0.0495, ""residual_pct"": 80.76923076923077, ""brake_values"": {""gm"": 1.0420363857165336, ""fcf_margin"": 1.0297565923635204, ""roic"": 1.1271798957702177}}",False,"{""floor"": true, ""mom_sector_pct"": 30.76923076923077, ""eps_rev_proxy"": 3.0}"
SWKS,4127,Skyworks Solutions,Information Technology,Semiconductors,Semiconductors and Semiconductor Equipment,11.507186858316222,401110334.9522109,-0.03468946567908837,0.0,0.22500977980057035,10.0,0.4463051220706157,0.07287175184748614,0.2390373731300016,0.2137072108444053,0.23199280453409218,4,9,False,0.04021275962874182,0.06290179014117925,0.40733912956827184,0.05027278842081662,0.9126920338230433,0.2103135077269927,0.3160905559829089,,88.3499984741211,150472782.0,13294270060.096756,13176170060.096756,5620200000.0,-118100000.0,4014100000.0,305400000.0,434200000.0,201800000.0,768800000.0,290100000.0,271851917.76618594,0.10984964713102179,0.04837050599021137,43.14397531138427,65.29321139790265,0.015315527887055681,45.826508307813704,1.4967252671492588,-0.15361602497398544,2176700000.0,1631600000.0,0.6776093377459876,5.0,0.15302736850140747,0.1562759240789808,100.0,6.74548770219146,5.624345028495546,260.0,[],True,1.0,ig,Semiconductors and Semiconductor Equipment,28.57142857142857,75.0,18.75,50.0,65.625,86.66666666666667,57.142857142857146,43.75,25.423728813559322,1.0,27.600108930520175,"{'profitability': 22.1, 'growth': 43.0, 'balance': 100.0, 'stability': 53.3}",17.886325032783372,False,0.20723494556793076,53.072193335790814,,22.743216981651774,,False,"{""floor"": false, ""depressed_arms"": {""self_pct"": false, ""self_z"": false, ""median_ratio"": false}, ""yield_arm"": false, ""residual_arm"": false, ""brakes"": {""gm"": false, ""fcf_margin"": false, ""roic"": false}, ""self_pct"": 100.0, ""self_z"": 6.74548770219146, ""median_ratio"": 5.624345028495546, ""fcf_yield"": 0.015315527887055681, ""yield_threshold"": 0.0495, ""gs10"": 0.0495, ""residual_pct"": null, ""brake_values"": {""gm"": 0.9126920338230433, ""fcf_margin"": 0.2103135077269927, ""roic"": 0.3160905559829089}}",False,"{""floor"": false, ""mom_sector_pct"": 25.423728813559322, ""eps_rev_proxy"": null}"
AKAM,1086222,Akamai Technologies,Information Technology,Internet Services & Infrastructure,Software and Services,19.173169062286107,397599799.33882695,0.6266268066196619,-0.2922189988098792,0.38977103077851205,10.0,0.6075484009044092,0.02645663675265128,0.18812575594733774,0.1842468169718739,0.07738132725328861,9,9,False,0.056425850397398225,0.07607765907051411,0.5745235648650862,0.10328502089138746,0.9456424607649998,0.5490211607192167,,gm_derived,106.79000091552734,143716609.0,15347496806.686485,13768267806.686485,3169288000.0,-1579229000.0,4322834000.0,455678000.0,956103000.0,446484000.0,1184094000.0,410965000.0,,,,30.214905715629207,30.83709115374008,0.032428480203091886,37.3450216117832,2.326482790505274,-1.3337023918709157,3202854000.0,564281000.0,1.18863763722325,,,,90.76923076923077,1.927575710369162,1.5513586823217071,260.0,[],True,0.8,ig,Software and Services,,52.17391304347826,15.789473684210526,,65.21739130434783,77.27272727272727,80.95238095238095,40.90909090909091,64.40677966101694,1.0,58.97849382824416,"{'profitability': 41.3, 'growth': 55.2, 'balance': 100.0, 'stability': 93.5}",25.75127133365484,False,,,,42.3648825809495,,False,"{""floor"": false, ""depressed_arms"": {""self_pct"": false, ""self_z"": false, ""median_ratio"": false}, ""yield_arm"": false, ""residual_arm"": false, ""brakes"": {""gm"": false, ""fcf_margin"": false, ""roic"": false}, ""self_pct"": 90.76923076923077, ""self_z"": 1.927575710369162, ""median_ratio"": 1.5513586823217071, ""fcf_yield"": 0.032428480203091886, ""yield_threshold"": 0.0495, ""gs10"": 0.0495, ""residual_pct"": null, ""brake_values"": {""gm"": 0.9456424607649998, ""fcf_margin"": 0.5490211607192167, ""roic"": null}}",False,"{""floor"": false, ""mom_sector_pct"": 64.40677966101694, ""eps_rev_proxy"": null}"
TPR,1116132,"Tapestry, Inc.",Consumer Discretionary,"Apparel, Accessories & Luxury Goods",Consumer Durables and Apparel,22.031485284052017,394854697.4773313,0.22238718147793124,-0.2674355453394366,0.1272268682990545,10.0,0.7338186643650635,0.040987891255076674,0.14513857895101032,0.14358052690886788,0.33844371436159504,7,9,False,0.06852804969049076,0.08458548952073475,0.7782164363709053,0.2133879713150596,1.060502374989681,1.470236052036075,1.9394583644217729,,118.48999786376953,199391678.0,23625919500.273422,26444519500.273422,3510700000.0,2818600000.0,8004200000.0,1914400000.0,1812500000.0,1708000000.0,2075200000.0,1527700000.0,1571874062.1304955,0.17892077824357733,0.44773807563463003,13.81347654631917,15.482739754258445,0.06458805197736114,15.46502552875134,1.1864240361327485,1.358230531996916,957700000.0,716500000.0,0.4768849517190304,5.0,0.23085727636546505,0.20317811414335157,51.53846153846153,0.09451047548568726,1.0428602417289135,260.0,[],True,1.0,ig,Consumer Durables and Apparel,87.5,80.0,100.0,38.88888888888889,70.0,55.55555555555556,20.0,55.55555555555556,66.66666666666666,1.0,45.50090905773695,"{'profitability': 78.7, 'growth': 63.8, 'balance': 54.7, 'stability': 67.9}",54.04308225987501,False,-0.6145611480035451,28.625186788456173,,49.77199565880598,,False,"{""floor"": false, ""depressed_arms"": {""self_pct"": false, ""self_z"": false, ""median_ratio"": false}, ""yield_arm"": true, ""residual_arm"": false, ""brakes"": {""gm"": true, ""fcf_margin"": true, ""roic"": true}, ""self_pct"": 51.53846153846153, ""self_z"": 0.09451047548568726, ""median_ratio"": 1.0428602417289135, ""fcf_yield"": 0.06458805197736114, ""yield_threshold"": 0.0495, ""gs10"": 0.0495, ""residual_pct"": null, ""brake_values"": {""gm"": 1.060502374989681, ""fcf_margin"": 1.470236052036075, ""roic"": 1.9394583644217729}}",False,"{""floor"": false, ""mom_sector_pct"": 66.66666666666666, ""eps_rev_proxy"": null}"
JBL,898293,Jabil,Information Technology,Electronic Manufacturing Services,Technology Hardware and Equipment,2.737850787132101,391065964.31259155,0.6982095314054753,-0.17325318880899887,0.4876520403922875,7.0,0.08464506764772181,0.062153577068021645,,,0.5350708829097841,8,9,False,0.01794613089068231,,0.09225960107174755,0.03888061923191426,1.089958383112364,,0.8919975841394582,sbc_unreported,318.0799865722656,104787089.0,33330675862.066803,36234075862.0668,4226400000.0,2903400000.0,33590000000.0,1439000000.0,1306000000.0,1306000000.0,2136000000.0,862000000.0,1063501287.553648,0.2609442060085837,0.2516328997618891,25.18003882006032,27.744315361460032,0.03604341959683432,38.66667733418423,1.5150812064965198,1.3573970037453182,1228000000.0,627000000.0,0.43890781752791974,9.0,0.2821004274407854,0.23952776036879278,62.30769230769231,0.10918313320637056,1.141187819284278,260.0,['fcf_cagr5 gate'],False,0.9,ig,Technology Hardware and Equipment,60.0,,10.526315789473683,60.0,10.0,85.0,36.8421052631579,60.0,67.79661016949152,1.0,27.835348583490738,"{'profitability': 57.8, 'growth': 15.0, 'balance': 54.8, 'stability': 63.2}",43.479692545716965,False,-0.257590646485403,35.89584726930197,,35.65752056460385,,False,"{""floor"": false, ""depressed_arms"": {""self_pct"": false, ""self_z"": false, ""median_ratio"": false}, ""yield_arm"": false, ""residual_arm"": false, ""brakes"": {""gm"": true, ""fcf_margin"": false, ""roic"": false}, ""self_pct"": 62.30769230769231, ""self_z"": 0.10918313320637056, ""median_ratio"": 1.141187819284278, ""fcf_yield"": 0.03604341959683432, ""yield_threshold"": 0.0495, ""gs10"": 0.0495, ""residual_pct"": null, ""brake_values"": {""gm"": 1.089958383112364, ""fcf_margin"": null, ""roic"": 0.8919975841394582}}",False,"{""floor"": false, ""mom_sector_pct"": 67.79661016949152, ""eps_rev_proxy"": null}"
HAL,45012,Halliburton,Energy,Oil & Gas Equipment & Services,Energy,69.52772073921972,388201513.6774467,0.5724118853795406,-0.13411125228355592,0.6448805391288135,9.0,,,,,0.2915042420724589,5,9,False,0.08959339537251054,0.07716291557214183,,0.07710186385375228,,,0.7718361766058602,sbc_unreported;gm_derived,35.84000015258789,833130367.0,29859392480.405605,36322392480.40561,17473000000.0,6463000000.0,22373000000.0,2559000000.0,1725000000.0,1725000000.0,3725000000.0,1602000000.0,1975346909.4393868,0.22807858169621467,0.11305138839577558,14.193979085738809,21.056459408930788,0.04749136502862702,18.638821773037208,1.0767790262172285,1.723758389261745,3020000000.0,,0.1728380930578607,5.0,0.1464707043053069,0.14040666459845066,52.69230769230769,0.02158686230557981,1.012737530668348,260.0,[],True,0.8,ig,Energy,60.0,,,81.81818181818183,72.72727272727273,70.0,18.181818181818173,45.45454545454546,63.63636363636363,1.0,26.01861779907666,"{'profitability': 43.7, 'growth': 69.5, 'balance': 42.5, 'stability': 50.9}",45.21710647828508,False,-0.04218302828737608,21.96368486737704,,35.61786213868087,,False,"{""floor"": false, ""depressed_arms"": {""self_pct"": false, ""self_z"": false, ""median_ratio"": false}, ""yield_arm"": false, ""residual_arm"": false, ""brakes"": {""gm"": false, ""fcf_margin"": false, ""roic"": false}, ""self_pct"": 52.69230769230769, ""self_z"": 0.02158686230557981, ""median_ratio"": 1.012737530668348, ""fcf_yield"": 0.04749136502862702, ""yield_threshold"": 0.0495, ""gs10"": 0.0495, ""residual_pct"": null, ""brake_values"": {""gm"": null, ""fcf_margin"": null, ""roic"": 0.7718361766058602}}",False,"{""floor"": false, ""mom_sector_pct"": 63.63636363636363, ""eps_rev_proxy"": null}"
ECL,31462,Ecolab,Materials,Specialty Chemicals,Materials,37.61533196440794,383284704.82314456,0.023597250185428242,-0.0994815026284086,0.0238567819241009,10.0,0.4122314531465502,0.058994399159062974,0.09832274117298731,0.10440505454288429,0.19004241455634815,7,9,False,0.0640436792245791,0.06789096606222178,0.44113997328187615,0.1032328929790708,1.0701269151460135,1.0499391264676465,1.547179121136324,gm_derived,276.17999267578125,280328603.0,77421151523.35199,79042551523.35199,11676900000.0,1621400000.0,16842500000.0,2852100000.0,1874500000.0,1738700000.0,3882900000.0,2116400000.0,2314043639.9589305,0.18865269802639084,0.19817277187943122,27.713807904123975,45.46071865379421,0.021997012577286628,36.58153067631449,0.8857021357021357,0.4101316026681089,9419300000.0,3419100000.0,1.0994698935505143,7.0,0.12808650864799898,0.11975987834425743,49.61538461538461,-0.014437737287605482,0.9974796429230768,260.0,[],True,1.0,ig,Materials,50.0,85.71428571428571,92.85714285714286,71.42857142857143,71.42857142857143,45.45454545454545,90.9090909090909,25.0,35.714285714285715,1.0,46.02153771815285,"{'profitability': 50.6, 'growth': 55.0, 'balance': 86.3, 'stability': 73.5}",33.09910377318599,False,0.4502314761320605,28.980324976624626,,39.560320745669415,,False,"{""floor"": false, ""depressed_arms"": {""self_pct"": false, ""self_z"": false, ""median_ratio"": false}, ""yield_arm"": false, ""residual_arm"": false, ""brakes"": {""gm"": true, ""fcf_margin"": true, ""roic"": true}, ""self_pct"": 49.61538461538461, ""self_z"": -0.014437737287605482, ""median_ratio"": 0.9974796429230768, ""fcf_yield"": 0.021997012577286628, ""yield_threshold"": 0.0495, ""gs10"": 0.0495, ""residual_pct"": null, ""brake_values"": {""gm"": 1.0701269151460135, ""fcf_margin"": 1.0499391264676465, ""roic"": 1.547179121136324}}",False,"{""floor"": false, ""mom_sector_pct"": 35.714285714285715, ""eps_rev_proxy"": null}"
GWW,277135,W. W. Grainger,Industrials,Industrial Machinery & Supplies & Components,Capital Goods,45.204654346338124,381069347.48963344,0.3281770309904628,-0.08065197172488581,0.285358510886786,10.0,0.38501363649632897,0.03073839873086191,0.0735323418550858,0.07061643072121279,0.2713268723028499,9,9,False,0.08747643442914854,,0.39395065003979834,0.0765189705492173,1.023212200026984,1.0406165317027087,0.9642691974591847,,1280.0,47100942.0,60289205760.0,62879205760.0,6721000000.0,2590000000.0,18845000000.0,2745000000.0,1510000000.0,1442000000.0,3077000000.0,1870000000.0,2025268156.424581,0.2621973929236499,0.3013343485232229,22.906814484517305,43.60555184466019,0.022932859640496833,32.24021698395722,0.8074866310160428,0.7175820604484888,354000000.0,288000000.0,0.09552149977681892,10.0,0.31250023262925775,0.3254863215931069,83.46153846153847,1.3659248503277615,1.2463411401108124,260.0,['fcf_cagr5 gate'],False,1.0,ig,Capital Goods,92.10526315789474,30.952380952380953,69.6969696969697,86.90476190476191,63.95348837209303,15.0,81.57894736842105,47.61904761904761,69.23076923076923,1.0,58.63746434067693,"{'profitability': 64.1, 'growth': 72.9, 'balance': 76.1, 'stability': 83.4}",27.49890551119666,False,0.4508685513880448,27.779988594115547,,43.06818492593679,,False,"{""floor"": false, ""depressed_arms"": {""self_pct"": false, ""self_z"": false, ""median_ratio"": false}, ""yield_arm"": false, ""residual_arm"": false, ""brakes"": {""gm"": true, ""fcf_margin"": true, ""roic"": true}, ""self_pct"": 83.46153846153847, ""self_z"": 1.3659248503277615, ""median_ratio"": 1.2463411401108124, ""fcf_yield"": 0.022932859640496833, ""yield_threshold"": 0.0495, ""gs10"": 0.0495, ""residual_pct"": null, ""brake_values"": {""gm"": 1.023212200026984, ""fcf_margin"": 1.0406165317027087, ""roic"": 0.9642691974591847}}",False,"{""floor"": false, ""mom_sector_pct"": 69.23076923076923, ""eps_rev_proxy"": null}"
LYV,1335258,Live Nation Entertainment,Communication Services,Movies & Entertainment,Media and Entertainment,6.72416153319644,377926585.65280616,0.084786803364856,-0.09715595970015178,-0.020606699586116384,9.0,,,0.0786699019674674,0.04181243218440444,0.4196958479622363,8,9,True,0.6839429426424875,-0.3269840566073986,,0.04638958516945548,,0.5896738652177183,,ev_or_ic_nonpos,170.14999389648438,235633860.0,40093099840.80505,35659082840.80505,-4351687000.0,-4434017000.0,26272535000.0,801196000.0,1382702000.0,1218772000.0,1489343000.0,134700000.0,589692373.1020703,0.2639848762324446,,44.507315114909524,29.2582064904716,0.03417844495443239,297.6473633318861,10.26504825538233,-3.429196632340569,3063726000.0,1574955000.0,-1.0659500556910457,2.0,-0.24804414513239795,-0.366233118897404,58.07692307692308,0.11476948953212915,1.1729442985456626,260.0,['fcf_cagr5 gate'],False,0.9,ig,Media and Entertainment,11.11111111111111,30.0,,33.33333333333333,30.0,88.88888888888889,90.0,10.0,83.33333333333334,1.0,31.237088203657834,"{'profitability': 8.4, 'growth': 50.0, 'balance': 100.0, 'stability': 64.6}",28.753533486329715,False,,,,29.995310844993774,,False,"{""floor"": false, ""depressed_arms"": {""self_pct"": false, ""self_z"": false, ""median_ratio"": false}, ""yield_arm"": false, ""residual_arm"": false, ""brakes"": {""gm"": false, ""fcf_margin"": false, ""roic"": false}, ""self_pct"": 58.07692307692308, ""self_z"": 0.11476948953212915, ""median_ratio"": 1.1729442985456626, ""fcf_yield"": 0.03417844495443239, ""yield_threshold"": 0.0495, ""gs10"": 0.0495, ""residual_pct"": null, ""brake_values"": {""gm"": null, ""fcf_margin"": 0.5896738652177183, ""roic"": null}}",False,"{""floor"": false, ""mom_sector_pct"": 83.33333333333334, ""eps_rev_proxy"": null}"
CARR,1783180,Carrier Global,Industrials,Building Products,Capital Goods,6.444900752908967,376166731.90369666,0.033656162198359985,-0.216379581495297,-0.05393623306084294,8.0,0.2623094391214494,0.03839485134879538,0.07345111941520929,0.0873720467666036,0.5150958130176503,3,7,False,0.04493896559222432,0.08976364718415653,,0.0737997256515775,,1.0047460983459977,0.5002508661498396,gm_derived,57.459999084472656,830580423.0,47725150345.16091,58687150345.16091,24763000000.0,10962000000.0,21870000000.0,1802000000.0,1686000000.0,1614000000.0,3088000000.0,1310000000.0,1760122535.2112677,0.02323943661971831,0.07107872774749698,32.56778598510594,36.36130752488285,0.027501761297106214,36.43141247722207,1.2870229007633587,3.4368523316062176,15313000000.0,5987000000.0,0.8601542624076243,4.0,0.14208616627603568,0.12639183859223302,46.58634538152611,-0.01775380469010167,0.9815246732296534,249.0,[],True,1.0,ig,Capital Goods,52.63157894736842,28.57142857142857,27.27272727272727,36.904761904761905,15.11627906976744,62.5,10.526315789473685,16.666666666666657,35.38461538461539,1.0,12.712704876463446,"{'profitability': 32.5, 'growth': 56.1, 'balance': 0.0, 'stability': 42.6}",32.91719505579853,False,0.28692532780642876,27.291625622741194,,22.81494996613099,,False,"{""floor"": false, ""depressed_arms"": {""self_pct"": false, ""self_z"": false, ""median_ratio"": false}, ""yield_arm"": false, ""residual_arm"": false, ""brakes"": {""gm"": false, ""fcf_margin"": true, ""roic"": false}, ""self_pct"": 46.58634538152611, ""self_z"": -0.01775380469010167, ""median_ratio"": 0.9815246732296534, ""fcf_yield"": 0.027501761297106214, ""yield_threshold"": 0.0495, ""gs10"": 0.0495, ""residual_pct"": null, ""brake_values"": {""gm"": null, ""fcf_margin"": 1.0047460983459977, ""roic"": 0.5002508661498396}}",False,"{""floor"": false, ""mom_sector_pct"": 35.38461538461539, ""eps_rev_proxy"": null}"
YUM,1041061,Yum! Brands,Consumer Discretionary,Restaurants,Consumer Services,28.93634496919918,372209682.4340473,0.004942276804128287,-0.15394233719445605,-0.03936298664730975,9.0,0.7298263084733565,0.02613959142766898,0.18254109599548318,0.18055371572393694,0.11676701120753127,6,9,False,0.07763207419433016,0.07437202978281343,0.6812657647328595,0.18470534281128181,0.9334628757874247,1.0118562168370688,-2.372452317590232,gm_derived,140.8699951171875,272901085.0,38443574511.42517,47738574511.42517,2188000000.0,9295000000.0,8722000000.0,2703000000.0,1679000000.0,1611000000.0,2939000000.0,2216000000.0,2172441587.790231,0.19628502116528623,0.992889208313634,17.66132982294679,29.632882999022453,0.033746294615781686,17.34818344378392,0.7576714801444043,3.1401837359646136,716000000.0,807000000.0,0.6960694698354661,0.0,-0.4185075505846795,-0.42741790971708415,25.0,-0.436934893172718,0.9573249629041928,260.0,[],True,1.0,ig,Consumer Services,16.666666666666664,92.3076923076923,100.0,11.538461538461538,50.0,23.076923076923077,33.33333333333334,46.15384615384615,51.515151515151516,1.0,25.04381627016207,"{'profitability': 36.1, 'growth': 63.3, 'balance': 0.0, 'stability': 74.9}",50.47004223088835,False,,,,37.75692925052521,,False,"{""floor"": false, ""depressed_arms"": {""self_pct"": false, ""self_z"": false, ""median_ratio"": false}, ""yield_arm"": false, ""residual_arm"": false, ""brakes"": {""gm"": false, ""fcf_margin"": true, ""roic"": false}, ""self_pct"": 25.0, ""self_z"": -0.436934893172718, ""median_ratio"": 0.9573249629041928, ""fcf_yield"": 0.033746294615781686, ""yield_threshold"": 0.0495, ""gs10"": 0.0495, ""residual_pct"": null, ""brake_values"": {""gm"": 0.9334628757874247, ""fcf_margin"": 1.0118562168370688, ""roic"": -2.372452317590232}}",False,"{""floor"": false, ""mom_sector_pct"": 51.515151515151516, ""eps_rev_proxy"": null}"
NSC,702165,Norfolk Southern,Industrials,Rail Transportation,Transportation,69.52772073921972,370522191.2509676,0.23873142346054266,-0.08682143048884594,0.1863535631052946,10.0,,,0.16267952915802913,0.1770935960591133,0.3349688981010178,5,9,False,0.044676419652051935,0.0013031785833279574,,0.13006379585326955,,0.7995092961384452,0.8893132607395593,sbc_unreported,320.2699890136719,224608373.0,71935321153.08871,81321321153.08871,25639000000.0,9386000000.0,12540000000.0,4036000000.0,1631000000.0,1631000000.0,5447000000.0,2636000000.0,3163513529.5866785,0.21617603330359797,0.12338677520912199,20.148989383817817,49.85979224591583,0.020056240809585665,27.289575551247616,0.6187405159332322,1.7231503579952268,,,0.0,7.0,0.13874388323695147,0.13953400316735845,72.3076923076923,0.47467103687363493,1.4428850853965733,260.0,[],True,0.9,ig,Transportation,36.36363636363637,77.77777777777779,,50.0,77.27272727272727,9.090909090909092,44.44444444444444,36.36363636363637,61.53846153846154,1.0,19.82080603097894,"{'profitability': 56.9, 'growth': 19.2, 'balance': 42.6, 'stability': 48.0}",27.67596315196661,False,0.5990057653642906,27.390853559621704,,23.748384591472774,,False,"{""floor"": false, ""depressed_arms"": {""self_pct"": false, ""self_z"": false, ""median_ratio"": false}, ""yield_arm"": false, ""residual_arm"": false, ""brakes"": {""gm"": false, ""fcf_margin"": false, ""roic"": false}, ""self_pct"": 72.3076923076923, ""self_z"": 0.47467103687363493, ""median_ratio"": 1.4428850853965733, ""fcf_yield"": 0.020056240809585665, ""yield_threshold"": 0.0495, ""gs10"": 0.0495, ""residual_pct"": null, ""brake_values"": {""gm"": null, ""fcf_margin"": 0.7995092961384452, ""roic"": 0.8893132607395593}}",False,"{""floor"": false, ""mom_sector_pct"": 61.53846153846154, ""eps_rev_proxy"": null}"
FICO,814547,Fair Isaac,Information Technology,Application Software,Software and Services,3.485284052019165,369292088.9994835,-0.2967973867680387,-0.4675438350584825,-0.3618147187674966,10.0,0.7884302155000654,0.031081700435860518,0.26441342845974425,0.2763515661480525,0.22908115263801804,9,9,False,0.08989325752163668,0.1755600958063408,0.8509956863687163,0.34330823141117367,1.0793544813968963,1.298376687640283,1.5246749022878094,gm_derived,985.3900146484375,21597635.0,21282093869.021606,26648481869.021606,1269253000.0,5366388000.0,2393575000.0,1236298000.0,996023000.0,821734000.0,1252442000.0,815017000.0,946037648.9477766,0.23478186574128843,0.74534994122352,21.55506347904923,32.42957194058127,0.030836053026917505,26.112453935343197,1.222088619010401,4.284739732458669,791815000.0,0.0,0.6238433157140459,7.0,0.48885827405245896,0.4628606525818475,1.9230769230769231,-1.210783746224082,0.4964054941448625,260.0,[],True,1.0,ig,Software and Services,90.0,82.6086956521739,57.89473684210527,80.95238095238095,65.21739130434783,22.727272727272727,4.761904761904773,63.63636363636363,8.47457627118644,1.0,56.591124365535194,"{'profitability': 100.0, 'growth': 87.5, 'balance': 0.0, 'stability': 85.4}",63.84172499898435,False,-0.05414351001808537,34.23382638229912,,60.21642468225977,,False,"{""floor"": false, ""depressed_arms"": {""self_pct"": true, ""self_z"": true, ""median_ratio"": true}, ""yield_arm"": false, ""residual_arm"": false, ""brakes"": {""gm"": true, ""fcf_margin"": true, ""roic"": true}, ""self_pct"": 1.9230769230769231, ""self_z"": -1.210783746224082, ""median_ratio"": 0.4964054941448625, ""fcf_yield"": 0.030836053026917505, ""yield_threshold"": 0.0495, ""gs10"": 0.0495, ""residual_pct"": null, ""brake_values"": {""gm"": 1.0793544813968963, ""fcf_margin"": 1.298376687640283, ""roic"": 1.5246749022878094}}",False,"{""floor"": false, ""mom_sector_pct"": 8.47457627118644, ""eps_rev_proxy"": null}"
DXCM,1093557,Dexcom,Health Care,Health Care Equipment,Health Care Equipment and Services,6.338124572210814,366046745.6177678,0.1775124450617538,-0.10082302282671307,0.08934659471960216,10.0,0.6341916612389081,0.049219502726604226,0.0894685044055907,0.09968804350826822,0.6645102551449527,9,9,False,0.19330547815255028,0.31246833350776404,0.6247283264911857,0.2500603718908476,0.9850781154560821,2.794954197034972,2.054392579181702,,83.02999877929688,377360765.0,31332263857.304535,30392463857.304535,1681600000.0,-939800000.0,4969200000.0,1139100000.0,1405000000.0,1242600000.0,1403200000.0,999700000.0,889654898.4375,0.218984375,0.5290526275199215,26.68112005732994,24.458766986403134,0.040885135401793136,31.341666357211697,1.4054216264879464,-0.6697548460661346,24100000.0,70800000.0,0.05643434823977165,7.0,0.25752265310978284,0.2728602777404583,6.956521739130435,-0.47582850498784574,0.24465169720910676,230.0,[],True,1.0,ig,Health Care Equipment and Services,89.28571428571429,36.666666666666664,60.86956521739131,77.58620689655173,59.67741935483871,65.51724137931035,82.14285714285714,23.33333333333333,42.857142857142854,1.0,61.651194718026545,"{'profitability': 69.9, 'growth': 100.0, 'balance': 100.0, 'stability': 70.1}",50.59887395387127,True,-0.04830402414548818,25.669223465090727,37.17948717948718,56.12503433594891,14.0,False,"{""floor"": true, ""depressed_arms"": {""self_pct"": true, ""self_z"": false, ""median_ratio"": true}, ""yield_arm"": false, ""residual_arm"": false, ""brakes"": {""gm"": true, ""fcf_margin"": true, ""roic"": true}, ""self_pct"": 6.956521739130435, ""self_z"": -0.47582850498784574, ""median_ratio"": 0.24465169720910676, ""fcf_yield"": 0.040885135401793136, ""yield_threshold"": 0.0495, ""gs10"": 0.0495, ""residual_pct"": 37.17948717948718, ""brake_values"": {""gm"": 0.9850781154560821, ""fcf_margin"": 2.794954197034972, ""roic"": 2.054392579181702}}",False,"{""floor"": true, ""mom_sector_pct"": 42.857142857142854, ""eps_rev_proxy"": 14.0}"
EQT,33213,EQT Corporation,Energy,Oil & Gas Exploration & Production,Energy,3.9452429842573578,366041352.73364717,0.0809090898758793,-0.1947826881293936,0.0739572974310192,9.0,0.7158915877091989,0.08492974253602878,0.18301839434077882,0.16065875969380466,0.6070538951430415,5,9,False,0.26673595375868553,0.4177006151182334,0.8374337384448007,0.3863223019934941,1.1697773138032364,2.110838658513007,1.1557025688113116,gm_derived,54.06999969482422,625516000.0,33821649929.107666,43434487929.107666,34871714000.0,9612838000.0,9535318000.0,4049329000.0,3758333000.0,3683706000.0,6749857000.0,2711615000.0,3147924314.952893,0.22260593916846647,0.09027156838212463,10.726342050524337,11.790975699229978,0.08481062343850866,12.472880526589382,1.3860127636113533,0.8901398948155494,2062462000.0,193100000.0,0.06468170735743015,1.0,0.07810968913478553,0.08140954768869922,29.795918367346943,-0.03144495397723294,0.6303659604657229,245.0,[],True,1.0,ig,Energy,20.0,100.0,100.0,31.818181818181817,72.72727272727273,90.0,36.36363636363637,63.63636363636363,18.181818181818183,1.0,31.925914189779512,"{'profitability': 52.5, 'growth': 100.0, 'balance': 70.3, 'stability': 44.3}",69.03409612246169,False,-0.6079082014743449,21.65513630654796,,50.4800051561206,,False,"{""floor"": false, ""depressed_arms"": {""self_pct"": false, ""self_z"": false, ""median_ratio"": true}, ""yield_arm"": true, ""residual_arm"": false, ""brakes"": {""gm"": true, ""fcf_margin"": true, ""roic"": true}, ""self_pct"": 29.795918367346943, ""self_z"": -0.03144495397723294, ""median_ratio"": 0.6303659604657229, ""fcf_yield"": 0.08481062343850866, ""yield_threshold"": 0.0495, ""gs10"": 0.0495, ""residual_pct"": null, ""brake_values"": {""gm"": 1.1697773138032364, ""fcf_margin"": 2.110838658513007, ""roic"": 1.1557025688113116}}",False,"{""floor"": false, ""mom_sector_pct"": 18.181818181818183, ""eps_rev_proxy"": null}"
ROK,1024478,Rockwell Automation,Industrials,Electrical Components & Equipment,Capital Goods,26.50513347022587,364760636.9545542,0.3161588843936254,-0.10492075120301025,0.2585757183326298,10.0,0.4499093353035171,0.08029767995081916,0.11535190609472867,0.1241996025612718,0.28950350089635024,7,9,False,0.05675920504497323,0.06171650501697035,0.5453025743898362,0.15769530814666222,1.2120276944730766,1.3670802112031033,,,428.3900146484375,111048676.0,47572143938.32959,50702143938.32959,6624000000.0,3130000000.0,8973000000.0,,1504000000.0,1415000000.0,,1201000000.0,,0.1703422053231939,,,35.83190384334247,0.027908090074476994,39.61044457812622,1.2522897585345545,,3814000000.0,743700000.0,0.6880585748792271,3.0,0.21526741675523128,0.20206275421266706,29.615384615384617,-0.521711281477277,0.8602459485825253,260.0,[],True,0.8,ig,Capital Goods,73.68421052631578,64.28571428571429,84.84848484848484,27.380952380952383,63.95348837209303,55.00000000000001,,,66.15384615384615,0.7,42.433976177112115,"{'profitability': 74.8, 'growth': 49.4, 'balance': None, 'stability': 66.4}",,False,0.2629100564100715,27.547963396099107,,,,False,"{""floor"": false, ""depressed_arms"": {""self_pct"": false, ""self_z"": false, ""median_ratio"": false}, ""yield_arm"": false, ""residual_arm"": false, ""brakes"": {""gm"": true, ""fcf_margin"": true, ""roic"": false}, ""self_pct"": 29.615384615384617, ""self_z"": -0.521711281477277, ""median_ratio"": 0.8602459485825253, ""fcf_yield"": 0.027908090074476994, ""yield_threshold"": 0.0495, ""gs10"": 0.0495, ""residual_pct"": null, ""brake_values"": {""gm"": 1.2120276944730766, ""fcf_margin"": 1.3670802112031033, ""roic"": null}}",False,"{""floor"": false, ""mom_sector_pct"": 66.15384615384615, ""eps_rev_proxy"": null}"
FAST,815556,Fastenal,Industrials,Trading Companies & Distributors,Capital Goods,17.99315537303217,359295646.9705774,0.09859313310037243,-0.04861111979834498,0.061987700962504055,10.0,0.45604882678986564,0.010740026583842295,0.12640090375033794,0.12441028359395706,0.24120790474902407,9,9,False,0.07745687030729775,0.023872804151259475,0.4470135094977941,0.13102612750588613,0.9801878291066524,1.0365916984635153,1.0544623541883251,,49.31999969482422,1147497573.0,56594579950.17153,56804185950.17153,4278406000.0,209606000.0,8749400000.0,1775100000.0,1155900000.0,1146400000.0,1954700000.0,1352100000.0,1351719255.4629421,0.23851092588420816,0.3159399214246946,32.000555433593334,49.55005752806309,0.020181611281352024,41.856800495652344,0.8548923896161527,0.10723180027625723,,,0.0,7.0,0.29962181216786077,0.30168585872621995,86.92307692307692,1.934790225805187,2.2311132978333426,260.0,[],True,1.0,ig,Capital Goods,89.47368421052632,71.42857142857143,87.87878787878788,53.57142857142857,63.95348837209303,25.0,86.84210526315789,19.04761904761905,43.07692307692308,1.0,62.14948389495933,"{'profitability': 74.9, 'growth': 42.2, 'balance': 96.4, 'stability': 86.9}",16.43543576535799,True,0.5796145042883656,27.75369314094129,73.07692307692307,39.29245983015866,2.0,False,"{""floor"": true, ""depressed_arms"": {""self_pct"": false, ""self_z"": false, ""median_ratio"": false}, ""yield_arm"": false, ""residual_arm"": false, ""brakes"": {""gm"": true, ""fcf_margin"": true, ""roic"": true}, ""self_pct"": 86.92307692307692, ""self_z"": 1.934790225805187, ""median_ratio"": 2.2311132978333426, ""fcf_yield"": 0.020181611281352024, ""yield_threshold"": 0.0495, ""gs10"": 0.0495, ""residual_pct"": 73.07692307692307, ""brake_values"": {""gm"": 0.9801878291066524, ""fcf_margin"": 1.0365916984635153, ""roic"": 1.0544623541883251}}",False,"{""floor"": true, ""mom_sector_pct"": 43.07692307692308, ""eps_rev_proxy"": 2.0}"
VRSK,1442145,Verisk Analytics,Industrials,Research & Consulting Services,Commercial and Professional Services,10.932238193018481,357420935.71970546,-0.30083708638081263,-0.28728044688461785,-0.32188856449780334,10.0,0.6764607538438451,0.022978356262502712,0.3183533421519252,0.30266856369504114,0.15427111091843573,8,9,False,0.06248258905176751,0.07730090393612565,0.6998033716919705,0.34500209521967573,1.0345069802135392,1.0837080989557608,1.3070457838532137,gm_derived,176.1999969482422,131021840.0,23086047808.153076,27506547808.153076,3252800000.0,4420500000.0,3102300000.0,1366000000.0,1127300000.0,1070300000.0,1627700000.0,910200000.0,1050644921.4128782,0.23086023322629712,0.3229970860221588,20.13656501328922,25.69984846132213,0.03891073527164895,25.363708864154116,1.2385190068116898,2.7153038029120844,1863100000.0,346600000.0,0.679322429906542,7.0,0.2471199479102812,0.26901761551619463,5.769230769230769,-2.4589458877044477,0.557683339176332,260.0,[],True,1.0,ig,Commercial and Professional Services,50.0,100.0,85.71428571428571,50.0,63.63636363636363,63.63636363636363,9.090909090909093,36.36363636363637,9.230769230769232,1.0,50.92993211396156,"{'profitability': 100.0, 'growth': 58.2, 'balance': 9.5, 'stability': 84.4}",54.66564482391893,False,0.0684534081638124,23.99946857209388,,52.79778846894025,,False,"{""floor"": false, ""depressed_arms"": {""self_pct"": true, ""self_z"": true, ""median_ratio"": true}, ""yield_arm"": false, ""residual_arm"": false, ""brakes"": {""gm"": true, ""fcf_margin"": true, ""roic"": true}, ""self_pct"": 5.769230769230769, ""self_z"": -2.4589458877044477, ""median_ratio"": 0.557683339176332, ""fcf_yield"": 0.03891073527164895, ""yield_threshold"": 0.0495, ""gs10"": 0.0495, ""residual_pct"": null, ""brake_values"": {""gm"": 1.0345069802135392, ""fcf_margin"": 1.0837080989557608, ""roic"": 1.3070457838532137}}",False,"{""floor"": false, ""mom_sector_pct"": 9.230769230769232, ""eps_rev_proxy"": null}"
CPRT,900075,Copart,Industrials,Diversified Support Services,Commercial and Professional Services,8.199863107460644,357389121.9923786,-0.3469008344255925,-0.34678294962552736,-0.38119835085282916,10.0,,,0.21871024446332896,0.21864024057648856,0.2569036305429991,9,9,False,0.16072427791153787,0.30441065555211777,,0.2804824971269924,,1.2824387710563818,0.9894216878806683,gm_derived,29.950000762939453,925811482.0,27728054592.238106,24575406592.238106,5621616000.0,-3152648000.0,4638867000.0,1696277000.0,1339233000.0,1301121000.0,1918296000.0,1553201000.0,1376519053.1258874,0.188505737491054,0.24486180719670061,14.48784991616234,18.88787175999627,0.05294402740058616,17.85219980687503,0.8622406243622043,-1.643462739848282,522703000.0,46071000.0,0.10117624540701464,10.0,0.24747972497064646,0.22602713535124885,26.923076923076923,-0.23770720766206427,0.8063523863260432,260.0,[],True,0.9,ig,Commercial and Professional Services,70.0,81.81818181818183,,90.9090909090909,63.63636363636363,9.090909090909092,90.9090909090909,81.81818181818181,6.153846153846154,1.0,80.79398713252475,"{'profitability': 93.7, 'growth': 100.0, 'balance': 100.0, 'stability': 82.9}",65.92866276563039,True,-0.23954441449127284,24.000254267122497,24.358974358974358,73.36132494907757,-1.0,False,"{""floor"": true, ""depressed_arms"": {""self_pct"": false, ""self_z"": false, ""median_ratio"": false}, ""yield_arm"": true, ""residual_arm"": false, ""brakes"": {""gm"": false, ""fcf_margin"": true, ""roic"": true}, ""self_pct"": 26.923076923076923, ""self_z"": -0.23770720766206427, ""median_ratio"": 0.8063523863260432, ""fcf_yield"": 0.05294402740058616, ""yield_threshold"": 0.0495, ""gs10"": 0.0495, ""residual_pct"": 24.358974358974358, ""brake_values"": {""gm"": null, ""fcf_margin"": 1.2824387710563818, ""roic"": 0.9894216878806683}}",False,"{""floor"": true, ""mom_sector_pct"": 6.153846153846154, ""eps_rev_proxy"": -1.0}"
ODFL,878927,Old Dominion,Industrials,Cargo Ground Transportation,Transportation,6.76249144421629,355059905.8834454,0.46284724065613747,-0.2672666149559929,0.24858408986121772,10.0,,,0.14514518194104437,0.14385462031856797,0.12210334464329892,5,9,False,0.06481850942440892,0.06172005206375064,,0.1989769936922881,,1.3708825262495405,0.8007244559974657,sbc_unreported,179.7899932861328,207356622.0,37280645677.21518,37143106677.21518,4409813000.0,-137539000.0,5602507000.0,1447737000.0,1114770000.0,1114770000.0,,1089276000.0,1087130629.5296962,0.2490827895331154,0.24652533554817319,25.65597665682039,33.31907629126652,0.03001283682831617,34.225160269036664,1.0234045365912772,,19463000.0,,0.0044135658360116405,7.0,0.30787786447845605,0.3093586046972486,45.0,-0.2641011974998258,0.9291204279484145,260.0,[],True,0.8,ig,Transportation,90.9090909090909,66.66666666666666,,50.0,77.27272727272727,63.63636363636363,,9.090909090909093,80.0,0.7,42.07263789285463,"{'profitability': 78.8, 'growth': 52.7, 'balance': None, 'stability': 62.2}",32.23112377576758,False,0.17798460470577604,27.8865777783848,,37.1518808343111,,False,"{""floor"": false, ""depressed_arms"": {""self_pct"": false, ""self_z"": false, ""median_ratio"": false}, ""yield_arm"": false, ""residual_arm"": false, ""brakes"": {""gm"": false, ""fcf_margin"": true, ""roic"": false}, ""self_pct"": 45.0, ""self_z"": -0.2641011974998258, ""median_ratio"": 0.9291204279484145, ""fcf_yield"": 0.03001283682831617, ""yield_threshold"": 0.0495, ""gs10"": 0.0495, ""residual_pct"": null, ""brake_values"": {""gm"": null, ""fcf_margin"": 1.3708825262495405, ""roic"": 0.8007244559974657}}",False,"{""floor"": false, ""mom_sector_pct"": 80.0, ""eps_rev_proxy"": null}"
EW,1099800,Edwards Lifesciences,Health Care,Health Care Equipment,Health Care Equipment and Services,15.45242984257358,353488541.23079383,0.1808688775879035,-0.10596587590289319,0.08766279590705661,10.0,0.7957158320202075,0.03222141342043694,0.1510941901765252,0.18969534050179213,0.45261348512454663,8,9,False,0.06704742515528728,0.15577988481103255,0.7783885877493358,0.19433994134176866,0.9782243313836294,1.2862171676801002,0.6447446476090066,,84.37000274658203,576400000.0,48630869583.12988,45189469583.12988,7176600000.0,-3441400000.0,6512300000.0,1449000000.0,1433600000.0,1265600000.0,1614500000.0,1004900000.0,1000276100.4514673,0.3096783295711061,0.13938022189497357,31.186659477660374,35.70596522055143,0.02800652478719231,48.39374025587609,1.4266096128968055,-2.1977702074945804,1951200000.0,617700000.0,0.3579550204832372,7.0,0.21617895148390298,0.20166235272072994,0.7692307692307693,-0.33310876242557835,0.5481104323165699,260.0,[],True,1.0,ig,Health Care Equipment and Services,78.57142857142857,83.33333333333334,91.30434782608695,77.58620689655173,59.67741935483871,68.96551724137932,96.42857142857143,13.333333333333329,47.61904761904761,1.0,56.584374467812104,"{'profitability': 72.8, 'growth': 77.9, 'balance': 100.0, 'stability': 68.6}",49.15195743615769,False,0.3339630307564807,25.56833666884148,,52.86816595198489,,False,"{""floor"": false, ""depressed_arms"": {""self_pct"": true, ""self_z"": false, ""median_ratio"": true}, ""yield_arm"": false, ""residual_arm"": false, ""brakes"": {""gm"": true, ""fcf_margin"": true, ""roic"": false}, ""self_pct"": 0.7692307692307693, ""self_z"": -0.33310876242557835, ""median_ratio"": 0.5481104323165699, ""fcf_yield"": 0.02800652478719231, ""yield_threshold"": 0.0495, ""gs10"": 0.0495, ""residual_pct"": null, ""brake_values"": {""gm"": 0.9782243313836294, ""fcf_margin"": 1.2862171676801002, ""roic"": 0.6447446476090066}}",False,"{""floor"": false, ""mom_sector_pct"": 47.61904761904761, ""eps_rev_proxy"": null}"
TSCO,916365,Tractor Supply,Consumer Discretionary,Other Specialty Retail,Consumer Discretionary Distribution and Retail,12.635181382614647,350080959.58456147,-0.39876469358686495,-0.43337699759066284,-0.44225823278182674,10.0,0.3575460802672047,0.01601184912986224,0.03862698400979492,0.03729592078462387,0.1253834212458995,8,8,False,0.07888014810034849,-0.07618568653399116,0.364612128305975,0.01541084714582009,1.0197626220192084,0.39896584061319035,0.7053193358074278,,33.0099983215332,521040137.0,17199534047.82143,23497024047.82143,8929055000.0,6297490000.0,15750724000.0,1340986000.0,306981000.0,242732000.0,,1011914000.0,1065742924.3977051,0.2052542499342237,0.11935674317133281,17.522199372567222,96.80233363471413,0.010330329470914652,16.997031415536725,0.3033666892641074,,425419000.0,80800000.0,0.05669345748234276,7.0,0.16922369359787492,0.1687901774323052,98.46153846153847,3.9382159859311,4.380707595926131,260.0,['fcf_cagr5 gate'],False,0.9,ig,Consumer Discretionary Distribution and Retail,25.0,25.0,55.55555555555556,50.0,55.55555555555556,11.11111111111111,,33.33333333333334,6.0606060606060606,0.7,30.308758437190633,"{'profitability': 32.9, 'growth': 32.9, 'balance': None, 'stability': 92.1}",13.932432174607735,False,1.2253729774651099,28.42582674424693,,22.120595305899183,,False,"{""floor"": false, ""depressed_arms"": {""self_pct"": false, ""self_z"": false, ""median_ratio"": false}, ""yield_arm"": false, ""residual_arm"": false, ""brakes"": {""gm"": true, ""fcf_margin"": false, ""roic"": false}, ""self_pct"": 98.46153846153847, ""self_z"": 3.9382159859311, ""median_ratio"": 4.380707595926131, ""fcf_yield"": 0.010330329470914652, ""yield_threshold"": 0.0495, ""gs10"": 0.0495, ""residual_pct"": null, ""brake_values"": {""gm"": 1.0197626220192084, ""fcf_margin"": 0.39896584061319035, ""roic"": 0.7053193358074278}}",False,"{""floor"": false, ""mom_sector_pct"": 6.0606060606060606, ""eps_rev_proxy"": null}"
DLTR,935703,Dollar Tree,Consumer Staples,Consumer Staples Merchandise Retail,Consumer Staples Distribution and Retail,14.735112936344969,348866601.9408546,0.32775785984242023,-0.15562700431749055,0.21262187654770237,10.0,0.3495958375040161,0.08194804963580872,0.044157082398457184,0.04474034772113994,0.31237948258613824,8,9,False,-0.0533172843938553,-0.10278720660484053,0.35166638403144235,0.09526968388081439,1.0059226864433202,2.157517632644657,1.7475721453456945,,118.16999816894531,187630299.0,22172272089.26866,28784972089.26866,10038000000.0,6612700000.0,20049400000.0,2201400000.0,1978100000.0,1910100000.0,2849500000.0,1612500000.0,1659408059.2564988,0.24620329823907575,0.165312617977336,13.075757285940156,15.06987701652723,0.06635754219515486,13.750246256910797,1.2267286821705425,2.3206527460958064,422100000.0,2150000000.0,0.25623630205220166,2.0,0.09459558989745447,0.08822435245279006,0.40816326530612246,-0.12959733673848556,0.22380843769985356,245.0,"['rev_cagr5 gate', 'fcf_cagr5 gate']",False,1.0,sector,Consumer Staples,38.46153846153847,27.586206896551722,34.61538461538461,19.230769230769234,56.896551724137936,66.66666666666666,33.33333333333334,88.88888888888889,89.65517241379311,1.0,13.557651990834701,"{'profitability': 31.0, 'growth': 0.0, 'balance': 22.6, 'stability': 70.6}",83.90726265854646,False,-0.5590333209387022,26.356928266175906,,48.73245732469058,,False,"{""floor"": false, ""depressed_arms"": {""self_pct"": true, ""self_z"": false, ""median_ratio"": true}, ""yield_arm"": true, ""residual_arm"": false, ""brakes"": {""gm"": true, ""fcf_margin"": true, ""roic"": true}, ""self_pct"": 0.40816326530612246, ""self_z"": -0.12959733673848556, ""median_ratio"": 0.22380843769985356, ""fcf_yield"": 0.06635754219515486, ""yield_threshold"": 0.0495, ""gs10"": 0.0495, ""residual_pct"": null, ""brake_values"": {""gm"": 1.0059226864433202, ""fcf_margin"": 2.157517632644657, ""roic"": 1.7475721453456945}}",False,"{""floor"": false, ""mom_sector_pct"": 89.65517241379311, ""eps_rev_proxy"": null}"
MLM,916076,Martin Marietta Materials,Materials,Construction Materials,Materials,12.199863107460644,345022467.86905944,-0.10674557187238509,-0.25776029784875165,-0.16729708509587382,10.0,0.27487298422544315,0.10767696042187586,0.11783543538828958,0.12404876246767639,0.2336379484486437,6,9,False,0.053912684057572546,0.07213040966121098,0.28154904306220097,0.11363636363636363,1.024287795526978,0.9643649489808458,0.6671446954227355,,509.9599914550781,60065839.0,30631174743.1821,37168174743.1821,18083000000.0,6537000000.0,6688000000.0,1318000000.0,810000000.0,760000000.0,2005000000.0,2457610000.0,1052014479.6380091,0.20180995475113123,0.05817698831156385,28.20043607221707,48.90549308313434,0.020447600810405944,12.463806195117247,0.3295885026509495,3.2593516209476308,3959000000.0,459000000.0,0.24431786761046287,1.0,0.08720295418777192,0.07610998809376278,51.53846153846153,0.020134846261902716,1.0059626304453284,260.0,[],True,1.0,ig,Materials,25.0,92.85714285714286,57.14285714285714,28.57142857142857,71.42857142857143,9.090909090909092,18.181818181818173,16.666666666666657,14.285714285714285,1.0,18.669386728094644,"{'profitability': 37.3, 'growth': 52.5, 'balance': 0.0, 'stability': 60.9}",29.134280243121776,False,0.5319241516912445,28.730680865338872,,23.901833485608208,,False,"{""floor"": false, ""depressed_arms"": {""self_pct"": false, ""self_z"": false, ""median_ratio"": false}, ""yield_arm"": false, ""residual_arm"": false, ""brakes"": {""gm"": true, ""fcf_margin"": true, ""roic"": false}, ""self_pct"": 51.53846153846153, ""self_z"": 0.020134846261902716, ""median_ratio"": 1.0059626304453284, ""fcf_yield"": 0.020447600810405944, ""yield_threshold"": 0.0495, ""gs10"": 0.0495, ""residual_pct"": null, ""brake_values"": {""gm"": 1.024287795526978, ""fcf_margin"": 0.9643649489808458, ""roic"": 0.6671446954227355}}",False,"{""floor"": false, ""mom_sector_pct"": 14.285714285714285, ""eps_rev_proxy"": null}"
BDX,10795,Becton Dickinson,Health Care,Health Care Equipment,Health Care Equipment and Services,53.95208761122519,335598333.80439174,0.27230064994803826,-0.06823528997949735,0.24107471421026627,10.0,,,0.11139188640322129,0.11043956043956044,0.23944525150961024,6,9,False,0.0632263568424074,0.04253440627462113,0.46428215602271594,0.12309455016439175,,1.1050584933880072,0.8022705811727483,,177.85000610351562,272386800.0,48443994042.51709,65382994042.51709,41355000000.0,16939000000.0,20074000000.0,1922000000.0,2730000000.0,2471000000.0,4248000000.0,942000000.0,1655584158.4158416,0.13861386138613863,0.04003347015876778,34.01820709808381,26.46013518515463,0.03779270185138913,51.42674526806485,2.8980891719745223,3.9875235404896423,25944000000.0,8036000000.0,0.8216660621448434,0.0,0.04990020960290902,0.05123221744352186,44.61538461538462,-0.028488528039551476,0.9795149739156601,260.0,[],True,0.9,ig,Health Care Equipment and Services,25.0,60.0,,12.068965517241379,59.67741935483871,93.10344827586206,3.5714285714285694,10.0,61.904761904761905,1.0,16.108065788477415,"{'profitability': 32.1, 'growth': 44.1, 'balance': 0.0, 'stability': 61.8}",35.08781055541674,False,0.06727538943768163,24.738577770692846,,25.597938171947078,,False,"{""floor"": false, ""depressed_arms"": {""self_pct"": false, ""self_z"": false, ""median_ratio"": false}, ""yield_arm"": false, ""residual_arm"": false, ""brakes"": {""gm"": false, ""fcf_margin"": true, ""roic"": false}, ""self_pct"": 44.61538461538462, ""self_z"": -0.028488528039551476, ""median_ratio"": 0.9795149739156601, ""fcf_yield"": 0.03779270185138913, ""yield_threshold"": 0.0495, ""gs10"": 0.0495, ""residual_pct"": null, ""brake_values"": {""gm"": null, ""fcf_margin"": 1.1050584933880072, ""roic"": 0.8022705811727483}}",False,"{""floor"": false, ""mom_sector_pct"": 61.904761904761905, ""eps_rev_proxy"": null}"
IDXX,874716,Idexx Laboratories,Health Care,Health Care Equipment,Health Care Equipment and Services,9.686516084873375,332088161.608544,-0.14065569238449505,-0.3296408339525646,-0.21280843392097704,10.0,0.6018803848819233,0.018079706416436945,0.18133480170273228,0.19186227903807154,0.29645515592718963,9,9,False,0.09719004339104931,0.1433239155872983,0.6244574447594594,0.26165202099699486,1.0375108749921553,1.442922255077815,1.1803092231252514,,504.70001220703125,78781116.0,39760830206.883545,40140978206.883545,1992723000.0,380148000.0,4553223000.0,1458603000.0,1254332000.0,1191360000.0,1612685000.0,1139656000.0,1167006099.0256379,0.19991519349292589,0.585633878379302,27.520153329510187,33.69340770789983,0.0296793962982123,34.888448976606576,1.100623345992124,0.2357236534103064,410946000.0,109843000.0,0.2613454052570277,7.0,0.49616987388156336,0.5116134371495717,0.38461538461538464,-1.4691362899010887,0.533179395583489,260.0,[],True,1.0,ig,Health Care Equipment and Services,96.42857142857143,93.33333333333333,56.52173913043478,77.58620689655173,59.67741935483871,27.586206896551722,67.85714285714286,16.666666666666657,11.904761904761903,1.0,75.14947924346413,"{'profitability': 88.4, 'growth': 90.5, 'balance': 92.1, 'stability': 83.4}",52.57048555613036,True,0.2572519154053796,26.050847098341585,60.256410256410255,63.859982399797246,0.0,False,"{""floor"": true, ""depressed_arms"": {""self_pct"": true, ""self_z"": true, ""median_ratio"": true}, ""yield_arm"": false, ""residual_arm"": false, ""brakes"": {""gm"": true, ""fcf_margin"": true, ""roic"": true}, ""self_pct"": 0.38461538461538464, ""self_z"": -1.4691362899010887, ""median_ratio"": 0.533179395583489, ""fcf_yield"": 0.0296793962982123, ""yield_threshold"": 0.0495, ""gs10"": 0.0495, ""residual_pct"": 60.256410256410255, ""brake_values"": {""gm"": 1.0375108749921553, ""fcf_margin"": 1.442922255077815, ""roic"": 1.1803092231252514}}",False,"{""floor"": true, ""mom_sector_pct"": 11.904761904761903, ""eps_rev_proxy"": 0.0}"
TRGP,1389170,Targa Resources,Energy,Oil & Gas Storage & Transportation,Energy,3.920602327173169,331354334.4213435,0.6932344720258323,-0.029588786101370834,0.7820127280841884,7.0,,,0.05472001113296334,0.04755826478957429,0.43922013435352114,6,9,True,0.19892244153238936,-0.24487298872602725,0.4319206761640235,0.039715676612012064,,0.7257980360330617,1.5979054727392372,,290.25,214431021.0,62238603845.25,70583103845.25,12001000000.0,8344500000.0,16741500000.0,3835700000.0,740900000.0,664900000.0,5488800000.0,2267600000.0,3017963800.22531,0.21319086471170587,0.25147602701652444,18.401622610019032,106.15596908595278,0.00942010146589417,27.446905911646674,0.3267331098959252,1.4949169217315261,118900000.0,2105200000.0,0.18532622281476543,4.0,0.15737853790902118,0.17407039063213398,69.61538461538461,0.6849159090877782,2.0909724428880634,260.0,['fcf_cagr5 gate'],False,0.9,ig,Energy,70.0,37.5,,68.18181818181817,36.36363636363637,20.0,27.272727272727266,27.272727272727266,72.72727272727273,1.0,24.55623023250498,"{'profitability': 51.5, 'growth': 50.0, 'balance': 50.2, 'stability': 48.5}",22.9245152882531,False,1.573902678084366,21.99921434305157,,23.74037276037904,,False,"{""floor"": false, ""depressed_arms"": {""self_pct"": false, ""self_z"": false, ""median_ratio"": false}, ""yield_arm"": false, ""residual_arm"": false, ""brakes"": {""gm"": false, ""fcf_margin"": false, ""roic"": true}, ""self_pct"": 69.61538461538461, ""self_z"": 0.6849159090877782, ""median_ratio"": 2.0909724428880634, ""fcf_yield"": 0.00942010146589417, ""yield_threshold"": 0.0495, ""gs10"": 0.0495, ""residual_pct"": null, ""brake_values"": {""gm"": null, ""fcf_margin"": 0.7257980360330617, ""roic"": 1.5979054727392372}}",False,"{""floor"": false, ""mom_sector_pct"": 72.72727272727273, ""eps_rev_proxy"": null}"
PAYX,723531,Paychex,Industrials,Human Resource & Employment Services,Commercial and Professional Services,27.95071868583162,329965241.5927124,-0.0571067109097414,-0.08847605307593898,-0.10517088380580364,10.0,0.7134709981142798,0.016067728499474694,0.31775762531684204,0.30810276679841897,0.17070918173415253,9,9,False,0.09528106546435477,0.15249578779376405,0.7342527495199251,0.353224040246941,1.0291276750709868,1.1116146776799918,0.6374809199451834,gm_derived,115.80000305175781,355682860.0,41188076273.45795,44693876273.45795,7240900000.0,3505800000.0,6301100000.0,2510500000.0,2321800000.0,2225700000.0,2953100000.0,1760000000.0,1912125600.4154227,0.23834869531351421,0.26407291916963677,17.802778838262476,20.080817843131577,0.049798768546772065,23.402316064464742,1.3192045454545454,1.1871592563746571,4527400000.0,105100000.0,0.6397685370603102,10.0,0.4142444281977008,0.5074994648857736,8.846153846153847,-1.3248870419190122,0.7660268463887107,260.0,[],True,1.0,ig,Commercial and Professional Services,100.0,90.9090909090909,100.0,90.9090909090909,63.63636363636363,81.81818181818183,36.36363636363637,63.63636363636363,23.076923076923077,1.0,76.41373459414194,"{'profitability': 100.0, 'growth': 89.7, 'balance': 60.4, 'stability': 89.9}",64.53053965494071,True,-0.1898911868379698,24.280078761544054,32.05128205128205,70.47213712454132,8.0,False,"{""floor"": true, ""depressed_arms"": {""self_pct"": true, ""self_z"": true, ""median_ratio"": true}, ""yield_arm"": true, ""residual_arm"": false, ""brakes"": {""gm"": true, ""fcf_margin"": true, ""roic"": false}, ""self_pct"": 8.846153846153847, ""self_z"": -1.3248870419190122, ""median_ratio"": 0.7660268463887107, ""fcf_yield"": 0.049798768546772065, ""yield_threshold"": 0.0495, ""gs10"": 0.0495, ""residual_pct"": 32.05128205128205, ""brake_values"": {""gm"": 1.0291276750709868, ""fcf_margin"": 1.1116146776799918, ""roic"": 0.6374809199451834}}",True,"{""floor"": true, ""mom_sector_pct"": 23.076923076923077, ""eps_rev_proxy"": 8.0}"
EME,105634,Emcor,Industrials,Construction & Engineering,Capital Goods,0.974674880219028,327975940.16532075,0.33202303226383467,-0.15252895605284633,0.24341686725436595,10.0,0.16911207004900902,0.11586632706916226,0.05916719407776368,0.06526736779430262,0.49875317489495813,8,9,False,0.14065119855596442,,0.1942613027633682,0.06298506138503128,1.1487134106221446,1.0645267595798065,1.1421570454243921,sbc_unreported,780.6599731445312,44109901.0,34434834130.06793,34059488130.067932,3703561000.0,-375346000.0,18597775000.0,1930635000.0,1171382000.0,1171382000.0,2135300000.0,1439158000.0,1426963324.2139473,0.26088394532682396,0.3852949429519177,17.641598815968806,29.076328755323143,0.0343922373562008,23.927069946502005,0.8139356484833493,-0.17626703507703836,1457924000.0,664690000.0,0.5731278626165466,7.0,0.33733972442358257,0.31441102579602564,91.53846153846153,2.049835880407454,1.5993738934655963,260.0,"['tenure<1y', 'fcf_cagr5 gate']",False,1.0,ig,Capital Goods,94.73684210526315,21.428571428571427,15.151515151515152,53.57142857142857,63.95348837209303,22.5,89.47368421052632,73.80952380952381,70.76923076923077,1.0,49.25460590756878,"{'profitability': 62.6, 'growth': 100.0, 'balance': 100.0, 'stability': 57.9}",35.62719501638405,False,0.04388734229638036,27.827842715465348,,42.44090046197641,,False,"{""floor"": false, ""depressed_arms"": {""self_pct"": false, ""self_z"": false, ""median_ratio"": false}, ""yield_arm"": false, ""residual_arm"": false, ""brakes"": {""gm"": true, ""fcf_margin"": true, ""roic"": true}, ""self_pct"": 91.53846153846153, ""self_z"": 2.049835880407454, ""median_ratio"": 1.5993738934655963, ""fcf_yield"": 0.0343922373562008, ""yield_threshold"": 0.0495, ""gs10"": 0.0495, ""residual_pct"": null, ""brake_values"": {""gm"": 1.1487134106221446, ""fcf_margin"": 1.0645267595798065, ""roic"": 1.1421570454243921}}",False,"{""floor"": false, ""mom_sector_pct"": 70.76923076923077, ""eps_rev_proxy"": null}"
ULTA,1403568,Ulta Beauty,Consumer Discretionary,Other Specialty Retail,Consumer Discretionary Distribution and Retail,10.403832991101986,327661710.07974195,-0.007520102510409132,-0.2079898704113563,0.06249278008011361,10.0,0.3913529370993555,0.006618747636700252,0.0921959589268388,0.08858090122128401,0.09326817349605666,8,9,False,0.15035378713848258,0.10154073105170847,0.39318237936780137,0.08872297415842224,1.0046746608879582,0.9623304013663712,0.7954824210325763,sbc_unreported,546.780029296875,42757471.0,23378931246.040283,26489511246.040283,5754321000.0,3110580000.0,12955517000.0,1614258000.0,1149452000.0,1149452000.0,1934556000.0,1209548000.0,1227205592.752063,0.2397710943652979,0.21326679424941067,16.409713469619035,23.045339210371797,0.043392722097574485,19.328651071342588,0.9503153244021734,1.6079038290956684,223146000.0,200404000.0,0.07360555658956112,9.0,0.26809743196157576,0.26318731165336445,38.46153846153847,-0.2455828617121691,0.9611523609780781,260.0,[],True,1.0,ig,Consumer Discretionary Distribution and Retail,37.5,75.0,66.66666666666666,75.0,55.55555555555556,44.44444444444444,25.0,55.55555555555556,48.484848484848484,1.0,61.22488605862355,"{'profitability': 67.7, 'growth': 92.3, 'balance': 46.4, 'stability': 89.1}",52.68448329593902,True,-0.22018874558199286,28.721681517459835,29.48717948717949,56.95468467728128,1.0,False,"{""floor"": true, ""depressed_arms"": {""self_pct"": false, ""self_z"": false, ""median_ratio"": false}, ""yield_arm"": false, ""residual_arm"": false, ""brakes"": {""gm"": true, ""fcf_margin"": true, ""roic"": false}, ""self_pct"": 38.46153846153847, ""self_z"": -0.2455828617121691, ""median_ratio"": 0.9611523609780781, ""fcf_yield"": 0.043392722097574485, ""yield_threshold"": 0.0495, ""gs10"": 0.0495, ""residual_pct"": 29.48717948717949, ""brake_values"": {""gm"": 1.0046746608879582, ""fcf_margin"": 0.9623304013663712, ""roic"": 0.7954824210325763}}",False,"{""floor"": true, ""mom_sector_pct"": 48.484848484848484, ""eps_rev_proxy"": 1.0}"
TTD,1671933,Trade Desk (The),Communication Services,Advertising,Media and Entertainment,1.1553730321697468,326126323.8199809,-0.6868217084064097,-0.7261268146403941,-0.6823920339323013,10.0,0.8083962755917595,0.014927355763438593,0.03260101739831287,0.030784843688981153,0.28704596320105286,9,9,False,0.28210485560993837,0.19174479875477068,0.7687227144700345,0.13743780387393492,0.9509231272834807,4.215751986962451,1.4080951446420877,shares_was_proxy;gm_derived,14.34000015258789,467005000.0,6696851771.259308,5645628771.259308,1523129000.0,-1051223000.0,2990138000.0,586316000.0,863049000.0,410958000.0,712982000.0,406888000.0,371692594.35928917,0.3660541510733305,0.244032248325184,9.628986367861883,13.737726899730163,0.07279224629364572,16.458710434466752,2.1210972061107727,-1.4744032808682408,,,0.0,9.0,0.1733066471067284,0.13125823708673104,2.185792349726776,-0.4528866556580347,0.04987116688415194,183.0,['mktcap<10B'],False,1.0,ig,Media and Entertainment,55.55555555555556,10.0,100.0,77.77777777777779,70.0,77.77777777777779,80.0,70.0,8.333333333333332,1.0,63.611570257677236,"{'profitability': 39.0, 'growth': 100.0, 'balance': 100.0, 'stability': 84.2}",78.17100722142705,True,-0.7684318158668568,29.623786964590614,14.102564102564102,70.89128873955214,-15.0,False,"{""floor"": true, ""depressed_arms"": {""self_pct"": true, ""self_z"": false, ""median_ratio"": true}, ""yield_arm"": true, ""residual_arm"": true, ""brakes"": {""gm"": false, ""fcf_margin"": true, ""roic"": true}, ""self_pct"": 2.185792349726776, ""self_z"": -0.4528866556580347, ""median_ratio"": 0.04987116688415194, ""fcf_yield"": 0.07279224629364572, ""yield_threshold"": 0.0495, ""gs10"": 0.0495, ""residual_pct"": 14.102564102564102, ""brake_values"": {""gm"": 0.9509231272834807, ""fcf_margin"": 4.215751986962451, ""roic"": 1.4080951446420877}}",False,"{""floor"": true, ""mom_sector_pct"": 8.333333333333332, ""eps_rev_proxy"": -15.0}"
KMI,1506307,Kinder Morgan,Energy,Oil & Gas Storage & Transportation,Energy,14.302532511978097,325580416.0362537,0.2378307288995254,-0.07817560959267733,0.1639079038558129,10.0,,,,,0.17402457470255972,4,9,False,0.08527968679767972,0.0033541386493711745,,0.19394460480255482,,,1.2291928368168543,sbc_unreported;gm_derived,30.860000610351562,2226802089.0,68719113825.672134,102343113825.67213,65255000000.0,33624000000.0,16283000000.0,5217000000.0,3158000000.0,3158000000.0,7697000000.0,3467000000.0,4050606785.558939,0.22357546759460636,0.06207350832210465,19.617234775862016,32.40757245904754,0.03085698570183464,19.82091543861325,0.9108739544274589,4.206314148369494,20084000000.0,1872000000.0,0.33646463872500193,0.0,0.050499406165473285,0.0516922231007157,74.61538461538461,1.7552650022092136,1.641881841719349,260.0,[],True,0.8,ig,Energy,10.0,,,9.090909090909092,95.45454545454545,40.0,9.090909090909093,0.0,27.27272727272727,1.0,16.314420856184977,"{'profitability': 51.7, 'growth': 36.9, 'balance': 0.0, 'stability': 51.4}",18.590429043883724,False,0.4129640747435981,21.443638728544148,,17.45242495003435,,False,"{""floor"": false, ""depressed_arms"": {""self_pct"": false, ""self_z"": false, ""median_ratio"": false}, ""yield_arm"": false, ""residual_arm"": false, ""brakes"": {""gm"": false, ""fcf_margin"": false, ""roic"": true}, ""self_pct"": 74.61538461538461, ""self_z"": 1.7552650022092136, ""median_ratio"": 1.641881841719349, ""fcf_yield"": 0.03085698570183464, ""yield_threshold"": 0.0495, ""gs10"": 0.0495, ""residual_pct"": null, ""brake_values"": {""gm"": null, ""fcf_margin"": null, ""roic"": 1.2291928368168543}}",False,"{""floor"": false, ""mom_sector_pct"": 27.27272727272727, ""eps_rev_proxy"": null}"
OKE,1039684,Oneok,Energy,Oil & Gas Storage & Transportation,Energy,16.49828884325804,324511958.72117615,0.37092929751832693,0.0,0.39445410538441816,8.0,,,,,0.20693149531227414,6,9,False,0.3153108920107406,,0.2721383935375705,0.07382004775694762,,,0.9648464884339715,sbc_unreported,96.62000274658203,630369667.0,60906318956.902,94130563956.90201,56161245000.0,33224245000.0,39366000000.0,6111000000.0,2906000000.0,2906000000.0,7642000000.0,3656000000.0,4684332286.43216,0.23345896147403686,0.08340862611632203,15.403463255915891,32.391797645183075,0.030872013061884147,16.659277614032277,0.7948577680525164,4.334499476576813,8058000000.0,489205000.0,0.15219044734496182,1.0,0.08644756146825117,0.07972214257423045,85.0,1.151997331417144,1.2856502517649844,260.0,['fcf_cagr5 gate'],False,0.8,ig,Energy,30.0,,,31.818181818181817,50.0,30.0,0.0,36.36363636363637,45.45454545454545,1.0,28.074056834483933,"{'profitability': 34.7, 'growth': 100.0, 'balance': 0.0, 'stability': 64.0}",25.670694827656156,False,0.4003802462114887,21.704616621150652,,26.872375831070045,,False,"{""floor"": false, ""depressed_arms"": {""self_pct"": false, ""self_z"": false, ""median_ratio"": false}, ""yield_arm"": false, ""residual_arm"": false, ""brakes"": {""gm"": false, ""fcf_margin"": false, ""roic"": true}, ""self_pct"": 85.0, ""self_z"": 1.151997331417144, ""median_ratio"": 1.2856502517649844, ""fcf_yield"": 0.030872013061884147, ""yield_threshold"": 0.0495, ""gs10"": 0.0495, ""residual_pct"": null, ""brake_values"": {""gm"": null, ""fcf_margin"": null, ""roic"": 0.9648464884339715}}",False,"{""floor"": false, ""mom_sector_pct"": 45.45454545454545, ""eps_rev_proxy"": null}"
IR,1699150,Ingersoll Rand,Industrials,Industrial Machinery & Supplies & Components,Capital Goods,6.529774127310062,322380381.7615461,0.058798350903496166,-0.2592000544338814,-0.07345611413946906,10.0,0.4144792856455153,0.05197705480210092,0.1407452964663197,0.1525441451332523,0.2874609963247357,8,9,False,0.140025116890367,0.1481530746442674,0.42820629044849035,0.14649593311676865,1.0331186751144787,1.0408584641535432,,,72.93000030517578,387999429.0,28296798475.37803,30211898475.37803,12092400000.0,1915100000.0,7942200000.0,1435700000.0,1219300000.0,1163500000.0,1970700000.0,959100000.0,1213977990.3881354,0.1544347771901264,0.10039181555258968,21.04332275223099,25.966393188979826,0.038511317021279697,29.50349126824943,1.2712960066729226,0.9384482671132085,8541900000.0,4072300000.0,1.0431510700936124,2.0,,,5.0,-1.0549564825385542,0.8032817986510374,260.0,[],True,0.9,ig,Capital Goods,,83.33333333333334,75.75757575757575,15.476190476190476,63.95348837209303,57.49999999999999,71.05263157894737,52.38095238095239,40.0,1.0,54.189363462259735,"{'profitability': 54.4, 'growth': 100.0, 'balance': 68.7, 'stability': 74.9}",59.9343474873363,False,,,,57.061855474798016,,False,"{""floor"": false, ""depressed_arms"": {""self_pct"": true, ""self_z"": true, ""median_ratio"": false}, ""yield_arm"": false, ""residual_arm"": false, ""brakes"": {""gm"": true, ""fcf_margin"": true, ""roic"": false}, ""self_pct"": 5.0, ""self_z"": -1.0549564825385542, ""median_ratio"": 0.8032817986510374, ""fcf_yield"": 0.038511317021279697, ""yield_threshold"": 0.0495, ""gs10"": 0.0495, ""residual_pct"": null, ""brake_values"": {""gm"": 1.0331186751144787, ""fcf_margin"": 1.0408584641535432, ""roic"": null}}",False,"{""floor"": false, ""mom_sector_pct"": 40.0, ""eps_rev_proxy"": null}"
TECH,842023,Bio-Techne,Health Care,Life Sciences Tools & Services,Pharmaceuticals Biotechnology and Life Sciences,5.037645448323066,321598586.20516825,0.41883711862389905,-0.0042799607522795435,0.41491504519223077,10.0,0.6662357724729555,0.01965704651584564,0.18028380645715947,0.17687012917799178,0.08887064216956629,8,9,False,0.05469071323715702,-0.03084494017537176,0.6576504951692909,0.18259331593471484,0.9871137551323648,1.0128104100026543,0.930869024597259,,72.12000274658203,156818238.0,11309731755.274155,11145847755.274155,1944337000.0,-163884000.0,1215039000.0,251890000.0,263223000.0,221858000.0,349249000.0,109563000.0,190332471.2481303,0.24438258268239987,0.09789068008690381,44.248869567168825,50.238656056009496,0.01990499106674214,103.22583130504051,2.402480764491662,-0.46707363514283506,975355000.0,326165000.0,0.6693901314432632,4.0,0.10516053010707524,0.09789068008690381,55.38461538461539,0.08163603243064789,1.029647380994732,260.0,[],True,1.0,ig,Pharmaceuticals Biotechnology and Life Sciences,36.36363636363637,45.45454545454545,50.0,40.909090909090914,63.63636363636363,87.5,72.72727272727273,11.111111111111114,83.33333333333334,1.0,53.50341287420881,"{'profitability': 59.8, 'growth': 22.8, 'balance': 100.0, 'stability': 88.0}",26.13816398668931,False,0.4242110050570256,32.87043975724332,,39.82078843044906,,False,"{""floor"": false, ""depressed_arms"": {""self_pct"": false, ""self_z"": false, ""median_ratio"": false}, ""yield_arm"": false, ""residual_arm"": false, ""brakes"": {""gm"": true, ""fcf_margin"": true, ""roic"": true}, ""self_pct"": 55.38461538461539, ""self_z"": 0.08163603243064789, ""median_ratio"": 1.029647380994732, ""fcf_yield"": 0.01990499106674214, ""yield_threshold"": 0.0495, ""gs10"": 0.0495, ""residual_pct"": null, ""brake_values"": {""gm"": 0.9871137551323648, ""fcf_margin"": 1.0128104100026543, ""roic"": 0.930869024597259}}",False,"{""floor"": false, ""mom_sector_pct"": 83.33333333333334, ""eps_rev_proxy"": null}"
RSG,1060391,Republic Services,Industrials,Environmental & Facilities Services,Commercial and Professional Services,17.77138945927447,312579599.55255926,-0.04943773468535062,-0.030405471154217212,-0.013887394265984732,10.0,0.4069916631212635,0.02435463666813785,0.1269890658754349,0.12639224779291983,0.16395739385368735,7,9,False,0.1031904727551265,0.13534847394906713,0.42004617843822156,0.15446095553845243,1.0320756332374024,1.2163327171015261,1.1366463408611134,gm_derived,222.74000549316406,306212978.0,68205880401.79813,82328880401.79813,26155000000.0,14123000000.0,16891000000.0,3368000000.0,2653000000.0,2609000000.0,5234000000.0,2185883000.0,2871469578.783151,0.14742589703588144,0.10978664036639844,24.444441924524384,31.555722653046427,0.031689973035792886,31.20289622170909,1.213697164944327,2.6981276270538785,17186000000.0,707000000.0,0.6841139361498757,3.0,0.09658821431055244,0.09257919528290706,19.230769230769234,-0.8932768804383234,0.9073739457253546,260.0,[],True,1.0,ig,Commercial and Professional Services,20.0,45.45454545454545,42.857142857142854,22.727272727272727,63.63636363636363,54.54545454545454,18.181818181818173,9.090909090909093,26.153846153846157,1.0,39.35223987712966,"{'profitability': 48.4, 'growth': 93.0, 'balance': 10.1, 'stability': 78.3}",39.90093130467726,False,0.2948627352606965,23.497457431520424,,39.62658559090346,,False,"{""floor"": false, ""depressed_arms"": {""self_pct"": true, ""self_z"": false, ""median_ratio"": false}, ""yield_arm"": false, ""residual_arm"": false, ""brakes"": {""gm"": true, ""fcf_margin"": true, ""roic"": true}, ""self_pct"": 19.230769230769234, ""self_z"": -0.8932768804383234, ""median_ratio"": 0.9073739457253546, ""fcf_yield"": 0.031689973035792886, ""yield_threshold"": 0.0495, ""gs10"": 0.0495, ""residual_pct"": null, ""brake_values"": {""gm"": 1.0320756332374024, ""fcf_margin"": 1.2163327171015261, ""roic"": 1.1366463408611134}}",False,"{""floor"": false, ""mom_sector_pct"": 26.153846153846157, ""eps_rev_proxy"": null}"
BBY,764478,Best Buy,Consumer Discretionary,Computer & Electronics Retail,Consumer Discretionary Distribution and Retail,27.208761122518823,306108638.27820176,0.20259024356736255,0.0,0.2635408481780037,10.0,0.22215726981438438,0.01968312592407111,0.026280750494786436,0.02684032525005397,0.4732197638573075,6,9,False,-0.024772266419715416,-0.21476938825639136,0.22677187744366248,0.03862467714035212,1.020771805636312,1.4696946020629993,,,90.80000305175781,209727698.0,19043275618.43814,20999275618.43814,5139000000.0,1956000000.0,42201000000.0,1710000000.0,1768000000.0,1630000000.0,2508000000.0,1272000000.0,,,,12.28027813943751,12.882991176955915,0.07762172513078497,14.971128630847595,1.389937106918239,0.7799043062200957,790000000.0,18000000.0,0.15722903288577544,,,,23.46153846153846,-0.5445830060573293,0.80528819027077,260.0,"['rev_cagr5 gate', 'fcf_cagr5 gate']",False,0.8,ig,Consumer Discretionary Distribution and Retail,,12.5,11.11111111111111,,55.55555555555556,100.0,50.0,77.77777777777777,63.63636363636363,1.0,15.288919420295976,"{'profitability': 10.7, 'growth': 0.0, 'balance': 74.0, 'stability': 57.7}",73.53651753923549,False,,,,44.41271847976573,,False,"{""floor"": false, ""depressed_arms"": {""self_pct"": false, ""self_z"": false, ""median_ratio"": false}, ""yield_arm"": true, ""residual_arm"": false, ""brakes"": {""gm"": true, ""fcf_margin"": true, ""roic"": false}, ""self_pct"": 23.46153846153846, ""self_z"": -0.5445830060573293, ""median_ratio"": 0.80528819027077, ""fcf_yield"": 0.07762172513078497, ""yield_threshold"": 0.0495, ""gs10"": 0.0495, ""residual_pct"": null, ""brake_values"": {""gm"": 1.020771805636312, ""fcf_margin"": 1.4696946020629993, ""roic"": null}}",False,"{""floor"": false, ""mom_sector_pct"": 63.63636363636363, ""eps_rev_proxy"": null}"
RMD,943819,ResMed|,Health Care,Health Care Equipment,Health Care Equipment and Services,9.13347022587269,304317313.5850485,-0.16270945224239997,-0.2082298132004733,-0.18346316522050454,10.0,0.5788943443314525,0.03441301261241535,0.20006830259822542,0.2607339513375566,0.5418746007804023,9,9,False,0.12077602188982173,0.21074896733770743,0.6105551961875267,0.2733194621401507,1.054691935006963,1.3661307592988745,1.1192305902693522,,218.27000427246094,144252306.0,31485951446.932343,31462110446.932343,6561552000.0,-23841000.0,5653443000.0,1886715000.0,1649544000.0,1545196000.0,2088057000.0,1523293000.0,1497340728.896185,0.2063768354541173,0.22819917130827966,16.67560307038018,20.361242487640624,0.04911291639530373,20.66966200654263,1.082880312585957,-0.01141779175568483,2909575000.0,452737000.0,0.512426328405231,10.0,0.20388932655366543,0.19063123432298504,11.538461538461538,-0.19228556932202864,0.6566512620443559,260.0,[],True,1.0,ig,Health Care Equipment and Services,75.0,96.66666666666667,52.17391304347826,100.0,59.67741935483871,24.137931034482758,71.42857142857143,80.0,7.142857142857142,1.0,70.88828205812294,"{'profitability': 97.7, 'growth': 100.0, 'balance': 100.0, 'stability': 71.6}",68.65054158525778,True,-0.2264044531989886,25.534683593568413,26.923076923076923,69.76941182169037,-8.0,False,"{""floor"": true, ""depressed_arms"": {""self_pct"": true, ""self_z"": false, ""median_ratio"": true}, ""yield_arm"": false, ""residual_arm"": false, ""brakes"": {""gm"": true, ""fcf_margin"": true, ""roic"": true}, ""self_pct"": 11.538461538461538, ""self_z"": -0.19228556932202864, ""median_ratio"": 0.6566512620443559, ""fcf_yield"": 0.04911291639530373, ""yield_threshold"": 0.0495, ""gs10"": 0.0495, ""residual_pct"": 26.923076923076923, ""brake_values"": {""gm"": 1.054691935006963, ""fcf_margin"": 1.3661307592988745, ""roic"": 1.1192305902693522}}",False,"{""floor"": true, ""mom_sector_pct"": 7.142857142857142, ""eps_rev_proxy"": -8.0}"
DG,29534,Dollar General,Consumer Staples,Consumer Staples Merchandise Retail,Consumer Staples Distribution and Retail,13.776865160848734,302685526.04954064,0.2048233627775926,-0.19476983927696823,0.21752837627490806,10.0,0.3067422078096451,0.02300031460122228,0.03398886933082311,0.04007253170639797,0.5236009511225581,9,9,False,0.048307062204305806,-0.03420081889029303,0.3116120496636899,0.04379135358134441,1.0158760083550902,1.2884027754824967,0.8154188928965916,,124.58000183105469,220616790.0,27484440102.161407,44231529102.16141,26035737000.0,16747089000.0,43637998000.0,2439807000.0,2010656000.0,1910967000.0,3524826000.0,1703399000.0,1861206724.222897,0.23715001874209843,0.07148661565535468,18.1291098444104,23.146150143964498,0.043203729077198445,16.135057084195427,1.1803787603491607,4.7511817604613675,4338589000.0,1200659000.0,0.21275556747250904,4.0,0.08766857903109726,0.07828131682155728,38.84615384615385,-0.017642065871448055,0.5992264692022771,260.0,[],True,1.0,sector,Consumer Staples,26.923076923076923,24.137931034482758,19.230769230769234,32.69230769230769,56.896551724137936,62.5,11.111111111111114,51.851851851851855,86.20689655172413,1.0,11.917594522795017,"{'profitability': 25.9, 'growth': 20.1, 'balance': 0.0, 'stability': 72.7}",51.35000761204843,False,-0.1281914333000822,26.31186293166134,,31.63380106742172,,False,"{""floor"": false, ""depressed_arms"": {""self_pct"": false, ""self_z"": false, ""median_ratio"": true}, ""yield_arm"": false, ""residual_arm"": false, ""brakes"": {""gm"": true, ""fcf_margin"": true, ""roic"": false}, ""self_pct"": 38.84615384615385, ""self_z"": -0.017642065871448055, ""median_ratio"": 0.5992264692022771, ""fcf_yield"": 0.043203729077198445, ""yield_threshold"": 0.0495, ""gs10"": 0.0495, ""residual_pct"": null, ""brake_values"": {""gm"": 1.0158760083550902, ""fcf_margin"": 1.2884027754824967, ""roic"": 0.8154188928965916}}",False,"{""floor"": false, ""mom_sector_pct"": 86.20689655172413, ""eps_rev_proxy"": null}"
EXE,895126,Expand Energy,Energy,Oil & Gas Exploration & Production,Energy,1.4729637234770705,302626539.6844405,0.007237301318391509,-0.214546906361183,0.007768689159274533,6.0,,,0.11963604973204851,0.1478884856483009,0.7125499771774645,5,9,True,0.18266822352216505,0.1268955987803806,,0.2062129144851658,,1.7236687014242396,1.6975027218188206,,94.83000183105469,239228849.0,22686072188.711105,25573072188.711105,22433000000.0,2887000000.0,14325000000.0,4270000000.0,3001000000.0,2954000000.0,7250000000.0,3227000000.0,3369019559.9022,0.21100244498777507,0.1501814095262426,5.989009880260212,8.657099589949595,0.11551212846863211,7.0300812484385204,0.9299659126123334,0.39820689655172414,15000000.0,,0.0006686577809477109,1.0,0.08847196979179389,0.08537725939458729,28.40909090909091,-0.38086944999266353,0.409164195560594,176.0,[],True,0.9,ig,Energy,40.0,62.5,,31.818181818181817,27.27272727272727,50.0,63.63636363636363,81.81818181818181,9.090909090909092,1.0,28.291383639187245,"{'profitability': 50.9, 'growth': 100.0, 'balance': 86.7, 'stability': 37.0}",79.71212121212122,False,-0.9196661277687324,21.71592525088538,,54.00175242565423,,False,"{""floor"": false, ""depressed_arms"": {""self_pct"": false, ""self_z"": false, ""median_ratio"": true}, ""yield_arm"": true, ""residual_arm"": false, ""brakes"": {""gm"": false, ""fcf_margin"": true, ""roic"": true}, ""self_pct"": 28.40909090909091, ""self_z"": -0.38086944999266353, ""median_ratio"": 0.409164195560594, ""fcf_yield"": 0.11551212846863211, ""yield_threshold"": 0.0495, ""gs10"": 0.0495, ""residual_pct"": null, ""brake_values"": {""gm"": null, ""fcf_margin"": 1.7236687014242396, ""roic"": 1.6975027218188206}}",False,"{""floor"": false, ""mom_sector_pct"": 9.090909090909092, ""eps_rev_proxy"": null}"
A,1090872,Agilent Technologies,Health Care,Life Sciences Tools & Services,Pharmaceuticals Biotechnology and Life Sciences,26.272416153319643,300421130.3133935,0.21488053178828737,-0.07591199574980345,0.20179350370050075,10.0,0.5314232302392261,0.026379493077951458,0.17132632313655516,0.187846178192752,0.1269690657751401,7,9,False,0.05409554484855006,0.0751167353183495,0.5382528486163863,0.1540965816603364,1.012851561596368,0.8994331918132287,0.926029450579723,gm_derived,146.92999267578125,281928854.0,41423804453.3114,42888804453.3114,8828000000.0,1465000000.0,7372000000.0,1639000000.0,1267000000.0,1136000000.0,1910000000.0,1440000000.0,1423498190.5910738,0.13148371531966224,0.16124809589839983,26.167665926364492,37.754229272281165,0.026487098777412774,28.76653087035514,0.8798611111111111,0.7670157068062827,5030000000.0,547000000.0,0.631739918441323,10.0,0.17412847485299043,0.17487574576827336,57.692307692307686,0.3780176949880875,1.0750140496066065,260.0,[],True,1.0,ig,Pharmaceuticals Biotechnology and Life Sciences,72.72727272727273,36.36363636363637,25.0,100.0,63.63636363636363,37.5,63.63636363636363,66.66666666666667,52.38095238095239,1.0,53.48186151907408,"{'profitability': 71.1, 'growth': 53.8, 'balance': 74.4, 'stability': 79.9}",43.612796299890505,False,0.12717548076238883,33.245586530276995,,48.54732890948229,,False,"{""floor"": false, ""depressed_arms"": {""self_pct"": false, ""self_z"": false, ""median_ratio"": false}, ""yield_arm"": false, ""residual_arm"": false, ""brakes"": {""gm"": true, ""fcf_margin"": false, ""roic"": true}, ""self_pct"": 57.692307692307686, ""self_z"": 0.3780176949880875, ""median_ratio"": 1.0750140496066065, ""fcf_yield"": 0.026487098777412774, ""yield_threshold"": 0.0495, ""gs10"": 0.0495, ""residual_pct"": null, ""brake_values"": {""gm"": 1.012851561596368, ""fcf_margin"": 0.8994331918132287, ""roic"": 0.926029450579723}}",False,"{""floor"": false, ""mom_sector_pct"": 52.38095238095239, ""eps_rev_proxy"": null}"
CF,1324404,CF Industries,Materials,Fertilizers & Agricultural Chemicals,Materials,18.04517453798768,300249699.9762949,0.41011707674006126,-0.015744141754722607,0.5861731605172407,9.0,0.4007495856359071,0.15766020103714848,0.30578153769123584,0.30046486679778295,0.25672502073807435,6,9,False,0.11427395430219223,0.14341733759094755,0.42486109316449155,0.24124563897144333,1.0601660198608176,0.7889476938108739,1.0692012355529974,,133.07000732421875,151338130.0,20138566067.53357,25439366067.53357,11048800000.0,5300800000.0,7739000000.0,3181000000.0,1910000000.0,1867000000.0,4069000000.0,,2562016752.5773196,0.19458762886597938,0.2318819014352074,7.997285780425517,13.625798643563776,0.07339019357022099,,,0.523175227328582,2492000000.0,473000000.0,0.2683549344725219,5.0,0.2168739557388153,0.1725156042454646,82.6923076923077,0.8157625457484055,1.2981148454266702,260.0,[],True,0.9,ig,Materials,91.66666666666666,100.0,85.71428571428571,60.71428571428571,39.285714285714285,,81.81818181818181,91.66666666666667,85.71428571428571,1.0,49.588369342547836,"{'profitability': 91.4, 'growth': 97.6, 'balance': 82.6, 'stability': 54.7}",56.017058071066295,False,-0.7665023780063422,29.325789977450114,,52.80271370680707,,False,"{""floor"": false, ""depressed_arms"": {""self_pct"": false, ""self_z"": false, ""median_ratio"": false}, ""yield_arm"": true, ""residual_arm"": false, ""brakes"": {""gm"": true, ""fcf_margin"": false, ""roic"": true}, ""self_pct"": 82.6923076923077, ""self_z"": 0.8157625457484055, ""median_ratio"": 1.2981148454266702, ""fcf_yield"": 0.07339019357022099, ""yield_threshold"": 0.0495, ""gs10"": 0.0495, ""residual_pct"": null, ""brake_values"": {""gm"": 1.0601660198608176, ""fcf_margin"": 0.7889476938108739, ""roic"": 1.0692012355529974}}",False,"{""floor"": false, ""mom_sector_pct"": 85.71428571428571, ""eps_rev_proxy"": null}"
CNC,1071739,Centene Corporation,Health Care,Managed Health Care,Health Care Equipment and Services,10.455852156057494,298646220.595296,1.0285629773174603,-0.021220194937436987,0.9969934311735562,9.0,0.11445106008136907,0.14674413594193672,0.02645559228842089,0.026207165439088683,0.6531658957342503,9,9,False,0.10958333315636093,,0.09050964148778372,0.04878117041224707,0.7908152307495957,1.8438888035630054,24.55577613976432,,66.41999816894531,493995000.0,32811146995.46814,22692146995.46814,12443000000.0,-10119000000.0,178655000000.0,-5640000000.0,8951000000.0,8715000000.0,-4394000000.0,-5100000000.0,-4203888960.863721,0.2546296168681346,-0.33785172071556063,,2.603803441820785,0.38405356715433214,,,2.319299044151115,10835000000.0,4530000000.0,1.2348308285783172,0.0,-0.013758543765532278,0.037621047825129456,1.593625498007968,-0.012095634295759727,0.2897547565774554,251.0,['fcf_cagr5 gate'],False,0.8,ig,Health Care Equipment and Services,7.142857142857142,13.333333333333334,17.391304347826086,12.068965517241379,14.516129032258066,,35.71428571428571,,100.0,1.0,21.89783561377607,"{'profitability': 5.2, 'growth': 91.3, 'balance': 22.7, 'stability': 60.3}",,False,,,,,,False,"{""floor"": false, ""depressed_arms"": {""self_pct"": true, ""self_z"": false, ""median_ratio"": true}, ""yield_arm"": true, ""residual_arm"": false, ""brakes"": {""gm"": false, ""fcf_margin"": true, ""roic"": true}, ""self_pct"": 1.593625498007968, ""self_z"": -0.012095634295759727, ""median_ratio"": 0.2897547565774554, ""fcf_yield"": 0.38405356715433214, ""yield_threshold"": 0.0495, ""gs10"": 0.0495, ""residual_pct"": null, ""brake_values"": {""gm"": 0.7908152307495957, ""fcf_margin"": 1.8438888035630054, ""roic"": 24.55577613976432}}",False,"{""floor"": false, ""mom_sector_pct"": 100.0, ""eps_rev_proxy"": null}"
ALB,915913,Albemarle Corporation,Materials,Specialty Chemicals,Materials,10.20123203285421,295947920.85130966,0.8063790434227889,-0.41913856252568016,0.564457154452908,3.0,0.19697345886094988,0.7342919869762679,-0.05161357333088827,-0.08989141645445146,,6,9,False,0.10448598383827279,,0.23812353755240437,0.22080724399042367,1.208911794154479,-4.278084808716025,,,117.5199966430664,118005057.0,13867953902.50486,16833842902.50486,13241058000.0,2965889000.0,5907904000.0,252078000.0,1342372000.0,1304508000.0,893877000.0,224177000.0,225745707.20312488,0.10446089225110927,0.017048917632044577,66.78029380788827,12.904361569652973,0.07749317892267431,61.86162676146465,5.988000553134354,0.5281476086754665,1482672000.0,202079000.0,0.12723688696175184,2.0,,,,,,,['fcf_cagr5 gate'],False,0.8,ig,Materials,,7.142857142857142,21.428571428571427,35.714285714285715,7.142857142857142,100.0,72.72727272727273,0.0,92.85714285714286,1.0,23.353294060452438,"{'profitability': 4.3, 'growth': 87.1, 'balance': 82.4, 'stability': 44.4}",,False,,,,,,False,"{""floor"": false, ""depressed_arms"": {""self_pct"": false, ""self_z"": false, ""median_ratio"": false}, ""yield_arm"": true, ""residual_arm"": false, ""brakes"": {""gm"": true, ""fcf_margin"": false, ""roic"": false}, ""self_pct"": null, ""self_z"": null, ""median_ratio"": null, ""fcf_yield"": 0.07749317892267431, ""yield_threshold"": 0.0495, ""gs10"": 0.0495, ""residual_pct"": null, ""brake_values"": {""gm"": 1.208911794154479, ""fcf_margin"": -4.278084808716025, ""roic"": null}}",False,"{""floor"": false, ""mom_sector_pct"": 92.85714285714286, ""eps_rev_proxy"": null}"
DPZ,1286681,Domino's,Consumer Discretionary,Restaurants,Consumer Services,6.338124572210814,293891915.13279796,-0.21923226745520252,-0.2739297895952001,-0.29740596082445614,10.0,0.38574191087683113,0.031596855773516626,0.10553042709707043,0.1000040630822542,0.17749470211894217,8,9,False,0.037099536577790415,0.05905650670180562,0.4002102304877964,0.12113413083019164,1.0375077719143282,1.1478597610409405,,ev_or_ic_nonpos,311.6000061035156,33081735.0,10308268827.914886,12045105827.914886,-2245594000.0,1736837000.0,5027815000.0,981231000.0,653470000.0,609040000.0,,596523000.0,764657363.2785352,0.2207162602093338,,12.275504777075822,19.777199901344552,0.050563275134414505,17.280589060128253,1.0954648856791775,,7870000.0,100000.0,-0.0035491722902715275,0.0,-0.2848090658063545,-0.2757136595410137,3.076923076923077,-2.4287923199416666,0.5964478312262144,260.0,[],True,0.9,ig,Consumer Services,25.0,76.92307692307693,80.0,11.538461538461538,80.76923076923077,38.46153846153847,,76.92307692307692,18.181818181818183,0.7,23.569067194524738,"{'profitability': 20.0, 'growth': 40.1, 'balance': None, 'stability': 82.4}",72.57923895058076,False,,,,48.07415307255275,,False,"{""floor"": false, ""depressed_arms"": {""self_pct"": true, ""self_z"": true, ""median_ratio"": true}, ""yield_arm"": true, ""residual_arm"": false, ""brakes"": {""gm"": true, ""fcf_margin"": true, ""roic"": false}, ""self_pct"": 3.076923076923077, ""self_z"": -2.4287923199416666, ""median_ratio"": 0.5964478312262144, ""fcf_yield"": 0.050563275134414505, ""yield_threshold"": 0.0495, ""gs10"": 0.0495, ""residual_pct"": null, ""brake_values"": {""gm"": 1.0375077719143282, ""fcf_margin"": 1.1478597610409405, ""roic"": null}}",False,"{""floor"": false, ""mom_sector_pct"": 18.181818181818183, ""eps_rev_proxy"": null}"
HSY,47111,Hershey Company (The),Consumer Staples,Packaged Foods & Meats,Food Beverage and Tobacco,69.52772073921972,293763624.3651639,0.025756831820050508,-0.2550121090784475,-0.034935509576260126,10.0,0.4278744447530034,0.11229634950996795,0.15733348026206667,0.16722486187643806,0.08320591443086103,9,9,False,0.0748639898139154,0.0769782050700687,0.38377373989552044,0.1774801560550586,0.8969307342415818,1.1280507858812636,0.7953141090522835,shares_was_proxy,173.32000732421875,219283000.0,38006131166.07666,43213771166.07666,9770330000.0,5207640000.0,12163912000.0,2162830000.0,2228157000.0,2158853000.0,2692231000.0,1489107000.0,1675331258.9360166,0.22539854776565127,0.171471307410908,19.980197780720935,20.017004940158806,0.04995752376489479,25.522767112152895,1.4963041608158447,1.934321386240631,2985609000.0,331134000.0,0.3394709288222609,10.0,0.2156019935509978,0.2417870246745679,0.7692307692307693,-2.3339653362216035,0.691093117382908,260.0,[],True,1.0,ig,Food Beverage and Tobacco,84.61538461538461,68.75,50.0,84.61538461538461,56.25,76.92307692307693,53.333333333333336,35.71428571428571,27.586206896551722,1.0,50.90326236707616,"{'profitability': 76.3, 'growth': 63.3, 'balance': 35.5, 'stability': 84.6}",62.45154284375414,False,0.03314544619681925,19.36440744283853,,56.67740260541515,,False,"{""floor"": false, ""depressed_arms"": {""self_pct"": true, ""self_z"": true, ""median_ratio"": true}, ""yield_arm"": true, ""residual_arm"": false, ""brakes"": {""gm"": false, ""fcf_margin"": true, ""roic"": false}, ""self_pct"": 0.7692307692307693, ""self_z"": -2.3339653362216035, ""median_ratio"": 0.691093117382908, ""fcf_yield"": 0.04995752376489479, ""yield_threshold"": 0.0495, ""gs10"": 0.0495, ""residual_pct"": null, ""brake_values"": {""gm"": 0.8969307342415818, ""fcf_margin"": 1.1280507858812636, ""roic"": 0.7953141090522835}}",False,"{""floor"": false, ""mom_sector_pct"": 27.586206896551722, ""eps_rev_proxy"": null}"
VMC,1396009,Vulcan Materials Company,Materials,Construction Materials,Materials,27.20602327173169,293263025.9756545,-0.03673119470410313,-0.22419142193056774,-0.13667885410681357,10.0,0.250820578839041,0.08604011794651709,0.09520825186891764,0.09471921040308347,0.29613182993386494,7,9,False,0.10333168192433528,0.09898292065839542,0.27684064298471917,0.1304450287755507,1.103739750008216,1.370102131012204,1.178209825955706,,252.74000549316406,129754885.0,32794250347.66487,37819750347.66487,13476800000.0,5025500000.0,8062400000.0,1658600000.0,1116400000.0,1051700000.0,2391000000.0,1113300000.0,1290201528.9457223,0.2221141149489193,0.09573500600630137,22.8022129191275,35.96058795061793,0.027808221639012903,29.45679542590934,1.0027845145064223,2.0916352990380593,3780900000.0,1478800000.0,0.39027810756262615,0.0,0.08125463215233827,0.07950514684152611,0.7692307692307693,-1.5586153271859782,0.6822397617426834,260.0,[],True,1.0,ig,Materials,16.666666666666664,78.57142857142857,50.0,14.285714285714285,71.42857142857143,54.54545454545454,36.36363636363637,58.33333333333333,21.428571428571427,1.0,32.674334911855084,"{'profitability': 38.8, 'growth': 84.3, 'balance': 30.3, 'stability': 65.5}",62.592466491703874,False,0.22604781577315913,28.685040324574718,,47.63340070177948,,False,"{""floor"": false, ""depressed_arms"": {""self_pct"": true, ""self_z"": true, ""median_ratio"": true}, ""yield_arm"": false, ""residual_arm"": false, ""brakes"": {""gm"": true, ""fcf_margin"": true, ""roic"": true}, ""self_pct"": 0.7692307692307693, ""self_z"": -1.5586153271859782, ""median_ratio"": 0.6822397617426834, ""fcf_yield"": 0.027808221639012903, ""yield_threshold"": 0.0495, ""gs10"": 0.0495, ""residual_pct"": null, ""brake_values"": {""gm"": 1.103739750008216, ""fcf_margin"": 1.370102131012204, ""roic"": 1.178209825955706}}",False,"{""floor"": false, ""mom_sector_pct"": 21.428571428571427, ""eps_rev_proxy"": null}"
AME,1037868,Ametek,Industrials,Electrical Components & Equipment,Capital Goods,12.971937029431896,291534790.4082397,0.3499389258335923,-0.050708420697024637,0.28148565486713295,10.0,0.3544529687178088,0.018476239040815922,0.20611686486613917,0.21939231867194084,0.21998293967275948,8,9,False,0.10267547865932358,0.06732421561729329,0.3635780767436304,0.22582825391347297,1.0257441997420154,1.0956321020122988,1.0583903375298978,gm_derived,241.8699951171875,229261244.0,55451415966.84033,57261660966.84033,13071008000.0,1810245000.0,7863923000.0,2036991000.0,1824950000.0,1775896000.0,,1576270000.0,1683451897.2212029,0.17355948199024798,0.1287928136239533,28.110905235634487,32.24381437135977,0.031013700441354715,35.17888176951939,1.1577648499305322,,7418304000.0,3634056000.0,0.8455629435771136,10.0,0.12168744276760286,0.12344316333949408,68.84615384615384,0.6078350720822813,1.0788682691382128,260.0,[],True,0.9,ig,Capital Goods,31.57894736842105,97.61904761904762,51.515151515151516,86.90476190476191,63.95348837209303,47.5,,28.57142857142857,72.3076923076923,0.7,59.61953090395761,"{'profitability': 74.7, 'growth': 70.8, 'balance': None, 'stability': 81.6}",30.292205370501655,False,0.17023374885828524,27.196613817502634,,44.95586813722963,,False,"{""floor"": false, ""depressed_arms"": {""self_pct"": false, ""self_z"": false, ""median_ratio"": false}, ""yield_arm"": false, ""residual_arm"": false, ""brakes"": {""gm"": true, ""fcf_margin"": true, ""roic"": true}, ""self_pct"": 68.84615384615384, ""self_z"": 0.6078350720822813, ""median_ratio"": 1.0788682691382128, ""fcf_yield"": 0.031013700441354715, ""yield_threshold"": 0.0495, ""gs10"": 0.0495, ""residual_pct"": null, ""brake_values"": {""gm"": 1.0257441997420154, ""fcf_margin"": 1.0956321020122988, ""roic"": 1.0583903375298978}}",False,"{""floor"": false, ""mom_sector_pct"": 72.3076923076923, ""eps_rev_proxy"": null}"
STLD,1022671,Steel Dynamics,Materials,Steel,Materials,3.7262149212867897,289580341.5536257,0.9810890460136568,-0.15004309582959152,0.857314466542372,8.0,0.2145537498204529,0.2903431347933774,0.0666518237053311,0.061936622874324034,0.8760939763107259,5,9,True,0.13647433753701965,-0.19549357045616378,0.1465219913375145,0.04314153033608103,0.6829150805340384,0.6472670654416075,0.46962876145011506,,239.7899932861328,143328088.0,34368641259.23425,37955009259.23425,13005900000.0,3586368000.0,20538678000.0,2056470000.0,955563000.0,886070000.0,2674441000.0,1607241000.0,1627297341.6676233,0.20869385808320898,0.12511993338927896,18.45638850031085,42.83522662908602,0.02334527160692034,21.38362651228674,0.5945362269877387,1.415655832377682,477471000.0,370790000.0,0.06522124574231696,9.0,0.266423063619304,0.24784885402396728,73.0593607305936,0.8429003522717827,2.9014118348486235,219.0,['fcf_cagr5 gate'],False,1.0,ig,Materials,100.0,42.857142857142854,28.57142857142857,92.85714285714286,28.57142857142857,18.181818181818183,54.54545454545455,66.66666666666667,100.0,1.0,13.001877067232655,"{'profitability': 39.9, 'growth': 50.0, 'balance': 52.8, 'stability': 27.8}",37.17024814874277,False,0.3742631114108077,29.461894153359534,,25.086062607987714,,False,"{""floor"": false, ""depressed_arms"": {""self_pct"": false, ""self_z"": false, ""median_ratio"": false}, ""yield_arm"": false, ""residual_arm"": false, ""brakes"": {""gm"": false, ""fcf_margin"": false, ""roic"": false}, ""self_pct"": 73.0593607305936, ""self_z"": 0.8429003522717827, ""median_ratio"": 2.9014118348486235, ""fcf_yield"": 0.02334527160692034, ""yield_threshold"": 0.0495, ""gs10"": 0.0495, ""residual_pct"": null, ""brake_values"": {""gm"": 0.6829150805340384, ""fcf_margin"": 0.6472670654416075, ""roic"": 0.46962876145011506}}",False,"{""floor"": false, ""mom_sector_pct"": 100.0, ""eps_rev_proxy"": null}"
GEHC,1932393,GE HealthCare,Health Care,Health Care Equipment,Health Care Equipment and Services,3.6906228610540723,281602573.66709816,-0.03414121761836264,-0.2667594217508047,-0.16206608485984952,5.0,0.4043097433798857,0.021075484483121177,0.07797945144186538,0.07295990901336366,0.10211472671538131,4,4,True,,0.025821217351280623,0.39148672482005814,0.06558939892273226,0.968284171307296,0.8411113147112858,0.8858697303362978,,63.93000030517578,454891786.0,29081232017.801956,37411232017.801956,18998000000.0,8330000000.0,20979000000.0,2649000000.0,1519000000.0,1376000000.0,3244000000.0,1909000000.0,2029086788.066641,0.23401782254939946,0.10680528413867992,14.122775393658722,27.188395361774678,0.0367803979121895,15.233751711787301,0.7957045573598743,2.5641183723797782,15060000000.0,1908000000.0,0.8931466470154753,4.0,0.1205654516473139,0.12076928291754095,,,,,['rev_cagr5 gate'],False,0.9,ig,Health Care Equipment and Services,53.57142857142857,33.33333333333333,34.78260869565217,53.44827586206896,9.67741935483871,17.24137931034483,32.14285714285714,86.66666666666667,23.809523809523807,1.0,24.812838683391373,"{'profitability': 39.8, 'growth': 21.5, 'balance': 14.5, 'stability': 92.8}",,False,0.07457516845732615,25.2345748671126,,,,False,"{""floor"": false, ""depressed_arms"": {""self_pct"": false, ""self_z"": false, ""median_ratio"": false}, ""yield_arm"": false, ""residual_arm"": false, ""brakes"": {""gm"": false, ""fcf_margin"": false, ""roic"": false}, ""self_pct"": null, ""self_z"": null, ""median_ratio"": null, ""fcf_yield"": 0.0367803979121895, ""yield_threshold"": 0.0495, ""gs10"": 0.0495, ""residual_pct"": null, ""brake_values"": {""gm"": 0.968284171307296, ""fcf_margin"": 0.8411113147112858, ""roic"": 0.8858697303362978}}",False,"{""floor"": false, ""mom_sector_pct"": 23.809523809523807, ""eps_rev_proxy"": null}"
NCLH,1513761,Norwegian Cruise Line Holdings,Consumer Discretionary,"Hotels, Resorts & Cruise Lines",Consumer Services,8.917180013689254,280474116.9609204,-0.28667915568509783,-0.4126040442444412,-0.4439024425156247,5.0,-0.03520968147804673,20.771945373220845,-1.1321265783836587,-0.12803268593160969,,7,9,False,0.5033277455063068,,0.4245725483777475,-0.12543504938347835,-12.058403557057707,0.11079595848952017,,gm_derived,14.819999694824219,459187846.0,6805163737.58699,8881645737.58699,4649348000.0,2076482000.0,10154307000.0,1532360000.0,-1185394000.0,-1273706000.0,2754931000.0,760722000.0,1507832900.8734477,0.01600609460345628,0.32431061320285076,5.796056891061494,,-0.1434087822946704,8.945664431404627,-1.5582486111877927,0.7423452710793845,135764000.0,4771000.0,0.03022681890019848,1.0,,,,,,,"['mktcap<10B', 'fcf_cagr5 gate']",False,0.8,ig,Consumer Services,,7.6923076923076925,20.0,26.923076923076923,15.384615384615385,7.6923076923076925,66.66666666666667,92.3076923076923,12.121212121212121,1.0,37.632283779588384,"{'profitability': 50.0, 'growth': 100.0, 'balance': 75.3, 'stability': 51.9}",,False,,,,,,False,"{""floor"": false, ""depressed_arms"": {""self_pct"": false, ""self_z"": false, ""median_ratio"": false}, ""yield_arm"": false, ""residual_arm"": false, ""brakes"": {""gm"": false, ""fcf_margin"": false, ""roic"": false}, ""self_pct"": null, ""self_z"": null, ""median_ratio"": null, ""fcf_yield"": -0.1434087822946704, ""yield_threshold"": 0.0495, ""gs10"": 0.0495, ""residual_pct"": null, ""brake_values"": {""gm"": -12.058403557057707, ""fcf_margin"": 0.11079595848952017, ""roic"": null}}",False,"{""floor"": false, ""mom_sector_pct"": 12.121212121212121, ""eps_rev_proxy"": null}"
CHRW,1043277,C.H. Robinson,Industrials,Air Freight & Logistics,Transportation,19.534565366187543,280032362.887099,0.13426022989237318,-0.2640816030433416,0.17143253592009833,10.0,,,0.03341920967394243,0.03658625780221605,0.6752825287733719,6,9,False,0.00031641390725023477,,,0.034107703980675565,,1.0206017531069853,0.9726858687940518,gm_derived,152.77999877929688,116851258.0,17852535054.599304,19670516054.599304,3445671000.0,1817981000.0,16996512000.0,833618000.0,668759000.0,579712000.0,875614000.0,633327000.0,680088608.8960453,0.18417235604791962,0.19737479547410225,23.59655868107371,33.93153161328264,0.029471112928145745,28.188495129055454,1.055945822616121,2.076235647214412,1508335000.0,32313000.0,0.44712568321235546,7.0,0.20291730537713065,0.20972890355387663,73.70689655172413,0.07878362816766543,1.2420313174151019,232.0,['fcf_cagr5 gate'],False,0.9,ig,Transportation,72.72727272727273,22.22222222222222,,50.0,77.27272727272727,72.72727272727273,22.222222222222214,18.181818181818173,44.61538461538462,1.0,14.12570794245898,"{'profitability': 56.2, 'growth': 0.3, 'balance': 30.8, 'stability': 44.4}",24.129212666322505,False,0.2055807280265598,27.626183212332972,,19.127460304390745,,False,"{""floor"": false, ""depressed_arms"": {""self_pct"": false, ""self_z"": false, ""median_ratio"": false}, ""yield_arm"": false, ""residual_arm"": false, ""brakes"": {""gm"": false, ""fcf_margin"": true, ""roic"": true}, ""self_pct"": 73.70689655172413, ""self_z"": 0.07878362816766543, ""median_ratio"": 1.2420313174151019, ""fcf_yield"": 0.029471112928145745, ""yield_threshold"": 0.0495, ""gs10"": 0.0495, ""residual_pct"": null, ""brake_values"": {""gm"": null, ""fcf_margin"": 1.0206017531069853, ""roic"": 0.9726858687940518}}",False,"{""floor"": false, ""mom_sector_pct"": 44.61538461538462, ""eps_rev_proxy"": null}"
STZ,16918,Constellation Brands,Consumer Staples,Distillers & Vintners,Food Beverage and Tobacco,21.201916495550993,278866384.8134359,0.026935771057486235,-0.25225187282188977,-0.09650604505376292,10.0,0.5155978845469453,0.021533819935070784,0.17540775927474656,0.18277547581964404,0.0810353579013169,8,9,False,0.011881573321183447,-0.01571896922042826,0.5261850342840108,0.19454105800125873,1.0205337338541804,1.1090789757854618,1.3093880547692003,shares_was_proxy,122.44999694824219,170778434.0,20911818722.12558,31994318722.12558,19338100000.0,11082500000.0,9056700000.0,2852900000.0,1834200000.0,1761900000.0,3265300000.0,1824400000.0,2151080276.2824574,0.24600221659278024,0.11123534764441477,11.214665330760132,18.15898673144082,0.055069151973583454,11.462299233789508,1.0053716290287218,3.394021988791229,5248900000.0,3340900000.0,0.4441904840703068,5.0,0.08495216314159953,0.10475588141953707,2.307692307692308,-1.7443183410988226,0.616897432561981,260.0,[],True,1.0,ig,Food Beverage and Tobacco,46.15384615384615,75.0,56.25,38.46153846153847,56.25,38.46153846153847,26.66666666666667,92.85714285714286,34.48275862068966,1.0,23.456495375883655,"{'profitability': 62.7, 'growth': 5.0, 'balance': 0.0, 'stability': 88.2}",79.54455511588456,False,-0.043313299059015264,18.96279447614452,,51.500525245884106,,False,"{""floor"": false, ""depressed_arms"": {""self_pct"": true, ""self_z"": true, ""median_ratio"": true}, ""yield_arm"": true, ""residual_arm"": false, ""brakes"": {""gm"": true, ""fcf_margin"": true, ""roic"": true}, ""self_pct"": 2.307692307692308, ""self_z"": -1.7443183410988226, ""median_ratio"": 0.616897432561981, ""fcf_yield"": 0.055069151973583454, ""yield_threshold"": 0.0495, ""gs10"": 0.0495, ""residual_pct"": null, ""brake_values"": {""gm"": 1.0205337338541804, ""fcf_margin"": 1.1090789757854618, ""roic"": 1.3093880547692003}}",False,"{""floor"": false, ""mom_sector_pct"": 34.48275862068966, ""eps_rev_proxy"": null}"
TYL,860731,Tyler Technologies,Information Technology,Application Software,Software and Services,6.225872689938399,278201764.1192139,-0.3969797234127096,-0.3699094010839703,-0.38224551008184904,10.0,0.44257870946283956,0.02996940542030094,0.1694487536317592,0.14639823097218027,0.2876884701282625,9,9,False,0.15870784367787483,0.139115892484327,0.4720526395289541,0.22971596402290528,1.0665959058488992,1.3556662949679579,1.5633371200422344,,336.6700134277344,40952274.0,13787402637.476257,13461640637.476257,2711469000.0,-325762000.0,2429657000.0,367814000.0,714266000.0,558131000.0,511990000.0,324616000.0,284574394.19593483,0.22630896541204287,0.10495211053341744,36.59904364019928,24.119141630685732,0.04146084530337281,42.47296078282111,2.2003413263671536,-0.6362663333268228,2754742000.0,780414000.0,1.303778874108463,5.0,0.0671333835728164,0.061035780820580546,2.6923076923076925,-1.8416304591876742,0.38350319086713164,260.0,[],True,1.0,ig,Software and Services,30.0,39.130434782608695,10.526315789473683,57.14285714285714,65.21739130434783,68.18181818181817,71.42857142857143,36.36363636363637,3.389830508474576,1.0,64.29005224548261,"{'profitability': 44.5, 'growth': 100.0, 'balance': 100.0, 'stability': 82.6}",58.26401116676942,False,-0.3055316897925233,32.73803243830808,,61.27703170612602,,False,"{""floor"": false, ""depressed_arms"": {""self_pct"": true, ""self_z"": true, ""median_ratio"": true}, ""yield_arm"": false, ""residual_arm"": false, ""brakes"": {""gm"": true, ""fcf_margin"": true, ""roic"": true}, ""self_pct"": 2.6923076923076925, ""self_z"": -1.8416304591876742, ""median_ratio"": 0.38350319086713164, ""fcf_yield"": 0.04146084530337281, ""yield_threshold"": 0.0495, ""gs10"": 0.0495, ""residual_pct"": null, ""brake_values"": {""gm"": 1.0665959058488992, ""fcf_margin"": 1.3556662949679579, ""roic"": 1.5633371200422344}}",False,"{""floor"": false, ""mom_sector_pct"": 3.389830508474576, ""eps_rev_proxy"": null}"
EL,1001250,Estée Lauder Companies (The),Consumer Staples,Personal Care Products,Household and Personal Products,20.687200547570157,275459694.28400236,0.040396592463991965,-0.16616848531843753,0.1775440705572935,10.0,0.736336679740275,0.025248002338170334,0.0573941233182723,0.06684829556781181,0.399690911298311,5,9,False,-0.014814212841128271,-0.1515996897631844,0.7550003322479899,0.06684829556781181,1.0253466288197106,1.1647236982279967,0.9836077349813234,shares_was_proxy,97.12000274658203,362300000.0,35186576995.08667,34700476995.08667,3319900000.0,-486100000.0,15049000000.0,780000000.0,1316000000.0,1006000000.0,1576000000.0,,591270708.2481728,0.24196063045106056,0.1780989512479812,44.487791019341884,34.49351589968854,0.02899095594975372,,,-0.30843908629441624,2107000000.0,1594000000.0,1.1147926142353686,9.0,0.1810670503230263,0.16986134867970318,23.46153846153846,-0.5767019927376853,0.6813351096778741,260.0,"['rev_cagr5 gate', 'fcf_cagr5 gate']",False,0.9,sector,Consumer Staples,73.07692307692307,31.03448275862069,100.0,69.23076923076923,56.896551724137936,,81.48148148148148,0.0,41.37931034482759,1.0,28.92418037029038,"{'profitability': 55.8, 'growth': 0.0, 'balance': 100.0, 'stability': 55.3}",35.61395345159278,False,0.2544301322423421,26.744831218489633,,32.269066910941575,,False,"{""floor"": false, ""depressed_arms"": {""self_pct"": false, ""self_z"": false, ""median_ratio"": true}, ""yield_arm"": false, ""residual_arm"": false, ""brakes"": {""gm"": true, ""fcf_margin"": true, ""roic"": true}, ""self_pct"": 23.46153846153846, ""self_z"": -0.5767019927376853, ""median_ratio"": 0.6813351096778741, ""fcf_yield"": 0.02899095594975372, ""yield_threshold"": 0.0495, ""gs10"": 0.0495, ""residual_pct"": null, ""brake_values"": {""gm"": 1.0253466288197106, ""fcf_margin"": 1.1647236982279967, ""roic"": 0.9836077349813234}}",False,"{""floor"": false, ""mom_sector_pct"": 41.37931034482759, ""eps_rev_proxy"": null}"
OMC,29989,Omnicom Group,Communication Services,Advertising,Media and Entertainment,28.700889801505816,268911608.2168996,0.16934799894658603,-0.10500675998242504,0.05504383026996029,10.0,0.16772482089715476,0.247747676294742,0.09485015064372773,0.08567130858550796,0.4167021354166537,5,9,False,0.0557075161852465,0.11075007077923482,0.09459050463065721,0.14543693630072033,0.5639624721296204,1.533333740786608,,gm_derived,79.01000213623047,285006196.0,22518340154.79892,30164340154.79892,17083100000.0,7646000000.0,19824400000.0,638300000.0,2990300000.0,2883200000.0,1022900000.0,63000000.0,,,,47.25730871815591,10.46210465968331,0.09558306215895475,357.433970711094,47.46507936507936,6.854042428389872,18733900000.0,4945200000.0,1.3861125908061183,,,,12.692307692307692,-0.6066556612024396,0.7089264627026357,260.0,[],True,0.8,ig,Media and Entertainment,,40.0,20.0,,70.0,100.0,0.0,0.0,91.66666666666666,1.0,11.102625670280672,"{'profitability': 34.3, 'growth': 69.4, 'balance': 0.0, 'stability': 32.2}",58.174918647686425,False,,,,34.63877215898355,,False,"{""floor"": false, ""depressed_arms"": {""self_pct"": true, ""self_z"": false, ""median_ratio"": true}, ""yield_arm"": true, ""residual_arm"": false, ""brakes"": {""gm"": false, ""fcf_margin"": true, ""roic"": false}, ""self_pct"": 12.692307692307692, ""self_z"": -0.6066556612024396, ""median_ratio"": 0.7089264627026357, ""fcf_yield"": 0.09558306215895475, ""yield_threshold"": 0.0495, ""gs10"": 0.0495, ""residual_pct"": null, ""brake_values"": {""gm"": 0.5639624721296204, ""fcf_margin"": 1.533333740786608, ""roic"": null}}",False,"{""floor"": false, ""mom_sector_pct"": 91.66666666666666, ""eps_rev_proxy"": null}"
SYY,96021,Sysco,Consumer Staples,Food Distributors,Consumer Staples Distribution and Retail,39.7015742642026,266652518.41889793,0.049878890549409194,-0.07423235734381572,0.0526620528997741,10.0,0.18330690211768047,0.011385605673041269,0.021431186529042284,0.021524960675552613,0.20518595253239147,7,9,False,0.10511120778351901,,0.18496091209064136,0.021524960675552613,1.0090231734531143,1.0043755928484526,1.0200732883784758,,83.20999908447266,479096016.0,39865579052.7345,50511763052.7345,13312184000.0,10646184000.0,84553000000.0,3095000000.0,1938000000.0,1820000000.0,,1757000000.0,2389242091.3884006,0.22803163444639718,0.1794778446112524,16.320440404760742,27.753715963040932,0.036031211147785756,22.6895725968893,1.1030165054069436,,5225000000.0,951000000.0,0.4639358951168343,9.0,0.17594602922752067,0.18002038521504493,44.61538461538462,-0.03963170781423687,0.9697020880278909,260.0,['fcf_cagr5 gate'],False,0.9,sector,Consumer Staples,69.23076923076923,10.344827586206897,11.538461538461538,69.23076923076923,56.896551724137936,45.83333333333333,,59.25925925925926,44.827586206896555,0.7,50.86465121202047,"{'profitability': 49.2, 'growth': 87.6, 'balance': None, 'stability': 77.5}",49.33714112211351,False,0.03767411693589651,26.727570158820797,,50.10089616706699,,False,"{""floor"": false, ""depressed_arms"": {""self_pct"": false, ""self_z"": false, ""median_ratio"": false}, ""yield_arm"": false, ""residual_arm"": false, ""brakes"": {""gm"": true, ""fcf_margin"": true, ""roic"": true}, ""self_pct"": 44.61538461538462, ""self_z"": -0.03963170781423687, ""median_ratio"": 0.9697020880278909, ""fcf_yield"": 0.036031211147785756, ""yield_threshold"": 0.0495, ""gs10"": 0.0495, ""residual_pct"": null, ""brake_values"": {""gm"": 1.0090231734531143, ""fcf_margin"": 1.0043755928484526, ""roic"": 1.0200732883784758}}",False,"{""floor"": false, ""mom_sector_pct"": 44.827586206896555, ""eps_rev_proxy"": null}"
DRI,940944,Darden Restaurants,Consumer Discretionary,Restaurants,Consumer Services,31.288158795345655,263887500.54744077,0.09310509489173557,-0.06823224492585644,0.018520080327381283,10.0,0.199230317545572,0.026501449223354265,0.08347671135655174,0.08358208955223881,0.07634215600805352,7,9,False,0.12919005107612413,0.03580420358021419,0.20302174719360527,0.07872287277929589,1.0190303850073723,0.9430519183134694,1.0486921152895066,,209.88999938964844,114077969.0,23943824843.782333,31268024843.782333,9531700000.0,7324200000.0,13210900000.0,1582800000.0,1119100000.0,1040000000.0,2143900000.0,1206700000.0,1383439694.6564887,0.12595419847328243,0.14514091868779846,19.754880492660053,30.06540850363686,0.033260815327988476,19.8424006329513,0.9274053202950194,3.41629740193106,1658200000.0,14300000.0,0.1754671254865344,5.0,0.13840184032253378,0.13895180613002628,77.3076923076923,1.0500767465406278,1.1501576004317589,260.0,[],True,1.0,ig,Consumer Services,58.333333333333336,53.84615384615385,60.0,61.53846153846154,80.76923076923077,30.76923076923077,22.222222222222214,38.46153846153846,54.54545454545454,1.0,32.695456317820614,"{'profitability': 50.5, 'growth': 64.9, 'balance': 0.0, 'stability': 82.4}",29.85003947019142,False,0.23976398178939595,23.655870540724806,,31.272747894006017,,False,"{""floor"": false, ""depressed_arms"": {""self_pct"": false, ""self_z"": false, ""median_ratio"": false}, ""yield_arm"": false, ""residual_arm"": false, ""brakes"": {""gm"": true, ""fcf_margin"": false, ""roic"": true}, ""self_pct"": 77.3076923076923, ""self_z"": 1.0500767465406278, ""median_ratio"": 1.1501576004317589, ""fcf_yield"": 0.033260815327988476, ""yield_threshold"": 0.0495, ""gs10"": 0.0495, ""residual_pct"": null, ""brake_values"": {""gm"": 1.0190303850073723, ""fcf_margin"": 0.9430519183134694, ""roic"": 1.0486921152895066}}",False,"{""floor"": false, ""mom_sector_pct"": 54.54545454545454, ""eps_rev_proxy"": null}"
LYB,1489393,LyondellBasell,Materials,Specialty Chemicals,Materials,14.020533880903491,262585646.0781632,0.2148723965110766,-0.19178848690220085,0.22606615783107253,10.0,0.13850326933221963,0.24168704280304712,0.07422233037564255,0.0824364234603873,0.5846947696839863,5,9,True,0.022373159046871427,-0.4911011636856222,0.12759681969735825,0.04731982559630674,0.9212549300283973,0.6375416314311203,0.37137761176619855,gm_derived,63.689998626708984,323037952.0,20574286719.254883,22738286719.254883,12835000000.0,2164000000.0,31192000000.0,963000000.0,1578000000.0,1476000000.0,2387000000.0,,797460525.1644281,0.17189976618439448,0.06213171212812062,23.611928057377863,15.405343305728241,0.06491254236626881,,,0.902806870548806,705000000.0,450000000.0,0.08998831320607713,9.0,0.16730063999451789,0.16613580599496441,73.84615384615385,0.3705571473774683,1.6873495231434894,260.0,['fcf_cagr5 gate'],False,0.9,ig,Materials,75.0,57.14285714285714,7.142857142857142,92.85714285714286,71.42857142857143,,63.63636363636363,50.0,64.28571428571429,1.0,9.660521240809842,"{'profitability': 25.0, 'growth': 9.3, 'balance': 69.9, 'stability': 28.6}",44.14042937654732,False,-0.6379129147883531,29.155026451142458,,26.90047530867858,,False,"{""floor"": false, ""depressed_arms"": {""self_pct"": false, ""self_z"": false, ""median_ratio"": false}, ""yield_arm"": true, ""residual_arm"": false, ""brakes"": {""gm"": false, ""fcf_margin"": false, ""roic"": false}, ""self_pct"": 73.84615384615385, ""self_z"": 0.3705571473774683, ""median_ratio"": 1.6873495231434894, ""fcf_yield"": 0.06491254236626881, ""yield_threshold"": 0.0495, ""gs10"": 0.0495, ""residual_pct"": null, ""brake_values"": {""gm"": 0.9212549300283973, ""fcf_margin"": 0.6375416314311203, ""roic"": 0.37137761176619855}}",False,"{""floor"": false, ""mom_sector_pct"": 64.28571428571429, ""eps_rev_proxy"": null}"
HUBB,48898,Hubbell Incorporated,Industrials,Industrial Machinery & Supplies & Components,Capital Goods,2.9048596851471595,259655313.19691867,0.17968654887969238,-0.16246669050146345,0.06535269006305522,10.0,0.3226087042960694,0.09651001475307312,0.12101790171610449,0.1281617003852668,0.2609000632934075,7,9,False,0.0967872864810233,0.1095693576106167,0.35469721985957536,0.14614499424626007,1.0994657463862387,1.2076312031016794,1.024602046259495,,460.3999938964844,52841777.0,24328353808.27939,26616853808.27939,6057100000.0,2288500000.0,5996100000.0,1233600000.0,909300000.0,876300000.0,1453200000.0,905700000.0,981904755.1954913,0.20403311025008805,0.16210806412235085,21.576567613715458,30.374134210064348,0.03292274910896568,26.861382144506337,1.0039748261013581,1.5675061932287366,3059600000.0,53600000.0,0.513975334731142,7.0,0.15821563573307046,0.16319224184556783,39.23076923076923,-0.2857128272347077,0.9702539752939316,260.0,[],True,1.0,ig,Capital Goods,60.526315789473685,69.04761904761905,39.39393939393939,53.57142857142857,63.95348837209303,35.0,50.0,50.0,52.307692307692314,1.0,44.073380897591186,"{'profitability': 66.2, 'growth': 86.0, 'balance': 47.7, 'stability': 66.2}",47.3768247326897,False,0.10459188386158846,27.357740739127372,,45.725102815140446,,False,"{""floor"": false, ""depressed_arms"": {""self_pct"": false, ""self_z"": false, ""median_ratio"": false}, ""yield_arm"": false, ""residual_arm"": false, ""brakes"": {""gm"": true, ""fcf_margin"": true, ""roic"": true}, ""self_pct"": 39.23076923076923, ""self_z"": -0.2857128272347077, ""median_ratio"": 0.9702539752939316, ""fcf_yield"": 0.03292274910896568, ""yield_threshold"": 0.0495, ""gs10"": 0.0495, ""residual_pct"": null, ""brake_values"": {""gm"": 1.0994657463862387, ""fcf_margin"": 1.2076312031016794, ""roic"": 1.024602046259495}}",False,"{""floor"": false, ""mom_sector_pct"": 52.307692307692314, ""eps_rev_proxy"": null}"
CDW,1402057,CDW Corporation,Information Technology,Technology Distributors,Technology Hardware and Equipment,6.973305954825462,258621208.29052287,-0.1382154147779724,-0.04531512721056885,-0.04485027212265913,10.0,0.20457650910546005,0.09013765605118493,,,0.22242613210496784,7,9,False,0.03958829916272788,,0.21360061956392232,0.036603632278599516,1.0441111762925346,,0.9499696367135091,sbc_unreported,153.7899932861328,125017426.0,19226429105.189606,24861829105.189606,8077500000.0,5635400000.0,23500400000.0,1678600000.0,860200000.0,860200000.0,1976200000.0,1080300000.0,1250269980.6949806,0.25517098731384447,0.15478427492355068,14.811050342660316,28.90238212647013,0.03459922423086899,17.797305475506437,0.7962602980653523,2.851634449954458,4652100000.0,1186400000.0,0.722810275456515,10.0,0.16293602336495558,0.16188756039143823,81.53846153846153,0.6936425302329347,1.1530339113063526,260.0,['fcf_cagr5 gate'],False,0.9,ig,Technology Hardware and Equipment,40.0,,15.789473684210526,85.0,62.5,15.0,5.26315789473685,85.0,20.33898305084746,1.0,20.480007642618073,"{'profitability': 46.0, 'growth': 33.0, 'balance': 4.9, 'stability': 68.8}",43.04643393592737,False,-0.20434571342936758,35.45519305003557,,31.763220789272722,,False,"{""floor"": false, ""depressed_arms"": {""self_pct"": false, ""self_z"": false, ""median_ratio"": false}, ""yield_arm"": false, ""residual_arm"": false, ""brakes"": {""gm"": true, ""fcf_margin"": false, ""roic"": true}, ""self_pct"": 81.53846153846153, ""self_z"": 0.6936425302329347, ""median_ratio"": 1.1530339113063526, ""fcf_yield"": 0.03459922423086899, ""yield_threshold"": 0.0495, ""gs10"": 0.0495, ""residual_pct"": null, ""brake_values"": {""gm"": 1.0441111762925346, ""fcf_margin"": null, ""roic"": 0.9499696367135091}}",False,"{""floor"": false, ""mom_sector_pct"": 20.33898305084746, ""eps_rev_proxy"": null}"
EFX,33185,Equifax,Industrials,Research & Consulting Services,Commercial and Professional Services,29.234770704996578,258532703.8939857,-0.28823384406127817,-0.336393730063278,-0.332949526003569,9.0,,,0.11303810284598677,0.12874267307387655,0.49393722693805325,9,9,False,0.08035053389890412,0.16662229501691672,,0.15714174877802778,,1.3901661901751108,1.0331362387307905,gm_derived,169.0,117484896.0,19854947424.0,25170147424.0,9695400000.0,5315200000.0,6444500000.0,1150400000.0,1105000000.0,1012700000.0,1897800000.0,691400000.0,851337570.4113083,0.25996386438516317,0.08780840093356729,21.879474464534074,24.854495333267504,0.04023417038210829,28.717019704946484,1.5982065374602257,2.7911265676045947,6792800000.0,1319000000.0,0.8366648101161376,1.0,0.08499208298165985,0.08393549212194472,6.538461538461539,-0.42410965587411636,0.44436871888821755,260.0,[],True,0.9,ig,Commercial and Professional Services,10.0,36.36363636363637,,9.090909090909092,18.181818181818183,100.0,0.0,27.272727272727266,10.76923076923077,1.0,30.735562541316504,"{'profitability': 46.7, 'growth': 83.5, 'balance': 7.0, 'stability': 67.1}",52.085402629784,False,0.05902448436873309,23.429927320651913,,41.410482585550255,,False,"{""floor"": false, ""depressed_arms"": {""self_pct"": true, ""self_z"": false, ""median_ratio"": true}, ""yield_arm"": false, ""residual_arm"": false, ""brakes"": {""gm"": false, ""fcf_margin"": true, ""roic"": true}, ""self_pct"": 6.538461538461539, ""self_z"": -0.42410965587411636, ""median_ratio"": 0.44436871888821755, ""fcf_yield"": 0.04023417038210829, ""yield_threshold"": 0.0495, ""gs10"": 0.0495, ""residual_pct"": null, ""brake_values"": {""gm"": null, ""fcf_margin"": 1.3901661901751108, ""roic"": 1.0331362387307905}}",False,"{""floor"": false, ""mom_sector_pct"": 10.76923076923077, ""eps_rev_proxy"": null}"
JBHT,728535,J.B. Hunt,Industrials,Cargo Ground Transportation,Transportation,11.203285420944558,257324653.55755615,1.044510615440828,-0.0703607443906561,0.976825775965102,9.0,,,0.026334025632322157,0.01765488726364615,0.9249098121711721,6,9,False,0.044828913865963216,,,0.08093590346192636,,3.0734345212524716,0.945199508543824,,270.45001220703125,93914939.0,25399296398.972595,26794171398.972595,5051990000.0,1394875000.0,12701310000.0,955615000.0,1099722000.0,1027992000.0,1673964000.0,674505000.0,724336865.9481363,0.24202020065807217,0.14337654388629753,28.0386676632039,26.064571902283866,0.03836625453696313,37.656201805728045,1.6304134142815843,0.8332765818141847,134057000.0,76300000.0,0.041638443464852466,10.0,0.1516891858176944,0.13459619356978,7.246376811594203,-0.24468080218274232,0.4796256953988692,207.0,['fcf_cagr5 gate'],False,0.9,ig,Transportation,45.45454545454545,11.11111111111111,,100.0,40.909090909090914,90.9090909090909,77.77777777777777,0.0,96.92307692307692,1.0,21.220654660630508,"{'profitability': 37.2, 'growth': 37.4, 'balance': 72.2, 'stability': 44.4}",42.676543027755606,False,-0.051639485680241126,27.445891360213857,,31.948598844193057,,False,"{""floor"": false, ""depressed_arms"": {""self_pct"": true, ""self_z"": false, ""median_ratio"": true}, ""yield_arm"": false, ""residual_arm"": false, ""brakes"": {""gm"": false, ""fcf_margin"": true, ""roic"": true}, ""self_pct"": 7.246376811594203, ""self_z"": -0.24468080218274232, ""median_ratio"": 0.4796256953988692, ""fcf_yield"": 0.03836625453696313, ""yield_threshold"": 0.0495, ""gs10"": 0.0495, ""residual_pct"": null, ""brake_values"": {""gm"": null, ""fcf_margin"": 3.0734345212524716, ""roic"": 0.945199508543824}}",False,"{""floor"": false, ""mom_sector_pct"": 96.92307692307692, ""eps_rev_proxy"": null}"
OTIS,1781335,Otis Worldwide,Industrials,Industrial Machinery & Supplies & Components,Capital Goods,6.444900752908967,257066063.89181286,-0.16690974498741762,-0.24527840429993586,-0.2074000065108702,8.0,,,0.09961699690981714,0.10028854951087339,0.03984593914185232,5,7,False,0.024982341114742734,0.02170482285634856,,0.10978472268794849,,1.1020681820727456,0.6786936334858221,,69.0999984741211,380669339.0,26304250744.044685,34683250744.044685,2631000000.0,8379000000.0,14911000000.0,2289000000.0,1712000000.0,1637000000.0,2461000000.0,1516000000.0,1741582449.3731918,0.2391513982642237,0.6619469590928133,15.152140997835161,21.18708047895216,0.04719857466881423,17.351088881295965,1.129287598944591,3.328321820398212,1794000000.0,7000000.0,0.6845305967312809,6.0,0.9753251341006447,1.0305594912483578,0.38461538461538464,-2.1907914319434987,0.6833651637446473,260.0,[],True,0.9,ig,Capital Goods,100.0,47.61904761904761,,45.23809523809524,15.11627906976744,45.0,13.157894736842096,83.33333333333334,16.923076923076923,1.0,26.51022148025381,"{'profitability': 70.1, 'growth': 19.5, 'balance': 0.0, 'stability': 78.3}",77.82623906731094,False,-0.29606478255645596,28.48724283099106,,52.16823027378237,,False,"{""floor"": false, ""depressed_arms"": {""self_pct"": true, ""self_z"": true, ""median_ratio"": true}, ""yield_arm"": false, ""residual_arm"": false, ""brakes"": {""gm"": false, ""fcf_margin"": true, ""roic"": false}, ""self_pct"": 0.38461538461538464, ""self_z"": -2.1907914319434987, ""median_ratio"": 0.6833651637446473, ""fcf_yield"": 0.04719857466881423, ""yield_threshold"": 0.0495, ""gs10"": 0.0495, ""residual_pct"": null, ""brake_values"": {""gm"": null, ""fcf_margin"": 1.1020681820727456, ""roic"": 0.6786936334858221}}",False,"{""floor"": false, ""mom_sector_pct"": 16.923076923076923, ""eps_rev_proxy"": null}"
WAB,943452,Wabtec,Industrials,Construction Machinery & Heavy Transportation Equipment,Capital Goods,7.542778918548939,252513279.2428617,0.5893836106908232,-0.06276911592178591,0.5069556146827188,10.0,0.3151459767033983,0.04788649358649496,0.11869470857543607,0.11467655331117362,0.2562618698468932,8,9,False,0.08125695343398509,0.18262028879515158,0.34974958263772954,0.1352253756260434,1.1098018330943145,1.1392704632667032,1.2358625124569798,,283.2200012207031,168910851.0,47838931426.41,53769931426.41,17145000000.0,5931000000.0,11980000000.0,1964000000.0,1714000000.0,1620000000.0,2495000000.0,1269000000.0,1471558426.3065178,0.2507339988256019,0.08583017942878494,27.37776549206212,33.19131569531482,0.030128362767528283,37.69813351174941,1.350669818754925,2.3651302605210422,10603000000.0,3225000000.0,0.8065325167687373,3.0,0.0694496180308509,0.06845030014714407,70.76923076923077,0.9905146635082339,1.248814308691688,260.0,[],True,1.0,ig,Capital Goods,13.157894736842104,66.66666666666666,36.36363636363637,27.380952380952383,63.95348837209303,72.5,26.31578947368422,30.95238095238095,90.76923076923077,1.0,36.51947153544143,"{'profitability': 40.0, 'growth': 83.9, 'balance': 21.2, 'stability': 76.8}",29.490889782639442,False,0.21181655436615587,26.85552874093914,,33.005180659040434,,False,"{""floor"": false, ""depressed_arms"": {""self_pct"": false, ""self_z"": false, ""median_ratio"": false}, ""yield_arm"": false, ""residual_arm"": false, ""brakes"": {""gm"": true, ""fcf_margin"": true, ""roic"": true}, ""self_pct"": 70.76923076923077, ""self_z"": 0.9905146635082339, ""median_ratio"": 1.248814308691688, ""fcf_yield"": 0.030128362767528283, ""yield_threshold"": 0.0495, ""gs10"": 0.0495, ""residual_pct"": null, ""brake_values"": {""gm"": 1.1098018330943145, ""fcf_margin"": 1.1392704632667032, ""roic"": 1.2358625124569798}}",False,"{""floor"": false, ""mom_sector_pct"": 90.76923076923077, ""eps_rev_proxy"": null}"
WSM,719955,"Williams-Sonoma, Inc.",Consumer Discretionary,Homefurnishing Retail,Consumer Discretionary Distribution and Retail,1.4729637234770705,247862059.44805652,0.24387894573547908,-0.10147749295270359,0.16484281168317882,10.0,0.4433456988056802,0.038490248614738834,0.12706312368603515,0.1272614776539619,0.22871553051075788,7,9,False,0.02850878391314704,-0.009193537164358001,0.4719449564755515,0.1527035825410523,1.064507804512177,1.2017930782055468,0.9687432205568355,,226.22999572753906,117779173.0,26645181804.583084,27151464804.583084,2647197000.0,506283000.0,8005156000.0,1537433000.0,1343494000.0,1222416000.0,1768400000.0,1178646000.0,1150976245.328662,0.25136494056738606,0.4347905521684491,17.660258889059286,22.21131333734431,0.04502210134142228,22.60660266490794,1.1398621808414062,0.2862943904094096,77369000.0,,0.029226763251847143,10.0,0.44881919474856363,0.41981016915734803,76.15384615384615,1.7785683325189043,3.147052788899682,260.0,[],True,1.0,ig,Consumer Discretionary Distribution and Retail,87.5,87.5,77.77777777777779,93.75,55.55555555555556,88.88888888888889,75.0,22.222222222222214,69.6969696969697,1.0,44.81132574627202,"{'profitability': 75.5, 'growth': 11.9, 'balance': 90.5, 'stability': 73.6}",28.839963735760016,False,-0.2686455054281227,29.056647138684067,,36.82564474101602,,False,"{""floor"": false, ""depressed_arms"": {""self_pct"": false, ""self_z"": false, ""median_ratio"": false}, ""yield_arm"": false, ""residual_arm"": false, ""brakes"": {""gm"": true, ""fcf_margin"": true, ""roic"": true}, ""self_pct"": 76.15384615384615, ""self_z"": 1.7785683325189043, ""median_ratio"": 3.147052788899682, ""fcf_yield"": 0.04502210134142228, ""yield_threshold"": 0.0495, ""gs10"": 0.0495, ""residual_pct"": null, ""brake_values"": {""gm"": 1.064507804512177, ""fcf_margin"": 1.2017930782055468, ""roic"": 0.9687432205568355}}",False,"{""floor"": false, ""mom_sector_pct"": 69.6969696969697, ""eps_rev_proxy"": null}"
GRMN,1121788,Garmin,Consumer Discretionary,Consumer Electronics,Consumer Durables and Apparel,13.752224503764545,245639776.14705905,0.31934357952271863,-0.08725075130959992,0.20690843149597637,10.0,0.5813631200164734,0.008753557192912046,0.15319511106563782,0.1651931352329626,0.3194510232230973,8,9,False,0.11594339557461586,0.0748829109184983,0.5913854255189874,0.17149244450863482,1.0172393211014659,1.1194381029245597,1.077267798842685,,282.6700134277344,192856206.0,54514666339.64191,52193355339.64191,6949713000.0,-2321311000.0,7463909000.0,1974917000.0,1451558000.0,1280004000.0,2162851000.0,1736196000.0,1634349798.2026572,0.1724463366295104,0.2351679555979732,26.428126012203,40.775931434309506,0.02452427117725101,31.39891253040665,0.8360565281799981,-1.0732644088751375,750633000.0,,0.10800920843781607,10.0,0.21830036677102527,0.23261318568123762,80.0,0.5939042506675801,1.2512405339049233,260.0,[],True,1.0,ig,Consumer Durables and Apparel,62.5,100.0,62.5,100.0,70.0,11.11111111111111,60.0,22.222222222222214,84.84848484848484,1.0,67.56232686572459,"{'profitability': 83.0, 'growth': 79.5, 'balance': 100.0, 'stability': 77.6}",21.690614686508635,True,0.3550635317902948,28.58918386409918,65.38461538461539,44.62647077611661,3.0,False,"{""floor"": true, ""depressed_arms"": {""self_pct"": false, ""self_z"": false, ""median_ratio"": false}, ""yield_arm"": false, ""residual_arm"": false, ""brakes"": {""gm"": true, ""fcf_margin"": true, ""roic"": true}, ""self_pct"": 80.0, ""self_z"": 0.5939042506675801, ""median_ratio"": 1.2512405339049233, ""fcf_yield"": 0.02452427117725101, ""yield_threshold"": 0.0495, ""gs10"": 0.0495, ""residual_pct"": 65.38461538461539, ""brake_values"": {""gm"": 1.0172393211014659, ""fcf_margin"": 1.1194381029245597, ""roic"": 1.077267798842685}}",False,"{""floor"": true, ""mom_sector_pct"": 84.84848484848484, ""eps_rev_proxy"": 3.0}"
RL,1037038,Ralph Lauren Corporation,Consumer Discretionary,"Apparel, Accessories & Luxury Goods",Consumer Durables and Apparel,19.61122518822724,240995129.85681152,0.2474304313124529,-0.17697188077015158,0.0876045607874314,9.0,0.6731908040771881,0.026368850272516644,0.08590061516048361,0.0982996116029336,0.4852857448309943,6,9,False,0.13017585944048937,0.16038850681605243,0.702688146304098,0.09170337035618537,1.0438172091006872,1.0675519632177344,1.3061640378337958,shares_was_proxy,339.0899963378906,60100000.0,20379308779.907227,21441608779.907227,3783900000.0,1062300000.0,8355200000.0,1248000000.0,880800000.0,766200000.0,1484400000.0,982900000.0,987727836.3797407,0.20855141315725903,0.2610343392742252,17.1807762659513,27.98434975190189,0.03573425892920872,20.733857747387553,0.8961237155356598,0.715642683912692,899500000.0,93300000.0,0.2623747984883321,7.0,0.19984805255175828,0.190698964556656,73.68421052631578,0.022485942053200734,1.7393151947516345,247.0,[],True,1.0,ig,Consumer Durables and Apparel,50.0,50.0,75.0,72.22222222222221,25.0,22.22222222222222,30.0,33.33333333333334,72.72727272727273,1.0,44.7223404939789,"{'profitability': 66.0, 'growth': 100.0, 'balance': 76.1, 'stability': 56.4}",30.720277678762614,False,-0.019395721995978832,28.532424389823518,,37.72130908637075,,False,"{""floor"": false, ""depressed_arms"": {""self_pct"": false, ""self_z"": false, ""median_ratio"": false}, ""yield_arm"": false, ""residual_arm"": false, ""brakes"": {""gm"": true, ""fcf_margin"": true, ""roic"": true}, ""self_pct"": 73.68421052631578, ""self_z"": 0.022485942053200734, ""median_ratio"": 1.7393151947516345, ""fcf_yield"": 0.03573425892920872, ""yield_threshold"": 0.0495, ""gs10"": 0.0495, ""residual_pct"": null, ""brake_values"": {""gm"": 1.0438172091006872, ""fcf_margin"": 1.0675519632177344, ""roic"": 1.3061640378337958}}",False,"{""floor"": false, ""mom_sector_pct"": 72.72727272727273, ""eps_rev_proxy"": null}"
PODD,1145197,Insulet Corporation,Health Care,Health Care Equipment,Health Care Equipment and Services,3.4989733059548254,240959606.9433798,-0.5806074174912386,-0.6033663905255535,-0.6139036597074838,3.0,0.6798617974467656,0.049304298760763844,0.002716455016479327,0.01278651817806847,1.7933526908063109,9,9,False,0.2452622671955278,,0.7107486736097465,0.07067531276609682,1.0454311100858693,26.01747952288783,1.4667004300967132,,131.9600067138672,69354199.0,9151980565.674881,10056480565.674881,2326700000.0,904500000.0,3053400000.0,515700000.0,293700000.0,215800000.0,615000000.0,375300000.0,391231473.620376,0.24135839902971498,0.16814865415411354,19.500641003829514,46.60092940535163,0.021458799486629133,24.385772890154225,0.7825739408473221,1.4707317073170731,51600000.0,115100000.0,0.07164653801521469,3.0,0.11464417048205675,0.13872106706596404,,,,,"['mktcap<10B', 'fcf_cagr5 gate']",False,0.9,ig,Health Care Equipment and Services,50.0,3.3333333333333335,78.26086956521739,43.103448275862064,4.838709677419355,13.793103448275861,53.57142857142857,56.666666666666664,2.380952380952381,1.0,42.17327042656028,"{'profitability': 37.2, 'growth': 100.0, 'balance': 51.0, 'stability': 70.1}",,False,0.6145386421850527,25.205994496351472,,,,False,"{""floor"": false, ""depressed_arms"": {""self_pct"": false, ""self_z"": false, ""median_ratio"": false}, ""yield_arm"": false, ""residual_arm"": false, ""brakes"": {""gm"": true, ""fcf_margin"": true, ""roic"": true}, ""self_pct"": null, ""self_z"": null, ""median_ratio"": null, ""fcf_yield"": 0.021458799486629133, ""yield_threshold"": 0.0495, ""gs10"": 0.0495, ""residual_pct"": null, ""brake_values"": {""gm"": 1.0454311100858693, ""fcf_margin"": 26.01747952288783, ""roic"": 1.4667004300967132}}",False,"{""floor"": false, ""mom_sector_pct"": 2.380952380952381, ""eps_rev_proxy"": null}"
FFIV,1048695,"F5, Inc.",Information Technology,Communications Equipment,Technology Hardware and Equipment,15.731690622861054,235374026.68172985,0.2534584990080626,-0.04340254782309039,0.27991411778758146,10.0,0.8031229335139299,0.0109350533114446,0.14842066001746476,0.14260725139585836,0.2540876570316046,9,9,False,0.05607201474998624,0.08566473257280083,0.8186552452277378,0.2172075814696138,1.0193398931416997,1.4634592073910386,1.4258809432378443,,411.7099914550781,56627182.0,23313976617.345154,21960574617.345154,2502327000.0,-1353402000.0,3309332000.0,812125000.0,969595000.0,718812000.0,909529000.0,726510000.0,691366409.872429,0.14869458535024907,0.27628939378124,27.04087993516411,30.55120757214008,0.03273193040369079,32.0903726271423,1.3345927791771621,-1.4880251206943373,2482495000.0,69552000.0,1.0198695054643139,7.0,0.19376750568939577,0.1685951130117355,64.23076923076924,0.31569142725596716,1.0928386080393213,260.0,[],True,1.0,ig,Technology Hardware and Equipment,45.0,66.66666666666666,100.0,45.0,62.5,75.0,94.73684210526316,55.0,52.54237288135594,1.0,65.50083399016017,"{'profitability': 70.7, 'growth': 59.1, 'balance': 100.0, 'stability': 86.2}",39.90291245444057,True,-0.15276527652949712,35.593729656329366,34.61538461538461,52.70187322230037,4.0,False,"{""floor"": true, ""depressed_arms"": {""self_pct"": false, ""self_z"": false, ""median_ratio"": false}, ""yield_arm"": false, ""residual_arm"": false, ""brakes"": {""gm"": true, ""fcf_margin"": true, ""roic"": true}, ""self_pct"": 64.23076923076924, ""self_z"": 0.31569142725596716, ""median_ratio"": 1.0928386080393213, ""fcf_yield"": 0.03273193040369079, ""yield_threshold"": 0.0495, ""gs10"": 0.0495, ""residual_pct"": 34.61538461538461, ""brake_values"": {""gm"": 1.0193398931416997, ""fcf_margin"": 1.4634592073910386, ""roic"": 1.4258809432378443}}",False,"{""floor"": true, ""mom_sector_pct"": 52.54237288135594, ""eps_rev_proxy"": 4.0}"
DOV,29905,Dover Corporation,Industrials,Industrial Machinery & Supplies & Components,Capital Goods,40.86789869952088,234871891.4573113,0.20613338002922066,-0.18369612755801978,0.10408869723375891,10.0,0.37974150854078975,0.02567880190192772,0.1114150229008857,0.11550267412209385,0.21983569557604066,6,9,False,0.03899422656407947,0.03543843341733166,0.39583429328486786,0.134880038914258,1.0423782609541867,1.2106090848650337,0.9263727451476361,,189.0500030517578,134680225.0,25461296947.26143,27903585947.26143,10146293000.0,2442289000.0,8420564000.0,1420151000.0,1176629000.0,1135766000.0,1812160000.0,1134750000.0,1153085118.1254156,0.18805456734853157,0.11364595110011268,19.648323274962614,24.56807647637051,0.040703227253537595,22.437802993841313,1.03690592641551,1.3477226072752957,5376664000.0,1642611000.0,0.6918068500485842,8.0,0.12267842690255412,0.11219282785095125,5.384615384615385,-0.8921378106126597,0.8535606594412379,260.0,[],True,1.0,ig,Capital Goods,34.21052631578947,61.904761904761905,66.66666666666666,61.904761904761905,63.95348837209303,37.5,63.15789473684211,61.904761904761905,56.92307692307692,1.0,32.295686537700924,"{'profitability': 51.1, 'growth': 31.0, 'balance': 55.1, 'stability': 69.8}",63.28239674748985,False,-0.10182709068819529,27.20157800929216,,47.789041642595386,,False,"{""floor"": false, ""depressed_arms"": {""self_pct"": true, ""self_z"": false, ""median_ratio"": false}, ""yield_arm"": false, ""residual_arm"": false, ""brakes"": {""gm"": true, ""fcf_margin"": true, ""roic"": true}, ""self_pct"": 5.384615384615385, ""self_z"": -0.8921378106126597, ""median_ratio"": 0.8535606594412379, ""fcf_yield"": 0.040703227253537595, ""yield_threshold"": 0.0495, ""gs10"": 0.0495, ""residual_pct"": null, ""brake_values"": {""gm"": 1.0423782609541867, ""fcf_margin"": 1.2106090848650337, ""roic"": 0.9263727451476361}}",False,"{""floor"": false, ""mom_sector_pct"": 56.92307692307692, ""eps_rev_proxy"": null}"
DECK,910521,Deckers Brands,Consumer Discretionary,Footwear,Consumer Durables and Apparel,2.48870636550308,231559573.00366282,-0.214430410650712,-0.31900453211876745,-0.3141772435184269,10.0,0.5451392780020936,0.059427068706471076,0.1473557935506418,0.1846130424910723,0.5143436801086595,9,9,False,0.1653985803329907,0.14238355335082042,0.5780379857105354,0.1937606302113025,1.0603491787071624,1.3149169472234747,,,81.2699966430664,136414227.0,11086383770.356499,9935650770.356499,1150949000.0,-1150733000.0,5527289000.0,1252917000.0,1117808000.0,1070971000.0,1326979000.0,1014840000.0,,,,7.930015132970898,9.277236050608746,0.10779072501172188,10.92426763859968,1.1014622994757794,-0.8714342879578351,13990000.0,15699000.0,0.02579523506254404,,,,56.15384615384615,0.2960400061629499,1.5586170241831265,260.0,[],True,0.8,ig,Consumer Durables and Apparel,,90.0,37.5,,70.0,44.44444444444444,50.0,77.77777777777777,21.21212121212121,1.0,61.832579062904,"{'profitability': 73.8, 'growth': 100.0, 'balance': 100.0, 'stability': 69.1}",69.66666666666667,True,,,,65.74962286478534,-5.0,False,"{""floor"": true, ""depressed_arms"": {""self_pct"": false, ""self_z"": false, ""median_ratio"": false}, ""yield_arm"": true, ""residual_arm"": false, ""brakes"": {""gm"": true, ""fcf_margin"": true, ""roic"": false}, ""self_pct"": 56.15384615384615, ""self_z"": 0.2960400061629499, ""median_ratio"": 1.5586170241831265, ""fcf_yield"": 0.10779072501172188, ""yield_threshold"": 0.0495, ""gs10"": 0.0495, ""residual_pct"": null, ""brake_values"": {""gm"": 1.0603491787071624, ""fcf_margin"": 1.3149169472234747, ""roic"": null}}",False,"{""floor"": true, ""mom_sector_pct"": 21.21212121212121, ""eps_rev_proxy"": -5.0}"
SW,2005951,Smurfit Westrock,Materials,Paper & Plastic Packaging Products & Materials,Materials,2.1820670773442847,231532503.7851588,0.14550238801009452,-0.13688004979797186,0.00525105803278425,4.0,0.22182461030700198,0.11662156791952011,0.025978773487826887,0.03311503482748247,0.7169034564478736,2,3,False,,,0.17933984549575432,0.028730128327906532,0.8084758731123234,1.1059078035908383,,,43.220001220703125,524522908.0,22669880724.046753,36884880724.04675,32251000000.0,14215000000.0,31326000000.0,1477000000.0,1015000000.0,900000000.0,4217000000.0,497000000.0,1009181189.4882435,0.31673582295988933,0.03129146970600116,24.972837321629488,40.98320080449639,0.024400241571426673,45.61344210069769,2.0422535211267605,3.3651885226464313,7175000000.0,1021000000.0,0.2541316548324083,0.0,,,,,,,"['rev_cagr5 gate', 'fcf_cagr5 gate']",False,0.8,ig,Materials,,14.285714285714285,35.714285714285715,14.285714285714285,14.285714285714285,90.9090909090909,9.090909090909093,33.33333333333334,50.0,0.7,3.6187211712666842,"{'profitability': 13.6, 'growth': None, 'balance': 0.0, 'stability': 46.7}",,False,,,,,,False,"{""floor"": false, ""depressed_arms"": {""self_pct"": false, ""self_z"": false, ""median_ratio"": false}, ""yield_arm"": false, ""residual_arm"": false, ""brakes"": {""gm"": false, ""fcf_margin"": true, ""roic"": false}, ""self_pct"": null, ""self_z"": null, ""median_ratio"": null, ""fcf_yield"": 0.024400241571426673, ""yield_threshold"": 0.0495, ""gs10"": 0.0495, ""residual_pct"": null, ""brake_values"": {""gm"": 0.8084758731123234, ""fcf_margin"": 1.1059078035908383, ""roic"": null}}",False,"{""floor"": false, ""mom_sector_pct"": 50.0, ""eps_rev_proxy"": null}"
WST,105770,West Pharmaceutical Services,Health Care,Health Care Supplies,Health Care Equipment and Services,6.310746064339494,229787377.78496376,0.38268278955994206,-0.05272551097981959,0.3700596961340161,10.0,0.3791735860692516,0.06548686709520675,0.12279722051539388,0.13261916062105905,0.18545619442774117,8,9,False,0.07443769129295252,0.0948223416998002,0.3678610075748467,0.12152819526271492,0.9701651726016094,0.9896656842284157,0.8469307175296453,,346.2300109863281,70375762.0,24366200850.431213,24238400850.431213,2862400000.0,-127800000.0,3326800000.0,680400000.0,436900000.0,404300000.0,861800000.0,564900000.0,538944290.6574394,0.20790080738177624,0.18828405906143075,35.62375198476075,59.9515232511284,0.016680143318646673,43.133653479255116,0.7734112232253496,-0.14829426781155722,108700000.0,17700000.0,0.044158747903856904,4.0,0.2223134137944881,0.21302831719844637,40.38461538461539,-0.1688343160144498,0.9546616909367335,260.0,[],True,1.0,ig,Health Care Equipment and Services,82.14285714285714,70.0,30.434782608695656,53.44827586206896,59.67741935483871,10.344827586206897,75.0,6.666666666666671,78.57142857142857,1.0,62.66890964252944,"{'profitability': 71.4, 'growth': 70.5, 'balance': 100.0, 'stability': 78.6}",29.004042995594002,True,0.8515518895020713,25.58444118069017,85.8974358974359,45.836476319061724,6.0,False,"{""floor"": true, ""depressed_arms"": {""self_pct"": false, ""self_z"": false, ""median_ratio"": false}, ""yield_arm"": false, ""residual_arm"": false, ""brakes"": {""gm"": true, ""fcf_margin"": true, ""roic"": false}, ""self_pct"": 40.38461538461539, ""self_z"": -0.1688343160144498, ""median_ratio"": 0.9546616909367335, ""fcf_yield"": 0.016680143318646673, ""yield_threshold"": 0.0495, ""gs10"": 0.0495, ""residual_pct"": 85.8974358974359, ""brake_values"": {""gm"": 0.9701651726016094, ""fcf_margin"": 0.9896656842284157, ""roic"": 0.8469307175296453}}",False,"{""floor"": true, ""mom_sector_pct"": 78.57142857142857, ""eps_rev_proxy"": 6.0}"
LII,1069202,Lennox International,Industrials,Building Products,Capital Goods,1.7221081451060918,226498980.6465304,-0.21677948102187095,-0.3578583763447907,-0.3206558166273501,10.0,0.30665839290725294,0.08210446337006892,0.09592610265844886,0.09165255954793639,0.39394069815478294,6,9,False,0.07409513973577586,0.036527902202271534,0.3368709346114344,0.12012628856175586,1.0985218158151604,1.2522794654701372,-0.44321335464834877,,366.0400085449219,34799968.0,12738180584.083008,13206180584.083008,1681900000.0,468000000.0,5257800000.0,1063000000.0,660700000.0,631600000.0,,813100000.0,856700664.0896026,0.19407275250272574,0.5093648041438864,12.423500079099725,20.909088955166258,0.04782609142580161,15.666191838744322,0.8125691796826958,,503700000.0,274000000.0,0.4623937213865271,9.0,-1.1492541883085248,0.7421120276314146,3.076923076923077,-1.1868857739318284,0.5997280481973697,260.0,[],True,0.9,ig,Capital Goods,2.631578947368421,45.23809523809524,33.33333333333333,69.04761904761905,63.95348837209303,20.0,,95.23809523809524,12.307692307692308,0.7,32.59046833573243,"{'profitability': 68.3, 'growth': 46.1, 'balance': None, 'stability': 55.4}",77.2525893325024,False,,,,54.92152883411741,,False,"{""floor"": false, ""depressed_arms"": {""self_pct"": true, ""self_z"": true, ""median_ratio"": true}, ""yield_arm"": false, ""residual_arm"": false, ""brakes"": {""gm"": true, ""fcf_margin"": true, ""roic"": false}, ""self_pct"": 3.076923076923077, ""self_z"": -1.1868857739318284, ""median_ratio"": 0.5997280481973697, ""fcf_yield"": 0.04782609142580161, ""yield_threshold"": 0.0495, ""gs10"": 0.0495, ""residual_pct"": null, ""brake_values"": {""gm"": 1.0985218158151604, ""fcf_margin"": 1.2522794654701372, ""roic"": -0.44321335464834877}}",False,"{""floor"": false, ""mom_sector_pct"": 12.307692307692308, ""eps_rev_proxy"": null}"
LVS,1300514,Las Vegas Sands,Consumer Discretionary,Casinos & Gaming,Consumer Services,6.945927446954141,226260315.31746262,-0.11717104962663272,-0.36061482327088357,-0.18209894147945482,7.0,,,-0.033700289625769264,0.1383575324575555,2.640444568868794,6,9,False,0.34658172096858997,,,0.19221517603323857,,-5.703665403702029,2.865971209829829,,42.83000183105469,647701184.0,27741042896.69629,34521044896.69629,7361002000.0,6780002000.0,13719000000.0,2948000000.0,2703000000.0,2637000000.0,3025000000.0,1727000000.0,2458345004.269855,0.16609735269000853,0.33396879993645634,11.709988092502133,13.091029539892412,0.0763881860439388,16.063140067571677,1.5651418645049218,2.136860165289256,103000000.0,488000000.0,0.08028798253281279,7.0,0.11652901424515223,0.2122875295915281,0.6097560975609756,-0.4057288440077092,0.5680123548387965,164.0,['fcf_cagr5 gate'],False,0.9,ig,Consumer Services,50.0,23.076923076923077,,76.92307692307693,30.76923076923077,69.23076923076923,55.55555555555556,84.61538461538461,42.42424242424242,1.0,30.97777819720527,"{'profitability': 77.7, 'growth': 100.0, 'balance': 28.8, 'stability': 44.4}",85.46773786446369,False,-0.5878131359619028,23.56447694022826,,58.22275803083448,,False,"{""floor"": false, ""depressed_arms"": {""self_pct"": true, ""self_z"": false, ""median_ratio"": true}, ""yield_arm"": true, ""residual_arm"": false, ""brakes"": {""gm"": false, ""fcf_margin"": false, ""roic"": true}, ""self_pct"": 0.6097560975609756, ""self_z"": -0.4057288440077092, ""median_ratio"": 0.5680123548387965, ""fcf_yield"": 0.0763881860439388, ""yield_threshold"": 0.0495, ""gs10"": 0.0495, ""residual_pct"": null, ""brake_values"": {""gm"": null, ""fcf_margin"": -5.703665403702029, ""roic"": 2.865971209829829}}",False,"{""floor"": false, ""mom_sector_pct"": 42.42424242424242, ""eps_rev_proxy"": null}"
XYL,1524472,Xylem Inc.,Industrials,Industrial Machinery & Supplies & Components,Capital Goods,14.86652977412731,225378429.50873742,-0.14590215470912282,-0.28319773387697866,-0.2337736589676359,10.0,0.37725824070431696,0.013825168144425571,0.07755615633853155,0.06871265616512764,0.40858954143422394,8,9,False,0.1405593869282733,0.07259723371599303,0.39239535393381547,0.09938636861713784,1.0401240094881388,1.2814762013645664,,,106.95999908447266,233486812.0,24973749197.75644,27535749197.75644,12983000000.0,2562000000.0,9126000000.0,1321000000.0,960000000.0,907000000.0,1886000000.0,1018000000.0,,,,20.844624676575656,30.35915016290677,0.03293899844475271,24.532170135320666,0.9430255402750491,1.3568398727465536,8256000000.0,168000000.0,0.648848494184703,,,,1.5384615384615385,-0.5219723057770493,0.6513724274341194,260.0,[],True,0.8,ig,Capital Goods,,33.33333333333333,63.63636363636363,,63.95348837209303,30.0,60.526315789473685,57.142857142857146,18.461538461538463,1.0,37.40591575226252,"{'profitability': 27.5, 'growth': 80.2, 'balance': 54.8, 'stability': 72.6}",62.94122334294963,False,,,,50.17356954760608,,False,"{""floor"": false, ""depressed_arms"": {""self_pct"": true, ""self_z"": false, ""median_ratio"": true}, ""yield_arm"": false, ""residual_arm"": false, ""brakes"": {""gm"": true, ""fcf_margin"": true, ""roic"": false}, ""self_pct"": 1.5384615384615385, ""self_z"": -0.5219723057770493, ""median_ratio"": 0.6513724274341194, ""fcf_yield"": 0.03293899844475271, ""yield_threshold"": 0.0495, ""gs10"": 0.0495, ""residual_pct"": null, ""brake_values"": {""gm"": 1.0401240094881388, ""fcf_margin"": 1.2814762013645664, ""roic"": null}}",False,"{""floor"": false, ""mom_sector_pct"": 18.461538461538463, ""eps_rev_proxy"": null}"
ZBRA,877212,Zebra Technologies,Information Technology,Electronic Equipment & Instruments,Technology Hardware and Equipment,6.72416153319644,225037333.34234244,0.20271871460134117,-0.06937766154400837,0.12064609613647348,9.0,0.46980986097445443,0.02398001504640197,0.09756189472170244,0.12379540400296515,0.6639099010213969,7,9,False,0.03939693656763299,-0.014729232461778152,0.495809817000171,0.12485035060714897,1.055341443816843,1.2797040377627706,0.8657274000436184,,350.3699951171875,47310660.0,16576235713.190918,19381235713.190918,6240000000.0,2805000000.0,5847000000.0,858000000.0,904000000.0,730000000.0,1068000000.0,539000000.0,652273624.8236954,0.2397743300423131,0.10453102961918195,22.588852812576828,26.54963796327523,0.037665297032797564,30.75368406899985,1.6771799628942485,2.6264044943820224,4701000000.0,809000000.0,0.8830128205128205,5.0,0.12074358465946129,0.09327397055776941,47.008547008547005,-0.022262023735511834,0.9419738345648145,234.0,[],True,1.0,ig,Technology Hardware and Equipment,20.0,38.88888888888889,68.42105263157895,32.5,25.0,95.0,10.526315789473685,70.0,47.45762711864407,1.0,17.150793269964186,"{'profitability': 48.1, 'growth': 16.4, 'balance': 12.5, 'stability': 61.5}",51.79958910983927,False,-0.28250980608916976,35.21689424649489,,34.47519118990173,,False,"{""floor"": false, ""depressed_arms"": {""self_pct"": false, ""self_z"": false, ""median_ratio"": false}, ""yield_arm"": false, ""residual_arm"": false, ""brakes"": {""gm"": true, ""fcf_margin"": true, ""roic"": false}, ""self_pct"": 47.008547008547005, ""self_z"": -0.022262023735511834, ""median_ratio"": 0.9419738345648145, ""fcf_yield"": 0.037665297032797564, ""yield_threshold"": 0.0495, ""gs10"": 0.0495, ""residual_pct"": null, ""brake_values"": {""gm"": 1.055341443816843, ""fcf_margin"": 1.2797040377627706, ""roic"": 0.8657274000436184}}",False,"{""floor"": false, ""mom_sector_pct"": 47.45762711864407, ""eps_rev_proxy"": null}"
CRL,1100682,Charles River Laboratories,Health Care,Life Sciences Tools & Services,Pharmaceuticals Biotechnology and Life Sciences,5.333333333333333,218553521.9948148,0.8317089993521827,-0.05735286607188461,0.8200013792691849,10.0,,,0.09496074369946848,0.10659757347489092,0.21444085952020764,7,9,False,0.06549616324686203,0.0641150832577817,,0.07190420974111694,,0.7571993114194556,0.2182226519264275,gm_derived,278.260009765625,47738872.0,13283818988.919922,15220602988.919922,4776420000.0,1936784000.0,3998987000.0,90144000.0,370605000.0,287544000.0,388026000.0,-238458000.0,73634153.8625793,0.18314969534767375,0.015416180709104162,168.84765474041447,52.93312671771945,0.018891761397976294,,,4.97500167514548,3076851000.0,253174000.0,0.6971801056021036,3.0,0.07064427351154012,0.09347342300526175,75.76923076923077,0.8364742168133019,1.3074225478183128,260.0,[],True,0.8,ig,Pharmaceuticals Biotechnology and Life Sciences,18.181818181818183,9.090909090909092,,27.27272727272727,63.63636363636363,,9.090909090909093,0.0,97.61904761904762,1.0,16.6556562673617,"{'profitability': 18.2, 'growth': 54.0, 'balance': 0.0, 'stability': 70.9}",14.50086175272622,False,0.485407881011207,32.57748728733464,,15.57825901004396,,False,"{""floor"": false, ""depressed_arms"": {""self_pct"": false, ""self_z"": false, ""median_ratio"": false}, ""yield_arm"": false, ""residual_arm"": false, ""brakes"": {""gm"": false, ""fcf_margin"": false, ""roic"": false}, ""self_pct"": 75.76923076923077, ""self_z"": 0.8364742168133019, ""median_ratio"": 1.3074225478183128, ""fcf_yield"": 0.018891761397976294, ""yield_threshold"": 0.0495, ""gs10"": 0.0495, ""residual_pct"": null, ""brake_values"": {""gm"": null, ""fcf_margin"": 0.7571993114194556, ""roic"": 0.2182226519264275}}",False,"{""floor"": false, ""mom_sector_pct"": 97.61904761904762, ""eps_rev_proxy"": null}"
GNRC,1474735,Generac,Industrials,Heavy Electrical Equipment,Capital Goods,5.478439425051334,217749552.92567348,0.18932699049658552,-0.33014504896423347,0.014100580899842452,9.0,0.3614873028304954,0.06095382596077019,0.06630728926210988,0.07417617114918612,0.6649912494157956,7,9,False,0.1111342884289317,-0.08775322776285444,0.39539422519764655,0.07394341447061908,1.0937983771536517,1.1151626811092206,0.7101852009954744,,186.99000549316406,59006361.0,11033599767.521622,12173636767.521622,4017660000.0,1140037000.0,4438732000.0,421488000.0,379249000.0,328215000.0,636245000.0,260041000.0,323490124.19659567,0.23250454533321074,0.08051704828098835,28.88252279429455,37.090433915334835,0.026961129715620705,42.430231261691894,1.4584200183817166,1.7918129022624931,1651751000.0,721188000.0,0.5906271312156828,8.0,0.11337471995773316,0.1132596709722605,50.24154589371981,0.0,1.0,207.0,['fcf_cagr5 gate'],False,1.0,ig,Capital Goods,26.31578947368421,23.809523809523807,54.54545454545454,61.904761904761905,22.093023255813954,80.0,42.10526315789473,23.80952380952381,53.84615384615385,1.0,23.08320899880118,"{'profitability': 34.9, 'growth': 46.3, 'balance': 40.3, 'stability': 57.8}",34.064529390876686,False,0.3118588522278878,27.153344863659772,,28.573869194838935,,False,"{""floor"": false, ""depressed_arms"": {""self_pct"": false, ""self_z"": false, ""median_ratio"": false}, ""yield_arm"": false, ""residual_arm"": false, ""brakes"": {""gm"": true, ""fcf_margin"": true, ""roic"": false}, ""self_pct"": 50.24154589371981, ""self_z"": 0.0, ""median_ratio"": 1.0, ""fcf_yield"": 0.026961129715620705, ""yield_threshold"": 0.0495, ""gs10"": 0.0495, ""residual_pct"": null, ""brake_values"": {""gm"": 1.0937983771536517, ""fcf_margin"": 1.1151626811092206, ""roic"": 0.7101852009954744}}",False,"{""floor"": false, ""mom_sector_pct"": 53.84615384615385, ""eps_rev_proxy"": null}"
VRSN,1014473,Verisign,Information Technology,Internet Services & Infrastructure,Software and Services,20.61327857631759,214586210.9246136,0.004971336278613014,-0.05300242448225512,0.0379563402420251,10.0,0.8682134854161827,0.011527041004784615,0.5354074857934782,0.5229138886939434,0.1278082584331425,9,9,False,0.05540357333639068,0.09237710284589173,0.8846536682475554,0.5804203993208034,1.0189356455612897,1.0840722528573086,,gm_derived;ev_or_ic_nonpos,292.7099914550781,90300000.0,26431712228.393555,25458525228.393555,-3227287000.0,-973187000.0,1707900000.0,1159000000.0,1066100000.0,991300000.0,,850000000.0,892507700.6704113,0.22993295886936038,,21.965940662979772,25.68195826530168,0.03893784070785122,31.09613203340418,1.2542352941176471,,52500000.0,0.0,-0.016267533690062272,0.0,-0.31470886620955224,-0.3239741215158847,50.76923076923077,0.010775760159836636,1.0016797184610582,260.0,[],True,0.9,ig,Software and Services,10.0,100.0,89.47368421052632,14.285714285714285,65.21739130434783,27.27272727272727,,59.090909090909086,33.89830508474576,0.7,50.815074929702256,"{'profitability': 50.0, 'growth': 61.6, 'balance': None, 'stability': 92.5}",47.90862493962809,False,,,,49.36184993466517,,False,"{""floor"": false, ""depressed_arms"": {""self_pct"": false, ""self_z"": false, ""median_ratio"": false}, ""yield_arm"": false, ""residual_arm"": false, ""brakes"": {""gm"": true, ""fcf_margin"": true, ""roic"": false}, ""self_pct"": 50.76923076923077, ""self_z"": 0.010775760159836636, ""median_ratio"": 1.0016797184610582, ""fcf_yield"": 0.03893784070785122, ""yield_threshold"": 0.0495, ""gs10"": 0.0495, ""residual_pct"": null, ""brake_values"": {""gm"": 1.0189356455612897, ""fcf_margin"": 1.0840722528573086, ""roic"": null}}",False,"{""floor"": false, ""mom_sector_pct"": 33.89830508474576, ""eps_rev_proxy"": null}"
TDY,1094285,Teledyne Technologies,Information Technology,Electronic Equipment & Instruments,Technology Hardware and Equipment,6.225872689938399,213192422.11999512,0.22179081011009671,-0.12658760496294497,0.08538712160236894,10.0,0.423165097333821,0.028893507037725467,0.14558990468914032,0.15668682140302972,0.3275123620630468,8,9,False,0.1465689073362828,0.14425819528975348,0.4333898092369478,0.17916980421686746,1.024162465117157,1.2306471702102288,1.1450368233649644,sbc_unreported;gm_derived,603.7899780273438,46355673.0,27989090782.112732,29842690782.112732,12772100000.0,1853600000.0,6374400000.0,1239700000.0,1142100000.0,1142100000.0,1582500000.0,974800000.0,1011470711.2970711,0.18410041841004185,0.07919376698405674,24.072510108988247,26.129665337634822,0.038270677679123954,28.712649550792708,1.171624948707427,1.1713112164297,8661900000.0,1193500000.0,0.7716350482692744,2.0,0.06916263771441597,0.07349148361525377,23.076923076923077,-0.2621197720010895,0.894842895361367,260.0,[],True,1.0,ig,Technology Hardware and Equipment,10.0,61.111111111111114,52.63157894736842,12.5,62.5,60.0,42.10526315789473,65.0,49.152542372881356,1.0,51.25058673648843,"{'profitability': 49.7, 'growth': 100.0, 'balance': 61.0, 'stability': 75.2}",58.14786997040385,False,-0.2859159264782001,34.778076350917424,,54.699228353446145,,False,"{""floor"": false, ""depressed_arms"": {""self_pct"": false, ""self_z"": false, ""median_ratio"": false}, ""yield_arm"": false, ""residual_arm"": false, ""brakes"": {""gm"": true, ""fcf_margin"": true, ""roic"": true}, ""self_pct"": 23.076923076923077, ""self_z"": -0.2621197720010895, ""median_ratio"": 0.894842895361367, ""fcf_yield"": 0.038270677679123954, ""yield_threshold"": 0.0495, ""gs10"": 0.0495, ""residual_pct"": null, ""brake_values"": {""gm"": 1.024162465117157, ""fcf_margin"": 1.2306471702102288, ""roic"": 1.1450368233649644}}",False,"{""floor"": false, ""mom_sector_pct"": 49.152542372881356, ""eps_rev_proxy"": null}"
PTC,857005,PTC Inc.,Information Technology,Application Software,Software and Services,5.3990417522245036,211439310.06903264,-0.2699039561484826,-0.3649914993095944,-0.36239092004226425,10.0,0.8057464567813162,0.02092781505528905,0.17101329454036007,0.18148706780419951,0.32554111082893594,9,9,False,0.13435593739979002,0.3201990243696191,0.8450063169183729,0.23521753083644664,1.0487248312501263,1.3754341817029554,1.7161441934482127,,130.77999877929688,108506261.0,14190448681.126068,15421614681.126068,4700909000.0,1231166000.0,2953972000.0,1117008000.0,935484000.0,694826000.0,1216889000.0,1223814000.0,893288446.0894248,0.2002846478365196,0.1900246199382768,13.80618104895047,22.194930358285482,0.04505533398200976,11.595265850142315,0.7644004726208394,1.011732376576664,3398303000.0,765799000.0,0.8858078299324662,3.0,0.11072765369235338,0.10829925101680227,3.076923076923077,-1.7457283956640206,0.414551258258101,260.0,[],True,1.0,ig,Software and Services,45.0,43.47826086956522,78.94736842105263,42.857142857142854,65.21739130434783,9.090909090909092,28.57142857142857,77.27272727272728,11.864406779661017,1.0,61.41165053850497,"{'profitability': 63.4, 'growth': 100.0, 'balance': 66.3, 'stability': 81.6}",71.03175170975445,True,-0.3999337719967597,33.10875247174075,21.794871794871796,66.22170112412971,-1.0,False,"{""floor"": true, ""depressed_arms"": {""self_pct"": true, ""self_z"": true, ""median_ratio"": true}, ""yield_arm"": false, ""residual_arm"": false, ""brakes"": {""gm"": true, ""fcf_margin"": true, ""roic"": true}, ""self_pct"": 3.076923076923077, ""self_z"": -1.7457283956640206, ""median_ratio"": 0.414551258258101, ""fcf_yield"": 0.04505533398200976, ""yield_threshold"": 0.0495, ""gs10"": 0.0495, ""residual_pct"": 21.794871794871796, ""brake_values"": {""gm"": 1.0487248312501263, ""fcf_margin"": 1.3754341817029554, ""roic"": 1.7161441934482127}}",False,"{""floor"": true, ""mom_sector_pct"": 11.864406779661017, ""eps_rev_proxy"": -1.0}"
PNR,77360,Pentair,Industrials,Industrial Machinery & Supplies & Components,Capital Goods,13.949349760438055,207530245.26029077,-0.3963954501302155,-0.4896850872080961,-0.4837976927678954,10.0,0.36959247297878706,0.07233596821297011,0.13105494969997536,0.1389715257118572,0.28869820587985057,6,9,False,0.06712183699096541,0.0784390887112405,0.4093948551983438,0.16079289912666872,1.1076926212776017,1.226912066234603,0.955802656281502,,56.58000183105469,161605541.0,9143641805.688583,11157758805.688583,5824217000.0,2014117000.0,4202300000.0,864400000.0,715800000.0,675700000.0,983400000.0,671300000.0,742500340.7601572,0.14102228047182175,0.12748500626953926,12.908096721064997,16.51288856843064,0.06055875662552469,13.620798161311757,1.066289289438403,2.04811572096807,3524700000.0,1057700000.0,0.7867838715487421,8.0,0.13338005019311489,0.1330415839035257,0.38461538461538464,-1.1269560724985805,0.6562341401229755,260.0,['mktcap<10B'],False,1.0,ig,Capital Goods,44.73684210526316,73.80952380952381,57.57575757575758,61.904761904761905,63.95348837209303,40.0,36.8421052631579,90.47619047619048,3.076923076923077,1.0,31.806829091914146,"{'profitability': 59.7, 'growth': 60.7, 'balance': 31.7, 'stability': 61.7}",83.97715079718122,False,-0.5010158264292643,27.252820702636065,,57.89198994454769,,False,"{""floor"": false, ""depressed_arms"": {""self_pct"": true, ""self_z"": true, ""median_ratio"": true}, ""yield_arm"": true, ""residual_arm"": false, ""brakes"": {""gm"": true, ""fcf_margin"": true, ""roic"": true}, ""self_pct"": 0.38461538461538464, ""self_z"": -1.1269560724985805, ""median_ratio"": 0.6562341401229755, ""fcf_yield"": 0.06055875662552469, ""yield_threshold"": 0.0495, ""gs10"": 0.0495, ""residual_pct"": null, ""brake_values"": {""gm"": 1.1076926212776017, ""fcf_margin"": 1.226912066234603, ""roic"": 0.955802656281502}}",False,"{""floor"": false, ""mom_sector_pct"": 3.076923076923077, ""eps_rev_proxy"": null}"
LH,920148,Labcorp,Health Care,Health Care Services,Health Care Equipment and Services,21.864476386036962,205137867.03585956,0.15366193084271518,-0.07174895272700155,0.13218624981478744,10.0,0.3071127043945487,0.12585442907183025,0.10546711065494778,0.0774242565422135,0.4333340904458086,7,9,False,-0.00038374040677147114,-0.07213807399036487,0.28882771117925843,0.07176609980485085,0.9404616189638333,0.6804595229658364,,,311.5400085449219,81100000.0,25265894692.993164,31910394692.993164,15251300000.0,6644500000.0,14348000000.0,1496600000.0,1155200000.0,1029700000.0,2192900000.0,1002800000.0,,,,21.32192616129438,30.98999193259509,0.03226848210141694,25.195347719378905,1.1519744714798563,3.0207943818687584,7030100000.0,3136600000.0,0.6666120265157724,,,,81.92307692307692,0.9515535521594776,1.3305396494900692,260.0,"['rev_cagr5 gate', 'fcf_cagr5 gate']",False,0.8,ig,Health Care Equipment and Services,,50.0,21.73913043478261,,59.67741935483871,37.93103448275862,21.42857142857143,36.66666666666667,38.095238095238095,1.0,6.273705344941185,"{'profitability': 28.7, 'growth': 0.0, 'balance': 0.0, 'stability': 54.6}",27.680544630425082,False,,,,16.977124987683133,,False,"{""floor"": false, ""depressed_arms"": {""self_pct"": false, ""self_z"": false, ""median_ratio"": false}, ""yield_arm"": false, ""residual_arm"": false, ""brakes"": {""gm"": false, ""fcf_margin"": false, ""roic"": false}, ""self_pct"": 81.92307692307692, ""self_z"": 0.9515535521594776, ""median_ratio"": 1.3305396494900692, ""fcf_yield"": 0.03226848210141694, ""yield_threshold"": 0.0495, ""gs10"": 0.0495, ""residual_pct"": null, ""brake_values"": {""gm"": 0.9404616189638333, ""fcf_margin"": 0.6804595229658364, ""roic"": null}}",False,"{""floor"": false, ""mom_sector_pct"": 38.095238095238095, ""eps_rev_proxy"": null}"
APA,1841666,APA Corporation,Energy,Oil & Gas Exploration & Production,Energy,29.127994524298426,202689431.40275568,0.8336899236369291,0.0,1.0267098337255294,3.0,0.4526647176116969,0.0961681589512892,0.12183415804135307,0.09324797680879333,0.45113074674287107,1,2,False,,,0.5148762207585738,0.2387008857597093,1.1374339565829445,1.9592279340797776,,sbc_unreported;facts_yf,44.72999954223633,350351510.0,15671222881.921806,19893222881.921806,11243000000.0,4222000000.0,8806000000.0,3640000000.0,2102000000.0,2102000000.0,5828000000.0,1677000000.0,2318493723.8493724,0.36305117476665594,0.20621664358706504,5.4651711214070895,9.463949991399527,0.1056641255404732,9.344795993990344,1.2534287418008347,0.5660603980782429,,,0.0,2.0,,,,,,,"['rev_cagr5 gate', 'fcf_cagr5 gate']",False,0.8,ig,Energy,,75.0,80.0,54.54545454545454,13.636363636363635,80.0,45.45454545454546,90.9090909090909,81.81818181818183,0.7,31.691250062529292,"{'profitability': 68.6, 'growth': None, 'balance': 81.1, 'stability': 42.8}",,False,,,,,,False,"{""floor"": false, ""depressed_arms"": {""self_pct"": false, ""self_z"": false, ""median_ratio"": false}, ""yield_arm"": true, ""residual_arm"": false, ""brakes"": {""gm"": true, ""fcf_margin"": true, ""roic"": false}, ""self_pct"": null, ""self_z"": null, ""median_ratio"": null, ""fcf_yield"": 0.1056641255404732, ""yield_threshold"": 0.0495, ""gs10"": 0.0495, ""residual_pct"": null, ""brake_values"": {""gm"": 1.1374339565829445, ""fcf_margin"": 1.9592279340797776, ""roic"": null}}",False,"{""floor"": false, ""mom_sector_pct"": 81.81818181818183, ""eps_rev_proxy"": null}"
ZBH,1136869,Zimmer Biomet,Health Care,Health Care Equipment,Health Care Equipment and Services,25.100616016427104,200421278.77685723,-0.013301775696705653,-0.08528759134679764,-0.08349315962422532,10.0,,,0.16225729778036696,0.1610316193773498,0.07610686433161824,7,9,False,0.060813730964938806,0.0885003861160647,0.6987471793907484,0.1674501692365551,,1.0320039315779637,1.0716703457247037,,93.48999786376953,190737689.0,17832066137.150337,25110266137.150337,19902100000.0,7278200000.0,8508800000.0,1205000000.0,1523000000.0,1424800000.0,2313400000.0,806700000.0,1041597043.7017994,0.13560411311053985,0.05233603708662902,20.838395134564596,17.623712898056105,0.05674173233441065,22.104953684331644,1.8879385149373993,3.1423446010201435,9919500000.0,675400000.0,0.5323508574472041,0.0,0.048835947822403754,0.04698906006854681,6.923076923076923,-1.1871243800848628,0.7459991805796196,260.0,[],True,0.9,ig,Health Care Equipment and Services,21.428571428571427,86.66666666666667,,12.068965517241379,59.67741935483871,82.75862068965517,10.714285714285708,46.666666666666664,26.190476190476193,1.0,29.036935772278852,"{'profitability': 44.0, 'growth': 62.2, 'balance': 0.0, 'stability': 80.1}",62.52251970032319,False,-0.33863343323155526,24.72657935224546,,45.77972773630102,,False,"{""floor"": false, ""depressed_arms"": {""self_pct"": true, ""self_z"": true, ""median_ratio"": true}, ""yield_arm"": true, ""residual_arm"": false, ""brakes"": {""gm"": false, ""fcf_margin"": true, ""roic"": true}, ""self_pct"": 6.923076923076923, ""self_z"": -1.1871243800848628, ""median_ratio"": 0.7459991805796196, ""fcf_yield"": 0.05674173233441065, ""yield_threshold"": 0.0495, ""gs10"": 0.0495, ""residual_pct"": null, ""brake_values"": {""gm"": null, ""fcf_margin"": 1.0320039315779637, ""roic"": 1.0716703457247037}}",False,"{""floor"": false, ""mom_sector_pct"": 26.190476190476193, ""eps_rev_proxy"": null}"
PPG,79879,PPG Industries,Materials,Specialty Chemicals,Materials,69.52772073921972,199171985.25578472,0.057589175197700904,-0.18180035570254804,-0.02220964519707669,10.0,0.3964714810699771,0.051010158825329305,0.06418306008311253,0.06749196524223307,0.4500263677353527,5,9,False,0.027905506355126564,-0.08627440941703046,0.4138701073134421,0.07400285342100366,1.04388367656738,1.1529966524683488,,gm_derived,105.5,222900000.0,23515950000.0,29819950000.0,14408000000.0,6304000000.0,16121000000.0,,1227000000.0,1193000000.0,,1585000000.0,,0.22718446601941747,,,24.995766974015087,0.04000677398855464,14.836561514195584,0.7741324921135647,,6152000000.0,690000000.0,0.47487506940588564,8.0,0.13424041026516817,0.1345019449272278,22.30769230769231,-0.1823276845642089,0.8193854216418682,260.0,['fcf_cagr5 gate'],False,0.8,ig,Materials,66.66666666666666,35.714285714285715,78.57142857142857,78.57142857142857,71.42857142857143,36.36363636363637,,,42.857142857142854,0.7,16.01151445432576,"{'profitability': 47.1, 'growth': 11.6, 'balance': None, 'stability': 50.2}",,False,-0.1489666344362015,29.010943588666116,,,,False,"{""floor"": false, ""depressed_arms"": {""self_pct"": false, ""self_z"": false, ""median_ratio"": false}, ""yield_arm"": false, ""residual_arm"": false, ""brakes"": {""gm"": true, ""fcf_margin"": true, ""roic"": false}, ""self_pct"": 22.30769230769231, ""self_z"": -0.1823276845642089, ""median_ratio"": 0.8193854216418682, ""fcf_yield"": 0.04000677398855464, ""yield_threshold"": 0.0495, ""gs10"": 0.0495, ""residual_pct"": null, ""brake_values"": {""gm"": 1.04388367656738, ""fcf_margin"": 1.1529966524683488, ""roic"": null}}",False,"{""floor"": false, ""mom_sector_pct"": 42.857142857142854, ""eps_rev_proxy"": null}"
BR,1383312,Broadridge Financial Solutions,Industrials,Data Processing & Outsourced Services,Commercial and Professional Services,8.238193018480493,197556752.2963846,-0.3102109686977721,-0.2894327495801594,-0.31923351689386936,10.0,,,0.10690486146074045,0.11744130409675131,0.3263373616749185,9,9,False,0.08407333722918064,0.16796101908543926,0.3177963834795634,0.1709822383907554,,1.5993869320297152,,sbc_unreported,167.74000549316406,114021798.0,19126017022.860443,22639817022.860443,6354300000.0,3513800000.0,7476800000.0,1300600000.0,1278400000.0,1278400000.0,1438300000.0,1124300000.0,1003242603.3503332,0.22863093699036352,0.15788404755053007,17.407209766923298,17.70949391650535,0.05646688746243585,17.011488946776165,1.1370630614604642,2.443023013279566,3787800000.0,1199900000.0,0.7849330374706891,4.0,,,9.615384615384617,-0.9694931335612473,0.5781539088413639,260.0,[],True,0.8,ig,Commercial and Professional Services,,27.27272727272727,,36.36363636363637,63.63636363636363,36.36363636363637,27.272727272727266,72.72727272727273,7.6923076923076925,1.0,44.02224377676959,"{'profitability': 63.0, 'growth': 85.0, 'balance': 18.6, 'stability': 78.2}",69.00824805691258,False,,,,56.51524591684108,,False,"{""floor"": false, ""depressed_arms"": {""self_pct"": true, ""self_z"": false, ""median_ratio"": true}, ""yield_arm"": true, ""residual_arm"": false, ""brakes"": {""gm"": false, ""fcf_margin"": true, ""roic"": false}, ""self_pct"": 9.615384615384617, ""self_z"": -0.9694931335612473, ""median_ratio"": 0.5781539088413639, ""fcf_yield"": 0.05646688746243585, ""yield_threshold"": 0.0495, ""gs10"": 0.0495, ""residual_pct"": null, ""brake_values"": {""gm"": null, ""fcf_margin"": 1.5993869320297152, ""roic"": null}}",False,"{""floor"": false, ""mom_sector_pct"": 7.6923076923076925, ""eps_rev_proxy"": null}"
ROL,84839,"Rollins, Inc.",Industrials,Environmental & Facilities Services,Commercial and Professional Services,7.950718685831622,195906991.07462186,-0.35984192780031166,-0.4582896151550798,-0.38583731806947164,10.0,,,0.15599047261862312,0.15360318537233342,0.19436009138634167,9,9,False,0.11717710237805679,0.09518855324042774,,0.1472408772740397,,0.943909424737913,1.014417867699591,gm_derived,34.72999954223633,481145404.0,16710179660.669113,17500479660.669113,2219897000.0,790300000.0,3924019000.0,731932000.0,619169000.0,577776000.0,861732000.0,531716000.0,556775507.6431818,0.23930705633421986,0.25081141496347886,23.909980244980563,30.289384918496292,0.0330148665181163,31.42688890435705,1.1644731397964327,0.9171064785803474,1449382000.0,601532000.0,0.9238779997450333,7.0,0.24724664553893091,0.24928631278349161,0.38461538461538464,-3.997751962932097,0.6579610496845502,260.0,[],True,0.9,ig,Commercial and Professional Services,60.0,63.63636363636363,,50.0,63.63636363636363,45.45454545454545,54.54545454545455,18.181818181818173,4.615384615384616,1.0,68.89767125667868,"{'profitability': 79.4, 'growth': 88.5, 'balance': 69.4, 'stability': 87.0}",54.02567207664701,True,0.23275409700586458,23.999745386737168,55.12820512820513,61.461671666662845,-12.0,False,"{""floor"": true, ""depressed_arms"": {""self_pct"": true, ""self_z"": true, ""median_ratio"": true}, ""yield_arm"": false, ""residual_arm"": false, ""brakes"": {""gm"": false, ""fcf_margin"": false, ""roic"": true}, ""self_pct"": 0.38461538461538464, ""self_z"": -3.997751962932097, ""median_ratio"": 0.6579610496845502, ""fcf_yield"": 0.0330148665181163, ""yield_threshold"": 0.0495, ""gs10"": 0.0495, ""residual_pct"": 55.12820512820513, ""brake_values"": {""gm"": null, ""fcf_margin"": 0.943909424737913, ""roic"": 1.014417867699591}}",False,"{""floor"": true, ""mom_sector_pct"": 4.615384615384616, ""eps_rev_proxy"": -12.0}"
ALLE,1579241,Allegion,Industrials,Building Products,Capital Goods,12.780287474332649,195001888.55419642,-0.05104804539494301,-0.14020683911386933,-0.11687225932355039,10.0,0.43037068790934396,0.038978415420535525,0.14046451548924574,0.146404408174653,0.1956706211108801,8,9,False,0.08380376143729995,0.09120633734178307,0.4480121254517897,0.1564882826162994,1.0409912618076858,1.1140769757489426,0.8840218591718505,sbc_unreported;gm_derived,153.35000610351562,85036786.0,13040391652.123352,14942091652.123352,4020300000.0,1901700000.0,4288500000.0,893400000.0,671100000.0,671100000.0,1032500000.0,,742733198.6872002,0.16864428174703358,0.18474571516732588,16.724973866267465,22.2650747312224,0.04491339068346787,,,1.8418401937046005,1925600000.0,769200000.0,0.6702982364500162,10.0,0.20898319792724945,0.20571622248284407,26.53846153846154,-0.37423880500437195,0.9378227779102597,260.0,[],True,0.9,ig,Capital Goods,71.05263157894737,80.95238095238095,78.78787878787878,86.90476190476191,63.95348837209303,,39.473684210526315,80.95238095238095,24.615384615384617,1.0,51.40148309795965,"{'profitability': 75.5, 'growth': 72.9, 'balance': 38.6, 'stability': 80.8}",63.42639815742131,False,-0.21224262036876995,27.529603472467354,,57.41394062769048,,False,"{""floor"": false, ""depressed_arms"": {""self_pct"": false, ""self_z"": false, ""median_ratio"": false}, ""yield_arm"": false, ""residual_arm"": false, ""brakes"": {""gm"": true, ""fcf_margin"": true, ""roic"": false}, ""self_pct"": 26.53846153846154, ""self_z"": -0.37423880500437195, ""median_ratio"": 0.9378227779102597, ""fcf_yield"": 0.04491339068346787, ""yield_threshold"": 0.0495, ""gs10"": 0.0495, ""residual_pct"": null, ""brake_values"": {""gm"": 1.0409912618076858, ""fcf_margin"": 1.1140769757489426, ""roic"": 0.8840218591718505}}",False,"{""floor"": false, ""mom_sector_pct"": 24.615384615384617, ""eps_rev_proxy"": null}"
APTV,1521332,Aptiv,Consumer Discretionary,Automotive Parts & Equipment,Consumer Durables and Apparel,13.71937029431896,192066285.06381166,-0.4013769679280679,-0.48641026439677193,-0.44993356188034206,10.0,,,0.048052646964906014,0.043638721260784996,0.4628137493062764,6,9,False,0.09317322677777895,,0.205506568292244,0.03868994061543998,,0.8051573234601658,,,45.540000915527344,207633331.0,9455622083.833992,13595622083.833992,12893000000.0,4140000000.0,16671000000.0,891000000.0,763000000.0,645000000.0,1774000000.0,220000000.0,798627615.0627615,0.10367271036727103,0.06194272978071524,15.258835110924794,21.078483850905414,0.04744174235079273,42.9801003810636,3.4681818181818183,2.333709131905299,3937000000.0,1838000000.0,0.4479174745986194,1.0,,,38.88888888888889,-0.020731906872402527,0.9191205158662533,234.0,"['mktcap<10B', 'fcf_cagr5 gate']",False,0.8,ig,Consumer Durables and Apparel,,30.0,,11.11111111111111,70.0,88.88888888888889,0.0,44.44444444444444,3.0303030303030303,1.0,18.415459265041434,"{'profitability': 23.2, 'growth': 77.6, 'balance': 22.2, 'stability': 46.9}",50.23252270523781,False,,,,34.32399098513962,,False,"{""floor"": false, ""depressed_arms"": {""self_pct"": false, ""self_z"": false, ""median_ratio"": false}, ""yield_arm"": false, ""residual_arm"": false, ""brakes"": {""gm"": false, ""fcf_margin"": false, ""roic"": false}, ""self_pct"": 38.88888888888889, ""self_z"": -0.020731906872402527, ""median_ratio"": 0.9191205158662533, ""fcf_yield"": 0.04744174235079273, ""yield_threshold"": 0.0495, ""gs10"": 0.0495, ""residual_pct"": null, ""brake_values"": {""gm"": null, ""fcf_margin"": 0.8051573234601658, ""roic"": null}}",False,"{""floor"": false, ""mom_sector_pct"": 3.0303030303030303, ""eps_rev_proxy"": null}"
LDOS,1336920,Leidos,Industrials,Diversified Support Services,Commercial and Professional Services,7.096509240246407,189796245.65141436,-0.20950277985222487,-0.34639604396723656,-0.2917786903015256,10.0,0.15160309044989323,0.10532650451176659,0.06787180373843497,0.06330322391128736,0.24988450798576517,9,9,False,0.07000095748778401,0.07140978486624738,0.17528588496330433,0.11736928941230017,1.156215776625204,1.729279066526935,1.4192149774830598,gm_derived,128.86000061035156,125492209.0,16170926128.334366,17364926128.334366,6478000000.0,1194000000.0,17577000000.0,2030000000.0,2163000000.0,2063000000.0,2332000000.0,1376000000.0,1579392080.3123257,0.22197434467373117,0.24380859529365942,8.554150802135156,8.417317560995814,0.11880269370301559,11.752126546754626,1.5719476744186047,0.4897084048027444,7663000000.0,947000000.0,1.3291139240506329,8.0,0.17179116565275226,0.15012565585799076,0.7692307692307693,-2.9251984385525778,0.4284080984581595,260.0,[],True,1.0,ig,Commercial and Professional Services,30.0,9.090909090909092,14.285714285714285,63.63636363636363,63.63636363636363,90.9090909090909,72.72727272727273,90.9090909090909,13.846153846153847,1.0,48.38229022192272,"{'profitability': 50.2, 'growth': 58.9, 'balance': 83.7, 'stability': 77.0}",94.02272727272727,False,-1.0395586194424697,23.803909157032553,,71.202508747325,,False,"{""floor"": false, ""depressed_arms"": {""self_pct"": true, ""self_z"": true, ""median_ratio"": true}, ""yield_arm"": true, ""residual_arm"": false, ""brakes"": {""gm"": true, ""fcf_margin"": true, ""roic"": true}, ""self_pct"": 0.7692307692307693, ""self_z"": -2.9251984385525778, ""median_ratio"": 0.4284080984581595, ""fcf_yield"": 0.11880269370301559, ""yield_threshold"": 0.0495, ""gs10"": 0.0495, ""residual_pct"": null, ""brake_values"": {""gm"": 1.156215776625204, ""fcf_margin"": 1.729279066526935, ""roic"": 1.4192149774830598}}",False,"{""floor"": false, ""mom_sector_pct"": 13.846153846153847, ""eps_rev_proxy"": null}"
EXPD,746515,Expeditors International,Industrials,Air Freight & Logistics,Transportation,18.926762491444215,189151101.45501757,0.5226693738985355,0.0,0.5756830990772588,10.0,,,0.08060546521210087,0.07987788247348972,0.4365150793233774,7,9,False,0.029221442160778155,0.09435028171535054,,0.07049068286961069,,0.8745149312658306,0.9186675475928318,,192.60000610351562,129990622.0,25036194590.599792,24574362590.599792,1656870000.0,-461832000.0,12036002000.0,1183398000.0,923864000.0,848426000.0,1238286000.0,918799000.0,889926577.8641158,0.24799046655130758,0.5371130975056074,20.7659321636506,28.96465053004009,0.03452484258226664,27.248826555753535,1.0055126311630727,-0.37487543265449175,7927000.0,2630000.0,0.006371652573828966,9.0,0.5846653655209606,0.49505661502604464,91.15384615384615,1.0369176825844422,1.375981685958039,260.0,[],True,0.9,ig,Transportation,100.0,55.55555555555556,,86.36363636363636,77.27272727272727,54.54545454545454,88.88888888888889,27.272727272727266,84.61538461538461,1.0,39.8678431498329,"{'profitability': 64.1, 'growth': 51.5, 'balance': 100.0, 'stability': 56.1}",21.955937623164836,False,0.02349881582565816,28.29195032570311,,30.911890386498868,,False,"{""floor"": false, ""depressed_arms"": {""self_pct"": false, ""self_z"": false, ""median_ratio"": false}, ""yield_arm"": false, ""residual_arm"": false, ""brakes"": {""gm"": false, ""fcf_margin"": false, ""roic"": true}, ""self_pct"": 91.15384615384615, ""self_z"": 1.0369176825844422, ""median_ratio"": 1.375981685958039, ""fcf_yield"": 0.03452484258226664, ""yield_threshold"": 0.0495, ""gs10"": 0.0495, ""residual_pct"": null, ""brake_values"": {""gm"": null, ""fcf_margin"": 0.8745149312658306, ""roic"": 0.9186675475928318}}",False,"{""floor"": false, ""mom_sector_pct"": 84.61538461538461, ""eps_rev_proxy"": null}"
GDDY,1609711,GoDaddy,Information Technology,Internet Services & Infrastructure,Software and Services,2.220396988364134,185057545.56145677,-0.34585425558162075,-0.3225338255301391,-0.32407469729039484,10.0,,,0.18812851670273298,0.1667332690815919,0.2541655865295747,9,9,False,0.08342562059026815,0.1767932100472862,,0.2744852177661096,,1.4590303616746803,1.7930444307703832,gm_derived,98.06999969482422,126647704.0,12420340292.630188,15126540292.630188,2712900000.0,2706200000.0,5104100000.0,1266700000.0,1702900000.0,1401000000.0,1359400000.0,910300000.0,994203319.5378515,0.21512329712019312,0.36647252738318825,11.941691239149119,10.796959523647528,0.09261866711733034,13.644227499319113,1.8707019663847084,1.9907312049433574,3607700000.0,12500000.0,1.3344391610453759,5.0,0.20438563657105419,0.17158848674347216,,,,,[],True,0.8,ig,Software and Services,65.0,56.52173913043478,,57.14285714285714,65.21739130434783,59.09090909090909,23.80952380952381,86.36363636363636,5.084745762711865,1.0,54.831997030510394,"{'profitability': 76.2, 'growth': 84.8, 'balance': 33.6, 'stability': 83.1}",,False,-1.1343258247297383,33.56857607955908,,,,False,"{""floor"": false, ""depressed_arms"": {""self_pct"": false, ""self_z"": false, ""median_ratio"": false}, ""yield_arm"": true, ""residual_arm"": false, ""brakes"": {""gm"": false, ""fcf_margin"": true, ""roic"": true}, ""self_pct"": null, ""self_z"": null, ""median_ratio"": null, ""fcf_yield"": 0.09261866711733034, ""yield_threshold"": 0.0495, ""gs10"": 0.0495, ""residual_pct"": null, ""brake_values"": {""gm"": null, ""fcf_margin"": 1.4590303616746803, ""roic"": 1.7930444307703832}}",False,"{""floor"": false, ""mom_sector_pct"": 5.084745762711865, ""eps_rev_proxy"": null}"
MKC,63754,McCormick & Company,Consumer Staples,Packaged Foods & Meats,Food Beverage and Tobacco,23.485284052019164,181451319.89944282,-0.18149406193326334,-0.2691754638806755,-0.23164942566876423,10.0,0.3785894246149789,0.03205303595736535,0.09113081411500469,0.08917708999509198,0.29534799571527426,9,9,False,0.040775986020144206,-0.01925692501253995,0.3862140864902922,0.13187467843700074,1.0201396589011102,1.4470920699839065,,shares_was_proxy,51.31999969482422,269000000.0,13805079917.907715,19306679917.907715,12497200000.0,5501600000.0,7385800000.0,1103700000.0,1019900000.0,974000000.0,1360600000.0,1618400000.0,,,,17.492688156118252,19.82205330380669,0.05044886040176054,8.530079039735366,0.6301903114186851,3.6189181243569015,6291900000.0,2816300000.0,0.728819255513235,,,,1.153846153846154,-1.1833308633600614,0.485755088701646,260.0,[],True,0.8,ig,Food Beverage and Tobacco,,31.25,43.75,,56.25,7.6923076923076925,20.0,50.0,3.4482758620689653,1.0,15.884858855395999,"{'profitability': 35.7, 'growth': 17.0, 'balance': 0.0, 'stability': 82.0}",66.38465812052816,False,,,,41.13475848796208,,False,"{""floor"": false, ""depressed_arms"": {""self_pct"": true, ""self_z"": true, ""median_ratio"": true}, ""yield_arm"": true, ""residual_arm"": false, ""brakes"": {""gm"": true, ""fcf_margin"": true, ""roic"": false}, ""self_pct"": 1.153846153846154, ""self_z"": -1.1833308633600614, ""median_ratio"": 0.485755088701646, ""fcf_yield"": 0.05044886040176054, ""yield_threshold"": 0.0495, ""gs10"": 0.0495, ""residual_pct"": null, ""brake_values"": {""gm"": 1.0201396589011102, ""fcf_margin"": 1.4470920699839065, ""roic"": null}}",False,"{""floor"": false, ""mom_sector_pct"": 3.4482758620689653, ""eps_rev_proxy"": null}"
CHD,313927,Church & Dwight,Consumer Staples,Household Products,Household and Personal Products,10.707734428473648,180362851.04600924,0.10406638637035859,-0.09645822472660392,0.02613868538908304,10.0,0.439996949140412,0.028997976897450158,0.14663306093425782,0.15018584925742168,0.15003347754641566,9,9,False,0.04847582950857543,0.04162047082912834,0.4564864908253199,,1.0374764909554992,,1.067574893892673,,94.1500015258789,237203907.0,22332748205.99444,24486548205.99444,6501600000.0,2153800000.0,6229100000.0,1088000000.0,,,1329100000.0,744800000.0,850485306.4651554,0.218303946263644,0.13081169350085445,22.506018571686063,,,29.984892865191245,,1.6204950718531337,2649900000.0,4032700000.0,1.027839301095115,9.0,0.12253163150350874,0.13546379047894302,17.692307692307693,-0.9176849814907103,0.8551331426414851,260.0,[],True,0.8,sector,Consumer Staples,46.15384615384615,72.41379310344827,53.84615384615385,69.23076923076923,56.896551724137936,,59.25925925925926,33.33333333333334,65.51724137931035,1.0,44.936461169610354,"{'profitability': 62.7, 'growth': 37.5, 'balance': 46.0, 'stability': 89.6}",,False,,,,,,False,"{""floor"": false, ""depressed_arms"": {""self_pct"": true, ""self_z"": false, ""median_ratio"": false}, ""yield_arm"": false, ""residual_arm"": false, ""brakes"": {""gm"": true, ""fcf_margin"": false, ""roic"": true}, ""self_pct"": 17.692307692307693, ""self_z"": -0.9176849814907103, ""median_ratio"": 0.8551331426414851, ""fcf_yield"": null, ""yield_threshold"": 0.0495, ""gs10"": 0.0495, ""residual_pct"": null, ""brake_values"": {""gm"": 1.0374764909554992, ""fcf_margin"": null, ""roic"": 1.067574893892673}}",False,"{""floor"": false, ""mom_sector_pct"": 65.51724137931035, ""eps_rev_proxy"": null}"
TSN,100493,Tyson Foods,Consumer Staples,Packaged Foods & Meats,Food Beverage and Tobacco,21.09240246406571,178159542.8410768,0.08214266579452767,-0.21138775741040805,-0.00520640386170812,9.0,0.08941420962719623,0.3973583891006285,0.021560752828898924,0.019782884223287597,0.7790825673783913,8,9,False,0.04741462587264644,,0.06135310805472762,0.020846051639314828,0.6861673140156735,0.96685175164078,0.5065989276173385,shares_was_proxy;sbc_unreported,52.97999954223633,351801512.0,18638443944.71805,20464443944.71805,19905000000.0,1826000000.0,55694000000.0,1257000000.0,1161000000.0,1161000000.0,2633000000.0,574000000.0,916690243.902439,0.2707317073170732,0.04605326520484496,16.280384999775695,17.626566705183503,0.05673254563555628,32.47115669811507,2.0226480836236935,0.653247246486897,9469000000.0,5624000000.0,0.7582516955538809,7.0,0.09090675620148861,0.05995256792272224,53.61702127659574,0.009299500623283783,1.0275567861192778,235.0,['fcf_cagr5 gate'],False,1.0,ig,Food Beverage and Tobacco,53.84615384615385,6.25,6.25,57.692307692307686,9.375,84.61538461538461,73.33333333333333,64.28571428571428,62.06896551724138,1.0,18.44850722739562,"{'profitability': 15.5, 'growth': 39.5, 'balance': 78.2, 'stability': 44.4}",53.47214464304783,False,-0.07459610956886209,18.991724760881645,,35.960325935221725,,False,"{""floor"": false, ""depressed_arms"": {""self_pct"": false, ""self_z"": false, ""median_ratio"": false}, ""yield_arm"": true, ""residual_arm"": false, ""brakes"": {""gm"": false, ""fcf_margin"": true, ""roic"": false}, ""self_pct"": 53.61702127659574, ""self_z"": 0.009299500623283783, ""median_ratio"": 1.0275567861192778, ""fcf_yield"": 0.05673254563555628, ""yield_threshold"": 0.0495, ""gs10"": 0.0495, ""residual_pct"": null, ""brake_values"": {""gm"": 0.6861673140156735, ""fcf_margin"": 0.96685175164078, ""roic"": 0.5065989276173385}}",False,"{""floor"": false, ""mom_sector_pct"": 62.06896551724138, ""eps_rev_proxy"": null}"
COO,711404,Cooper Companies (The),Health Care,Health Care Supplies,Health Care Equipment and Services,9.971252566735114,177704458.8302928,0.14232150300444601,-0.3587486613166827,-0.19151170364905423,10.0,0.658777276675185,0.012331154277608565,0.09402358819929127,0.08874987782230476,0.2965957768935426,8,9,True,0.10979355015450176,-0.04624421429162717,0.6592791899738016,0.16002265807547972,1.0007618861736545,1.7019416206101134,0.7495579707538026,sbc_unreported,53.90999984741211,190155294.0,10251271870.524605,13547371870.524605,11624300000.0,3296100000.0,4236900000.0,544200000.0,678000000.0,678000000.0,928200000.0,570300000.0,371509336.8358856,0.3173294067697803,0.031959716872059875,24.89410487049725,19.981374440301778,0.05004660730360134,17.975226846439778,1.1888479747501315,3.550851109674639,3876300000.0,1445900000.0,0.4578512254501346,0.0,0.042638085537158886,0.04123500460037795,39.61538461538461,-0.15757779339781264,0.7611851302280671,260.0,[],True,1.0,ig,Health Care Equipment and Services,10.714285714285714,40.0,69.56521739130434,12.068965517241379,59.67741935483871,44.827586206896555,7.142857142857139,26.66666666666667,35.714285714285715,1.0,18.827367975502884,"{'profitability': 25.7, 'growth': 45.7, 'balance': 0.0, 'stability': 78.4}",45.34731552441374,False,-0.21002414467217,24.651178442217514,,32.08734174995831,,False,"{""floor"": false, ""depressed_arms"": {""self_pct"": false, ""self_z"": false, ""median_ratio"": true}, ""yield_arm"": true, ""residual_arm"": false, ""brakes"": {""gm"": true, ""fcf_margin"": true, ""roic"": false}, ""self_pct"": 39.61538461538461, ""self_z"": -0.15757779339781264, ""median_ratio"": 0.7611851302280671, ""fcf_yield"": 0.05004660730360134, ""yield_threshold"": 0.0495, ""gs10"": 0.0495, ""residual_pct"": null, ""brake_values"": {""gm"": 1.0007618861736545, ""fcf_margin"": 1.7019416206101134, ""roic"": 0.7495579707538026}}",False,"{""floor"": false, ""mom_sector_pct"": 35.714285714285715, ""eps_rev_proxy"": null}"
TRMB,864749,Trimble Inc.,Information Technology,Application Software,Software and Services,5.642710472279261,175076992.13491645,-0.28783382257487733,-0.3096264108602682,-0.2870919658077089,10.0,0.6168495428689483,0.08022675531299438,0.096124267109118,0.09209133114326827,0.26750226033136737,6,9,False,0.026490354149407702,-0.10117713660786176,0.6979830288931772,0.16331385973723864,1.1315288095163036,1.6989867870914281,1.137169847906564,,57.65999984741211,233179848.0,13445150000.099579,15389350000.099579,7055000000.0,1944200000.0,3782900000.0,642700000.0,773100000.0,617800000.0,844800000.0,-104700000.0,525798893.96285933,0.18189062709995443,0.07452854627397014,23.94484207266155,24.909922305114243,0.04014464548509212,,,2.301373106060606,4826600000.0,850400000.0,0.804677533664068,0.0,0.06553862328584517,0.0636195186187638,0.38461538461538464,-0.6126921065314822,0.5447546942265152,260.0,['fcf_cagr5 gate'],False,0.9,ig,Software and Services,25.0,21.73913043478261,21.052631578947366,14.285714285714285,65.21739130434783,,19.04761904761905,50.0,10.16949152542373,1.0,14.88114282868958,"{'profitability': 34.3, 'growth': 11.0, 'balance': 23.3, 'stability': 61.9}",65.7100603121943,False,-0.2727302566984795,32.72032573606777,,40.29560157044194,,False,"{""floor"": false, ""depressed_arms"": {""self_pct"": true, ""self_z"": false, ""median_ratio"": true}, ""yield_arm"": false, ""residual_arm"": false, ""brakes"": {""gm"": true, ""fcf_margin"": true, ""roic"": true}, ""self_pct"": 0.38461538461538464, ""self_z"": -0.6126921065314822, ""median_ratio"": 0.5447546942265152, ""fcf_yield"": 0.04014464548509212, ""yield_threshold"": 0.0495, ""gs10"": 0.0495, ""residual_pct"": null, ""brake_values"": {""gm"": 1.1315288095163036, ""fcf_margin"": 1.6989867870914281, ""roic"": 1.137169847906564}}",False,"{""floor"": false, ""mom_sector_pct"": 10.16949152542373, ""eps_rev_proxy"": null}"
RVTY,31791,Revvity,Health Care,Health Care Equipment,Health Care Equipment and Services,41.28678986995209,173463685.98923668,0.413817427956662,-0.045384761224912085,0.5042078614016061,10.0,,,0.16879454207147146,0.1703625040309154,0.7059295581750906,6,9,False,0.014078223738904772,-0.09270053824079161,,0.18328250013479583,,1.0858319107094698,0.7649466114447454,,124.30999755859375,111586401.0,13871305235.882263,16226451235.882263,9583904000.0,2355146000.0,2911811000.0,358847000.0,558113000.0,533684000.0,771082000.0,237554000.0,326643134.9015217,0.08974260645477973,0.034082471496117,45.21829982104424,30.404605039465796,0.032889754650717536,58.392219183353106,2.3494152908391355,3.0543392272157823,6607802000.0,2224001000.0,0.9215245686935094,1.0,0.04455535979399379,0.032756169303545066,62.82051282051282,0.01897075295601127,1.0422549614788588,234.0,['fcf_cagr5 gate'],False,0.9,ig,Health Care Equipment and Services,14.285714285714285,90.0,,29.310344827586203,59.67741935483871,86.20689655172413,17.85714285714286,0.0,80.95238095238095,1.0,8.295286764529259,"{'profitability': 42.3, 'growth': 5.9, 'balance': 0.0, 'stability': 44.4}",24.366926395215266,False,0.20877959834938764,24.675589612034884,,16.331106579872262,,False,"{""floor"": false, ""depressed_arms"": {""self_pct"": false, ""self_z"": false, ""median_ratio"": false}, ""yield_arm"": false, ""residual_arm"": false, ""brakes"": {""gm"": false, ""fcf_margin"": true, ""roic"": false}, ""self_pct"": 62.82051282051282, ""self_z"": 0.01897075295601127, ""median_ratio"": 1.0422549614788588, ""fcf_yield"": 0.032889754650717536, ""yield_threshold"": 0.0495, ""gs10"": 0.0495, ""residual_pct"": null, ""brake_values"": {""gm"": null, ""fcf_margin"": 1.0858319107094698, ""roic"": 0.7649466114447454}}",False,"{""floor"": false, ""mom_sector_pct"": 80.95238095238095, ""eps_rev_proxy"": null}"
MAS,62996,Masco,Industrials,Building Products,Capital Goods,45.204654346338124,172819103.23773426,0.02379402624172733,-0.16853349745927892,-0.05209209249356572,10.0,0.3452597123400786,0.05092328955910966,0.10364033840912305,0.11055276381909548,0.20541753633064722,5,9,False,0.010196177670730222,0.006354947957538437,0.35434301341320484,0.12280244823544732,1.0263086040695628,1.1848904598389223,0.8701250877643761,sbc_unreported,68.5199966430664,201734437.0,13822842946.030891,17141842946.030891,3077000000.0,3319000000.0,7679000000.0,1278000000.0,943000000.0,943000000.0,1429000000.0,837000000.0,968313993.1740614,0.24232081911262798,0.31469418042705927,13.41302264947644,18.17798827786945,0.05501158790037491,16.51474664997717,1.1266427718040621,2.134359692092372,618000000.0,198000000.0,0.26519337016574585,10.0,0.3616654488558733,0.3575194570069592,27.307692307692307,-0.5816864968662913,0.9391793763604565,260.0,[],True,1.0,ig,Capital Goods,97.36842105263158,54.761904761904766,48.484848484848484,86.90476190476191,63.95348837209303,42.5,34.210526315789465,88.0952380952381,32.30769230769231,1.0,24.69714336201812,"{'profitability': 72.1, 'growth': 6.9, 'balance': 28.9, 'stability': 62.4}",68.26538113201724,False,-0.42739247533228486,27.871478840446695,,46.48126224701768,,False,"{""floor"": false, ""depressed_arms"": {""self_pct"": false, ""self_z"": false, ""median_ratio"": false}, ""yield_arm"": true, ""residual_arm"": false, ""brakes"": {""gm"": true, ""fcf_margin"": true, ""roic"": false}, ""self_pct"": 27.307692307692307, ""self_z"": -0.5816864968662913, ""median_ratio"": 0.9391793763604565, ""fcf_yield"": 0.05501158790037491, ""yield_threshold"": 0.0495, ""gs10"": 0.0495, ""residual_pct"": null, ""brake_values"": {""gm"": 1.0263086040695628, ""fcf_margin"": 1.1848904598389223, ""roic"": 0.8701250877643761}}",False,"{""floor"": false, ""mom_sector_pct"": 32.30769230769231, ""eps_rev_proxy"": null}"
VLTO,1967680,Veralto,Industrials,Environmental & Facilities Services,Commercial and Professional Services,2.948665297741273,168790661.37125748,-0.09932412269118984,-0.11795248766522648,-0.1323341685539915,5.0,0.5838307942666603,0.021884428131867428,0.16428976560761807,0.1700856403106951,0.08106556165967808,4,4,True,,0.047532853252115315,0.5986053996066512,0.17307348471303416,1.0253063138927931,1.0534647978401448,0.9178991671949419,,94.0999984741211,245599266.0,23110890555.84526,24548890555.84526,4443000000.0,1438000000.0,5593000000.0,1293000000.0,1042000000.0,968000000.0,1376000000.0,969000000.0,1039765145.2282158,0.195850622406639,0.2340232152212955,18.98599424272642,25.360424127939318,0.039431517192108405,23.850248251646295,1.0753353973168214,1.0443313953488371,3042000000.0,750000000.0,0.8534773801485482,3.0,0.2549552538940195,0.25636970674260423,,,,,['rev_cagr5 gate'],False,0.9,ig,Commercial and Professional Services,80.0,72.72727272727273,71.42857142857143,22.727272727272727,9.090909090909092,27.27272727272727,45.45454545454546,54.54545454545455,21.53846153846154,1.0,60.986713960889816,"{'profitability': 84.0, 'growth': 39.6, 'balance': 65.2, 'stability': 93.8}",,True,0.05445576078728731,24.016331856308057,42.30769230769231,,7.0,False,"{""floor"": true, ""depressed_arms"": {""self_pct"": false, ""self_z"": false, ""median_ratio"": false}, ""yield_arm"": false, ""residual_arm"": false, ""brakes"": {""gm"": true, ""fcf_margin"": true, ""roic"": true}, ""self_pct"": null, ""self_z"": null, ""median_ratio"": null, ""fcf_yield"": 0.039431517192108405, ""yield_threshold"": 0.0495, ""gs10"": 0.0495, ""residual_pct"": 42.30769230769231, ""brake_values"": {""gm"": 1.0253063138927931, ""fcf_margin"": 1.0534647978401448, ""roic"": 0.9178991671949419}}",True,"{""floor"": true, ""mom_sector_pct"": 21.53846153846154, ""eps_rev_proxy"": 7.0}"
HAS,46080,Hasbro,Consumer Discretionary,Leisure Products,Consumer Durables and Apparel,41.95208761122519,166703699.8170341,0.26404941625362355,-0.08615636683830785,0.20557731422910752,10.0,0.6942912349039847,0.035416387804924676,0.11069310878495457,0.1034717086722763,0.3292291294645613,5,9,False,-0.029670572494690073,-0.004891835852933735,0.7235381645620527,0.22482506233411084,1.0421248723701841,2.0310664756094474,-158.99636819034535,gm_derived,91.54000091552734,141044467.0,12911210638.310066,15934010638.310066,3753100000.0,3022800000.0,4973200000.0,1161400000.0,1213600000.0,1118100000.0,1288500000.0,794100000.0,900539333.2685393,0.22460880552045875,0.2399454672853213,13.719657859746913,14.250970967096025,0.07017065730530878,16.258922853935356,1.528270998614784,2.3265036864571207,1256200000.0,456700000.0,0.4563960459353601,5.0,-0.0015091254600109248,0.04887027736150304,4.230769230769231,-0.1225542979775146,0.6546619518239613,260.0,['rev_cagr5 gate'],False,1.0,ig,Consumer Durables and Apparel,25.0,60.0,87.5,38.88888888888889,70.0,77.77777777777779,10.0,66.66666666666667,75.75757575757575,1.0,11.49700442403974,"{'profitability': 32.9, 'growth': 0.0, 'balance': 22.4, 'stability': 57.8}",74.05119719159262,False,,,,42.77410080781618,,False,"{""floor"": false, ""depressed_arms"": {""self_pct"": true, ""self_z"": false, ""median_ratio"": true}, ""yield_arm"": true, ""residual_arm"": false, ""brakes"": {""gm"": true, ""fcf_margin"": true, ""roic"": false}, ""self_pct"": 4.230769230769231, ""self_z"": -0.1225542979775146, ""median_ratio"": 0.6546619518239613, ""fcf_yield"": 0.07017065730530878, ""yield_threshold"": 0.0495, ""gs10"": 0.0495, ""residual_pct"": null, ""brake_values"": {""gm"": 1.0421248723701841, ""fcf_margin"": 2.0310664756094474, ""roic"": -158.99636819034535}}",False,"{""floor"": false, ""mom_sector_pct"": 75.75757575757575, ""eps_rev_proxy"": null}"
DVA,927066,DaVita,Health Care,Health Care Services,Health Care Equipment and Services,18.119096509240247,162637111.1751812,0.3521063305126859,-0.24382520795971263,0.3632950780808415,10.0,,,0.09650706657454272,0.10217942528817743,0.14521901066236892,8,9,False,0.0338593890156329,0.0009409735461125557,,0.10551508582015563,,1.0933405144861081,1.3857130036126917,,181.5500030517578,63800000.0,11582890194.702148,19544838194.70215,7196852000.0,7961948000.0,14009646000.0,2127730000.0,1609804000.0,1478229000.0,2830464000.0,1179389000.0,1688113033.1528826,0.20661313552335936,0.2345626995181897,9.185769902526236,13.221793236840941,0.07563270594896461,9.821093968743263,1.3649474431252115,2.7129226868810203,7590966000.0,1855807000.0,1.3126257146874774,8.0,0.16927220781407218,0.1548716560065859,13.846153846153847,-0.6695542958763601,0.8654503886559038,260.0,[],True,0.9,ig,Health Care Equipment and Services,64.28571428571429,43.333333333333336,,93.10344827586206,59.67741935483871,58.620689655172406,25.0,93.33333333333333,73.80952380952381,1.0,25.604955755490437,"{'profitability': 59.2, 'growth': 14.5, 'balance': 9.6, 'stability': 82.9}",79.77314511802271,False,-0.6539841293556306,25.4279916407477,,52.689050436756574,,False,"{""floor"": false, ""depressed_arms"": {""self_pct"": true, ""self_z"": false, ""median_ratio"": false}, ""yield_arm"": true, ""residual_arm"": false, ""brakes"": {""gm"": false, ""fcf_margin"": true, ""roic"": true}, ""self_pct"": 13.846153846153847, ""self_z"": -0.6695542958763601, ""median_ratio"": 0.8654503886559038, ""fcf_yield"": 0.07563270594896461, ""yield_threshold"": 0.0495, ""gs10"": 0.0495, ""residual_pct"": null, ""brake_values"": {""gm"": null, ""fcf_margin"": 1.0933405144861081, ""roic"": 1.3857130036126917}}",False,"{""floor"": false, ""mom_sector_pct"": 73.80952380952381, ""eps_rev_proxy"": null}"
SJM,91419,J.M. Smucker Company (The),Consumer Staples,Packaged Foods & Meats,Food Beverage and Tobacco,17.8507871321013,161446346.45295128,0.17243047190480687,-0.08463047648608324,0.17001587746169,10.0,0.3540396230197812,0.07080125736384568,0.09182262486592925,0.08707447274000175,0.22404220688259996,5,9,False,0.024922544207570674,-0.016782151670354906,0.3865281918553222,0.17053806419203005,1.0917653469361135,1.8572553816778128,2.0903540520382666,,121.13999938964844,106823183.0,12940560323.420303,19837560323.420303,12647800000.0,6897000000.0,9156900000.0,826200000.0,1588400000.0,1561600000.0,1375500000.0,229500000.0,617182072.188963,0.2529870828020298,0.04879758315192864,24.01060315107759,12.703355739895175,0.07871935734740369,56.38588376217997,6.921132897603486,5.014176663031625,5200000000.0,3086600000.0,0.655181138221667,0.0,0.023344171339944538,0.021320415803670858,0.38461538461538464,-1.8709209046708275,0.5131684907166355,260.0,[],True,1.0,ig,Food Beverage and Tobacco,23.076923076923077,37.5,31.25,11.538461538461538,56.25,100.0,13.333333333333329,14.285714285714292,75.86206896551724,1.0,7.2663793615155345,"{'profitability': 22.7, 'growth': 10.4, 'balance': 0.0, 'stability': 59.5}",66.56818815660206,False,-0.3715449622741773,18.41952332413117,,36.9172837590588,,False,"{""floor"": false, ""depressed_arms"": {""self_pct"": true, ""self_z"": true, ""median_ratio"": true}, ""yield_arm"": true, ""residual_arm"": false, ""brakes"": {""gm"": true, ""fcf_margin"": true, ""roic"": true}, ""self_pct"": 0.38461538461538464, ""self_z"": -1.8709209046708275, ""median_ratio"": 0.5131684907166355, ""fcf_yield"": 0.07871935734740369, ""yield_threshold"": 0.0495, ""gs10"": 0.0495, ""residual_pct"": null, ""brake_values"": {""gm"": 1.0917653469361135, ""fcf_margin"": 1.8572553816778128, ""roic"": 2.0903540520382666}}",False,"{""floor"": false, ""mom_sector_pct"": 75.86206896551724, ""eps_rev_proxy"": null}"
BLDR,1316835,Builders FirstSource,Industrials,Building Products,Capital Goods,2.737850787132101,159512731.5812592,-0.49197783012166085,-0.5303773045607931,-0.5770335546907281,10.0,0.32372176133946773,0.0671472893755663,0.09212789576985715,0.08713226408085806,0.44698185835981763,5,9,True,0.12158418355646372,-0.13370503312830606,0.29187727092182597,0.04120542861182765,0.9016300594501945,0.4472633209246644,0.20230400363988796,,60.369998931884766,107596457.0,6495597994.164585,7486869994.164585,4996447000.0,991272000.0,14448703000.0,435571000.0,639317000.0,595365000.0,1032812000.0,102550000.0,301685157.1311824,0.3073800663240151,0.06037993740975985,17.188632838652218,12.575260544648383,0.07952121520261995,63.34078980170244,6.23419795221843,0.9597797082140797,4149994000.0,1048495000.0,1.0404371346278665,10.0,0.29846140621734507,0.3012153195464096,63.63636363636363,0.33834095813901377,1.1358858419007685,253.0,"['mktcap<10B', 'fcf_cagr5 gate']",False,1.0,ig,Capital Goods,84.21052631578947,42.857142857142854,42.42424242424242,86.90476190476191,63.95348837209303,100.0,68.42105263157895,78.57142857142857,1.5384615384615385,1.0,21.79298268099306,"{'profitability': 23.3, 'growth': 50.0, 'balance': 68.0, 'stability': 48.7}",61.26112646554789,False,-0.7915501623293082,27.751269790361754,,41.527054573270476,,False,"{""floor"": false, ""depressed_arms"": {""self_pct"": false, ""self_z"": false, ""median_ratio"": false}, ""yield_arm"": true, ""residual_arm"": false, ""brakes"": {""gm"": false, ""fcf_margin"": false, ""roic"": false}, ""self_pct"": 63.63636363636363, ""self_z"": 0.33834095813901377, ""median_ratio"": 1.1358858419007685, ""fcf_yield"": 0.07952121520261995, ""yield_threshold"": 0.0495, ""gs10"": 0.0495, ""residual_pct"": null, ""brake_values"": {""gm"": 0.9016300594501945, ""fcf_margin"": 0.4472633209246644, ""roic"": 0.20230400363988796}}",False,"{""floor"": false, ""mom_sector_pct"": 1.5384615384615385, ""eps_rev_proxy"": null}"
ALGN,1097149,Align Technology,Health Care,Health Care Supplies,Health Care Equipment and Services,9.234770704996578,158226343.75125825,0.37815446125895913,-0.20662807742314138,0.14639715812587362,10.0,0.7041128153004574,0.03208929039405078,0.1020101401042968,0.11226472938815887,0.2974345370149372,8,9,False,0.10296139708637742,-0.0065838037320232745,0.6804646032450045,0.10977569445048377,0.9664141717895564,1.0761253179168986,0.7128283027285993,,150.82000732421875,71039852.0,10714230998.951416,9470379998.951416,2988602000.0,-1243851000.0,4139532000.0,547590000.0,633569000.0,454420000.0,801981000.0,413227000.0,398080492.8389125,0.2730318434615087,0.13319956716849968,17.29465475803323,20.84058799998111,0.04798329106649517,25.928196848103866,1.5332226597003584,-1.550973152730551,497301000.0,94927000.0,0.19816221765226685,7.0,0.18686066007568977,0.15774782930056896,5.769230769230769,-0.9482475706702577,0.42148419829229145,260.0,[],True,1.0,ig,Health Care Equipment and Services,67.85714285714286,46.666666666666664,86.95652173913044,77.58620689655173,59.67741935483871,72.41379310344827,89.28571428571429,73.33333333333333,76.19047619047619,1.0,49.61522343004857,"{'profitability': 55.3, 'growth': 42.9, 'balance': 100.0, 'stability': 76.4}",68.47832065328188,False,-0.2011726800335727,25.48461945315029,,59.04677204166523,,False,"{""floor"": false, ""depressed_arms"": {""self_pct"": true, ""self_z"": false, ""median_ratio"": true}, ""yield_arm"": false, ""residual_arm"": false, ""brakes"": {""gm"": false, ""fcf_margin"": true, ""roic"": false}, ""self_pct"": 5.769230769230769, ""self_z"": -0.9482475706702577, ""median_ratio"": 0.42148419829229145, ""fcf_yield"": 0.04798329106649517, ""yield_threshold"": 0.0495, ""gs10"": 0.0495, ""residual_pct"": null, ""brake_values"": {""gm"": 0.9664141717895564, ""fcf_margin"": 1.0761253179168986, ""roic"": 0.7128283027285993}}",False,"{""floor"": false, ""mom_sector_pct"": 76.19047619047619, ""eps_rev_proxy"": null}"
STE,1757898,Steris,Health Care,Health Care Equipment,Health Care Equipment and Services,6.72416153319644,157931199.1117584,-0.06127265261531811,-0.20874238523574973,-0.14930621828190416,10.0,0.43934986616900673,0.011104044184521556,0.11051984460992872,0.10829587249693502,0.3534709233134412,9,9,False,0.1381894523048055,0.16641623661536342,0.44433954451345753,0.14293995859213252,1.0113569588354703,1.293342015604782,1.3793115047297195,,210.75999450683594,97500110.0,20549122648.0159,22130122648.0159,8787700000.0,1581000000.0,6037500000.0,1141600000.0,925600000.0,863000000.0,1632500000.0,805000000.0,847209991.7347782,0.2578749196436771,0.09640861564855174,19.385181016131657,25.64324756432897,0.0389966207474848,25.52686043231789,1.1498136645962733,0.9595712098009188,4189200000.0,14300000.0,0.47833904207016625,1.0,0.06989618756746564,0.07066786227880759,3.8461538461538463,-1.3390329284860227,0.5463956575648911,260.0,[],True,1.0,ig,Health Care Equipment and Services,32.142857142857146,56.666666666666664,39.130434782608695,29.310344827586203,59.67741935483871,34.48275862068966,60.714285714285715,60.0,21.428571428571427,1.0,53.712026310948254,"{'profitability': 39.3, 'growth': 100.0, 'balance': 68.0, 'stability': 81.2}",62.94898622424544,False,0.028333297004346836,24.926886177388276,,58.330506267596846,,False,"{""floor"": false, ""depressed_arms"": {""self_pct"": true, ""self_z"": true, ""median_ratio"": true}, ""yield_arm"": false, ""residual_arm"": false, ""brakes"": {""gm"": true, ""fcf_margin"": true, ""roic"": true}, ""self_pct"": 3.8461538461538463, ""self_z"": -1.3390329284860227, ""median_ratio"": 0.5463956575648911, ""fcf_yield"": 0.0389966207474848, ""yield_threshold"": 0.0495, ""gs10"": 0.0495, ""residual_pct"": null, ""brake_values"": {""gm"": 1.0113569588354703, ""fcf_margin"": 1.293342015604782, ""roic"": 1.3793115047297195}}",False,"{""floor"": false, ""mom_sector_pct"": 21.428571428571427, ""eps_rev_proxy"": null}"
VTRS,1792044,Viatris,Health Care,Pharmaceuticals,Pharmaceuticals Biotechnology and Life Sciences,22.390143737166323,154397592.17892954,0.6747278171956317,-0.05274348342185231,0.7163974747368593,8.0,0.3733118085428981,0.09999887837575834,0.13808751878709008,0.1374511609107648,0.12761545459667076,3,7,False,0.03810826926878108,0.1439544094903733,0.3493378159495842,0.1213096680232479,0.9357802457766107,0.8784984268584689,0.3894323851988867,,16.510000228881836,1148590864.0,18963235427.531586,31703235427.531586,27000400000.0,12740000000.0,14693800000.0,-87300000.0,1954800000.0,1782500000.0,2716400000.0,,-64503689.748329304,0.26112611972131383,-0.002388990153787696,,17.78582632680594,0.05622454541191872,,,4.690030923280813,6654400000.0,13676900000.0,0.752999955556214,0.0,-0.006134544132911845,0.007593276831220897,88.60759493670885,1.324145915978674,1.2406989918498341,237.0,[],True,0.8,ig,Pharmaceuticals Biotechnology and Life Sciences,9.090909090909092,18.181818181818183,12.5,9.090909090909092,9.090909090909092,,18.181818181818173,,95.23809523809523,1.0,16.221687424953316,"{'profitability': 24.3, 'growth': 65.9, 'balance': 0.0, 'stability': 55.0}",,False,,,,,,False,"{""floor"": false, ""depressed_arms"": {""self_pct"": false, ""self_z"": false, ""median_ratio"": false}, ""yield_arm"": true, ""residual_arm"": false, ""brakes"": {""gm"": false, ""fcf_margin"": false, ""roic"": false}, ""self_pct"": 88.60759493670885, ""self_z"": 1.324145915978674, ""median_ratio"": 1.2406989918498341, ""fcf_yield"": 0.05622454541191872, ""yield_threshold"": 0.0495, ""gs10"": 0.0495, ""residual_pct"": null, ""brake_values"": {""gm"": 0.9357802457766107, ""fcf_margin"": 0.8784984268584689, ""roic"": 0.3894323851988867}}",False,"{""floor"": false, ""mom_sector_pct"": 95.23809523809523, ""eps_rev_proxy"": null}"
AMCR,1748790,Amcor,Materials,Paper & Plastic Packaging Products & Materials,Materials,7.268993839835729,153751632.79230827,0.16272621362184103,-0.12426434491402083,0.08437036110998974,12.0,0.19330295592028762,0.028460083932397132,0.064078014995485,0.05843108504398827,0.16381555291242958,9,11,False,0.12818624051338734,,0.19952352590827874,0.04875350974219348,1.0321804183406087,0.7608461302309177,0.9957257559608156,,42.31999969482422,462345690.0,19566469459.703293,24888869459.703293,17112400000.0,5322400000.0,23506000000.0,1899000000.0,1229000000.0,1146000000.0,3378000000.0,1106000000.0,1582354849.004771,0.1667431021565187,0.09246831823734666,13.106303033019111,21.718036177751564,0.046044678801319155,17.69120204313137,1.1112115732368897,1.5723505032563647,12075000000.0,6588000000.0,1.090612655150651,3.0,0.09286524696563693,0.0953044842066701,0.38461538461538464,-2.9238386094121367,0.23183921415903078,260.0,['fcf_cagr5 gate'],False,1.0,ig,Materials,33.33333333333333,28.57142857142857,14.285714285714285,46.42857142857143,100.0,72.72727272727273,45.45454545454546,83.33333333333334,57.14285714285714,1.0,45.865558906231215,"{'profitability': 32.9, 'growth': 100.0, 'balance': 47.6, 'stability': 79.9}",77.48007030706242,False,-0.28123817247302263,28.771383021486095,,61.67281460664682,,False,"{""floor"": false, ""depressed_arms"": {""self_pct"": true, ""self_z"": true, ""median_ratio"": true}, ""yield_arm"": false, ""residual_arm"": false, ""brakes"": {""gm"": true, ""fcf_margin"": false, ""roic"": true}, ""self_pct"": 0.38461538461538464, ""self_z"": -2.9238386094121367, ""median_ratio"": 0.23183921415903078, ""fcf_yield"": 0.046044678801319155, ""yield_threshold"": 0.0495, ""gs10"": 0.0495, ""residual_pct"": null, ""brake_values"": {""gm"": 1.0321804183406087, ""fcf_margin"": 0.7608461302309177, ""roic"": 0.9957257559608156}}",False,"{""floor"": false, ""mom_sector_pct"": 57.14285714285714, ""eps_rev_proxy"": null}"
FTV,1659166,Fortive,Industrials,Industrial Machinery & Supplies & Components,Capital Goods,10.20123203285421,150086713.98552614,0.2659802059256673,-0.12599235814728604,0.12497151604329426,10.0,0.6118634013940201,0.04975609584347539,0.23789454982111335,0.20708807193864057,0.16737134155537814,7,9,False,-0.02140910787620065,-0.06393711288329884,0.6325494640411767,0.20321575293950986,1.0338083019837878,0.8542261816940301,1.2171606156974826,,54.689998626708984,304861021.0,16672848819.827099,19914748819.8271,9325000000.0,3241900000.0,4235400000.0,746600000.0,971300000.0,860700000.0,1162900000.0,497200000.0,657706449.3267187,0.11906449326718639,0.07053152271600201,26.6739201980004,23.137851539243755,0.04321922449471661,33.53348515653077,1.9535398230088497,2.7806346203456873,7288500000.0,2093500000.0,1.0061126005361931,2.0,0.05794758868005647,0.057382385318106056,84.23076923076923,1.0219854495837792,1.1378077495607064,260.0,"['rev_cagr5 gate', 'fcf_cagr5 gate']",False,1.0,ig,Capital Goods,10.526315789473683,100.0,100.0,15.476190476190476,63.95348837209303,97.5,15.789473684210535,33.33333333333334,63.07692307692307,1.0,18.273625694201993,"{'profitability': 55.0, 'growth': 0.0, 'balance': 7.3, 'stability': 75.5}",28.715767348414985,False,-0.14492743434572253,26.746331014921243,,23.49469652130849,,False,"{""floor"": false, ""depressed_arms"": {""self_pct"": false, ""self_z"": false, ""median_ratio"": false}, ""yield_arm"": false, ""residual_arm"": false, ""brakes"": {""gm"": true, ""fcf_margin"": false, ""roic"": true}, ""self_pct"": 84.23076923076923, ""self_z"": 1.0219854495837792, ""median_ratio"": 1.1378077495607064, ""fcf_yield"": 0.04321922449471661, ""yield_threshold"": 0.0495, ""gs10"": 0.0495, ""residual_pct"": null, ""brake_values"": {""gm"": 1.0338083019837878, ""fcf_margin"": 0.8542261816940301, ""roic"": 1.2171606156974826}}",False,"{""floor"": false, ""mom_sector_pct"": 63.07692307692307, ""eps_rev_proxy"": null}"
PKG,75677,Packaging Corporation of America,Materials,Paper & Plastic Packaging Products & Materials,Materials,9.13347022587269,148419931.12645453,0.21677113022454964,-0.08451809844648084,0.11637368979065221,10.0,0.22590546458435962,0.0681208205655404,0.07384457185761927,0.07492333097428638,0.20286191058589645,6,9,False,0.06187600584788355,0.03562932157398624,0.2010676903068823,0.07268265055691901,0.8900523529912124,0.98426531197255,0.6903537149180389,,234.39999389648438,89098299.0,20884640741.78714,24846540741.78714,8623800000.0,3961900000.0,9534600000.0,1035500000.0,742400000.0,693000000.0,1811200000.0,691800000.0,779922591.1812738,0.2468154599891127,0.09043839040576936,23.9947279012913,35.853594143992986,0.027891206554742094,30.188841777662823,1.0731425267418329,2.1872239399293285,1416300000.0,565600000.0,0.2298174818525476,9.0,0.13100297492642088,0.12833516745662293,61.92307692307693,0.00023175923559506126,1.04957697127926,260.0,[],True,1.0,ig,Materials,58.333333333333336,50.0,42.857142857142854,92.85714285714286,71.42857142857143,63.63636363636363,27.272727272727266,41.666666666666664,71.42857142857143,1.0,23.348103155544397,"{'profitability': 37.1, 'growth': 40.6, 'balance': 27.1, 'stability': 66.4}",35.700695299755964,False,0.2123200362357469,28.995011004150896,,29.52439922765018,,False,"{""floor"": false, ""depressed_arms"": {""self_pct"": false, ""self_z"": false, ""median_ratio"": false}, ""yield_arm"": false, ""residual_arm"": false, ""brakes"": {""gm"": false, ""fcf_margin"": true, ""roic"": false}, ""self_pct"": 61.92307692307693, ""self_z"": 0.00023175923559506126, ""median_ratio"": 1.04957697127926, ""fcf_yield"": 0.027891206554742094, ""yield_threshold"": 0.0495, ""gs10"": 0.0495, ""residual_pct"": null, ""brake_values"": {""gm"": 0.8900523529912124, ""fcf_margin"": 0.98426531197255, ""roic"": 0.6903537149180389}}",False,"{""floor"": false, ""mom_sector_pct"": 71.42857142857143, ""eps_rev_proxy"": null}"
WYNN,1174922,Wynn Resorts,Consumer Discretionary,Casinos & Gaming,Consumer Services,17.828884325804243,147999868.80309096,-0.14787928414771423,-0.316544223488756,-0.27113054647895607,4.0,,,0.010366684333990215,0.08409910220394613,1.9616381619454695,6,9,False,0.2777382286479426,,,0.09517112535703807,,9.18047876166072,2.166672817002169,,87.69999694824219,102973891.0,9030809926.448624,19178828926.448624,9978568000.0,10148019000.0,7413425000.0,1165387000.0,791874000.0,705544000.0,1750987000.0,448885000.0,981090311.1093489,0.1581420497145164,0.09831974999913304,16.45704725249949,27.18303738172052,0.036787647603812625,20.11831521759164,1.764091025541063,6.216628107461677,18463000.0,224242000.0,0.024322628256880145,2.0,0.04537821734209471,0.04164157077037584,36.64596273291926,-0.15487115793276493,0.905966416431441,161.0,"['mktcap<10B', 'fcf_cagr5 gate']",False,0.9,ig,Consumer Services,41.66666666666667,30.76923076923077,,42.30769230769231,7.6923076923076925,76.92307692307693,0.0,53.84615384615385,33.33333333333333,1.0,18.174260112601452,"{'profitability': 27.2, 'growth': 100.0, 'balance': 0.0, 'stability': 44.4}",50.85680710165661,False,0.1640753131524808,23.069648594816428,,34.51553360712903,,False,"{""floor"": false, ""depressed_arms"": {""self_pct"": false, ""self_z"": false, ""median_ratio"": false}, ""yield_arm"": false, ""residual_arm"": false, ""brakes"": {""gm"": false, ""fcf_margin"": true, ""roic"": true}, ""self_pct"": 36.64596273291926, ""self_z"": -0.15487115793276493, ""median_ratio"": 0.905966416431441, ""fcf_yield"": 0.036787647603812625, ""yield_threshold"": 0.0495, ""gs10"": 0.0495, ""residual_pct"": null, ""brake_values"": {""gm"": null, ""fcf_margin"": 9.18047876166072, ""roic"": 2.166672817002169}}",False,"{""floor"": false, ""mom_sector_pct"": 33.33333333333333, ""eps_rev_proxy"": null}"
GEN,849399,Gen Digital,Information Technology,Systems Software,Software and Services,23.471594798083505,147196325.66163868,-0.007521869996071073,-0.024500329389634867,0.05915672459610555,8.0,0.8143068328750797,0.028575256982864214,0.3077289150565471,0.2726810673443456,0.34849427069936545,7,9,False,0.1440681863736788,0.16820852899657845,0.780074817877535,0.26048434731246306,0.9579617736023638,0.8464734204928304,0.8380228140315666,,30.260000228881836,598587032.0,18113243725.3257,25785243725.3257,10328000000.0,7672000000.0,5079000000.0,2117000000.0,1548000000.0,1323000000.0,2610000000.0,1053000000.0,1453194915.2542372,0.3135593220338983,0.14070438761175805,12.180086785699432,19.489980140079894,0.05130841554546093,17.201560992711965,1.4700854700854702,2.9337164750957854,10938000000.0,2054000000.0,1.2579395817195973,5.0,0.16790042616483947,0.10487380608451032,51.153846153846146,0.0729301391195148,1.0278345635651527,260.0,[],True,1.0,ig,Software and Services,55.00000000000001,91.30434782608695,84.21052631578947,57.14285714285714,19.565217391304348,40.909090909090914,9.523809523809518,81.81818181818181,32.20338983050847,1.0,41.953114357014414,"{'profitability': 76.2, 'growth': 100.0, 'balance': 2.2, 'stability': 68.6}",58.27131254242615,False,-0.5392650154028202,33.42036718002177,,50.11221344972029,,False,"{""floor"": false, ""depressed_arms"": {""self_pct"": false, ""self_z"": false, ""median_ratio"": false}, ""yield_arm"": true, ""residual_arm"": false, ""brakes"": {""gm"": false, ""fcf_margin"": false, ""roic"": false}, ""self_pct"": 51.153846153846146, ""self_z"": 0.0729301391195148, ""median_ratio"": 1.0278345635651527, ""fcf_yield"": 0.05130841554546093, ""yield_threshold"": 0.0495, ""gs10"": 0.0495, ""residual_pct"": null, ""brake_values"": {""gm"": 0.9579617736023638, ""fcf_margin"": 0.8464734204928304, ""roic"": 0.8380228140315666}}",False,"{""floor"": false, ""mom_sector_pct"": 32.20338983050847, ""eps_rev_proxy"": null}"
IEX,832101,IDEX Corporation,Industrials,Industrial Machinery & Supplies & Components,Capital Goods,7.096509240246407,146419311.3197843,0.5103824025551698,-0.061647256955859486,0.41727147048324276,10.0,0.4440925586597052,0.00549684319330994,0.16993627529802136,0.17078993055555555,0.1086815811461864,7,9,False,0.08013924934357308,0.03565054967020065,0.4469918835243913,0.17044598778344908,1.0065286499585502,1.0029994330788634,0.8476819465327478,,224.2100067138672,73719896.0,16528738377.10559,17885638377.10559,5364900000.0,1356900000.0,3585300000.0,741700000.0,641500000.0,611100000.0,954400000.0,519500000.0,565338044.9141347,0.23778071334214002,0.1053771822241113,24.114383682224066,29.267940397816382,0.03416707791555459,31.816628252368798,1.2348411934552455,1.423197820620285,3382600000.0,1073600000.0,0.8306212604149192,6.0,0.1243121699773517,0.1288706123154617,45.76923076923077,-0.13252435243137842,0.9821584050310305,260.0,[],True,1.0,ig,Capital Goods,42.10526315789473,90.47619047619048,81.81818181818183,45.23809523809524,63.95348837209303,52.5,57.89473684210527,40.476190476190474,83.07692307692308,1.0,45.112943360903785,"{'profitability': 60.4, 'growth': 48.2, 'balance': 52.6, 'stability': 82.9}",42.39298051752351,False,0.07292004839944077,27.20967705722364,,43.75296193921365,,False,"{""floor"": false, ""depressed_arms"": {""self_pct"": false, ""self_z"": false, ""median_ratio"": false}, ""yield_arm"": false, ""residual_arm"": false, ""brakes"": {""gm"": true, ""fcf_margin"": true, ""roic"": false}, ""self_pct"": 45.76923076923077, ""self_z"": -0.13252435243137842, ""median_ratio"": 0.9821584050310305, ""fcf_yield"": 0.03416707791555459, ""yield_threshold"": 0.0495, ""gs10"": 0.0495, ""residual_pct"": null, ""brake_values"": {""gm"": 1.0065286499585502, ""fcf_margin"": 1.0029994330788634, ""roic"": 0.8476819465327478}}",False,"{""floor"": false, ""mom_sector_pct"": 83.07692307692308, ""eps_rev_proxy"": null}"
HII,1501585,Huntington Ingalls Industries,Industrials,Aerospace & Defense,Capital Goods,8.692676249144421,138430578.52210695,0.207126829047378,-0.3651399650611209,0.03504879586643739,10.0,,,0.0398231930406463,0.04177594604720869,0.5463901099723378,9,9,False,0.059269098321768965,0.014186339457962216,,-0.010390595373530527,,-0.2609181881253261,0.8081894009635096,gm_derived,279.69000244140625,39404598.0,11021072110.822632,14593072110.822632,8884000000.0,3572000000.0,13185000000.0,698000000.0,-85000000.0,-137000000.0,1020000000.0,661000000.0,546656398.1042655,0.21682464454976302,0.061532687765000614,20.906980101465088,,-0.009388016379251423,16.673331483846646,-0.12859304084720122,3.5019607843137255,2650000000.0,651000000.0,0.3715668617739757,5.0,0.0761364696092802,0.07251799099553727,,,,,[],True,0.8,ig,Capital Goods,21.052631578947366,11.904761904761903,,40.476190476190474,63.95348837209303,2.5,7.89473684210526,54.76190476190476,58.46153846153847,1.0,10.22346566597764,"{'profitability': 15.4, 'growth': 30.6, 'balance': 0.0, 'stability': 66.7}",,False,,,,,,False,"{""floor"": false, ""depressed_arms"": {""self_pct"": false, ""self_z"": false, ""median_ratio"": false}, ""yield_arm"": false, ""residual_arm"": false, ""brakes"": {""gm"": false, ""fcf_margin"": false, ""roic"": false}, ""self_pct"": null, ""self_z"": null, ""median_ratio"": null, ""fcf_yield"": -0.009388016379251423, ""yield_threshold"": 0.0495, ""gs10"": 0.0495, ""residual_pct"": null, ""brake_values"": {""gm"": null, ""fcf_margin"": -0.2609181881253261, ""roic"": 0.8081894009635096}}",False,"{""floor"": false, ""mom_sector_pct"": 58.46153846153847, ""eps_rev_proxy"": null}"
IFF,51253,International Flavors & Fragrances,Materials,Specialty Chemicals,Materials,50.45311430527036,137283110.36231878,0.31387686784616964,-0.04934617951658005,0.304980343600578,9.0,0.3391029035519759,0.053156405942039034,0.042248861604364016,0.04615116684082202,0.7822942925853421,6,9,False,0.16456696810652138,-0.13281073620242412,0.3888220496554741,0.049436727551132015,1.1466196413616891,1.170131588729613,-1.7633876041983019,,83.61000061035156,255149963.0,21333088562.16118,27144088562.16118,19787000000.0,5811000000.0,9143000000.0,734000000.0,540000000.0,452000000.0,1682000000.0,,557649350.6493506,0.24025974025974026,0.028182612354038038,36.98104708741305,60.05329327911765,0.016651876115305907,,,3.435196195005945,8145000000.0,3732000000.0,0.6002425835144287,0.0,-0.015982086007035785,-0.016355477386741278,55.45454545454545,0.06807110106887124,1.0744546170539302,220.0,['fcf_cagr5 gate'],False,0.9,ig,Materials,8.333333333333332,21.428571428571427,64.28571428571429,14.285714285714285,39.285714285714285,,0.0,8.333333333333343,78.57142857142857,1.0,9.910116617364615,"{'profitability': 9.2, 'growth': 50.0, 'balance': 0.0, 'stability': 53.0}",24.162229501258444,False,,,,17.03617305931153,,False,"{""floor"": false, ""depressed_arms"": {""self_pct"": false, ""self_z"": false, ""median_ratio"": false}, ""yield_arm"": false, ""residual_arm"": false, ""brakes"": {""gm"": true, ""fcf_margin"": true, ""roic"": false}, ""self_pct"": 55.45454545454545, ""self_z"": 0.06807110106887124, ""median_ratio"": 1.0744546170539302, ""fcf_yield"": 0.016651876115305907, ""yield_threshold"": 0.0495, ""gs10"": 0.0495, ""residual_pct"": null, ""brake_values"": {""gm"": 1.1466196413616891, ""fcf_margin"": 1.170131588729613, ""roic"": -1.7633876041983019}}",False,"{""floor"": false, ""mom_sector_pct"": 78.57142857142857, ""eps_rev_proxy"": null}"
UHS,352915,Universal Health Services,Health Care,Health Care Facilities,Health Care Equipment and Services,11.980835044490075,131079872.36203448,-0.11036949569778864,-0.27927017296835477,-0.08412569450006624,10.0,,,0.029651855390810722,0.030599547289534724,0.7057506794638717,9,9,False,0.08480286480142118,-0.12213094292578985,,0.04140365664233274,,1.3963260004014442,1.288180279220817,shares_was_proxy,174.8300018310547,59282000.0,10364272168.548584,15646591168.548584,12796131000.0,5282319000.0,18114487000.0,2058455000.0,845400000.0,750006000.0,,1526027000.0,1574600199.1295638,0.23505726424451165,0.12305283519913666,7.601133456183684,20.86195466242748,0.047934146928284085,6.791670244726066,0.5539875768908413,,3981713000.0,75876000.0,0.31709498753959303,3.0,0.09552454511535277,0.09713264136732536,24.358974358974358,-0.17140123042552294,0.6489349099141847,234.0,['fcf_cagr5 gate'],False,0.8,ig,Health Care Equipment and Services,39.285714285714285,16.666666666666664,,43.103448275862064,59.67741935483871,6.896551724137931,,96.66666666666667,16.666666666666664,0.7,21.677700971498062,"{'profitability': 30.4, 'growth': 35.3, 'balance': None, 'stability': 66.7}",70.04691074515189,False,-0.18504906924140574,25.102720288161898,,45.86230585832497,,False,"{""floor"": false, ""depressed_arms"": {""self_pct"": false, ""self_z"": false, ""median_ratio"": true}, ""yield_arm"": false, ""residual_arm"": false, ""brakes"": {""gm"": false, ""fcf_margin"": true, ""roic"": true}, ""self_pct"": 24.358974358974358, ""self_z"": -0.17140123042552294, ""median_ratio"": 0.6489349099141847, ""fcf_yield"": 0.047934146928284085, ""yield_threshold"": 0.0495, ""gs10"": 0.0495, ""residual_pct"": null, ""brake_values"": {""gm"": null, ""fcf_margin"": 1.3963260004014442, ""roic"": 1.288180279220817}}",False,"{""floor"": false, ""mom_sector_pct"": 16.666666666666664, ""eps_rev_proxy"": null}"
J,52988,Jacobs Solutions,Industrials,Construction & Engineering,Capital Goods,18.882956878850102,127680031.67906587,-0.005825319467499646,-0.10169020326058398,-0.022758954976687673,9.0,0.24479021776876628,0.06398820513893612,0.05228839435626618,0.045429913407415576,0.30284276723000336,7,9,False,-0.023763696704604875,,0.22067032387720956,0.04037655803245411,0.9014670843001543,0.7721896709497149,0.9482567388850125,,141.85000610351562,117038611.0,16601927684.696991,19521465684.69699,6184027000.0,2919538000.0,14219216000.0,649643000.0,644544000.0,574123000.0,794725000.0,338427000.0,410025020.5939171,0.3688456266073566,0.0663038858973153,30.04952825582203,34.00223590536695,0.029409830658876136,49.056155935244504,1.9045288939712257,3.6910616880052847,4756461000.0,604199000.0,0.8668558529902926,1.0,0.06992187155482524,0.05868170577027504,64.23076923076924,0.3754607538723612,1.2202138770748032,260.0,"['rev_cagr5 gate', 'fcf_cagr5 gate']",False,1.0,ig,Capital Goods,15.789473684210526,16.666666666666664,24.242424242424242,5.952380952380952,22.093023255813954,95.0,5.26315789473685,21.42857142857143,29.230769230769234,1.0,6.127513496933432,"{'profitability': 22.7, 'growth': 0.0, 'balance': 0.0, 'stability': 67.3}",28.8348539595676,False,0.23580207295885058,26.859624508488487,,17.481183728250514,,False,"{""floor"": false, ""depressed_arms"": {""self_pct"": false, ""self_z"": false, ""median_ratio"": false}, ""yield_arm"": false, ""residual_arm"": false, ""brakes"": {""gm"": false, ""fcf_margin"": false, ""roic"": true}, ""self_pct"": 64.23076923076924, ""self_z"": 0.3754607538723612, ""median_ratio"": 1.2202138770748032, ""fcf_yield"": 0.029409830658876136, ""yield_threshold"": 0.0495, ""gs10"": 0.0495, ""residual_pct"": null, ""brake_values"": {""gm"": 0.9014670843001543, ""fcf_margin"": 0.7721896709497149, ""roic"": 0.9482567388850125}}",False,"{""floor"": false, ""mom_sector_pct"": 29.230769230769234, ""eps_rev_proxy"": null}"
TAP,24545,Molson Coors Beverage Company,Consumer Staples,Brewers,Food Beverage and Tobacco,50.20396988364134,118388294.45774853,-0.08749636487768697,-0.24341098949328765,-0.15974201252886278,10.0,0.31670017355024704,0.052174653189478046,0.08181003467775735,0.08183198258620551,0.17012448331925634,5,9,False,0.021512855109274698,-0.009659341346484385,0.3277992070734569,0.07920063188730321,1.0350458713008848,0.9681041231588233,-6.678235997113934,shares_was_proxy,38.93000030517578,199100000.0,7750963060.760498,13761563060.760498,16130100000.0,6010600000.0,13040300000.0,-2336900000.0,1067800000.0,1032800000.0,-1625600000.0,-2139600000.0,-1792229714.5708585,0.23307385229540914,-0.11111088676268954,,13.324518842719305,0.07504961430906854,,,-3.5823080708661417,2144800000.0,11839600000.0,0.8669754062281076,1.0,0.016637759853156915,0.057768336575176875,15.0,-0.7813449169798997,0.8454907387818841,260.0,['mktcap<10B'],False,0.8,ig,Food Beverage and Tobacco,7.6923076923076925,25.0,18.75,23.076923076923077,56.25,,86.66666666666667,,13.793103448275861,1.0,24.99720880281972,"{'profitability': 15.8, 'growth': 9.0, 'balance': 100.0, 'stability': 64.1}",,False,-0.3182216995942184,18.31696280282085,,,,False,"{""floor"": false, ""depressed_arms"": {""self_pct"": true, ""self_z"": false, ""median_ratio"": false}, ""yield_arm"": true, ""residual_arm"": false, ""brakes"": {""gm"": true, ""fcf_margin"": true, ""roic"": false}, ""self_pct"": 15.0, ""self_z"": -0.7813449169798997, ""median_ratio"": 0.8454907387818841, ""fcf_yield"": 0.07504961430906854, ""yield_threshold"": 0.0495, ""gs10"": 0.0495, ""residual_pct"": null, ""brake_values"": {""gm"": 1.0350458713008848, ""fcf_margin"": 0.9681041231588233, ""roic"": -6.678235997113934}}",False,"{""floor"": false, ""mom_sector_pct"": 13.793103448275861, ""eps_rev_proxy"": null}"
NDSN,72331,Nordson Corporation,Industrials,Industrial Machinery & Supplies & Components,Capital Goods,4.574948665297741,117128685.60725708,0.39636862503437853,-0.050642868415604836,0.4266481044382171,10.0,0.5515110513763457,0.01052251518027549,0.1999210543180704,0.20525999181274815,0.13821767513675173,7,9,False,0.056479601334163076,0.07907001567409888,0.5528561528561529,0.2351879911201945,1.002438938397427,1.1764043158056536,0.9835044012205103,gm_derived,314.4700012207031,55699366.0,17515779694.01239,19028267694.01239,4781547000.0,1512488000.0,2979795000.0,800961000.0,724013000.0,700812000.0,877217000.0,555178000.0,659254789.8380016,0.17692023726748038,0.1378747902797989,23.75679676540105,27.151743540368017,0.03683004734164655,31.549844723696527,1.3041096729337258,1.7241891117021215,3315820000.0,626343000.0,0.8244534666291056,10.0,0.1401872631263255,0.12266630092557447,32.30769230769231,-0.39038521663618886,0.9660770202348743,260.0,[],True,1.0,ig,Capital Goods,47.368421052631575,95.23809523809523,90.9090909090909,86.90476190476191,63.95348837209303,65.0,44.73684210526315,45.238095238095234,75.38461538461539,1.0,47.25193286090637,"{'profitability': 71.7, 'growth': 56.5, 'balance': 42.5, 'stability': 80.9}",48.870442773922534,False,-0.004835873794515777,27.28336393874541,,48.06118781741445,,False,"{""floor"": false, ""depressed_arms"": {""self_pct"": false, ""self_z"": false, ""median_ratio"": false}, ""yield_arm"": false, ""residual_arm"": false, ""brakes"": {""gm"": true, ""fcf_margin"": true, ""roic"": true}, ""self_pct"": 32.30769230769231, ""self_z"": -0.39038521663618886, ""median_ratio"": 0.9660770202348743, ""fcf_yield"": 0.03683004734164655, ""yield_threshold"": 0.0495, ""gs10"": 0.0495, ""residual_pct"": null, ""brake_values"": {""gm"": 1.002438938397427, ""fcf_margin"": 1.1764043158056536, ""roic"": 0.9835044012205103}}",False,"{""floor"": false, ""mom_sector_pct"": 75.38461538461539, ""eps_rev_proxy"": null}"
MGM,789570,MGM Resorts,Consumer Discretionary,Casinos & Gaming,Consumer Services,9.13347022587269,112370188.42677143,0.27641098257439634,-0.1890628074140842,0.1545586185385459,8.0,,,0.08051335687434653,0.07811636234957606,0.2522421921184583,8,9,False,0.277113404785333,,,0.07873105122883604,,0.9778632302179121,0.6862095320138739,,39.88999938964844,251592756.0,10036034883.279968,39176222883.27997,31653963000.0,29140188000.0,17761442000.0,1017036000.0,1494547000.0,1398377000.0,,425926000.0,938657258.0395802,0.07706584817097897,0.029653704278342026,38.519996227547466,28.015494307529348,0.03569453349717422,23.562860410681594,3.5089358245329,,4768737000.0,1356676000.0,0.19351172553022825,1.0,0.043213774940308584,0.04202766631619687,5.533596837944664,-0.07600576033479571,0.8614632770934519,253.0,['fcf_cagr5 gate'],False,0.8,ig,Consumer Services,33.33333333333333,38.46153846153847,,26.923076923076923,38.46153846153847,100.0,,7.692307692307693,78.78787878787878,0.7,42.45070078369601,"{'profitability': 23.0, 'growth': 100.0, 'balance': None, 'stability': 75.8}",45.34938569017791,False,0.19533965956059607,23.04429113556037,,43.90004323693696,,False,"{""floor"": false, ""depressed_arms"": {""self_pct"": true, ""self_z"": false, ""median_ratio"": false}, ""yield_arm"": false, ""residual_arm"": false, ""brakes"": {""gm"": false, ""fcf_margin"": true, ""roic"": false}, ""self_pct"": 5.533596837944664, ""self_z"": -0.07600576033479571, ""median_ratio"": 0.8614632770934519, ""fcf_yield"": 0.03569453349717422, ""yield_threshold"": 0.0495, ""gs10"": 0.0495, ""residual_pct"": null, ""brake_values"": {""gm"": null, ""fcf_margin"": 0.9778632302179121, ""roic"": 0.6862095320138739}}",False,"{""floor"": false, ""mom_sector_pct"": 78.78787878787878, ""eps_rev_proxy"": null}"
HRL,48465,Hormel Foods,Consumer Staples,Packaged Foods & Meats,Food Beverage and Tobacco,17.527720739219713,102128718.57961789,0.029810821298356105,-0.21476296911899218,-0.13678861085818128,10.0,0.16682132833702906,0.035594130283219394,0.06383424041884073,0.06541029663217429,0.19524254570376157,5,9,False,0.04729856026370727,-0.06815746663983346,0.1567837288015035,0.062185439573896606,0.93983023852174,0.9741705887917564,0.4609207233650294,shares_was_proxy,20.56999969482422,550688000.0,11327651991.94336,13616646991.94336,10132439000.0,2288995000.0,12146911000.0,573886000.0,780869000.0,755361000.0,845608000.0,342711000.0,376571452.4740182,0.3438218522946749,0.03716493654430273,23.727093868718455,18.02667465217738,0.055473348207303076,33.0530738492297,2.2785057964290614,2.6877524810550515,4867763000.0,1572850000.0,0.6356429088790961,6.0,0.08063194961809017,0.08001175529317855,3.076923076923077,-0.8773397651455158,0.7091394889795682,260.0,['fcf_cagr5 gate'],False,1.0,ig,Food Beverage and Tobacco,38.46153846153847,12.5,12.5,46.15384615384615,56.25,92.3076923076923,33.33333333333334,21.42857142857143,37.93103448275862,1.0,11.425592606208756,"{'profitability': 21.7, 'growth': 19.7, 'balance': 10.4, 'stability': 64.5}",57.403909224095685,False,-0.0494517942529451,18.94053586837762,,34.41475091515222,,False,"{""floor"": false, ""depressed_arms"": {""self_pct"": true, ""self_z"": false, ""median_ratio"": true}, ""yield_arm"": true, ""residual_arm"": false, ""brakes"": {""gm"": false, ""fcf_margin"": true, ""roic"": false}, ""self_pct"": 3.076923076923077, ""self_z"": -0.8773397651455158, ""median_ratio"": 0.7091394889795682, ""fcf_yield"": 0.055473348207303076, ""yield_threshold"": 0.0495, ""gs10"": 0.0495, ""residual_pct"": null, ""brake_values"": {""gm"": 0.93983023852174, ""fcf_margin"": 0.9741705887917564, ""roic"": 0.4609207233650294}}",False,"{""floor"": false, ""mom_sector_pct"": 37.93103448275862, ""eps_rev_proxy"": null}"
HSIC,1000228,Henry Schein,Health Care,Health Care Distributors,Health Care Equipment and Services,11.493497604380561,100824908.22584885,0.30082587833940777,-0.016145161871273683,0.2803941149852869,10.0,0.3080539601006563,0.024171537990602482,0.039688483712754,0.04050364077669903,0.21457814490906063,7,9,False,0.054343001644374,,0.31318923687692984,0.0389648581091016,1.0166700560336754,0.9817673658462327,,,88.36000061035156,111446542.0,9847416519.141571,12183962519.141571,5493546000.0,2336546000.0,13602000000.0,680000000.0,569000000.0,530000000.0,1007000000.0,424000000.0,,,,17.917591939914075,22.98860852668221,0.04349980551625511,23.225038960239555,1.3419811320754718,1.664891757696127,4272000000.0,1043059000.0,0.9675096922825439,,,,49.23076923076923,-0.05017322035487214,0.989246892055555,260.0,"['mktcap<10B', 'fcf_cagr5 gate']",False,0.8,ig,Health Care Equipment and Services,,26.666666666666668,26.08695652173913,,59.67741935483871,55.172413793103445,50.0,66.66666666666667,66.66666666666666,1.0,25.124812583865147,"{'profitability': 15.6, 'growth': 45.3, 'balance': 44.5, 'stability': 75.7}",52.299941654876534,False,,,,38.71237711937084,,False,"{""floor"": false, ""depressed_arms"": {""self_pct"": false, ""self_z"": false, ""median_ratio"": false}, ""yield_arm"": false, ""residual_arm"": false, ""brakes"": {""gm"": true, ""fcf_margin"": true, ""roic"": false}, ""self_pct"": 49.23076923076923, ""self_z"": -0.05017322035487214, ""median_ratio"": 0.989246892055555, ""fcf_yield"": 0.04349980551625511, ""yield_threshold"": 0.0495, ""gs10"": 0.0495, ""residual_pct"": null, ""brake_values"": {""gm"": 1.0166700560336754, ""fcf_margin"": 0.9817673658462327, ""roic"": null}}",False,"{""floor"": false, ""mom_sector_pct"": 66.66666666666666, ""eps_rev_proxy"": null}"
AOS,91142,A. O. Smith,Industrials,Building Products,Capital Goods,9.13347022587269,96161098.89678016,-0.12420943707986487,-0.27832728839145704,-0.1915454181796531,10.0,0.37594040956193764,0.03313037334138961,0.13345055553018087,0.1425513028040311,0.19702988229748036,6,9,False,0.05756136403417389,0.015613976621913883,0.38592341454440326,0.16804646639859128,1.0265547537017856,1.2592414151515936,0.7774915923471257,shares_was_proxy;sbc_unreported,57.38999938964844,136147490.0,7813504368.002167,8496704368.002167,2525100000.0,683200000.0,3804900000.0,666300000.0,639400000.0,639400000.0,758700000.0,500300000.0,516741419.9348938,0.22446132382576345,0.20464196266876314,12.752070190608084,13.288558598689658,0.07525270649734779,15.617638153112466,1.2780331800919449,0.8754448398576512,915200000.0,93300000.0,0.3993901231634391,10.0,0.2632079429321943,0.2721726536780593,3.076923076923077,-2.0502999704739815,0.6550080387511361,260.0,['mktcap<10B'],False,1.0,ig,Capital Goods,81.57894736842105,76.19047619047619,60.60606060606061,86.90476190476191,63.95348837209303,60.0,76.31578947368422,92.85714285714286,20.0,1.0,43.361915165787565,"{'profitability': 78.5, 'growth': 30.5, 'balance': 70.8, 'stability': 70.2}",84.76628813968053,False,-0.7335496769660943,27.672885921888035,,64.06410165273405,,False,"{""floor"": false, ""depressed_arms"": {""self_pct"": true, ""self_z"": true, ""median_ratio"": true}, ""yield_arm"": true, ""residual_arm"": false, ""brakes"": {""gm"": true, ""fcf_margin"": true, ""roic"": false}, ""self_pct"": 3.076923076923077, ""self_z"": -2.0502999704739815, ""median_ratio"": 0.6550080387511361, ""fcf_yield"": 0.07525270649734779, ""yield_threshold"": 0.0495, ""gs10"": 0.0495, ""residual_pct"": null, ""brake_values"": {""gm"": 1.0265547537017856, ""fcf_margin"": 1.2592414151515936, ""roic"": 0.7774915923471257}}",False,"{""floor"": false, ""mom_sector_pct"": 20.0, ""eps_rev_proxy"": null}"
SOLV,1964738,Solventum,Health Care,Health Care Technology,Health Care Equipment and Services,2.4503764544832305,93626629.56799832,0.20711264579171162,-0.046242833245354165,0.19157920255517658,3.0,0.5602823597059503,0.029831750034154086,0.10699972109162445,0.1275270017056846,0.6627905418282916,3,3,False,,,0.5468110709987967,-0.03429602888086643,0.9759562504980102,-0.320524469886221,,,87.44999694824219,170223729.0,14886064581.568405,19981064581.568405,9895000000.0,5095000000.0,8310000000.0,2076000000.0,-118000000.0,-285000000.0,2582000000.0,1434000000.0,1755107964.60177,0.15457227138643068,0.17737321521998686,9.624790260871102,,-0.01426350427108369,10.380798174036546,-0.08228730822873083,1.9732765298218435,5626000000.0,2544000000.0,0.8256695300656898,1.0,,,,,,,"['rev_cagr5 gate', 'fcf_cagr5 gate']",False,0.8,ig,Health Care Equipment and Services,,53.333333333333336,47.82608695652174,29.310344827586203,4.838709677419355,3.4482758620689653,39.28571428571429,90.0,50.0,0.7,28.81141749535709,"{'profitability': 44.3, 'growth': None, 'balance': 34.2, 'stability': 72.0}",,False,,,,,,False,"{""floor"": false, ""depressed_arms"": {""self_pct"": false, ""self_z"": false, ""median_ratio"": false}, ""yield_arm"": false, ""residual_arm"": false, ""brakes"": {""gm"": true, ""fcf_margin"": false, ""roic"": false}, ""self_pct"": null, ""self_z"": null, ""median_ratio"": null, ""fcf_yield"": -0.01426350427108369, ""yield_threshold"": 0.0495, ""gs10"": 0.0495, ""residual_pct"": null, ""brake_values"": {""gm"": 0.9759562504980102, ""fcf_margin"": -0.320524469886221, ""roic"": null}}",False,"{""floor"": false, ""mom_sector_pct"": 50.0, ""eps_rev_proxy"": null}"
BF-B,14693,Brown–Forman,Consumer Staples,Distillers & Vintners,Food Beverage and Tobacco,43.86858316221766,65286928.499145746,0.05994619686998304,-0.1248444171714932,-0.013784020995531554,10.0,0.5994472994507823,0.013465347238644223,0.14355978573978317,0.10383159886471145,0.3391977793070172,6,9,False,0.025637699680790327,0.03414372589540915,0.6066411238825032,0.2280970625798212,1.0120007620992069,1.5888646072046284,0.7975207561404152,shares_was_proxy,26.219999313354492,452435000.0,11862845389.33754,14111845389.33754,6218000000.0,2249000000.0,3915000000.0,993000000.0,925000000.0,893000000.0,,721000000.0,800842281.8791946,0.1935123042505593,0.12879419136043657,14.21132466197134,15.802738397914379,0.06328017175377519,16.453322315308654,1.2829403606102636,,1513000000.0,936000000.0,0.3938565455130267,7.0,0.1614932155292526,0.14726582917289982,0.38461538461538464,-0.8819501467915538,0.3846504167379912,260.0,[],True,0.9,ig,Food Beverage and Tobacco,76.92307692307693,62.5,87.5,57.692307692307686,56.25,61.53846153846154,,78.57142857142857,55.172413793103445,0.7,26.62259763074485,"{'profitability': 53.0, 'growth': 24.9, 'balance': None, 'stability': 65.0}",81.2221467642278,False,-0.1967508312682984,19.23889618226001,,53.922372197486325,,False,"{""floor"": false, ""depressed_arms"": {""self_pct"": true, ""self_z"": false, ""median_ratio"": true}, ""yield_arm"": true, ""residual_arm"": false, ""brakes"": {""gm"": true, ""fcf_margin"": true, ""roic"": false}, ""self_pct"": 0.38461538461538464, ""self_z"": -0.8819501467915538, ""median_ratio"": 0.3846504167379912, ""fcf_yield"": 0.06328017175377519, ""yield_threshold"": 0.0495, ""gs10"": 0.0495, ""residual_pct"": null, ""brake_values"": {""gm"": 1.0120007620992069, ""fcf_margin"": 1.5888646072046284, ""roic"": 0.7975207561404152}}",False,"{""floor"": false, ""mom_sector_pct"": 55.172413793103445, ""eps_rev_proxy"": null}"
MU,723125,Micron Technology,Information Technology,Semiconductors,Semiconductors and Semiconductor Equipment,31.96167008898015,38141418634.4243,5.189782704863559,-0.1398424476947513,5.212716081795827,8.0,0.271675862383062,0.7236685441326504,-0.056565969486111624,0.0186205789501846,13.616582641589419,6,9,False,0.11763119291842661,,0.7256906750559408,0.2765801892017635,2.671163601692076,-4.889515581796418,,,975.260009765625,1129393151.0,1101451975473.49,1083697975473.49,82970000000.0,-17754000000.0,90274000000.0,59243000000.0,26172000000.0,24968000000.0,68254000000.0,50469000000.0,,,,18.292422319489052,43.40347546753805,0.023039629643204756,21.82432731921556,0.5185757593770434,-0.2601166232015706,1150000000.0,453000000.0,0.019320236229962637,,,,,,,,"['fcf_cagr5 gate', 'coverage<80%']",False,0.7,,,,,,,,,,,,,,,,,,,,,,,,,
SNDK,2023554,Sandisk,Information Technology,"Technology Hardware, Storage & Peripherals",Technology Hardware and Equipment,0.7912388774811773,21206950783.523003,18.053872491403535,-0.25238586768008353,17.963776009189644,1.0,0.3117568742990426,0.7912611640002911,0.06031032921610818,-0.06735600569436236,2.089060200858698,3,3,False,,,0.7147372580007902,0.5562030817858554,2.2926110598453135,9.22235194228222,,,1633.3499755859375,146419001.0,239153471708.66736,234592471708.66736,11175000000.0,-4561000000.0,20248000000.0,12389000000.0,11494000000.0,11262000000.0,,11433000000.0,10881419451.486519,0.12168702466005993,0.9737288099764223,18.935545379664813,20.83044501053697,0.048006655618454394,20.917823118050148,1.0053354325198984,,4994000000.0,,0.4468903803131991,1.0,,,,,,,"['tenure<1y', 'rev_cagr5 gate', 'fcf_cagr5 gate', 'coverage<80%']",False,0.7,,,,,,,,,,,,,,,,,,,,,,,,,
AMZN,1018724,Amazon,Consumer Discretionary,Broadline Retail,Broadline Retail,20.8186173853525,11422413389.254086,0.15121630910782868,-0.06448561461152402,0.12548764255414535,28.0,,,-0.014042908857436014,-0.0010821926664167985,2.857810092979188,8,8,False,0.13178194800406007,,0.5076964727722773,-0.03988629331683168,,2.84031561564334,,,256.7799987792969,10786313572.0,2769709585851.2734,2889041585851.2734,670952000000.0,119332000000.0,775680000000.0,93712000000.0,-11625000000.0,-30939000000.0,168912000000.0,135281000000.0,,,,30.828939579256375,,-0.010709087799746447,20.47375156785708,-0.08593224473503301,0.7064743771904898,23504000000.0,9197000000.0,0.04873821078109909,,,,,,,,"['fcf_cagr5 gate', 'coverage<80%']",False,0.6,,,,,,,,,,,,,,,,,,,,,,,,,
INTC,50863,Intel,Information Technology,Semiconductors,Semiconductors and Semiconductor Equipment,49.700205338809035,11126785596.438402,3.2566445317589787,-0.23173372474667098,3.2749170584533447,6.0,0.41104004759759505,0.19477074278616033,-0.18210652988854154,-0.19886129349446507,,5,9,False,-0.07457071162960704,,0.38604643007434425,0.0076798990040678914,0.939194203413193,-0.04217256244885002,-0.02389111495920897,,102.94000244140625,5044000000.0,519229372314.4531,576635372314.4531,144948000000.0,57406000000.0,57032000000.0,-77000000.0,2831000000.0,438000000.0,12302000000.0,-11289000000.0,-68386759.5455941,0.11186026564163509,-0.0004718020224190337,,1316.5191148731806,0.0007595787928201326,,,3.3982279304178182,20465000000.0,4840000000.0,0.17457984932527526,6.0,0.01974801189582719,0.00785453751375003,,,,,"['rev_cagr5 gate', 'fcf_cagr5 gate', 'coverage<80%']",False,0.7,,,,,,,,,,,,,,,,,,,,,,,,,
ORCL,1341439,Oracle Corporation,Information Technology,Application Software,Software and Services,37.034907597535934,4568403453.306474,-0.47896645782321023,-0.5075719546184714,-0.47979725046668376,8.0,,,-0.041602494487030794,0.05690386427898209,51.542104679270196,8,9,False,0.10721151086579872,,,-0.46720352206865806,,11.230180493487104,,,150.27999877929688,3023736000.0,454407042388.916,474421042388.916,86786000000.0,20014000000.0,71776000000.0,23057000000.0,-28720000000.0,-33534000000.0,33938000000.0,18920000000.0,18330739313.414387,0.20498159719762385,0.2112177000139929,20.57600912473071,,-0.07068404856399654,24.017285538526217,-1.517970401691332,0.4312569980552773,62267000000.0,3244000000.0,0.7548567741340769,3.0,,,,,,,"['fcf_cagr5 gate', 'coverage<80%']",False,0.7,,,,,,,,,,,,,,,,,,,,,,,,,
LITE,1633978,Lumentum,Information Technology,Communications Equipment,Technology Hardware and Equipment,0.47638603696098564,3843094828.4037714,4.681143358949665,-0.04498813470792695,4.686602901491144,7.0,0.3327565488970501,0.29481760690012027,-0.04058523255034342,-0.05495189586870402,1.972219203371944,7,9,False,0.1157814561822057,-0.14424207131315925,0.4166887856668879,0.04309887193098872,1.2522331627973615,-1.0619348275885148,,,927.030029296875,89700000.0,83154593627.92969,83684393627.92969,5173700000.0,529800000.0,3014000000.0,524800000.0,300100000.0,129900000.0,789300000.0,-6935100000.0,503158762.88659793,0.041237113402061855,0.09725317720134487,159.4595915166343,644.2216599532693,0.0015522607545864543,,,0.6712276700874192,1069300000.0,326900000.0,0.269864893596459,1.0,,,,,,,"['tenure<1y', 'fcf_cagr5 gate', 'coverage<80%']",False,0.7,,,,,,,,,,,,,,,,,,,,,,,,,
LLY,59478,Lilly (Eli),Health Care,Pharmaceuticals,Pharmaceuticals Biotechnology and Life Sciences,55.7015742642026,3126155483.051833,0.5721722130464877,-0.11127932971595267,0.4863005105481104,,0.7890977638403605,0.04005281419640179,,,,9,9,False,0.21575855656690868,,0.8339940099766776,,1.0568956702117838,,,gm_derived,1115.699951171875,941357065.0,1050272031455.7996,1098527931455.7996,82134900000.0,48255900000.0,79665800000.0,,,,,26711200000.0,,0.20491732523701092,,,,,39.31953755188084,,,8849000000.0,5354400000.0,0.17292770795362264,,,,,,,,"['fcf_cagr5 gate', 'coverage<80%']",False,0.1,,,,,,,,,,,,,,,,,,,,,,,,,
CAT,18230,Caterpillar Inc.,Industrials,Construction Machinery & Heavy Transportation Equipment,Capital Goods,69.52772073921972,2670874367.490473,1.002874717245021,-0.17783134884765084,0.9140212217869401,10.0,0.8585401405021356,0.32339139763827013,0.136788648804193,0.13194454718963144,0.2345188804444848,6,9,False,0.10115402157081044,0.10764087497839547,0.9416023230606592,0.14315727495349864,1.0967481642849488,1.04655814795292,,sbc_unreported;gm_derived,818.5700073242188,459674889.0,376276077255.48944,406122077255.48944,49240000000.0,29846000000.0,74729000000.0,13092000000.0,10698000000.0,10698000000.0,15471000000.0,,,,,31.02062918236247,37.96243010427084,0.0263418331559206,,,1.9292224161334108,5859000000.0,438000000.0,0.1278838342810723,,,,88.84615384615384,1.9607523663707096,1.8815891506992786,260.0,['coverage<80%'],True,0.7,,,,,,,,,,,,,,,,,,,,,,,,,
KLAC,319201,KLA Corporation,Information Technology,Semiconductor Materials & Equipment,Semiconductors and Semiconductor Equipment,28.95277207392197,2494079444.52018,1.1222355057227573,-0.3032664325078923,0.8839284982540707,10.0,0.6059831245679101,0.009826117327548007,0.28829135284142665,0.28724266725042696,0.09815102483658607,8,9,False,0.14438267834282237,0.14036548966752482,0.6130145227989652,0.25457263593970786,1.0116032904976828,0.8830394440576037,,gm_derived;share_jump_gt20pct,180.63999938964844,1306546783.0,236014610083.6671,237325116083.6671,7660326000.0,1310506000.0,13579476000.0,,3767134000.0,3456963000.0,,4830771000.0,,0.1382740582508685,,,68.65133242203261,0.014566359671688836,48.856509671782646,0.7798204468810466,,1788758000.0,230788000.0,0.2636370828082251,,,,98.84615384615385,6.980358345767813,20.995672203160606,260.0,['coverage<80%'],True,0.6,,,,,,,,,,,,,,,,,,,,,,,,,
GLW,24741,Corning Inc.,Information Technology,Electronic Components,Technology Hardware and Equipment,31.54277891854894,2187949641.680887,1.1692998214173156,-0.24581171721910833,1.1787527062863763,,0.33500094740918773,0.0613409022559631,,,,7,9,False,0.06695841428340232,,0.36377033718462626,,1.0858785325770977,,1.7739119809112294,,166.39999389648438,861388331.0,143335013020.90286,148344013020.90286,17569000000.0,5009000000.0,16964000000.0,2598000000.0,,,4034000000.0,1900000000.0,2239506234.413965,0.13798836242726517,0.12746919200944648,57.099312171248215,,,75.4394805373173,,0.5309866137828458,2476000000.0,657000000.0,0.17832545961636975,1.0,0.0718576757928923,0.06418452049712484,,,,,"['fcf_cagr5 gate', 'coverage<80%']",False,0.5,,,,,,,,,,,,,,,,,,,,,,,,,
IBM,51143,IBM,Information Technology,IT Consulting & Other Services,Software and Services,69.52772073921972,2008618190.9438827,-0.051406265066552104,-0.19723825946857654,-0.015093222134032525,10.0,0.5583809342770133,0.0260590604563556,0.16422352218774233,0.17004359197907584,0.11717911791446448,6,9,False,0.041240412922473046,-0.0492561730972797,0.5810261234532166,0.17241479122946668,1.0405550902369618,1.049878780655794,,,243.2899932861328,942134390.0,229211869417.73483,292807869417.73486,98048000000.0,63596000000.0,69095000000.0,,13790000000.0,11913000000.0,,10725000000.0,,0.11704592341717036,,,24.57885246518382,0.04068538193215121,21.37173607624567,1.2857808857808857,,74599000000.0,13955000000.0,0.9031698759791122,,,,71.53846153846153,0.7022106755051164,1.1779859998382938,260.0,['coverage<80%'],True,0.6,,,,,,,,,,,,,,,,,,,,,,,,,
JNJ,200406,Johnson & Johnson,Health Care,Pharmaceuticals,Pharmaceuticals Biotechnology and Life Sciences,53.204654346338124,1904344496.3561893,0.4877605543350736,-0.03506167216096889,0.5251320981419905,10.0,0.6906005595176778,0.011172971178056155,0.20853273789673366,0.20063645651076223,0.055937879214138786,8,9,False,0.02665503872479502,-0.004912054981440983,0.6790736145574855,0.21270512309938833,0.9833088102792114,1.0200082981921086,,,265.5799865722656,2409898597.0,640020837031.7817,672543837031.7817,117494000000.0,32523000000.0,97929000000.0,,22244000000.0,20830000000.0,,21037000000.0,,0.16506588347356724,,,32.28727014074804,0.03097195878254053,30.423579266615093,1.0573751010125019,,48479000000.0,26216000000.0,0.6357345907025039,,,,89.61538461538461,1.782157539620221,1.4083050198715772,260.0,['coverage<80%'],True,0.6,,,,,,,,,,,,,,,,,,,,,,,,,
COHR,820318,Coherent Corp.,Information Technology,Electronic Components,Technology Hardware and Equipment,0.47638603696098564,1869753829.453448,2.163705149341382,-0.21613576667609313,1.965045164105324,8.0,0.3462190574588253,0.08696861560732114,-0.026320632928828185,0.007774792137528131,,8,9,False,0.18042001127353102,,0.3749609626391911,-0.169968001656603,1.0830165311849824,6.45759553412723,,gm_derived;capex_gt_2x_cfo,305.3699951171875,195832246.0,59801292004.80786,61687413004.80786,12789616000.0,1886121000.0,7118181000.0,,-1023395000.0,-1209863000.0,,804998000.0,,0.07177849629541377,,,,-0.019612801721895914,74.28750382585778,-1.2713012951584972,,4375597000.0,3097313000.0,0.5842951031524324,0.0,0.031214114111488292,0.008996982675030574,,,,,"['tenure<1y', 'fcf_cagr5 gate', 'coverage<80%']",False,0.7,,,,,,,,,,,,,,,,,,,,,,,,,
MRNA,1682852,Moderna,Health Care,Biotechnology,Pharmaceuticals Biotechnology and Life Sciences,5.147159479808351,1864207713.7134252,1.6933219514407378,-0.010855388512034825,5.123777108425426,4.0,0.5985871300693586,0.3054523497458655,-0.4718133376705834,-0.6030957943925234,4.174140859339719,4,9,False,0.19342778041847408,,0.23384201077199285,-0.7657091561938959,0.3906565962166568,1.622906974131597,-2.513410876170363,gm_derived,143.97000122070312,399235889.0,57477991426.6785,57041991426.6785,6325000000.0,-436000000.0,2228000000.0,-3320000000.0,-1244000000.0,-1706000000.0,-3091000000.0,-3151000000.0,-2949389885.06967,0.11162955268985843,-0.4663067011967858,,,-0.029907791739579855,,,0.14105467486250403,52000000.0,109000000.0,0.025454545454545455,2.0,0.18552744623564635,-0.3115430994398627,,,,,"['fcf_cagr5 gate', 'coverage<80%']",False,0.7,,,,,,,,,,,,,,,,,,,,,,,,,
SMCI,1375365,Supermicro,Information Technology,"Technology Hardware, Storage & Peripherals",Technology Hardware and Equipment,2.48870636550308,1608704470.9822402,-0.11466666327582464,-0.2413923947956157,-0.108888922797309,5.0,0.13808110937007195,0.196114475775482,-0.06853656782630588,-0.09984394061775959,,8,9,False,0.6148277410083174,,0.10821604097086886,-0.18902763203057865,0.7837135830132885,2.7580551233559962,,,40.099998474121094,656965384.0,26344310895.95038,19643431895.95038,7778573000.0,-6700879000.0,39063072000.0,2770486000.0,-6971885000.0,-7384000000.0,2823486000.0,2230453000.0,,,,7.090247666276017,,-0.3759017283289617,11.811193015925634,-3.1257708635869035,-2.3733225523342423,,,0.0,,,,,,,,"['fcf_cagr5 gate', 'coverage<80%']",False,0.7,,,,,,,,,,,,,,,,,,,,,,,,,
CVX,93410,Chevron Corporation,Energy,Integrated Oil & Gas,Energy,69.52772073921972,1538434161.0772085,0.3117079245876522,0.0,0.4161732207808648,9.0,0.3963725881773958,0.030735177692233082,0.1127249390407999,0.1004504527380112,0.3673135191205665,4,9,True,0.14316140269739064,-0.05862503806451547,0.4364551940242728,0.1294229820181974,1.1011235565788877,1.1481308672196646,,sbc_unreported;gm_derived,214.05999755859375,1975771274.0,422933594088.77966,459056594088.77966,226006000000.0,36123000000.0,208711000000.0,,27012000000.0,27012000000.0,,20592000000.0,,,,,16.99454294716347,0.058842418010830254,20.538733201669565,1.3117715617715617,,4568000000.0,,0.020211852782669487,,,,66.53846153846153,0.2615899629384193,1.0965628354613712,260.0,"['fcf_cagr5 gate', 'coverage<80%']",False,0.6,,,,,,,,,,,,,,,,,,,,,,,,,
UBER,1543151,Uber,Industrials,Passenger Ground Transportation,Transportation,2.737850787132101,1406571708.1277547,-0.20794663226954635,-0.2724596831311388,-0.2525810968283073,4.0,,,0.030662297875314926,0.03827687025562619,1.0009563348972361,7,8,False,0.3610053095492587,,,0.14806163651836965,,4.828784754503626,,,71.66999816894531,2042560121.0,146390280132.0307,155952280132.0307,36878000000.0,9562000000.0,55227000000.0,6700000000.0,10116000000.0,8177000000.0,7445000000.0,9579000000.0,,,,23.276459721198613,19.0720655658592,0.05243270565250648,15.282417802696596,1.0560601315377387,1.284351914036266,9472000000.0,1132000000.0,0.28754270838982593,,,,,,,,"['fcf_cagr5 gate', 'coverage<80%']",False,0.6,,,,,,,,,,,,,,,,,,,,,,,,,
GE,40545,GE Aerospace,Industrials,Aerospace & Defense,Capital Goods,69.52772073921972,1404302510.441772,0.314390949520889,-0.14159921988957824,0.1548286386246882,7.0,,,0.11962693923081102,0.12241145185017539,0.3579642689856936,3,9,False,-0.0459869626385655,,,0.16580106242224374,,1.3859843233332525,,sbc_unreported;gm_derived,323.6600036621094,1037562513.0,335817486757.24744,348241486757.24744,30064000000.0,12424000000.0,50639000000.0,,8396000000.0,8396000000.0,,8971000000.0,,0.13429811866859623,,,41.47707083816668,0.024109706394208834,37.4336736993922,0.9359045814290492,,8954000000.0,6467000000.0,0.5129390633315594,,,,62.30769230769231,0.0777911605217225,1.1306966570138428,260.0,"['rev_cagr5 gate', 'fcf_cagr5 gate', 'coverage<80%']",False,0.5,,,,,,,,,,,,,,,,,,,,,,,,,
MRK,310158,Merck & Co.,Health Care,Pharmaceuticals,Pharmaceuticals Biotechnology and Life Sciences,69.52772073921972,1349246091.6462557,0.6952228033717804,-0.056506130472196214,0.7961823634491607,10.0,0.7339051213104868,0.027335597866452805,0.19924757865358825,0.17750842165172048,0.27971374478964256,8,9,True,0.09383063963833482,0.09250503157236656,0.7296639576980276,0.22789887184725624,0.9942211009443754,1.1437974473129289,,gm_derived,143.92999267578125,2467171638.0,355099995787.2352,405610995787.2352,92444000000.0,50511000000.0,66569000000.0,,16063000000.0,15171000000.0,,3173000000.0,,0.14176416557667743,,,26.73594329887517,0.037402832165718713,111.91301474542554,5.0624015127639455,,21582000000.0,39456000000.0,0.6602700012980831,,,,67.6923076923077,0.34882113410800886,1.1096584507325524,260.0,['coverage<80%'],True,0.6,,,,,,,,,,,,,,,,,,,,,,,,,
BKNG,1075531,Booking Holdings,Consumer Discretionary,"Hotels, Resorts & Cruise Lines",Consumer Services,16.851471594798085,1233147749.9159503,-0.02220017060615964,-0.20911961533780554,-0.19612542761739227,9.0,,,,,0.3410602646154019,8,9,True,0.3169056376027688,0.3782628172317084,,0.33777132537799653,,,,sbc_unreported;ev_or_ic_nonpos,173.9199981689453,751380500.0,130680095184.18121,134381095184.18121,-7082000000.0,3701000000.0,28241000000.0,9284000000.0,9539000000.0,9539000000.0,9855000000.0,,7203568614.788505,0.22408782692928642,,14.4744824627511,14.08754535949064,0.07098468714610455,,,0.37554540842212075,2672000000.0,1613000000.0,-0.6050550691894945,3.0,-3.39825488462711,-2.136648401551531,93.46153846153847,3.4012866358028333,15.391258487411047,260.0,['coverage<80%'],True,0.7,,,,,,,,,,,,,,,,,,,,,,,,,
MCD,63908,McDonald's,Consumer Discretionary,Restaurants,Consumer Services,56.205338809034906,1187003077.6179044,-0.09013667532900949,-0.24505900149740079,-0.15184925678574668,10.0,,,0.26379163827057617,0.2611493397805468,0.09766688355766677,5,9,False,0.06956327691923625,0.09216024512251142,,0.2738430438235506,,1.0381035790932256,,,252.52999877929688,707641531.0,178700714959.60977,236940214959.60977,57216500000.0,58239500000.0,27702000000.0,12805000000.0,7761000000.0,7586000000.0,13271000000.0,8787000000.0,,,,18.50372627564309,31.233880168680432,0.03201651522639647,20.336942637943526,0.8832365995220212,4.388478637630924,3347000000.0,,0.05849711184710704,,,,10.76923076923077,-1.4479822481719986,0.840801158171653,260.0,['coverage<80%'],True,0.7,,,,,,,,,,,,,,,,,,,,,,,,,
VZ,732712,Verizon,Communication Services,Integrated Telecommunication Services,Telecommunication Services,42.78713210130048,1150128996.3418856,0.17788524277776374,0.0,0.22963641540407598,3.0,,,,,,7,9,False,0.014976616276052734,-0.04462029513981125,,,,,0.9066350126708195,gm_derived,50.61000061035156,4154775202.0,210273175509.09354,347067175509.0935,241990000000.0,136794000000.0,138895000000.0,28530000000.0,,,46981000000.0,16606000000.0,21875899390.2439,0.23323170731707318,0.09040001400985123,12.16499037886763,,,12.66248196489784,,2.8845277878291222,30664000000.0,12317000000.0,0.1776147774701434,8.0,0.0997093789082174,0.10220033230510997,92.3076923076923,1.4738416460156727,1.1577259685008383,260.0,['coverage<80%'],True,0.6,,,,,,,,,,,,,,,,,,,,,,,,,
LIN,1707925,Linde plc,Materials,Industrial Gases,Materials,34.20123203285421,1048798875.3643639,0.011705728647807723,-0.14430829440447157,-0.019698437103662036,10.0,,,,,0.10785402155375838,7,9,False,0.04522316072101629,0.04782085172873507,,0.14034246382126436,,,,sbc_unreported,466.2200012207031,460980163.0,214918172156.57993,240649172156.57993,64812000000.0,25731000000.0,35449000000.0,9378000000.0,4975000000.0,4975000000.0,,7244000000.0,,,,25.661033499315412,48.37169289579496,0.020673247929408976,29.66843900560187,0.6867752622860298,,27927000000.0,11871000000.0,0.6140529531568228,,,,83.07692307692308,0.7432598870097771,1.177619374430691,260.0,['coverage<80%'],True,0.5,,,,,,,,,,,,,,,,,,,,,,,,,
PFE,78003,Pfizer,Health Care,Pharmaceuticals,Pharmaceuticals Biotechnology and Life Sciences,69.52772073921972,1032522384.8113047,0.2010406865124279,-0.0256591012305315,0.2427340749413318,10.0,0.6571327036422661,0.10285038180747899,0.19659039914300083,0.1407892875665991,0.630936162650095,5,9,False,0.08482737844510346,-0.057109488132706554,0.731804194925898,0.1575923134890731,1.1136322859443046,0.8016277202552484,,gm_derived,27.719999313354492,5699673589.0,157994947973.42474,195311947973.42474,122507000000.0,37317000000.0,63696000000.0,,10985000000.0,10038000000.0,,4334000000.0,,0.085565309380174,,,19.45725721990683,0.05139470526076483,36.454764183992786,2.534610059990771,,71419000000.0,47053000000.0,0.9670631065979903,,,,61.53846153846154,0.19507136828843955,1.1187144835147131,260.0,"['fcf_cagr5 gate', 'coverage<80%']",False,0.6,,,,,,,,,,,,,,,,,,,,,,,,,
NKE,320187,"Nike, Inc.",Consumer Discretionary,"Apparel, Accessories & Luxury Goods",Consumer Durables and Apparel,37.78507871321013,1025350066.01043,-0.42970791253915375,-0.471522795043142,-0.4792689435920423,10.0,0.43943336459472615,0.02738456314588682,0.07233247350111024,0.08038346642716286,0.35096976797054263,7,9,False,0.008216289449518577,-0.1819645349191309,0.42913487650329757,0.03166084745032113,0.9765641643962868,0.4377127715649758,,shares_was_proxy,36.79999923706055,1479800000.0,54456638871.0022,55343638871.0022,15752000000.0,887000000.0,46398000000.0,,2184000000.0,1469000000.0,,3108000000.0,,0.20307692307692307,,,37.67436274404506,0.02654324923274418,17.521441078186037,0.7027027027027027,,240000000.0,103000000.0,0.021775012696800405,,,,45.76923076923077,-0.03658286134464035,0.9553817741430212,260.0,"['fcf_cagr5 gate', 'coverage<80%']",False,0.6,,,,,,,,,,,,,,,,,,,,,,,,,
FCX,831259,Freeport-McMoRan,Materials,Copper,Materials,15.203285420944558,951108616.838747,0.5027900409677337,-0.07291943256256483,0.6063060788750445,9.0,0.31766252041894655,0.12812041396940582,0.09138574379433743,0.06768080443470414,0.8010065676543123,6,9,True,0.12633189095015696,-0.33167314496480027,0.25295957556321025,0.05760779189927545,0.7963154583977884,0.630380511307334,,gm_derived,71.06999969482422,1436017523.0,102057764921.37222,121384764921.37222,39436000000.0,19327000000.0,25257000000.0,6923000000.0,1605000000.0,1455000000.0,9070000000.0,,,,,17.53354975030655,83.42595527242077,0.011986677248520322,,,0.703638368246968,0.0,433000000.0,0.010979815397099097,,,,72.3076923076923,0.471191035047334,1.614681315819047,260.0,"['fcf_cagr5 gate', 'coverage<80%']",False,0.7,,,,,,,,,,,,,,,,,,,,,,,,,
RDDT,1713445,Reddit,Communication Services,Interactive Media & Services,Media and Entertainment,0.07118412046543464,906221874.8782772,-0.2996578668453549,-0.4034709705127144,-0.37956660333489967,2.0,0.8803758874591268,0.032840777885715,-0.1734487804263477,-0.19902471755285145,1.7785038557564858,3,3,False,,,0.9144238194868783,0.2449462616334765,1.0386743123167743,-1.4122109191623233,,shares_was_proxy;gm_derived,157.77000427246094,194584608.0,30699614435.515137,29233643435.515137,1819729000.0,-1465971000.0,2778834000.0,784998000.0,1018649000.0,680665000.0,801517000.0,871374000.0,778861668.565011,0.007817002635661386,0.4280097028541124,37.24040498894919,42.94865085690485,0.023283618461771315,35.23127203188888,1.1690146825588095,-1.828995517250414,42174000.0,10539000.0,0.02896750010578498,,,,,,,,"['tenure<1y', 'rev_cagr5 gate', 'fcf_cagr5 gate', 'coverage<80%']",False,0.7,,,,,,,,,,,,,,,,,,,,,,,,,
TJX,109198,TJX Companies,Consumer Discretionary,Apparel Retail,Consumer Discretionary Distribution and Retail,40.95277207392197,903336186.3636614,0.10385566788616218,-0.24934617645700807,-0.08547835774594514,10.0,0.2953514981950169,0.04330860968845772,0.06277146286077358,0.07123846699787083,0.3052861646388147,8,9,False,0.13439955145745608,0.042457671185629486,0.3199813992271058,0.09064669756105383,1.0833918269675615,1.444074957470837,,gm_derived,126.0199966430664,1099974061.0,138618727474.6801,146931727474.6801,18964000000.0,8313000000.0,62363000000.0,,5876000000.0,5653000000.0,,6066706000.0,,0.24586699813548787,,,25.991814518782967,0.03847365097490022,22.84909265006086,0.9685651488633206,,97000000.0,,0.005114954650917528,3.0,,,17.692307692307693,-0.2991490573193384,0.7053616943533199,260.0,['coverage<80%'],True,0.7,,,,,,,,,,,,,,,,,,,,,,,,,
ETN,1551182,Eaton Corporation,Industrials,Electrical Components & Equipment,Capital Goods,69.52772073921972,873241316.3206956,0.24772898950015798,-0.05789465146521677,0.17549215452999922,10.0,0.35521609428530854,0.06676608727887066,0.11372855930226111,0.12359889636144163,0.29934085140325606,7,9,False,0.0897718296066381,0.0681711907707716,0.35902218077666026,0.13101978285485913,1.0107148480955221,1.1520394143624242,,sbc_unreported;gm_derived,425.3699951171875,388400000.0,165213706103.51562,175570706103.51562,30611000000.0,10357000000.0,30026000000.0,,3934000000.0,3934000000.0,,3829000000.0,,0.20477178423236514,,,44.62905594903803,0.02240692702847896,43.14800368334177,1.0274223034734917,,20229000000.0,1215000000.0,0.7005324883211917,2.0,,,72.3076923076923,0.46451750648329543,1.06539598779012,260.0,['coverage<80%'],True,0.7,,,,,,,,,,,,,,,,,,,,,,,,,
NEM,1164727,Newmont,Materials,Gold,Materials,57.204654346338124,852221170.0652373,0.4967518983213768,-0.034245583601016816,0.6151342531202708,10.0,,,,,0.8779945174735306,6,9,False,0.14543267087660494,0.15312414918389394,,0.37773120658206233,,,,sbc_unreported,126.80999755859375,1053692271.0,133618714313.0191,129967714313.0191,31592000000.0,-3651000000.0,25767000000.0,,9733000000.0,9733000000.0,,8597000000.0,,0.39092613423322087,,,13.35330466588093,0.07488782926934207,15.542481599746319,1.1321391182970804,,2658000000.0,62000000.0,0.08609774626487718,,,,11.538461538461538,-0.007776265336331649,0.6125474640663351,260.0,['coverage<80%'],True,0.4,,,,,,,,,,,,,,,,,,,,,,,,,
DASH,1792789,DoorDash,Consumer Discretionary,Specialized Consumer Services,Consumer Services,1.4729637234770705,843901742.1118293,-0.15877201709258748,-0.25540153366525875,-0.21718742403284608,6.0,,,0.026347771988085883,0.0535031847133758,0.6079973363545961,7,7,False,0.3658171522120788,,,0.09319740733748663,,3.5372025907780467,,shares_was_proxy,201.9499969482422,438689000.0,88593242211.22742,84747242211.22742,6075000000.0,-3846000000.0,15891000000.0,712000000.0,2595000000.0,1481000000.0,1712000000.0,841000000.0,687391705.0691245,0.03456221198156682,0.11315089795376534,119.02702557756659,57.222985963016484,0.017475494911193646,105.3427374687603,3.0856123662306776,-2.246495327102804,5495000000.0,2005000000.0,1.2345679012345678,1.0,,,,,,,"['fcf_cagr5 gate', 'coverage<80%']",False,0.7,,,,,,,,,,,,,,,,,,,,,,,,,
COP,1163165,ConocoPhillips,Energy,Oil & Gas Exploration & Production,Energy,69.52772073921972,806090562.2345229,0.4055008571940655,0.0,0.5328375358618749,6.0,0.525993993260456,0.10913166204623066,,,,6,9,True,0.3055795231251637,0.3087348210945504,0.5729684614291803,,1.0893060924090514,,,gm_derived,137.35000610351562,1201337479.0,165003710073.03207,180108710073.03207,80454000000.0,15105000000.0,56312000000.0,,,,,9282000000.0,,0.3650294157887536,,,,,17.776741011962084,,,0.0,745000000.0,0.009259949784970294,,,,81.92307692307692,0.7231051525776097,1.2452618605258439,260.0,['coverage<80%'],True,0.3,,,,,,,,,,,,,,,,,,,,,,,,,
DE,315189,Deere & Company,Industrials,Agricultural & Farm Machinery,Capital Goods,69.52772073921972,747339603.2107009,0.31023076019313933,-0.02565143297477135,0.45417649108983404,11.0,,,0.12143306457006293,0.13019875667629804,0.22795050399230832,7,10,False,0.0515001521854499,-0.017533470075129065,,0.12208490507054581,,1.005367899614415,,gm_derived,675.739990234375,269625412.0,182196673271.81934,222949673271.81934,68743000000.0,40753000000.0,47983000000.0,,6021000000.0,5858000000.0,,4873000000.0,,,,,38.059008752444406,0.026274988045656162,37.389015651922705,1.2355838292632875,,4466000000.0,940000000.0,0.07864073432931352,,,,82.3076923076923,1.22168232908881,1.4785078668021219,260.0,['coverage<80%'],True,0.5,,,,,,,,,,,,,,,,,,,,,,,,,
ABNB,1559720,Airbnb,Consumer Discretionary,"Hotels, Resorts & Cruise Lines",Consumer Services,2.9869952087611225,714844509.6908344,0.5019175273366399,-0.10156781385356006,0.3887392754248087,3.0,0.8234615058430332,0.010689373180236656,,,,5,6,False,0.29369366217901005,,0.8290143627935254,,1.0067433109029271,,,shares_was_proxy;gm_derived;ev_or_ic_nonpos,170.19000244140625,590000000.0,100412101440.42969,91043101440.42969,-1570000000.0,-9369000000.0,13159000000.0,2738000000.0,,,,2691277000.0,2190888492.4174843,0.19982158786797502,,33.25168058452509,,,37.31020680533059,,,754000000.0,16000000.0,-0.49044585987261147,2.0,5.061676468662535,1.3167269689405097,76.37130801687763,0.3121096390162824,1.1188439229051044,237.0,"['fcf_cagr5 gate', 'coverage<80%']",False,0.6,,,,,,,,,,,,,,,,,,,,,,,,,
SLB,87347,Schlumberger,Energy,Oil & Gas Equipment & Services,Energy,69.52772073921972,678913702.8564422,0.5406300700037499,-0.025212954104699925,0.6145779235440001,10.0,,,0.11611447328736808,0.12498599753556626,0.2627975902396158,6,9,False,0.08634313500805857,0.2127254286211202,,0.12272452290601112,,1.0569270085933562,,gm_derived,56.060001373291016,1484143231.0,83201071568.02057,94174071568.02057,37047000000.0,10973000000.0,36366000000.0,,4806000000.0,4463000000.0,,3101000000.0,,0.19601837672281777,,,21.10106913914868,0.04739096362395715,26.830400376659327,1.5498226378587552,,17001000000.0,4876000000.0,0.5905201500796285,3.0,0.14010324005706312,0.14993702716012994,56.15384615384615,0.08635008181183892,1.038637743448778,260.0,['coverage<80%'],True,0.7,,,,,,,,,,,,,,,,,,,,,,,,,
BMY,14272,Bristol Myers Squibb,Health Care,Pharmaceuticals,Pharmaceuticals Biotechnology and Life Sciences,69.52772073921972,668257493.2304872,0.44791666306114974,-0.05029104072748514,0.44360665690350354,10.0,,,0.2735192820957631,0.26958627738523755,0.08626648406100176,6,9,False,0.025378080148594995,-0.006922769238850601,0.701581750904729,0.221343471719595,,0.8092426611521283,,,63.63999938964844,2042714656.0,129998359461.06592,166926359461.06592,59247000000.0,36928000000.0,49186000000.0,,11440000000.0,10887000000.0,,9282000000.0,,0.22115869017632242,,,15.332631529444836,0.06522037642916004,14.00542549677504,1.2324929971988796,,21740000000.0,1802000000.0,0.397353452495485,,,,98.07692307692307,2.3438885396455817,1.3191269807607953,260.0,['coverage<80%'],True,0.5,,,,,,,,,,,,,,,,,,,,,,,,,
CVNA,1690820,Carvana,Consumer Discretionary,Automotive Retail,Consumer Discretionary Distribution and Retail,0.7255304585900069,639372736.6189834,0.04472455189141056,-0.26940058535383893,-0.044143969636792346,3.0,0.16376181191276745,0.2644106369821125,-0.04728620188879999,0.03902174982777286,,8,9,False,0.2946654403024904,,0.1937105914278873,0.03320296911166094,1.1828801181747608,-0.7021703538326528,,shares_was_proxy,69.16000366210938,111172000.0,7688655927.124023,11729655927.124023,8069000000.0,4041000000.0,25058000000.0,2237000000.0,929000000.0,832000000.0,2245000000.0,1568000000.0,,,,5.243476051463578,14.098144143177914,0.07093132187075131,4.903479545359708,0.5924744897959183,1.3055679287305122,12000000.0,17000000.0,0.0035940017350353202,,,,,,,,"['mktcap<10B', 'tenure<1y', 'fcf_cagr5 gate', 'coverage<80%']",False,0.7,,,,,,,,,,,,,,,,,,,,,,,,,
ADP,8670,Automatic Data Processing,Industrials,Human Resource & Employment Services,Commercial and Professional Services,45.45379876796714,605995051.2954271,-0.04907707510980985,-0.060884863968780345,-0.0594695830028944,,0.4505497437344613,0.029502281572005087,,,,9,9,False,0.07901405164575914,,0.46416432014726117,,1.030217698716135,,,gm_derived,268.260009765625,397262737.0,106569705707.13892,107715005707.13892,7176500000.0,1145300000.0,21947400000.0,,,,,4413500000.0,,0.22979599671919446,,,,,24.146302414668384,,,3284400000.0,1653300000.0,0.6880373441092454,,,,,,,,"['fcf_cagr5 gate', 'coverage<80%']",False,0.1,,,,,,,,,,,,,,,,,,,,,,,,,
HCA,860730,HCA Healthcare,Health Care,Health Care Facilities,Health Care Equipment and Services,11.627652292950033,581376155.410438,0.005666763715269196,-0.20703323915203276,0.060984922226756444,10.0,,,0.0772589284349481,0.07477019390110902,0.22073630227103805,9,9,False,0.07966065216727913,0.03755848171451159,,0.09868042100853537,,1.2772688284386982,,,426.94000244140625,221839800.0,94712284753.60107,148052284753.60107,47037000000.0,53340000000.0,76388000000.0,,7927000000.0,7538000000.0,,6794000000.0,,0.2020016339869281,,,19.640791291271036,0.05091444561321877,13.940577679364303,1.1667647924639388,,2701000000.0,,0.05742287986053533,,,,6.967213114754098,-0.06457825024110299,0.7839345029501974,244.0,['coverage<80%'],True,0.5,,,,,,,,,,,,,,,,,,,,,,,,,
TTWO,946581,Take-Two Interactive,Communication Services,Interactive Home Entertainment,Media and Entertainment,8.487337440109513,580679435.0116694,0.002801926649872888,-0.17555004328042878,-0.12503043114166124,7.0,0.5048075571903464,0.13348742202613095,-0.05711786125827408,-0.09223119485569015,,8,9,False,0.14564420997425698,-0.11360433846070306,0.5604127720032902,-0.0019591714648919466,1.110151312160283,0.03430050463607198,0.11748018626934786,,215.47000122070312,186980443.0,40288676281.45761,41546919281.45761,4866643000.0,1258243000.0,6686500000.0,-161300000.0,337500000.0,-13100000.0,35000000.0,-320400000.0,-143273653.52013257,0.11175664277661142,-0.029439934986012446,,,-0.0003153061701459663,,,35.59622857142857,1060900000.0,1653200000.0,0.5576944928978764,3.0,-0.25059489536827295,-0.2293079035745501,,,,,"['fcf_cagr5 gate', 'coverage<80%']",False,0.7,,,,,,,,,,,,,,,,,,,,,,,,,
PSX,1534701,Phillips 66,Energy,Oil & Gas Refining & Marketing,Energy,14.368240930869268,572235236.9898875,0.8294682319400806,0.0,1.0427703410132017,,0.10965243669007525,0.16640064475556476,,,,4,9,False,0.15598169539945306,,0.1309810931410884,,1.1945114681883182,,,gm_derived,259.4700012207031,399020916.0,103533957561.60608,104636957561.60608,32609000000.0,1103000000.0,152167000000.0,,,,,7093000000.0,,0.1981951576600833,,,,,14.596638596025107,,,1433000000.0,977000000.0,0.07390597687754914,,,,,,,,"['fcf_cagr5 gate', 'coverage<80%']",False,0.1,,,,,,,,,,,,,,,,,,,,,,,,,
WBD,1437107,Warner Bros. Discovery,Communication Services,Broadcasting,Media and Entertainment,4.424366872005476,557866950.0758002,0.483306758149316,-0.06470976171883802,0.4859565272105457,10.0,,,0.11356386721569989,0.09842069123369192,0.33697888390184927,6,9,False,0.28437376883638876,0.05731335015126526,,0.037851308320642395,,0.3333041507713781,0.37952413454110395,gm_derived,28.040000915527344,2510703314.0,70400123223.17754,87480123223.17754,49918000000.0,17080000000.0,36115000000.0,-1272000000.0,2180000000.0,1367000000.0,3803000000.0,-3167000000.0,-1062721691.1331075,0.1645269723796324,-0.02128934835396265,,63.99423791015182,0.0156264068868826,,,4.186957665001315,25861000000.0,27928000000.0,1.0775471773708882,2.0,-0.05609484724786832,-0.06122546636310646,98.84615384615385,3.347974280008436,3.94397499446557,260.0,['coverage<80%'],True,0.7,,,,,,,,,,,,,,,,,,,,,,,,,
ECHO,1415404,EchoStar,Communication Services,Wireless Telecommunication Services,Telecommunication Services,0.47638603696098564,551973688.7190775,0.2269996012625124,-0.32128541653115217,0.24369074841416793,7.0,,,0.007981082226128849,-0.02076159791566986,4.627877747986992,4,9,False,0.5137390581525174,,,-0.05245645791144693,,-6.572599608072257,15.927107162479329,shares_was_proxy;gm_derived,93.13999938964844,576882988.0,53730881150.21857,55045152150.21857,15469369000.0,1314271000.0,14653925000.0,-16515821000.0,-725181000.0,-768693000.0,-15574516000.0,,-12518621711.09669,0.24202243950835442,-0.8092522526999446,,,-0.013964772009390254,,,-0.08141280281197824,0.0,493574000.0,0.03190653736425836,2.0,-0.050809744948935885,-0.009319415267764695,,,,,"['tenure<1y', 'fcf_cagr5 gate', 'coverage<80%']",False,0.6,,,,,,,,,,,,,,,,,,,,,,,,,
JCI,833444,Johnson Controls,Industrials,Building Products,Capital Goods,16.046543463381244,537439840.5843501,0.43718087371145176,-0.04966157845042651,0.36580820300417805,9.0,0.34991336453004573,0.023401079079083294,0.059447199025038734,0.058349379785947786,0.3573894084227978,7,9,False,0.01120804194605829,0.008118576350585105,0.36561208202021855,0.10309826873490771,1.0448645838699449,1.7342830347899731,,,146.00999450683594,610115603.0,89082975842.5649,98914975842.5649,23350000000.0,9832000000.0,24433000000.0,,2666000000.0,2519000000.0,,3531000000.0,,0.17956903431763768,,,39.26755690455137,0.025466315677105274,25.228823518143557,0.7550269045596149,,16547000000.0,3662000000.0,0.8654817987152035,,,,52.69230769230769,0.04788964071174807,1.0169243615400754,260.0,['coverage<80%'],True,0.6,,,,,,,,,,,,,,,,,,,,,,,,,
CCL,815097,Carnival Corporation,Consumer Discretionary,"Hotels, Resorts & Cruise Lines",Consumer Services,27.72621492128679,529732424.17089367,-0.09324407754013486,-0.3199299150279582,-0.26640481435617536,7.0,-0.1734960737501054,4.282059953923919,-0.8943298352548883,0.04371787153244107,,7,9,False,0.36611769802331207,,0.4189154553110468,0.11339753212991102,-2.4145529420707845,-0.12679609654036889,,gm_derived,22.75,1369649119.0,31159517457.25,55102517457.25,36911000000.0,23943000000.0,27311000000.0,4464000000.0,3200000000.0,3097000000.0,,3069000000.0,4444675324.675324,0.004329004329004329,0.12041600944637978,12.343753910674284,17.792223912576688,0.056204328638936235,10.152987115428479,1.0426849136526557,,579000000.0,1180000000.0,0.04765517054536588,1.0,,,,,,,"['fcf_cagr5 gate', 'coverage<80%']",False,0.7,,,,,,,,,,,,,,,,,,,,,,,,,
DVN,1090012,Devon Energy,Energy,Oil & Gas Exploration & Production,Energy,26.036960985626283,510260778.63163316,0.3529140557023236,-0.02847572907152629,0.482156481138585,8.0,,,0.2061894746588305,0.17991183128797808,0.3514490681796659,6,9,True,0.29142826541130273,0.01747897083552785,,0.23123001167571958,,1.1214443029079062,,gm_derived;share_jump_gt20pct,50.22999954223633,1100000000.0,55252999496.45996,66823999496.45996,53318000000.0,11571000000.0,19699000000.0,,4694000000.0,4555000000.0,,3280000000.0,,0.2192919933475885,,,14.670471898234899,0.06816413316059156,16.845426675749987,1.4310975609756098,,753000000.0,1466000000.0,0.041618215236880605,,,,93.07692307692308,0.2420056083110637,1.4450498176051498,260.0,['coverage<80%'],True,0.5,,,,,,,,,,,,,,,,,,,,,,,,,
URI,1067701,United Rentals,Industrials,Trading Companies & Distributors,Capital Goods,11.980835044490075,494238197.33406514,0.2401411782487568,-0.14792501242169076,0.06311023538367433,9.0,1.7589098525280948,0.06870009461928543,0.17891421700901577,0.19231426064613166,0.2802752519711112,7,9,False,0.1313001839740795,-0.09199824733073192,0.6199346081442584,,0.3524538834399168,,0.9760191692728603,,989.1199951171875,62646557.0,61964962153.94861,77891962153.94861,24895000000.0,15927000000.0,10093000000.0,4038000000.0,,,,2507000000.0,3020968666.06983,0.25186511489107727,0.1213484099646447,19.28973802722848,,,24.716777883505628,,,7285000000.0,547000000.0,0.314601325567383,6.0,0.12432994533811252,0.12529217794238443,33.33333333333333,-0.03640287058219845,0.8833201869764454,234.0,"['fcf_cagr5 gate', 'coverage<80%']",False,0.7,,,,,,,,,,,,,,,,,,,,,,,,,
BKR,1701605,Baker Hughes,Energy,Oil & Gas Equipment & Services,Energy,9.1854893908282,481111248.3297084,0.4160799936997086,-0.13953277564396271,0.29024509050210234,8.0,,,0.06235973613394001,0.06433780286991296,0.30914475451921003,6,9,True,0.06019151313311255,0.1369045557927311,,0.1055004508566276,,1.6918039972142818,,,59.060001373291016,992674071.0,58627331996.49039,44465331996.49039,5746000000.0,-14162000000.0,27725000000.0,,3128000000.0,2925000000.0,,3096000000.0,,0.1109846328969835,,,15.201822904783038,0.06578158463386415,18.936476743052452,1.0103359173126616,,5566000000.0,3997000000.0,1.6642882004872954,2.0,,,,,,,['coverage<80%'],True,0.5,,,,,,,,,,,,,,,,,,,,,,,,,
CTSH,1058290,Cognizant,Information Technology,IT Consulting & Other Services,Software and Services,19.822039698836413,480757320.7650053,-0.13595270841374185,-0.2861208254881531,-0.11299853172491536,10.0,,,0.10021868444015392,0.10165740168828495,0.11782968269320332,7,9,False,0.04856688163062173,-0.022047127468793892,,0.10674577221339811,,1.0651284519419317,,,60.0,473869469.0,28432168140.0,28067168140.0,14703000000.0,-365000000.0,21406000000.0,3379000000.0,2470000000.0,2285000000.0,3934000000.0,2229000000.0,,,,8.306353400414324,12.28322456892779,0.08141184705925233,12.755571170928668,1.10812023328847,-0.09278088459583121,7681000000.0,953749000.0,0.5872780384955452,,,,12.692307692307692,-0.9289834371260759,0.7351612910118943,260.0,['coverage<80%'],True,0.7,,,,,,,,,,,,,,,,,,,,,,,,,
OXY,797468,Occidental Petroleum,Energy,Oil & Gas Exploration & Production,Energy,69.52772073921972,461386626.07262534,0.2973544993377708,-0.05041026332577814,0.37253742700336145,10.0,0.8828303408155032,0.022128418725598488,0.2668140235727488,0.2846319414550151,0.39677408420483845,5,9,False,0.04716358074234517,0.23653087118924065,0.846770346340998,0.25341093407117643,0.9591541060525908,0.9497661729990818,,sbc_unreported;gm_derived,61.459999084472656,999637371.0,61437711906.46465,82575711906.46466,62884000000.0,21138000000.0,20962000000.0,,5312000000.0,5312000000.0,,,,0.26720119336192427,,,15.545126488415788,0.06432884291711612,,,,668000000.0,2387000000.0,0.048581515170790665,,,,54.230769230769226,0.2948096971082065,1.09199779674325,260.0,['coverage<80%'],True,0.5,,,,,,,,,,,,,,,,,,,,,,,,,
CI,1739940,Cigna,Health Care,Health Care Services,Health Care Equipment and Services,50.20396988364134,454884285.6224553,-0.05083747260842053,-0.07677421743845636,-0.05164739128256601,4.0,0.285461010196494,0.1406729581316688,,,,9,9,False,0.11376491684986534,,0.20629501880431478,,0.7226731898073009,,1.1321915750892864,gm_derived,280.760009765625,264240486.0,74188161429.8335,110092161429.8335,78524000000.0,35904000000.0,282382000000.0,9957000000.0,,,12681000000.0,,8048354091.908785,0.19168885287649035,0.10249546752469035,11.056760211894495,,,,,2.8084535919880134,45534000000.0,47403000000.0,1.183548978656207,2.0,0.09052837857109775,0.08868275102459855,23.46153846153846,-0.5245541005188178,0.8431678441443392,260.0,"['fcf_cagr5 gate', 'coverage<80%']",False,0.7,,,,,,,,,,,,,,,,,,,,,,,,,
ZTS,1555280,Zoetis,Health Care,Pharmaceuticals,Pharmaceuticals Biotechnology and Life Sciences,13.229295003422314,452881279.751417,-0.49252902722779934,-0.4920676765559999,-0.4981683555601262,10.0,0.7050023439006223,0.010626254265348538,0.20551837928721048,0.21579218106995884,0.20596901529622128,9,9,False,0.0723886810840868,0.06414790435222728,0.7153514763055584,0.2386256173163812,1.0146795716276298,1.1610913736474322,,gm_derived,72.97000122070312,413223602.0,30152926742.363342,37773926742.36334,10769000000.0,7621000000.0,9517000000.0,,2366000000.0,2271000000.0,,2616000000.0,,0.20048899755501223,,,16.63316897506092,0.06012083455049116,11.526348143105253,0.904434250764526,,2771000000.0,918000000.0,0.3425573405144396,,,,0.38461538461538464,-2.2712906654370855,0.332272039076483,260.0,['coverage<80%'],True,0.6,,,,,,,,,,,,,,,,,,,,,,,,,
EOG,821189,EOG Resources,Energy,Oil & Gas Exploration & Production,Energy,25.861738535249827,451592264.0007923,0.24887841203401684,-0.03717740821920812,0.29047558216074476,,,,,,,5,9,False,0.1545526335723717,,,,,,0.8318485428789568,,147.36000061035156,524529176.0,77294619695.5072,81481619695.5072,36051000000.0,4187000000.0,27026000000.0,8905000000.0,,,13752000000.0,6876000000.0,6967544378.698224,0.21756941283568504,0.19326910151447182,9.150097663729051,,,11.241218687537406,,0.3044648051192554,,,0.0,7.0,0.2323368877290858,0.22329124872282605,,,,,"['fcf_cagr5 gate', 'coverage<80%']",False,0.4,,,,,,,,,,,,,,,,,,,,,,,,,
VEEV,1393052,Veeva Systems,Health Care,Health Care Technology,Health Care Equipment and Services,0.3531827515400411,411174703.9479553,-0.11822158789444714,-0.11435130627245005,-0.05075425659672306,4.0,0.7318139357563659,0.022003489322575096,,,,9,9,False,0.16877526262793308,,0.7496085998719527,,1.0243158311780374,,0.9663533014648779,,262.3999938964844,161908850.0,42484881251.786804,40825185251.786804,5771753000.0,-1659696000.0,3458098000.0,1034859000.0,,,1047859000.0,1014772000.0,791140113.4020851,0.23550926899018595,0.13707102736414484,39.44999777920162,,,41.8664303427635,,-1.583892489352098,492991000.0,55647000.0,0.09505569625034196,9.0,0.14184359608060665,0.11838183717958636,,,,,"['tenure<1y', 'fcf_cagr5 gate', 'coverage<80%']",False,0.6,,,,,,,,,,,,,,,,,,,,,,,,,
PCAR,75362,Paccar,Industrials,Construction Machinery & Heavy Transportation Equipment,Capital Goods,45.700205338809035,391583851.4072279,0.3073295122161588,-0.07553917557682877,0.22676476534324652,10.0,0.21312026350695662,0.08179084337974808,0.09951420451184875,0.09949498112584478,0.2758854591847002,6,9,False,0.087176303639803,0.08551412442533901,0.19988639550183707,0.132884907139108,0.9379042246506627,1.335336073789204,,sbc_unreported;gm_derived,122.7300033569336,526364953.0,64600772448.66219,61381372448.66219,17101900000.0,-3219400000.0,27815800000.0,,3696300000.0,3696300000.0,,2504200000.0,,0.21897514268783333,,,16.606166287547598,0.06021859486917616,25.7969700697477,1.4760402523760083,,114200000.0,,0.006677620615253276,,,,95.38461538461539,1.6093943609306491,1.367620938442089,260.0,['coverage<80%'],True,0.6,,,,,,,,,,,,,,,,,,,,,,,,,
EMR,32604,Emerson Electric,Industrials,Electrical Components & Equipment,Capital Goods,61.45379876796714,391006842.7873507,0.22674146148624708,-0.06729175614851968,0.14419187420263602,10.0,0.5135417468550725,0.08314553297598619,0.13952461461026325,0.1516693345529385,0.44913309322656053,7,10,False,0.014255579608092983,0.00940870521967585,0.5107855763039278,0.17246190169564285,0.994633015586321,1.2360679309337923,,,152.19000244140625,557800000.0,84891583361.8164,96429583361.8164,31917000000.0,11538000000.0,18636000000.0,,3460000000.0,3214000000.0,,2577000000.0,,0.21402439024390243,,,30.002981755387804,0.033330020601049906,32.942019154759954,1.3426464881645324,,18122000000.0,8686000000.0,0.8399285647147289,,,,37.30769230769231,-0.0025018498891542945,0.9436301993914936,260.0,['coverage<80%'],True,0.6,,,,,,,,,,,,,,,,,,,,,,,,,
FOXA,1754301,Fox Corporation (Class A),Communication Services,Broadcasting,Media and Entertainment,7.488021902806297,390653214.63780355,0.19105006434539384,-0.10422321268294588,0.14259598978379295,10.0,,,0.11024009069158129,0.10050071530758226,0.3345550208636239,8,9,False,0.05816323382679833,-0.07390453775549266,,0.07801004320915567,,0.7076376907871418,,shares_was_proxy,65.94000244140625,420437476.0,27723648193.89868,31186648193.89868,15091000000.0,3463000000.0,17126000000.0,,1468000000.0,1336000000.0,,,,0.24187884108867427,,,23.343299546331348,0.042838845383242355,,,,3647000000.0,2870000000.0,0.4318467961036379,,,,98.84615384615385,3.1958573498079508,1.7845746108613143,260.0,"['fcf_cagr5 gate', 'coverage<80%']",False,0.4,,,,,,,,,,,,,,,,,,,,,,,,,
FANG,1539838,Diamondback Energy,Energy,Oil & Gas Exploration & Production,Energy,7.7782340862423,383760779.0631864,0.5148079672815176,-0.027287395437975426,0.5335120710765078,,,,,,,7,9,False,0.4038245538628422,,,,,,0.12361404415894112,,204.97000122070312,280024353.0,57396591976.2366,75646591976.2366,56150000000.0,18250000000.0,17102000000.0,1082000000.0,,,6322000000.0,1350000000.0,887614718.6147187,0.17965367965367965,0.015807920189042184,69.91367095770481,,,42.515994056471555,,1.9242328377095856,,7000000.0,0.00012466607301869992,3.0,0.12788126378841383,0.1527048785846811,,,,,"['fcf_cagr5 gate', 'coverage<80%']",False,0.4,,,,,,,,,,,,,,,,,,,,,,,,,
CTVA,1755672,Corteva,Materials,Fertilizers & Agricultural Chemicals,Materials,7.279945242984257,366053215.41069853,0.039653245187136976,-0.057940281642843816,0.1399690940975573,6.0,0.4293242650057961,0.05753334901292499,0.09487353968099595,0.09155429382540808,0.5436766798336031,4,7,False,0.04124576663707025,0.12116853340175271,0.49539636200314396,0.03531327195149338,1.1538978864762182,0.3722141291474018,,sbc_unreported;gm_derived,83.9000015258789,667196000.0,55977745418.0603,54271745418.0603,23453000000.0,-1706000000.0,17812000000.0,,629000000.0,629000000.0,,1009000000.0,,0.30701200252684774,,,86.28258413046153,0.011589824413325102,55.47843946289426,0.6233894945490585,,10437000000.0,8006000000.0,0.7863812731846672,,,,94.0909090909091,2.088116779064539,3.6737569321736134,220.0,['coverage<80%'],True,0.6,,,,,,,,,,,,,,,,,,,,,,,,,
NUE,73309,Nucor,Materials,Steel,Materials,41.37166324435318,364980577.4312152,0.9279343005485166,-0.04841731273380989,0.8599679248048906,9.0,0.21626547408283878,0.3636449480509451,0.09288134141876017,0.12260222230938386,0.8248173168319766,5,9,False,0.10039907578586948,,0.15470485582116844,0.03980499155148057,0.7153469895148865,0.42855745775696513,,gm_derived,259.42999267578125,226875676.0,58858354962.99292,62138662962.99292,25389308000.0,3280308000.0,36101000000.0,,1583000000.0,1437000000.0,,2884000000.0,,0.20682095006090134,,,43.2419366478726,0.02312569874340255,20.4085835516619,0.5488904299583911,,4289000000.0,2754000000.0,0.2774002347759931,,,,85.52036199095022,0.9082028800147082,4.681832898150278,221.0,"['fcf_cagr5 gate', 'coverage<80%']",False,0.6,,,,,,,,,,,,,,,,,,,,,,,,,
ITW,49826,Illinois Tool Works,Industrials,Industrial Machinery & Supplies & Components,Capital Goods,40.539356605065024,355420268.2024132,0.13213825084518938,-0.09606957341125433,0.04396066174269175,10.0,0.4252634274778516,0.033547897792921416,0.15939481026372157,0.1644228371977063,0.16116792891027337,6,9,False,0.04994811807277366,0.010362539523898429,0.4416175845527962,0.17287024105895926,1.0384565330998192,1.0845412141897364,,gm_derived,268.1600036621094,284800000.0,76371969042.96875,87294969042.96875,13818000000.0,10923000000.0,16469000000.0,4364000000.0,2921000000.0,2847000000.0,4692000000.0,,,,,20.00343011983702,30.662089583058922,0.03261356331541439,,,2.3277919863597614,5074000000.0,370000000.0,0.39397886814300187,,,,49.61538461538461,-0.023878245893887724,0.9973937705464406,260.0,['coverage<80%'],True,0.7,,,,,,,,,,,,,,,,,,,,,,,,,
CASY,726958,Casey's,Consumer Staples,Food Retail,Consumer Staples Distribution and Retail,0.42984257357973993,352043746.10866135,0.5335124464722849,-0.3119160476793391,0.11504618925130972,9.0,,,0.029966808147086004,0.03275714501666616,0.25299711666247054,6,9,False,0.15062751164414712,,,0.031266048143640986,,1.0433559687163854,,,615.469970703125,36960167.0,22747872900.672607,25126158900.672607,6472199000.0,2378286000.0,18672331000.0,,648926000.0,583810000.0,,772813000.0,,,,,43.03824686228843,0.023235147175017342,29.43515818273322,0.8396934316581114,,1284216000.0,,0.19842035141379305,,,,50.38461538461539,0.0004357862942897055,1.0001079734772569,260.0,"['tenure<1y', 'fcf_cagr5 gate', 'coverage<80%']",False,0.5,,,,,,,,,,,,,,,,,,,,,,,,,
GIS,40704,General Mills,Consumer Staples,Packaged Foods & Meats,Food Beverage and Tobacco,69.52772073921972,349443980.8118142,-0.1658864134806971,-0.24383403498433331,-0.23716912699063997,10.0,0.3387463216533253,0.024006425581009714,0.11146351865482465,0.11295967485348907,0.17063175021946228,6,9,False,0.0032621470033440403,-0.07886799785365306,0.33627324338113174,0.08395840343888063,0.9926993206594151,0.7532366145633652,,gm_derived,35.849998474121094,533708396.0,19133445182.225616,32632245182.225616,20867200000.0,13498800000.0,18424600000.0,885800000.0,1626300000.0,1546900000.0,1441000000.0,-85000000.0,,,,36.83929237099302,21.095251911710918,0.047404032157817244,,,9.359195003469813,14122400000.0,244700000.0,0.6885015718448091,,,,76.15384615384615,0.6010791597351542,1.0730384693349573,260.0,"['fcf_cagr5 gate', 'coverage<80%']",False,0.7,,,,,,,,,,,,,,,,,,,,,,,,,
APD,2969,Air Products,Materials,Industrial Gases,Materials,41.37166324435318,348867560.7619544,0.08327311183949937,-0.07244027368397743,0.021776463093408083,7.0,,,-0.12132977792642055,-0.1175079365079365,,4,9,False,0.06329887156173086,,0.3205630762882671,-0.02783640951579883,,0.22942768042219605,-0.22650696748443516,,291.42999267578125,222685530.0,64897242376.902466,71120242376.90247,20106800000.0,6223000000.0,12602200000.0,-593100000.0,-301400000.0,-350800000.0,950800000.0,-47300000.0,-479048800.408176,0.19229674522310566,-0.023825213380954502,,,-0.004932491626517971,,,3.692048801009676,957400000.0,258400000.0,0.06046710565579804,8.0,0.10518534438721712,0.12863653421506022,,,,,"['fcf_cagr5 gate', 'coverage<80%']",False,0.6,,,,,,,,,,,,,,,,,,,,,,,,,
DHI,882184,D. R. Horton,Consumer Discretionary,Homebuilding,Consumer Durables and Apparel,21.22655715263518,335635229.0770287,-0.1533357699656991,-0.202371588948708,-0.2154658149450065,10.0,0.27140711799274053,0.0951791906209741,0.055938868370035665,0.05180237708348052,0.7259600536854297,8,9,False,0.11016221220279032,,0.22611694152923534,0.09189805097451274,0.833128265763772,1.6428299973214877,,gm_derived,137.88999938964844,279701267.0,38568007535.913895,37076307535.913895,22327800000.0,-1491700000.0,33350000000.0,,3202200000.0,3064800000.0,,3052900000.0,,0.2444829606483742,,,12.097463957163239,0.08266195324416509,12.633236442698383,1.0489043204821644,,163500000.0,,0.007322709805713057,,,,16.017316017316016,-0.13685193919352717,0.7926917393580594,231.0,"['fcf_cagr5 gate', 'coverage<80%']",False,0.6,,,,,,,,,,,,,,,,,,,,,,,,,
ROP,882835,Roper Technologies,Information Technology,Electronic Equipment & Instruments,Technology Hardware and Equipment,16.722792607802873,329310166.8066411,-0.21399302649829732,-0.23126288950192375,-0.23528966917913596,3.0,0.697245642258544,0.006485145223274085,,,,7,9,False,0.1446055560688868,0.12686829535166222,0.6952525874666377,,0.9971415313755847,,1.160480892192626,,388.5199890136719,98900874.0,38424966479.92255,49612966479.92255,29888300000.0,11188000000.0,8280300000.0,2315600000.0,,,3238000000.0,2504000000.0,1948705249.0086699,0.15844478795617986,0.06519960148314458,21.425533978201134,,,15.345433897732645,,3.455219271155034,21330700000.0,3475218000.0,0.8299541292077501,0.0,0.05618326154423422,0.05765566815566838,9.615384615384617,-0.5854669727348258,0.6324021140727184,260.0,['coverage<80%'],True,0.7,,,,,,,,,,,,,,,,,,,,,,,,,
IQV,1478242,IQVIA,Health Care,Life Sciences Tools & Services,Pharmaceuticals Biotechnology and Life Sciences,9.040383299110198,316846382.7720022,0.2640743623493742,-0.02240729075764214,0.3981945695272482,10.0,,,0.11407117266726204,0.11060698957694666,0.16355347202582649,9,9,False,0.07503541699279603,0.08837342636672774,,0.1127946127946128,,0.9888090931056448,,gm_derived,261.7699890136719,166900000.0,43689411166.381836,58090411166.381836,20622000000.0,14401000000.0,16632000000.0,2200000000.0,2116000000.0,1876000000.0,3367000000.0,1385000000.0,,,,26.40473234835538,30.965037935171555,0.03229448651390647,31.54470120316378,1.527797833935018,4.239085239085239,16544000000.0,4962000000.0,1.0428668412375133,,,,55.769230769230774,0.14495992160819957,1.0358647535835999,260.0,['coverage<80%'],True,0.7,,,,,,,,,,,,,,,,,,,,,,,,,
WAT,1000697,Waters Corporation,Health Care,Life Sciences Tools & Services,Pharmaceuticals Biotechnology and Life Sciences,24.695414099931554,308442273.8170659,0.39534172784508037,-0.015312657807353025,0.3823757611572689,3.0,,,0.16162507159176795,0.15344047899621077,0.1359325541666642,6,9,False,0.059992904419617465,,0.7224907622308796,,,,0.04104175323474304,,408.3399963378906,98248111.0,40118633285.94467,44832699285.94467,19909066000.0,4714066000.0,4644249000.0,328630000.0,,,941844000.0,166137000.0,265940586.02045783,0.1907598636142231,0.013357763042247077,136.42302676549514,,,241.47922067898585,,5.005145225748638,9421000000.0,13923000.0,0.47390083492615875,10.0,0.32546765158510194,0.2274781863483373,,,,,"['fcf_cagr5 gate', 'coverage<80%']",False,0.6,,,,,,,,,,,,,,,,,,,,,,,,,
DOW,1751788,Dow Inc.,Materials,Commodity Chemicals,Materials,7.452429842573579,295019588.4624959,0.2871190490635256,-0.28344189931141106,0.216565197516142,6.0,,,0.045273807913581855,0.06364573528752633,1.1437665385332243,4,9,False,0.00729257790550264,,0.06361394320002034,-0.005898655004957921,,-0.130288466484136,,sbc_unreported,29.030000686645508,720741438.0,20923124440.03387,36831124440.033875,31157000000.0,15908000000.0,39331000000.0,,-232000000.0,-232000000.0,,,,0.2562482955352814,,,,-0.00629902028589238,,,,7947000000.0,2466000000.0,0.33421061077767433,,,,,,,,"['fcf_cagr5 gate', 'coverage<80%']",False,0.3,,,,,,,,,,,,,,,,,,,,,,,,,
ADM,7084,Archer Daniels Midland,Consumer Staples,Agricultural Products & Services,Materials,69.52772073921972,291018193.5010587,0.33633838972075836,0.0,0.4496307329932707,5.0,0.21512458130186216,0.3667630457113621,0.0916339048133175,0.0728827066579729,0.46391194824264026,4,9,True,-0.17259424658437517,-0.06175838461230476,0.2256361017762842,0.06112978076492239,1.048862479642307,0.6671087616473392,,,86.72000122070312,481959583.0,41795535626.08957,49651535626.08957,31436000000.0,7856000000.0,24996000000.0,,1677000000.0,1528000000.0,,1770000000.0,,0.15083532219570406,,,32.49446048827851,0.030774476171429976,23.613296963892413,0.9474576271186441,,4653000000.0,1845000000.0,0.20670568774653264,,,,81.10236220472441,0.3952601127112937,2.544494357311951,254.0,"['rev_cagr5 gate', 'fcf_cagr5 gate', 'coverage<80%']",False,0.6,,,,,,,,,,,,,,,,,,,,,,,,,
CLX,21076,Clorox,Consumer Staples,Household Products,Household and Personal Products,57.45379876796714,260045244.55350438,-0.10431265680562007,-0.29298194684813106,-0.2563337235418851,10.0,0.4138854364302942,0.08178782435313346,0.09184911660592388,0.09572072072072071,0.26407414894349174,7,9,False,0.011145867999568182,-0.10045182122408514,0.43846153846153846,0.046449704142011834,1.0593789968625371,0.5057174838306069,,,87.76000213623047,120921351.0,10612058022.075874,12717058022.075874,2038000000.0,2105000000.0,6760000000.0,,380000000.0,314000000.0,,756000000.0,,0.22064777327935223,,,40.50018478368113,0.024691245369402197,14.037113785814649,0.5026455026455027,,1229000000.0,929000000.0,1.0588812561334642,,,,88.46153846153845,1.2949192498677102,1.318404684147457,260.0,"['fcf_cagr5 gate', 'coverage<80%']",False,0.6,,,,,,,,,,,,,,,,,,,,,,,,,
LUV,92380,Southwest Airlines,Industrials,Passenger Airlines,Transportation,32.20260095824778,243324350.23674646,0.41629419924583866,-0.2671030097455448,0.2615385388959004,5.0,,,,,,8,9,False,0.2540541822088387,,,-0.01519635553486516,,,-0.09658344782714115,sbc_unreported,39.2400016784668,489208201.0,19196530628.359722,19301530628.359722,7187000000.0,105000000.0,30073000000.0,1041000000.0,-457000000.0,-457000000.0,,837000000.0,816604498.5941893,0.2155576382380506,0.11362244310479884,18.541335858174566,,-0.023676878730463494,22.934923092424995,-0.5459976105137395,,970000000.0,166000000.0,0.1580631696117991,2.0,-1.1764173433542462,0.04195076023720525,,,,,"['fcf_cagr5 gate', 'coverage<80%']",False,0.6,,,,,,,,,,,,,,,,,,,,,,,,,
TKO,1973266,TKO Group Holdings,Communication Services,Movies & Entertainment,Media and Entertainment,1.4729637234770705,239450310.8874089,0.00972022565657027,-0.14315818790665902,-0.04531073705804456,,,,,,,3,4,False,,,,,,,,shares_was_proxy,190.30999755859375,75207904.0,14312816026.626953,18673908026.626953,7757024000.0,4361092000.0,5301863000.0,997631000.0,,,1524991000.0,580442539.0,876309989.7844464,0.12160910217861476,0.11296986960262677,18.71825156458345,,,24.65845465304009,,2.859749336225591,8445011000.0,3120324000.0,1.4909500086631162,1.0,,,,,,,"['rev_cagr5 gate', 'fcf_cagr5 gate', 'coverage<80%']",False,0.3,,,,,,,,,,,,,,,,,,,,,,,,,
MTD,1037646,Mettler Toledo,Health Care,Life Sciences Tools & Services,Pharmaceuticals Biotechnology and Life Sciences,10.017796030116358,239435820.9919396,0.12661763463069753,-0.1290131277040808,0.026978086773677967,10.0,0.5917680916443541,0.009225112683172115,0.20782799755957995,0.21023795499108375,0.05833703385392214,8,9,False,0.05469611164747934,0.06065448604980528,0.6025641800973662,0.2034744640319313,1.0182437826666404,0.9790522279059126,,,1293.52001953125,20036559.0,25917690189.019043,28107751189.019043,2202884000.0,2190061000.0,4133875000.0,,863969000.0,841138000.0,,905611000.0,,0.1747411529061407,,,33.416337377480325,0.029925481919329443,28.61900991597832,0.9540177846779688,,735214000.0,266258000.0,0.45461858182273784,,,,25.0,-0.4469548399240164,0.9193215546693356,260.0,['coverage<80%'],True,0.6,,,,,,,,,,,,,,,,,,,,,,,,,
BIIB,875045,Biogen,Health Care,Biotechnology,Pharmaceuticals Biotechnology and Life Sciences,22.833675564681723,224993082.83598727,0.4485020084699656,-0.016664438274042515,0.49903350118422574,10.0,,,0.18102490432611182,0.17794673730612906,0.40330897854311304,4,9,False,-0.059551646346515,-0.11628194195307018,0.7548755207599573,0.21425121259081853,,1.183545509323128,,,217.14999389648438,147637117.0,32059399055.44455,35318999055.44455,21911300000.0,3259600000.0,9937400000.0,,2422900000.0,2129100000.0,,1372000000.0,,0.15471349353049907,,,16.588699006831312,0.06028200280131641,23.366908932539758,1.7659620991253644,,6488700000.0,7318500000.0,0.630140612378088,,,,43.46153846153846,-0.181206953651007,0.8733184849531526,260.0,"['rev_cagr5 gate', 'fcf_cagr5 gate', 'coverage<80%']",False,0.5,,,,,,,,,,,,,,,,,,,,,,,,,
IT,749251,Gartner,Information Technology,IT Consulting & Other Services,Software and Services,9.440109514031485,219421137.87405163,-0.2678203412556923,-0.3199666824633761,-0.2738851129732157,,0.6875238355263287,0.008255360190949003,,,,8,9,False,0.09648191203252598,,0.700840828352383,,1.019369499845572,,1.3768893876670023,,179.58999633789062,63148976.0,11340924368.581543,13181802368.581543,1673533000.0,1840878000.0,6463626000.0,1115195000.0,,,1304619000.0,775120000.0,839196273.1619874,0.2474892075717813,0.5014518824319493,11.820177070899298,,,14.631185324313066,,1.4110464434444079,2738631000.0,294434000.0,1.8123723882349496,6.0,0.3641918420778941,0.39126344838939947,,,,,"['fcf_cagr5 gate', 'coverage<80%']",False,0.5,,,,,,,,,,,,,,,,,,,,,,,,,
LEN,920760,Lennar,Consumer Discretionary,Homebuilding,Consumer Durables and Apparel,20.941820670773442,219386045.91952127,-0.354714261738878,-0.38417017542182086,-0.4084447460809928,10.0,,,0.07470777770040757,0.08599052231503557,0.6262216899608015,8,9,False,0.08737305172284682,-0.6309724733073294,,0.017640127518405265,,0.23612170059649665,,shares_was_proxy,79.5999984741211,238843000.0,19011902435.554504,22858207435.554504,25466943000.0,3846305000.0,32737235000.0,,716773000.0,577489000.0,,1615359000.0,,0.25127022029940843,,,39.582065520822916,0.02526396707301519,11.76945956629734,0.44372365523700924,,3632058000.0,0.0,0.14261853101096586,5.0,,,89.63963963963964,0.35318715561763464,3.090036078332386,222.0,"['fcf_cagr5 gate', 'coverage<80%']",False,0.6,,,,,,,,,,,,,,,,,,,,,,,,,
DGX,1022079,Quest Diagnostics,Health Care,Health Care Services,Health Care Equipment and Services,23.753593429158112,209916749.98114836,0.303995266730275,-0.03834033774126844,0.3074444587808265,10.0,,,0.11417611372192123,0.11517897598550068,0.27998009672808366,7,9,False,0.03178135709578789,-0.030543100079809316,0.3311418685121107,0.10908304498269897,,0.955392870074151,,,235.02000427246094,110373360.0,25939947538.76587,32020947538.76587,13597000000.0,6081000000.0,11560000000.0,1630000000.0,1349000000.0,1261000000.0,2210000000.0,1062000000.0,,,,19.644753091267404,25.3932970172608,0.039380471126701726,24.42556265420515,1.2702448210922788,2.61447963800905,9112000000.0,879000000.0,0.7347944399499889,,,,77.3076923076923,0.31249761182300095,1.0956977805769996,260.0,['coverage<80%'],True,0.7,,,,,,,,,,,,,,,,,,,,,,,,,
PHM,822416,PulteGroup,Consumer Discretionary,Homebuilding,Consumer Durables and Apparel,42.3709787816564,208187896.37303573,-0.04290552778442469,-0.16692204485426299,-0.1305423206568862,10.0,,,0.08140523789487442,0.0840008469405665,0.40652268284506815,8,9,False,0.09422398249785235,0.0025988733351183235,,0.0886438266026195,,1.0889204293843218,,,118.26000213623047,187452540.0,22168137780.841827,20876328780.841827,11721922000.0,-1291809000.0,16407076000.0,,1512443000.0,1454386000.0,,1906446000.0,,,,,14.354049599516104,0.0696667510493841,11.627991446304708,0.7933311512626111,,40377000.0,49585000.0,0.007674679971424481,,,,57.72357723577236,0.19464244720508872,1.062704675074037,246.0,['coverage<80%'],True,0.5,,,,,,,,,,,,,,,,,,,,,,,,,
NVR,906163,"NVR, Inc.",Consumer Discretionary,Homebuilding,Consumer Durables and Apparel,6.965092402464066,202960463.95856372,-0.2503785058355933,-0.24666669532587426,-0.2678679357569467,10.0,,,0.13260168065937378,0.1302961392689664,0.18513144297838577,7,9,False,0.06495299325159976,0.03824376104954341,,0.10293968266227554,,0.7763075260464175,,,6160.759765625,2664860.0,16417562269.023438,15820418269.023438,2794052000.0,-597144000.0,9529532000.0,,1046421000.0,980967000.0,,1141320000.0,,,,,16.12737051197791,0.062006388410143665,14.38471442629888,0.9168515403217328,,441000.0,1813000.0,0.0008067136903679674,,,,69.23076923076923,0.5124312434581344,1.1242611268026839,260.0,['coverage<80%'],True,0.5,,,,,,,,,,,,,,,,,,,,,,,,,
DD,1666700,DuPont,Industrials,Industrial Conglomerates,Capital Goods,7.279945242984257,195627815.26031294,0.5273762892071705,-0.14984663886491711,0.3319763229930548,7.0,,,0.05087839341330548,0.05121890417654004,0.46632508154244795,5,9,False,-0.09250966195399901,-0.3992474461837586,0.23422897196261683,0.07272196261682243,,1.4293289889496494,,share_jump_gt20pct,126.98999786376953,135042975.0,17149107106.767082,24914107106.767082,21534000000.0,7765000000.0,3424000000.0,,283000000.0,249000000.0,,922000000.0,,0.2328859368543487,,,100.05665504725737,0.009994337703251163,18.59989924812048,0.306941431670282,,7840000000.0,2789000000.0,0.4935915296740039,,,,,,,,"['rev_cagr5 gate', 'fcf_cagr5 gate', 'coverage<80%']",False,0.4,,,,,,,,,,,,,,,,,,,,,,,,,
INCY,879169,Incyte,Health Care,Biotechnology,Pharmaceuticals Biotechnology and Life Sciences,9.538672142368242,194980223.8464318,0.4459687830142316,-0.04960485454186858,0.46173289351540925,5.0,0.9347004003410522,0.009181738019249925,,,,9,9,False,0.14029891744294387,,0.9247410007797023,,0.9893448215516802,,2.2700203010960722,gm_derived,121.47000122070312,199782155.0,24267538611.7247,21580763611.7247,2936072000.0,-2686775000.0,5361020000.0,1610808000.0,,,1705534000.0,1431827000.0,1300168302.8241785,0.19284712838266357,0.4428257559161282,13.39747729817874,,,16.948652743470195,,-1.575327727268996,133000000.0,12298000.0,0.049487206035819284,5.0,0.1950756809101272,0.16998503150402372,89.23076923076924,1.2678716545865145,1.3425495520663835,260.0,"['fcf_cagr5 gate', 'coverage<80%']",False,0.7,,,,,,,,,,,,,,,,,,,,,,,,,
GPC,40987,Genuine Parts Company,Consumer Discretionary,Distributors,Consumer Discretionary Distribution and Retail,52.70088980150582,193881976.67214873,-0.01720803593083653,-0.07456808662636927,-0.01945992493777926,10.0,0.3583495154085159,0.018679526597185737,0.03614163379410677,0.037491820268065676,0.3011738047422127,7,9,False,0.08001090137708289,-0.25716812742553985,0.36903587645879565,0.028119096642575336,1.0298210562335974,0.7780250556121903,,,133.67999267578125,137859758.0,18429091439.724976,24935071439.724976,11031992000.0,6505980000.0,25071538000.0,,759354000.0,704989000.0,,32766000.0,,0.23892757032299447,,,35.36944752290458,0.028272988978762507,562.4455667376236,23.175059512909723,,3190572000.0,1774401000.0,0.4500522661727819,3.0,,,73.07692307692307,0.14664258945158584,1.3331695294594392,260.0,"['fcf_cagr5 gate', 'coverage<80%']",False,0.7,,,,,,,,,,,,,,,,,,,,,,,,,
IP,51434,International Paper,Materials,Paper & Plastic Packaging Products & Materials,Materials,69.52772073921972,189525767.95532554,-0.07026904161097292,-0.27450948490014593,-0.21586757531739142,9.0,,,0.04460571860964188,0.04780549415850963,0.7120681892952062,5,9,False,0.061152533817306676,,0.33520637937445774,0.02032805850514399,,0.4557276317649082,,sbc_unreported,34.36000061035156,529569895.0,18196021915.423813,28076021915.423813,24335000000.0,9880000000.0,24203000000.0,,492000000.0,492000000.0,,-3438000000.0,,,,,57.065085193950836,0.017523850119582483,,,,5290000000.0,4022000000.0,0.3826587220053421,,,,98.07692307692307,3.2046616404736854,3.3033677815180935,208.0,"['fcf_cagr5 gate', 'coverage<80%']",False,0.4,,,,,,,,,,,,,,,,,,,,,,,,,
MOS,1285785,Mosaic Company (The),Materials,Fertilizers & Agricultural Chemicals,Materials,14.965092402464066,187277532.18486655,-0.3398024454677705,-0.26061193770981206,-0.22391721213195348,8.0,0.20301327034398797,0.3192291999922398,0.046976507475192344,0.07031414375192192,1.3303719704163997,3,7,False,0.06780943144483076,,0.10983107308191609,-0.07986675266780428,0.5410044027950345,-1.7001424107567134,-0.08997533136229668,capex_gt_2x_cfo,25.190000534057617,317895646.0,8007791492.514591,12118291492.514591,15574400000.0,4110500000.0,12247900000.0,-169800000.0,-947100000.0,-978200000.0,984100000.0,-638200000.0,-138440566.14513743,0.1846845338920058,-0.0088889823136132,,,-0.08072094986361975,,,4.003150086373336,969200000.0,,0.06223032668995274,2.0,0.09879354906536131,0.07099601202522265,,,,,"['mktcap<10B', 'fcf_cagr5 gate', 'coverage<80%']",False,0.7,,,,,,,,,,,,,,,,,,,,,,,,,
BG,1996862,Bunge Global,Consumer Staples,Agricultural Products & Services,Materials,3.4989733059548254,168626507.38944185,0.4196964223534265,-0.042477769845766566,0.5382250436794092,2.0,0.21317491272892122,0.15196740951310792,-0.07622263969438871,-0.051876770538243626,,2,4,False,,,0.08045692698612579,-0.02610690112657687,0.3774221176224283,0.3425084887016683,,sbc_unreported;capex_gt_2x_cfo,122.41000366210938,194018115.0,23749758167.665558,39900758167.66556,32196000000.0,16151000000.0,44471000000.0,,-1161000000.0,-1161000000.0,,683000000.0,,0.21295279912184412,,,,-0.029097191464919115,34.77270595558647,-1.6998535871156661,,3291000000.0,309000000.0,0.11181513231457324,,,,,,,,"['rev_cagr5 gate', 'fcf_cagr5 gate', 'coverage<80%']",False,0.5,,,,,,,,,,,,,,,,,,,,,,,,,
SWK,93556,Stanley Black & Decker,Industrials,Industrial Machinery & Supplies & Components,Capital Goods,43.95345653661875,163488349.35915083,0.3604559644804777,-0.13353891990013023,0.19980090275879436,9.0,,,0.0018043026642233049,0.03924549251837361,11.934886794410382,4,9,False,0.03482769922221651,-0.16294504580710234,0.3190054893524925,0.07914636305803498,,43.865347331903976,,,89.23999786376953,151016641.0,13476724720.23365,17775324720.23365,13257400000.0,4298600000.0,15247700000.0,,1289100000.0,1206800000.0,,620500000.0,,0.2677602076941232,,,14.729304541128315,0.06789186802457114,21.719137341230702,2.0775181305398873,,7265600000.0,3892900000.0,0.841680872569282,,,,,,,,"['fcf_cagr5 gate', 'coverage<80%']",False,0.4,,,,,,,,,,,,,,,,,,,,,,,,,
BAX,10456,Baxter International,Health Care,Health Care Equipment,Health Care Equipment and Services,53.95208761122519,150125244.58343273,0.11593125536405302,-0.1357828936451021,-0.006007898690035929,10.0,0.36343314547245137,0.09694963268626282,0.0718231383165144,0.06900666202644924,0.4866144550210326,8,9,False,-0.007460794983869423,-0.2212269221838118,0.3007846556233653,,0.8276203185385168,,1.3976066884028984,,23.799999237060547,516995999.0,12304504381.763355,18645504381.763355,12547000000.0,6341000000.0,11470000000.0,-274000000.0,,,679000000.0,-1063000000.0,-213048547.5478144,0.2224505563948379,-0.016980038857720123,,,,,,9.378497790868925,4886000000.0,867000000.0,0.4585159799155177,5.0,-0.012149368630400517,0.0006674411959370003,2.6923076923076925,-0.6474842241216899,0.4942457574473164,260.0,"['rev_cagr5 gate', 'fcf_cagr5 gate', 'coverage<80%']",False,0.7,,,,,,,,,,,,,,,,,,,,,,,,,
AVY,8818,Avery Dennison,Materials,Paper & Plastic Packaging Products & Materials,Materials,38.70225872689939,145782109.40608191,0.09847368269804702,-0.12499613754014594,0.045888261645241846,10.0,0.27797900710324475,0.0321230436754061,0.0763621137475974,0.07729659533623172,0.10964090507660251,6,9,False,0.049004548094291556,0.05314467995366812,0.28977844097706557,0.11220683167353294,1.0424472120998631,1.4694044751617859,,,169.3800048828125,75788142.0,12836995862.019287,14301295862.019287,3787100000.0,1464300000.0,9248100000.0,,1063100000.0,1037700000.0,,704900000.0,,0.27006316661489077,,,13.781724835712911,0.07255985821228096,18.211087901857407,1.5081571854163711,,2262000000.0,827500000.0,0.8157957276015949,,,,0.38461538461538464,-2.294895860967759,0.5530811514272288,260.0,['coverage<80%'],True,0.6,,,,,,,,,,,,,,,,,,,,,,,,,
TXT,217346,Textron,Industrials,Aerospace & Defense,Capital Goods,47.7015742642026,141671046.23512197,0.09638003979226206,-0.19563897141984354,-0.0019189180957022156,10.0,,,0.07204960716595323,0.06314404735803551,0.2112925253055583,6,9,True,0.04899600344582322,-0.06629748290325388,,0.049611085691875285,,0.6885684411520125,,sbc_unreported;gm_derived,81.0,171986917.0,13930940277.0,12819940277.0,6943000000.0,-1111000000.0,15299000000.0,,759000000.0,759000000.0,,937000000.0,,0.1946826758147513,,,16.890566899868247,0.059204643984317684,14.867599014941302,0.8100320170757738,,,276000000.0,0.03975226847184214,,,,53.07692307692308,0.08144070042806047,1.0234759510176459,260.0,"['fcf_cagr5 gate', 'coverage<80%']",False,0.5,,,,,,,,,,,,,,,,,,,,,,,,,
TPL,1811074,Texas Pacific Land Corporation,Energy,Oil & Gas Exploration & Production,Energy,1.7960301163586585,137246096.0832665,0.1528738561716969,-0.30288661830755725,0.18880090396555316,5.0,,,,,,5,7,True,0.21410935617420757,0.3049035690618971,,,,,0.3720849235368813,,369.1000061035156,68974683.0,25458555916.288055,25225456916.288055,1439299000.0,-233099000.0,897541000.0,672482000.0,,,740057000.0,541416000.0,532138733.8199314,0.2086944575171805,0.369720769499549,37.51097712100555,,,47.02217133643641,,-0.31497438710802006,,31675000.0,0.022007241024971185,6.0,0.9936461977151355,1.1934642407692715,86.48648648648648,1.7555475641582683,3.4132713607959384,185.0,['coverage<80%'],True,0.6,,,,,,,,,,,,,,,,,,,,,,,,,
BALL,9389,Ball Corporation,Materials,"Metal, Glass & Plastic Containers",Materials,41.86721423682409,132095923.89403932,0.2206427830007225,-0.10102968296326287,0.18650064571176883,7.0,,,-0.00041794169935035347,0.0024618058069654624,,5,9,False,0.022401190765954704,,,0.057727209269859,,-138.12263614659625,,sbc_unreported,59.900001525878906,264703357.0,15855731488.205269,24081731488.20527,13972000000.0,8226000000.0,14326000000.0,,827000000.0,827000000.0,,,,,,,29.119385112702865,0.03434138448080643,,,,4397000000.0,29000000.0,0.3167764099627827,,,,,,,,"['fcf_cagr5 gate', 'coverage<80%']",False,0.3,,,,,,,,,,,,,,,,,,,,,,,,,
SNA,91440,Snap-on,Industrials,Industrial Machinery & Supplies & Components,Capital Goods,43.95345653661875,130423141.15704533,0.2348629313284345,-0.09266388137267279,0.15594559328803848,,,,,,,5,9,False,0.03619988745258418,,,,,,0.9680603238770318,,375.44000244140625,51727124.0,19420431560.846924,19105531560.846924,5726400000.0,-314900000.0,4828900000.0,1342200000.0,,,1432200000.0,1033700000.0,1049585328.0141845,0.2180112293144208,0.1832888600192415,14.234489316679277,,,18.787299565489914,,-0.23732718894009217,1231500000.0,130300000.0,0.23781084101704386,4.0,0.18933619682415972,0.18861646564285622,,,,,"['fcf_cagr5 gate', 'coverage<80%']",False,0.4,,,,,,,,,,,,,,,,,,,,,,,,,
NWSA,1564708,News Corp (Class A),Communication Services,Publishing,Media and Entertainment,13.117043121149898,125509083.78481767,0.0017740318761634288,-0.046204081037410916,0.014796397577223175,10.0,,,0.07054194206303736,0.0675579744439186,0.21078207856885378,6,9,False,-0.007154431028680852,-0.008648909226673163,,0.08983163491360213,,1.273449982895668,,shares_was_proxy;sbc_unreported,29.440000534057617,556500000.0,16383360297.203064,17929360297.203064,10072000000.0,1546000000.0,9028000000.0,,811000000.0,811000000.0,,573000000.0,,0.28967495219885275,,,22.107719232062966,0.04523306947691346,28.592251827579517,1.4153577661431065,,4542000000.0,1837000000.0,0.6333399523431295,,,,28.846153846153843,-0.6307286741904544,0.8764111383534801,260.0,"['rev_cagr5 gate', 'coverage<80%']",False,0.5,,,,,,,,,,,,,,,,,,,,,,,,,
PSKY,2041610,Paramount Skydance Corporation,Communication Services,Movies & Entertainment,Media and Entertainment,31.953456536618756,100057043.10586509,-0.4514100422369278,-0.4370374639921254,-0.42652331709354707,2.0,,,,,,0,1,False,,,,0.013419277017603377,,,,share_jump_gt20pct,10.600000381469727,1071666977.0,11359670365.008509,12101670365.008509,12513000000.0,742000000.0,26529000000.0,996000000.0,677000000.0,356000000.0,,-377000000.0,,,,12.150271450811756,33.993456081484574,0.02941742662478724,,,,2034000000.0,6238000000.0,0.6610724846159993,,,,,,,,"['rev_cagr5 gate', 'fcf_cagr5 gate', 'coverage<80%']",False,0.3,,,,,,,,,,,,,,,,,,,,,,,,,
