ticker,cik,name,sector,sub_industry,ig_name,index_tenure_y,trading_history_y,adv_usd,mom_12_1,dd_52w,ret_12m,fcf_pos_years,gm,gm_stability,fcf_margin,fcf_margin_median_5y,fcf_cov,fcf_owner_margin,fcf_owner_margin_median_5y,fcf_owner_cov,rev_pos_years,rev_yoy_n,fcf_cagr5_base_fallback,rev_cagr5,fcf_cagr5,fcf_owner_cagr5,fcf_owner_cagr5_base_fallback,gm_ttm,fcf_margin_ttm,fcf_owner_margin_ttm,brake_gm,brake_fcf_margin,brake_fcf_owner_margin,brake_roic,ev_fcf_owner_self_pct,ev_fcf_owner_self_z,ev_fcf_owner_self_ratio,ev_fcf_owner_self_n,dq_flags,price,shares_cover,mktcap,ev,ic,stack,cfo_ttm,capex_ttm,sbc_ttm,dna_ttm,net_debt,revenue_ttm,ebit_ttm,fcf_ttm,fcf_adj_ttm,fcf_owner_ttm,ebitda_ttm,ni_ttm,nopat_ttm,t_eff,roic_ttm,ev_ebit,ev_fcf,fcf_yield,ev_fcf_owner,fcf_owner_yield,pe_ttm,fcf_ni,nd_ebitda,goodwill,intangibles,goodwill_share_ic,roic_years,roic,roic_median_5y,ev_fcf_self_pct,ev_fcf_self_z,ev_fcf_self_ratio,ev_fcf_self_n,gate_fail_reasons,gates_pass,input_coverage,peer_level,peer_set,pct_roic,pct_fcf_margin,pct_gm,pct_roic_years,pct_fcf_pos_years,pct_fcf_ni,pct_nd_ebitda,pct_ev_ebit,pct_mom_sector,quality_weight_used,quality_score,quality_component_values,cheapness_score,quality_floor_pass,residual,residual_fitted,residual_pct,composite,eps_rev_proxy,flag_derated_quality,evidence_derated,flag_beaten_but_delivering,evidence_beaten
NVDA,1045810,Nvidia,Information Technology,Semiconductors,Semiconductors and Semiconductor Equipment,24.799452429842574,5.9986310746064335,25854619466.455795,0.21692345625827025,-0.04677274845973134,0.24449819454828736,5.0,0.6812645648281168,0.09567708242734539,0.30037149871533764,0.38527953776960705,0.8916069834336632,0.304667380432823,0.37807360231115195,0.9581204512587501,8,9,False,0.6689858183148778,,,False,0.7467439020365053,0.3953031653299007,0.4074066739281117,1.0961144034034838,1.316047517892268,1.3372178975948559,0.9734364233761907,57.30769230769231,0.14119730508983944,1.075025348744733,260.0,,219.33999633789062,24100000000.0,5286093911743.164,5253388911743.164,196279000000.0,-32705000000.0,134360000000.0,7354000000.0,7241000000.0,3687000000.0,-32705000000.0,302970000000.0,197579000000.0,127006000000.0,119765000000.0,123432000000.0,201266000000.0,192880000000.0,165876816790.93597,0.16045320205621064,0.8451073053711093,26.588802007010685,43.86414154171222,0.022797664900133945,42.560996433203414,0.02349569051019357,27.40612770501433,0.6584715885524679,-0.16249639780191388,21125000000.0,2998000000.0,0.12290158396975734,7.0,0.8681689785553793,1.0155847417253008,,,,,['fcf_cagr5 gate'],False,0.9,ig,Semiconductors and Semiconductor Equipment,100.0,87.5,100.0,66.66666666666666,12.5,20.0,64.28571428571428,75.0,55.172413793103445,1.0,59.8767362017099,"{'profitability': 100.0, 'growth': 100.0, 'balance': 100.0, 'stability': 59.9}",,False,-0.16465726737602138,51.71533912086597,,,,False,"{""floor"": false, ""depressed_arms"": {""self_pct"": false, ""self_z"": false, ""median_ratio"": false}, ""yield_arm"": false, ""residual_arm"": false, ""brakes"": {""gm"": true, ""fcf_margin"": true, ""roic"": true}, ""self_pct"": null, ""self_z"": null, ""median_ratio"": null, ""fcf_yield"": 0.022797664900133945, ""yield_threshold"": 0.0495, ""gs10"": 0.0495, ""residual_pct"": null, ""brake_values"": {""gm"": 1.0961144034034838, ""fcf_margin"": 1.316047517892268, ""roic"": 0.9734364233761907}}",False,"{""floor"": false, ""mom_sector_pct"": 55.172413793103445, ""eps_rev_proxy"": null}"
AAPL,320193,Apple Inc.,Information Technology,"Technology Hardware, Storage & Peripherals",Technology Hardware and Equipment,43.800136892539356,5.9986310746064335,15801887950.186087,0.2647362833130369,0.0,0.3777795993767388,10.0,0.4446632673722596,0.04224771564223663,0.2357035364187658,0.23248509500651965,0.06674528697417795,0.23456852980922305,0.23194110716560465,0.06912796148743436,7,9,False,0.08677354924090741,0.061266824126846364,0.06720592945686343,False,0.4865291555900202,0.2634338925031543,0.2568810876927658,1.094151892656138,1.1176493000729568,1.0951217023941353,1.0844822458532013,89.23076923076924,1.145297951047724,1.2150034541590724,260.0,,337.0,14594180000.0,4918238660000.0,4951906660000.0,141188000000.0,33668000000.0,146724000000.0,10041000000.0,13706000000.0,13100000000.0,33668000000.0,466823000000.0,154859000000.0,136683000000.0,122977000000.0,119918000000.0,167959000000.0,128930000000.0,128064159621.82341,0.17302733698510642,0.907047055145079,31.976873543029466,40.26693332899648,0.024834272623385837,41.29410647275638,0.024216530769584417,38.146580780268366,1.0601334057240364,0.2004536821486196,5889000000.0,2149000000.0,0.05693118395331048,10.0,0.8363871871701066,0.8223395142877403,87.6923076923077,1.0189248161565656,1.1923039508694324,260.0,[],True,1.0,ig,Technology Hardware and Equipment,95.0,94.44444444444444,63.1578947368421,85.0,62.5,40.0,68.42105263157895,30.0,58.620689655172406,1.0,69.20859678610759,"{'profitability': 96.5, 'growth': 61.7, 'balance': 93.3, 'stability': 81.3}",21.176020183640226,True,0.1393187967124807,35.030244695831435,51.31578947368421,45.192308484873905,-1.0,False,"{""floor"": true, ""depressed_arms"": {""self_pct"": false, ""self_z"": false, ""median_ratio"": false}, ""yield_arm"": false, ""residual_arm"": false, ""brakes"": {""gm"": true, ""fcf_margin"": true, ""roic"": true}, ""self_pct"": 87.6923076923077, ""self_z"": 1.0189248161565656, ""median_ratio"": 1.1923039508694324, ""fcf_yield"": 0.024834272623385837, ""yield_threshold"": 0.0495, ""gs10"": 0.0495, ""residual_pct"": 51.31578947368421, ""brake_values"": {""gm"": 1.094151892656138, ""fcf_margin"": 1.1176493000729568, ""roic"": 1.0844822458532013}}",False,"{""floor"": true, ""mom_sector_pct"": 58.620689655172406, ""eps_rev_proxy"": -1.0}"
MSFT,789019,Microsoft,Information Technology,Systems Software,Software and Services,32.2984257357974,5.9986310746064335,14182191897.816687,-0.05930149719907862,-0.04156663809630923,-0.031055605431035804,10.0,0.687708079904994,0.008802118348736152,0.23212217229294924,0.2353018899086898,0.07566316835758023,0.3475709904518274,0.3414263605514617,0.2717266509976591,9,9,False,0.1457190738095313,0.03604273274160441,0.1710571643865748,False,0.6794409337058032,0.16448337898800322,0.396366912870398,0.9879786984612235,0.7086069260993187,1.1403912402330758,0.7249715515875705,20.0,-1.3547975534158547,0.8173271129092294,260.0,,497.75,7425545491.0,3696065268145.25,3676048268145.25,422370000000.0,-20017000000.0,182935000000.0,115948000000.0,12405000000.0,39000000000.0,-20017000000.0,331839000000.0,155237000000.0,66987000000.0,54582000000.0,131530000000.0,194237000000.0,133749000000.0,125126818572.44446,0.19396265985271252,0.29624930409935474,23.680232600122714,67.349094356111,0.014848009606669106,27.948363629173954,0.035780270117716236,27.63433945782959,0.5008411277841329,-0.10305451587493629,119651000000.0,18609000000.0,0.32734332457324145,7.0,0.40863576432843,0.353169746630197,98.84615384615385,2.0438477266205735,1.4050316754010326,260.0,[],True,1.0,ig,Software and Services,84.21052631578947,77.27272727272727,27.77777777777778,80.0,63.63636363636363,4.761904761904762,44.99999999999999,54.54545454545455,29.310344827586203,1.0,78.80908297051678,"{'profitability': 82.9, 'growth': 65.0, 'balance': 100.0, 'stability': 95.3}",21.66192110217718,True,0.6860173036153707,33.91550051869272,82.89473684210526,50.23550203634698,5.0,False,"{""floor"": true, ""depressed_arms"": {""self_pct"": false, ""self_z"": false, ""median_ratio"": false}, ""yield_arm"": false, ""residual_arm"": false, ""brakes"": {""gm"": true, ""fcf_margin"": false, ""roic"": false}, ""self_pct"": 98.84615384615385, ""self_z"": 2.0438477266205735, ""median_ratio"": 1.4050316754010326, ""fcf_yield"": 0.014848009606669106, ""yield_threshold"": 0.0495, ""gs10"": 0.0495, ""residual_pct"": 82.89473684210526, ""brake_values"": {""gm"": 0.9879786984612235, ""fcf_margin"": 0.7086069260993187, ""roic"": 0.7249715515875705}}",False,"{""floor"": true, ""mom_sector_pct"": 29.310344827586203, ""eps_rev_proxy"": 5.0}"
TSLA,1318605,"Tesla, Inc.",Consumer Discretionary,Automobile Manufacturers,Consumer Durables and Apparel,5.7412731006160165,5.9986310746064335,13482152976.888727,-0.14835595297970938,-0.2389858625991108,-0.14051680260992727,7.0,0.21003124827237202,0.17260253220457197,0.04115824860039773,0.03580203950351693,0.26305793138250977,0.10326066690731647,0.09012181390111577,0.15969004107452936,8,9,False,0.24630713363610557,,-0.018107452001611013,True,0.18851754987019756,0.018954052828149277,0.0911705382217547,0.8975690589893789,0.4605165057476745,0.8829164187326671,0.27268896330441955,82.6923076923077,1.159231368692361,1.662317049100765,260.0,,366.20001220703125,3949547394.0,1446324303895.0483,1412363903895.0483,52897600000.0,-33960400000.0,18685000000.0,12923000000.0,3798000000.0,5440000000.0,-34567400000.0,103619000000.0,4372000000.0,5762000000.0,1964000000.0,9447000000.0,9812000000.0,3804000000.0,3238146060.9545717,0.2593444508338125,0.06121536820110122,323.04755349840997,719.1262239791489,0.0013905764616212843,149.50395934106578,0.006688786065649833,380.2114363551652,1.5147213459516298,-3.5229718711781493,257000000.0,228000000.0,0.00916865793533166,5.0,0.2244878834086245,0.18126594999483106,96.58119658119658,2.609577971240772,3.454449087312788,234.0,['fcf_cagr5 gate'],False,1.0,ig,Consumer Durables and Apparel,75.0,20.0,25.0,38.88888888888889,10.0,66.66666666666666,90.0,0.0,33.33333333333333,1.0,43.30939810484206,"{'profitability': 19.1, 'growth': 100.0, 'balance': 100.0, 'stability': 64.0}",1.7673839089505237,False,1.7471541260059325,28.62749882973591,,22.53839100689629,,False,"{""floor"": false, ""depressed_arms"": {""self_pct"": false, ""self_z"": false, ""median_ratio"": false}, ""yield_arm"": false, ""residual_arm"": false, ""brakes"": {""gm"": false, ""fcf_margin"": false, ""roic"": false}, ""self_pct"": 96.58119658119658, ""self_z"": 2.609577971240772, ""median_ratio"": 3.454449087312788, ""fcf_yield"": 0.0013905764616212843, ""yield_threshold"": 0.0495, ""gs10"": 0.0495, ""residual_pct"": null, ""brake_values"": {""gm"": 0.8975690589893789, ""fcf_margin"": 0.4605165057476745, ""roic"": 0.27268896330441955}}",False,"{""floor"": false, ""mom_sector_pct"": 33.33333333333333, ""eps_rev_proxy"": null}"
AMD,2488,Advanced Micro Devices,Information Technology,Semiconductors,Semiconductors and Semiconductor Equipment,9.49760438056126,5.9986310746064335,11980484930.72964,2.0068619469803854,-0.022943568547350357,2.4633078910305874,8.0,0.4763207320578323,0.03812796112130483,0.08666218676539891,0.08618278886487861,0.5618169170892288,0.03518273970825582,0.08664887081055887,3.0874254692211225,8,9,True,0.2882389065515516,0.2021430186788593,0.033671549650546195,True,0.5320421256506476,0.157559617479724,0.13083161844812977,1.11698292734831,1.8180895654785378,3.7186307698894017,0.5737176178274888,75.8974358974359,0.02134201906766026,2.080580895273192,195.0,,545.0900268554688,1632475042.0,889845864484.6625,882043864484.6625,59422000000.0,-7802000000.0,10080000000.0,1677000000.0,1895000000.0,2781000000.0,-7802000000.0,41305000000.0,6488000000.0,8403000000.0,6508000000.0,5404000000.0,9269000000.0,6434000000.0,5371098507.438584,0.17214881204707402,0.09038905636697829,135.95004076520692,135.53224715498808,0.007378317861552525,163.22055227325362,0.006126679428984303,138.30367803616141,1.3060304631644388,-0.8417304995145107,25470000000.0,15635000000.0,0.6917471643499041,3.0,0.15754973101446118,0.028160566330584183,69.71153846153845,0.09690708366861378,1.4413647114799353,208.0,[],True,1.0,ig,Semiconductors and Semiconductor Equipment,35.714285714285715,12.5,43.75,20.0,25.0,80.0,85.71428571428572,6.25,91.37931034482759,1.0,45.752268178498305,"{'profitability': 24.3, 'growth': 100.0, 'balance': 100.0, 'stability': 65.6}",16.071617721334956,False,0.9630767650163436,51.734911963448354,,30.91194294991663,,False,"{""floor"": false, ""depressed_arms"": {""self_pct"": false, ""self_z"": false, ""median_ratio"": false}, ""yield_arm"": false, ""residual_arm"": false, ""brakes"": {""gm"": true, ""fcf_margin"": true, ""roic"": false}, ""self_pct"": 69.71153846153845, ""self_z"": 0.09690708366861378, ""median_ratio"": 1.4413647114799353, ""fcf_yield"": 0.007378317861552525, ""yield_threshold"": 0.0495, ""gs10"": 0.0495, ""residual_pct"": null, ""brake_values"": {""gm"": 1.11698292734831, ""fcf_margin"": 1.8180895654785378, ""roic"": 0.5737176178274888}}",False,"{""floor"": false, ""mom_sector_pct"": 91.37931034482759, ""eps_rev_proxy"": null}"
META,1326801,Meta Platforms,Communication Services,Interactive Media & Services,Media and Entertainment,12.736481861738536,5.9986310746064335,10481961203.675661,-0.29121721149879365,-0.0802224619240266,-0.12054998868724531,10.0,0.8071268312398934,0.015834172340424366,0.1786484268578379,0.2226875806140754,0.28802439886762765,0.33623101990695897,0.34386792052845355,0.3212957934039315,8,9,False,0.18511415178759827,0.14349336092767184,0.24804841242061948,False,0.817474052232888,0.0693985024994852,0.3611701358615885,1.0128198203708574,0.3884641119997663,1.0741725613583502,0.7434791527554472,41.92307692307693,-0.24586018550320926,0.9329703137198437,260.0,shares_was_proxy;gm_derived,682.3099975585938,2543000000.0,1735114323791.504,1758356323791.504,284463000000.0,23242000000.0,130301000000.0,89325000000.0,25136000000.0,22729000000.0,23242000000.0,228247000000.0,86926000000.0,40976000000.0,15840000000.0,82436000000.0,109655000000.0,68098000000.0,67632726429.32224,0.22195055070609204,0.23775579400246163,20.22819782103748,111.00734367370606,0.009008413019406991,21.32995686097705,0.046882420181050176,25.479666418859644,0.6017210490763312,0.21195567917559618,23406000000.0,3692000000.0,0.09526019201091179,10.0,0.31978811123526785,0.3066290976575339,95.0,2.431266535408721,2.6846442093715104,260.0,[],True,1.0,ig,Media and Entertainment,77.77777777777779,80.0,80.0,94.44444444444444,70.0,22.22222222222222,50.0,50.0,41.66666666666667,1.0,65.46084014447328,"{'profitability': 63.9, 'growth': 100.0, 'balance': 92.9, 'stability': 78.5}",19.55906399021028,True,1.1551673311179922,34.96784857726031,96.05263157894737,42.50995206734178,,False,"{""floor"": true, ""depressed_arms"": {""self_pct"": false, ""self_z"": false, ""median_ratio"": false}, ""yield_arm"": false, ""residual_arm"": false, ""brakes"": {""gm"": true, ""fcf_margin"": false, ""roic"": false}, ""self_pct"": 95.0, ""self_z"": 2.431266535408721, ""median_ratio"": 2.6846442093715104, ""fcf_yield"": 0.009008413019406991, ""yield_threshold"": 0.0495, ""gs10"": 0.0495, ""residual_pct"": 96.05263157894737, ""brake_values"": {""gm"": 1.0128198203708574, ""fcf_margin"": 0.3884641119997663, ""roic"": 0.7434791527554472}}",False,"{""floor"": true, ""mom_sector_pct"": 41.66666666666667, ""eps_rev_proxy"": null}"
GOOGL,1652044,Alphabet Inc. (Class A),Communication Services,Interactive Media & Services,Media and Entertainment,20.459958932238195,5.9986310746064335,9664048513.018816,0.3563704089422062,-0.13233323750453896,0.3671217409217882,10.0,0.573594087762007,0.025384626097333184,0.1519742783299251,0.14371579289765093,0.0703608442286252,0.24525129852446045,0.24913861572833398,0.27272951812309715,9,9,False,0.1715483907713573,0.1132802934679571,0.15773364508798515,True,0.6089654739316297,0.05635325411670771,0.2954833963567529,1.0616662321392316,0.3708078415372955,1.2048188863199127,0.5986386231562422,,,,,gm_derived,347.3299865722656,12230000000.0,4247845735778.8086,4126162735778.8086,518797000000.0,-121683000000.0,185675000000.0,132402000000.0,28147000000.0,25782000000.0,-121683000000.0,445866000000.0,147628000000.0,53273000000.0,25126000000.0,131746000000.0,173410000000.0,244205000000.0,120465185969.81311,0.183995001152809,0.23220100727223386,27.9497299684261,164.2188464450692,0.006089435053573449,31.319074095447366,0.03192942412513284,17.394589528383158,0.21814868655432934,-0.701706937316187,57828000000.0,9105000000.0,0.12901578073890174,8.0,0.3878817675478155,0.3755948568568398,99.23076923076923,3.6291059423226675,4.559209210417244,260.0,[],True,1.0,ig,Media and Entertainment,100.0,70.0,40.0,66.66666666666666,70.0,11.11111111111111,80.0,20.0,100.0,1.0,78.60092257046284,"{'profitability': 61.3, 'growth': 97.2, 'balance': 100.0, 'stability': 93.9}",8.164383258688066,True,1.5468137422570685,34.96635192669217,98.68421052631578,43.38265291457545,0.0,False,"{""floor"": true, ""depressed_arms"": {""self_pct"": false, ""self_z"": false, ""median_ratio"": false}, ""yield_arm"": false, ""residual_arm"": false, ""brakes"": {""gm"": true, ""fcf_margin"": false, ""roic"": false}, ""self_pct"": 99.23076923076923, ""self_z"": 3.6291059423226675, ""median_ratio"": 4.559209210417244, ""fcf_yield"": 0.006089435053573449, ""yield_threshold"": 0.0495, ""gs10"": 0.0495, ""residual_pct"": 98.68421052631578, ""brake_values"": {""gm"": 1.0616662321392316, ""fcf_margin"": 0.3708078415372955, ""roic"": 0.5986386231562422}}",False,"{""floor"": true, ""mom_sector_pct"": 100.0, ""eps_rev_proxy"": 0.0}"
AVGO,1730168,Broadcom,Information Technology,Semiconductors,Semiconductors and Semiconductor Equipment,12.36413415468857,5.9986310746064335,8240123859.579981,0.075983323081519,-0.2214122465745515,0.014218978398824023,10.0,0.6552755817864064,0.04380219303284204,0.37358333341981426,0.4232058287795993,0.2433527600609242,0.2926460483585944,0.33962422178173596,0.3181120242924162,9,9,False,0.21743712435641926,0.18336584083850394,0.03558850045624995,False,0.687702011133058,0.34702145807146706,0.19679251212066798,1.0494851788285027,0.9288997314061164,0.6724591472341628,1.5254562175210302,83.84615384615385,1.6048780562094154,16.09395165325803,260.0,,347.29998779296875,4773629865.0,1657881593842.6511,1694660593842.6511,136469000000.0,36779000000.0,40653000000.0,1250000000.0,8482000000.0,14636000000.0,36779000000.0,89104000000.0,42814000000.0,39403000000.0,30921000000.0,17535000000.0,57450000000.0,,40482287924.09004,0.05446143962045022,0.2966409069025936,39.581926328832886,54.80613802408237,0.018246131474554728,96.64445930097811,0.010347204663701598,,,0.6401914708442124,97801000000.0,26325000000.0,0.9095545508503763,5.0,0.1944604528766189,0.19356110283314357,61.15384615384616,1.3047331242398184,9.154621913203458,260.0,[],True,0.9,ig,Semiconductors and Semiconductor Equipment,50.0,100.0,93.75,50.0,65.625,,35.71428571428571,50.0,44.827586206896555,1.0,77.57226793089508,"{'profitability': 98.4, 'growth': 100.0, 'balance': 78.7, 'stability': 83.5}",35.49493648877992,True,0.05771603182570928,51.7324975629205,43.42105263157895,56.5336022098375,2.0,False,"{""floor"": true, ""depressed_arms"": {""self_pct"": false, ""self_z"": false, ""median_ratio"": false}, ""yield_arm"": false, ""residual_arm"": false, ""brakes"": {""gm"": true, ""fcf_margin"": false, ""roic"": true}, ""self_pct"": 61.15384615384616, ""self_z"": 1.3047331242398184, ""median_ratio"": 9.154621913203458, ""fcf_yield"": 0.018246131474554728, ""yield_threshold"": 0.0495, ""gs10"": 0.0495, ""residual_pct"": 43.42105263157895, ""brake_values"": {""gm"": 1.0494851788285027, ""fcf_margin"": 0.9288997314061164, ""roic"": 1.5254562175210302}}",False,"{""floor"": true, ""mom_sector_pct"": 44.827586206896555, ""eps_rev_proxy"": 2.0}"
PLTR,1321655,Palantir Technologies,Information Technology,Application Software,Software and Services,1.9849418206707734,5.960301163586585,5663605302.955533,-0.01343273730161132,-0.12086594293409303,-0.0337189205387618,5.0,0.7995814556998394,0.01950015320188748,0.015295451418841144,0.09939991334878194,0.7776150853707844,0.01422133685402201,0.09120220475215414,2.7418460051889,7,7,True,0.3257731580149814,0.5986147953294314,,False,0.8479613433592037,0.4098070465587633,0.4120879326166381,1.0605065153956321,26.79273957576417,28.976736635001608,1.6640543855668235,,,,,,176.24000549316406,2402897000.0,423486580479.50745,414445435479.50745,733049000.0,-9041145000.0,3400291000.0,42019000.0,835524000.0,27978000.0,-9151835000.0,6155941000.0,2634652000.0,3358272000.0,2522748000.0,2536789000.0,2662630000.0,3016692000.0,2599391852.6702323,0.01338322758746415,3.546000134602506,157.30557032940496,164.28332733967383,0.006087044961856599,163.3740273548598,0.006120923969315698,140.3811129805454,1.1132299883448493,-3.4371410973360925,37938000.0,14611000.0,0.07168552170455181,3.0,2.130940049411089,2.5811810115618212,,,,,[],True,0.9,ig,Software and Services,100.0,4.545454545454546,72.22222222222221,40.0,4.545454545454546,14.285714285714285,95.0,9.090909090909093,34.48275862068966,1.0,64.24891746169146,"{'profitability': 69.9, 'growth': 100.0, 'balance': 100.0, 'stability': 73.0}",,False,1.5778378850935448,33.9091196468298,,,,False,"{""floor"": false, ""depressed_arms"": {""self_pct"": false, ""self_z"": false, ""median_ratio"": false}, ""yield_arm"": false, ""residual_arm"": false, ""brakes"": {""gm"": true, ""fcf_margin"": true, ""roic"": true}, ""self_pct"": null, ""self_z"": null, ""median_ratio"": null, ""fcf_yield"": 0.006087044961856599, ""yield_threshold"": 0.0495, ""gs10"": 0.0495, ""residual_pct"": null, ""brake_values"": {""gm"": 1.0605065153956321, ""fcf_margin"": 26.79273957576417, ""roic"": 1.6640543855668235}}",False,"{""floor"": false, ""mom_sector_pct"": 34.48275862068966, ""eps_rev_proxy"": null}"
MRVL,1835632,Marvell Technology,Information Technology,Semiconductors,Semiconductors and Semiconductor Equipment,0.24093086926762491,5.9986310746064335,5537247347.94175,2.19882879273793,-0.22461395193411027,2.2490298024866995,7.0,0.46138421412244135,0.08995587537354624,0.08918983351507066,0.0895668626258531,0.24861914685275566,-0.07183347378316172,-0.08071491316980878,,5,6,False,0.22514202663068583,0.14469332824590087,,False,0.5221104091933589,0.09536205199834925,0.027194903865485752,1.1316174095518625,1.0692031618405886,-0.37858260826389867,,,,,,,240.75999450683594,876900000.0,211122439183.04443,212475739183.04443,19884900000.0,1353300000.0,2200300000.0,470200000.0,828900000.0,1114400000.0,1353300000.0,9450300000.0,1561300000.0,1730100000.0,901200000.0,257000000.0,2675700000.0,2639900000.0,1368353945.381737,0.1235803846911311,0.06881372022900477,136.0889894210238,235.76979492126546,0.00424142541386163,826.7538489612624,0.001209549857259697,79.97365020760046,0.6553657335505133,0.5057741899316067,13873900000.0,2078600000.0,0.8022419021468552,0.0,,,88.13559322033898,1.8011653352092714,2.0559942411270433,236.0,['tenure<1y'],False,0.9,ig,Semiconductors and Semiconductor Equipment,,18.75,25.0,6.666666666666667,18.75,13.333333333333334,50.0,0.0,94.82758620689656,1.0,48.45794296286093,"{'profitability': 35.1, 'growth': 100.0, 'balance': 83.1, 'stability': 70.2}",5.829389649474949,False,,,,27.14366630616794,,False,"{""floor"": false, ""depressed_arms"": {""self_pct"": false, ""self_z"": false, ""median_ratio"": false}, ""yield_arm"": false, ""residual_arm"": false, ""brakes"": {""gm"": true, ""fcf_margin"": true, ""roic"": false}, ""self_pct"": 88.13559322033898, ""self_z"": 1.8011653352092714, ""median_ratio"": 2.0559942411270433, ""fcf_yield"": 0.00424142541386163, ""yield_threshold"": 0.0495, ""gs10"": 0.0495, ""residual_pct"": null, ""brake_values"": {""gm"": 1.1316174095518625, ""fcf_margin"": 1.0692031618405886, ""roic"": null}}",False,"{""floor"": false, ""mom_sector_pct"": 94.82758620689656, ""eps_rev_proxy"": null}"
AMAT,6951,Applied Materials,Information Technology,Semiconductor Materials & Equipment,Semiconductors and Semiconductor Equipment,31.509924709103355,5.9986310746064335,4384122402.982026,1.6041190925002007,-0.33340837184113303,1.207830835929205,10.0,0.47333616555642843,0.01605670875141984,0.21086539993485376,0.19199583748861812,0.21314037597492405,0.23976176182245545,0.24326706147772137,0.22452264656185733,8,9,False,0.10522310397599743,0.10996623630665936,0.17198931365326797,False,0.49398449914064274,0.1596134513733502,,1.0436229789455054,0.7569447212423769,,0.7701852739955846,91.15384615384615,1.9764068257484384,2.1012995150269833,260.0,,417.3999938964844,793597443.0,331247567864.4656,330645567864.4656,25024000000.0,-602000000.0,8396000000.0,2773000000.0,701000000.0,,-602000000.0,30837000000.0,9141000000.0,5623000000.0,4922000000.0,,,9267000000.0,7896862776.172276,0.13610515521581057,0.31557156234703787,36.171706363030914,67.17707595783534,0.01488603047604609,,,35.744854630890856,0.6067767346498327,,3873000000.0,262000000.0,0.165241368286445,7.0,0.4097346093231679,0.41686122684368854,93.84615384615384,2.3850824154465378,2.830058929345231,260.0,[],True,0.9,ig,Semiconductors and Semiconductor Equipment,78.57142857142857,62.5,31.25,66.66666666666666,65.625,6.666666666666667,,62.5,87.93103448275862,0.7,70.05142679946076,"{'profitability': 81.9, 'growth': 89.7, 'balance': None, 'stability': 82.2}",25.409901969818044,True,0.26141113943683614,51.72394971810084,61.8421052631579,47.7306643846394,15.0,False,"{""floor"": true, ""depressed_arms"": {""self_pct"": false, ""self_z"": false, ""median_ratio"": false}, ""yield_arm"": false, ""residual_arm"": false, ""brakes"": {""gm"": true, ""fcf_margin"": false, ""roic"": false}, ""self_pct"": 93.84615384615384, ""self_z"": 2.3850824154465378, ""median_ratio"": 2.830058929345231, ""fcf_yield"": 0.01488603047604609, ""yield_threshold"": 0.0495, ""gs10"": 0.0495, ""residual_pct"": 61.8421052631579, ""brake_values"": {""gm"": 1.0436229789455054, ""fcf_margin"": 0.7569447212423769, ""roic"": 0.7701852739955846}}",False,"{""floor"": true, ""mom_sector_pct"": 87.93103448275862, ""eps_rev_proxy"": 15.0}"
STX,1137789,Seagate Technology,Information Technology,"Technology Hardware, Storage & Peripherals",Technology Hardware and Equipment,14.212183436002737,5.9986310746064335,3822511710.804483,2.873878904705135,-0.24903741857308181,2.660268686648541,10.0,0.30448868205163937,0.31100654151911605,0.11064934470739585,0.08197221798198748,0.7186799392256592,0.10892064517464925,0.08044573347580522,0.9173098652262911,6,9,False,0.0268664811857644,0.22447663070396695,0.23313678378976377,False,0.4557605576055761,0.23714637146371464,0.2611726117261173,1.4968062344211597,2.1432243642366884,2.3978246851856135,2.448375965427523,55.769230769230774,0.10271740748187769,1.0470760389711684,260.0,gm_derived,803.1300048828125,226644518.0,182025012848.0027,184219012848.0027,4361000000.0,2194000000.0,3674000000.0,569000000.0,213000000.0,276000000.0,2194000000.0,12195000000.0,4094000000.0,3105000000.0,2892000000.0,3185000000.0,4370000000.0,3184000000.0,3532600542.0054197,0.13712737127371274,0.8100436922736574,44.997316279433974,63.699520348548646,0.015698705336056495,57.83956447347023,0.017289203490781446,57.1686598140712,0.9751884422110553,0.5020594965675057,1221000000.0,0.0,0.27998165558358173,9.0,0.3308493890284582,0.36995539367065217,76.92307692307693,0.7549718835344277,1.3735634650500348,260.0,[],True,1.0,ig,Technology Hardware and Equipment,85.0,44.44444444444444,31.57894736842105,60.0,62.5,35.0,63.15789473684211,10.0,98.27586206896551,1.0,23.29849754036816,"{'profitability': 66.4, 'growth': 61.2, 'balance': 83.3, 'stability': 33.3}",16.148430166217793,False,0.5977595787619774,35.03744875582918,,19.723463853292976,,False,"{""floor"": false, ""depressed_arms"": {""self_pct"": false, ""self_z"": false, ""median_ratio"": false}, ""yield_arm"": false, ""residual_arm"": false, ""brakes"": {""gm"": true, ""fcf_margin"": true, ""roic"": true}, ""self_pct"": 76.92307692307693, ""self_z"": 0.7549718835344277, ""median_ratio"": 1.3735634650500348, ""fcf_yield"": 0.015698705336056495, ""yield_threshold"": 0.0495, ""gs10"": 0.0495, ""residual_pct"": null, ""brake_values"": {""gm"": 1.4968062344211597, ""fcf_margin"": 2.1432243642366884, ""roic"": 2.448375965427523}}",False,"{""floor"": false, ""mom_sector_pct"": 98.27586206896551, ""eps_rev_proxy"": null}"
WDC,106040,Western Digital,Information Technology,"Technology Hardware, Storage & Peripherals",Technology Hardware and Equipment,17.215605749486652,5.9986310746064335,3805708229.806325,3.3153845817484378,-0.4318024058958423,2.982563953829703,8.0,0.3383873831499854,0.2722429349151652,-0.006435341815301354,0.022987282498802747,2.3777900600368187,0.0024608161619531,0.03325706380035119,3.306722947212123,7,9,False,-0.05255187314310028,0.36095134072981216,,False,0.4885053022679774,0.25597956498180974,,1.4436274122296526,-39.777151288710954,,3.293748804392054,,,,,,423.8699951171875,360540944.0,152822488172.82617,152411488172.82617,8453000000.0,-411000000.0,3929000000.0,418000000.0,204000000.0,,-411000000.0,12919000000.0,4453000000.0,3511000000.0,3307000000.0,,,9424000000.0,4236756385.663806,0.04856133266027259,0.5012133426787893,34.22669844438045,46.08753800206416,0.02169783944534447,,,16.216308167744714,0.3725594227504245,,4321000000.0,72000000.0,0.5196971489412043,2.0,0.15217108906740112,0.09893463865635733,,,,,['rev_cagr5 gate'],False,0.8,ig,Technology Hardware and Equipment,30.0,5.555555555555555,47.368421052631575,12.5,17.5,5.0,,25.0,100.0,0.7,14.851359147522201,"{'profitability': 29.3, 'growth': 50.0, 'balance': None, 'stability': 38.9}",,False,0.2739529319419125,35.04348280264126,,,,False,"{""floor"": false, ""depressed_arms"": {""self_pct"": false, ""self_z"": false, ""median_ratio"": false}, ""yield_arm"": false, ""residual_arm"": false, ""brakes"": {""gm"": true, ""fcf_margin"": false, ""roic"": true}, ""self_pct"": null, ""self_z"": null, ""median_ratio"": null, ""fcf_yield"": 0.02169783944534447, ""yield_threshold"": 0.0495, ""gs10"": 0.0495, ""residual_pct"": null, ""brake_values"": {""gm"": 1.4436274122296526, ""fcf_margin"": -39.777151288710954, ""roic"": 3.293748804392054}}",False,"{""floor"": false, ""mom_sector_pct"": 100.0, ""eps_rev_proxy"": null}"
DELL,1571996,Dell Technologies,Information Technology,"Technology Hardware, Storage & Peripherals",Technology Hardware and Equipment,1.9849418206707734,5.9986310746064335,3454926754.1047287,2.393310627054048,0.0,3.5164316785390524,10.0,0.21973990606195087,0.05595260899355222,0.038380842049271134,0.05702007350862313,0.6424246803315292,0.03169277608856077,0.04085101336996156,0.8864832984922548,7,9,False,0.05549088853532669,-0.01715785665831515,,False,0.19798673254098956,0.05180658346395762,0.0554508356647288,0.9010049020644048,1.349803201228657,1.749636431651795,2.010012006474551,81.97424892703863,0.7186078359925953,1.7673828939134324,233.0,,588.4000244140625,640000000.0,376576015625.0,400278015625.0,22275000000.0,23702000000.0,12152000000.0,3592000000.0,727000000.0,3041000000.0,23702000000.0,151197000000.0,14252000000.0,8560000000.0,7833000000.0,8384000000.0,17293000000.0,11378000000.0,11734514509.009335,0.1766408567913742,0.5268019981597906,28.08574344828796,51.101495675347884,0.01956889885088852,47.7430839247376,0.020945442099559473,33.09685495034277,0.7523290560731236,1.3706123865147748,19448000000.0,2727000000.0,0.9955106621773289,5.0,0.2620889807935884,0.2603436488016159,88.8,0.08162753682850762,1.937364383789911,250.0,[],True,1.0,ig,Technology Hardware and Equipment,55.00000000000001,22.22222222222222,26.31578947368421,32.5,62.5,10.0,31.578947368421055,50.0,96.55172413793103,1.0,27.61646861647702,"{'profitability': 60.4, 'growth': 23.1, 'balance': 54.3, 'stability': 58.3}",25.09007893796698,False,0.3773446557705338,35.03925871978224,,26.353273777222,,False,"{""floor"": false, ""depressed_arms"": {""self_pct"": false, ""self_z"": false, ""median_ratio"": false}, ""yield_arm"": false, ""residual_arm"": false, ""brakes"": {""gm"": false, ""fcf_margin"": true, ""roic"": true}, ""self_pct"": 88.8, ""self_z"": 0.08162753682850762, ""median_ratio"": 1.937364383789911, ""fcf_yield"": 0.01956889885088852, ""yield_threshold"": 0.0495, ""gs10"": 0.0495, ""residual_pct"": null, ""brake_values"": {""gm"": 0.9010049020644048, ""fcf_margin"": 1.349803201228657, ""roic"": 2.010012006474551}}",False,"{""floor"": false, ""mom_sector_pct"": 96.55172413793103, ""eps_rev_proxy"": null}"
LRCX,707549,Lam Research,Information Technology,Semiconductor Materials & Equipment,Semiconductors and Semiconductor Equipment,14.220396988364135,5.9986310746064335,3253140133.119319,1.4876917111513204,-0.30775757854350105,1.1336313651487133,10.0,0.47361484816849553,0.04403542890938855,0.22398496048547453,0.2519302274502316,0.22405296020770388,0.23868774637910128,0.2615276022353251,0.23980833792677111,7,9,False,0.09696783854733271,0.08592547483092305,0.10646848811249732,False,0.5046900724797688,0.19390225583003948,,1.0656128591226468,0.8656931939080529,,1.0181825683867596,96.15384615384616,3.030737933197744,32.30457389561915,260.0,,269.30999755859375,1251321000.0,336993255455.0171,332964173455.0171,8441839000.0,-4029082000.0,5857657000.0,966405000.0,386381000.0,,-4029082000.0,23232690000.0,8199795000.0,4891252000.0,4504871000.0,,,7265396000.0,7210281690.944104,0.12067537164720538,0.8541126750870401,40.60640216676357,73.91203287619491,0.013529596752872875,,,46.383329340206245,0.6732257952629148,,1630000000.0,147645000.0,0.21057556297863533,7.0,0.8388600449527663,0.8541126750870401,96.15384615384616,3.117340094567064,36.16841390777417,260.0,[],True,0.9,ig,Semiconductors and Semiconductor Equipment,92.85714285714286,68.75,37.5,66.66666666666666,65.625,26.666666666666668,,43.75,86.20689655172413,0.7,61.11132610042564,"{'profitability': 88.8, 'growth': 76.2, 'balance': None, 'stability': 73.3}",18.78725455328802,True,0.35711359437535695,51.7157329083674,69.73684210526315,39.94929032685683,6.0,False,"{""floor"": true, ""depressed_arms"": {""self_pct"": false, ""self_z"": false, ""median_ratio"": false}, ""yield_arm"": false, ""residual_arm"": false, ""brakes"": {""gm"": true, ""fcf_margin"": false, ""roic"": true}, ""self_pct"": 96.15384615384616, ""self_z"": 3.117340094567064, ""median_ratio"": 36.16841390777417, ""fcf_yield"": 0.013529596752872875, ""yield_threshold"": 0.0495, ""gs10"": 0.0495, ""residual_pct"": 69.73684210526315, ""brake_values"": {""gm"": 1.0656128591226468, ""fcf_margin"": 0.8656931939080529, ""roic"": 1.0181825683867596}}",False,"{""floor"": true, ""mom_sector_pct"": 86.20689655172413, ""eps_rev_proxy"": 6.0}"
CRM,1108524,Salesforce,Information Technology,Application Software,Software and Services,18.00684462696783,5.9986310746064335,2752243815.4682865,-0.14778545315627356,-0.08266030860998241,-0.010564087994382465,10.0,0.7543583833559248,0.02397220797771279,0.1780533061037523,0.19252947757982614,0.36299656798405766,0.17086567660694313,0.18208681183119602,0.5002099126931402,9,9,False,0.14335729427517552,0.2862300905601418,0.417854733938382,True,0.772816241066958,0.2614820883972871,,1.0244682873794277,1.4685607030791135,,1.714042535507176,11.538461538461538,-1.0672750894867595,0.4995898191862558,260.0,,242.85000610351562,823000000.0,199865555023.19336,233753776023.19336,72266221000.0,33888221000.0,15750000000.0,596000000.0,3665000000.0,,33888221000.0,43938000000.0,8735000000.0,15154000000.0,11489000000.0,,,9662000000.0,6799127527.59204,0.221622492548135,0.0940844482180968,26.76059256132723,20.345876579614707,0.04915000816440307,,,20.685733287434626,1.5684123369902712,,59250000000.0,6142000000.0,0.9048764290580519,0.0,0.0548903812298087,0.06475740190396975,11.538461538461538,-1.0150426597981002,0.47738860438103237,260.0,[],True,0.9,ig,Software and Services,15.789473684210526,45.45454545454545,38.88888888888889,15.0,63.63636363636363,47.61904761904761,,45.45454545454546,20.689655172413794,0.7,58.8838285667734,"{'profitability': 54.7, 'growth': 100.0, 'balance': None, 'stability': 79.5}",58.25478380720355,False,-0.5114389902030747,33.9305998091179,,58.56930618698848,,False,"{""floor"": false, ""depressed_arms"": {""self_pct"": true, ""self_z"": true, ""median_ratio"": true}, ""yield_arm"": false, ""residual_arm"": false, ""brakes"": {""gm"": true, ""fcf_margin"": true, ""roic"": true}, ""self_pct"": 11.538461538461538, ""self_z"": -1.0150426597981002, ""median_ratio"": 0.47738860438103237, ""fcf_yield"": 0.04915000816440307, ""yield_threshold"": 0.0495, ""gs10"": 0.0495, ""residual_pct"": null, ""brake_values"": {""gm"": 1.0244682873794277, ""fcf_margin"": 1.4685607030791135, ""roic"": 1.714042535507176}}",False,"{""floor"": false, ""mom_sector_pct"": 20.689655172413794, ""eps_rev_proxy"": null}"
NFLX,1065280,Netflix,Communication Services,Movies & Entertainment,Media and Entertainment,15.745379876796715,5.9986310746064335,2752001480.6968327,-0.35132890577193676,-0.3827454301204871,-0.3862115746902107,5.0,,,0.1164012209587683,0.17048905916843188,0.7274362431016872,0.1210680691508905,0.17332550173244426,0.7749736536114266,9,9,False,0.12569512175392594,,,False,0.49117872109690064,0.22047776628047472,0.22970677080891258,,1.8941190175193476,1.89733570891118,1.367695307751628,74.32432432432432,0.17308891782087296,3.899319924643091,222.0,,75.30999755859375,4163939676.0,313586286833.69165,321098103833.69165,37663869000.0,7511817000.0,11970833000.0,818828000.0,487327000.0,372414000.0,7511817000.0,48370764000.0,14354517000.0,11152005000.0,10664678000.0,11111092000.0,14726931000.0,13649441000.0,11879956398.787157,0.1723889839841245,0.3154205001824735,22.369133272383294,30.108560599175302,0.03321314536794532,28.898879051104217,0.03460341829285556,22.974295198879695,0.8170301626271728,0.510073483742132,,33837573000.0,0.8984093747777213,7.0,0.23062190708323574,0.1991989984775381,79.8076923076923,0.7689546229283903,4.1108021224123625,208.0,['fcf_cagr5 gate'],False,0.9,ig,Media and Entertainment,66.66666666666666,50.0,,55.55555555555556,10.0,33.33333333333333,40.0,30.0,33.33333333333333,1.0,58.972193162538034,"{'profitability': 83.9, 'growth': 100.0, 'balance': 83.0, 'stability': 66.7}",25.88377483401229,False,-0.14969196694474407,34.97038301021774,,42.42798399827516,,False,"{""floor"": false, ""depressed_arms"": {""self_pct"": false, ""self_z"": false, ""median_ratio"": false}, ""yield_arm"": false, ""residual_arm"": false, ""brakes"": {""gm"": false, ""fcf_margin"": true, ""roic"": true}, ""self_pct"": 79.8076923076923, ""self_z"": 0.7689546229283903, ""median_ratio"": 4.1108021224123625, ""fcf_yield"": 0.03321314536794532, ""yield_threshold"": 0.0495, ""gs10"": 0.0495, ""residual_pct"": null, ""brake_values"": {""gm"": null, ""fcf_margin"": 1.8941190175193476, ""roic"": 1.367695307751628}}",False,"{""floor"": false, ""mom_sector_pct"": 33.33333333333333, ""eps_rev_proxy"": null}"
WMT,104169,Walmart,Consumer Staples,Consumer Staples Merchandise Retail,Consumer Staples Distribution and Retail,44.049281314168375,5.9986310746064335,2490524864.466672,0.02192026788539736,-0.19732578774553444,0.05237096966884147,10.0,0.2399505174184396,0.014630526268597002,0.02054147379976837,0.01977946164345804,0.1222654914322255,0.03280632628644076,0.03479418505703163,0.23092713764768005,9,9,False,0.049341097880894136,,,False,0.24473757182902156,0.018544448196621394,0.038203567496629905,1.0199501733194183,0.9027808022631028,1.1645183054958486,1.0970919331898368,68.46153846153847,0.7189248699177269,1.3349946190170552,260.0,sbc_unreported;gm_derived,106.79000091552734,7933746241.0,847244768339.9517,915738768339.9517,166732000000.0,68494000000.0,42923000000.0,29414000000.0,,15093000000.0,62226000000.0,728466000000.0,32280000000.0,13509000000.0,13509000000.0,27830000000.0,47373000000.0,22076000000.0,24773765861.64552,0.23253513439759857,0.1485843501046321,28.368611162947698,67.78730981863585,0.014752023685192527,32.90473475889154,0.0303907631326455,38.37854540405652,0.6119315093314006,1.313533025140903,28260000000.0,4300000000.0,0.1952834488880359,7.0,0.13543473031710063,0.14185582959684043,87.3076923076923,1.1374057501759385,1.648016000931219,260.0,['fcf_cagr5 gate'],False,1.0,sector,Consumer Staples,45.83333333333333,7.4074074074074066,16.666666666666664,52.083333333333336,55.55555555555556,4.166666666666666,68.0,14.81481481481481,29.629629629629626,1.0,41.46965449260149,"{'profitability': 39.2, 'growth': 41.1, 'balance': 56.2, 'stability': 92.4}",13.933342689242705,False,0.9332844765245456,26.658032973427325,,27.7014985909221,,False,"{""floor"": false, ""depressed_arms"": {""self_pct"": false, ""self_z"": false, ""median_ratio"": false}, ""yield_arm"": false, ""residual_arm"": false, ""brakes"": {""gm"": true, ""fcf_margin"": false, ""roic"": true}, ""self_pct"": 87.3076923076923, ""self_z"": 1.1374057501759385, ""median_ratio"": 1.648016000931219, ""fcf_yield"": 0.014752023685192527, ""yield_threshold"": 0.0495, ""gs10"": 0.0495, ""residual_pct"": null, ""brake_values"": {""gm"": 1.0199501733194183, ""fcf_margin"": 0.9027808022631028, ""roic"": 1.0970919331898368}}",False,"{""floor"": false, ""mom_sector_pct"": 29.629629629629626, ""eps_rev_proxy"": null}"
GEV,1996810,GE Vernova,Industrials,Heavy Electrical Equipment,Capital Goods,2.461327857631759,2.4722792607802875,2439632493.166383,0.5364767226231137,-0.19473484689069054,0.4852207138658893,3.0,0.15841942273393206,0.1929980071217351,0.034568188873811315,0.030979716393012665,1.235447050882942,0.022805023948241368,0.023534097847272745,2.264697566736727,3,3,False,,,,False,0.2020692822781444,0.3006744506490681,0.31273720598544735,1.2755335096601317,8.698009946273395,13.713522366617132,,,,,,sbc_unreported,924.9299926757812,266333581.0,246339917123.6446,235562917123.6446,1180000000.0,-10777000000.0,14139000000.0,1701000000.0,,1202000000.0,-11935000000.0,41367000000.0,1800000000.0,12438000000.0,12438000000.0,12937000000.0,3002000000.0,9529000000.0,1123378702.96237,0.3759007205764612,0.9520158499681101,130.86828729091366,18.938970664386925,0.05280118004936838,18.20846541884862,0.054919510073860645,25.851602174797417,1.305278623150383,-3.975682878081279,9689000000.0,727000000.0,8.827118644067797,1.0,,,,,,,"['rev_cagr5 gate', 'fcf_cagr5 gate']",False,0.8,ig,Capital Goods,,7.142857142857142,12.121212121212121,5.952380952380952,2.3255813953488373,67.5,97.36842105263158,2.3809523809523796,87.6923076923077,0.7,41.75794392212882,"{'profitability': 56.2, 'growth': None, 'balance': 100.0, 'stability': 55.7}",,False,,,,,,False,"{""floor"": false, ""depressed_arms"": {""self_pct"": false, ""self_z"": false, ""median_ratio"": false}, ""yield_arm"": true, ""residual_arm"": false, ""brakes"": {""gm"": true, ""fcf_margin"": true, ""roic"": false}, ""self_pct"": null, ""self_z"": null, ""median_ratio"": null, ""fcf_yield"": 0.05280118004936838, ""yield_threshold"": 0.0495, ""gs10"": 0.0495, ""residual_pct"": null, ""brake_values"": {""gm"": 1.2755335096601317, ""fcf_margin"": 8.698009946273395, ""roic"": null}}",False,"{""floor"": false, ""mom_sector_pct"": 87.6923076923077, ""eps_rev_proxy"": null}"
NOW,1373715,ServiceNow,Information Technology,Systems Software,Software and Services,6.825462012320329,5.9986310746064335,2265409926.9851284,-0.33163398749879447,-0.2603098104804571,-0.2796649622935732,10.0,0.7812806860861385,0.009663407531349569,0.1383626386143415,0.12261732248355812,0.33567166111186414,0.1490236812961451,0.1373314011815851,0.526454882936996,9,9,False,0.24056083043090437,0.2733374147765524,,False,0.7476920988324736,0.1625712734184089,0.13928862340483303,0.9570082969516006,1.1749651137511492,0.9346744235101385,0.9694415986861162,99.23076923076923,3.840482440180868,2.770224429459492,260.0,,138.47000122070312,1034000000.0,143177981262.20703,145176981262.20703,14515000000.0,1999000000.0,5308000000.0,728000000.0,2185000000.0,1071000000.0,1999000000.0,14732000000.0,1680000000.0,4580000000.0,2395000000.0,2052000000.0,2751000000.0,1670000000.0,1195907928.3887467,0.28815004262574595,0.08239117660273833,86.41486979893276,60.61669363766473,0.016497105664942453,70.74901620965255,0.014134472160526896,85.73531812108206,2.7425149700598803,0.7266448564158487,9837000000.0,3781000000.0,0.9382018601446779,2.0,0.08498828265096428,0.08026680453609913,99.23076923076923,3.24419237616695,2.177752112155681,260.0,[],True,1.0,ig,Software and Services,31.57894736842105,27.27272727272727,50.0,30.0,63.63636363636363,90.47619047619048,30.0,18.181818181818173,5.172413793103448,1.0,58.043564316381165,"{'profitability': 44.6, 'growth': 100.0, 'balance': 75.8, 'stability': 82.3}",10.741229896644217,False,0.5803500026747774,33.92731102639462,,34.39239710651269,,False,"{""floor"": false, ""depressed_arms"": {""self_pct"": false, ""self_z"": false, ""median_ratio"": false}, ""yield_arm"": false, ""residual_arm"": false, ""brakes"": {""gm"": false, ""fcf_margin"": true, ""roic"": true}, ""self_pct"": 99.23076923076923, ""self_z"": 3.24419237616695, ""median_ratio"": 2.177752112155681, ""fcf_yield"": 0.016497105664942453, ""yield_threshold"": 0.0495, ""gs10"": 0.0495, ""residual_pct"": null, ""brake_values"": {""gm"": 0.9570082969516006, ""fcf_margin"": 1.1749651137511492, ""roic"": 0.9694415986861162}}",False,"{""floor"": false, ""mom_sector_pct"": 5.172413793103448, ""eps_rev_proxy"": null}"
QCOM,804328,Qualcomm,Information Technology,Semiconductors,Semiconductors and Semiconductor Equipment,27.159479808350444,5.9986310746064335,2258067541.217365,-0.021820145701651916,-0.24134395732833158,0.1545690355749343,10.0,0.5653804415454701,0.017113839777244726,0.1935039362198669,0.20809747959244473,0.20819332165269014,0.19031991938475704,0.20142703146655716,0.18806940225394744,6,9,False,0.13480513327048627,0.23808081787161428,0.2457309396155174,False,0.5422632689645783,0.16279016996074339,0.17213914543102862,0.9591121820243713,0.8412757545964062,0.904472563815175,0.513630288850838,87.3076923076923,1.0940426232355824,1.1834579752734118,260.0,gm_derived,188.7100067138672,1050000000.0,198145507049.56055,207973507049.56055,37486000000.0,9828000000.0,12401000000.0,1985000000.0,3242000000.0,1573000000.0,9828000000.0,44069000000.0,10220000000.0,10416000000.0,7174000000.0,7586000000.0,11793000000.0,9260000000.0,8440706386.014984,0.17409917945058864,0.2251695669320542,20.34965822402745,28.989895044544262,0.03449477821370017,27.415437259367327,0.0364757997670936,21.39800292111885,1.1248380129589632,0.8333757313660646,14274000000.0,74000000.0,0.38275622899215705,10.0,0.4383884124821251,0.43661223362610413,90.76923076923077,1.376999334894622,1.2870742240066206,260.0,[],True,1.0,ig,Semiconductors and Semiconductor Equipment,85.71428571428571,56.25,62.5,93.33333333333333,65.625,66.66666666666666,14.285714285714292,81.25,32.758620689655174,1.0,60.309295510733314,"{'profitability': 82.6, 'growth': 100.0, 'balance': 72.2, 'stability': 71.2}",38.09896089027039,True,-0.5789586083354927,51.72317451362497,17.105263157894736,49.204128200501856,5.0,False,"{""floor"": true, ""depressed_arms"": {""self_pct"": false, ""self_z"": false, ""median_ratio"": false}, ""yield_arm"": false, ""residual_arm"": true, ""brakes"": {""gm"": false, ""fcf_margin"": false, ""roic"": false}, ""self_pct"": 90.76923076923077, ""self_z"": 1.376999334894622, ""median_ratio"": 1.2870742240066206, ""fcf_yield"": 0.03449477821370017, ""yield_threshold"": 0.0495, ""gs10"": 0.0495, ""residual_pct"": 17.105263157894736, ""brake_values"": {""gm"": 0.9591121820243713, ""fcf_margin"": 0.8412757545964062, ""roic"": 0.513630288850838}}",False,"{""floor"": true, ""mom_sector_pct"": 32.758620689655174, ""eps_rev_proxy"": 5.0}"
CSCO,858877,Cisco,Information Technology,Communications Equipment,Technology Hardware and Equipment,32.79671457905544,5.9986310746064335,2209325589.354792,0.6616221709838006,-0.09215187691084348,0.6496507841259533,10.0,0.6389395685235996,0.016210277008174703,0.18949024147046223,0.17027923888869276,0.2143838302515839,0.19161465824524232,0.1738976947788329,0.29969409795918445,7,9,False,0.04915047605967504,-0.028620952708283687,-0.056357137883215724,False,0.645242795104619,0.14112909593367548,0.15234109751283065,1.0098651373174217,0.7447829230597857,0.7950388498872225,0.7144654137237557,93.07692307692308,2.4651802518035244,2.7829051295053118,260.0,,110.23999786376953,3942586873.0,434630768457.2458,449897768457.2458,65552000000.0,15267000000.0,14177000000.0,1410000000.0,3830000000.0,700000000.0,15267000000.0,63325000000.0,15368000000.0,12767000000.0,8937000000.0,9647000000.0,16068000000.0,13267000000.0,12735789618.339684,0.17127865575613718,0.19428529439742012,29.27497191939392,50.34102813665053,0.01986451284398689,46.63602865732827,0.021442649144672882,32.76029007742864,0.9623125047109369,0.9501493651979089,59477000000.0,7557000000.0,1.0226080058579448,10.0,0.27193099996935544,0.19428529439742012,93.07692307692308,2.5896781120080523,3.0794453428772663,260.0,[],True,1.0,ig,Technology Hardware and Equipment,60.0,88.88888888888889,89.47368421052632,85.0,62.5,30.0,52.631578947368425,40.0,74.13793103448276,1.0,43.90921481872899,"{'profitability': 76.8, 'growth': 20.5, 'balance': 68.3, 'stability': 76.5}",20.49099942281632,False,0.36235947639254373,35.03897232301043,,32.20010712077266,,False,"{""floor"": false, ""depressed_arms"": {""self_pct"": false, ""self_z"": false, ""median_ratio"": false}, ""yield_arm"": false, ""residual_arm"": false, ""brakes"": {""gm"": true, ""fcf_margin"": false, ""roic"": false}, ""self_pct"": 93.07692307692308, ""self_z"": 2.5896781120080523, ""median_ratio"": 3.0794453428772663, ""fcf_yield"": 0.01986451284398689, ""yield_threshold"": 0.0495, ""gs10"": 0.0495, ""residual_pct"": null, ""brake_values"": {""gm"": 1.0098651373174217, ""fcf_margin"": 0.7447829230597857, ""roic"": 0.7144654137237557}}",False,"{""floor"": false, ""mom_sector_pct"": 74.13793103448276, ""eps_rev_proxy"": null}"
PANW,1327567,Palo Alto Networks,Information Technology,Systems Software,Software and Services,3.247091033538672,5.9986310746064335,2151187080.7397714,0.7189585999352093,-0.023967501283974735,0.8015274180332075,10.0,0.7183577778958825,0.028313735439498337,0.21191159452547717,0.22584763590465276,0.25902955783433673,0.19222723874043474,0.20613112423288407,0.3158396888919708,9,9,False,0.21951181689477006,0.2428435124901247,0.2915334401172134,True,0.7035714285714286,0.20374564459930314,0.167595818815331,0.9794164554495893,0.9614652990344411,0.8718630091838148,0.17956216266539698,99.61538461538461,4.116907085022418,5.710442798703962,260.0,,375.05999755859375,818000000.0,306799078002.9297,306512578002.9297,27205500000.0,-286500000.0,4553000000.0,440000000.0,1774000000.0,855000000.0,-286500000.0,11480000000.0,695000000.0,4113000000.0,2339000000.0,1924000000.0,1550000000.0,307000000.0,516722039.18324864,0.25651505153489407,0.018993293237883832,441.0252920905463,131.04428302818712,0.007631008212581878,159.31007172709442,0.0062770670376261365,999.3455309541683,13.397394136807817,-0.18483870967741936,22010000000.0,7017000000.0,1.0669533733987613,3.0,0.10577558743974733,0.11304825377531981,97.6923076923077,3.490022130087286,5.168394241911923,260.0,[],True,1.0,ig,Software and Services,36.84210526315789,63.63636363636363,33.33333333333333,40.0,63.63636363636363,100.0,55.0,4.545454545454547,77.58620689655173,1.0,65.8569519133851,"{'profitability': 45.5, 'growth': 100.0, 'balance': 100.0, 'stability': 84.2}",4.834373426567047,False,1.3513634936469527,33.92566510934293,,35.34566266997607,,False,"{""floor"": false, ""depressed_arms"": {""self_pct"": false, ""self_z"": false, ""median_ratio"": false}, ""yield_arm"": false, ""residual_arm"": false, ""brakes"": {""gm"": true, ""fcf_margin"": true, ""roic"": false}, ""self_pct"": 97.6923076923077, ""self_z"": 3.490022130087286, ""median_ratio"": 5.168394241911923, ""fcf_yield"": 0.007631008212581878, ""yield_threshold"": 0.0495, ""gs10"": 0.0495, ""residual_pct"": null, ""brake_values"": {""gm"": 0.9794164554495893, ""fcf_margin"": 0.9614652990344411, ""roic"": 0.17956216266539698}}",False,"{""floor"": false, ""mom_sector_pct"": 77.58620689655173, ""eps_rev_proxy"": null}"
APP,1751008,AppLovin,Communication Services,Advertising,Media and Entertainment,0.9883641341546886,5.423682409308693,2118424514.5789638,-0.5292877409250858,-0.5541816151484492,-0.5049184981174744,6.0,0.7447791581884224,0.166146677211224,0.26788585997665004,0.22913579295030198,0.712417358367512,0.1946952220104903,0.11369275726179603,1.5961773375733628,5,6,False,0.304454229088547,,,False,0.8846386447222221,,0.6020021015872606,1.1877865203344162,,3.0920229853140637,3.3624458943326534,3.0864197530864197,-1.1784429218853707,0.29491430402193963,162.0,gm_derived,321.6000061035156,335291000.0,107829587646.45386,108645760646.45386,3979189000.0,816173000.0,4527589000.0,,282376000.0,134066000.0,816173000.0,6829124000.0,5288460000.0,,,4111147000.0,5422526000.0,4410201000.0,4475303690.81872,0.15376051046642694,1.124677337723521,20.543931625927748,,,26.42711648268813,0.037839921001410794,24.450039271782366,,0.15051527645971638,1518587000.0,355661000.0,0.4710125605996599,3.0,0.33448191378161535,0.16355620741106636,6.779661016949152,-0.6925175324250935,0.557290800386897,236.0,"['tenure<1y', 'fcf_cagr5 gate']",False,0.8,ig,Media and Entertainment,88.88888888888889,90.0,60.0,33.33333333333333,20.0,,60.0,40.0,16.666666666666664,1.0,46.63911901604545,"{'profitability': 86.7, 'growth': 100.0, 'balance': 95.0, 'stability': 50.1}",,False,,,,,,False,"{""floor"": false, ""depressed_arms"": {""self_pct"": true, ""self_z"": false, ""median_ratio"": true}, ""yield_arm"": false, ""residual_arm"": false, ""brakes"": {""gm"": true, ""fcf_margin"": false, ""roic"": true}, ""self_pct"": 6.779661016949152, ""self_z"": -0.6925175324250935, ""median_ratio"": 0.557290800386897, ""fcf_yield"": null, ""yield_threshold"": 0.0495, ""gs10"": 0.0495, ""residual_pct"": null, ""brake_values"": {""gm"": 1.1877865203344162, ""fcf_margin"": null, ""roic"": 3.3624458943326534}}",False,"{""floor"": false, ""mom_sector_pct"": 16.666666666666664, ""eps_rev_proxy"": null}"
XOM,2115436,ExxonMobil,Energy,Integrated Oil & Gas,Energy,69.54140999315537,5.9986310746064335,2100935310.9171784,0.5058973848153274,-0.03244299020376906,0.4891155686742308,4.0,0.2390187961271401,0.06815941121822523,0.10246022683555203,0.09524142024927004,0.35890465282497397,0.10234458088807989,0.09842401821550431,0.2765190996376004,1,3,False,,,,False,0.20630920068686645,0.08462028471722151,0.08330194427518972,0.8631505305429009,0.8258842219140944,0.8139360535980458,0.700491076313704,,,,,sbc_unreported;facts_yf,163.27000427246094,4111911960.0,671351883277.1832,709862883277.1832,297891000000.0,38511000000.0,59727000000.0,29174000000.0,,29650000000.0,31780000000.0,361060000000.0,38723000000.0,30553000000.0,30553000000.0,30077000000.0,68373000000.0,32757000000.0,28798491643.515457,0.25629492437271245,0.09667459454470077,18.331815284900014,23.23381937214621,0.04304070647974679,23.601518877453977,0.042370154446088576,20.494913553658247,0.9327166712458406,0.4648033580506925,,,0.0,2.0,0.13800974461151674,0.12177360310836151,,,,,"['rev_cagr5 gate', 'fcf_cagr5 gate']",False,0.9,ig,Energy,45.45454545454545,50.0,60.0,45.45454545454545,13.636363636363635,50.0,72.72727272727273,18.181818181818173,54.54545454545454,0.7,25.01700973866813,"{'profitability': 41.1, 'growth': None, 'balance': 84.5, 'stability': 41.9}",,False,0.15519672269752816,19.89388157820039,,,,False,"{""floor"": false, ""depressed_arms"": {""self_pct"": false, ""self_z"": false, ""median_ratio"": false}, ""yield_arm"": false, ""residual_arm"": false, ""brakes"": {""gm"": false, ""fcf_margin"": false, ""roic"": false}, ""self_pct"": null, ""self_z"": null, ""median_ratio"": null, ""fcf_yield"": 0.04304070647974679, ""yield_threshold"": 0.0495, ""gs10"": 0.0495, ""residual_pct"": null, ""brake_values"": {""gm"": 0.8631505305429009, ""fcf_margin"": 0.8258842219140944, ""roic"": 0.700491076313704}}",False,"{""floor"": false, ""mom_sector_pct"": 54.54545454545454, ""eps_rev_proxy"": null}"
UNH,731766,UnitedHealth Group,Health Care,Managed Health Care,Health Care Equipment and Services,32.21629021218344,5.9986310746064335,1988274209.6892838,0.18223478237808477,-0.11771629901978375,0.14408182008941517,10.0,0.8907926977881928,0.00559426179482579,0.056981498442376356,0.06625818708257315,0.15416652476341944,0.0585865788802515,0.06725730796913737,0.15147023396074094,9,9,False,0.11721651214881779,,,False,0.8857127623414621,0.050194499798946524,,0.994297286608496,0.8808911869825025,,0.720563516050539,,,,,gm_derived,375.2099914550781,897594847.0,336786554872.9922,385380554872.9922,153107000000.0,48594000000.0,27017000000.0,3400000000.0,1023000000.0,,42528000000.0,450129000000.0,21676000000.0,23617000000.0,22594000000.0,,,14122000000.0,18533974311.926605,0.14495412844036698,0.12105242942469388,17.77913613549512,17.056765286049046,0.05862776342580695,,,23.848361058843803,1.6723551904829344,,110645000000.0,2795000000.0,0.7409197489337522,7.0,0.16799688955692765,0.18845202378848547,26.153846153846157,-0.16773205924583798,0.8308048697810828,260.0,['fcf_cagr5 gate'],False,0.9,ig,Health Care Equipment and Services,59.25925925925925,27.586206896551722,95.45454545454545,76.78571428571429,58.333333333333336,79.3103448275862,,63.333333333333336,39.02439024390244,0.7,59.527585908042745,"{'profitability': 40.3, 'growth': 97.7, 'balance': None, 'stability': 91.7}",62.83305476613871,False,-0.4050892555870971,25.575533493640627,,61.18032033709073,,False,"{""floor"": false, ""depressed_arms"": {""self_pct"": false, ""self_z"": false, ""median_ratio"": false}, ""yield_arm"": true, ""residual_arm"": false, ""brakes"": {""gm"": true, ""fcf_margin"": false, ""roic"": false}, ""self_pct"": 26.153846153846157, ""self_z"": -0.16773205924583798, ""median_ratio"": 0.8308048697810828, ""fcf_yield"": 0.05862776342580695, ""yield_threshold"": 0.0495, ""gs10"": 0.0495, ""residual_pct"": null, ""brake_values"": {""gm"": 0.994297286608496, ""fcf_margin"": 0.8808911869825025, ""roic"": 0.720563516050539}}",False,"{""floor"": false, ""mom_sector_pct"": 39.02439024390244, ""eps_rev_proxy"": null}"
TXN,97476,Texas Instruments,Information Technology,Semiconductors,Semiconductors and Semiconductor Equipment,25.519507186858316,5.9986310746064335,1953189144.3859336,0.5119927194354001,-0.19636459126638484,0.4764179314972039,10.0,0.6285770394545432,0.07540584222462968,0.17255260217388493,0.12351543942992874,0.6084619884103073,0.3249072764760771,0.2827824307908702,0.24105572457726998,6,9,False,0.041038070937830184,-0.13864859842051325,-0.006834353545900451,False,0.5832519405747185,0.2542024366421632,0.31321647046728013,0.9278925318061948,1.4731880796906092,0.9640180234324246,0.6195148921453446,80.38461538461539,0.892471003619737,1.3104735028197412,260.0,,258.1400146484375,913247686.0,235745771041.69165,243527771041.69165,25789000000.0,7782000000.0,8667000000.0,3312000000.0,410000000.0,2164000000.0,7782000000.0,19453000000.0,7254000000.0,5355000000.0,4945000000.0,6093000000.0,9418000000.0,6052000000.0,6355125651.418645,0.1239143022582513,0.24642776576907383,33.57151516979482,49.24727422481126,0.02030569236045536,39.96845085207478,0.02501973378205349,38.953366001601395,0.8848314606741573,0.8262900828201316,4330000000.0,314000000.0,0.18007677692039242,10.0,0.39777537052532924,0.3199069778528573,40.38461538461539,-0.5024356877128878,0.5757096036401994,260.0,['fcf_cagr5 gate'],False,1.0,ig,Semiconductors and Semiconductor Equipment,71.42857142857143,50.0,87.5,93.33333333333333,65.625,53.333333333333336,21.42857142857143,68.75,68.96551724137932,1.0,28.823916600937615,"{'profitability': 74.7, 'growth': 17.1, 'balance': 72.5, 'stability': 50.8}",48.6576359781788,False,-0.04907346581597105,51.724289436920216,,38.74077628955821,,False,"{""floor"": false, ""depressed_arms"": {""self_pct"": false, ""self_z"": false, ""median_ratio"": true}, ""yield_arm"": false, ""residual_arm"": false, ""brakes"": {""gm"": false, ""fcf_margin"": true, ""roic"": false}, ""self_pct"": 40.38461538461539, ""self_z"": -0.5024356877128878, ""median_ratio"": 0.5757096036401994, ""fcf_yield"": 0.02030569236045536, ""yield_threshold"": 0.0495, ""gs10"": 0.0495, ""residual_pct"": null, ""brake_values"": {""gm"": 0.9278925318061948, ""fcf_margin"": 1.4731880796906092, ""roic"": 0.6195148921453446}}",False,"{""floor"": false, ""mom_sector_pct"": 68.96551724137932, ""eps_rev_proxy"": null}"
COST,909832,Costco,Consumer Staples,Consumer Staples Merchandise Retail,Consumer Staples Distribution and Retail,32.9637234770705,5.9986310746064335,1939250721.9740987,0.002217975541598083,-0.1464309450660527,-0.05468512802347936,10.0,,,0.021816050527772142,0.024013800917679365,0.24614911652656876,0.03144516513801062,0.033236529559177046,0.23676064149093223,9,9,False,0.10540604135545939,,,False,0.12875910718117622,0.026891517676191384,0.039252419214747244,,1.2326483036862286,1.2482815416128723,1.155863064441664,31.92307692307692,-0.5727674925986309,0.8730078983961937,260.0,,893.9299926757812,443478804.0,396439004011.5842,386302004011.5842,23372000000.0,-10137000000.0,15000000000.0,6194000000.0,911000000.0,2565000000.0,-10137000000.0,293587000000.0,11225000000.0,8806000000.0,7895000000.0,11524000000.0,13790000000.0,8838000000.0,8405258662.1750765,0.251201900919815,0.3596294139215761,34.41443242864893,48.92995617626146,0.02043737779771717,33.52152065355642,0.02983158223443859,44.856189636974904,0.9963792713283548,-0.735097897026831,994000000.0,,0.04252952250556221,10.0,0.31113496484576564,0.30592835813443564,34.61538461538461,-0.3562242551009483,0.8914133100579461,260.0,['fcf_cagr5 gate'],False,0.9,sector,Consumer Staples,87.5,18.51851851851852,,87.5,55.55555555555556,33.33333333333333,92.0,3.7037037037037095,18.51851851851852,1.0,65.42812448840766,"{'profitability': 54.8, 'growth': 87.8, 'balance': 100.0, 'stability': 83.6}",30.533463690932592,True,0.607483694091099,26.653117298385975,77.63157894736842,47.98079408967013,-1.0,False,"{""floor"": true, ""depressed_arms"": {""self_pct"": false, ""self_z"": false, ""median_ratio"": false}, ""yield_arm"": false, ""residual_arm"": false, ""brakes"": {""gm"": false, ""fcf_margin"": true, ""roic"": true}, ""self_pct"": 34.61538461538461, ""self_z"": -0.3562242551009483, ""median_ratio"": 0.8914133100579461, ""fcf_yield"": 0.02043737779771717, ""yield_threshold"": 0.0495, ""gs10"": 0.0495, ""residual_pct"": 77.63157894736842, ""brake_values"": {""gm"": null, ""fcf_margin"": 1.2326483036862286, ""roic"": 1.155863064441664}}",False,"{""floor"": true, ""mom_sector_pct"": 18.51851851851852, ""eps_rev_proxy"": -1.0}"
VRT,1674101,Vertiv,Industrials,Electrical Components & Equipment,Capital Goods,0.49007529089664614,5.9986310746064335,1555792573.404468,0.8256590816257063,-0.3486831713850539,0.6834758365103137,6.0,0.33355499729356763,0.09946548629009941,0.08063688618481042,0.1089287795780394,1.0194836544018606,0.058729996629034296,0.08807844737148852,1.375996812062986,7,8,False,0.18540311841994384,,,False,0.38038781839088465,0.25067075507857417,0.2539112861075299,1.1404050950437377,3.1086363442167864,4.323366263944309,2.3920058108698354,3.067484662576687,-1.3641724766365586,0.6012333941651835,163.0,gm_derived,241.49000549316406,384988173.0,92970796012.5732,93443596012.5732,5230400000.0,472800000.0,3354200000.0,424400000.0,52200000.0,387200000.0,472800000.0,11479600000.0,2174600000.0,2929800000.0,2877600000.0,2914800000.0,2561800000.0,1732000000.0,1781902445.9478638,0.18058381037990254,0.3406818686807632,42.97047549552708,32.472753687994576,0.030795047737811887,32.0583216730387,0.031193148855356578,53.678288690862125,1.6915704387990762,0.184557732844094,2283300000.0,1894800000.0,0.7988107984092995,3.0,0.14242518439237267,0.17186136474685,10.526315789473683,-1.3173067175611177,0.7154097803179172,171.0,"['tenure<1y', 'fcf_cagr5 gate']",False,1.0,ig,Capital Goods,52.63157894736842,38.095238095238095,45.45454545454545,27.380952380952383,11.627906976744185,90.0,84.21052631578948,9.523809523809518,96.92307692307692,1.0,49.42715961444846,"{'profitability': 64.8, 'growth': 100.0, 'balance': 93.8, 'stability': 58.8}",42.30662764262144,False,0.18695201413461549,26.935614647460586,,45.86689362853495,,False,"{""floor"": false, ""depressed_arms"": {""self_pct"": true, ""self_z"": true, ""median_ratio"": true}, ""yield_arm"": false, ""residual_arm"": false, ""brakes"": {""gm"": true, ""fcf_margin"": true, ""roic"": true}, ""self_pct"": 10.526315789473683, ""self_z"": -1.3173067175611177, ""median_ratio"": 0.7154097803179172, ""fcf_yield"": 0.030795047737811887, ""yield_threshold"": 0.0495, ""gs10"": 0.0495, ""residual_pct"": null, ""brake_values"": {""gm"": 1.1404050950437377, ""fcf_margin"": 3.1086363442167864, ""roic"": 2.3920058108698354}}",False,"{""floor"": false, ""mom_sector_pct"": 96.92307692307692, ""eps_rev_proxy"": null}"
ABBV,1551152,AbbVie,Health Care,Biotechnology,Pharmaceuticals Biotechnology and Life Sciences,13.713894592744696,5.9986310746064335,1515071371.4117675,0.22793995402195466,-0.0035477146426675654,0.2235835734667544,10.0,0.6832078081522587,0.04369912314226034,0.3507154787673492,0.3789882022172002,0.12284161298632312,0.2182905189828226,0.24136519743046783,0.191413511132184,8,9,False,0.05952891709050534,0.011933332554763254,-0.00839927482346392,False,0.714767185412978,0.26766688410524025,0.1655950051253378,1.0461929399578613,0.7632023686151586,0.75859916361447,1.323093335819506,93.46153846153847,2.153260133040417,2.0853307059291093,260.0,gm_derived,264.0199890136719,1767117285.0,466554286171.5697,525431286171.5697,52942000000.0,58877000000.0,19507000000.0,1297000000.0,976000000.0,7869000000.0,58830000000.0,64386000000.0,16870000000.0,18210000000.0,17234000000.0,10662000000.0,24739000000.0,6310000000.0,12248640073.571674,0.27393953327968734,0.23135960246253776,31.145897224159437,30.48806348912439,0.032799721778220416,49.280743403823834,0.020291901682684584,73.9388726103914,2.885895404120444,2.378026597679777,35519000000.0,49139000000.0,1.599070681122738,7.0,0.17486264664709897,0.1721750032024096,99.61538461538461,2.6777470919451387,2.0380658185414897,260.0,[],True,1.0,ig,Pharmaceuticals Biotechnology and Life Sciences,81.81818181818183,100.0,62.5,86.36363636363636,63.63636363636363,100.0,45.45454545454546,44.44444444444444,48.78048780487805,1.0,43.9554378912908,"{'profitability': 93.0, 'growth': 29.8, 'balance': 20.7, 'stability': 83.9}",23.51080260941549,False,-0.11118272117192163,34.073432231301,,33.733120250353146,,False,"{""floor"": false, ""depressed_arms"": {""self_pct"": false, ""self_z"": false, ""median_ratio"": false}, ""yield_arm"": false, ""residual_arm"": false, ""brakes"": {""gm"": true, ""fcf_margin"": false, ""roic"": true}, ""self_pct"": 99.61538461538461, ""self_z"": 2.6777470919451387, ""median_ratio"": 2.0380658185414897, ""fcf_yield"": 0.032799721778220416, ""yield_threshold"": 0.0495, ""gs10"": 0.0495, ""residual_pct"": null, ""brake_values"": {""gm"": 1.0461929399578613, ""fcf_margin"": 0.7632023686151586, ""roic"": 1.323093335819506}}",False,"{""floor"": false, ""mom_sector_pct"": 48.78048780487805, ""eps_rev_proxy"": null}"
ADI,6281,Analog Devices,Information Technology,Semiconductors,Semiconductors and Semiconductor Equipment,26.934976043805612,5.9986310746064335,1457586598.843473,0.53511102221855,-0.16274247097647587,0.49670099722003624,10.0,0.6141865157382538,0.03807054903158704,0.3015783770617116,0.2934815611196392,0.18601321592356143,0.1824887497070502,0.18078915519263317,0.219258481727963,6,9,False,0.14485112925375,0.18349369163147533,0.18912213329543337,False,0.6579962143085192,0.3304622243429932,0.23226353979730502,1.071329632689194,1.0957755909515063,1.2727553899632633,1.8521335720334082,47.69230769230769,-0.03922742738625069,0.9910253275433107,260.0,,362.6499938964844,484565465.0,175727662924.6971,181328804924.6971,39152039000.0,5601142000.0,5545325000.0,607830000.0,350103000.0,1970999000.0,5601142000.0,13881744000.0,4934886000.0,4937495000.0,4587392000.0,3224223000.0,6905885000.0,4135004000.0,4338176901.522546,0.12091649097414901,0.11080334542787276,36.744274320561225,39.527645539055115,0.025298749428724624,56.2395358276078,0.01778108558835408,42.49757991157859,1.1940726054920383,0.8110679514645842,27988737000.0,12200000.0,0.7151846421076563,2.0,0.059824705464533376,0.06268121327146056,75.0,0.6339864926690929,1.1320152099274,260.0,[],True,1.0,ig,Semiconductors and Semiconductor Equipment,7.142857142857142,93.75,75.0,13.333333333333334,65.625,73.33333333333333,28.57142857142857,56.25,70.6896551724138,1.0,54.88654623975974,"{'profitability': 65.7, 'growth': 100.0, 'balance': 73.0, 'stability': 70.2}",33.91610162186633,False,-0.26934721775697534,51.74602056644685,,44.401323930813035,,False,"{""floor"": false, ""depressed_arms"": {""self_pct"": false, ""self_z"": false, ""median_ratio"": false}, ""yield_arm"": false, ""residual_arm"": false, ""brakes"": {""gm"": true, ""fcf_margin"": true, ""roic"": true}, ""self_pct"": 75.0, ""self_z"": 0.6339864926690929, ""median_ratio"": 1.1320152099274, ""fcf_yield"": 0.025298749428724624, ""yield_threshold"": 0.0495, ""gs10"": 0.0495, ""residual_pct"": null, ""brake_values"": {""gm"": 1.071329632689194, ""fcf_margin"": 1.0957755909515063, ""roic"": 1.8521335720334082}}",False,"{""floor"": false, ""mom_sector_pct"": 70.6896551724138, ""eps_rev_proxy"": null}"
KO,21344,Coca-Cola Company (The),Consumer Staples,Soft Drinks & Non-alcoholic Beverages,Food Beverage and Tobacco,69.54140999315537,5.9986310746064335,1354489833.3313222,0.3994737808899649,-0.027601911737573315,0.360845629110792,10.0,0.6012535520477675,0.020293105333908545,0.18054797425150276,0.20747912750797745,0.32079410373034606,0.1929482019291689,0.2186308250395312,0.26293096547435896,6,9,False,0.07746156826284567,-0.09381715561220638,-0.05768840811094755,False,0.6174417660904148,0.24937099261423587,0.27010794578362146,1.0269241054585256,1.3811896458437294,1.3998987452745366,1.1793067151687637,69.7872340425532,0.19263380517049034,1.0998699689375109,235.0,,88.05999755859375,4302482418.0,378876591224.97253,408646591224.97253,63403000000.0,29770000000.0,14631000000.0,2069000000.0,272000000.0,1047000000.0,27669000000.0,49284000000.0,14462000000.0,12562000000.0,12290000000.0,13312000000.0,15509000000.0,13701000000.0,12029532141.13098,0.16819719671338812,0.1897312767713039,28.25657524719766,33.2503328905592,0.030074886867792264,30.697610518702863,0.03257582538519533,27.653207154585253,0.9168673819429238,1.7840608678831646,15411000000.0,355000000.0,0.24866331246155546,10.0,0.16088374154992627,0.16375180460192806,70.63829787234043,0.20394991786764033,1.1465976087892706,235.0,['fcf_cagr5 gate'],False,1.0,ig,Food Beverage and Tobacco,54.54545454545454,78.57142857142857,92.85714285714286,81.81818181818183,53.57142857142857,23.076923076923077,69.23076923076923,7.142857142857139,92.5925925925926,1.0,35.775025990113384,"{'profitability': 82.4, 'growth': 32.3, 'balance': 40.5, 'stability': 65.3}",22.304563709523936,False,0.4865932113258764,20.439546280706022,,29.039794849818662,,False,"{""floor"": false, ""depressed_arms"": {""self_pct"": false, ""self_z"": false, ""median_ratio"": false}, ""yield_arm"": false, ""residual_arm"": false, ""brakes"": {""gm"": true, ""fcf_margin"": true, ""roic"": true}, ""self_pct"": 70.63829787234043, ""self_z"": 0.20394991786764033, ""median_ratio"": 1.1465976087892706, ""fcf_yield"": 0.030074886867792264, ""yield_threshold"": 0.0495, ""gs10"": 0.0495, ""residual_pct"": null, ""brake_values"": {""gm"": 1.0269241054585256, ""fcf_margin"": 1.3811896458437294, ""roic"": 1.1793067151687637}}",False,"{""floor"": false, ""mom_sector_pct"": 92.5925925925926, ""eps_rev_proxy"": null}"
T,732717,AT&T,Communication Services,Integrated Telecommunication Services,Telecommunication Services,42.80082135523614,5.9986310746064335,1297182208.1280372,-0.0871233472014501,-0.10655464228853828,-0.08351376756380846,10.0,,,0.15370786034816727,0.15473385967146314,0.09604759728421368,0.1508263958082061,0.14869703112738686,0.037869400793008524,4,9,False,-0.02560837254106174,-0.03131164492179361,0.05331741929027234,False,,0.13850313190138244,0.153184165232358,,0.9010803454530937,1.0156323394954694,1.7289420288730555,70.76923076923077,0.559126153230581,1.0685414957083814,260.0,sbc_unreported;gm_derived,25.389999389648438,6852385650.0,173982067471.1357,264046067471.1357,216498000000.0,90064000000.0,39868000000.0,22245000000.0,,20377000000.0,74074000000.0,127239000000.0,25603000000.0,17623000000.0,17623000000.0,19491000000.0,45980000000.0,21558000000.0,22617387328.793327,0.11661182952023873,0.10446926682368117,10.313090945246092,14.983037364304359,0.06674214150879738,13.547076469710928,0.07381666459444872,8.07041782499006,0.8174691529826514,1.6110047846889952,63865000000.0,130711000000.0,0.8987427135585548,0.0,0.060423811255126615,0.07282192055979697,92.3076923076923,1.5919518439277387,1.3112139869589772,260.0,['rev_cagr5 gate'],False,0.9,sector,Communication Services,18.181818181818183,75.0,,22.727272727272727,70.83333333333334,36.36363636363637,33.33333333333334,66.66666666666667,58.333333333333336,1.0,18.241886685846342,"{'profitability': 45.9, 'growth': 0.0, 'balance': 46.3, 'stability': 56.6}",42.723064393567476,False,-0.06556104898117399,15.998256824232252,,30.48247553970691,,False,"{""floor"": false, ""depressed_arms"": {""self_pct"": false, ""self_z"": false, ""median_ratio"": false}, ""yield_arm"": true, ""residual_arm"": false, ""brakes"": {""gm"": false, ""fcf_margin"": false, ""roic"": true}, ""self_pct"": 92.3076923076923, ""self_z"": 1.5919518439277387, ""median_ratio"": 1.3112139869589772, ""fcf_yield"": 0.06674214150879738, ""yield_threshold"": 0.0495, ""gs10"": 0.0495, ""residual_pct"": null, ""brake_values"": {""gm"": null, ""fcf_margin"": 0.9010803454530937, ""roic"": 1.7289420288730555}}",False,"{""floor"": false, ""mom_sector_pct"": 58.333333333333336, ""eps_rev_proxy"": null}"
HD,354950,Home Depot (The),Consumer Discretionary,Home Improvement Retail,Consumer Discretionary Distribution and Retail,38.46680355920602,5.9986310746064335,1279178073.1522179,-0.17585364391666936,-0.24144279902165378,-0.2516617955892907,10.0,0.3345460743662461,0.0033366901363473347,0.08979467774211614,0.09001237124314454,0.16312581627119477,0.0904167998030245,0.08805414238176201,0.16650976215620117,8,9,False,0.04506334520303379,-0.05038171248203038,-0.05152684703979871,False,0.33206246748947843,0.08594008606421714,0.08621790324868776,0.9925761888509003,0.9570732723272408,0.9535606594849171,0.5133106092118068,23.46153846153846,-0.812620842907496,0.871420940869535,260.0,,302.510009765625,997689626.0,301811098504.32275,323584098504.32275,38390000000.0,21773000000.0,18779000000.0,3680000000.0,560000000.0,3633000000.0,21773000000.0,169176000000.0,21022000000.0,15099000000.0,14539000000.0,14586000000.0,24655000000.0,14231000000.0,15953485571.024698,0.24110524350562756,0.4155635730925944,15.392640971568964,22.256282997752443,0.04493113248519465,22.184567290848946,0.045076380660915405,21.20800354889486,1.0609936055090998,0.8831068748732509,22899000000.0,9833000000.0,0.8526178692367804,7.0,0.8095752661934965,0.8942910717646713,24.615384615384617,-0.8329698600909067,0.8691799738017663,260.0,['fcf_cagr5 gate'],False,1.0,ig,Consumer Discretionary Distribution and Retail,100.0,62.5,44.44444444444444,50.0,55.55555555555556,77.77777777777779,37.5,66.66666666666667,27.27272727272727,1.0,46.13783708901644,"{'profitability': 67.2, 'growth': 18.8, 'balance': 70.6, 'stability': 86.0}",60.314782783533076,False,-0.25145900239285,28.619358316341447,,53.22630993627476,,False,"{""floor"": false, ""depressed_arms"": {""self_pct"": false, ""self_z"": false, ""median_ratio"": false}, ""yield_arm"": false, ""residual_arm"": false, ""brakes"": {""gm"": true, ""fcf_margin"": true, ""roic"": false}, ""self_pct"": 24.615384615384617, ""self_z"": -0.8329698600909067, ""median_ratio"": 0.8691799738017663, ""fcf_yield"": 0.04493113248519465, ""yield_threshold"": 0.0495, ""gs10"": 0.0495, ""residual_pct"": null, ""brake_values"": {""gm"": 0.9925761888509003, ""fcf_margin"": 0.9570732723272408, ""roic"": 0.5133106092118068}}",False,"{""floor"": false, ""mom_sector_pct"": 27.27272727272727, ""eps_rev_proxy"": null}"
ADBE,796343,Adobe Inc.,Information Technology,Application Software,Software and Services,29.371663244353183,5.9986310746064335,1276796574.7337816,-0.24760865705055735,-0.2988595010892058,-0.30945612904156705,10.0,0.8841245778690814,0.0070930560183759955,0.3178719147729066,0.33278640245698177,0.14014141101557284,0.290673095844474,0.30590264630400943,0.15169398338179332,9,9,False,0.13057654594156753,0.13166711980319734,0.12354955232939746,False,0.8940392094610683,0.32744662274783715,0.30530200809588065,1.0112140662528386,1.03012127693562,1.0503277133678512,1.2550153438062182,7.6923076923076925,-1.470181673280503,0.3692090581387894,260.0,,252.6699981689453,397500000.0,100436324272.15576,98973324272.15576,10055000000.0,-1463000000.0,10481000000.0,201000000.0,2029000000.0,759000000.0,-1463000000.0,25198000000.0,9090000000.0,10280000000.0,8251000000.0,7693000000.0,9849000000.0,7229000000.0,7212337833.388212,0.20656349467676435,0.7172886955134969,10.888154485385673,11.995312601158133,0.08336589743425704,12.865374271695796,0.07772801466025202,13.893529433138161,1.4220500760824457,-0.14854299928926795,14041000000.0,1031000000.0,1.4989557434112382,10.0,0.5715377896003243,0.48167714097804204,7.6923076923076925,-1.521567946162861,0.37495789195049395,260.0,[],True,1.0,ig,Software and Services,94.73684210526315,95.45454545454545,94.44444444444444,97.5,63.63636363636363,33.33333333333333,50.0,90.9090909090909,12.068965517241379,1.0,92.28362384738375,"{'profitability': 100.0, 'growth': 100.0, 'balance': 100.0, 'stability': 92.3}",83.59051338064151,True,-1.039281806210521,33.912977665429736,9.210526315789473,87.93706861401263,10.0,True,"{""floor"": true, ""depressed_arms"": {""self_pct"": true, ""self_z"": true, ""median_ratio"": true}, ""yield_arm"": true, ""residual_arm"": true, ""brakes"": {""gm"": true, ""fcf_margin"": true, ""roic"": true}, ""self_pct"": 7.6923076923076925, ""self_z"": -1.521567946162861, ""median_ratio"": 0.37495789195049395, ""fcf_yield"": 0.08336589743425704, ""yield_threshold"": 0.0495, ""gs10"": 0.0495, ""residual_pct"": 9.210526315789473, ""brake_values"": {""gm"": 1.0112140662528386, ""fcf_margin"": 1.03012127693562, ""roic"": 1.2550153438062182}}",True,"{""floor"": true, ""mom_sector_pct"": 12.068965517241379, ""eps_rev_proxy"": 10.0}"
TER,97210,Teradyne,Information Technology,Semiconductor Materials & Equipment,Semiconductors and Semiconductor Equipment,5.990417522245037,5.9986310746064335,1265976605.6028602,2.1399518197085072,-0.19331010126494563,1.9521402726389647,10.0,0.5857841672566705,0.01292909404255615,0.15401353414029612,0.1374686227019562,0.38614895420570244,0.17294492727986716,0.1556863249159847,0.35140962049366264,6,9,False,0.004354396137920213,-0.08015437579846507,-0.071021693580818,False,0.5924161368951066,0.16263327920437828,0.19229794775170692,1.0113215242219584,1.055967451900884,1.1119027934281174,0.9825840134449219,85.76923076923076,1.1478964584384526,1.776683831628885,260.0,,353.1300048828125,156340750.0,55208609810.88257,54864632810.88257,3093185000.0,-343977000.0,1064951000.0,265019000.0,73932000.0,132595000.0,-380128000.0,4464031000.0,1349317000.0,799932000.0,726000000.0,858424000.0,1481912000.0,1150220000.0,1167561123.5007112,0.13470213189286787,0.37746242901756966,40.661040223225946,75.57111957421841,0.01323256828315081,63.91320933580907,0.01564621790068244,47.99830450773119,0.6954599989567213,-0.2565118576541657,663817000.0,101910000.0,0.2475529268375477,9.0,0.38415282953179053,0.24870590404398574,84.23076923076923,1.1227795225890003,1.8641635381399506,260.0,['fcf_cagr5 gate'],False,1.0,ig,Semiconductors and Semiconductor Equipment,64.28571428571429,37.5,68.75,80.0,65.625,33.33333333333333,71.42857142857143,37.5,93.10344827586206,1.0,38.60699606713908,"{'profitability': 77.5, 'growth': 1.8, 'balance': 100.0, 'stability': 62.7}",21.21133166637984,False,0.3791389814227859,51.72468907835272,,29.90916386675946,,False,"{""floor"": false, ""depressed_arms"": {""self_pct"": false, ""self_z"": false, ""median_ratio"": false}, ""yield_arm"": false, ""residual_arm"": false, ""brakes"": {""gm"": true, ""fcf_margin"": true, ""roic"": true}, ""self_pct"": 84.23076923076923, ""self_z"": 1.1227795225890003, ""median_ratio"": 1.8641635381399506, ""fcf_yield"": 0.01323256828315081, ""yield_threshold"": 0.0495, ""gs10"": 0.0495, ""residual_pct"": null, ""brake_values"": {""gm"": 1.0113215242219584, ""fcf_margin"": 1.055967451900884, ""roic"": 0.9825840134449219}}",False,"{""floor"": false, ""mom_sector_pct"": 93.10344827586206, ""eps_rev_proxy"": null}"
INTU,896878,Intuit,Information Technology,Application Software,Software and Services,25.78507871321013,5.9986310746064335,1253297228.3588135,-0.46051439352810497,-0.5465188935507985,-0.5397026414475434,10.0,,,0.22112985155290388,0.21742761692650334,0.304118191663643,0.19187676557713212,0.1872912026726058,0.4467168983603445,9,9,False,0.17361336924030368,0.22063308046324348,0.22833818765975522,False,,0.308047370384185,0.2848750466243939,,1.3930609920863022,1.484677135178608,1.3593111099141546,0.38461538461538464,-2.6608037602013668,0.24208009656056395,260.0,gm_derived,313.1300048828125,267236000.0,83679609984.86328,87640609984.86328,22953000000.0,3961000000.0,8838000000.0,175000000.0,2056000000.0,672000000.0,3961000000.0,21448000000.0,5884000000.0,8663000000.0,6607000000.0,6110000000.0,6556000000.0,4566000000.0,4465072959.946817,0.24115007478810038,0.19453112708346698,14.89473317213856,13.264811561202253,0.0753874260019541,14.343798688193663,0.06971653895443311,18.326677613855296,1.8972842750766534,0.6041793776693105,13981000000.0,4642000000.0,0.8113536356903237,9.0,0.14311008397169087,0.14001441060057837,1.153846153846154,-2.6016035346929467,0.2658183345561706,260.0,[],True,0.9,ig,Software and Services,47.368421052631575,68.18181818181817,,90.0,63.63636363636363,66.66666666666666,35.0,72.72727272727273,1.7241379310344827,1.0,68.04874961607848,"{'profitability': 78.5, 'growth': 100.0, 'balance': 79.9, 'stability': 79.7}",80.46816489302965,True,-0.9389900036715733,33.92339130532434,11.842105263157894,74.25845725455406,-12.0,False,"{""floor"": true, ""depressed_arms"": {""self_pct"": true, ""self_z"": true, ""median_ratio"": true}, ""yield_arm"": true, ""residual_arm"": true, ""brakes"": {""gm"": false, ""fcf_margin"": true, ""roic"": true}, ""self_pct"": 1.153846153846154, ""self_z"": -2.6016035346929467, ""median_ratio"": 0.2658183345561706, ""fcf_yield"": 0.0753874260019541, ""yield_threshold"": 0.0495, ""gs10"": 0.0495, ""residual_pct"": 11.842105263157894, ""brake_values"": {""gm"": null, ""fcf_margin"": 1.3930609920863022, ""roic"": 1.3593111099141546}}",False,"{""floor"": true, ""mom_sector_pct"": 1.7241379310344827, ""eps_rev_proxy"": -12.0}"
PG,80424,Procter & Gamble,Consumer Staples,Personal Care Products,Household and Personal Products,69.54140999315537,5.9986310746064335,1251362837.300236,-0.04553595003556943,-0.1042414650002621,-0.0266022904726112,10.0,0.4960308374217678,0.03342660756789801,0.1686010061597643,0.1626074051903675,0.07520314878990104,0.17640154633406457,0.17196620948222677,0.08143540413946149,9,9,False,0.02716052126592894,-0.005672302269087881,0.010075770660538996,False,0.5017694641051567,0.16801865980329075,0.1823697030977112,1.0115690925854866,0.9965460090082634,1.0338327916488004,0.9874143293530108,16.153846153846153,-1.139194383527593,0.8943131516757278,260.0,gm_derived,147.5500030517578,2324433060.0,342970105096.60675,369042105096.60675,80383000000.0,26072000000.0,19556000000.0,4409000000.0,524000000.0,3160000000.0,25083000000.0,87032000000.0,19748000000.0,15147000000.0,14623000000.0,15872000000.0,22908000000.0,16046000000.0,15712886429.749765,0.20433023953059726,0.19547524264769622,18.687568619435222,25.237099439007505,0.03962420492960291,23.251140694090648,0.04300864259335686,21.37418079874154,0.9439735759690888,1.0949449973808276,41276000000.0,19544000000.0,0.7566276451488498,5.0,0.1979667874333752,0.19599836678114885,34.23076923076923,-0.23067933819910832,0.9813633069541252,260.0,[],True,1.0,sector,Consumer Staples,75.0,81.48148148148148,54.166666666666664,35.41666666666667,55.55555555555556,25.0,76.0,48.14814814814815,14.814814814814813,1.0,51.0950588452932,"{'profitability': 81.4, 'growth': 11.3, 'balance': 63.5, 'stability': 92.9}",49.96039790644768,False,-0.054691250404400815,26.65578931911309,,50.52772837587044,,False,"{""floor"": false, ""depressed_arms"": {""self_pct"": false, ""self_z"": false, ""median_ratio"": false}, ""yield_arm"": false, ""residual_arm"": false, ""brakes"": {""gm"": true, ""fcf_margin"": true, ""roic"": true}, ""self_pct"": 34.23076923076923, ""self_z"": -0.23067933819910832, ""median_ratio"": 0.9813633069541252, ""fcf_yield"": 0.03962420492960291, ""yield_threshold"": 0.0495, ""gs10"": 0.0495, ""residual_pct"": null, ""brake_values"": {""gm"": 1.0115690925854866, ""fcf_margin"": 0.9965460090082634, ""roic"": 0.9874143293530108}}",False,"{""floor"": false, ""mom_sector_pct"": 14.814814814814813, ""eps_rev_proxy"": null}"
ANET,1596532,Arista Networks,Information Technology,Communications Equipment,Technology Hardware and Equipment,8.057494866529774,5.9986310746064335,1231863098.183835,0.2609450780486904,-0.0003006040367482532,0.33366752199245253,10.0,0.6300117588715485,0.019905546914760246,0.2994003639006137,0.29057028770349136,0.6558627821344996,0.2985025388847603,0.2843930241288693,0.7205658387430762,8,9,False,0.31189506024306746,0.4265693890376421,0.4697088222955339,False,0.6300375683060109,0.4414275956284153,0.4469869459623558,1.0000409665916532,1.474372274894588,1.497430968702478,0.9344576314583829,94.61538461538461,2.016309506451151,2.6850806219702794,260.0,,199.52999877929688,1261224648.0,251652152475.85913,249423906475.85913,12569454000.0,-2228246000.0,5306600000.0,151300000.0,502300000.0,92700000.0,-2228246000.0,10540800000.0,4546900000.0,5155300000.0,4653000000.0,4711600000.0,4639600000.0,533203511.0,3685301539.0164723,0.18949140315017435,0.29319503766961336,54.855815275431425,53.60496593076706,0.018654988071283164,52.938260140049906,0.01888992946414308,471.9626695703794,9.66854098603263,-0.48026683334770237,416100000.0,258200000.0,0.05364592606806946,10.0,0.3137595839546323,0.305047720091394,96.15384615384616,2.1563111491223386,2.867272631600444,260.0,[],True,1.0,ig,Technology Hardware and Equipment,75.0,100.0,78.94736842105263,85.0,62.5,100.0,89.47368421052632,5.0,56.896551724137936,1.0,67.45388975296842,"{'profitability': 100.0, 'growth': 100.0, 'balance': 100.0, 'stability': 67.5}",8.699871948811108,True,0.42521249850470033,35.03786077429383,72.36842105263158,38.076880850889765,15.0,False,"{""floor"": true, ""depressed_arms"": {""self_pct"": false, ""self_z"": false, ""median_ratio"": false}, ""yield_arm"": false, ""residual_arm"": false, ""brakes"": {""gm"": true, ""fcf_margin"": true, ""roic"": true}, ""self_pct"": 96.15384615384616, ""self_z"": 2.1563111491223386, ""median_ratio"": 2.867272631600444, ""fcf_yield"": 0.018654988071283164, ""yield_threshold"": 0.0495, ""gs10"": 0.0495, ""residual_pct"": 72.36842105263158, ""brake_values"": {""gm"": 1.0000409665916532, ""fcf_margin"": 1.474372274894588, ""roic"": 0.9344576314583829}}",False,"{""floor"": true, ""mom_sector_pct"": 56.896551724137936, ""eps_rev_proxy"": 15.0}"
BA,12927,Boeing,Industrials,Aerospace & Defense,Capital Goods,69.54140999315537,5.9986310746064335,1166442714.8179142,-0.00672384414227345,-0.21871899754685387,-0.08648270078522091,5.0,0.043849103906464355,0.948203502115392,-0.05186714378442213,-0.025742485720353665,,-0.05534079014685596,-0.0146876362295027,,6,9,False,0.0899505600378272,,,False,0.04677908399382946,-0.006872705994999734,0.01071333581573488,1.0668196114934325,0.13250596608066734,-0.19358841439208344,,,,,,,197.0,790370020.0,155702893940.0,183669893940.0,34067000000.0,27967000000.0,3639000000.0,3849000000.0,436000000.0,2196000000.0,27952000000.0,93995000000.0,4600000000.0,-210000000.0,-646000000.0,1007000000.0,6796000000.0,2435000000.0,4045882775.979863,0.12046026609133405,0.11876252020958297,39.92823781304348,,-0.0035171795776777156,182.39314194637538,0.0054826622828505565,63.94369360985626,-0.08624229979466119,4.113007651559741,17554000000.0,1531000000.0,0.560219567323216,2.0,,,,,,,['fcf_cagr5 gate'],False,0.8,ig,Capital Goods,,4.761904761904762,3.0303030303030303,15.476190476190476,8.13953488372093,5.0,2.631578947368425,11.904761904761912,32.30769230769231,1.0,15.27284090240671,"{'profitability': 29.7, 'growth': 75.0, 'balance': 0.0, 'stability': 44.4}",,False,,,,,,False,"{""floor"": false, ""depressed_arms"": {""self_pct"": false, ""self_z"": false, ""median_ratio"": false}, ""yield_arm"": false, ""residual_arm"": false, ""brakes"": {""gm"": true, ""fcf_margin"": false, ""roic"": false}, ""self_pct"": null, ""self_z"": null, ""median_ratio"": null, ""fcf_yield"": -0.0035171795776777156, ""yield_threshold"": 0.0495, ""gs10"": 0.0495, ""residual_pct"": null, ""brake_values"": {""gm"": 1.0668196114934325, ""fcf_margin"": 0.13250596608066734, ""roic"": null}}",False,"{""floor"": false, ""mom_sector_pct"": 32.30769230769231, ""eps_rev_proxy"": null}"
ACN,1467373,Accenture,Information Technology,IT Consulting & Other Services,Software and Services,15.203285420944558,5.9986310746064335,1144279758.741589,-0.21110567387534984,-0.32143804686646416,-0.1897738719194002,10.0,0.3224575194765293,0.008049117648886508,0.11897095117754213,0.11597406610887159,0.09736445034724285,0.10703331309743261,0.10621361828824921,0.1153000163334282,9,9,False,0.09465969836955224,0.07382899430159862,0.05972356766465903,False,0.3201307502371321,0.1436051668745674,0.1324547239657177,0.9927842611852427,1.2070607610782507,1.2375093336141425,0.8693360224451271,8.846153846153847,-1.9489727872934581,0.41493743320389165,260.0,shares_was_proxy;gm_derived,190.2899932861328,612213453.0,116498093861.05019,111721161861.05019,27113634000.0,-4776932000.0,13182094000.0,600406000.0,2084065000.0,1415510000.0,-5900205000.0,73100594000.0,10592234000.0,12581688000.0,10497623000.0,9682519000.0,12007744000.0,7789752000.0,7896376163.061968,0.2545126775841652,0.2912326751575229,10.547459757880178,10.642519917227947,0.09396270881121073,11.538439724316595,0.0866668305154429,14.955302025154355,1.615158993508394,-0.49136665471882146,25322800000.0,2498992000.0,1.0261181514805429,7.0,0.33500587533275217,0.32839133682714733,8.846153846153847,-1.9471002174099266,0.42883445512957646,260.0,[],True,1.0,ig,Software and Services,68.42105263157895,22.727272727272727,5.555555555555555,80.0,63.63636363636363,52.38095238095239,65.0,95.45454545454545,15.517241379310345,1.0,75.78127184803738,"{'profitability': 73.2, 'growth': 70.2, 'balance': 100.0, 'stability': 94.3}",87.79564041474795,True,-1.1590589130267897,33.91699456002815,3.9473684210526314,81.78845613139266,-4.0,False,"{""floor"": true, ""depressed_arms"": {""self_pct"": true, ""self_z"": true, ""median_ratio"": true}, ""yield_arm"": true, ""residual_arm"": true, ""brakes"": {""gm"": true, ""fcf_margin"": true, ""roic"": false}, ""self_pct"": 8.846153846153847, ""self_z"": -1.9471002174099266, ""median_ratio"": 0.42883445512957646, ""fcf_yield"": 0.09396270881121073, ""yield_threshold"": 0.0495, ""gs10"": 0.0495, ""residual_pct"": 3.9473684210526314, ""brake_values"": {""gm"": 0.9927842611852427, ""fcf_margin"": 1.2070607610782507, ""roic"": 0.8693360224451271}}",False,"{""floor"": true, ""mom_sector_pct"": 15.517241379310345, ""eps_rev_proxy"": -4.0}"
TMO,97745,Thermo Fisher Scientific,Health Care,Life Sciences Tools & Services,Pharmaceuticals Biotechnology and Life Sciences,22.12457221081451,5.9986310746064335,1132389521.3642907,0.3157296290487621,0.0,0.3775248648645888,10.0,,,0.15323784555708894,0.1551438504795016,0.046097538448707814,0.12522589345535068,0.12169653790493154,0.12156390462963886,8,9,False,0.06699288544037874,-0.015811300096795544,-0.03898438743251165,False,,0.15104886049723756,0.12413674033149172,,0.9857151146187586,0.9913024926889638,0.8126193081402059,63.84615384615384,0.41786711802325954,1.0702781341701366,260.0,gm_derived,658.3200073242188,369747286.0,243412036027.63,262966036027.63,72233000000.0,19554000000.0,9013000000.0,1695000000.0,319000000.0,2942000000.0,19547000000.0,46336000000.0,8145000000.0,7318000000.0,6999000000.0,5752000000.0,11087000000.0,6984000000.0,7261616721.04174,0.10845712448842972,0.10053046005346228,32.285578395043586,37.57194399594656,0.026615604454959387,45.717321979768776,0.021873547196017487,34.85281157325745,1.047823596792669,1.7630558311536033,54832000000.0,15839000000.0,0.9783755347278944,6.0,0.12371163107549148,0.12228683158899688,75.38461538461539,0.6644924160938861,1.093656158410936,260.0,[],True,0.9,ig,Pharmaceuticals Biotechnology and Life Sciences,45.45454545454545,27.27272727272727,,68.18181818181817,63.63636363636363,50.0,54.54545454545455,33.33333333333334,68.29268292682927,1.0,38.386382792639296,"{'profitability': 55.3, 'growth': 27.9, 'balance': 41.2, 'stability': 89.5}",27.18299357277474,False,0.09766290798248711,34.076046663316674,,32.784688182707015,,False,"{""floor"": false, ""depressed_arms"": {""self_pct"": false, ""self_z"": false, ""median_ratio"": false}, ""yield_arm"": false, ""residual_arm"": false, ""brakes"": {""gm"": false, ""fcf_margin"": true, ""roic"": false}, ""self_pct"": 75.38461538461539, ""self_z"": 0.6644924160938861, ""median_ratio"": 1.093656158410936, ""fcf_yield"": 0.026615604454959387, ""yield_threshold"": 0.0495, ""gs10"": 0.0495, ""residual_pct"": null, ""brake_values"": {""gm"": null, ""fcf_margin"": 0.9857151146187586, ""roic"": 0.8126193081402059}}",False,"{""floor"": false, ""mom_sector_pct"": 68.29268292682927, ""eps_rev_proxy"": null}"
MPWR,1280452,Monolithic Power Systems,Information Technology,Semiconductors,Semiconductors and Semiconductor Equipment,5.596167008898015,5.9986310746064335,1089028330.7184834,0.4464736008010026,-0.28227853591457996,0.28526338834055154,10.0,0.5635248689538707,0.021088396592173132,0.13823752228634945,0.1572135623565872,0.45479670607615164,0.17195902902029758,0.20003805825493226,0.5867483076513033,9,9,False,0.27004800152081065,0.2571099993861663,0.35017191186391794,True,0.551953190160695,0.11507785447570817,0.16905722241333904,0.9794655401550293,0.8324646779861431,0.9831250116757985,0.8470964980641138,60.0,0.08842129448267755,1.1392613919917771,260.0,,1169.5799560546875,49143000.0,57476667780.39551,56085971780.39551,2504728000.0,-1390696000.0,822337000.0,236800000.0,208869000.0,60117000.0,-1390696000.0,3273158000.0,940165000.0,585537000.0,376668000.0,553351000.0,1000282000.0,801946000.0,766019473.6243205,0.18522868472627632,0.3058294048792206,59.655455989528974,148.9002829558006,0.006715903960349348,101.3569538690551,0.009866121285490864,71.67149381678506,0.7301451718694276,-1.3903039342905301,25944000.0,111000.0,0.010402327118952637,10.0,0.36103254538076657,0.42917691706248634,67.6923076923077,0.018376864973566498,1.310356424869198,260.0,[],True,1.0,ig,Semiconductors and Semiconductor Equipment,57.14285714285714,25.0,56.25,93.33333333333333,65.625,40.0,92.85714285714286,12.5,63.793103448275865,1.0,67.03966262658942,"{'profitability': 73.0, 'growth': 100.0, 'balance': 100.0, 'stability': 75.2}",19.182492707092145,True,1.0573278646160427,51.72540096072461,93.42105263157895,43.111077666840785,3.0,False,"{""floor"": true, ""depressed_arms"": {""self_pct"": false, ""self_z"": false, ""median_ratio"": false}, ""yield_arm"": false, ""residual_arm"": false, ""brakes"": {""gm"": true, ""fcf_margin"": false, ""roic"": false}, ""self_pct"": 67.6923076923077, ""self_z"": 0.018376864973566498, ""median_ratio"": 1.310356424869198, ""fcf_yield"": 0.006715903960349348, ""yield_threshold"": 0.0495, ""gs10"": 0.0495, ""residual_pct"": 93.42105263157895, ""brake_values"": {""gm"": 0.9794655401550293, ""fcf_margin"": 0.8324646779861431, ""roic"": 0.8470964980641138}}",False,"{""floor"": true, ""mom_sector_pct"": 63.793103448275865, ""eps_rev_proxy"": 3.0}"
ISRG,1035267,Intuitive Surgical,Health Care,Health Care Equipment,Health Care Equipment and Services,18.2943189596167,5.9986310746064335,1076280437.0616713,-0.13655635370034325,-0.3457628020367819,-0.12577496472065863,10.0,0.6732046156419665,0.017161202901436936,0.11311518254304347,0.07507094024257373,0.42795596900743005,0.15280313263776174,0.15355419595071898,0.3209482740394754,8,9,False,0.182210329592003,0.16850948894019702,0.14755946849101176,False,0.6667875009062568,0.2171753788153411,0.20322808671065032,0.9904678093604715,1.9199489753084193,1.329999478429719,1.1146826316116072,5.384615384615385,-0.7459175527266144,0.5686792796151036,260.0,,383.5400085449219,353278038.0,135496261713.25323,130580261713.25323,13252400000.0,-4916000000.0,3706400000.0,483800000.0,826200000.0,637700000.0,-5045300000.0,11034400000.0,3451200000.0,3222600000.0,2396400000.0,2242500000.0,4088900000.0,3138800000.0,2863667160.649535,0.17024015975616164,0.21608668321583527,37.83619080703907,54.49017764699267,0.018351931360517236,58.22977110958896,0.017173345883809005,43.16817309584976,1.0266981011851664,-1.2339015383110372,580600000.0,192000000.0,0.058298874166188765,7.0,0.1938548938395293,0.1983429177606938,5.0228310502283104,-0.46156675643875833,0.4147880465454924,219.0,[],True,1.0,ig,Health Care Equipment and Services,70.37037037037037,62.06896551724138,72.72727272727273,76.78571428571429,58.333333333333336,20.689655172413794,85.18518518518519,3.3333333333333286,12.195121951219512,1.0,61.23009972195189,"{'profitability': 64.6, 'growth': 100.0, 'balance': 100.0, 'stability': 71.3}",38.910642699294414,True,0.7564160299096852,25.574721669259144,85.52631578947368,50.07037121062315,-19.0,False,"{""floor"": true, ""depressed_arms"": {""self_pct"": true, ""self_z"": false, ""median_ratio"": true}, ""yield_arm"": false, ""residual_arm"": false, ""brakes"": {""gm"": true, ""fcf_margin"": true, ""roic"": true}, ""self_pct"": 5.0228310502283104, ""self_z"": -0.46156675643875833, ""median_ratio"": 0.4147880465454924, ""fcf_yield"": 0.018351931360517236, ""yield_threshold"": 0.0495, ""gs10"": 0.0495, ""residual_pct"": 85.52631578947368, ""brake_values"": {""gm"": 0.9904678093604715, ""fcf_margin"": 1.9199489753084193, ""roic"": 1.1146826316116072}}",False,"{""floor"": true, ""mom_sector_pct"": 12.195121951219512, ""eps_rev_proxy"": -19.0}"
PEP,77476,PepsiCo,Consumer Staples,Soft Drinks & Non-alcoholic Beverages,Food Beverage and Tobacco,69.54140999315537,5.9986310746064335,1068059475.6496193,0.042012745559214304,-0.1921594421255728,-0.01893443540980666,10.0,0.5385972080414163,0.010617562470375602,0.07609798619323727,0.0786159169550173,0.11413243911489646,0.09894583364186303,0.09781827683062251,0.09127622347234332,9,9,False,0.0594397460523417,0.03779825265584025,0.013646283752731359,False,0.5395649302402378,0.09249360191529761,0.09842730950218773,1.0017967456651706,1.2154540026910383,0.9947595151752209,0.9680616484220023,5.769230769230769,-1.3199292717207747,0.8574727390469453,260.0,,133.66000366210938,1364891558.0,182431410640.66217,230256410640.66217,69923000000.0,47825000000.0,13456000000.0,4174000000.0,319000000.0,3599000000.0,47653000000.0,96904000000.0,14362000000.0,9282000000.0,8963000000.0,9538000000.0,17961000000.0,10451000000.0,11481519805.367598,0.2005626092906561,0.1642023340727314,16.032336070231317,25.689658667930622,0.03892616920007341,24.140953097154767,0.0414233852315408,17.45588083826066,0.8881446751507033,2.653137353154056,19093000000.0,15177000000.0,0.49011055017662286,10.0,0.16961970793945916,0.17256964776665804,0.38461538461538464,-1.8285475866539072,0.6895055823200671,260.0,[],True,1.0,ig,Food Beverage and Tobacco,72.72727272727273,21.428571428571427,57.14285714285714,81.81818181818183,53.57142857142857,15.384615384615385,46.15384615384615,64.28571428571428,33.33333333333333,1.0,35.738368568404326,"{'profitability': 56.8, 'growth': 40.5, 'balance': 11.6, 'stability': 93.2}",70.11968318919622,False,0.22862868097265254,20.439306649187184,,52.929025878800275,,False,"{""floor"": false, ""depressed_arms"": {""self_pct"": true, ""self_z"": true, ""median_ratio"": true}, ""yield_arm"": false, ""residual_arm"": false, ""brakes"": {""gm"": true, ""fcf_margin"": true, ""roic"": true}, ""self_pct"": 0.38461538461538464, ""self_z"": -1.8285475866539072, ""median_ratio"": 0.6895055823200671, ""fcf_yield"": 0.03892616920007341, ""yield_threshold"": 0.0495, ""gs10"": 0.0495, ""residual_pct"": null, ""brake_values"": {""gm"": 1.0017967456651706, ""fcf_margin"": 1.2154540026910383, ""roic"": 0.9680616484220023}}",False,"{""floor"": false, ""mom_sector_pct"": 33.33333333333333, ""eps_rev_proxy"": null}"
DDOG,1561550,Datadog,Information Technology,Application Software,Software and Services,1.1937029431895962,5.9986310746064335,1024110867.1037289,0.6973057389839288,-0.11930440375813656,0.7000431317426323,9.0,0.7960431954942917,0.016433439691962922,0.07279577792730438,0.07291347524683718,0.4320728751267351,0.07036331274504795,0.0730237707161444,0.5556103703899132,8,8,True,0.4153252804745149,0.3788155747941202,,False,0.7951226767673585,0.09052102174968016,0.08672065746932293,0.9988436321896306,1.243492745418239,1.2324697926537886,2.6360107516720643,52.84552845528455,0.017233160235406216,1.0541100029774757,246.0,shares_was_proxy,236.0,356253000.0,84075708000.0,83933007000.0,4224459000.0,-142701000.0,1229034000.0,46925000.0,823037000.0,62000000.0,-142701000.0,3966725000.0,16329000.0,1182109000.0,359072000.0,343997000.0,78329000.0,177543000.0,14513359.03903904,0.1111911911911912,0.003435554479056144,5140.119235715598,233.74979669815525,0.0042780785871284225,243.99342726826106,0.0040984710579950985,473.551241107788,6.658156052336617,-1.8218156749096759,706721000.0,23157000.0,0.172774312639796,0.0,0.0013033158066130483,-0.010378670736420537,51.21951219512195,0.005050166088868799,1.0152312442650704,246.0,[],True,1.0,ig,Software and Services,10.526315789473683,13.636363636363635,66.66666666666666,15.0,22.727272727272727,95.23809523809523,90.0,0.0,75.86206896551724,1.0,50.528870453155804,"{'profitability': 14.6, 'growth': 100.0, 'balance': 100.0, 'stability': 76.8}",19.511271677404352,False,1.5771247503468309,33.933310042761185,,35.02007106528008,,False,"{""floor"": false, ""depressed_arms"": {""self_pct"": false, ""self_z"": false, ""median_ratio"": false}, ""yield_arm"": false, ""residual_arm"": false, ""brakes"": {""gm"": true, ""fcf_margin"": true, ""roic"": true}, ""self_pct"": 51.21951219512195, ""self_z"": 0.005050166088868799, ""median_ratio"": 1.0152312442650704, ""fcf_yield"": 0.0042780785871284225, ""yield_threshold"": 0.0495, ""gs10"": 0.0495, ""residual_pct"": null, ""brake_values"": {""gm"": 0.9988436321896306, ""fcf_margin"": 1.243492745418239, ""roic"": 2.6360107516720643}}",False,"{""floor"": false, ""mom_sector_pct"": 75.86206896551724, ""eps_rev_proxy"": null}"
HPE,1645590,Hewlett Packard Enterprise,Information Technology,"Technology Hardware, Storage & Peripherals",Technology Hardware and Equipment,10.877481177275838,5.9986310746064335,1021443096.990799,1.1719294688555855,-0.016910923409246936,1.480347518710024,8.0,,,0.0472835377783387,0.040226531662948345,0.49563092787570834,0.04865802903424363,0.047503003260683026,0.7818303083367093,6,9,True,0.0491410171503146,-0.342998158475206,,False,,0.08027035418308615,0.05753385398008168,,1.697638500726974,1.182412340203743,1.4864785814972894,88.63636363636364,1.348695812703658,2.075280243863637,220.0,gm_derived,61.040000915527344,1327464779.0,81028451325.4903,96856451325.4903,42342000000.0,15828000000.0,6694000000.0,2538000000.0,795000000.0,3490000000.0,15771000000.0,41871000000.0,2602000000.0,4156000000.0,3361000000.0,2409000000.0,6092000000.0,2791000000.0,2346585113.072043,0.098160986521121,0.055419798617732816,37.22384755015,28.817748088512435,0.03470083772432684,40.2060819117851,0.024871858993723104,29.032049919559405,1.4890720171981369,2.5888049901510177,23907000000.0,5469000000.0,0.6937792263001276,1.0,0.037282608244452446,0.03252455646083665,70.0,0.11740596239871291,1.2024524144534041,220.0,['fcf_cagr5 gate'],False,0.9,ig,Technology Hardware and Equipment,5.0,27.77777777777778,,5.0,17.5,80.0,10.526315789473685,20.0,84.48275862068965,1.0,7.482118016394577,"{'profitability': 16.2, 'growth': 20.5, 'balance': 13.7, 'stability': 44.7}",28.224597308859234,False,-0.1959041612279675,35.05420618775352,,17.853357662626905,,False,"{""floor"": false, ""depressed_arms"": {""self_pct"": false, ""self_z"": false, ""median_ratio"": false}, ""yield_arm"": false, ""residual_arm"": false, ""brakes"": {""gm"": false, ""fcf_margin"": true, ""roic"": true}, ""self_pct"": 70.0, ""self_z"": 0.11740596239871291, ""median_ratio"": 1.2024524144534041, ""fcf_yield"": 0.03470083772432684, ""yield_threshold"": 0.0495, ""gs10"": 0.0495, ""residual_pct"": null, ""brake_values"": {""gm"": null, ""fcf_margin"": 1.697638500726974, ""roic"": 1.4864785814972894}}",False,"{""floor"": false, ""mom_sector_pct"": 84.48275862068965, ""eps_rev_proxy"": null}"
APH,820313,Amphenol,Information Technology,Electronic Components,Technology Hardware and Equipment,17.965776865160848,5.9986310746064335,1013633804.3254864,0.2736926596235134,-0.07353107767569977,0.27150246131178823,10.0,0.33272634672800655,0.05957262415458759,0.14342933551978476,0.1347777865800523,0.4649387036090449,0.14396569744529666,0.14009722130986008,0.4903446263239141,8,9,False,0.21847048472093156,,,False,0.38496616905476716,0.15705968929990796,0.15203071842933416,1.157005367445293,1.095031840806674,1.056020434917158,1.2162254390722969,79.23076923076923,1.4110577917010216,1.7319503098494256,260.0,,78.37000274658203,1232983457.0,96628916911.5802,95136701911.5802,13999385000.0,-1492215000.0,5871700000.0,1158000000.0,157100000.0,1303900000.0,-1613715000.0,29011900000.0,7841400000.0,4713700000.0,4556600000.0,4410700000.0,9145300000.0,5143100000.0,5554440989.650182,0.2916518747098501,0.3967632142162089,12.132616868362819,20.878879408238642,0.04789529075997286,21.569524545215092,0.04636170806193485,18.78806885177815,0.9165094981625868,-0.17645293210720261,17554700000.0,5019800000.0,1.612535122078577,10.0,0.3262250578468815,0.2189957525932241,76.53846153846153,1.3001332769835419,1.729554542992742,260.0,['fcf_cagr5 gate'],False,1.0,ig,Technology Hardware and Equipment,80.0,55.55555555555556,42.10526315789473,85.0,62.5,20.0,78.94736842105263,90.0,60.3448275862069,1.0,59.22654633177201,"{'profitability': 77.0, 'growth': 100.0, 'balance': 100.0, 'stability': 65.2}",50.14495853600874,False,-0.5176824814568004,35.03755810456824,,54.68575243389037,,False,"{""floor"": false, ""depressed_arms"": {""self_pct"": false, ""self_z"": false, ""median_ratio"": false}, ""yield_arm"": false, ""residual_arm"": false, ""brakes"": {""gm"": true, ""fcf_margin"": true, ""roic"": true}, ""self_pct"": 76.53846153846153, ""self_z"": 1.3001332769835419, ""median_ratio"": 1.729554542992742, ""fcf_yield"": 0.04789529075997286, ""yield_threshold"": 0.0495, ""gs10"": 0.0495, ""residual_pct"": null, ""brake_values"": {""gm"": 1.157005367445293, ""fcf_margin"": 1.095031840806674, ""roic"": 1.2162254390722969}}",False,"{""floor"": false, ""mom_sector_pct"": 60.3448275862069, ""eps_rev_proxy"": null}"
ABT,1800,Abbott Laboratories,Health Care,Health Care Equipment,Health Care Equipment and Services,69.54140999315537,5.9986310746064335,987342206.5496212,-0.12278742236290352,-0.22287751086794894,-0.23116044902394406,10.0,0.5602537985573318,0.011679804718473043,0.14925237279273162,0.15184533477711604,0.1759181212699683,0.12047627368739491,0.1289487549538405,0.20266572647129205,8,9,False,0.05075224605174555,0.05256205756552523,0.07512211055170948,False,0.5626135507599592,0.1481366597243763,0.1242743829485532,1.0042119343210234,0.9925246543992656,1.031525786322155,0.5693851351505428,42.30769230769231,-0.325131058701046,0.9085214444746427,260.0,gm_derived,102.2300033569336,1741812429.0,178065490463.81866,206664490463.81866,80660000000.0,28599000000.0,9464000000.0,2086000000.0,692000000.0,3163000000.0,27959000000.0,45134000000.0,7705000000.0,7378000000.0,6686000000.0,5609000000.0,10868000000.0,6276000000.0,5942802015.484822,0.22870836917782966,0.07367718838934816,26.822127250333377,30.910034469610927,0.03235195356974273,36.84515786482772,0.02714060837162533,28.372449086013173,1.175589547482473,2.5725984541774016,35221000000.0,1200000000.0,0.4515373171336474,6.0,0.12939780798785386,0.11731647172692065,45.76923076923077,-0.2743715967746483,0.9346379635341907,260.0,[],True,1.0,ig,Health Care Equipment and Services,55.55555555555556,79.3103448275862,40.909090909090914,60.71428571428571,58.333333333333336,41.37931034482759,29.629629629629633,23.33333333333333,14.634146341463413,1.0,30.756798724752155,"{'profitability': 48.0, 'growth': 43.0, 'balance': 14.2, 'stability': 84.5}",36.45242151396079,False,0.18938681825456083,25.577013885774758,,33.60461011935647,,False,"{""floor"": false, ""depressed_arms"": {""self_pct"": false, ""self_z"": false, ""median_ratio"": false}, ""yield_arm"": false, ""residual_arm"": false, ""brakes"": {""gm"": true, ""fcf_margin"": true, ""roic"": false}, ""self_pct"": 45.76923076923077, ""self_z"": -0.2743715967746483, ""median_ratio"": 0.9346379635341907, ""fcf_yield"": 0.03235195356974273, ""yield_threshold"": 0.0495, ""gs10"": 0.0495, ""residual_pct"": null, ""brake_values"": {""gm"": 1.0042119343210234, ""fcf_margin"": 0.9925246543992656, ""roic"": 0.5693851351505428}}",False,"{""floor"": false, ""mom_sector_pct"": 14.634146341463413, ""eps_rev_proxy"": null}"
DIS,1744489,Walt Disney Company (The),Communication Services,Movies & Entertainment,Media and Entertainment,50.217659137577,5.9986310746064335,967746344.7619171,-0.03884780447195191,-0.08390369721582636,-0.06051787456757496,10.0,,,0.04696478487902189,0.04222817161240973,0.6653792386657661,0.04762362424298669,0.03772863281513645,1.021189226100107,7,9,False,0.07626145769160764,,,False,,0.06852044790159921,0.10055532515349834,,1.4589750187955348,2.111458897803366,1.2007256868832439,22.5130890052356,-0.012514033165809213,0.7378756310573262,191.0,,105.3499984741211,1726686902.0,181906462490.98486,232969462490.98486,161095000000.0,51063000000.0,16989000000.0,8696000000.0,1519000000.0,5529000000.0,44253000000.0,98861000000.0,18238000000.0,8293000000.0,6774000000.0,9941000000.0,23767000000.0,8600000000.0,13211464156.862747,0.2756078431372549,0.0820103923576942,12.77384924284378,34.39171279760627,0.02907677224117788,23.43521401176792,0.04267082858717881,21.151914243137774,0.9643023255813954,1.8619514452812724,74682000000.0,7480000000.0,0.5100220366864273,0.0,0.06830068953598452,0.06510317640628185,33.198380566801625,-0.01073656154107153,0.8555643411424785,247.0,['fcf_cagr5 gate'],False,0.9,ig,Media and Entertainment,11.11111111111111,20.0,,16.666666666666664,70.0,55.55555555555556,20.0,60.0,75.0,1.0,20.91414439836823,"{'profitability': 24.7, 'growth': 63.6, 'balance': 37.9, 'stability': 51.9}",50.858052769399784,False,-0.016955680017213925,34.97981945948678,,35.88609858388401,,False,"{""floor"": false, ""depressed_arms"": {""self_pct"": false, ""self_z"": false, ""median_ratio"": false}, ""yield_arm"": false, ""residual_arm"": false, ""brakes"": {""gm"": false, ""fcf_margin"": true, ""roic"": true}, ""self_pct"": 33.198380566801625, ""self_z"": -0.01073656154107153, ""median_ratio"": 0.8555643411424785, ""fcf_yield"": 0.02907677224117788, ""yield_threshold"": 0.0495, ""gs10"": 0.0495, ""residual_pct"": null, ""brake_values"": {""gm"": null, ""fcf_margin"": 1.4589750187955348, ""roic"": 1.2007256868832439}}",False,"{""floor"": false, ""mom_sector_pct"": 75.0, ""eps_rev_proxy"": null}"
AMGN,318154,Amgen,Health Care,Biotechnology,Pharmaceuticals Biotechnology and Life Sciences,34.71047227926078,5.9986310746064335,953318351.825194,0.5819948634493133,-0.13554728703494345,0.3675597516055429,10.0,0.6992395922218686,0.07511966676368191,0.27516480161656653,0.29511728099569173,0.11727636373980152,0.17102572124203272,0.16060315940641456,0.14877409690317264,7,9,False,0.07647774623365566,-0.03912580906510643,-0.08130173740024371,False,0.6951568447302796,0.2541803386271164,0.19212495078094238,0.9941611608710316,0.9237385637037571,1.1233687505346075,1.088209060857111,62.30769230769231,0.3236236983702753,1.113419252690321,260.0,gm_derived,379.7799987792969,540632005.0,205321222198.94882,249467222198.94882,55834000000.0,44146000000.0,12478000000.0,2303000000.0,492000000.0,4667000000.0,44146000000.0,38095000000.0,11426000000.0,10175000000.0,9683000000.0,7319000000.0,16093000000.0,8743000000.0,9908577614.569862,0.13280433970156985,0.1774649427690988,21.833294433655595,25.763422720122776,0.038814718481443855,34.084878015978795,0.029338523656479147,23.484069792857007,1.1637881733958595,2.743180264711365,18668000000.0,21279000000.0,0.7154601139090877,5.0,0.163079824596683,0.14191731200885857,68.84615384615384,1.1750699787686816,1.3161427033636768,260.0,[],True,1.0,ig,Pharmaceuticals Biotechnology and Life Sciences,63.63636363636363,81.81818181818183,75.0,54.54545454545454,63.63636363636363,62.5,36.36363636363637,77.77777777777777,95.1219512195122,1.0,34.977403097245954,"{'profitability': 85.5, 'growth': 31.9, 'balance': 8.6, 'stability': 75.5}",47.55158854021376,False,-0.2795776727485233,34.073959268132725,,41.264495818729856,,False,"{""floor"": false, ""depressed_arms"": {""self_pct"": false, ""self_z"": false, ""median_ratio"": false}, ""yield_arm"": false, ""residual_arm"": false, ""brakes"": {""gm"": true, ""fcf_margin"": false, ""roic"": true}, ""self_pct"": 68.84615384615384, ""self_z"": 1.1750699787686816, ""median_ratio"": 1.3161427033636768, ""fcf_yield"": 0.038814718481443855, ""yield_threshold"": 0.0495, ""gs10"": 0.0495, ""residual_pct"": null, ""brake_values"": {""gm"": 0.9941611608710316, ""fcf_margin"": 0.9237385637037571, ""roic"": 1.088209060857111}}",False,"{""floor"": false, ""mom_sector_pct"": 95.1219512195122, ""eps_rev_proxy"": null}"
CIEN,936395,Ciena,Information Technology,Communications Equipment,Technology Hardware and Equipment,0.6050650239561944,5.9986310746064335,926780058.4843563,1.8603745212950376,-0.4102682602543958,1.4878948626719963,11.0,0.4364211147441573,0.045500614881491735,0.02892076328800175,0.05516549998692389,1.2403009453572813,0.024702121881756873,0.05870875265102598,2.809379526940817,9,11,False,0.061907524784472256,0.1011255584819819,0.09762853026243157,False,0.44071827207055964,0.1000441130503211,0.11535811791405064,1.0098463552317387,3.45924870841241,4.669967967377145,2.128685578118145,61.53846153846154,0.4367500366637003,1.3314196643949667,182.0,,344.25,141808525.0,48817584731.25,49512063731.25,3751217000.0,694479000.0,1054683000.0,240321000.0,212007000.0,148117000.0,694479000.0,6020894000.0,738953000.0,814362000.0,602355000.0,694559000.0,887070000.0,654410000.0,666403317.1869789,0.0981790219581233,0.17764989793631744,67.0029944140561,82.19748110541126,0.01216582292488483,71.28561249836227,0.014028076142615373,74.59785872961905,1.2444216928225424,0.782890865433393,513340000.0,224210000.0,0.1966161914919878,3.0,0.08345520811644153,0.06785878177919694,68.13186813186813,0.4411213138142834,1.4061021080518141,182.0,['tenure<1y'],False,1.0,ig,Technology Hardware and Equipment,15.0,16.666666666666664,57.89473684210527,20.0,100.0,65.0,57.89473684210527,0.0,89.65517241379311,1.0,32.98007636968152,"{'profitability': 28.0, 'growth': 67.9, 'balance': 73.9, 'stability': 61.4}",16.476751096874732,False,0.8524018144372763,35.04815046689857,,24.728413733278124,,False,"{""floor"": false, ""depressed_arms"": {""self_pct"": false, ""self_z"": false, ""median_ratio"": false}, ""yield_arm"": false, ""residual_arm"": false, ""brakes"": {""gm"": true, ""fcf_margin"": true, ""roic"": true}, ""self_pct"": 68.13186813186813, ""self_z"": 0.4411213138142834, ""median_ratio"": 1.4061021080518141, ""fcf_yield"": 0.01216582292488483, ""yield_threshold"": 0.0495, ""gs10"": 0.0495, ""residual_pct"": null, ""brake_values"": {""gm"": 1.0098463552317387, ""fcf_margin"": 3.45924870841241, ""roic"": 2.128685578118145}}",False,"{""floor"": false, ""mom_sector_pct"": 89.65517241379311, ""eps_rev_proxy"": null}"
NXPI,1413447,NXP Semiconductors,Information Technology,Semiconductors,Semiconductors and Semiconductor Equipment,5.492128678986996,5.9986310746064335,921790396.0641191,0.019931952689993704,-0.285039838191119,0.0353772269047401,10.0,0.5596697637860223,0.01745413666574701,0.16427159456798573,0.17136185598071707,0.11161907704946696,0.1380571013467178,0.13215221910874084,0.19987088589380053,4,9,False,0.07334918054419859,0.030009963166075515,0.010761302236520276,True,0.5504558065794689,0.17970669837495046,0.1428458184700753,0.9835367965133165,1.0939608813535728,1.0346864962152946,,68.84615384615384,0.5177490419878944,1.2312502707317663,260.0,,227.9499969482422,252471079.0,57550781687.56941,66210781687.56941,19587000000.0,8660000000.0,3048000000.0,337000000.0,444000000.0,802000000.0,8313000000.0,12615000000.0,3829000000.0,2711000000.0,2267000000.0,1802000000.0,4631000000.0,2653000000.0,,,,17.291925225272763,29.206343929232208,0.034239136621243255,36.7429421129686,0.027216111244587712,21.6927183141988,1.0218620429702223,1.7950766573094363,10280000000.0,1505000000.0,0.6016745800786236,,,,70.38461538461539,0.5446476698585925,1.1885472640583077,260.0,[],True,0.8,ig,Semiconductors and Semiconductor Equipment,,43.75,50.0,,65.625,60.0,7.142857142857139,87.5,43.103448275862064,1.0,33.997006554979436,"{'profitability': 68.5, 'growth': 43.1, 'balance': 40.2, 'stability': 64.9}",47.998534235318125,False,,,,40.99777039514878,,False,"{""floor"": false, ""depressed_arms"": {""self_pct"": false, ""self_z"": false, ""median_ratio"": false}, ""yield_arm"": false, ""residual_arm"": false, ""brakes"": {""gm"": true, ""fcf_margin"": true, ""roic"": false}, ""self_pct"": 70.38461538461539, ""self_z"": 0.5446476698585925, ""median_ratio"": 1.1885472640583077, ""fcf_yield"": 0.034239136621243255, ""yield_threshold"": 0.0495, ""gs10"": 0.0495, ""residual_pct"": null, ""brake_values"": {""gm"": 0.9835367965133165, ""fcf_margin"": 1.0939608813535728, ""roic"": null}}",False,"{""floor"": false, ""mom_sector_pct"": 43.103448275862064, ""eps_rev_proxy"": null}"
BSX,885725,Boston Scientific,Health Care,Health Care Equipment,Health Care Equipment and Services,31.564681724845997,5.9986310746064335,903793961.0462395,-0.485127282130996,-0.575908090352713,-0.5548400447516271,9.0,0.6894320910981699,0.004411551642505278,0.11397261407507511,0.10948033707865168,0.47236973500304247,0.07882838797324879,0.07542134831460674,0.731699236223419,8,9,False,0.15155785671653277,0.2643853490752126,,False,0.699323680701086,0.15741093541626977,0.13316822251857496,1.0143474458625215,1.3811294642463963,1.689343470575181,1.764287430472952,0.8658008658008658,-0.7808280150212364,0.2371251991680576,231.0,,43.54999923706055,1449229526.0,63113944751.62562,68283944751.62562,30100000000.0,5170000000.0,4529000000.0,904000000.0,320000000.0,1413000000.0,4928000000.0,20996000000.0,4152000000.0,3625000000.0,3305000000.0,2796000000.0,5565000000.0,,3944453768.4537687,0.04998704998704999,0.1310449756961385,16.446036789890563,20.66080022742076,0.04840083583368723,24.422011713743068,0.04094666777337049,,,0.8855345911949686,18640000000.0,770000000.0,0.6448504983388704,1.0,0.0742764321916692,0.07833883656686005,0.7692307692307693,-0.9594176234253974,0.3217033369391967,260.0,[],True,0.9,ig,Health Care Equipment and Services,33.33333333333333,65.51724137931035,81.81818181818183,25.0,13.333333333333334,,66.66666666666667,80.0,4.878048780487805,1.0,47.67652885170147,"{'profitability': 41.5, 'growth': 100.0, 'balance': 70.5, 'stability': 70.4}",75.48227606656187,False,-0.2135789344035981,25.580162033710753,,61.57940245913167,,False,"{""floor"": false, ""depressed_arms"": {""self_pct"": true, ""self_z"": false, ""median_ratio"": true}, ""yield_arm"": false, ""residual_arm"": false, ""brakes"": {""gm"": true, ""fcf_margin"": true, ""roic"": true}, ""self_pct"": 0.7692307692307693, ""self_z"": -0.9594176234253974, ""median_ratio"": 0.3217033369391967, ""fcf_yield"": 0.04840083583368723, ""yield_threshold"": 0.0495, ""gs10"": 0.0495, ""residual_pct"": null, ""brake_values"": {""gm"": 1.0143474458625215, ""fcf_margin"": 1.3811294642463963, ""roic"": 1.764287430472952}}",False,"{""floor"": false, ""mom_sector_pct"": 4.878048780487805, ""eps_rev_proxy"": null}"
RTX,101829,RTX Corporation,Industrials,Aerospace & Defense,Capital Goods,69.54140999315537,5.9986310746064335,886934924.0134665,0.3462187419938776,-0.1319908856503056,0.24123272708127863,10.0,,,0.06901587274362934,0.07091383487606387,0.21992982481569692,0.04259072079525541,0.039359513373289204,0.399775724597179,8,9,True,0.09382123755404659,0.12203084425734056,,False,,0.11567914438502674,0.09855614973262032,,1.6761237638004767,2.314028687290952,1.6782490454237171,5.384615384615385,-0.09266141496064338,0.4480728919196334,260.0,gm_derived,193.5399932861328,1347758144.0,260845102141.09082,296569102141.0908,102101000000.0,35724000000.0,14206000000.0,2799000000.0,591000000.0,4400000000.0,33985000000.0,93500000000.0,10485000000.0,11407000000.0,10816000000.0,9215000000.0,14885000000.0,7738000000.0,8521618985.695708,0.18725617685305593,0.08346263979486693,28.285083656756395,27.419480597364167,0.0364704209639963,32.183299201420596,0.03107201638158524,33.70962808750205,1.4741535280434221,2.283170977494122,52928000000.0,8466000000.0,0.6013065493971655,1.0,0.04973197513352057,0.04773358455168937,12.307692307692308,-0.6752757069819079,0.7237699291930108,260.0,[],True,0.9,ig,Capital Goods,5.263157894736842,26.190476190476193,,5.952380952380952,63.95348837209303,82.5,28.94736842105263,26.19047619047619,75.38461538461539,1.0,34.556308189815844,"{'profitability': 26.1, 'growth': 89.1, 'balance': 23.9, 'stability': 77.9}",48.50291049655272,False,0.017571066819309866,26.941899166658505,,41.52960934318428,,False,"{""floor"": false, ""depressed_arms"": {""self_pct"": true, ""self_z"": false, ""median_ratio"": true}, ""yield_arm"": false, ""residual_arm"": false, ""brakes"": {""gm"": false, ""fcf_margin"": true, ""roic"": true}, ""self_pct"": 12.307692307692308, ""self_z"": -0.6752757069819079, ""median_ratio"": 0.7237699291930108, ""fcf_yield"": 0.0364704209639963, ""yield_threshold"": 0.0495, ""gs10"": 0.0495, ""residual_pct"": null, ""brake_values"": {""gm"": null, ""fcf_margin"": 1.6761237638004767, ""roic"": 1.6782490454237171}}",False,"{""floor"": false, ""mom_sector_pct"": 75.38461538461539, ""eps_rev_proxy"": null}"
DHR,313616,Danaher Corporation,Health Care,Life Sciences Tools & Services,Pharmaceuticals Biotechnology and Life Sciences,27.83299110198494,5.9986310746064335,885041109.1921762,0.14058952570183658,-0.10477501963350833,0.10749493923704656,10.0,0.5991216904491218,0.017070404912784474,0.2374381052701874,0.22917538719129343,0.14775899253474936,0.19809131737571067,0.19640016743407285,0.20648799664036563,6,9,False,0.019706835895877406,-0.005864959565540895,-0.028683248018713026,False,0.5851356195483332,0.2058788385709165,0.1516310192376628,0.9766557093095658,0.8670842379602096,0.765460199096315,0.7745957558763628,77.6923076923077,0.9683214312846373,1.1887364394900908,260.0,,212.5,702986054.0,149384536475.0,172883536475.0,76080000000.0,23499000000.0,6635000000.0,1169000000.0,297000000.0,2531000000.0,23488000000.0,25107000000.0,5127000000.0,5466000000.0,5169000000.0,3807000000.0,7658000000.0,4004000000.0,4295827383.452332,0.1621167576648467,0.056464608089541686,33.72021386288278,33.44622489359644,0.02989874053592991,45.41201378381928,0.02202060460829661,37.30882529345654,1.3651348651348651,3.0671193523113085,47414000000.0,21358000000.0,0.9039432176656151,1.0,0.07289558154841516,0.06481671277570224,64.61538461538461,0.566865037857975,1.0976361315071237,260.0,[],True,1.0,ig,Pharmaceuticals Biotechnology and Life Sciences,27.27272727272727,63.63636363636363,37.5,18.181818181818183,63.63636363636363,75.0,27.272727272727266,22.222222222222214,36.58536585365854,1.0,18.24787561640629,"{'profitability': 55.3, 'growth': 8.2, 'balance': 0.0, 'stability': 74.2}",29.475951274703018,False,-0.01877304600870433,34.08004314750257,,23.861913445554656,,False,"{""floor"": false, ""depressed_arms"": {""self_pct"": false, ""self_z"": false, ""median_ratio"": false}, ""yield_arm"": false, ""residual_arm"": false, ""brakes"": {""gm"": true, ""fcf_margin"": false, ""roic"": false}, ""self_pct"": 64.61538461538461, ""self_z"": 0.566865037857975, ""median_ratio"": 1.0976361315071237, ""fcf_yield"": 0.02989874053592991, ""yield_threshold"": 0.0495, ""gs10"": 0.0495, ""residual_pct"": null, ""brake_values"": {""gm"": 0.9766557093095658, ""fcf_margin"": 0.8670842379602096, ""roic"": 0.7745957558763628}}",False,"{""floor"": false, ""mom_sector_pct"": 36.58536585365854, ""eps_rev_proxy"": null}"
VLO,1035002,Valero Energy,Energy,Oil & Gas Refining & Marketing,Energy,23.745379876796715,5.9986310746064335,880163483.7085012,1.1907302422003423,0.0,1.590557765545776,8.0,0.05865570886822978,0.4778365143891965,0.04221953922401318,0.042312082297149764,0.395140153597486,0.036137934599664474,0.02953227405529186,0.5189869050087139,4,9,False,0.13578129304273,,,False,0.08032454070030204,,0.055080094980523256,1.3694240893201266,,1.524162783255318,1.3978606685765236,68.23529411764706,0.34315987986809315,1.3628548270832055,255.0,gm_derived,412.5299987792969,287927461.0,118778715134.85605,126714715134.85605,32937000000.0,7936000000.0,10908000000.0,,,3230000000.0,4669000000.0,139397000000.0,10011000000.0,,,7678000000.0,13241000000.0,7212000000.0,7739000000.0,0.22695035460992907,0.23496371861432433,12.657548210454106,,,16.503609681538947,0.060592804804309376,16.46959444465558,,0.35261687183747453,260000000.0,123000000.0,0.011628260011537177,4.0,0.16808808194996555,0.08872031432067749,93.33333333333333,0.15207869217023745,2.7516687114615195,255.0,['fcf_cagr5 gate'],False,0.8,ig,Energy,81.81818181818183,12.5,20.0,68.18181818181817,50.0,,81.81818181818181,54.54545454545455,100.0,1.0,18.877069723283675,"{'profitability': 30.6, 'growth': 100.0, 'balance': 88.2, 'stability': 27.5}",,False,,,,,,False,"{""floor"": false, ""depressed_arms"": {""self_pct"": false, ""self_z"": false, ""median_ratio"": false}, ""yield_arm"": false, ""residual_arm"": false, ""brakes"": {""gm"": true, ""fcf_margin"": false, ""roic"": true}, ""self_pct"": 93.33333333333333, ""self_z"": 0.15207869217023745, ""median_ratio"": 2.7516687114615195, ""fcf_yield"": null, ""yield_threshold"": 0.0495, ""gs10"": 0.0495, ""residual_pct"": null, ""brake_values"": {""gm"": 1.3694240893201266, ""fcf_margin"": null, ""roic"": 1.3978606685765236}}",False,"{""floor"": false, ""mom_sector_pct"": 100.0, ""eps_rev_proxy"": null}"
AZO,866787,AutoZone,Consumer Discretionary,Automotive Retail,Consumer Discretionary Distribution and Retail,29.70841889117043,5.9986310746064335,872667470.6517729,-0.28558143522633583,-0.3252061631391382,-0.31302829886394845,10.0,0.5251256824348962,0.007899391470498967,,,0.17976027941071257,0.15758567833070375,0.13995427333200858,0.09651671128038758,9,9,False,0.08436605609642212,-0.04575106342143098,0.015161635423842856,False,0.5175387987523318,0.08171665506794794,0.12062220500607337,0.9855522517059427,,0.7654388792421851,0.7217990892890791,51.153846153846146,0.02315744440193448,1.0046983089825445,260.0,sbc_unreported,2844.31005859375,16325355.0,46434371436.61377,59892663436.61377,10673740000.0,13458292000.0,3072342000.0,1439120000.0,,661538000.0,13458292000.0,19986403000.0,3602447000.0,1633222000.0,1633222000.0,2410804000.0,4263985000.0,2478124000.0,2851784058.2373667,0.20837584612976492,0.26717758332481084,16.625550198688217,36.6714772618871,0.027269149613432846,24.843439548222822,0.0402520753239072,18.737711041341665,0.6590558018888482,3.1562709531107638,302645000.0,1443000.0,0.02848935799447991,10.0,0.37015505739687454,0.38597011526553093,70.38461538461539,0.6307218781314279,1.1826387320188816,260.0,[],True,0.9,ig,Consumer Discretionary Distribution and Retail,62.5,,100.0,93.75,55.55555555555556,22.22222222222222,0.0,44.44444444444444,15.151515151515152,1.0,33.45712231969425,"{'profitability': 66.3, 'growth': 35.2, 'balance': 0.0, 'stability': 90.2}",32.990871466308334,False,0.247742396455076,28.624324693852508,,33.22399689300129,,False,"{""floor"": false, ""depressed_arms"": {""self_pct"": false, ""self_z"": false, ""median_ratio"": false}, ""yield_arm"": false, ""residual_arm"": false, ""brakes"": {""gm"": true, ""fcf_margin"": false, ""roic"": false}, ""self_pct"": 70.38461538461539, ""self_z"": 0.6307218781314279, ""median_ratio"": 1.1826387320188816, ""fcf_yield"": 0.027269149613432846, ""yield_threshold"": 0.0495, ""gs10"": 0.0495, ""residual_pct"": null, ""brake_values"": {""gm"": 0.9855522517059427, ""fcf_margin"": null, ""roic"": 0.7217990892890791}}",False,"{""floor"": false, ""mom_sector_pct"": 15.151515151515152, ""eps_rev_proxy"": null}"
GILD,882095,Gilead Sciences,Health Care,Biotechnology,Pharmaceuticals Biotechnology and Life Sciences,22.21492128678987,5.9986310746064335,851296060.9094834,0.3050446055878462,-0.008875266380269253,0.35523732691689514,10.0,0.7764249748288283,0.018483065643030375,0.30410705427176765,0.2907991712801005,0.1342563168718781,0.23730170832644365,0.23136981782192734,0.2028325133159393,5,9,False,0.03584723676709367,0.0469381568096201,0.01031982684091437,False,0.7959089864398989,0.3951144236136192,0.32412910004268314,1.0250945194226475,1.299260961110498,1.3658945075810223,-0.39028374604315247,65.0,0.4978812744881806,1.172259031138933,260.0,gm_derived,150.88999938964844,1239955155.0,187096832581.14142,210684832581.14142,35417000000.0,23588000000.0,13552000000.0,609000000.0,909000000.0,2771000000.0,23672000000.0,30457000000.0,-2497000000.0,12943000000.0,12034000000.0,9872000000.0,274000000.0,-3240000000.0,-1981885461.7985902,0.2062933673213495,-0.05595859225226841,,17.507464897884446,0.057118492359269975,21.341656460812544,0.0468567190103634,,,86.39416058394161,8314000000.0,14032000000.0,0.6309399440946438,4.0,0.14337925373423377,0.1512377202400723,73.46153846153847,0.7761839471463626,1.1977457144545645,260.0,[],True,0.8,ig,Pharmaceuticals Biotechnology and Life Sciences,54.54545454545454,90.9090909090909,87.5,40.909090909090914,63.63636363636363,,0.0,,65.85365853658537,1.0,21.00599114505035,"{'profitability': 50.0, 'growth': 34.5, 'balance': 0.0, 'stability': 69.2}",,False,-0.665934625124279,34.07493195608581,,,,False,"{""floor"": false, ""depressed_arms"": {""self_pct"": false, ""self_z"": false, ""median_ratio"": false}, ""yield_arm"": true, ""residual_arm"": false, ""brakes"": {""gm"": true, ""fcf_margin"": true, ""roic"": false}, ""self_pct"": 73.46153846153847, ""self_z"": 0.7761839471463626, ""median_ratio"": 1.1977457144545645, ""fcf_yield"": 0.057118492359269975, ""yield_threshold"": 0.0495, ""gs10"": 0.0495, ""residual_pct"": null, ""brake_values"": {""gm"": 1.0250945194226475, ""fcf_margin"": 1.299260961110498, ""roic"": -0.39028374604315247}}",False,"{""floor"": false, ""mom_sector_pct"": 65.85365853658537, ""eps_rev_proxy"": null}"
ON,1097864,ON Semiconductor,Information Technology,Semiconductors,Semiconductors and Semiconductor Equipment,4.243668720054757,5.9986310746064335,850447574.8963434,0.45310357407332424,-0.43841472200856946,0.3373801343233569,10.0,0.42959479994248556,0.13311514584373776,0.15321524320112506,0.17970983161586318,0.3340603585970165,0.17280096020779312,0.1591855753074566,0.2887236353021681,4,9,False,0.026713065370281175,0.23156254615801708,-0.037686773338911794,True,0.37716609119364936,0.21777082190454677,0.11809029010293975,0.877957766816881,1.4213391393353718,0.6833890851123524,0.4240673760364165,90.38461538461539,0.8623192146158067,1.6104212099823982,260.0,,68.30000305175781,389311721.0,26589991732.385086,27454291732.385086,8083000000.0,864300000.0,1672000000.0,171600000.0,150700000.0,789400000.0,844500000.0,6197800000.0,669700000.0,1500400000.0,1349700000.0,731900000.0,1459100000.0,630200000.0,593850918.2790439,0.11325829732858905,0.07346912263751626,40.994910754643996,20.341032623831286,0.04916171260786501,37.51098747422474,0.02665885564028777,42.192941498548215,2.3808314820691843,0.5787814406140772,1687600000.0,311900000.0,0.24737102560930346,4.0,0.1732487024213038,0.1723682283347282,28.46153846153846,-0.21015370324791763,0.8011747015530267,260.0,[],True,1.0,ig,Semiconductors and Semiconductor Equipment,42.857142857142854,31.25,12.5,33.33333333333333,65.625,100.0,42.85714285714286,31.25,67.24137931034483,1.0,27.128999970711302,"{'profitability': 54.3, 'growth': 61.1, 'balance': 80.7, 'stability': 42.2}",49.52435766421605,False,-0.9334716151873415,51.73382240040479,,38.32667881746367,,False,"{""floor"": false, ""depressed_arms"": {""self_pct"": false, ""self_z"": false, ""median_ratio"": false}, ""yield_arm"": false, ""residual_arm"": false, ""brakes"": {""gm"": false, ""fcf_margin"": true, ""roic"": false}, ""self_pct"": 28.46153846153846, ""self_z"": -0.21015370324791763, ""median_ratio"": 0.8011747015530267, ""fcf_yield"": 0.04916171260786501, ""yield_threshold"": 0.0495, ""gs10"": 0.0495, ""residual_pct"": null, ""brake_values"": {""gm"": 0.877957766816881, ""fcf_margin"": 1.4213391393353718, ""roic"": 0.4240673760364165}}",False,"{""floor"": false, ""mom_sector_pct"": 67.24137931034483, ""eps_rev_proxy"": null}"
PM,1413329,Philip Morris International,Consumer Staples,Tobacco,Food Beverage and Tobacco,18.466803559206024,5.9986310746064335,839952253.5170429,0.19697439862322885,-0.013057016955756118,0.211282385968671,10.0,0.6548753062561236,0.027533589284085537,0.2868657064721064,0.2844131157928085,0.11826061086101033,0.280923737864036,0.2753577274407308,0.11074922317837099,8,9,False,0.07213535484188793,0.029750712780618693,0.029988945737428052,False,0.6751439652133036,0.29902456222822893,0.28710776824538725,1.030950409587215,1.0423851840139866,1.0220131998398236,,85.76923076923076,1.3974061176173926,1.4413309022103078,260.0,sbc_unreported,190.47999572753906,1558613439.0,296884681201.605,313725681201.605,8258000000.0,16841000000.0,14264000000.0,1542000000.0,,2049000000.0,14915000000.0,42545000000.0,16059000000.0,12722000000.0,12722000000.0,12215000000.0,18108000000.0,10874000000.0,,,,19.53581675083162,24.660091275082927,0.04055135031111669,25.683641522849364,0.03893528879502361,27.302251351996045,1.1699466617620011,0.8236690965319196,16917000000.0,10178000000.0,3.281060789537418,,,,75.38461538461539,0.9368827239411188,1.2719681227381228,260.0,[],True,0.8,ig,Food Beverage and Tobacco,,92.85714285714286,100.0,,53.57142857142857,53.84615384615385,76.92307692307692,35.71428571428571,77.77777777777779,1.0,63.90385106378418,"{'profitability': 100.0, 'growth': 42.5, 'balance': 72.5, 'stability': 85.8}",32.078003043907636,True,,,,47.99092705384591,6.0,False,"{""floor"": true, ""depressed_arms"": {""self_pct"": false, ""self_z"": false, ""median_ratio"": false}, ""yield_arm"": false, ""residual_arm"": false, ""brakes"": {""gm"": true, ""fcf_margin"": true, ""roic"": false}, ""self_pct"": 75.38461538461539, ""self_z"": 0.9368827239411188, ""median_ratio"": 1.2719681227381228, ""fcf_yield"": 0.04055135031111669, ""yield_threshold"": 0.0495, ""gs10"": 0.0495, ""residual_pct"": null, ""brake_values"": {""gm"": 1.030950409587215, ""fcf_margin"": 1.0423851840139866, ""roic"": null}}",False,"{""floor"": true, ""mom_sector_pct"": 77.77777777777779, ""eps_rev_proxy"": 6.0}"
TMUS,1283699,T-Mobile US,Communication Services,Wireless Telecommunication Services,Telecommunication Services,7.17864476386037,5.9986310746064335,825205011.4812164,-0.2197414514756052,-0.284262137546094,-0.2863657869043915,6.0,,,0.09912887591457693,0.10299396624150309,0.6981245189098858,0.06405330663676487,0.06458922070317473,1.041571301549262,7,9,False,0.05243088054913425,,,False,,0.19018538003449437,0.147002353860005,,1.918566898694425,2.295000236188113,1.3585829438241543,0.49261083743842365,-0.22375738007328957,0.4653883922924569,203.0,gm_derived,166.4499969482422,1072671613.0,178546186710.31604,299506186710.31604,177225000000.0,120960000000.0,28833000000.0,10434000000.0,866000000.0,14415000000.0,120960000000.0,92189000000.0,18253000000.0,18399000000.0,17533000000.0,13552000000.0,32668000000.0,10560000000.0,13942255334.53888,0.23616636528028934,0.07866980016667445,16.40860059772728,17.0824266645934,0.058539692260040056,22.10051554828188,0.045247813238354126,16.90778283241629,1.7423295454545455,3.7027060119995103,13667000000.0,3295000000.0,0.09570884468895471,0.0,0.057905776400544104,0.06197752167107899,0.39370078740157477,-0.18173997857754612,0.47369024705057644,254.0,['fcf_cagr5 gate'],False,0.9,sector,Communication Services,9.090909090909092,41.66666666666667,,22.727272727272727,20.833333333333336,63.63636363636363,16.666666666666657,50.0,50.0,1.0,14.282587201924594,"{'profitability': 36.1, 'growth': 43.7, 'balance': 0.0, 'stability': 51.9}",70.87414396493185,False,0.06556104898118242,15.99840781408837,,42.57836558342822,,False,"{""floor"": false, ""depressed_arms"": {""self_pct"": true, ""self_z"": false, ""median_ratio"": true}, ""yield_arm"": true, ""residual_arm"": false, ""brakes"": {""gm"": false, ""fcf_margin"": true, ""roic"": true}, ""self_pct"": 0.39370078740157477, ""self_z"": -0.18173997857754612, ""median_ratio"": 0.47369024705057644, ""fcf_yield"": 0.058539692260040056, ""yield_threshold"": 0.0495, ""gs10"": 0.0495, ""residual_pct"": null, ""brake_values"": {""gm"": null, ""fcf_margin"": 1.918566898694425, ""roic"": 1.3585829438241543}}",False,"{""floor"": false, ""mom_sector_pct"": 50.0, ""eps_rev_proxy"": null}"
HON,773840,Honeywell Technologies,Industrials,Industrial Conglomerates,Capital Goods,69.54140999315537,5.9986310746064335,821428191.3569406,0.0636530228688954,-0.18484221181274796,0.017293769078680743,10.0,,,0.13661173049647984,0.1395758773569788,0.07242834065339265,0.12736324960003814,0.12883927140644197,0.08433565708029482,6,9,False,0.0278500503505279,0.004486161469561267,-0.008604211529697148,False,0.3933274552746096,0.11268807417730879,0.10389942831138542,,0.824878462250447,0.8157724354369356,0.7217397651105685,0.7692307692307693,-1.5127911403284946,0.7483029654520736,260.0,,206.49000549316406,316940010.0,65444944405.90347,89102944405.90347,42195000000.0,23658000000.0,5118000000.0,970000000.0,186000000.0,1279000000.0,23338000000.0,35159000000.0,7935000000.0,4148000000.0,3962000000.0,3653000000.0,9214000000.0,8213000000.0,6361022692.736299,0.19835882889271603,0.15075299662842276,11.229104525003589,22.489385261459734,0.04446542172558665,24.391717603587043,0.04099752285804342,7.968457860209847,0.5050529648118836,2.532884740612112,19967000000.0,6413000000.0,0.6251925583599952,4.0,0.20887445020481563,0.21060821526254975,0.7692307692307693,-1.7475176585466785,0.7384821873461396,260.0,[],True,0.9,ig,Capital Goods,65.78947368421053,78.57142857142857,,36.904761904761905,63.95348837209303,7.5,23.68421052631578,97.61904761904762,44.61538461538462,1.0,23.929915947002502,"{'profitability': 60.2, 'growth': 13.5, 'balance': 15.6, 'stability': 72.9}",79.58736611984598,False,-0.18032104271445748,26.933327881808566,,51.75864103342424,,False,"{""floor"": false, ""depressed_arms"": {""self_pct"": true, ""self_z"": true, ""median_ratio"": true}, ""yield_arm"": false, ""residual_arm"": false, ""brakes"": {""gm"": false, ""fcf_margin"": false, ""roic"": false}, ""self_pct"": 0.7692307692307693, ""self_z"": -1.7475176585466785, ""median_ratio"": 0.7384821873461396, ""fcf_yield"": 0.04446542172558665, ""yield_threshold"": 0.0495, ""gs10"": 0.0495, ""residual_pct"": null, ""brake_values"": {""gm"": null, ""fcf_margin"": 0.824878462250447, ""roic"": 0.7217397651105685}}",False,"{""floor"": false, ""mom_sector_pct"": 44.61538461538462, ""eps_rev_proxy"": null}"
MCK,927653,McKesson Corporation,Health Care,Health Care Distributors,Health Care Equipment and Services,27.679671457905545,5.9986310746064335,814119419.8132559,0.23350077152605975,-0.10650407557586528,0.2645283599992805,10.0,0.04181892019331979,0.12015224907476518,,,0.15652509207595816,0.015414434245121612,0.015615647469749892,0.15959459784668628,9,9,False,0.11110493647209152,,,False,0.03639079961944898,0.015611351321100872,0.015900901010504086,0.8701994085744493,,1.0315591709463117,2.3821310566266685,90.0,1.5938017850600616,1.4855521888828984,260.0,sbc_unreported,879.5700073242188,116590363.0,102549386437.84332,109625386437.84332,2836000000.0,7076000000.0,6853000000.0,437000000.0,,318000000.0,6700000000.0,410983000000.0,6495000000.0,6416000000.0,6416000000.0,6535000000.0,6813000000.0,4592000000.0,5330365438.2161665,0.17931248064416228,1.879536473277915,16.878427473109056,17.08625100340451,0.05852658958368022,16.775116516884978,0.05961210457128277,22.332183457718493,1.397212543554007,0.9834140613532951,11278000000.0,4013000000.0,5.3917489421720735,7.0,0.7890147219437722,0.8310921139778324,90.0,1.593801785060062,1.4855521888828986,260.0,['fcf_cagr5 gate'],False,0.9,ig,Health Care Equipment and Services,100.0,,13.636363636363635,76.78571428571429,58.333333333333336,62.06896551724138,59.25925925925926,76.66666666666667,51.21951219512195,1.0,55.46248320204898,"{'profitability': 53.1, 'growth': 92.6, 'balance': 67.2, 'stability': 80.2}",44.43983341518846,False,-0.40301909777128175,25.566763392625266,,49.951158308618716,,False,"{""floor"": false, ""depressed_arms"": {""self_pct"": false, ""self_z"": false, ""median_ratio"": false}, ""yield_arm"": true, ""residual_arm"": false, ""brakes"": {""gm"": false, ""fcf_margin"": false, ""roic"": true}, ""self_pct"": 90.0, ""self_z"": 1.593801785060062, ""median_ratio"": 1.4855521888828986, ""fcf_yield"": 0.05852658958368022, ""yield_threshold"": 0.0495, ""gs10"": 0.0495, ""residual_pct"": null, ""brake_values"": {""gm"": 0.8701994085744493, ""fcf_margin"": null, ""roic"": 2.3821310566266685}}",False,"{""floor"": false, ""mom_sector_pct"": 51.21951219512195, ""eps_rev_proxy"": null}"
SYK,310764,Stryker Corporation,Health Care,Health Care Equipment,Health Care Equipment and Services,25.765913757700204,5.9986310746064335,799956989.3395996,-0.11683172561208266,-0.27311759328144725,-0.24904560980510349,10.0,0.6368841552583351,0.0075950343782137655,0.13986665078941377,0.144191192741757,0.2389333126678582,0.1037984383378537,0.10638297872340426,0.3156450055450918,8,9,False,0.11844250103109899,0.08950386245589304,0.09429930218380478,False,0.6497658396872702,0.17227232263807718,0.14146379223594072,1.0202261028517974,1.2316897678307468,1.3628701404494161,1.118869809346284,0.7692307692307693,-2.0036097817634384,0.5172608672820541,260.0,,280.1300048828125,383573046.0,107450319248.89526,119514319248.89526,36052000000.0,12064000000.0,5525000000.0,823000000.0,251000000.0,1619000000.0,12055000000.0,25837000000.0,5534000000.0,4702000000.0,4451000000.0,3655000000.0,7153000000.0,3729000000.0,4008602564.102564,0.27564102564102566,0.11118946422119616,21.596371385777967,26.8511164342609,0.037242399303890464,32.6988561556485,0.03058210951600082,28.81478124132348,1.2609278626977742,1.685306864252761,19584000000.0,5681000000.0,0.7007932985687341,4.0,0.09937658813598717,0.10108864956285928,0.7692307692307693,-2.4017258768155254,0.5652987794713841,260.0,[],True,1.0,ig,Health Care Equipment and Services,40.74074074074074,72.41379310344827,63.63636363636363,51.78571428571429,58.333333333333336,48.275862068965516,44.44444444444444,43.333333333333336,17.073170731707318,1.0,49.684109768105436,"{'profitability': 54.1, 'growth': 86.6, 'balance': 43.8, 'stability': 81.7}",61.13474510762284,False,0.04855481837707254,25.578510928764004,,55.40942743786414,,False,"{""floor"": false, ""depressed_arms"": {""self_pct"": true, ""self_z"": true, ""median_ratio"": true}, ""yield_arm"": false, ""residual_arm"": false, ""brakes"": {""gm"": true, ""fcf_margin"": true, ""roic"": true}, ""self_pct"": 0.7692307692307693, ""self_z"": -2.4017258768155254, ""median_ratio"": 0.5652987794713841, ""fcf_yield"": 0.037242399303890464, ""yield_threshold"": 0.0495, ""gs10"": 0.0495, ""residual_pct"": null, ""brake_values"": {""gm"": 1.0202261028517974, ""fcf_margin"": 1.2316897678307468, ""roic"": 1.118869809346284}}",False,"{""floor"": false, ""mom_sector_pct"": 17.073170731707318, ""eps_rev_proxy"": null}"
MCHP,827054,Microchip Technology,Information Technology,Semiconductors,Semiconductors and Semiconductor Equipment,19.030800821355236,5.9986310746064335,788292806.4019512,0.19118625137604783,-0.28589663158534473,0.11550161929164315,10.0,0.6239912727819514,0.07355780748229103,0.2532650122478004,0.3183092318977261,0.4895780190996826,0.1491342829316765,0.21829963787769943,0.8644354055059223,6,9,False,-0.028221913703690094,-0.13741197174832065,-0.5014421776466628,False,0.601936630029479,0.16270034945239442,0.04794721121371259,0.9646555269048142,0.6424114725061376,0.3215036158766985,0.533981680382873,86.53846153846155,0.22497472154075246,6.362349821643112,208.0,,70.81999969482422,543008691.0,38455875330.9069,43689275330.9069,11684400000.0,5233400000.0,1198000000.0,87100000.0,277500000.0,674900000.0,5233400000.0,5122300000.0,794800000.0,1110900000.0,833400000.0,245600000.0,1469700000.0,478400000.0,656478453.038674,0.17403314917127072,0.05618418173279535,54.96889196138261,52.42293656216331,0.019075619672968842,177.88792887177075,0.005621516908664684,80.38435478868499,2.3221153846153846,3.560862761107709,6695500000.0,5939500000.0,1.0813563383656841,4.0,0.10521743310090795,0.11946060964878757,73.84615384615385,1.2408757087016913,2.414939880333053,260.0,"['rev_cagr5 gate', 'fcf_cagr5 gate']",False,1.0,ig,Semiconductors and Semiconductor Equipment,14.285714285714285,81.25,81.25,33.33333333333333,65.625,93.33333333333333,0.0,18.75,53.44827586206896,1.0,9.596488495418713,"{'profitability': 46.6, 'growth': 0.0, 'balance': 0.0, 'stability': 51.5}",21.389879994717656,False,0.013121870900550281,51.73954306273246,,15.493184245068186,,False,"{""floor"": false, ""depressed_arms"": {""self_pct"": false, ""self_z"": false, ""median_ratio"": false}, ""yield_arm"": false, ""residual_arm"": false, ""brakes"": {""gm"": false, ""fcf_margin"": false, ""roic"": false}, ""self_pct"": 73.84615384615385, ""self_z"": 1.2408757087016913, ""median_ratio"": 2.414939880333053, ""fcf_yield"": 0.019075619672968842, ""yield_threshold"": 0.0495, ""gs10"": 0.0495, ""residual_pct"": null, ""brake_values"": {""gm"": 0.9646555269048142, ""fcf_margin"": 0.6424114725061376, ""roic"": 0.533981680382873}}",False,"{""floor"": false, ""mom_sector_pct"": 53.44827586206896, ""eps_rev_proxy"": null}"
HWM,4281,Howmet Aerospace,Industrials,Aerospace & Defense,Capital Goods,9.908281998631075,5.9986310746064335,770596965.8300995,0.4311393181792058,-0.21930977168275145,0.18924474867838303,5.0,,,0.10216369093517774,0.09518072289156626,0.5188785099295833,0.10047309090255807,0.08719879518072289,0.6657987551961007,6,9,False,0.09428692393516935,,,False,,0.1964461994076999,0.21037622024788857,,1.922857304875015,2.0938563585340275,1.459947405338947,,,,,sbc_unreported;gm_derived,225.75999450683594,398801399.0,90033401647.55849,94134401647.55849,9833000000.0,4101000000.0,2221000000.0,430000000.0,,303000000.0,4101000000.0,9117000000.0,2495000000.0,1791000000.0,1791000000.0,1918000000.0,2798000000.0,1871000000.0,2045637598.5977213,0.1801051709027169,0.20803799436567896,37.72921909721783,52.559688245426294,0.019025988041072892,49.07945862750703,0.02037512287145606,48.12047121729476,0.9572421165152325,1.4656897784131522,5084000000.0,457000000.0,0.5635106274788976,3.0,0.14249691023450264,0.12899990538366923,,,,,['fcf_cagr5 gate'],False,0.8,ig,Capital Goods,55.26315789473685,52.38095238095239,,27.380952380952383,8.13953488372093,32.5,55.26315789473684,14.285714285714292,81.53846153846153,1.0,26.41301403082357,"{'profitability': 51.3, 'growth': 78.6, 'balance': 51.1, 'stability': 44.4}",,False,0.6685001788580318,26.93561164058467,,,,False,"{""floor"": false, ""depressed_arms"": {""self_pct"": false, ""self_z"": false, ""median_ratio"": false}, ""yield_arm"": false, ""residual_arm"": false, ""brakes"": {""gm"": false, ""fcf_margin"": true, ""roic"": true}, ""self_pct"": null, ""self_z"": null, ""median_ratio"": null, ""fcf_yield"": 0.019025988041072892, ""yield_threshold"": 0.0495, ""gs10"": 0.0495, ""residual_pct"": null, ""brake_values"": {""gm"": null, ""fcf_margin"": 1.922857304875015, ""roic"": 1.459947405338947}}",False,"{""floor"": false, ""mom_sector_pct"": 81.53846153846153, ""eps_rev_proxy"": null}"
FTNT,1262039,Fortinet,Information Technology,Systems Software,Software and Services,7.9370294318959616,5.9986310746064335,756178486.8827393,0.8229425979787404,0.0,1.0494003527768285,10.0,0.7794200707206859,0.027473272153326362,0.2829603198027521,0.27944503091539735,0.2071513558095127,0.32190464658520185,0.3175333843167245,0.2053468088721978,9,9,False,0.21252104718544174,0.18370167203478394,0.21270028359210702,False,0.8020432021680793,0.374750910008768,0.39069266944761805,1.029025595179343,1.3243938594287774,1.213690680119491,,89.61538461538461,0.9958650733421628,1.3852837331350976,260.0,ev_or_ic_nonpos,172.5800018310547,733713653.0,126624303578.20982,123017903578.20982,-2055300000.0,-3606400000.0,3396100000.0,279100000.0,296100000.0,159100000.0,-3606400000.0,7527400000.0,2442200000.0,3117000000.0,2820900000.0,2940900000.0,2601300000.0,2120742685.0,,,,50.37175644018091,43.6094521529334,0.02293080858922771,41.83001923839975,0.023906276358630144,59.70752815691538,1.4697681251226384,-1.3863837312113174,257400000.0,85984000.0,-0.16707244684474287,,,,80.0,0.709259141146456,1.2797664081922488,260.0,[],True,0.8,ig,Software and Services,,86.36363636363636,44.44444444444444,,63.63636363636363,38.095238095238095,85.0,22.727272727272734,81.03448275862068,1.0,86.89510499419173,"{'profitability': 100.0, 'growth': 100.0, 'balance': 100.0, 'stability': 86.9}",20.448479247270807,True,,,,53.67179212073127,22.0,False,"{""floor"": true, ""depressed_arms"": {""self_pct"": false, ""self_z"": false, ""median_ratio"": false}, ""yield_arm"": false, ""residual_arm"": false, ""brakes"": {""gm"": true, ""fcf_margin"": true, ""roic"": false}, ""self_pct"": 80.0, ""self_z"": 0.709259141146456, ""median_ratio"": 1.2797664081922488, ""fcf_yield"": 0.02293080858922771, ""yield_threshold"": 0.0495, ""gs10"": 0.0495, ""residual_pct"": null, ""brake_values"": {""gm"": 1.029025595179343, ""fcf_margin"": 1.3243938594287774, ""roic"": null}}",False,"{""floor"": true, ""mom_sector_pct"": 81.03448275862068, ""eps_rev_proxy"": 22.0}"
MPC,1510295,Marathon Petroleum,Energy,Oil & Gas Refining & Marketing,Energy,15.21697467488022,5.9986310746064335,748762256.4371479,0.977488721942879,0.0,1.3132100282484696,9.0,0.1105474730531378,0.2210653449589253,0.0519947956857167,0.04317173637515843,0.5400458367519454,0.045217912186809664,0.03738189883627146,0.6273465141348971,5,9,False,0.13717834715373045,,,False,0.1249601177259616,0.08399044127701413,0.08992231909726066,1.1303751616818591,1.6153624640568947,1.9886437641296393,1.4187522776248285,50.81967213114754,0.03620016465503698,1.0419321627494929,244.0,sbc_unreported;gm_derived,421.9599914550781,280824763.0,118496814595.85434,124966814595.85434,25547000000.0,6470000000.0,17126000000.0,4227000000.0,,3316000000.0,-173000000.0,153577000000.0,14133000000.0,12899000000.0,12899000000.0,13810000000.0,17449000000.0,8554000000.0,11411539780.736101,0.19256068911511354,0.44668805655208443,8.84220014121944,9.688100984251054,0.10321940302083936,9.04900902214731,0.11050933837644714,13.852795720815331,1.5079494973111995,-0.009914608287007852,9335000000.0,2714000000.0,0.47164050573452854,6.0,0.314845701816174,0.24577882683491659,51.53846153846153,0.03488340784530413,1.0661475321570955,260.0,['fcf_cagr5 gate'],False,1.0,ig,Energy,100.0,25.0,40.0,100.0,72.72727272727273,100.0,90.9090909090909,72.72727272727273,90.9090909090909,1.0,25.596299288919322,"{'profitability': 58.6, 'growth': 100.0, 'balance': 100.0, 'stability': 30.7}",69.87725354813963,False,-0.7193309290198284,19.89024397210048,,47.73677641852948,,False,"{""floor"": false, ""depressed_arms"": {""self_pct"": false, ""self_z"": false, ""median_ratio"": false}, ""yield_arm"": true, ""residual_arm"": false, ""brakes"": {""gm"": true, ""fcf_margin"": true, ""roic"": true}, ""self_pct"": 51.53846153846153, ""self_z"": 0.03488340784530413, ""median_ratio"": 1.0661475321570955, ""fcf_yield"": 0.10321940302083936, ""yield_threshold"": 0.0495, ""gs10"": 0.0495, ""residual_pct"": null, ""brake_values"": {""gm"": 1.1303751616818591, ""fcf_margin"": 1.6153624640568947, ""roic"": 1.4187522776248285}}",False,"{""floor"": false, ""mom_sector_pct"": 90.9090909090909, ""eps_rev_proxy"": null}"
SNPS,883241,Synopsys,Information Technology,Application Software,Software and Services,9.508555783709788,5.9986310746064335,742220495.8046297,-0.19703330955158926,-0.2742107111017672,-0.23073660256764006,10.0,0.7946476583909342,0.016588977037796018,0.16710025916525123,0.17870656226177667,0.0832666902490432,0.13673282658828487,0.16789387918121312,0.6220302268118992,9,9,False,0.13866287520721876,0.1002950225005994,,False,0.7237516414068337,0.19090922124172924,0.01881608437986017,0.9107830794749255,1.1424830948522497,0.137612048615927,0.10209136885058233,99.2,3.145759968455362,4.673186011378386,250.0,,381.1700134277344,191636646.0,73046142929.06598,80279102929.06598,38385499000.0,7232960000.0,2938341000.0,190635000.0,950016000.0,1811144000.0,7234120000.0,9416465000.0,802356000.0,2747706000.0,1797690000.0,177181000.0,2613500000.0,1076559000.0,664571500.458509,0.17172489461223076,0.017313087435922324,100.05421898641747,44.656811201634305,0.02239300059927707,453.09092357005534,0.0022070625297912934,67.85149994479261,2.552304146823351,2.7679816338243732,26834774000.0,336723000.0,0.7078583764144892,6.0,0.16958424233944014,0.21763821244221634,15.384615384615385,-0.3645572226644237,0.6316457709882268,260.0,[],True,1.0,ig,Software and Services,57.89473684210527,31.818181818181817,61.111111111111114,67.5,63.63636363636363,85.71428571428571,10.0,13.63636363636364,18.96551724137931,1.0,43.21337004821303,"{'profitability': 40.1, 'growth': 91.8, 'balance': 7.7, 'stability': 94.2}",39.500792393055086,False,0.27493969090839165,33.92211465111268,,41.35708122063406,,False,"{""floor"": false, ""depressed_arms"": {""self_pct"": true, ""self_z"": false, ""median_ratio"": true}, ""yield_arm"": false, ""residual_arm"": false, ""brakes"": {""gm"": false, ""fcf_margin"": true, ""roic"": false}, ""self_pct"": 15.384615384615385, ""self_z"": -0.3645572226644237, ""median_ratio"": 0.6316457709882268, ""fcf_yield"": 0.02239300059927707, ""yield_threshold"": 0.0495, ""gs10"": 0.0495, ""residual_pct"": null, ""brake_values"": {""gm"": 0.9107830794749255, ""fcf_margin"": 1.1424830948522497, ""roic"": 0.10209136885058233}}",False,"{""floor"": false, ""mom_sector_pct"": 18.96551724137931, ""eps_rev_proxy"": null}"
FIX,1035983,Comfort Systems USA,Industrials,Construction & Engineering,Capital Goods,0.7392197125256673,5.9986310746064335,739782097.2959735,1.0797033007735277,-0.20974381340219306,0.9771381877429326,10.0,0.19659443124877105,0.08100351152728659,0.17252296145824347,0.10213472485768502,0.5853704711450496,0.1806172260737498,0.09774860846198549,0.6859689192105073,8,9,False,-0.08508751361229527,0.3149343608446671,0.38861010216781766,False,0.27509703312732825,0.536067569066539,0.6226427728038904,1.3993124392176695,3.107224479196561,3.4473055883919526,1.725476250779451,31.538461538461537,-0.2756440690500106,0.8593496607516314,260.0,,1573.9599609375,35194329.0,55394464698.06152,53928363698.06152,1751168000.0,-1466101000.0,2550065000.0,390259000.0,38228000.0,47623000.0,-1484385000.0,3957669000.0,743811000.0,2159806000.0,2121578000.0,2464214000.0,791434000.0,1434401000.0,601318080.3392045,0.19157140679661291,0.34338114923251484,72.50277785359658,25.41898704552061,0.03934067074384942,21.884610548459477,0.04569421044919591,38.61853463436063,1.5057198091747008,-1.8755638499230511,1101475000.0,534580000.0,0.9342650162634311,6.0,0.19900659257257175,0.14350713819195393,56.15384615384615,0.12836503926670056,1.063899026813754,260.0,"['tenure<1y', 'rev_cagr5 gate']",False,1.0,ig,Capital Goods,63.1578947368421,92.85714285714286,18.181818181818183,45.23809523809524,63.95348837209303,87.5,94.73684210526316,4.761904761904773,98.46153846153847,1.0,41.42044692654132,"{'profitability': 56.3, 'growth': 50.0, 'balance': 100.0, 'stability': 61.3}",29.77085703991191,False,-0.05787878853743633,26.933616886943447,,35.59565198322662,,False,"{""floor"": false, ""depressed_arms"": {""self_pct"": false, ""self_z"": false, ""median_ratio"": false}, ""yield_arm"": false, ""residual_arm"": false, ""brakes"": {""gm"": true, ""fcf_margin"": true, ""roic"": true}, ""self_pct"": 56.15384615384615, ""self_z"": 0.12836503926670056, ""median_ratio"": 1.063899026813754, ""fcf_yield"": 0.03934067074384942, ""yield_threshold"": 0.0495, ""gs10"": 0.0495, ""residual_pct"": null, ""brake_values"": {""gm"": 1.3993124392176695, ""fcf_margin"": 3.107224479196561, ""roic"": 1.725476250779451}}",False,"{""floor"": false, ""mom_sector_pct"": 98.46153846153847, ""eps_rev_proxy"": null}"
UNP,100885,Union Pacific Corporation,Industrials,Rail Transportation,Transportation,69.54140999315537,5.9986310746064335,738398935.6818402,0.41919900549971034,-0.07875050198779698,0.30743637139602575,10.0,,,0.23195249432241727,0.22685427135678393,0.08169301494439866,0.2805714303134275,0.2820904522613065,0.05727256070513881,6,9,False,0.046441301388703726,-0.00409540654240681,0.01753018201731682,False,,0.25596221959858323,0.30499803227075956,,1.1035113907539709,1.087060189735088,0.9748196182432454,64.23076923076924,0.4506304063027352,1.0507196072310714,260.0,sbc_unreported,282.4800109863281,594075498.0,167814453201.74835,198961453201.74835,51820000000.0,31147000000.0,10263000000.0,3759000000.0,,2513000000.0,31147000000.0,25410000000.0,10171000000.0,6504000000.0,6504000000.0,7750000000.0,12684000000.0,7330000000.0,7839477392.218717,0.22923238696109358,0.1512828520304654,19.561641254719138,30.590629336062168,0.032689749171689535,25.672445574419143,0.03895226877007901,22.894195525477265,0.8873124147339699,2.455613371176285,,,0.0,7.0,0.15519061085690625,0.15382244592219566,63.07692307692307,0.5333222561835461,1.073597315488267,260.0,[],True,0.9,ig,Transportation,54.54545454545454,100.0,,54.54545454545454,77.27272727272727,36.36363636363637,11.111111111111114,54.54545454545455,80.0,1.0,32.20610896553829,"{'profitability': 83.2, 'growth': 19.4, 'balance': 18.1, 'stability': 72.3}",40.769717233286684,False,0.12735533108832708,26.932625622573873,,36.48791309941249,,False,"{""floor"": false, ""depressed_arms"": {""self_pct"": false, ""self_z"": false, ""median_ratio"": false}, ""yield_arm"": false, ""residual_arm"": false, ""brakes"": {""gm"": false, ""fcf_margin"": true, ""roic"": true}, ""self_pct"": 63.07692307692307, ""self_z"": 0.5333222561835461, ""median_ratio"": 1.073597315488267, ""fcf_yield"": 0.032689749171689535, ""yield_threshold"": 0.0495, ""gs10"": 0.0495, ""residual_pct"": null, ""brake_values"": {""gm"": null, ""fcf_margin"": 1.1035113907539709, ""roic"": 0.9748196182432454}}",False,"{""floor"": false, ""mom_sector_pct"": 80.0, ""eps_rev_proxy"": null}"
CDNS,813672,Cadence Design Systems,Information Technology,Application Software,Software and Services,8.999315537303216,5.9986310746064335,736147897.7333214,-0.14552033266816156,-0.27525233188981624,-0.24799784337547048,10.0,,,0.22198518524072827,0.2252398907966922,0.1596177471548714,0.2086427162941821,0.21473740985910464,0.15134805224098605,9,9,False,0.1457277629468552,0.14393610637353804,0.13224518533976393,False,,0.17077827657678335,0.15415493904167285,,0.7693228554490499,0.7388464921263651,0.5430436785927608,63.07692307692307,0.23985512176048532,1.0752258955420153,260.0,gm_derived,280.760009765625,275816000.0,77438102853.51562,76404173853.51562,5527534000.0,-1033929000.0,1597542000.0,167630000.0,485745000.0,259534000.0,-1033929000.0,5528613000.0,1561851000.0,1429912000.0,944167000.0,852263000.0,1821385000.0,1170969000.0,1147025316.2643764,0.265598756690378,0.20751121861292512,48.91899025804358,80.92230913971324,0.012357531694671358,89.64858717733331,0.01115466547199351,66.13164213016367,1.22113565773304,-0.5676608734561885,4929581000.0,591028000.0,0.998747180930954,10.0,0.3821262023538661,0.37370047619423696,54.230769230769226,0.0420621617628628,1.012749355788634,260.0,[],True,0.9,ig,Software and Services,78.94736842105263,72.72727272727273,,97.5,63.63636363636363,19.047619047619047,70.0,27.272727272727266,22.413793103448278,1.0,83.69548927680673,"{'profitability': 84.2, 'growth': 100.0, 'balance': 100.0, 'stability': 89.4}",29.0198793779833,True,0.8696025240186609,33.916004901318836,88.1578947368421,56.35768432739501,6.0,False,"{""floor"": true, ""depressed_arms"": {""self_pct"": false, ""self_z"": false, ""median_ratio"": false}, ""yield_arm"": false, ""residual_arm"": false, ""brakes"": {""gm"": false, ""fcf_margin"": false, ""roic"": false}, ""self_pct"": 54.230769230769226, ""self_z"": 0.0420621617628628, ""median_ratio"": 1.012749355788634, ""fcf_yield"": 0.012357531694671358, ""yield_threshold"": 0.0495, ""gs10"": 0.0495, ""residual_pct"": 88.1578947368421, ""brake_values"": {""gm"": null, ""fcf_margin"": 0.7693228554490499, ""roic"": 0.5430436785927608}}",True,"{""floor"": true, ""mom_sector_pct"": 22.413793103448278, ""eps_rev_proxy"": 6.0}"
CMCSA,1166691,Comcast,Communication Services,Cable & Satellite,Media and Entertainment,23.83025325119781,5.9986310746064335,733109743.203304,-0.049166804570062284,-0.26379887014930037,-0.18869318239384536,10.0,,,0.13684120459358895,0.12353173428091994,0.14409407456016202,0.10873036324231584,0.10630737340835061,0.13491370891090426,7,9,False,0.03618450068524881,0.07070616175279487,0.09102383187198626,False,,0.15270127457887658,0.12318260424005636,,1.1159012742718188,1.1329181708473863,0.8686864948629768,0.7692307692307693,-2.0478075095542922,0.49406498461977766,260.0,shares_was_proxy,22.90999984741211,3564000000.0,81651239456.17676,86193239456.17676,94305000000.0,4542000000.0,32517000000.0,12073000000.0,1371000000.0,15760000000.0,4535000000.0,124904000000.0,18318000000.0,20444000000.0,19073000000.0,15386000000.0,34078000000.0,11199000000.0,14114771543.086172,0.22945891783567135,0.14967150780007604,4.70538483765568,4.519123339599264,0.22128185598242062,5.602056379577327,0.17850587931345482,7.290940213963458,1.8255201357264041,0.13307705851282353,53070000000.0,79925000000.0,1.4102645670961242,10.0,0.17229634475172156,0.15818887429972628,1.5384615384615385,-1.9377420668086827,0.5107726879187988,260.0,[],True,0.9,ig,Media and Entertainment,44.44444444444444,60.0,,94.44444444444444,70.0,66.66666666666666,70.0,90.0,66.66666666666666,1.0,50.547367644746586,"{'profitability': 62.1, 'growth': 44.5, 'balance': 95.6, 'stability': 75.6}",92.61181434599156,False,-1.4910795280308622,34.97264378318099,,71.57959099536907,,False,"{""floor"": false, ""depressed_arms"": {""self_pct"": true, ""self_z"": true, ""median_ratio"": true}, ""yield_arm"": true, ""residual_arm"": false, ""brakes"": {""gm"": false, ""fcf_margin"": true, ""roic"": false}, ""self_pct"": 1.5384615384615385, ""self_z"": -1.9377420668086827, ""median_ratio"": 0.5107726879187988, ""fcf_yield"": 0.22128185598242062, ""yield_threshold"": 0.0495, ""gs10"": 0.0495, ""residual_pct"": null, ""brake_values"": {""gm"": null, ""fcf_margin"": 1.1159012742718188, ""roic"": 0.8686864948629768}}",False,"{""floor"": false, ""mom_sector_pct"": 66.66666666666666, ""eps_rev_proxy"": null}"
PWR,1050915,Quanta Services,Industrials,Construction & Engineering,Capital Goods,17.215605749486652,5.9986310746064335,725800585.3754667,0.6467251305517712,-0.19916599470618557,0.5879998641739654,10.0,0.1475346341239276,0.024182864034821915,0.039690042546249055,0.04857662068844642,0.508076692604365,0.03161097397375563,0.039947405339319446,0.600045286602893,8,9,False,0.2051545611518748,,,False,0.1545648187486818,0.06580795583911814,0.05840993230844786,1.047651079805769,1.6580469966096667,1.8477738888065114,1.2731317691937425,30.34188034188034,-0.0563621775970649,0.7310567838675801,234.0,,616.5399780273438,150343393.0,92692712216.7763,95375090216.7763,12320320000.0,2682378000.0,3178249000.0,787091000.0,225738000.0,1030524000.0,2578377000.0,32905140000.0,2035759000.0,2391158000.0,2165420000.0,1921987000.0,3066283000.0,1340415000.0,1565980503.6620963,0.230763315470006,0.12710550567372408,46.84989245621722,44.04461500160537,0.022704251131802404,49.62317134131308,0.020151876088730827,69.15224927860126,1.78389379408616,0.8408803101344526,7868886000.0,3217584000.0,0.899852438897691,3.0,0.09983688157763773,0.10345907512982935,34.0080971659919,-0.06662921324151284,0.8554664891468433,247.0,['fcf_cagr5 gate'],False,1.0,ig,Capital Goods,23.684210526315788,9.523809523809524,9.090909090909092,27.380952380952383,63.95348837209303,92.5,76.31578947368422,7.142857142857139,93.84615384615384,1.0,44.118784893228316,"{'profitability': 35.6, 'growth': 100.0, 'balance': 72.0, 'stability': 67.0}",32.75160083682824,False,0.49167494870419004,26.93773653738264,,38.43519286502828,,False,"{""floor"": false, ""depressed_arms"": {""self_pct"": false, ""self_z"": false, ""median_ratio"": false}, ""yield_arm"": false, ""residual_arm"": false, ""brakes"": {""gm"": true, ""fcf_margin"": true, ""roic"": true}, ""self_pct"": 34.0080971659919, ""self_z"": -0.06662921324151284, ""median_ratio"": 0.8554664891468433, ""fcf_yield"": 0.022704251131802404, ""yield_threshold"": 0.0495, ""gs10"": 0.0495, ""residual_pct"": null, ""brake_values"": {""gm"": 1.047651079805769, ""fcf_margin"": 1.6580469966096667, ""roic"": 1.2731317691937425}}",False,"{""floor"": false, ""mom_sector_pct"": 93.84615384615384, ""eps_rev_proxy"": null}"
WDAY,1327811,"Workday, Inc.",Information Technology,Application Software,Software and Services,1.7357973990417521,5.9986310746064335,713321000.7700186,-0.14386611297330199,-0.19211902437032824,-0.1469908272220669,7.0,,,0.0672192589275002,0.07435023053681358,0.2610073822841178,0.06765280566158013,0.07301281168204987,0.6366513802938552,9,9,False,0.17209392670406998,,,False,,0.11797144263909404,0.11619891678975874,,1.7550244456924606,1.7175772039820638,,12.955465587044534,-0.45940035974160587,0.3591977896689055,247.0,shares_was_proxy;gm_derived,199.27999877929688,245181000.0,48859669380.70679,49228669380.70679,6829000000.0,369000000.0,3081000000.0,237000000.0,1646000000.0,255000000.0,369000000.0,10155000000.0,1085000000.0,2844000000.0,1198000000.0,1180000000.0,1340000000.0,1251000000.0,1057114485.9813085,0.02570093457943925,0.15479784536261657,45.37204551217216,41.09237844800233,0.024335412983343976,41.719211339582024,0.02396977238760091,39.056490312315574,2.273381294964029,0.2753731343283582,5227000000.0,383000000.0,0.8214965587933811,0.0,,,12.955465587044534,-0.7294791433379152,0.3080693360643221,247.0,['fcf_cagr5 gate'],False,0.8,ig,Software and Services,,9.090909090909092,,15.0,9.090909090909092,76.19047619047619,40.0,31.818181818181827,24.137931034482758,1.0,64.9843959750395,"{'profitability': 53.6, 'growth': 100.0, 'balance': 90.8, 'stability': 82.6}",46.381943419360695,True,,,,55.6831696972001,19.0,False,"{""floor"": true, ""depressed_arms"": {""self_pct"": true, ""self_z"": false, ""median_ratio"": true}, ""yield_arm"": false, ""residual_arm"": false, ""brakes"": {""gm"": false, ""fcf_margin"": true, ""roic"": false}, ""self_pct"": 12.955465587044534, ""self_z"": -0.7294791433379152, ""median_ratio"": 0.3080693360643221, ""fcf_yield"": 0.024335412983343976, ""yield_threshold"": 0.0495, ""gs10"": 0.0495, ""residual_pct"": null, ""brake_values"": {""gm"": null, ""fcf_margin"": 1.7550244456924606, ""roic"": null}}",True,"{""floor"": true, ""mom_sector_pct"": 24.137931034482758, ""eps_rev_proxy"": 19.0}"
CVS,64803,CVS Health,Health Care,Health Care Services,Health Care Equipment and Services,69.54140999315537,5.9986310746064335,689401781.8903246,0.28099903980103,-0.16214963399936988,0.24312817884013138,10.0,,,0.03071697999167266,0.027411005768972766,0.3240091096033006,0.025839506839701393,0.023679620768301955,0.4104448589873081,9,9,False,0.08393742925077285,,,False,0.4449078022385723,0.026604125410155968,0.02299041644382128,,0.8661048520189263,0.889738979402556,0.9643303543684867,54.0650406504065,0.034793301568304284,1.0300413517444234,246.0,,90.2699966430664,1278970369.0,115452650916.2114,189586650916.2114,153836000000.0,74134000000.0,14780000000.0,3022000000.0,715000000.0,4522000000.0,73937000000.0,415086000000.0,8288000000.0,11758000000.0,11043000000.0,9543000000.0,12810000000.0,4890000000.0,6996177639.536893,0.15586659754622428,0.04547815621530001,22.874837224446356,17.1680386594414,0.05824777191132776,19.866567213267462,0.0503358224531197,23.60994906261992,2.4044989775051127,5.771818891491023,85478000000.0,10498000000.0,0.6238851764216439,2.0,0.047160349157610415,0.04058011647135661,51.92307692307693,0.010569835469848545,1.0158717728877393,260.0,['fcf_cagr5 gate'],False,0.9,ig,Health Care Equipment and Services,14.814814814814813,17.24137931034483,,35.714285714285715,58.333333333333336,89.65517241379311,0.0,36.66666666666667,58.536585365853654,1.0,21.30166300070467,"{'profitability': 15.5, 'growth': 69.9, 'balance': 0.0, 'stability': 78.4}",46.1958505607401,False,-0.39886840792948286,25.58273847268085,,33.74875678072239,,False,"{""floor"": false, ""depressed_arms"": {""self_pct"": false, ""self_z"": false, ""median_ratio"": false}, ""yield_arm"": true, ""residual_arm"": false, ""brakes"": {""gm"": false, ""fcf_margin"": false, ""roic"": true}, ""self_pct"": 51.92307692307693, ""self_z"": 0.010569835469848545, ""median_ratio"": 1.0158717728877393, ""fcf_yield"": 0.05824777191132776, ""yield_threshold"": 0.0495, ""gs10"": 0.0495, ""residual_pct"": null, ""brake_values"": {""gm"": null, ""fcf_margin"": 0.8661048520189263, ""roic"": 0.9643303543684867}}",False,"{""floor"": false, ""mom_sector_pct"": 58.536585365853654, ""eps_rev_proxy"": null}"
SBUX,829224,Starbucks,Consumer Discretionary,Restaurants,Consumer Services,26.28062970568104,5.9986310746064335,684714214.0205712,0.29863500365666984,-0.10366249850117948,0.1723855181071774,10.0,,,0.0898828895044791,0.08319834587380653,0.23130852669390775,0.1057793537095246,0.11595745268989004,0.21597106099244498,8,9,True,0.09595337505976698,-0.14298220922492444,-0.1054818622589877,True,,0.08549414032442754,0.07706914495426245,,0.9511725846348891,0.7285840029416155,0.6130110097877871,73.46153846153847,0.7331084271696445,1.2430166923241717,260.0,gm_derived,96.66999816894531,1140000000.0,110203797912.59766,129034797912.59766,11156700000.0,18831000000.0,4985900000.0,1343800000.0,364400000.0,1666800000.0,18823800000.0,38338300000.0,2977500000.0,3642100000.0,3277700000.0,2954700000.0,4644300000.0,1982800000.0,1918601033.7429295,0.3556335738898641,0.17196850625569654,43.336623984079814,39.367482659364086,0.02540167499793479,43.67103188567288,0.02289847427049392,55.57988597568976,1.8368468831954812,4.053097345132743,1238800000.0,296200000.0,0.13758548674787346,9.0,0.2805308608000838,0.3004904593713034,40.0,-0.33698987843061723,0.8988563252330505,260.0,['fcf_cagr5 gate'],False,0.9,ig,Consumer Services,91.66666666666666,61.53846153846154,,100.0,80.76923076923077,84.61538461538461,22.222222222222214,0.0,84.84848484848484,1.0,27.663770743832895,"{'profitability': 59.6, 'growth': 40.0, 'balance': 0.0, 'stability': 77.2}",29.73020714073065,False,0.5051779959813052,23.75426673511543,,28.69698894228177,,False,"{""floor"": false, ""depressed_arms"": {""self_pct"": false, ""self_z"": false, ""median_ratio"": false}, ""yield_arm"": false, ""residual_arm"": false, ""brakes"": {""gm"": false, ""fcf_margin"": true, ""roic"": false}, ""self_pct"": 40.0, ""self_z"": -0.33698987843061723, ""median_ratio"": 0.8988563252330505, ""fcf_yield"": 0.02540167499793479, ""yield_threshold"": 0.0495, ""gs10"": 0.0495, ""residual_pct"": null, ""brake_values"": {""gm"": null, ""fcf_margin"": 0.9511725846348891, ""roic"": 0.6130110097877871}}",False,"{""floor"": false, ""mom_sector_pct"": 84.84848484848484, ""eps_rev_proxy"": null}"
VRTX,875320,Vertex Pharmaceuticals,Health Care,Biotechnology,Pharmaceuticals Biotechnology and Life Sciences,12.985626283367557,5.9986310746064335,677958902.0628333,0.4304917383007718,-0.05785961434868003,0.3477240379937161,9.0,0.8710581185761932,0.009325386393999456,0.1994603070790299,0.2597037389100127,0.6932130193927832,0.20943781513893778,0.274147127165188,0.8916470902314352,9,9,False,0.14100488310526438,0.013024357577106516,0.0015571251147354914,False,0.8599529680945722,0.24683805770941908,0.268661815177323,0.9872509649530927,1.2375297186904322,1.2827760593238473,0.6352873450517654,83.09178743961353,1.0801456567383287,1.2540654410908914,207.0,gm_derived,516.3400268554688,253460924.0,130872020304.97192,125291720304.97192,14667600000.0,-5580300000.0,4292900000.0,496800000.0,689100000.0,222100000.0,-5580300000.0,12587200000.0,4777100000.0,3796100000.0,3107000000.0,3381700000.0,4999200000.0,4405200000.0,3989777404.493317,0.16481183050526116,0.2720129676629658,26.227569091074486,40.325626103949766,0.024798127062484795,37.049921727229474,0.02699061032739132,29.708530896434198,0.8617315899391628,-1.1162385981757081,1088000000.0,236300000.0,0.09028743625405657,6.0,0.428173124778365,0.43528024329737486,86.47342995169082,1.128453684639119,1.2801243142556764,207.0,[],True,1.0,ig,Pharmaceuticals Biotechnology and Life Sciences,100.0,54.54545454545454,100.0,68.18181818181817,18.181818181818183,12.5,90.9090909090909,66.66666666666667,85.36585365853658,1.0,63.97583590275062,"{'profitability': 99.4, 'growth': 55.4, 'balance': 100.0, 'stability': 74.1}",33.177834743218014,True,0.16866774131065165,34.06666734544364,53.94736842105263,48.576835322984316,9.0,False,"{""floor"": true, ""depressed_arms"": {""self_pct"": false, ""self_z"": false, ""median_ratio"": false}, ""yield_arm"": false, ""residual_arm"": false, ""brakes"": {""gm"": true, ""fcf_margin"": true, ""roic"": false}, ""self_pct"": 86.47342995169082, ""self_z"": 1.128453684639119, ""median_ratio"": 1.2801243142556764, ""fcf_yield"": 0.024798127062484795, ""yield_threshold"": 0.0495, ""gs10"": 0.0495, ""residual_pct"": 53.94736842105263, ""brake_values"": {""gm"": 0.9872509649530927, ""fcf_margin"": 1.2375297186904322, ""roic"": 0.6352873450517654}}",False,"{""floor"": true, ""mom_sector_pct"": 85.36585365853658, ""eps_rev_proxy"": 9.0}"
SHW,89800,Sherwin-Williams,Materials,Specialty Chemicals,Materials,62.217659137577,5.9986310746064335,661962010.876032,0.008874620041754877,-0.12995484958479409,-0.06578889627381979,10.0,0.4578350353148436,0.061498395438229075,0.08856759496455152,0.08899150647293001,0.24455291392691372,0.09432119911976286,0.10351754442929195,0.2873580052044409,9,9,False,0.05124800274973418,-0.030889145816553554,-0.005935379353634751,False,0.489817822804308,0.12670880734771797,0.12453759273749196,1.0698565750160876,1.4306452308932196,1.320356334522023,,2.307692307692308,-0.7098798223551077,0.7358999775188898,260.0,,320.94000244140625,242758151.0,77910801574.61127,92042726574.61127,17986625000.0,14131925000.0,3886700000.0,673500000.0,120200000.0,726500000.0,14117300000.0,24410300000.0,,3213200000.0,3093000000.0,3040000000.0,,2688200000.0,,0.23013918322928004,,,29.758398504562322,0.03360395889068721,30.277212689016864,0.03302813935586457,28.982516767581007,1.1952979689011234,,8023200000.0,3966100000.0,0.6665675189203089,5.0,0.1892866797451632,0.1855246972080784,2.307692307692308,-1.1502603458782767,0.6493743258260696,260.0,[],True,0.8,ig,Materials,83.33333333333334,71.42857142857143,100.0,60.71428571428571,71.42857142857143,81.81818181818183,,,28.57142857142857,0.7,37.40385621816257,"{'profitability': 64.2, 'growth': 21.4, 'balance': None, 'stability': 81.6}",,False,0.030268209939086077,28.87116034361302,,,,False,"{""floor"": false, ""depressed_arms"": {""self_pct"": true, ""self_z"": true, ""median_ratio"": true}, ""yield_arm"": false, ""residual_arm"": false, ""brakes"": {""gm"": true, ""fcf_margin"": true, ""roic"": false}, ""self_pct"": 2.307692307692308, ""self_z"": -1.1502603458782767, ""median_ratio"": 0.6493743258260696, ""fcf_yield"": 0.03360395889068721, ""yield_threshold"": 0.0495, ""gs10"": 0.0495, ""residual_pct"": null, ""brake_values"": {""gm"": 1.0698565750160876, ""fcf_margin"": 1.4306452308932196, ""roic"": null}}",False,"{""floor"": false, ""mom_sector_pct"": 28.57142857142857, ""eps_rev_proxy"": null}"
MDT,1613103,Medtronic,Health Care,Health Care Equipment,Health Care Equipment and Services,39.88227241615332,5.9986310746064335,660136476.9930025,0.013727894658744244,-0.09745381237847928,0.007429404624421654,10.0,,,0.14792446034464962,0.14181351939648745,0.08538024080072006,0.11322082245849044,0.11193607060858157,0.11287353506544918,7,9,False,0.038417474974348664,0.021228777171166335,0.04154819570596069,False,0.650098556283629,0.15012519311704225,0.12252943370092163,,1.0148774095052646,1.0822164248616368,1.1506337414540628,15.0,-0.7818219784077202,0.8746683686524779,260.0,,92.7699966430664,1279137890.0,118665617761.31905,136385619761.31905,67952002000.0,17720002000.0,8035000000.0,1903000000.0,496000000.0,2939000000.0,17102000000.0,37542000000.0,6786000000.0,6132000000.0,5636000000.0,4600000000.0,9725000000.0,430004801.0,5416056338.028169,0.20187793427230047,0.07970414673033722,20.09808720325951,24.199009893775557,0.041324004758443396,29.649047774199794,0.03372789600582676,275.963471769049,14.26030589830554,1.758560411311054,43187000000.0,27262000000.0,1.036746496446124,0.0,0.06926978052078901,0.07582692183093777,23.846153846153847,-0.6022537278937755,0.9329712271855874,260.0,[],True,0.9,ig,Health Care Equipment and Services,25.925925925925924,75.86206896551724,,8.928571428571429,58.333333333333336,100.0,40.74074074074075,56.666666666666664,26.82926829268293,1.0,30.841720919308656,"{'profitability': 47.3, 'growth': 24.9, 'balance': 41.4, 'stability': 79.5}",56.40142083681572,False,-0.05552088454821158,25.58055783535393,,43.62157087806219,,False,"{""floor"": false, ""depressed_arms"": {""self_pct"": false, ""self_z"": false, ""median_ratio"": false}, ""yield_arm"": false, ""residual_arm"": false, ""brakes"": {""gm"": false, ""fcf_margin"": true, ""roic"": true}, ""self_pct"": 23.846153846153847, ""self_z"": -0.6022537278937755, ""median_ratio"": 0.9329712271855874, ""fcf_yield"": 0.041324004758443396, ""yield_threshold"": 0.0495, ""gs10"": 0.0495, ""residual_pct"": null, ""brake_values"": {""gm"": null, ""fcf_margin"": 1.0148774095052646, ""roic"": 1.1506337414540628}}",False,"{""floor"": false, ""mom_sector_pct"": 26.82926829268293, ""eps_rev_proxy"": null}"
HLT,1585689,Hilton Worldwide,Consumer Discretionary,"Hotels, Resorts & Cruise Lines",Consumer Services,9.248459958932239,5.9986310746064335,659706557.9095871,0.2183864474324837,-0.13233070650987122,0.1285265918833447,10.0,,,0.12342923101055385,0.1558081260068015,0.4829211664750461,0.11325903798919815,0.15133345265795597,0.620550569964594,8,9,False,0.22823963694173832,0.2509558783459027,,False,,0.14769723668402082,0.13872647176611935,,1.1966147360295223,1.224860057343504,,31.538461538461537,-0.2501309859923173,0.9465174907390334,260.0,ev_or_ic_nonpos,302.5400085449219,225064910.0,68091139794.56207,68262139794.56207,-6132000000.0,171000000.0,2109000000.0,80000000.0,185000000.0,192000000.0,143000000.0,12485000000.0,2915000000.0,2029000000.0,1844000000.0,1732000000.0,3107000000.0,1584000000.0,2069636934.1102643,0.29000448229493503,,23.417543668803454,37.018513988374224,0.027013510059157236,39.41232089755316,0.025372776259468727,42.98683067838515,1.2809343434343434,0.04602510460251046,5068000000.0,5664000000.0,-1.7501630789302023,2.0,-0.7223651229167325,-0.7217832560752915,68.07692307692308,0.07659971986748919,1.1249406237632826,260.0,[],True,0.9,ig,Consumer Services,8.333333333333332,84.61538461538461,,42.30769230769231,80.76923076923077,61.53846153846154,77.77777777777777,23.076923076923066,66.66666666666666,1.0,43.097203388639905,"{'profitability': 29.5, 'growth': 100.0, 'balance': 98.5, 'stability': 60.4}",28.1072987171954,False,,,,35.60225105291765,,False,"{""floor"": false, ""depressed_arms"": {""self_pct"": false, ""self_z"": false, ""median_ratio"": false}, ""yield_arm"": false, ""residual_arm"": false, ""brakes"": {""gm"": false, ""fcf_margin"": true, ""roic"": false}, ""self_pct"": 68.07692307692308, ""self_z"": 0.07659971986748919, ""median_ratio"": 1.1249406237632826, ""fcf_yield"": 0.027013510059157236, ""yield_threshold"": 0.0495, ""gs10"": 0.0495, ""residual_pct"": null, ""brake_values"": {""gm"": null, ""fcf_margin"": 1.1966147360295223, ""roic"": null}}",False,"{""floor"": false, ""mom_sector_pct"": 66.66666666666666, ""eps_rev_proxy"": null}"
F,37996,Ford Motor Company,Consumer Discretionary,Automobile Manufacturers,Consumer Durables and Apparel,69.54140999315537,5.9986310746064335,654961970.5385934,0.29792136458702334,-0.21115825610992112,0.2258646435444518,9.0,0.13324574356055613,0.24677735648354715,0.039700696966098556,0.03531394906663791,0.5843633148779162,0.03125951592536076,0.03841285877258203,0.6480181591880756,7,9,False,0.08052066341481323,-0.07617146693896004,-0.20695747901764305,False,0.08043779396505868,0.047650649685822784,0.012698763832487978,0.6036800262103844,1.2002471827261092,0.4062367396478301,1.5508184675126946,93.52226720647774,3.0935397175149353,10.557316499352309,247.0,shares_was_proxy;gm_derived,13.609999656677246,3991000000.0,54317508629.79889,27426508629.79889,10562000000.0,-26891000000.0,18919000000.0,9373000000.0,499000000.0,16009000000.0,-26922000000.0,189861000000.0,-7159000000.0,9546000000.0,9047000000.0,2411000000.0,8850000000.0,,-5918477228.325975,0.17328157168236133,-0.5603557307636788,,3.0315583762350933,0.3298633494374285,11.37557388212314,0.08790765286765118,,,-3.0420338983050845,483000000.0,170000000.0,0.061825411853815564,5.0,-0.36132902883366774,0.46524879216498705,91.49797570850203,1.8290253700800176,3.333426003212533,247.0,['fcf_cagr5 gate'],False,0.8,ig,Consumer Durables and Apparel,12.5,10.0,12.5,38.88888888888889,25.0,,80.0,,81.81818181818183,1.0,16.817741597099186,"{'profitability': 7.1, 'growth': 33.6, 'balance': 100.0, 'stability': 39.2}",,False,,,,,,False,"{""floor"": false, ""depressed_arms"": {""self_pct"": false, ""self_z"": false, ""median_ratio"": false}, ""yield_arm"": true, ""residual_arm"": false, ""brakes"": {""gm"": false, ""fcf_margin"": true, ""roic"": true}, ""self_pct"": 91.49797570850203, ""self_z"": 1.8290253700800176, ""median_ratio"": 3.333426003212533, ""fcf_yield"": 0.3298633494374285, ""yield_threshold"": 0.0495, ""gs10"": 0.0495, ""residual_pct"": null, ""brake_values"": {""gm"": 0.6036800262103844, ""fcf_margin"": 1.2002471827261092, ""roic"": 1.5508184675126946}}",False,"{""floor"": false, ""mom_sector_pct"": 81.81818181818183, ""eps_rev_proxy"": null}"
LMT,936468,Lockheed Martin,Industrials,Aerospace & Defense,Capital Goods,69.54140999315537,5.9986310746064335,608175131.0033504,0.21490782184773072,-0.1887660596138313,0.16715441152815713,10.0,0.11705843553120325,0.1263162897999264,0.08951085687827204,0.0882627162540143,0.12540478673707614,0.09310330997879919,0.09212532003374228,0.13245777240079795,8,9,False,0.027909621535260998,0.014855145283984017,-0.008085231686713157,False,0.11797854935466279,0.1088892928558444,,1.0078602948970241,1.2164925759109373,,0.9836659938643754,68.84615384615384,0.20789686691090675,1.0508969775842745,260.0,,538.0900268554688,230790753.0,124186202479.76385,141755202479.76385,26337000000.0,17569000000.0,10402000000.0,1673000000.0,343000000.0,,17569000000.0,77014000000.0,9153000000.0,8729000000.0,8386000000.0,,,6287000000.0,7754333782.509096,0.15280959439428649,0.2944273752708773,15.487294054382591,16.903792330045775,0.059158322610396864,,,19.75285549224811,1.3884205503419755,,11298000000.0,1887000000.0,0.5006264950449937,10.0,0.2993164113706995,0.30658781076846797,21.153846153846153,-0.6155446106419963,0.8168582007532781,260.0,[],True,0.9,ig,Capital Goods,86.8421052631579,40.476190476190474,6.0606060606060606,86.90476190476191,63.95348837209303,75.0,,83.33333333333334,61.53846153846154,0.7,34.97255773039259,"{'profitability': 67.7, 'growth': 17.8, 'balance': None, 'stability': 75.5}",70.59559804894185,False,-0.46574671095237985,26.93117953591578,,52.784077889667216,,False,"{""floor"": false, ""depressed_arms"": {""self_pct"": false, ""self_z"": false, ""median_ratio"": false}, ""yield_arm"": true, ""residual_arm"": false, ""brakes"": {""gm"": true, ""fcf_margin"": true, ""roic"": true}, ""self_pct"": 21.153846153846153, ""self_z"": -0.6155446106419963, ""median_ratio"": 0.8168582007532781, ""fcf_yield"": 0.059158322610396864, ""yield_threshold"": 0.0495, ""gs10"": 0.0495, ""residual_pct"": null, ""brake_values"": {""gm"": 1.0078602948970241, ""fcf_margin"": 1.2164925759109373, ""roic"": 0.9836659938643754}}",False,"{""floor"": false, ""mom_sector_pct"": 61.53846153846154, ""eps_rev_proxy"": null}"
CMI,26172,Cummins,Industrials,Construction Machinery & Heavy Transportation Equipment,Capital Goods,61.46748802190281,5.9986310746064335,601934215.6045297,0.4074992570412246,-0.26648155045029354,0.2546976702303838,10.0,0.2437919266134933,0.023525407145051417,,,0.5603613446144116,0.05604860718501113,0.0648182840014987,0.5276056727591492,6,9,False,0.11190413083747286,0.016919940129568323,0.045100113668253394,False,0.2531981099458338,0.09700933502362567,0.10161922323383658,1.0385828335786238,,1.8130552807209137,0.9995529185568636,34.61538461538461,-0.06599100573011706,0.759246185071491,260.0,sbc_unreported,523.8800048828125,137664487.0,72119672121.74988,71363672121.74988,12091000000.0,-756000000.0,4647000000.0,1280000000.0,,1120000000.0,-1815000000.0,34708000000.0,3893000000.0,3367000000.0,3367000000.0,3527000000.0,5013000000.0,,2860060031.185031,0.2653326403326403,0.23654453983831206,18.331279764127892,21.19503181519153,0.04718086807886981,20.233533348950914,0.049422905172014794,,,-0.3620586475164572,2222000000.0,2519000000.0,0.3921098337606484,10.0,0.23665034181464928,0.252821063904166,34.552845528455286,-0.17565256458878287,0.7317726596433529,246.0,[],True,0.8,ig,Capital Goods,76.31578947368422,,21.21212121212121,86.90476190476191,63.95348837209303,,92.10526315789474,71.42857142857143,78.46153846153847,1.0,41.34951588365143,"{'profitability': 69.4, 'growth': 53.7, 'balance': 100.0, 'stability': 56.0}",59.04274746404671,False,-0.23956998648784422,26.932582321351266,,50.19613167384907,,False,"{""floor"": false, ""depressed_arms"": {""self_pct"": false, ""self_z"": false, ""median_ratio"": true}, ""yield_arm"": false, ""residual_arm"": false, ""brakes"": {""gm"": true, ""fcf_margin"": false, ""roic"": true}, ""self_pct"": 34.552845528455286, ""self_z"": -0.17565256458878287, ""median_ratio"": 0.7317726596433529, ""fcf_yield"": 0.04718086807886981, ""yield_threshold"": 0.0495, ""gs10"": 0.0495, ""residual_pct"": null, ""brake_values"": {""gm"": 1.0385828335786238, ""fcf_margin"": null, ""roic"": 0.9995529185568636}}",False,"{""floor"": false, ""mom_sector_pct"": 78.46153846153847, ""eps_rev_proxy"": null}"
LOW,60667,Lowe's,Consumer Discretionary,Home Improvement Retail,Consumer Discretionary Distribution and Retail,42.55167693360712,5.9986310746064335,601049989.4349835,-0.1684417006786264,-0.3168585545209359,-0.252717335776667,10.0,0.33344918803430185,0.0024769973993624874,0.07900300700249838,0.08342857142857144,0.1016100183577127,0.07866094768509296,0.08312727272727273,0.10461578683148735,7,9,False,-0.007502609287254769,-0.03741252792524352,-0.044084943015242906,False,0.33082315994338285,0.07450902335456476,0.07228635881104034,0.9921246529151876,0.9431162962215919,0.918961199150914,,28.46153846153846,-0.35094952222962844,0.9294715630222949,260.0,ev_or_ic_nonpos,194.19000244140625,561054019.0,108951081319.37079,115859081319.37079,-529000000.0,6908000000.0,9263000000.0,2263000000.0,262000000.0,2464000000.0,6908000000.0,90432000000.0,10292000000.0,7000000000.0,6738000000.0,6537000000.0,12756000000.0,6643000000.0,7802094716.421316,0.2419262809540112,,11.257197951746093,17.194877013857344,0.05815685678903666,17.72358594452666,0.05642199062480449,16.400885340865692,1.053740779768177,0.5415490749451238,3957000000.0,5709000000.0,-18.272211720226842,6.0,-1.8871481937330075,-1.2449672419140838,21.53846153846154,-0.39869284782149544,0.9112758475791232,260.0,['rev_cagr5 gate'],False,1.0,ig,Consumer Discretionary Distribution and Retail,12.5,50.0,33.33333333333333,25.0,55.55555555555556,66.66666666666666,62.5,88.88888888888889,30.303030303030305,1.0,25.52380534473454,"{'profitability': 14.9, 'growth': 0.0, 'balance': 81.9, 'stability': 83.6}",71.70866041223842,False,,,,48.61623287848648,,False,"{""floor"": false, ""depressed_arms"": {""self_pct"": false, ""self_z"": false, ""median_ratio"": false}, ""yield_arm"": true, ""residual_arm"": false, ""brakes"": {""gm"": true, ""fcf_margin"": false, ""roic"": false}, ""self_pct"": 21.53846153846154, ""self_z"": -0.39869284782149544, ""median_ratio"": 0.9112758475791232, ""fcf_yield"": 0.05815685678903666, ""yield_threshold"": 0.0495, ""gs10"": 0.0495, ""residual_pct"": null, ""brake_values"": {""gm"": 0.9921246529151876, ""fcf_margin"": 0.9431162962215919, ""roic"": null}}",False,"{""floor"": false, ""mom_sector_pct"": 30.303030303030305, ""eps_rev_proxy"": null}"
RCL,884887,Royal Caribbean Group,Consumer Discretionary,"Hotels, Resorts & Cruise Lines",Consumer Services,11.786447638603697,5.9986310746064335,600010117.6971778,-0.09618837469395158,-0.2747923292191019,-0.22699342373726683,6.0,0.1746119317822866,2.7998895789112415,-0.5565378242521708,0.032661870503597125,,,,,7,9,False,0.52022825771937,,,,0.4906326945723156,-0.030350069585697463,,2.809846323583756,0.05453370510167815,,1.179325032433615,,,,,gm_derived,249.74000549316406,267452084.0,66793484927.31818,76456306927.31818,19898822000.0,9662822000.0,6786000000.0,7202000000.0,151000000.0,,9437822000.0,18682000000.0,5104000000.0,-416000000.0,-567000000.0,,,4398000000.0,5039521016.75698,0.012633029632253068,0.2532572539599068,14.979683959114062,,-0.00741600036395962,,,15.18724077474265,-0.09458844929513416,,808000000.0,390000000.0,0.06020456889357571,3.0,0.21474762851195797,0.22568721448521956,,,,,['fcf_cagr5 gate'],False,0.8,ig,Consumer Services,75.0,15.384615384615385,40.0,53.84615384615385,23.076923076923077,15.384615384615385,,61.53846153846153,42.42424242424242,0.7,37.037037037037045,"{'profitability': 50.0, 'growth': 100.0, 'balance': None, 'stability': 51.9}",,False,,,,,,False,"{""floor"": false, ""depressed_arms"": {""self_pct"": false, ""self_z"": false, ""median_ratio"": false}, ""yield_arm"": false, ""residual_arm"": false, ""brakes"": {""gm"": true, ""fcf_margin"": false, ""roic"": true}, ""self_pct"": null, ""self_z"": null, ""median_ratio"": null, ""fcf_yield"": -0.00741600036395962, ""yield_threshold"": 0.0495, ""gs10"": 0.0495, ""residual_pct"": null, ""brake_values"": {""gm"": 2.809846323583756, ""fcf_margin"": 0.05453370510167815, ""roic"": 1.179325032433615}}",False,"{""floor"": false, ""mom_sector_pct"": 42.42424242424242, ""eps_rev_proxy"": null}"
TGT,27419,Target Corporation,Consumer Staples,Consumer Staples Merchandise Retail,Consumer Staples Distribution and Retail,49.713894592744694,5.9986310746064335,599095247.7403672,0.9532424539645425,-0.033909577656942136,0.8870088272889958,9.0,,,0.02532634640431261,0.03318065020668082,0.7981763749446829,0.03690771201757144,0.03830490024961057,0.4358782256616723,6,9,False,0.02290831244420044,-0.18482759213389788,-0.16686354879050602,False,0.29303189266979246,0.038568311591848106,0.04872568590130449,,1.5228533550058618,1.320203373162406,0.9063930476274913,35.76923076923077,-0.06249915172007505,0.9074536116296686,260.0,,159.8300018310547,454296736.0,72610248146.72217,84190248146.72217,29423000000.0,11580000000.0,8723000000.0,4267000000.0,302000000.0,3173000000.0,11580000000.0,107705000000.0,6023000000.0,4456000000.0,4154000000.0,5248000000.0,9196000000.0,4393000000.0,4673677738.515902,0.22402826855123675,0.15884436456227785,13.978125211144308,20.26727206228266,0.04934063138477316,16.042349113323585,0.0623350104735892,16.528624663492412,1.0143409970407467,1.2592431491953022,631000000.0,37000000.0,0.022703327328960337,7.0,0.17524887793221422,0.15517606087705768,45.72649572649573,-0.010183953781339196,0.956799739339914,234.0,['fcf_cagr5 gate'],False,0.9,sector,Consumer Staples,62.5,22.22222222222222,,52.083333333333336,9.25925925925926,41.66666666666667,72.0,85.18518518518519,100.0,1.0,17.08585140791656,"{'profitability': 45.4, 'growth': 9.5, 'balance': 58.0, 'stability': 44.4}",60.2733567853335,False,-0.27402601709836105,26.65650973332753,,38.67960409662503,,False,"{""floor"": false, ""depressed_arms"": {""self_pct"": false, ""self_z"": false, ""median_ratio"": false}, ""yield_arm"": false, ""residual_arm"": false, ""brakes"": {""gm"": false, ""fcf_margin"": true, ""roic"": true}, ""self_pct"": 45.72649572649573, ""self_z"": -0.010183953781339196, ""median_ratio"": 0.956799739339914, ""fcf_yield"": 0.04934063138477316, ""yield_threshold"": 0.0495, ""gs10"": 0.0495, ""residual_pct"": null, ""brake_values"": {""gm"": null, ""fcf_margin"": 1.5228533550058618, ""roic"": 0.9063930476274913}}",False,"{""floor"": false, ""mom_sector_pct"": 100.0, ""eps_rev_proxy"": null}"
ORLY,898173,O'Reilly Automotive,Consumer Discretionary,Automotive Retail,Consumer Discretionary Distribution and Retail,17.478439425051334,5.9986310746064335,592120973.1349577,-0.1425959747070854,-0.19990574353915758,-0.18320023919579587,10.0,0.5158929378182571,0.0108552076334035,0.14335644687557894,0.12650375500007904,0.19235533434112342,0.1695985137681996,0.16427213078467645,0.08450450532450492,9,9,False,0.08910774866946913,-0.07643881962372256,-0.023799061709067426,False,0.5163568171154846,0.11427847165081478,0.1463400687530347,1.0008991774517972,0.7971631143313608,0.8628617403631639,0.9413561323683274,78.07692307692308,1.7426735499097994,6.331846617631112,260.0,,84.88999938964844,808960792.0,68672681139.12952,78297813139.12952,7789407000.0,9625132000.0,3289439000.0,1133180000.0,33815000.0,537714000.0,9625132000.0,18572562000.0,3632030000.0,2156259000.0,2122444000.0,2717910000.0,4169744000.0,2650374000.0,2832471895.6995807,0.2201408315185776,0.3636312617506802,21.557589870989368,36.8904023564954,0.027107321582897487,28.808096345769183,0.034712463746215644,25.910562486324388,0.81356782099432,2.3083268421274785,955211000.0,32591000.0,0.1268135045453396,7.0,0.3862844775184415,0.39560214787347137,78.07692307692308,1.5630127610460214,6.221176231176717,260.0,['fcf_cagr5 gate'],False,1.0,ig,Consumer Discretionary Distribution and Retail,75.0,100.0,88.88888888888889,50.0,55.55555555555556,33.33333333333333,12.5,11.111111111111114,36.36363636363637,1.0,42.14579615193188,"{'profitability': 72.9, 'growth': 37.1, 'balance': 23.1, 'stability': 89.3}",19.22924288837136,False,0.2537040052746873,28.624053997335608,,30.68751952015162,,False,"{""floor"": false, ""depressed_arms"": {""self_pct"": false, ""self_z"": false, ""median_ratio"": false}, ""yield_arm"": false, ""residual_arm"": false, ""brakes"": {""gm"": true, ""fcf_margin"": false, ""roic"": true}, ""self_pct"": 78.07692307692308, ""self_z"": 1.5630127610460214, ""median_ratio"": 6.221176231176717, ""fcf_yield"": 0.027107321582897487, ""yield_threshold"": 0.0495, ""gs10"": 0.0495, ""residual_pct"": null, ""brake_values"": {""gm"": 1.0008991774517972, ""fcf_margin"": 0.7971631143313608, ""roic"": 0.9413561323683274}}",False,"{""floor"": false, ""mom_sector_pct"": 36.36363636363637, ""eps_rev_proxy"": null}"
ROST,745732,Ross Stores,Consumer Discretionary,Apparel Retail,Consumer Discretionary Distribution and Retail,16.7419575633128,5.9986310746064335,585465227.7621784,0.6456726262611592,-0.09915165407598325,0.5829101665490999,10.0,0.27155098618562346,0.03266644131950052,0.06848333640072797,0.07007291656165805,0.2686417432943078,0.0820247327056348,0.08300836864817389,0.2593256093226849,7,9,False,0.12667161297888763,0.03704410586443574,0.05641033216438118,False,0.2966845190222276,0.10573251297191663,0.11921757024923263,1.0925554835563134,1.5439159148617752,1.4534344254076772,1.1989407724381362,40.89068825910931,-0.012162618301402965,0.951288288582463,247.0,gm_derived,229.47999572753906,319453110.0,73308098317.94907,73759125317.94907,7194211000.0,451027000.0,3660573000.0,870387000.0,198492000.0,539844000.0,451027000.0,24511798000.0,3370257000.0,2790186000.0,2591694000.0,2922237000.0,3910101000.0,2659063000.0,2558376910.8668685,0.24089560206629088,0.3556160516930722,21.8853118079568,28.459812507938462,0.035137265915615716,25.240637675160865,0.039618650402960816,27.569146845316965,1.0493117312376579,0.11534919430469955,2889000.0,,0.0004015728757469026,4.0,0.29660852301310947,0.30185517711715315,38.99082568807339,-0.33002060002527556,0.9316830725290967,218.0,[],True,1.0,ig,Consumer Discretionary Distribution and Retail,50.0,37.5,22.22222222222222,12.5,55.55555555555556,55.55555555555556,87.5,0.0,100.0,1.0,53.48052949534306,"{'profitability': 64.0, 'growth': 65.4, 'balance': 96.2, 'stability': 72.2}",33.15721352995898,False,-0.0058129788064520405,28.62573056675513,,43.31887151265102,,False,"{""floor"": false, ""depressed_arms"": {""self_pct"": false, ""self_z"": false, ""median_ratio"": false}, ""yield_arm"": false, ""residual_arm"": false, ""brakes"": {""gm"": true, ""fcf_margin"": true, ""roic"": true}, ""self_pct"": 38.99082568807339, ""self_z"": -0.33002060002527556, ""median_ratio"": 0.9316830725290967, ""fcf_yield"": 0.035137265915615716, ""yield_threshold"": 0.0495, ""gs10"": 0.0495, ""residual_pct"": null, ""brake_values"": {""gm"": 1.0925554835563134, ""fcf_margin"": 1.5439159148617752, ""roic"": 1.1989407724381362}}",False,"{""floor"": false, ""mom_sector_pct"": 100.0, ""eps_rev_proxy"": null}"
PH,76334,Parker Hannifin,Industrials,Industrial Machinery & Supplies & Components,Capital Goods,40.799452429842574,5.9986310746064335,578813942.8986347,0.33396501716532745,-0.13662404787719884,0.23464213423730707,10.0,,,0.14703505531196595,0.14194681384846963,0.1948327902266329,0.12365674814160402,0.11550426492724536,0.22138268026036703,7,9,False,0.0842453236413565,0.10549393088640535,0.11811683343024781,False,0.3768547374296479,0.17331038652960604,0.1510767942695009,,1.1787011346504506,1.2217432250158897,1.1157765075840544,73.46153846153847,0.744204426516591,1.145458563889267,260.0,,925.2899780273438,126047469.0,116630459821.4123,125935775821.4123,24709316000.0,9305316000.0,4364000000.0,459000000.0,179000000.0,937000000.0,9296316000.0,21499000000.0,5068000000.0,3905000000.0,3726000000.0,3248000000.0,6005000000.0,,4052845058.0758276,0.20030681569143108,0.16402093275571966,24.849205963183167,33.79918835786696,0.029586509279807723,38.773329994277184,0.025790923816643985,,,1.5480959200666111,11109000000.0,7280000000.0,0.7442132352024637,10.0,0.14700160080522534,0.14611933141342798,79.61538461538461,1.0123589550020713,1.2096821445281023,260.0,[],True,0.8,ig,Capital Goods,57.89473684210527,85.71428571428571,,86.90476190476191,63.95348837209303,,50.0,35.71428571428571,72.3076923076923,1.0,46.35302419005974,"{'profitability': 64.9, 'growth': 79.1, 'balance': 48.4, 'stability': 72.2}",26.678846093164736,False,0.22699442591697983,26.935425766804084,,36.51593514161224,,False,"{""floor"": false, ""depressed_arms"": {""self_pct"": false, ""self_z"": false, ""median_ratio"": false}, ""yield_arm"": false, ""residual_arm"": false, ""brakes"": {""gm"": false, ""fcf_margin"": true, ""roic"": true}, ""self_pct"": 79.61538461538461, ""self_z"": 1.0123589550020713, ""median_ratio"": 1.2096821445281023, ""fcf_yield"": 0.029586509279807723, ""yield_threshold"": 0.0495, ""gs10"": 0.0495, ""residual_pct"": null, ""brake_values"": {""gm"": null, ""fcf_margin"": 1.1787011346504506, ""roic"": 1.1157765075840544}}",False,"{""floor"": false, ""mom_sector_pct"": 72.3076923076923, ""eps_rev_proxy"": null}"
CMG,1058090,Chipotle Mexican Grill,Consumer Discretionary,Restaurants,Consumer Services,15.392197125256674,5.9986310746064335,566333758.0544603,-0.06154624078656501,-0.1994744903743142,-0.14776198927732442,10.0,,,0.10377713607376786,0.11130156673925501,0.2446467031958324,0.12778409252233064,0.13574905266587173,0.2608102282131376,9,9,True,0.14785897917720714,0.1457820899098703,0.17682451652961562,True,,0.11832763336764662,0.14893600238059995,,1.1402090850101687,1.1655285054716256,1.057928426396366,58.46153846153847,0.9717512705108665,4.268388708428802,260.0,,33.5099983215332,1265418000.0,42404155056.0379,47145494056.0379,6941130000.0,4741339000.0,2327527000.0,758542000.0,98911000.0,378271000.0,4741339000.0,12423759000.0,1820149000.0,1568985000.0,1470074000.0,1850345000.0,2198420000.0,1419645000.0,1381802784.2685463,0.24082985279307004,0.19907461526704534,25.901997065096264,32.07015024824458,0.03118164374844913,25.479299296097704,0.03924754713145332,29.869548412481926,1.1051953129127352,2.156702995787884,21939000.0,,0.0031607245506135168,7.0,0.18817399202057133,0.20301174370634995,59.61538461538461,0.9371202424688657,3.431557818180055,260.0,[],True,0.9,ig,Consumer Services,66.66666666666666,69.23076923076923,,76.92307692307693,80.76923076923077,46.15384615384615,55.55555555555556,15.384615384615387,45.45454545454545,1.0,56.277117471033804,"{'profitability': 72.0, 'growth': 100.0, 'balance': 28.1, 'stability': 83.7}",29.159751157640876,False,0.3000749949870052,23.7563699684353,,42.718434314337344,,False,"{""floor"": false, ""depressed_arms"": {""self_pct"": false, ""self_z"": false, ""median_ratio"": false}, ""yield_arm"": false, ""residual_arm"": false, ""brakes"": {""gm"": false, ""fcf_margin"": true, ""roic"": true}, ""self_pct"": 59.61538461538461, ""self_z"": 0.9371202424688657, ""median_ratio"": 3.431557818180055, ""fcf_yield"": 0.03118164374844913, ""yield_threshold"": 0.0495, ""gs10"": 0.0495, ""residual_pct"": null, ""brake_values"": {""gm"": null, ""fcf_margin"": 1.1402090850101687, ""roic"": 1.057928426396366}}",False,"{""floor"": false, ""mom_sector_pct"": 45.45454545454545, ""eps_rev_proxy"": null}"
MO,764180,Altria,Consumer Staples,Tobacco,Food Beverage and Tobacco,69.54140999315537,5.9986310746064335,555577965.2706912,0.070280842946842,-0.04577297594951968,0.14676957115695122,10.0,0.5823659762021322,0.049983996525152244,0.351410809425052,0.35852277458572734,0.049232968819262035,0.34841730597675674,0.3525272712132567,0.048818545350079526,1,9,False,-0.023013503096606436,0.02161112490938999,0.021134802953271192,False,0.6296201560301828,0.3884554717142005,0.39101334356482076,1.081141724893024,1.1054169686748048,1.1222558031916636,0.9899827182641115,94.61538461538461,2.076398704006316,1.3575642201729345,260.0,sbc_unreported,69.69999694824219,1669743926.0,116381146546.54593,138641146546.54593,19592000000.0,22260000000.0,9408000000.0,296000000.0,,236000000.0,22210000000.0,23457000000.0,10973000000.0,9112000000.0,9112000000.0,9172000000.0,11209000000.0,7973000000.0,8431739494.988435,0.23159213569776407,0.4303664503362819,12.63475317110598,15.21522679395807,0.06572363419499587,15.115694128493887,0.06615640614974783,14.596907882421414,1.1428571428571428,1.9814434829155143,5787000000.0,11089000000.0,0.8613719885667619,10.0,0.43472117482102046,0.45077984625148976,94.61538461538461,2.214584267334828,1.381644402785808,260.0,['rev_cagr5 gate'],False,1.0,ig,Food Beverage and Tobacco,100.0,100.0,78.57142857142857,81.81818181818183,53.57142857142857,46.15384615384615,53.84615384615385,85.71428571428572,51.85185185185185,1.0,25.436249765808633,"{'profitability': 100.0, 'growth': 9.0, 'balance': 34.0, 'stability': 48.1}",47.45669242848068,False,-0.29495448139229463,20.4350419645257,,36.44647109714465,,False,"{""floor"": false, ""depressed_arms"": {""self_pct"": false, ""self_z"": false, ""median_ratio"": false}, ""yield_arm"": true, ""residual_arm"": false, ""brakes"": {""gm"": true, ""fcf_margin"": true, ""roic"": true}, ""self_pct"": 94.61538461538461, ""self_z"": 2.214584267334828, ""median_ratio"": 1.381644402785808, ""fcf_yield"": 0.06572363419499587, ""yield_threshold"": 0.0495, ""gs10"": 0.0495, ""residual_pct"": null, ""brake_values"": {""gm"": 1.081141724893024, ""fcf_margin"": 1.1054169686748048, ""roic"": 0.9899827182641115}}",False,"{""floor"": false, ""mom_sector_pct"": 51.85185185185185, ""eps_rev_proxy"": null}"
MAR,1048286,Marriott International,Consumer Discretionary,"Hotels, Resorts & Cruise Lines",Consumer Services,28.306639288158795,5.9986310746064335,541139293.1048247,0.33829020650454944,-0.16858264558239033,0.254212830327061,10.0,,,0.08277690059028317,0.0885283781832186,0.29572841680558226,0.08854513580225425,0.08953930582968277,0.3161661447067047,8,9,False,0.1989211404768092,0.11637974983456112,,False,,0.10715878679750224,,,1.2945493976381275,,,37.79527559055118,-0.06616417050173318,0.9365224279421439,254.0,ev_or_ic_nonpos,334.0,260766288.0,87095940192.0,90238940192.0,-1382000000.0,3143000000.0,3728000000.0,596000000.0,249000000.0,,3143000000.0,26904000000.0,4250000000.0,3132000000.0,2883000000.0,,,2587000000.0,3161227717.0787807,0.25618171362852216,,21.232691809882354,31.30036080194242,0.03194851351163794,,,33.666772397371474,1.210668728256668,,8876000000.0,10794000000.0,-14.232995658465992,8.0,2.7542213482599407,0.6779194338937296,42.91338582677165,-0.08359414187646369,0.9397324893295689,254.0,[],True,0.8,ig,Consumer Services,100.0,46.15384615384615,,92.3076923076923,80.76923076923077,53.84615384615385,,30.769230769230774,90.9090909090909,0.7,58.95751638255182,"{'profitability': 67.7, 'growth': 98.5, 'balance': None, 'stability': 72.9}",40.08114606907074,False,0.27613901501030247,23.74781698150789,,49.519331225811285,,False,"{""floor"": false, ""depressed_arms"": {""self_pct"": false, ""self_z"": false, ""median_ratio"": false}, ""yield_arm"": false, ""residual_arm"": false, ""brakes"": {""gm"": false, ""fcf_margin"": true, ""roic"": false}, ""self_pct"": 42.91338582677165, ""self_z"": -0.08359414187646369, ""median_ratio"": 0.9397324893295689, ""fcf_yield"": 0.03194851351163794, ""yield_threshold"": 0.0495, ""gs10"": 0.0495, ""residual_pct"": null, ""brake_values"": {""gm"": null, ""fcf_margin"": 1.2945493976381275, ""roic"": null}}",False,"{""floor"": false, ""mom_sector_pct"": 90.9090909090909, ""eps_rev_proxy"": null}"
CSX,277948,CSX Corporation,Industrials,Rail Transportation,Transportation,69.54140999315537,5.9986310746064335,539417428.2709844,0.5800631224526376,-0.09766798657844966,0.4710645411848229,10.0,,,0.20490478562937744,0.22221464146824044,0.21961645189638335,0.25725104914272806,0.266562052261718,0.10477196356120543,4,9,False,0.05894344821402786,-0.08287617441838413,0.0036537579282582833,False,,0.19266813671444322,0.2527563395810364,,0.9402812927118875,0.9825279252439592,0.8673858676634922,86.92307692307692,1.623086690921998,1.3528045797366033,260.0,sbc_unreported,47.900001525878906,1852474917.0,88733551350.9524,97741551350.9524,23096000000.0,9008000000.0,5322000000.0,2526000000.0,,1654000000.0,9002000000.0,14512000000.0,4956000000.0,2796000000.0,2796000000.0,3668000000.0,6610000000.0,3223000000.0,3802234706.0223756,0.23280171387764817,0.16462741193377103,19.72186266161267,34.957636391613875,0.028606053017929265,26.6470968786675,0.03752754022523768,27.531353196075827,0.867514737821905,1.361875945537065,80000000.0,187000000.0,0.011560443366816765,9.0,0.18979720337989098,0.1980238448790183,78.46153846153847,1.0592458223421162,1.4529577608273427,260.0,['fcf_cagr5 gate'],False,0.9,ig,Transportation,63.63636363636363,88.88888888888889,,86.36363636363636,77.27272727272727,27.27272727272727,66.66666666666667,45.45454545454546,90.76923076923077,1.0,26.879213804543408,"{'profitability': 79.7, 'growth': 24.6, 'balance': 54.6, 'stability': 48.3}",29.72872806494917,False,0.26084317256661027,26.931423562166916,,28.30397093474629,,False,"{""floor"": false, ""depressed_arms"": {""self_pct"": false, ""self_z"": false, ""median_ratio"": false}, ""yield_arm"": false, ""residual_arm"": false, ""brakes"": {""gm"": false, ""fcf_margin"": false, ""roic"": false}, ""self_pct"": 78.46153846153847, ""self_z"": 1.0592458223421162, ""median_ratio"": 1.4529577608273427, ""fcf_yield"": 0.028606053017929265, ""yield_threshold"": 0.0495, ""gs10"": 0.0495, ""residual_pct"": null, ""brake_values"": {""gm"": null, ""fcf_margin"": 0.9402812927118875, ""roic"": 0.8673858676634922}}",False,"{""floor"": false, ""mom_sector_pct"": 90.76923076923077, ""eps_rev_proxy"": null}"
REGN,872589,Regeneron Pharmaceuticals,Health Care,Biotechnology,Pharmaceuticals Biotechnology and Life Sciences,13.382614647501711,5.9986310746064335,531968817.4037898,0.4160996186195567,-0.053462624088806754,0.3403912170369967,10.0,,,0.26095768201918196,0.22797548257250022,0.22989873469777575,0.2816783246475902,0.2506632513036319,0.2923448028225207,7,9,False,0.11038413551359794,0.15288186330766362,0.12029842228815468,False,,0.17854866846479173,0.2038018114286082,,0.6842054507966825,0.7235267807119562,0.5066601667557883,76.53846153846153,0.39239128379018723,1.1465911734960752,260.0,shares_was_proxy;gm_derived,789.4500122070312,102800000.0,81155461254.88281,77634261254.88281,28190200000.0,-3521200000.0,4681300000.0,920900000.0,986700000.0,528600000.0,-3521200000.0,15534700000.0,3843100000.0,3760400000.0,2773700000.0,3166000000.0,4371700000.0,4328700000.0,3220214279.907085,0.16207897793263648,0.11423169328018548,20.200947478567514,27.989422524023077,0.03572778249146472,24.521244868882757,0.04078096382737041,18.748229550415324,0.8687134705569801,-0.8054532561703686,,915500000.0,0.03247582493206859,7.0,0.22546018174593446,0.19621632451876092,77.6923076923077,0.4588548034245616,1.1832444368723654,260.0,[],True,0.9,ig,Pharmaceuticals Biotechnology and Life Sciences,90.9090909090909,72.72727272727273,,86.36363636363636,63.63636363636363,25.0,81.81818181818181,88.88888888888889,82.92682926829268,1.0,59.03406806530855,"{'profitability': 64.3, 'growth': 96.0, 'balance': 100.0, 'stability': 69.9}",45.317490865582876,False,-0.1966349462808341,34.07151227862091,,52.175779465445714,,False,"{""floor"": false, ""depressed_arms"": {""self_pct"": false, ""self_z"": false, ""median_ratio"": false}, ""yield_arm"": false, ""residual_arm"": false, ""brakes"": {""gm"": false, ""fcf_margin"": false, ""roic"": false}, ""self_pct"": 77.6923076923077, ""self_z"": 0.4588548034245616, ""median_ratio"": 1.1832444368723654, ""fcf_yield"": 0.03572778249146472, ""yield_threshold"": 0.0495, ""gs10"": 0.0495, ""residual_pct"": null, ""brake_values"": {""gm"": null, ""fcf_margin"": 0.6842054507966825, ""roic"": 0.5066601667557883}}",False,"{""floor"": false, ""mom_sector_pct"": 82.92682926829268, ""eps_rev_proxy"": null}"
FERG,2011641,Ferguson Enterprises,Industrials,Trading Companies & Distributors,Capital Goods,0.12046543463381246,5.9986310746064335,531256185.8480035,0.07615961535632709,-0.18307957062313862,-0.0481425526501974,4.0,0.3055589452508955,0.0041359515992652855,0.05082573390328545,0.05009782567167161,0.32312704454435554,0.05149791265831892,0.049616827788172876,0.3602387430003011,2,3,False,,,,False,0.30837004405286345,0.036171530837004404,0.038443006607929514,1.0091998576564654,0.7116774920719093,0.7464964039026827,,,,,,,214.25999450683594,193452717.0,41449178081.75249,47899178081.75249,12651000000.0,6450000000.0,1575000000.0,419000000.0,105000000.0,353000000.0,6450000000.0,29056000000.0,2604000000.0,1156000000.0,1051000000.0,1117000000.0,2957000000.0,1866000000.0,2017046077.2104607,0.22540473225404734,0.15943767901434358,18.394461628937208,45.5748602109919,0.021941921387590272,42.881985749106974,0.023319815594613064,22.212849990221056,0.6195069667738478,2.181264795400744,2713000000.0,685000000.0,0.26859536795510236,2.0,,,,,,,"['tenure<1y', 'rev_cagr5 gate', 'fcf_cagr5 gate']",False,0.8,ig,Capital Goods,,14.285714285714285,30.303030303030305,15.476190476190476,4.651162790697675,10.0,31.578947368421055,69.04761904761905,49.23076923076923,0.7,25.77528548923823,"{'profitability': 47.1, 'growth': None, 'balance': 27.3, 'stability': 66.8}",,False,,,,,,False,"{""floor"": false, ""depressed_arms"": {""self_pct"": false, ""self_z"": false, ""median_ratio"": false}, ""yield_arm"": false, ""residual_arm"": false, ""brakes"": {""gm"": true, ""fcf_margin"": false, ""roic"": false}, ""self_pct"": null, ""self_z"": null, ""median_ratio"": null, ""fcf_yield"": 0.021941921387590272, ""yield_threshold"": 0.0495, ""gs10"": 0.0495, ""residual_pct"": null, ""brake_values"": {""gm"": 1.0091998576564654, ""fcf_margin"": 0.7116774920719093, ""roic"": null}}",False,"{""floor"": false, ""mom_sector_pct"": 49.23076923076923, ""eps_rev_proxy"": null}"
GM,1467858,General Motors,Consumer Discretionary,Automobile Manufacturers,Consumer Durables and Apparel,13.284052019164955,5.9986310746064335,528458376.25297195,0.5006032681968944,-0.02319224924397878,0.48130403523308063,10.0,,,0.06735928063476104,0.06317471996346523,0.37226509816747677,0.05164806823071536,0.050540190902416,0.5018591228874549,4,9,False,0.09099442238405597,0.09086898109859298,,False,,0.08552318950769816,0.06577884432617373,,1.2696571088908506,1.2735973789442665,0.23488462929803205,67.3076923076923,0.028428913184878547,1.2280303618375161,260.0,sbc_unreported;gm_derived,86.62000274658203,877451541.0,76004854891.41263,51763854891.41263,37759000000.0,-24241000000.0,23202000000.0,8804000000.0,,12128000000.0,-25882000000.0,168352000000.0,1815000000.0,14398000000.0,14398000000.0,11074000000.0,13943000000.0,2032000000.0,1535131949.026476,0.1541972732636496,0.04065605415997447,28.52003024320255,3.5952114801647888,0.27814775445536916,4.674359300290106,0.21393306242802876,37.40396402136448,7.085629921259843,-1.856271964426594,1900000000.0,2550000000.0,0.1178526973701634,9.0,0.17308946218182825,0.18397730093493642,64.23076923076924,0.1314947545139787,1.0855792758015295,260.0,[],True,0.9,ig,Consumer Durables and Apparel,37.5,40.0,,88.88888888888889,70.0,100.0,70.0,11.111111111111114,96.96969696969697,1.0,23.593818566399626,"{'profitability': 22.8, 'growth': 75.8, 'balance': 100.0, 'stability': 38.1}",47.426160337552744,False,-1.2909387824545102,28.62914927204176,,35.50998945197618,,False,"{""floor"": false, ""depressed_arms"": {""self_pct"": false, ""self_z"": false, ""median_ratio"": false}, ""yield_arm"": true, ""residual_arm"": false, ""brakes"": {""gm"": false, ""fcf_margin"": true, ""roic"": false}, ""self_pct"": 64.23076923076924, ""self_z"": 0.1314947545139787, ""median_ratio"": 1.0855792758015295, ""fcf_yield"": 0.27814775445536916, ""yield_threshold"": 0.0495, ""gs10"": 0.0495, ""residual_pct"": null, ""brake_values"": {""gm"": null, ""fcf_margin"": 1.2696571088908506, ""roic"": 0.23488462929803205}}",False,"{""floor"": false, ""mom_sector_pct"": 96.96969696969697, ""eps_rev_proxy"": null}"
FDX,1048911,FedEx,Industrials,Air Freight & Logistics,Transportation,45.713894592744694,5.9986310746064335,523641844.68470746,0.7633848465696187,-0.08890188557610723,0.6657489024305323,7.0,,,0.03532526732430481,0.03215203694015422,0.2576598765784919,0.046100894346754726,0.04623099662162162,0.23546210344111032,6,9,False,0.024412540775736513,,-0.06542743769998727,False,,0.05214315878378378,0.04623099662162162,,1.4760867428144775,1.002822120410253,0.7061930382033119,84.23076923076923,1.659323112666707,1.6687856398708591,260.0,gm_derived,305.8800048828125,236581188.0,72365454940.62158,101835454940.62158,61117000000.0,29470000000.0,8925000000.0,3809000000.0,177000000.0,4369000000.0,29470000000.0,94720000000.0,5463000000.0,5116000000.0,4939000000.0,4379000000.0,9832000000.0,4433.0,4180472812.0145,0.23476609701363715,0.0684011455407579,18.64093994885989,20.618638376315364,0.04849980788007322,23.255413322818356,0.043000740778870346,16324262.337158037,1154071.734716896,2.9973555736371034,6733000000.0,153000000.0,0.11266914279169461,3.0,0.09685899157938924,0.09329093491793942,57.692307692307686,0.10610210992859245,1.022591852112092,260.0,['fcf_cagr5 gate'],False,0.9,ig,Transportation,18.181818181818183,33.33333333333333,,9.090909090909092,18.181818181818183,100.0,0.0,63.63636363636363,95.38461538461539,1.0,9.418435675631308,"{'profitability': 23.5, 'growth': 20.3, 'balance': 0.1, 'stability': 60.6}",49.50583035788465,False,-0.26724747720072806,26.935440750448553,,29.462133016757978,,False,"{""floor"": false, ""depressed_arms"": {""self_pct"": false, ""self_z"": false, ""median_ratio"": false}, ""yield_arm"": false, ""residual_arm"": false, ""brakes"": {""gm"": false, ""fcf_margin"": true, ""roic"": false}, ""self_pct"": 57.692307692307686, ""self_z"": 0.10610210992859245, ""median_ratio"": 1.022591852112092, ""fcf_yield"": 0.04849980788007322, ""yield_threshold"": 0.0495, ""gs10"": 0.0495, ""residual_pct"": null, ""brake_values"": {""gm"": null, ""fcf_margin"": 1.4760867428144775, ""roic"": 0.7061930382033119}}",False,"{""floor"": false, ""mom_sector_pct"": 95.38461538461539, ""eps_rev_proxy"": null}"
MMM,66740,3M,Industrials,Industrial Conglomerates,Capital Goods,69.54140999315537,5.9986310746064335,518300218.3963858,0.15880661189928702,-0.0955109185380949,0.07120348145956856,10.0,0.41296647974872014,0.0693256455399355,0.1100731211136183,0.13680669699170522,0.6045497957022045,0.09998630040882629,0.1336722602347005,0.7120790645005475,5,9,False,-0.04965970683619114,-0.2673264480198516,-0.334912769173619,False,0.3940428911834789,0.14964257347100873,0.13077839555202542,0.9541764537965508,1.3594833321437896,1.3079631411232908,3.1962386385818986,69.23076923076923,0.07036725499639694,1.8333275564509721,234.0,gm_derived,164.7100067138672,515722417.0,84944642766.56181,94455642766.56181,12463000000.0,9511000000.0,4899000000.0,914000000.0,217000000.0,1389000000.0,9458000000.0,25180000000.0,4624000000.0,3985000000.0,3768000000.0,3293000000.0,6013000000.0,2997000000.0,3561297463.4896235,0.22982321291314373,0.28574961594235926,20.427258383772017,25.067845744841247,0.039891740605823366,28.683766403450292,0.034862925110131726,28.343224146333604,1.329662996329663,1.5729253284550142,6374000000.0,474000000.0,0.5494664206049907,9.0,0.0894018401795994,0.24317489092309505,69.23076923076923,0.1734317099391499,1.7102721329531987,234.0,"['rev_cagr5 gate', 'fcf_cagr5 gate']",False,1.0,ig,Capital Goods,21.052631578947366,59.523809523809526,72.72727272727273,69.04761904761905,63.95348837209303,70.0,47.36842105263158,59.523809523809526,56.92307692307692,1.0,20.729042660302106,"{'profitability': 77.4, 'growth': 0.0, 'balance': 47.6, 'stability': 45.8}",42.1453401443751,False,-0.07196664725061686,26.938395909310042,,31.437191402338602,,False,"{""floor"": false, ""depressed_arms"": {""self_pct"": false, ""self_z"": false, ""median_ratio"": false}, ""yield_arm"": false, ""residual_arm"": false, ""brakes"": {""gm"": false, ""fcf_margin"": true, ""roic"": true}, ""self_pct"": 69.23076923076923, ""self_z"": 0.1734317099391499, ""median_ratio"": 1.7102721329531987, ""fcf_yield"": 0.039891740605823366, ""yield_threshold"": 0.0495, ""gs10"": 0.0495, ""residual_pct"": null, ""brake_values"": {""gm"": 0.9541764537965508, ""fcf_margin"": 1.3594833321437896, ""roic"": 3.1962386385818986}}",False,"{""floor"": false, ""mom_sector_pct"": 56.92307692307692, ""eps_rev_proxy"": null}"
AXON,1069183,Axon Enterprise,Industrials,Aerospace & Defense,Capital Goods,3.375770020533881,5.9986310746064335,512055885.0912485,-0.18950850676522268,-0.383789669844553,-0.41448364447316366,9.0,0.6093822655525591,0.0207218869544195,-0.0860343916390448,-0.025486836658942073,0.5984350035736433,-0.06141784676480894,-0.010908387218214802,,9,9,False,0.3248437327961291,,,False,0.5940718194749525,-0.15540155801359323,-0.14818152532742856,0.9748754649698841,1.8062725272188438,2.412678612698179,0.034712620100238116,,,,,,453.5,81237415.0,36841167702.5,38008225702.5,4841595000.0,1167058000.0,265809000.0,132617000.0,633445000.0,109375000.0,1167058000.0,3219099000.0,23774000.0,133192000.0,-500253000.0,-477011000.0,133149000.0,199298000.0,20647919.84791281,0.13149155178292202,0.004264693731696437,1598.7307858374695,,-0.01316170357215848,,-0.012550204361910651,184.85467843380266,0.6683057531937099,8.76505268533748,1898827000.0,281583000.0,0.4503495232459551,3.0,0.12285715452712781,0.11062519310999416,,,,,['fcf_cagr5 gate'],False,0.9,ig,Capital Goods,34.21052631578947,2.380952380952381,96.96969696969697,27.380952380952383,22.093023255813954,12.5,0.0,0.0,16.923076923076923,1.0,22.189358171104303,"{'profitability': 1.1, 'growth': 100.0, 'balance': 0.0, 'stability': 72.9}",,False,,,,,,False,"{""floor"": false, ""depressed_arms"": {""self_pct"": false, ""self_z"": false, ""median_ratio"": false}, ""yield_arm"": false, ""residual_arm"": false, ""brakes"": {""gm"": true, ""fcf_margin"": true, ""roic"": false}, ""self_pct"": null, ""self_z"": null, ""median_ratio"": null, ""fcf_yield"": -0.01316170357215848, ""yield_threshold"": 0.0495, ""gs10"": 0.0495, ""residual_pct"": null, ""brake_values"": {""gm"": 0.9748754649698841, ""fcf_margin"": 1.8062725272188438, ""roic"": 0.034712620100238116}}",False,"{""floor"": false, ""mom_sector_pct"": 16.923076923076923, ""eps_rev_proxy"": null}"
TT,1466258,Trane Technologies,Industrials,Building Products,Capital Goods,15.835728952772074,5.9986310746064335,510042625.72404414,0.12045645958172213,-0.12577350553072053,0.04855032576719731,10.0,,,0.10843753475390101,0.11452912160021722,0.32914746735622985,0.10639678746575983,0.11184776213965697,0.3527954919317759,7,9,False,0.11352129327156257,0.16882774497590503,0.22247837793850223,True,,0.1555927761943998,0.1528957807104039,,1.434860876794346,1.4370338085593815,1.2191842829141593,4.230769230769231,-0.976478455712714,0.8075212165271616,260.0,gm_derived,423.3299865722656,220023177.0,93142408564.99722,96463308564.99722,11943800000.0,3320900000.0,3876800000.0,330300000.0,90800000.0,390200000.0,3298700000.0,22209900000.0,3984700000.0,3546500000.0,3455700000.0,3395800000.0,4374900000.0,2949000000.0,3216920040.232697,0.19268199858641874,0.2693380699804666,24.208424364443303,27.91426008189288,0.03582398376551164,28.406651912655995,0.035203022273612994,31.58440439640462,1.202611054594778,0.7540058058469908,7031900000.0,3489500000.0,0.8809089234581959,10.0,0.22091661921418507,0.20922573048228546,6.538461538461539,-0.9977695209459574,0.8018787179205724,260.0,[],True,0.9,ig,Capital Goods,73.68421052631578,57.14285714285714,,86.90476190476191,63.95348837209303,50.0,78.94736842105263,40.476190476190474,53.84615384615385,1.0,51.10741580955252,"{'profitability': 72.9, 'growth': 97.3, 'balance': 74.9, 'stability': 63.2}",54.620010078417806,False,0.03578562581639222,26.932993157355583,,52.86371294398516,,False,"{""floor"": false, ""depressed_arms"": {""self_pct"": true, ""self_z"": false, ""median_ratio"": false}, ""yield_arm"": false, ""residual_arm"": false, ""brakes"": {""gm"": false, ""fcf_margin"": true, ""roic"": true}, ""self_pct"": 6.538461538461539, ""self_z"": -0.9977695209459574, ""median_ratio"": 0.8018787179205724, ""fcf_yield"": 0.03582398376551164, ""yield_threshold"": 0.0495, ""gs10"": 0.0495, ""residual_pct"": null, ""brake_values"": {""gm"": null, ""fcf_margin"": 1.434860876794346, ""roic"": 1.2191842829141593}}",False,"{""floor"": false, ""mom_sector_pct"": 53.84615384615385, ""eps_rev_proxy"": null}"
WMB,107263,Williams Companies,Energy,Oil & Gas Storage & Transportation,Energy,51.46885694729637,5.9986310746064335,509009765.5907429,0.19968600078552123,-0.0717213021788653,0.23102654384146026,10.0,,,0.17436660018904887,0.18223559214692844,0.32527315022869957,0.21487941429700794,0.21025965801139962,0.21094093435723785,6,9,False,0.1425233414783127,-0.14939701872876465,0.14949726502314897,False,,-0.012377681290907912,0.23187090920873565,,-0.070986538003769,1.0790745589442177,0.5557938690678091,80.38461538461539,1.7806645841472395,2.008730803476175,260.0,gm_derived,71.80999755859375,1223167472.0,87835653178.07129,118683653178.07129,44038000000.0,30848000000.0,5994000000.0,6102000000.0,83000000.0,2333000000.0,28635000000.0,15431000000.0,4660000000.0,-108000000.0,-191000000.0,3578000000.0,6993000000.0,3073000000.0,3567022180.273714,0.2345445965077867,0.08099873246454685,25.468595102590406,,-0.0016093201960460913,33.17038937341288,0.030147369955250865,28.58303064694803,-0.03514480963228116,4.0948090948090945,466000000.0,9792000000.0,0.23293519233389345,4.0,0.1457352032335295,0.1570631848785377,,,,,['fcf_cagr5 gate'],False,0.8,ig,Energy,54.54545454545454,87.5,,68.18181818181817,95.45454545454545,10.0,18.181818181818173,0.0,36.36363636363637,1.0,12.957389053403883,"{'profitability': 20.2, 'growth': 50.0, 'balance': 0.0, 'stability': 56.1}",,False,,,,,,False,"{""floor"": false, ""depressed_arms"": {""self_pct"": false, ""self_z"": false, ""median_ratio"": false}, ""yield_arm"": false, ""residual_arm"": false, ""brakes"": {""gm"": false, ""fcf_margin"": false, ""roic"": false}, ""self_pct"": null, ""self_z"": null, ""median_ratio"": null, ""fcf_yield"": -0.0016093201960460913, ""yield_threshold"": 0.0495, ""gs10"": 0.0495, ""residual_pct"": null, ""brake_values"": {""gm"": null, ""fcf_margin"": -0.070986538003769, ""roic"": 0.5557938690678091}}",False,"{""floor"": false, ""mom_sector_pct"": 36.36363636363637, ""eps_rev_proxy"": null}"
FLEX,866374,Flex Ltd.,Information Technology,Electronic Manufacturing Services,Technology Hardware and Equipment,0.24093086926762491,5.9986310746064335,502101368.3885667,0.8832053550673293,-0.2823854794822417,0.8588234238146113,5.0,0.07755882592438015,0.11366491043602851,0.023950197492487335,0.024380087071739543,0.3760868269968893,0.02516475282334309,0.025477948135529057,0.38078232016510744,5,9,False,0.029614264794731948,,,False,0.09368913793692554,0.02822291317866539,0.035500734615778864,1.2079751958632334,1.1784000189358903,1.410732498149078,0.9167498120099786,87.3076923076923,1.2331959023941603,1.938388492263559,260.0,sbc_unreported,109.0199966430664,369402978.0,40272311421.49873,43511311421.49873,8739000000.0,3239000000.0,1562000000.0,736000000.0,,523000000.0,3239000000.0,29267000000.0,1449000000.0,826000000.0,826000000.0,1039000000.0,1972000000.0,880000000.0,1043280000.0,0.28,0.11938208032955716,30.028510297790707,52.677132471548106,0.018983569398735183,41.87806681568694,0.02387884819041871,45.763990251703106,0.9386363636363636,1.6424949290060853,1831000000.0,736000000.0,0.2937407025975512,6.0,0.13022318495796725,0.13323109930558044,86.53846153846155,1.1255529537416866,2.395397630129818,260.0,"['tenure<1y', 'fcf_cagr5 gate']",False,1.0,ig,Technology Hardware and Equipment,25.0,11.11111111111111,5.263157894736842,40.0,5.0,25.0,21.05263157894737,35.0,82.75862068965517,1.0,16.59922405114426,"{'profitability': 34.7, 'growth': 24.7, 'balance': 45.3, 'stability': 47.6}",21.680302887131102,False,0.4075572517617063,35.044693032282105,,19.139763469137684,,False,"{""floor"": false, ""depressed_arms"": {""self_pct"": false, ""self_z"": false, ""median_ratio"": false}, ""yield_arm"": false, ""residual_arm"": false, ""brakes"": {""gm"": true, ""fcf_margin"": true, ""roic"": true}, ""self_pct"": 86.53846153846155, ""self_z"": 1.1255529537416866, ""median_ratio"": 2.395397630129818, ""fcf_yield"": 0.018983569398735183, ""yield_threshold"": 0.0495, ""gs10"": 0.0495, ""residual_pct"": null, ""brake_values"": {""gm"": 1.2079751958632334, ""fcf_margin"": 1.1784000189358903, ""roic"": 0.9167498120099786}}",False,"{""floor"": false, ""mom_sector_pct"": 82.75862068965517, ""eps_rev_proxy"": null}"
MDLZ,1103982,Mondelez International,Consumer Staples,Packaged Foods & Meats,Food Beverage and Tobacco,13.960301163586584,5.9986310746064335,501287247.14861107,0.04675594304147057,-0.03739326837595103,0.007614317139199134,10.0,0.36163219843891514,0.11254482211868928,0.09349258142386735,0.09264290222551522,0.0674752636359977,0.10007925980780627,0.10206574855619724,0.08922534978745367,7,9,False,0.07711312390360647,0.008496751782827605,0.026197861783298748,False,0.2877060858945654,0.06233462243028699,0.07012008955831467,0.7955765198357001,0.6667333544645697,0.7006455652547227,,79.61538461538461,1.1536959716758457,1.2282540045999453,260.0,,62.040000915527344,1283649766.0,79637632657.85646,108875632657.85646,54988000000.0,29238000000.0,3889000000.0,1314000000.0,125000000.0,1008000000.0,29184000000.0,39304000000.0,3676000000.0,2575000000.0,2450000000.0,2756000000.0,4684000000.0,2609000000.0,,,,29.617963182224283,44.439033737900594,0.022502739503697463,39.504946537683765,0.025313285743751104,30.524198029074917,0.9869681870448448,6.230572160546542,24226000000.0,19533000000.0,0.7957918091219902,,,,91.15384615384615,1.9390837792927473,1.2919090423342146,260.0,[],True,0.8,ig,Food Beverage and Tobacco,,42.857142857142854,28.57142857142857,,53.57142857142857,30.76923076923077,7.692307692307693,0.0,37.03703703703704,1.0,15.353220250452997,"{'profitability': 24.9, 'growth': 35.7, 'balance': 0.0, 'stability': 74.3}",9.788796534653542,False,,,,12.57100839255327,,False,"{""floor"": false, ""depressed_arms"": {""self_pct"": false, ""self_z"": false, ""median_ratio"": false}, ""yield_arm"": false, ""residual_arm"": false, ""brakes"": {""gm"": false, ""fcf_margin"": false, ""roic"": false}, ""self_pct"": 91.15384615384615, ""self_z"": 1.9390837792927473, ""median_ratio"": 1.2919090423342146, ""fcf_yield"": 0.022502739503697463, ""yield_threshold"": 0.0495, ""gs10"": 0.0495, ""residual_pct"": null, ""brake_values"": {""gm"": 0.7955765198357001, ""fcf_margin"": 0.6667333544645697, ""roic"": null}}",False,"{""floor"": false, ""mom_sector_pct"": 37.03703703703704, ""eps_rev_proxy"": null}"
DAL,27904,Delta Air Lines,Industrials,Passenger Airlines,Transportation,13.018480492813142,5.9986310746064335,496885589.3151201,0.3941026559034231,-0.14149733012780996,0.3436909290512329,8.0,,,,,0.981211899766451,0.07600514198439237,0.08414060337669527,0.3861914741885194,8,9,False,0.29955509431200555,,,False,,0.05358267312958542,0.08213862082094689,,,1.0806982090476724,1.1224312751947048,57.91666666666667,0.06511557514867455,1.0303215075773504,240.0,sbc_unreported,79.43000030517578,657623030.0,52234997473.59062,67311997473.59062,36892000000.0,15077000000.0,8134000000.0,4475000000.0,,2525000000.0,15077000000.0,68287000000.0,5516000000.0,3659000000.0,3659000000.0,5609000000.0,8041000000.0,3950000000.0,4285641227.380016,0.22305271439811172,0.116167223988399,12.203045227264434,18.396282447004815,0.05435880879089322,12.000712689176435,0.08332838439686255,13.22404999331408,0.9263291139240506,1.8750155453301829,9753000000.0,9774000000.0,0.5293017456359103,7.0,0.10349606836128815,0.127140256986967,18.807339449541285,-0.0408855279181622,0.4532310238920375,218.0,['fcf_cagr5 gate'],False,0.8,ig,Transportation,27.27272727272727,,,54.54545454545454,27.27272727272727,45.45454545454545,44.44444444444444,81.81818181818181,76.92307692307693,1.0,33.86855158275846,"{'profitability': 39.8, 'growth': 100.0, 'balance': 37.5, 'stability': 59.3}",69.37630393377736,False,-0.3812796210361995,26.935044932518945,,51.62242775826791,,False,"{""floor"": false, ""depressed_arms"": {""self_pct"": true, ""self_z"": false, ""median_ratio"": true}, ""yield_arm"": true, ""residual_arm"": false, ""brakes"": {""gm"": false, ""fcf_margin"": false, ""roic"": true}, ""self_pct"": 18.807339449541285, ""self_z"": -0.0408855279181622, ""median_ratio"": 0.4532310238920375, ""fcf_yield"": 0.05435880879089322, ""yield_threshold"": 0.0495, ""gs10"": 0.0495, ""residual_pct"": null, ""brake_values"": {""gm"": null, ""fcf_margin"": null, ""roic"": 1.1224312751947048}}",False,"{""floor"": false, ""mom_sector_pct"": 76.92307692307693, ""eps_rev_proxy"": null}"
ADSK,769397,Autodesk,Information Technology,Application Software,Software and Services,36.79671457905544,5.9986310746064335,493155067.9603227,-0.21334493052326098,-0.3228444125271783,-0.3224037242660749,8.0,0.9062710530819889,0.002236139058699614,0.1917501387605624,0.20975832193342453,0.2340284241840348,0.1828330140487197,0.20155038759689922,0.3635527197598553,9,9,False,0.13713233616993747,0.12346189808598473,0.10541280375226147,False,0.9124518613607189,0.27381258023106547,0.2690629011553273,1.0068200438022497,1.4279654867576086,1.4716319290324111,1.5224068634011836,2.307692307692308,-0.7439805717213531,0.425840973951864,260.0,,218.63999938964844,209000000.0,45695759872.43652,45245759872.43652,2933000000.0,-450000000.0,2896000000.0,57000000.0,706000000.0,94000000.0,-450000000.0,7790000000.0,2041000000.0,2839000000.0,2133000000.0,2096000000.0,2135000000.0,1642000000.0,1592076959.6199527,0.2199524940617577,0.5428151925059505,22.168427179047782,21.212264356510325,0.04714253901390243,21.586717496391472,0.04632478282847609,27.829330007574008,1.7289890377588306,-0.2107728337236534,4331000000.0,423000000.0,1.6208660075008523,6.0,0.3565506735126352,0.3389969419116391,2.307692307692308,-0.8446706859975801,0.4351233035604055,260.0,[],True,1.0,ig,Software and Services,73.68421052631578,59.09090909090909,100.0,67.5,15.909090909090908,57.14285714285714,60.0,63.63636363636363,13.793103448275861,1.0,85.23953737882893,"{'profitability': 92.0, 'growth': 100.0, 'balance': 100.0, 'stability': 88.1}",67.66405054191526,True,-0.4693228618698777,33.91652584512605,19.736842105263158,76.4517939603721,6.0,True,"{""floor"": true, ""depressed_arms"": {""self_pct"": true, ""self_z"": false, ""median_ratio"": true}, ""yield_arm"": false, ""residual_arm"": true, ""brakes"": {""gm"": true, ""fcf_margin"": true, ""roic"": true}, ""self_pct"": 2.307692307692308, ""self_z"": -0.8446706859975801, ""median_ratio"": 0.4351233035604055, ""fcf_yield"": 0.04714253901390243, ""yield_threshold"": 0.0495, ""gs10"": 0.0495, ""residual_pct"": 19.736842105263158, ""brake_values"": {""gm"": 1.0068200438022497, ""fcf_margin"": 1.4279654867576086, ""roic"": 1.5224068634011836}}",True,"{""floor"": true, ""mom_sector_pct"": 13.793103448275861, ""eps_rev_proxy"": 6.0}"
ELV,1156039,Elevance Health,Health Care,Managed Health Care,Health Care Equipment and Services,24.150581793292265,5.9986310746064335,487552758.7043476,0.2965304560739366,-0.010651488923566599,0.3467778908707331,10.0,0.9038632265521114,0.01434081668829116,0.034445804370759246,0.03779619470059531,0.2848302791382467,0.032356894924330956,0.035175674098284114,0.3134632077023055,9,9,False,0.10318394736699799,,,False,0.8913198052835968,0.030057728739564325,0.028377081541223093,0.9861224343462197,0.8726092854745491,0.8770026174509341,0.6661916423801303,53.07692307692308,0.007144773064564295,1.0163015751404219,260.0,gm_derived,414.260009765625,216869290.0,89840274193.26416,111451274193.26416,66494000000.0,21611000000.0,7464000000.0,1175000000.0,244000000.0,1513000000.0,21472000000.0,201113000000.0,5453000000.0,6289000000.0,6045000000.0,5707000000.0,6966000000.0,4963000000.0,4601840839.303992,0.15609007164790173,0.06920685835269336,20.438524517378355,18.436935350415908,0.054238949206785694,19.528872295998625,0.0512062337672665,18.10200971051061,1.2671771106185774,3.0824002296870514,28339000000.0,11200000000.0,0.5946250789544921,4.0,0.10388430888360467,0.10710716702037963,55.769230769230774,0.0062045517355913205,1.0232932632354232,260.0,['fcf_cagr5 gate'],False,1.0,ig,Health Care Equipment and Services,44.44444444444444,20.689655172413794,100.0,51.78571428571429,58.333333333333336,51.724137931034484,11.111111111111114,53.333333333333336,60.97560975609756,1.0,29.61581942421735,"{'profitability': 23.3, 'growth': 86.0, 'balance': 0.0, 'stability': 84.3}",48.98054552152938,False,-0.32738673767793003,25.578259342685385,,39.298182472873364,,False,"{""floor"": false, ""depressed_arms"": {""self_pct"": false, ""self_z"": false, ""median_ratio"": false}, ""yield_arm"": true, ""residual_arm"": false, ""brakes"": {""gm"": true, ""fcf_margin"": false, ""roic"": false}, ""self_pct"": 55.769230769230774, ""self_z"": 0.0062045517355913205, ""median_ratio"": 1.0232932632354232, ""fcf_yield"": 0.054238949206785694, ""yield_threshold"": 0.0495, ""gs10"": 0.0495, ""residual_pct"": null, ""brake_values"": {""gm"": 0.9861224343462197, ""fcf_margin"": 0.8726092854745491, ""roic"": 0.6661916423801303}}",False,"{""floor"": false, ""mom_sector_pct"": 60.97560975609756, ""eps_rev_proxy"": null}"
MNST,865752,Monster Beverage,Consumer Staples,Soft Drinks & Non-alcoholic Beverages,Food Beverage and Tobacco,14.223134839151266,5.9986310746064335,484237542.6893198,0.49041019685932574,-0.08790985620076319,0.3881178926500244,10.0,0.5388470614259054,0.03907062059615697,0.184063703180795,0.19992767534352462,0.3179560952946162,0.19748124057024338,0.22129033965837944,0.30495918125757554,9,9,False,0.12520215032714033,0.08367261366855949,0.08479692949313788,False,0.5554644630623616,0.2128351395933401,0.21507248596560327,1.0308388090536913,1.1563123848719081,1.089078057969272,1.0413846028477818,88.46153846153845,1.130775704241169,1.3028762257805757,260.0,,44.5099983215332,979525882.0,43598695363.71833,40440076363.71833,6205529000.0,-3158619000.0,2238762000.0,140846000.0,135798000.0,120220000.0,-3158619000.0,9218957000.0,2688388000.0,2097916000.0,1962118000.0,1982744000.0,2808608000.0,,2060354119.9536204,0.23360983609746047,0.33201909457737133,15.042499953026992,20.610420149918777,0.04851914675809949,20.396014999272893,0.04902918535977001,,,-1.1246208085998473,1331643000.0,1381827000.0,0.4372665086248086,10.0,0.31882466254007236,0.3055077528339857,87.3076923076923,0.6349870005612259,1.16812949565134,260.0,[],True,0.9,ig,Food Beverage and Tobacco,90.9090909090909,85.71428571428571,64.28571428571429,81.81818181818183,53.57142857142857,,92.3076923076923,71.42857142857143,96.29629629629629,1.0,73.34108829929441,"{'profitability': 90.0, 'growth': 84.9, 'balance': 100.0, 'stability': 80.2}",41.047606595241774,True,0.008476861890368337,20.4364468802631,38.15789473684211,57.19434744726809,10.0,False,"{""floor"": true, ""depressed_arms"": {""self_pct"": false, ""self_z"": false, ""median_ratio"": false}, ""yield_arm"": false, ""residual_arm"": false, ""brakes"": {""gm"": true, ""fcf_margin"": true, ""roic"": true}, ""self_pct"": 87.3076923076923, ""self_z"": 0.6349870005612259, ""median_ratio"": 1.16812949565134, ""fcf_yield"": 0.04851914675809949, ""yield_threshold"": 0.0495, ""gs10"": 0.0495, ""residual_pct"": 38.15789473684211, ""brake_values"": {""gm"": 1.0308388090536913, ""fcf_margin"": 1.1563123848719081, ""roic"": 1.0413846028477818}}",False,"{""floor"": true, ""mom_sector_pct"": 96.29629629629629, ""eps_rev_proxy"": 10.0}"
UAL,100517,United Airlines Holdings,Industrials,Passenger Airlines,Transportation,11.041752224503764,5.9986310746064335,470944858.367826,0.06452827361387725,-0.20916906247179823,0.012510599770465092,6.0,,,,,1.0594169742408996,0.06988956605364824,0.0803025247469692,0.6110840153868083,8,9,False,0.3092525547522449,,,False,,0.040443865059934504,0.09406696130488697,,,1.3459371207524713,1.6381808163719902,41.73913043478261,-0.032815857092164565,0.9474350974327709,230.0,sbc_unreported,107.63999938964844,324583772.0,34938197019.96979,47245197019.96979,29004000000.0,12307000000.0,8913000000.0,6369000000.0,,2996000000.0,12307000000.0,62902000000.0,4874000000.0,2544000000.0,2544000000.0,5917000000.0,7870000000.0,3496000000.0,3806859696.1572833,0.21894548704200179,0.1312529201543678,9.69331083708859,18.571225243698816,0.053846743382712364,7.984653882029709,0.12524024394477556,9.993763449648108,0.7276887871853547,1.5637865311308767,4527000000.0,2581000000.0,0.2450696455661288,6.0,0.08012114343094805,0.11088867455611505,44.16243654822335,-0.014999166183883302,0.9674185220647858,197.0,['fcf_cagr5 gate'],False,0.8,ig,Transportation,9.090909090909092,,,22.727272727272727,9.090909090909092,18.181818181818183,55.55555555555556,90.9090909090909,46.15384615384615,1.0,34.77719191057629,"{'profitability': 35.8, 'growth': 100.0, 'balance': 47.9, 'stability': 59.3}",64.01746758711903,False,-0.37187163089919384,26.936573795828256,,49.39732974884766,,False,"{""floor"": false, ""depressed_arms"": {""self_pct"": false, ""self_z"": false, ""median_ratio"": false}, ""yield_arm"": true, ""residual_arm"": false, ""brakes"": {""gm"": false, ""fcf_margin"": false, ""roic"": true}, ""self_pct"": 44.16243654822335, ""self_z"": -0.014999166183883302, ""median_ratio"": 0.9674185220647858, ""fcf_yield"": 0.053846743382712364, ""yield_threshold"": 0.0495, ""gs10"": 0.0495, ""residual_pct"": null, ""brake_values"": {""gm"": null, ""fcf_margin"": null, ""roic"": 1.6381808163719902}}",False,"{""floor"": false, ""mom_sector_pct"": 46.15384615384615, ""eps_rev_proxy"": null}"
UPS,1090727,United Parcel Service,Industrials,Air Freight & Logistics,Transportation,24.15879534565366,5.9986310746064335,468007925.40489054,0.2932500586866891,-0.13551555461795128,0.26992307908818436,9.0,,,0.07076790643341882,0.0679587130778522,0.33259306854290466,0.09544753463392393,0.07935530684491743,0.3497945322912425,7,9,False,0.00935446750891411,-0.011433429874150636,-0.10276163402623095,False,,0.059401756922050485,,,0.8393883600038098,,0.6526789216917918,,,,,shares_was_proxy,100.16999816894531,851000000.0,85244668441.77246,105510668441.77246,35333000000.0,20266000000.0,8867000000.0,3410000000.0,115000000.0,,20234000000.0,89930000000.0,6576000000.0,5457000000.0,5342000000.0,,,4570000000.0,5124884038.199182,0.22066848567530695,0.14504525622503556,16.044809677885105,19.75115470643438,0.05062995125415263,,,18.653100315486316,1.1940919037199125,,5770000000.0,3954000000.0,0.27521014349191975,7.0,0.22223064267046894,0.1839712773340012,31.538461538461537,-0.6502396504236874,0.8697290477881146,260.0,[],True,0.8,ig,Transportation,81.81818181818183,44.44444444444444,,54.54545454545454,40.909090909090914,81.81818181818183,,72.72727272727273,70.76923076923077,0.7,18.38697035924382,"{'profitability': 48.1, 'growth': 3.9, 'balance': None, 'stability': 63.0}",61.47974103409006,False,-0.3100468324081924,26.930481549634838,,39.933355696666936,,False,"{""floor"": false, ""depressed_arms"": {""self_pct"": false, ""self_z"": false, ""median_ratio"": false}, ""yield_arm"": true, ""residual_arm"": false, ""brakes"": {""gm"": false, ""fcf_margin"": false, ""roic"": false}, ""self_pct"": 31.538461538461537, ""self_z"": -0.6502396504236874, ""median_ratio"": 0.8697290477881146, ""fcf_yield"": 0.05062995125415263, ""yield_threshold"": 0.0495, ""gs10"": 0.0495, ""residual_pct"": null, ""brake_values"": {""gm"": null, ""fcf_margin"": 0.8393883600038098, ""roic"": 0.6526789216917918}}",False,"{""floor"": false, ""mom_sector_pct"": 70.76923076923077, ""eps_rev_proxy"": null}"
TDG,1260221,TransDigm Group,Industrials,Aerospace & Defense,Capital Goods,10.291581108829568,5.9986310746064335,461345295.90914214,-0.06402537923409224,-0.2579241311961207,-0.16097964650760443,10.0,0.5735695454573323,0.04665988047904601,0.16695146611253345,0.16719817767653758,0.3520608333096397,0.14494112401039724,0.14760820045558087,0.4364712055351429,7,9,False,0.1159297693411061,0.10386310201805116,0.1265914817451428,False,0.5957425544673196,0.17799320407755348,,1.0386579259404503,1.0661374123997052,,1.97752852330618,0.38461538461538464,-1.1228336063951767,0.7642334364927953,260.0,,1076.010009765625,55276525.0,59478094205.059814,76597094205.05981,7310000000.0,17119000000.0,2198000000.0,271000000.0,146000000.0,,17110000000.0,10006000000.0,4608000000.0,1927000000.0,1781000000.0,,,2129000000.0,3584747991.2344775,0.2220598977355734,0.49038960208405985,16.622633291028606,43.00791364686121,0.023251534780575938,,,27.937103900920533,0.9051197745420385,,12166000000.0,2474860000.0,2.0028536251709985,10.0,0.24798105124885375,0.15500459260529312,0.38461538461538464,-1.8262119614999293,0.7473648252486411,260.0,[],True,0.9,ig,Capital Goods,78.94736842105263,88.09523809523809,93.93939393939394,86.90476190476191,63.95348837209303,27.500000000000004,,76.19047619047619,24.615384615384617,0.7,53.62938863435417,"{'profitability': 72.2, 'growth': 91.6, 'balance': None, 'stability': 66.6}",68.98872143477556,False,0.46805771434100274,26.932303041529124,,61.309055034564864,,False,"{""floor"": false, ""depressed_arms"": {""self_pct"": true, ""self_z"": true, ""median_ratio"": true}, ""yield_arm"": false, ""residual_arm"": false, ""brakes"": {""gm"": true, ""fcf_margin"": true, ""roic"": true}, ""self_pct"": 0.38461538461538464, ""self_z"": -1.8262119614999293, ""median_ratio"": 0.7473648252486411, ""fcf_yield"": 0.023251534780575938, ""yield_threshold"": 0.0495, ""gs10"": 0.0495, ""residual_pct"": null, ""brake_values"": {""gm"": 1.0386579259404503, ""fcf_margin"": 1.0661374123997052, ""roic"": 1.97752852330618}}",False,"{""floor"": false, ""mom_sector_pct"": 24.615384615384617, ""eps_rev_proxy"": null}"
HUM,49071,Humana,Health Care,Managed Health Care,Health Care Equipment and Services,13.77138945927447,5.9986310746064335,461309197.9779212,0.5212026174927384,-0.061688627458106104,0.5438471448151407,10.0,,,0.4259986873714666,0.4928909952606635,0.5855981243119247,0.4576005348785343,0.45073649754500816,0.6745582849364038,7,9,False,0.26299918238784725,-0.3962600276820534,,False,,0.16661269430051814,0.12920984455958548,,0.39111081615900267,0.28236384075443227,0.5884924207848082,92.7536231884058,2.387988507796106,3.3155252593652422,207.0,,384.5199890136719,120061500.0,46166046660.964966,38804046660.964966,11218000000.0,-7362000000.0,1844000000.0,572000000.0,243000000.0,803000000.0,-7428000000.0,6176000000.0,2444000000.0,1272000000.0,1029000000.0,798000000.0,3247000000.0,1130000000.0,1889847915.7233043,0.22673980535053015,0.1684656726442596,15.877269501213162,37.710443791025234,0.026517852867008463,48.62662488842727,0.02056486548870044,40.85490854952652,1.1256637168141592,-2.287650138589467,10489000000.0,342000000.0,0.9655018719914423,9.0,0.2862665120131799,0.2312914271353627,78.80184331797236,0.6858631455446064,2.7108096251324474,217.0,['fcf_cagr5 gate'],False,0.9,ig,Health Care Equipment and Services,88.88888888888889,100.0,,96.42857142857143,58.333333333333336,31.03448275862069,96.29629629629629,83.33333333333334,90.2439024390244,1.0,38.979931826612734,"{'profitability': 75.4, 'growth': 50.0, 'balance': 100.0, 'stability': 51.9}",40.21273982634727,False,0.38841908112318047,25.572511335074992,,39.59633582648,,False,"{""floor"": false, ""depressed_arms"": {""self_pct"": false, ""self_z"": false, ""median_ratio"": false}, ""yield_arm"": false, ""residual_arm"": false, ""brakes"": {""gm"": false, ""fcf_margin"": false, ""roic"": false}, ""self_pct"": 78.80184331797236, ""self_z"": 0.6858631455446064, ""median_ratio"": 2.7108096251324474, ""fcf_yield"": 0.026517852867008463, ""yield_threshold"": 0.0495, ""gs10"": 0.0495, ""residual_pct"": null, ""brake_values"": {""gm"": null, ""fcf_margin"": 0.39111081615900267, ""roic"": 0.5884924207848082}}",False,"{""floor"": false, ""mom_sector_pct"": 90.2439024390244, ""eps_rev_proxy"": null}"
LULU,1397187,Lululemon Athletica,Consumer Discretionary,"Apparel, Accessories & Luxury Goods",Consumer Durables and Apparel,2.91854893908282,5.9986310746064335,460750258.65548944,-0.2862280203983082,-0.5285327994844106,-0.41404314201883086,10.0,0.5744094451198023,0.02324883408709348,0.11167683961691992,0.1410514004083442,0.4418406705287986,0.13924875545854123,0.16397405924334485,0.3652658539342016,9,9,False,0.2032540125801856,0.09930078781039131,0.12984266601111005,False,0.5610713221750043,0.113855248195977,0.12179164238542521,0.9767794156970798,1.019506359479097,0.874633615103917,0.6617015195867274,0.7692307692307693,-0.6422044456021874,0.285868956134354,260.0,,99.38999938964844,105594064.0,10494993956.510498,11246383956.510498,5542564000.0,751390000.0,1982033000.0,627697000.0,91231000.0,539651000.0,751390000.0,11093955000.0,1978775000.0,1354336000.0,1263105000.0,1351151000.0,2518426000.0,1417977000.0,1397038107.9055164,0.2939883979201696,0.2520562880113818,5.683508209124584,8.903760143860168,0.11231210003894561,8.323558178553322,0.12014092753945349,7.401385182207115,0.9551184539664607,0.2983569896435313,185840000.0,2530000.0,0.03398607575843959,7.0,0.380921428393887,0.4128981094833186,0.7692307692307693,-0.041323271857221656,0.26047932855234873,260.0,[],True,1.0,ig,Consumer Durables and Apparel,100.0,70.0,50.0,72.22222222222221,70.0,33.33333333333333,40.0,88.88888888888889,12.121212121212121,1.0,63.140179041292356,"{'profitability': 72.8, 'growth': 91.4, 'balance': 90.1, 'stability': 75.6}",93.62869198312237,True,-1.1677768374990696,28.624142728837345,1.3157894736842104,78.38443551220736,-17.0,False,"{""floor"": true, ""depressed_arms"": {""self_pct"": true, ""self_z"": false, ""median_ratio"": true}, ""yield_arm"": true, ""residual_arm"": true, ""brakes"": {""gm"": true, ""fcf_margin"": true, ""roic"": false}, ""self_pct"": 0.7692307692307693, ""self_z"": -0.041323271857221656, ""median_ratio"": 0.26047932855234873, ""fcf_yield"": 0.11231210003894561, ""yield_threshold"": 0.0495, ""gs10"": 0.0495, ""residual_pct"": 1.3157894736842104, ""brake_values"": {""gm"": 0.9767794156970798, ""fcf_margin"": 1.019506359479097, ""roic"": 0.6617015195867274}}",False,"{""floor"": true, ""mom_sector_pct"": 12.121212121212121, ""eps_rev_proxy"": -17.0}"
EXPE,1324424,Expedia Group,Consumer Discretionary,"Hotels, Resorts & Cruise Lines",Consumer Services,18.962354551676935,5.9986310746064335,452921757.497013,0.45462118621554426,-0.14346631920780406,0.2887762800015592,9.0,,,0.18945391419276786,0.18407656281816331,0.1832335062561977,0.1817669594272266,0.17613520667888413,0.20344282701144809,8,9,True,0.23161302817574048,0.0028315207796696384,0.007753659335516527,True,,0.2577707006369427,0.24859872611464967,,1.3605984428205744,1.367678300269859,,31.538461538461537,-0.9597740564590624,0.6886312718614717,260.0,gm_derived;ev_or_ic_nonpos,284.54998779296875,114473000.0,32573290752.62451,31303063752.62451,-61227000.0,-1270227000.0,5216000000.0,757000000.0,412000000.0,901000000.0,-1381000000.0,15700000000.0,2507000000.0,4459000000.0,4047000000.0,3903000000.0,3408000000.0,2043000000.0,2097567911.3664339,0.16331555190808372,,12.486263961956327,7.734881085402646,0.1292844697880632,8.020257174641177,0.12468428109286155,15.94385254656119,2.182574645129711,-0.4052230046948357,7024000000.0,819000000.0,-128.09708135299786,7.0,0.2658984072776649,0.1734600993790101,30.384615384615383,-0.946242057051308,0.6944531524009228,260.0,[],True,0.9,ig,Consumer Services,83.33333333333334,100.0,,76.92307692307693,50.0,92.3076923076923,88.88888888888889,76.92307692307692,93.93939393939394,1.0,62.2327761021278,"{'profitability': 80.2, 'growth': 51.2, 'balance': 100.0, 'stability': 80.4}",77.80266147354754,True,-1.1042874222299082,23.754548878812273,6.578947368421052,70.01771878783768,20.0,False,"{""floor"": true, ""depressed_arms"": {""self_pct"": false, ""self_z"": false, ""median_ratio"": true}, ""yield_arm"": true, ""residual_arm"": true, ""brakes"": {""gm"": false, ""fcf_margin"": true, ""roic"": false}, ""self_pct"": 30.384615384615383, ""self_z"": -0.946242057051308, ""median_ratio"": 0.6944531524009228, ""fcf_yield"": 0.1292844697880632, ""yield_threshold"": 0.0495, ""gs10"": 0.0495, ""residual_pct"": 6.578947368421052, ""brake_values"": {""gm"": null, ""fcf_margin"": 1.3605984428205744, ""roic"": null}}",False,"{""floor"": true, ""mom_sector_pct"": 93.93939393939394, ""eps_rev_proxy"": 20.0}"
TEL,1385157,TE Connectivity,Information Technology,Electronic Manufacturing Services,Technology Hardware and Equipment,14.921286789869953,5.9986310746064335,452772877.28166646,-0.04828153352270825,-0.15450195829628222,-0.033878553187299154,10.0,0.3322676863433084,0.041633202735549185,0.14226595239565437,0.14201072720469005,0.22373082283888815,0.13951758442944964,0.13814394411874767,0.24717286141209968,5,9,False,0.07237290827192866,0.17468868131492132,0.21164609717435856,False,0.3611944933236725,0.16256081151019564,0.16778801366318186,1.08705874260212,1.142654365101352,1.2026298645388878,1.0750258952346767,36.15384615384615,-0.5222727978445029,0.9094435554040156,260.0,,206.60000610351562,289513228.0,59813434671.84851,64702434671.84851,18135000000.0,4889000000.0,4418000000.0,1103000000.0,174000000.0,1002000000.0,4884000000.0,19322000000.0,3814000000.0,3315000000.0,3141000000.0,3242000000.0,4816000000.0,3016000000.0,3052413683.3731103,0.19968178202068418,0.1683161667148117,16.964455865718016,20.599310624593603,0.048545313880848796,19.95756775812724,0.05010630614508494,19.832040673689825,1.0991379310344827,1.0141196013289036,7403000000.0,2081000000.0,0.5229666390956713,9.0,0.15656940680305054,0.15899659510268593,43.07692307692308,-0.4035402907505204,0.9292664564234445,260.0,[],True,1.0,ig,Technology Hardware and Equipment,35.0,50.0,36.84210526315789,60.0,62.5,45.0,47.36842105263158,80.0,31.03448275862069,1.0,44.42741050967515,"{'profitability': 68.2, 'growth': 80.2, 'balance': 66.2, 'stability': 62.4}",59.576252392102745,False,-0.5313257280351351,35.04326140786005,,52.00183145088894,,False,"{""floor"": false, ""depressed_arms"": {""self_pct"": false, ""self_z"": false, ""median_ratio"": false}, ""yield_arm"": false, ""residual_arm"": false, ""brakes"": {""gm"": true, ""fcf_margin"": true, ""roic"": true}, ""self_pct"": 43.07692307692308, ""self_z"": -0.4035402907505204, ""median_ratio"": 0.9292664564234445, ""fcf_yield"": 0.048545313880848796, ""yield_threshold"": 0.0495, ""gs10"": 0.0495, ""residual_pct"": null, ""brake_values"": {""gm"": 1.08705874260212, ""fcf_margin"": 1.142654365101352, ""roic"": 1.0750258952346767}}",False,"{""floor"": false, ""mom_sector_pct"": 31.03448275862069, ""eps_rev_proxy"": null}"
FSLR,1274494,First Solar,Information Technology,Semiconductors,Semiconductors and Semiconductor Equipment,3.7481177275838466,5.9986310746064335,447086741.30605185,0.008423894017878464,-0.3443071871336565,-0.053320163481379246,2.0,0.30324651097447314,0.5044477023523484,-0.04720805742572375,-0.07992341943218832,,0.1508680905571988,0.18220264941377068,0.8572590982999496,6,9,False,0.13995360646283728,,,False,0.44016172341346926,0.2745341219928112,0.2897241408676085,1.4514980634040056,-5.815408151982485,1.9203805111973964,1.5129364594506167,7.6923076923076925,-0.032033496824870215,0.39798160715059605,208.0,,201.16000366210938,107469788.0,21618622947.64612,19615321947.64612,8317037000.0,-2003301000.0,2155743000.0,655624000.0,23655000.0,573931000.0,-2003301000.0,5378071000.0,1809702000.0,1500119000.0,1476464000.0,1558157000.0,2383633000.0,1746014000.0,1731000597.0358245,0.043488598102989044,0.20812707663027405,10.838978985294881,13.285337094332213,0.07527095420308301,12.58879685913943,0.07943570868521901,12.38170080402913,0.8591677959054166,-0.8404402019941828,30142000.0,7848000.0,0.004567732474918652,4.0,0.13756498188023703,0.1645573850515877,,,,,['fcf_cagr5 gate'],False,0.9,ig,Semiconductors and Semiconductor Equipment,21.428571428571427,6.25,6.25,33.33333333333333,6.25,46.666666666666664,78.57142857142857,93.75,36.206896551724135,1.0,33.980328224515,"{'profitability': 41.1, 'growth': 100.0, 'balance': 100.0, 'stability': 44.4}",,False,-1.3595019558768051,51.73646793758975,,,,False,"{""floor"": false, ""depressed_arms"": {""self_pct"": false, ""self_z"": false, ""median_ratio"": false}, ""yield_arm"": true, ""residual_arm"": false, ""brakes"": {""gm"": true, ""fcf_margin"": false, ""roic"": true}, ""self_pct"": null, ""self_z"": null, ""median_ratio"": null, ""fcf_yield"": 0.07527095420308301, ""yield_threshold"": 0.0495, ""gs10"": 0.0495, ""residual_pct"": null, ""brake_values"": {""gm"": 1.4514980634040056, ""fcf_margin"": -5.815408151982485, ""roic"": 1.5129364594506167}}",False,"{""floor"": false, ""mom_sector_pct"": 36.206896551724135, ""eps_rev_proxy"": null}"
WM,823768,Waste Management,Industrials,Environmental & Facilities Services,Commercial and Professional Services,28.04928131416838,5.9986310746064335,444860225.810933,0.04805603593477947,-0.12189772109615604,0.0022758540743530453,10.0,0.38737342099328853,0.02652413532573754,0.10133498136166126,0.0946796629099401,0.15918003245613013,0.1255447249080493,0.12442139311806369,0.11920636875745502,8,9,False,0.1061712793131473,0.09145982426192112,0.12948214939635272,False,0.40877391202711655,0.1323878910663498,0.12977753535668368,1.0552451197579682,1.3064382041366516,1.0337155579554183,0.9569309641218683,10.384615384615385,-1.2057177504304852,0.8984801878437704,260.0,gm_derived,213.3300018310547,399715184.0,85271240934.62036,87186240934.62036,11840000000.0,1915000000.0,6517000000.0,2944000000.0,175000000.0,3011000000.0,1914000000.0,25667000000.0,4510000000.0,3573000000.0,3398000000.0,3331000000.0,7521000000.0,2853000000.0,3550769655.172414,0.21268965517241378,0.2998960857409133,19.33176073938367,25.658105042560436,0.03897403952245296,26.174194216337543,0.03820556964369947,29.888272321984005,1.252365930599369,0.2544874351814918,14001000000.0,4723000000.0,1.581418918918919,10.0,0.31339364801108116,0.3069041705473636,7.6923076923076925,-1.4944893663377385,0.6440705097739627,260.0,[],True,1.0,ig,Commercial and Professional Services,90.0,18.181818181818183,28.57142857142857,90.9090909090909,63.63636363636363,72.72727272727273,81.81818181818181,45.45454545454546,41.53846153846154,1.0,66.84291336489987,"{'profitability': 68.9, 'growth': 82.3, 'balance': 91.5, 'stability': 83.8}",56.63659237073666,True,0.08265024371845975,23.62272716391841,48.68421052631579,61.73975286781827,5.0,False,"{""floor"": true, ""depressed_arms"": {""self_pct"": true, ""self_z"": true, ""median_ratio"": true}, ""yield_arm"": false, ""residual_arm"": false, ""brakes"": {""gm"": true, ""fcf_margin"": true, ""roic"": true}, ""self_pct"": 7.6923076923076925, ""self_z"": -1.4944893663377385, ""median_ratio"": 0.6440705097739627, ""fcf_yield"": 0.03897403952245296, ""yield_threshold"": 0.0495, ""gs10"": 0.0495, ""residual_pct"": 48.68421052631579, ""brake_values"": {""gm"": 1.0552451197579682, ""fcf_margin"": 1.3064382041366516, ""roic"": 0.9569309641218683}}",False,"{""floor"": true, ""mom_sector_pct"": 41.53846153846154, ""eps_rev_proxy"": 5.0}"
CAH,721371,Cardinal Health,Health Care,Health Care Distributors,Health Care Equipment and Services,29.311430527036276,5.9986310746064335,442292637.2108337,0.550112889755126,-0.08431101608302838,0.528702689154751,10.0,0.03542393457570216,0.0590966061176067,0.012671440765937025,0.013799062721810014,0.3083342829792862,0.011493844321302446,0.012921742120647013,0.3323245863612733,8,9,False,0.09370066663339904,,,False,0.03695135956971141,0.021015804767996468,0.019846897696108683,1.0431184455454856,1.658517382213592,1.7267414749410575,-0.7643011554965274,48.582995951417004,-0.001532779649128793,0.9838574296461019,247.0,,226.33999633789062,232575728.0,52641189423.802246,58023189423.802246,2499000000.0,5382000000.0,6103000000.0,597000000.0,364000000.0,883000000.0,5223000000.0,244673000000.0,2533000000.0,5506000000.0,5142000000.0,4856000000.0,3416000000.0,1662000000.0,1864430390.8651736,0.2639437856829161,0.7460705845799014,22.90690462842568,11.284167526993825,0.08861974067717572,11.948762237191566,0.08369067692111344,31.673399171962842,3.3128760529482553,1.5289812646370022,11442000000.0,2189000000.0,5.454581832733093,1.0,-0.9761473984626091,-0.2741708514126427,48.582995951417004,-0.017415516223872395,0.9839613773607622,247.0,['fcf_cagr5 gate'],False,1.0,ig,Health Care Equipment and Services,3.7037037037037033,10.344827586206897,9.090909090909092,25.0,58.333333333333336,96.55172413793103,51.851851851851855,33.33333333333334,92.6829268292683,1.0,28.691003384343105,"{'profitability': 2.8, 'growth': 78.1, 'balance': 49.0, 'stability': 73.1}",55.488875789650606,False,,,,42.089939586996856,,False,"{""floor"": false, ""depressed_arms"": {""self_pct"": false, ""self_z"": false, ""median_ratio"": false}, ""yield_arm"": true, ""residual_arm"": false, ""brakes"": {""gm"": true, ""fcf_margin"": true, ""roic"": false}, ""self_pct"": 48.582995951417004, ""self_z"": -0.017415516223872395, ""median_ratio"": 0.9839613773607622, ""fcf_yield"": 0.08861974067717572, ""yield_threshold"": 0.0495, ""gs10"": 0.0495, ""residual_pct"": null, ""brake_values"": {""gm"": 1.0431184455454856, ""fcf_margin"": 1.658517382213592, ""roic"": -0.7643011554965274}}",False,"{""floor"": false, ""mom_sector_pct"": 92.6829268292683, ""eps_rev_proxy"": null}"
NTAP,1002047,NetApp,Information Technology,"Technology Hardware, Storage & Peripherals",Technology Hardware and Equipment,27.23340177960301,5.9986310746064335,442244135.4469694,0.5630783692841614,-0.0490631812452772,0.6008809631125693,10.0,0.6892228970051042,0.029269361759577988,0.15024936372583986,0.14485696895922093,0.2761455902122549,0.15286641367079037,0.14059646987218502,0.3040714942564156,7,9,False,0.03810448963486701,0.0980205829542049,0.09017752250661193,False,0.7062643755919361,0.1695305100798268,0.1787308889189555,1.0247256419670365,1.1283276406359315,1.169196585614066,2.532339193104691,99.23076923076923,1.996147976169538,1.6093853170177264,260.0,,196.9199981689453,196419005.0,38678830104.94606,37840830104.94606,657000000.0,-838000000.0,1897000000.0,247000000.0,397000000.0,179000000.0,-838000000.0,7391000000.0,1849000000.0,1650000000.0,1253000000.0,1321000000.0,2028000000.0,1418000000.0,1434289934.354486,0.22428884026258206,2.1830897022138296,20.46556522712064,30.200183643213137,0.033112381428340394,28.645594326227148,0.03490938217624714,27.2770311036291,1.16361071932299,-0.41321499013806706,2916000000.0,38000000.0,4.4961948249619486,4.0,0.8620842374347666,1.6737991565991628,99.23076923076923,2.078780393583798,1.5869852885687907,260.0,[],True,1.0,ig,Technology Hardware and Equipment,100.0,72.22222222222221,94.73684210526315,25.0,62.5,50.0,84.21052631578948,75.0,72.41379310344827,1.0,56.716597565356885,"{'profitability': 79.0, 'growth': 56.7, 'balance': 100.0, 'stability': 72.2}",32.771267171118154,False,-0.14835710763366627,35.03000965734159,,44.74393236823752,,False,"{""floor"": false, ""depressed_arms"": {""self_pct"": false, ""self_z"": false, ""median_ratio"": false}, ""yield_arm"": false, ""residual_arm"": false, ""brakes"": {""gm"": true, ""fcf_margin"": true, ""roic"": true}, ""self_pct"": 99.23076923076923, ""self_z"": 2.078780393583798, ""median_ratio"": 1.5869852885687907, ""fcf_yield"": 0.033112381428340394, ""yield_threshold"": 0.0495, ""gs10"": 0.0495, ""residual_pct"": null, ""brake_values"": {""gm"": 1.0247256419670365, ""fcf_margin"": 1.1283276406359315, ""roic"": 2.532339193104691}}",False,"{""floor"": false, ""mom_sector_pct"": 72.41379310344827, ""eps_rev_proxy"": null}"
NOC,1133421,Northrop Grumman,Industrials,Aerospace & Defense,Capital Goods,69.54140999315537,5.9986310746064335,434023868.3547964,-0.027139670895470314,-0.3007817771619491,-0.07065446362577876,10.0,,,0.056736892548627384,0.05770039532340819,0.26258040918493253,0.062286603901821315,0.06263492864552668,0.2424375061145355,8,9,False,0.026567406658034587,0.02767945767344271,0.014370676884596811,False,,0.0820199571015574,0.07987503497155647,,1.4456194799752333,1.2823790344623502,0.9649407969098219,2.307692307692308,-0.2702113815180244,0.7473168763696136,260.0,gm_derived,524.0,142063026.0,74441025624.0,90267025624.0,33710000000.0,15826000000.0,5078000000.0,1432000000.0,128000000.0,1524000000.0,15826000000.0,42892000000.0,4598000000.0,3646000000.0,3518000000.0,3426000000.0,6122000000.0,4496000000.0,3929406576.6964455,0.14540961794335677,0.11656501265785955,19.631802006089604,25.65862013189312,0.03897325712995069,26.34764320607122,0.03795405881955972,16.55716762099644,0.8109430604982206,2.5851029075465535,17439000000.0,208000000.0,0.5234945120142391,9.0,0.12080017036397839,0.12044575587253604,1.9230769230769231,-0.2439954559780713,0.6518173241190162,260.0,[],True,0.9,ig,Capital Goods,28.947368421052634,19.047619047619047,,69.04761904761905,63.95348837209303,17.5,21.05263157894737,64.28571428571428,27.692307692307693,1.0,20.42550055214772,"{'profitability': 40.7, 'growth': 22.6, 'balance': 13.8, 'stability': 75.1}",66.083176656767,False,-0.04860630586639836,26.93659816595088,,43.25433860445736,,False,"{""floor"": false, ""depressed_arms"": {""self_pct"": true, ""self_z"": false, ""median_ratio"": true}, ""yield_arm"": false, ""residual_arm"": false, ""brakes"": {""gm"": false, ""fcf_margin"": true, ""roic"": true}, ""self_pct"": 1.9230769230769231, ""self_z"": -0.2439954559780713, ""median_ratio"": 0.6518173241190162, ""fcf_yield"": 0.03897325712995069, ""yield_threshold"": 0.0495, ""gs10"": 0.0495, ""residual_pct"": null, ""brake_values"": {""gm"": null, ""fcf_margin"": 1.4456194799752333, ""roic"": 0.9649407969098219}}",False,"{""floor"": false, ""mom_sector_pct"": 27.692307692307693, ""eps_rev_proxy"": null}"
KEYS,1601046,Keysight Technologies,Information Technology,Electronic Equipment & Instruments,Technology Hardware and Equipment,7.865845311430527,5.9986310746064335,423655776.1502826,0.7745159456278321,-0.08862432918938645,0.8604547504727527,10.0,0.6308307209681002,0.015398758265781015,0.18466469989437542,0.19692532942898974,0.13372426929535355,0.16853360141180979,0.18213953488372092,0.16355134610388028,7,9,False,0.04952460179009255,0.07339084686143038,0.10287498996686062,False,0.6469158310543908,0.1906715284108174,0.15253722272865392,1.0254982985952328,1.0325282986942157,0.905084929360354,0.895154755279108,91.15384615384615,2.009511507131435,1.5975164887668112,260.0,gm_derived,331.44000244140625,170244745.0,56425918698.436584,56563918698.436584,6709000000.0,138000000.0,1604000000.0,135000000.0,214000000.0,386000000.0,138000000.0,6582000000.0,1333000000.0,1469000000.0,1255000000.0,1004000000.0,1719000000.0,1260000000.0,1204881272.0848057,0.096113074204947,0.17959178299072973,42.433547410680106,45.07085155253911,0.022187288803148075,56.33856444067389,0.017749831042518458,44.78247515748935,1.165873015873016,0.08027923211169284,3462000000.0,1125000000.0,0.6837084513340289,8.0,0.20062651952816052,0.25155265733585574,90.76923076923077,1.7026886087755966,1.428661571111411,260.0,[],True,1.0,ig,Technology Hardware and Equipment,50.0,83.33333333333334,84.21052631578947,50.0,62.5,55.00000000000001,73.6842105263158,15.0,79.3103448275862,1.0,62.73512079949467,"{'profitability': 83.0, 'growth': 51.2, 'balance': 97.3, 'stability': 80.7}",14.531714067104758,True,0.2517073671267913,35.04133495580834,59.210526315789465,38.63341743329971,9.0,False,"{""floor"": true, ""depressed_arms"": {""self_pct"": false, ""self_z"": false, ""median_ratio"": false}, ""yield_arm"": false, ""residual_arm"": false, ""brakes"": {""gm"": true, ""fcf_margin"": true, ""roic"": false}, ""self_pct"": 90.76923076923077, ""self_z"": 1.7026886087755966, ""median_ratio"": 1.428661571111411, ""fcf_yield"": 0.022187288803148075, ""yield_threshold"": 0.0495, ""gs10"": 0.0495, ""residual_pct"": 59.210526315789465, ""brake_values"": {""gm"": 1.0254982985952328, ""fcf_margin"": 1.0325282986942157, ""roic"": 0.895154755279108}}",False,"{""floor"": true, ""mom_sector_pct"": 79.3103448275862, ""eps_rev_proxy"": 9.0}"
KMB,55785,Kimberly-Clark,Consumer Staples,Household Products,Household and Personal Products,69.54140999315537,5.9986310746064335,420765483.9997676,-0.08888292672221865,-0.15796517694301282,-0.17174907767505443,10.0,0.34677418159080575,0.07325480715126438,0.11458444334209679,0.10069608305804625,0.21713934556905945,0.12199016177784343,0.11138809509333009,0.1486211422214273,5,9,False,-0.029872195796569856,-0.08185375224359281,-0.0804213673272477,False,0.3675672415872633,0.10185743577373055,0.1493788445302135,1.059961384382974,0.8889290099322714,1.2245155048015073,1.080464105039315,0.7692307692307693,-1.7631404272503182,0.729140190277895,260.0,,98.19000244140625,332579038.0,32655936553.180542,38734936553.18054,7829000000.0,6079000000.0,3333000000.0,1513000000.0,131000000.0,725000000.0,5955000000.0,16582000000.0,2514000000.0,1820000000.0,1689000000.0,2477000000.0,3239000000.0,1955000000.0,2013638058.4375381,0.1990302074631909,0.25720245988472834,15.407691548600056,22.93365100839582,0.04360404715472073,15.63784277480038,0.06394743919611796,16.703803863519457,0.9309462915601023,1.838530410620562,1831000000.0,40000000.0,0.23898326733937922,4.0,0.23804813013697432,0.22567360919888824,49.61538461538461,-0.011739887596376118,0.9976051205908482,260.0,"['rev_cagr5 gate', 'fcf_cagr5 gate']",False,1.0,sector,Consumer Staples,83.33333333333334,59.25925925925925,25.0,27.083333333333332,55.55555555555556,20.833333333333336,56.0,74.07407407407408,11.11111111111111,1.0,23.641695300435217,"{'profitability': 70.1, 'growth': 0.0, 'balance': 38.7, 'stability': 59.6}",54.03761358382832,False,-0.15036017425839265,26.6546996603276,,38.83965444213177,,False,"{""floor"": false, ""depressed_arms"": {""self_pct"": false, ""self_z"": false, ""median_ratio"": false}, ""yield_arm"": false, ""residual_arm"": false, ""brakes"": {""gm"": true, ""fcf_margin"": false, ""roic"": true}, ""self_pct"": 49.61538461538461, ""self_z"": -0.011739887596376118, ""median_ratio"": 0.9976051205908482, ""fcf_yield"": 0.04360404715472073, ""yield_threshold"": 0.0495, ""gs10"": 0.0495, ""residual_pct"": null, ""brake_values"": {""gm"": 1.059961384382974, ""fcf_margin"": 0.8889290099322714, ""roic"": 1.080464105039315}}",False,"{""floor"": false, ""mom_sector_pct"": 11.11111111111111, ""eps_rev_proxy"": null}"
LHX,202058,L3Harris,Industrials,Aerospace & Defense,Capital Goods,17.987679671457904,5.9986310746064335,420732809.50226015,-0.04957894158327314,-0.31076724431138225,-0.10327679631760045,9.0,,,0.1015669715416766,0.10082032111561132,0.1658539930843871,0.06318530012290535,0.060060661461825385,0.2596662861622381,6,8,False,0.10651329188844394,0.02060320295194762,,False,0.2560218651817415,0.06881401823801374,0.050780351988556544,,0.6775235806826914,0.8036735109239137,1.2788613239969049,1.9230769230769231,-0.33474522180528304,0.5919939145485249,260.0,,250.4600067138672,186214616.0,46639313973.5802,56222313973.5802,29465000000.0,9583000000.0,3292000000.0,484000000.0,114000000.0,1190000000.0,9583000000.0,39149000000.0,2320000000.0,2808000000.0,2694000000.0,1988000000.0,3510000000.0,1874000000.0,1934021352.3131673,0.16637010676156583,0.06563792134102044,24.233756023094912,20.8694558179585,0.04791691784984082,28.280842039024247,0.035359626089637546,24.88757415879413,1.4983991462113126,2.73019943019943,19996000000.0,4737000000.0,0.8394026811471237,1.0,0.05132528453974834,0.05666588155543939,4.615384615384616,-1.042931705804731,0.7241151086240649,260.0,[],True,0.9,ig,Capital Goods,7.894736842105263,50.0,,5.952380952380952,22.093023255813954,85.0,18.421052631578945,38.095238095238095,26.153846153846157,1.0,21.50893433999436,"{'profitability': 27.9, 'growth': 53.0, 'balance': 9.0, 'stability': 72.3}",58.46187463162494,False,-0.2553890266575469,26.94171078683553,,39.98540448580965,,False,"{""floor"": false, ""depressed_arms"": {""self_pct"": true, ""self_z"": true, ""median_ratio"": true}, ""yield_arm"": false, ""residual_arm"": false, ""brakes"": {""gm"": false, ""fcf_margin"": false, ""roic"": true}, ""self_pct"": 4.615384615384616, ""self_z"": -1.042931705804731, ""median_ratio"": 0.7241151086240649, ""fcf_yield"": 0.04791691784984082, ""yield_threshold"": 0.0495, ""gs10"": 0.0495, ""residual_pct"": null, ""brake_values"": {""gm"": null, ""fcf_margin"": 0.6775235806826914, ""roic"": 1.2788613239969049}}",False,"{""floor"": false, ""mom_sector_pct"": 26.153846153846157, ""eps_rev_proxy"": null}"
EBAY,1065088,eBay Inc.,Consumer Discretionary,Broadline Retail,Broadline Retail,24.15879534565366,5.9986310746064335,420010622.95309246,0.1539608890866928,-0.03376052900560589,0.2549534011053203,10.0,0.7252681620699765,0.015000980879488252,0.12918820021007876,0.133843797856049,0.13680776735883818,0.13242629596242905,0.1394382911392405,0.18273709734613897,6,9,False,0.04531015795011939,-0.060198659443529756,-0.08378608335143245,False,0.7248500999333778,0.1485676215856096,0.15872751499000667,0.9994235757772608,1.1500092217711608,1.1986102445623006,1.0926020301533335,68.07692307692308,0.5235033430517816,1.2827432397199434,260.0,,112.9000015258789,445000000.0,50240500679.01611,56883500679.01611,11308000000.0,6643000000.0,2971000000.0,543000000.0,644000000.0,421000000.0,6643000000.0,12008000000.0,2464000000.0,2428000000.0,1784000000.0,1906000000.0,2885000000.0,2222000000.0,2172772892.2952805,0.118192819685357,0.19214475524365762,23.08583631453576,31.885370335771363,0.03136234547284295,29.84443897115221,0.03350707986055979,22.61048635419267,1.0927092709270927,2.3025996533795494,4471000000.0,119000000.0,0.4059073222497347,10.0,0.17585978237354405,0.17915572606456678,63.07692307692307,0.41914039416777193,1.246909525075941,260.0,['fcf_cagr5 gate'],False,1.0,sector,Consumer Discretionary,44.827586206896555,81.25,91.30434782608695,95.16129032258065,66.66666666666666,46.875,32.14285714285714,21.875,57.57575757575758,1.0,30.942685794539187,"{'profitability': 71.6, 'growth': 18.9, 'balance': 23.2, 'stability': 75.0}",30.570359759996347,False,0.10772541092214727,28.62904848061049,,30.75652277726777,,False,"{""floor"": false, ""depressed_arms"": {""self_pct"": false, ""self_z"": false, ""median_ratio"": false}, ""yield_arm"": false, ""residual_arm"": false, ""brakes"": {""gm"": true, ""fcf_margin"": true, ""roic"": true}, ""self_pct"": 63.07692307692307, ""self_z"": 0.41914039416777193, ""median_ratio"": 1.246909525075941, ""fcf_yield"": 0.03136234547284295, ""yield_threshold"": 0.0495, ""gs10"": 0.0495, ""residual_pct"": null, ""brake_values"": {""gm"": 0.9994235757772608, ""fcf_margin"": 1.1500092217711608, ""roic"": 1.0926020301533335}}",False,"{""floor"": false, ""mom_sector_pct"": 57.57575757575758, ""eps_rev_proxy"": null}"
COR,1140859,Cencora,Health Care,Health Care Distributors,Health Care Equipment and Services,25.05133470225873,5.9986310746064335,417983930.4958881,0.10497075598661221,-0.16503465946168883,0.07498741186850078,10.0,0.034165500543773465,0.03192993086475941,0.010143002659928315,0.00969358953843701,0.18147270041525304,0.008879217246883292,0.00832806934669191,0.1492870759373557,9,9,False,0.11093539055828328,,,False,0.03973065311279843,0.01175392748611334,,1.1628880736547322,1.1588212958426267,,0.3914296659142165,76.51821862348179,0.22695868158191826,1.348828414316012,247.0,,309.4100036621094,190827165.0,59043833821.47995,69810319821.47995,13817444000.0,10766486000.0,4820947000.0,760845000.0,148732000.0,,10578353000.0,332771323000.0,3041762000.0,4060102000.0,3911370000.0,,,2624793000.0,2225934382.522746,0.26820889256860136,0.16109595830623566,22.950618694519804,17.84804808071851,0.05602853575233887,,,22.494662939698465,1.5468275022068407,,16515457000.0,343629000.0,1.220130582761906,7.0,0.4115578668008789,0.4729403130453128,56.68016194331984,0.03624369758963649,1.0313155807969396,247.0,['fcf_cagr5 gate'],False,0.9,ig,Health Care Equipment and Services,92.5925925925926,6.896551724137931,4.545454545454546,76.78571428571429,58.333333333333336,75.86206896551724,,30.0,31.70731707317073,0.7,55.92241763865634,"{'profitability': 42.2, 'growth': 92.4, 'balance': None, 'stability': 87.7}",42.1798687425793,False,-0.3595433565769408,25.57045306094374,,49.05114319061782,,False,"{""floor"": false, ""depressed_arms"": {""self_pct"": false, ""self_z"": false, ""median_ratio"": false}, ""yield_arm"": true, ""residual_arm"": false, ""brakes"": {""gm"": true, ""fcf_margin"": true, ""roic"": false}, ""self_pct"": 56.68016194331984, ""self_z"": 0.03624369758963649, ""median_ratio"": 1.0313155807969396, ""fcf_yield"": 0.05602853575233887, ""yield_threshold"": 0.0495, ""gs10"": 0.0495, ""residual_pct"": null, ""brake_values"": {""gm"": 1.1628880736547322, ""fcf_margin"": 1.1588212958426267, ""roic"": 0.3914296659142165}}",False,"{""floor"": false, ""mom_sector_pct"": 31.70731707317073, ""eps_rev_proxy"": null}"
SWKS,4127,Skyworks Solutions,Information Technology,Semiconductors,Semiconductors and Semiconductor Equipment,11.520876112251882,5.9986310746064335,416337749.74690425,-0.12201872637167144,0.0,0.19418007698346762,10.0,0.4463051220706157,0.07287175184748614,0.2390373731300016,0.2137072108444053,0.23199280453409218,0.19644246972961774,0.22160757690051128,0.3058940837052957,4,9,False,0.04021275962874182,0.06290179014117925,-0.02400392191315781,False,0.40733912956827184,0.05027278842081662,0.005082085648090481,0.9126920338230433,0.2103135077269927,0.025870605552279165,0.3160905559829089,100.0,7.48418756605916,42.77181517558521,260.0,,91.31999969482422,150472782.0,13741174406.319351,13623074406.319351,5620200000.0,-118100000.0,716200000.0,282000000.0,232400000.0,463400000.0,-118100000.0,4014100000.0,305400000.0,434200000.0,201800000.0,20400000.0,768800000.0,290100000.0,271851917.76618594,0.10984964713102179,0.04837050599021137,44.60731632717535,67.50780181525943,0.014813102680140307,667.7977650156545,0.0014974593393204275,47.36702656435488,1.4967252671492588,-0.15361602497398544,2176700000.0,1631600000.0,0.6776093377459876,5.0,0.15302736850140747,0.1562759240789808,100.0,6.519189342711555,5.815110060817761,260.0,[],True,1.0,ig,Semiconductors and Semiconductor Equipment,28.57142857142857,75.0,18.75,50.0,65.625,86.66666666666667,57.142857142857146,25.0,27.586206896551722,1.0,27.600108930520175,"{'profitability': 22.1, 'growth': 43.0, 'balance': 100.0, 'stability': 53.3}",12.281483546658123,False,0.2661038827550506,51.73524604374352,,19.94079623858915,,False,"{""floor"": false, ""depressed_arms"": {""self_pct"": false, ""self_z"": false, ""median_ratio"": false}, ""yield_arm"": false, ""residual_arm"": false, ""brakes"": {""gm"": false, ""fcf_margin"": false, ""roic"": false}, ""self_pct"": 100.0, ""self_z"": 6.519189342711555, ""median_ratio"": 5.815110060817761, ""fcf_yield"": 0.014813102680140307, ""yield_threshold"": 0.0495, ""gs10"": 0.0495, ""residual_pct"": null, ""brake_values"": {""gm"": 0.9126920338230433, ""fcf_margin"": 0.2103135077269927, ""roic"": 0.3160905559829089}}",False,"{""floor"": false, ""mom_sector_pct"": 27.586206896551722, ""eps_rev_proxy"": null}"
CRH,849395,CRH plc,Materials,Construction Materials,Materials,0.7392197125256673,5.9986310746064335,416101139.7649158,-0.14991936147907992,-0.33268531524379075,-0.22476081832220707,5.0,0.3455159901788413,0.03420603534254623,0.07440264353034395,0.07394450823831014,0.13290652729126243,0.08250644992461516,0.08619138648375127,0.17740943655079122,4,4,True,,0.04678214611088327,0.09439820199796811,True,0.36249741147235454,0.06771588320563264,,1.0491480040756538,0.9101273824768844,,0.9006038381744469,,,,,,86.69999694824219,665284511.0,57680165073.412796,75533165073.4128,41888000000.0,17853000000.0,5419000000.0,2653000000.0,150000000.0,,16788000000.0,38632000000.0,5528000000.0,2766000000.0,2616000000.0,,,3838000000.0,4149768601.4803276,0.2493182703544994,0.09906819617743334,13.663741872903907,28.873534049469722,0.034633792949857675,,,15.028703771082021,0.7206878582595102,,13150000000.0,2048000000.0,0.3628246753246753,3.0,0.11000196976536074,0.11050202812436151,,,,,"['tenure<1y', 'rev_cagr5 gate']",False,0.8,ig,Materials,41.66666666666667,64.28571428571429,71.42857142857143,46.42857142857143,21.428571428571427,27.27272727272727,,75.0,7.142857142857142,0.7,34.714071584445506,"{'profitability': 38.3, 'growth': 39.0, 'balance': None, 'stability': 89.9}",,False,-3.812908453548758e-05,28.87463499187917,,,,False,"{""floor"": false, ""depressed_arms"": {""self_pct"": false, ""self_z"": false, ""median_ratio"": false}, ""yield_arm"": false, ""residual_arm"": false, ""brakes"": {""gm"": true, ""fcf_margin"": false, ""roic"": true}, ""self_pct"": null, ""self_z"": null, ""median_ratio"": null, ""fcf_yield"": 0.034633792949857675, ""yield_threshold"": 0.0495, ""gs10"": 0.0495, ""residual_pct"": null, ""brake_values"": {""gm"": 1.0491480040756538, ""fcf_margin"": 0.9101273824768844, ""roic"": 0.9006038381744469}}",False,"{""floor"": false, ""mom_sector_pct"": 7.142857142857142, ""eps_rev_proxy"": null}"
HPQ,47217,HP Inc.,Information Technology,"Technology Hardware, Storage & Peripherals",Technology Hardware and Equipment,51.715263518138265,5.9986310746064335,414506358.6726562,0.09813888362915191,-0.023111603872713382,0.2935504078154787,10.0,0.20895880844983267,0.04602734468673726,0.05578757557854926,0.050505050505050504,0.3003924110547742,0.05318580476392014,0.046061352900539594,0.36841234757755,5,9,False,-0.004788030560913592,-0.05604730057855212,-0.07010630315908084,False,0.19874243602312294,0.05750312700720057,0.05508603495486968,0.9511081992546752,1.0307514963835593,1.0357281458724605,0.6510444804832353,42.69230769230769,-0.4085451392596545,0.8632426127525861,260.0,,34.65999984741211,901790969.0,31256074847.93762,37360074847.93762,6012000000.0,6104000000.0,4668000000.0,787000000.0,479000000.0,930000000.0,6104000000.0,59162000000.0,3222000000.0,3881000000.0,3402000000.0,3259000000.0,4152000000.0,2451000000.0,2824435622.3175964,0.12339055793991416,0.4697996710441777,11.595305663543645,10.981797427377314,0.09105977474206799,11.46366211964947,0.08723215928406808,12.752376518946397,1.5834353325173398,1.4701348747591523,8726000000.0,802000000.0,1.5848303393213572,10.0,0.7216091759129433,0.5151710444012921,41.92307692307693,-0.36525684878901793,0.8829017714060997,260.0,"['rev_cagr5 gate', 'fcf_cagr5 gate']",False,1.0,ig,Technology Hardware and Equipment,90.0,33.33333333333333,21.052631578947366,85.0,62.5,90.0,26.31578947368422,95.0,46.55172413793103,1.0,22.877793913895434,"{'profitability': 60.1, 'growth': 0.0, 'balance': 51.0, 'stability': 58.2}",77.33691976439255,False,-1.1600054276547653,35.031391182939295,,50.10735683914399,,False,"{""floor"": false, ""depressed_arms"": {""self_pct"": false, ""self_z"": false, ""median_ratio"": false}, ""yield_arm"": true, ""residual_arm"": false, ""brakes"": {""gm"": false, ""fcf_margin"": true, ""roic"": false}, ""self_pct"": 41.92307692307693, ""self_z"": -0.36525684878901793, ""median_ratio"": 0.8829017714060997, ""fcf_yield"": 0.09105977474206799, ""yield_threshold"": 0.0495, ""gs10"": 0.0495, ""residual_pct"": null, ""brake_values"": {""gm"": 0.9511081992546752, ""fcf_margin"": 1.0307514963835593, ""roic"": 0.6510444804832353}}",False,"{""floor"": false, ""mom_sector_pct"": 46.55172413793103, ""eps_rev_proxy"": null}"
MSI,68505,Motorola Solutions,Information Technology,Communications Equipment,Technology Hardware and Equipment,69.54140999315537,5.9986310746064335,412290915.47943676,0.01802099543015001,-0.051710529720370046,-0.023510364558523178,10.0,0.49656312234808075,0.03636943344333041,0.17210789220159584,0.17481741702875103,0.1961486709480565,0.1570318214814312,0.15542773222371803,0.217261391887528,8,9,False,0.09519871115386103,0.1299965282868849,0.1453665577446639,False,0.5198986679741767,0.18958895154041022,0.1689956688730898,1.0469941173153374,1.1015703528478418,1.0761874076145346,0.6677560232737089,63.07692307692307,0.14008814993560745,1.0372517480211945,260.0,,459.67999267578125,165493788.0,76074183255.7273,84723183255.7273,11321000000.0,8649000000.0,2974000000.0,297000000.0,357000000.0,549000000.0,8633000000.0,12237000000.0,3048000000.0,2677000000.0,2320000000.0,2068000000.0,3597000000.0,2134000000.0,2356224069.3892303,0.22696060715576435,0.2081286166760207,27.796319965789795,36.518613472296245,0.027383295939168665,40.968657280332344,0.024408903449224483,35.648633203246156,1.254451733833177,2.400055601890464,6883000000.0,2951000000.0,0.8686511792244501,10.0,0.3116836230928465,0.33887491738526315,48.07692307692308,-0.04858203919262289,0.9909457556702257,260.0,[],True,1.0,ig,Technology Hardware and Equipment,70.0,77.77777777777779,73.68421052631578,85.0,62.5,70.0,15.789473684210535,55.0,41.37931034482759,1.0,54.176632934889156,"{'profitability': 85.0, 'growth': 89.7, 'balance': 20.0, 'stability': 81.0}",43.87110692521052,False,0.04139140362794658,35.03791234580803,,49.02386993004984,,False,"{""floor"": false, ""depressed_arms"": {""self_pct"": false, ""self_z"": false, ""median_ratio"": false}, ""yield_arm"": false, ""residual_arm"": false, ""brakes"": {""gm"": true, ""fcf_margin"": true, ""roic"": false}, ""self_pct"": 48.07692307692308, ""self_z"": -0.04858203919262289, ""median_ratio"": 0.9909457556702257, ""fcf_yield"": 0.027383295939168665, ""yield_threshold"": 0.0495, ""gs10"": 0.0495, ""residual_pct"": null, ""brake_values"": {""gm"": 1.0469941173153374, ""fcf_margin"": 1.1015703528478418, ""roic"": 0.6677560232737089}}",False,"{""floor"": false, ""mom_sector_pct"": 41.37931034482759, ""eps_rev_proxy"": null}"
KVUE,1944048,Kenvue,Consumer Staples,Personal Care Products,Household and Personal Products,3.0663928815879533,3.373032169746749,410381351.53905886,0.08926890820972111,-0.08879527781597818,0.021261114862058728,5.0,0.5668158815640222,0.02003115551021558,0.09305441465499657,0.10486643745040994,0.565100684190723,0.07809993116168208,0.09944459137794234,0.8252884466639001,2,4,False,,,,False,0.5819055036344756,0.1166926272066459,0.10656801661474559,1.0266217347841708,1.2540256971073223,1.3645084576851805,1.1553878580943857,,,,,,17.8700008392334,1920773467.0,34324223467.267242,41827223467.26724,18056000000.0,7503000000.0,2325000000.0,411000000.0,116000000.0,567000000.0,7503000000.0,15408000000.0,2630000000.0,1914000000.0,1798000000.0,1642000000.0,3197000000.0,1658000000.0,1961556455.2406657,0.25416104363472786,0.10863737567792787,15.903887249911499,23.263194364442292,0.042986357949555555,25.47333950503486,0.03925672956238611,20.702185444672644,1.1544028950542822,2.346887707225524,9265000000.0,16716000000.0,1.4389122729286663,1.0,0.09402675899425376,0.09659779010689433,,,,,"['rev_cagr5 gate', 'fcf_cagr5 gate']",False,0.9,sector,Consumer Staples,33.33333333333333,51.85185185185185,75.0,8.333333333333332,3.7037037037037033,54.166666666666664,36.0,66.66666666666667,55.55555555555556,0.7,16.853911884777645,"{'profitability': 45.1, 'growth': None, 'balance': 21.8, 'stability': 48.0}",,False,-0.13629896820167797,26.660189928207167,,,,False,"{""floor"": false, ""depressed_arms"": {""self_pct"": false, ""self_z"": false, ""median_ratio"": false}, ""yield_arm"": false, ""residual_arm"": false, ""brakes"": {""gm"": true, ""fcf_margin"": true, ""roic"": true}, ""self_pct"": null, ""self_z"": null, ""median_ratio"": null, ""fcf_yield"": 0.042986357949555555, ""yield_threshold"": 0.0495, ""gs10"": 0.0495, ""residual_pct"": null, ""brake_values"": {""gm"": 1.0266217347841708, ""fcf_margin"": 1.2540256971073223, ""roic"": 1.1553878580943857}}",False,"{""floor"": false, ""mom_sector_pct"": 55.55555555555556, ""eps_rev_proxy"": null}"
KR,56873,Kroger,Consumer Staples,Food Retail,Consumer Staples Distribution and Retail,69.54140999315537,5.9986310746064335,401381175.6815331,-0.0970961954413826,-0.18665275306988482,-0.05265276888775727,10.0,,,0.0168133938372592,0.01807530042189031,0.3338569819052682,0.019456205552574875,0.022938906938964956,0.313202014654166,7,9,False,0.02188051774019617,,,False,,0.01786807494365771,0.023478758114971913,,1.0627286267488298,1.2067490781554107,0.6480265226791676,24.615384615384617,-0.6511828017896459,0.8071348234899635,260.0,gm_derived,60.75,612647282.0,37218322381.5,58617322381.5,27871000000.0,21399000000.0,6936000000.0,4104000000.0,176000000.0,3270000000.0,21393000000.0,148645000000.0,1975000000.0,2832000000.0,2656000000.0,3490000000.0,5245000000.0,1053000000.0,1643249607.535322,0.16797488226059654,0.058959119067680456,29.679656902025318,22.06977499303464,0.04531083802692172,16.795794378653294,0.05953871412423073,35.3450355,2.6894586894586894,4.078741658722593,2624000000.0,851000000.0,0.12468156865559184,3.0,0.09098257093540385,0.10069597900430077,41.53846153846154,-0.6559718071665619,0.8115633150244351,260.0,['fcf_cagr5 gate'],False,0.9,sector,Consumer Staples,29.166666666666668,3.7037037037037033,,20.833333333333336,55.55555555555556,95.83333333333334,16.0,7.407407407407405,7.4074074074074066,1.0,8.05195106067333,"{'profitability': 18.3, 'growth': 18.2, 'balance': 0.0, 'stability': 62.9}",37.58762552903291,False,-0.18896971094586457,26.660384473610705,,22.819788294853122,,False,"{""floor"": false, ""depressed_arms"": {""self_pct"": false, ""self_z"": false, ""median_ratio"": false}, ""yield_arm"": false, ""residual_arm"": false, ""brakes"": {""gm"": false, ""fcf_margin"": true, ""roic"": false}, ""self_pct"": 41.53846153846154, ""self_z"": -0.6559718071665619, ""median_ratio"": 0.8115633150244351, ""fcf_yield"": 0.04531083802692172, ""yield_threshold"": 0.0495, ""gs10"": 0.0495, ""residual_pct"": null, ""brake_values"": {""gm"": null, ""fcf_margin"": 1.0627286267488298, ""roic"": 0.6480265226791676}}",False,"{""floor"": false, ""mom_sector_pct"": 7.4074074074074066, ""eps_rev_proxy"": null}"
CHTR,1091667,Charter Communications,Communication Services,Cable & Satellite,Media and Entertainment,10.026009582477755,5.9986310746064335,399609390.7899367,-0.42803273604659087,-0.5236956163502107,-0.4920205624905414,10.0,,,4.314533391456709,4.21259842519685,0.39759643355092417,5.79180532549616,5.426142401700319,0.11871341566820082,5,9,False,-0.041699278420998076,-0.091718672797517,0.08229749530423125,False,,7.285714285714286,13.841487279843443,,1.68864477909497,2.389839868911288,0.9770740688542587,0.38461538461538464,-2.259534954822113,0.5880695999163827,260.0,shares_was_proxy,133.3699951171875,120121017.0,16020539450.761597,116793539450.7616,117725000000.0,100773000000.0,16470000000.0,12112000000.0,635000000.0,8762000000.0,95824000000.0,511000000.0,12663000000.0,4358000000.0,3723000000.0,7073000000.0,21425000000.0,4924000000.0,9678222148.364796,0.23570858814145174,0.08221042385529663,9.223212465510668,31.37081371226473,0.03187676319690235,16.51258864000588,0.06055985659191252,3.2535620330547514,0.8850528025995126,4.472532088681447,29710000000.0,6882000000.0,0.3108260777235082,0.0,0.08413939789815383,0.08446107678707196,29.615384615384617,-0.3624922123432476,0.8588909740774348,260.0,"['rev_cagr5 gate', 'fcf_cagr5 gate']",False,0.9,ig,Media and Entertainment,22.22222222222222,100.0,,16.666666666666664,70.0,44.44444444444444,10.0,80.0,25.0,1.0,12.378861513359059,"{'profitability': 70.6, 'growth': 0.0, 'balance': 0.0, 'stability': 43.9}",58.541931912657205,False,-0.1088471059960896,34.9782019852856,,35.46039671300813,,False,"{""floor"": false, ""depressed_arms"": {""self_pct"": false, ""self_z"": false, ""median_ratio"": false}, ""yield_arm"": false, ""residual_arm"": false, ""brakes"": {""gm"": false, ""fcf_margin"": true, ""roic"": true}, ""self_pct"": 29.615384615384617, ""self_z"": -0.3624922123432476, ""median_ratio"": 0.8588909740774348, ""fcf_yield"": 0.03187676319690235, ""yield_threshold"": 0.0495, ""gs10"": 0.0495, ""residual_pct"": null, ""brake_values"": {""gm"": null, ""fcf_margin"": 1.68864477909497, ""roic"": 0.9770740688542587}}",False,"{""floor"": false, ""mom_sector_pct"": 25.0, ""eps_rev_proxy"": null}"
CL,21665,Colgate-Palmolive,Consumer Staples,Household Products,Household and Personal Products,69.54140999315537,5.9986310746064335,397637806.3394273,0.1501489755151424,-0.10448557525132185,0.10784553638989247,10.0,0.5908186217430611,0.021703288911527906,0.14749718859481642,0.15056540956317088,0.21600903885523004,0.14963742550836723,0.15706429562625276,0.19704510974607448,9,9,False,0.043531026206107715,0.018852665164492688,0.02120926331663142,False,0.6042191286169051,0.17484677151137928,0.17275621228678673,1.0226812534011016,1.1854244353883503,1.154498693758446,0.8239514560940087,1.153846153846154,-1.5334391484906482,0.8227464541362673,260.0,,87.7300033569336,797172829.0,69935974964.22626,78292974964.22626,8593000000.0,8357000000.0,4456000000.0,598000000.0,178000000.0,642000000.0,8027000000.0,21047000000.0,3130000000.0,3858000000.0,3680000000.0,3636000000.0,3772000000.0,2038000000.0,2301220258.327668,0.26478585995921144,0.26780172911994277,25.01373002051957,21.275264935931048,0.04700293994041574,21.53272138730095,0.04644094826721512,34.31598379010121,1.8930323846908734,2.1280487804878048,3100000000.0,1495000000.0,0.5347375770976376,10.0,0.3250212462630662,0.32485578534848497,0.7692307692307693,-1.3464821364236341,0.8004822515840335,260.0,[],True,1.0,sector,Consumer Staples,95.83333333333334,74.07407407407408,83.33333333333334,87.5,55.55555555555556,83.33333333333334,43.99999999999999,22.222222222222214,66.66666666666666,1.0,42.26374416973891,"{'profitability': 80.1, 'growth': 26.0, 'balance': 29.1, 'stability': 87.0}",57.729573965247084,False,-0.22535130703900474,26.652859264825505,,49.996659067493,,False,"{""floor"": false, ""depressed_arms"": {""self_pct"": true, ""self_z"": true, ""median_ratio"": false}, ""yield_arm"": false, ""residual_arm"": false, ""brakes"": {""gm"": true, ""fcf_margin"": true, ""roic"": false}, ""self_pct"": 0.7692307692307693, ""self_z"": -1.3464821364236341, ""median_ratio"": 0.8004822515840335, ""fcf_yield"": 0.04700293994041574, ""yield_threshold"": 0.0495, ""gs10"": 0.0495, ""residual_pct"": null, ""brake_values"": {""gm"": 1.0226812534011016, ""fcf_margin"": 1.1854244353883503, ""roic"": 0.8239514560940087}}",False,"{""floor"": false, ""mom_sector_pct"": 66.66666666666666, ""eps_rev_proxy"": null}"
CTAS,723254,Cintas,Industrials,Diversified Support Services,Commercial and Professional Services,25.54962354551677,5.9986310746064335,391024089.78126734,0.028526803990648997,-0.03611167205094612,-0.0008971012747170937,10.0,0.48625418117325603,0.033846230868074784,0.15112972050591642,0.15562682599302374,0.1594886782882036,0.1408833110471567,0.145174673479535,0.18733790347359874,9,9,False,0.09620823052847349,0.09095906665122921,0.1369641160384938,False,0.5066945494893322,0.15562682599302374,0.145174673479535,1.0420363857165336,1.0297565923635204,1.0304604030135398,1.1271798957702177,78.84615384615384,1.9774846362342375,3.2520856193651393,260.0,,197.9600067138672,400169561.0,79217568982.24529,81884315982.24529,7806634000.0,2666747000.0,2276280000.0,395105000.0,128076000.0,512846000.0,2666747000.0,11264761000.0,2606512000.0,1881175000.0,1753099000.0,1635358000.0,3119358000.0,1999968000.0,2080736776.6597188,0.20171601870249636,0.26653443425933876,31.415284480656634,46.70832393506886,0.0214094601508318,50.07118684853425,0.019971565743488528,39.60941824181451,0.9406025496407943,0.8549025151970373,3544212000.0,706674000.0,0.5445222614509659,9.0,0.23646130955628167,0.23899879577216646,70.38461538461539,1.805016555835102,3.241527781552585,260.0,[],True,1.0,ig,Commercial and Professional Services,40.0,54.54545454545454,57.14285714285714,72.72727272727273,63.63636363636363,18.181818181818183,63.63636363636363,0.0,38.46153846153847,1.0,68.51681902770251,"{'profitability': 81.1, 'growth': 78.0, 'balance': 71.5, 'stability': 88.6}",17.899631294194688,True,0.6816506737692545,23.624202536544956,80.26315789473685,43.2082251609486,3.0,False,"{""floor"": true, ""depressed_arms"": {""self_pct"": false, ""self_z"": false, ""median_ratio"": false}, ""yield_arm"": false, ""residual_arm"": false, ""brakes"": {""gm"": true, ""fcf_margin"": true, ""roic"": true}, ""self_pct"": 70.38461538461539, ""self_z"": 1.805016555835102, ""median_ratio"": 3.241527781552585, ""fcf_yield"": 0.0214094601508318, ""yield_threshold"": 0.0495, ""gs10"": 0.0495, ""residual_pct"": 80.26315789473685, ""brake_values"": {""gm"": 1.0420363857165336, ""fcf_margin"": 1.0297565923635204, ""roic"": 1.1271798957702177}}",False,"{""floor"": true, ""mom_sector_pct"": 38.46153846153847, ""eps_rev_proxy"": 3.0}"
KDP,1418135,Keurig Dr Pepper,Consumer Staples,Soft Drinks & Non-alcoholic Beverages,Food Beverage and Tobacco,4.243668720054757,5.9986310746064335,386957181.01420367,0.2216364683858012,-0.05898206978154574,0.19837807356528403,11.0,0.5428192640639168,0.021830910100845466,0.11976218223395219,0.10149175949449547,0.3335401210434496,0.11251242293474224,0.10201289818252883,0.3714618791287085,9,10,False,0.07401671198285564,-0.0548108666739644,-0.07058667963172871,False,0.49392732702837233,0.09238427078148333,0.08073668491786959,0.9099296206448055,0.7713976904747206,0.7175801819208645,0.7086703368284221,67.3076923076923,0.5903610435400566,1.2638393252912483,260.0,,31.43000030517578,1360826038.0,42770762789.63115,77616762789.63115,59878000000.0,34846000000.0,2527000000.0,557000000.0,114000000.0,791000000.0,30650000000.0,20090000000.0,3260000000.0,1970000000.0,1856000000.0,1622000000.0,4051000000.0,1427000000.0,2472704211.0603757,0.24150177574835108,0.041295704784067196,23.808822941604646,41.81937650303402,0.023912360336779515,47.85250480248529,0.02089754766500882,29.972503706819307,1.3805185704274703,7.566033078252284,29760000000.0,38113000000.0,1.1335214937038645,2.0,0.05827209442528904,0.058893988089081487,67.3076923076923,0.38338007505525196,1.176584500062905,260.0,['fcf_cagr5 gate'],False,1.0,ig,Food Beverage and Tobacco,18.181818181818183,50.0,71.42857142857143,18.181818181818183,100.0,69.23076923076923,0.0,28.57142857142857,81.48148148148148,1.0,15.81608606490749,"{'profitability': 28.8, 'growth': 30.8, 'balance': 0.0, 'stability': 76.1}",29.41602274841179,False,0.7156630454877124,20.44414920972439,,22.61605440665964,,False,"{""floor"": false, ""depressed_arms"": {""self_pct"": false, ""self_z"": false, ""median_ratio"": false}, ""yield_arm"": false, ""residual_arm"": false, ""brakes"": {""gm"": false, ""fcf_margin"": false, ""roic"": false}, ""self_pct"": 67.3076923076923, ""self_z"": 0.38338007505525196, ""median_ratio"": 1.176584500062905, ""fcf_yield"": 0.023912360336779515, ""yield_threshold"": 0.0495, ""gs10"": 0.0495, ""residual_pct"": null, ""brake_values"": {""gm"": 0.9099296206448055, ""fcf_margin"": 0.7713976904747206, ""roic"": 0.7086703368284221}}",False,"{""floor"": false, ""mom_sector_pct"": 81.48148148148148, ""eps_rev_proxy"": null}"
GD,40533,General Dynamics,Industrials,Aerospace & Defense,Capital Goods,69.54140999315537,5.9986310746064335,386750334.5399029,0.20670702690105203,-0.1006366837513597,0.11771675402674409,10.0,,,0.07778792618250824,0.08374146725201106,0.07862697280855324,0.08196257563854983,0.08710910083443812,0.09205818333787459,8,9,False,0.06740547524230567,0.06489670198718422,0.066773781532812,False,,0.11148899791852512,0.11812369907820398,,1.4332429644280074,1.4411906673006787,1.1235188424844258,24.23076923076923,-0.6031501598334175,0.7526748602505742,260.0,gm_derived,355.95001220703125,270430187.0,96259628363.79974,102829628363.79974,32649000000.0,6570000000.0,7423000000.0,1222000000.0,202000000.0,865000000.0,6570000000.0,53808000000.0,5508000000.0,6201000000.0,5999000000.0,6356000000.0,6373000000.0,4341000000.0,4535323975.720789,0.17659332321699545,0.1389115738834509,18.66914095203336,17.141128248674736,0.05833921696941477,16.178355626777808,0.06181097900610106,22.17452853347149,1.4284727021423635,1.0309116585595481,20956000000.0,1328000000.0,0.6825323899660021,7.0,0.12363973671885838,0.12014230956715646,25.769230769230766,-0.6319198169717217,0.7468030276387975,260.0,[],True,0.9,ig,Capital Goods,36.84210526315789,35.714285714285715,,53.57142857142857,63.95348837209303,77.5,65.78947368421052,66.66666666666667,60.0,1.0,47.99245157479929,"{'profitability': 46.8, 'growth': 55.1, 'balance': 65.6, 'stability': 87.4}",63.99965538618308,False,-0.45200000050765254,26.936459400873662,,55.996053480491184,,False,"{""floor"": false, ""depressed_arms"": {""self_pct"": false, ""self_z"": false, ""median_ratio"": true}, ""yield_arm"": true, ""residual_arm"": false, ""brakes"": {""gm"": false, ""fcf_margin"": true, ""roic"": true}, ""self_pct"": 25.769230769230766, ""self_z"": -0.6319198169717217, ""median_ratio"": 0.7468030276387975, ""fcf_yield"": 0.05833921696941477, ""yield_threshold"": 0.0495, ""gs10"": 0.0495, ""residual_pct"": null, ""brake_values"": {""gm"": null, ""fcf_margin"": 1.4332429644280074, ""roic"": 1.1235188424844258}}",False,"{""floor"": false, ""mom_sector_pct"": 60.0, ""eps_rev_proxy"": null}"
AKAM,1086222,Akamai Technologies,Information Technology,Internet Services & Infrastructure,Software and Services,19.186858316221766,5.9986310746064335,383446587.34495777,0.4475616142630874,-0.2902969355401134,0.4037756101815413,10.0,0.6075484009044092,0.02645663675265128,0.18812575594733774,0.1842468169718739,0.07738132725328861,0.12748649672990625,0.11960984854558866,0.20295428052406678,9,9,False,0.056425850397398225,0.07607765907051411,-0.08240707884008691,False,0.5745235648650862,0.10328502089138746,0.048383768611054694,0.9456424607649998,0.5490211607192167,0.37952073240792605,,98.84615384615385,3.910130705234503,2.22323538553031,260.0,gm_derived,107.08000183105469,143716609.0,15389174754.87297,13809945754.87297,3169288000.0,-1579229000.0,1447190000.0,491087000.0,509619000.0,728416000.0,-1579229000.0,4322834000.0,455678000.0,956103000.0,446484000.0,209155000.0,1184094000.0,410965000.0,,,,30.306369310945385,30.930438167712552,0.032330612149034245,66.02732784237992,0.015145244138717755,37.44643644805025,2.326482790505274,-1.3337023918709157,3202854000.0,564281000.0,1.18863763722325,,,,90.76923076923077,1.938753403111055,1.556054802973069,260.0,[],True,0.8,ig,Software and Services,,50.0,16.666666666666664,,63.63636363636363,80.95238095238095,80.0,40.90909090909091,65.51724137931035,1.0,58.97849382824416,"{'profitability': 41.3, 'growth': 55.2, 'balance': 100.0, 'stability': 93.5}",25.34743834359788,False,,,,42.16296608592102,,False,"{""floor"": false, ""depressed_arms"": {""self_pct"": false, ""self_z"": false, ""median_ratio"": false}, ""yield_arm"": false, ""residual_arm"": false, ""brakes"": {""gm"": false, ""fcf_margin"": false, ""roic"": false}, ""self_pct"": 90.76923076923077, ""self_z"": 1.938753403111055, ""median_ratio"": 1.556054802973069, ""fcf_yield"": 0.032330612149034245, ""yield_threshold"": 0.0495, ""gs10"": 0.0495, ""residual_pct"": null, ""brake_values"": {""gm"": 0.9456424607649998, ""fcf_margin"": 0.5490211607192167, ""roic"": null}}",False,"{""floor"": false, ""mom_sector_pct"": 65.51724137931035, ""eps_rev_proxy"": null}"
TPR,1116132,"Tapestry, Inc.",Consumer Discretionary,"Apparel, Accessories & Luxury Goods",Consumer Durables and Apparel,22.04517453798768,5.9986310746064335,377475522.1769855,0.15026116909417286,-0.28258265235831403,0.029287076215628094,10.0,0.7338186643650635,0.040987891255076674,0.14513857895101032,0.14358052690886788,0.33844371436159504,0.1391961870252844,0.13784643473547578,0.39258897281885374,7,9,False,0.06852804969049076,0.08458548952073475,0.10517268919803402,False,0.7782164363709053,0.2133879713150596,0.21403763024412184,1.060502374989681,1.470236052036075,1.537668773967514,1.9394583644217729,45.38461538461539,-0.13151212122817943,0.94032952219452,260.0,,116.04000091552734,199391678.0,23137410497.668533,25956010497.668533,3510700000.0,2818600000.0,1978500000.0,166000000.0,104500000.0,160800000.0,2818600000.0,8004200000.0,1914400000.0,1812500000.0,1708000000.0,1713200000.0,2075200000.0,1527700000.0,1571874062.1304955,0.17892077824357733,0.44773807563463003,13.558300510691879,15.196727457651367,0.06580364113173012,15.150601504592887,0.06600398008599534,15.145257902512622,1.1864240361327485,1.358230531996916,957700000.0,716500000.0,0.4768849517190304,5.0,0.23085727636546505,0.20317811414335157,50.38461538461539,0.013464450578272896,1.0059883238223188,260.0,[],True,1.0,ig,Consumer Durables and Apparel,87.5,80.0,100.0,38.88888888888889,70.0,55.55555555555556,20.0,55.55555555555556,54.54545454545454,1.0,45.50090905773695,"{'profitability': 78.7, 'growth': 63.8, 'balance': 54.7, 'stability': 67.9}",54.97315985006756,False,-0.6332814442648687,28.627321244519162,,50.237034453902254,,False,"{""floor"": false, ""depressed_arms"": {""self_pct"": false, ""self_z"": false, ""median_ratio"": false}, ""yield_arm"": true, ""residual_arm"": false, ""brakes"": {""gm"": true, ""fcf_margin"": true, ""roic"": true}, ""self_pct"": 50.38461538461539, ""self_z"": 0.013464450578272896, ""median_ratio"": 1.0059883238223188, ""fcf_yield"": 0.06580364113173012, ""yield_threshold"": 0.0495, ""gs10"": 0.0495, ""residual_pct"": null, ""brake_values"": {""gm"": 1.060502374989681, ""fcf_margin"": 1.470236052036075, ""roic"": 1.9394583644217729}}",False,"{""floor"": false, ""mom_sector_pct"": 54.54545454545454, ""eps_rev_proxy"": null}"
HAL,45012,Halliburton,Energy,Oil & Gas Equipment & Services,Energy,69.54140999315537,5.9986310746064335,373971406.24817127,0.5943585745651914,-0.17784067559518302,0.5423831350969293,9.0,,,,,0.2915042420724589,0.08779473359175705,0.08068878470970069,0.3597912517020693,5,9,False,0.08959339537251054,0.07716291557214183,,False,,0.07710186385375228,0.07079962454744558,,,0.8064222266071422,0.7718720275232221,58.46153846153847,0.2080196952648925,1.142117182021114,260.0,sbc_unreported;gm_derived,34.029998779296875,833130367.0,28351425372.005157,34814425372.00516,17473000000.0,6463000000.0,2750000000.0,1025000000.0,,1166000000.0,6421000000.0,22373000000.0,2559000000.0,1725000000.0,1725000000.0,1584000000.0,3725000000.0,1602000000.0,1975346909.4393868,0.22807858169621467,0.11305138839577558,13.604699246582712,20.182275577974004,0.04954842659523257,21.978803896467902,0.04549838129092661,17.697518958804718,1.0767790262172285,1.723758389261745,3020000000.0,,0.1728380930578607,5.0,0.14646390122276373,0.14040666459845066,45.0,-0.04733028958464898,0.972025059034365,260.0,[],True,0.8,ig,Energy,63.63636363636363,,,90.9090909090909,72.72727272727273,70.0,27.272727272727266,45.45454545454546,63.63636363636363,1.0,26.01861779907666,"{'profitability': 43.7, 'growth': 69.5, 'balance': 42.5, 'stability': 50.9}",48.754056171895435,False,0.014405728940512397,19.89361933035741,,37.38633698548605,,False,"{""floor"": false, ""depressed_arms"": {""self_pct"": false, ""self_z"": false, ""median_ratio"": false}, ""yield_arm"": true, ""residual_arm"": false, ""brakes"": {""gm"": false, ""fcf_margin"": false, ""roic"": false}, ""self_pct"": 45.0, ""self_z"": -0.04733028958464898, ""median_ratio"": 0.972025059034365, ""fcf_yield"": 0.04954842659523257, ""yield_threshold"": 0.0495, ""gs10"": 0.0495, ""residual_pct"": null, ""brake_values"": {""gm"": null, ""fcf_margin"": null, ""roic"": 0.7718720275232221}}",False,"{""floor"": false, ""mom_sector_pct"": 63.63636363636363, ""eps_rev_proxy"": null}"
CARR,1783180,Carrier Global,Industrials,Building Products,Capital Goods,6.458590006844627,5.9986310746064335,372661258.31884414,0.015044050829063904,-0.25824721957393315,-0.08550196650905517,8.0,0.2623094391214494,0.03839485134879538,0.07345111941520929,0.0873720467666036,0.5150958130176503,0.05838010810957171,0.07739472466450717,0.8891258391260732,3,7,False,0.04493896559222432,0.08976364718415653,-0.018498254744406917,False,,0.0737997256515775,0.03433927754915409,,1.0047460983459977,0.5882016779534534,0.4887988804630752,78.02690582959642,0.5999293736432564,1.9547038429939914,223.0,gm_derived,54.38999938964844,830580423.0,45175268700.02394,56868268700.02394,25494000000.0,11693000000.0,2109000000.0,423000000.0,72000000.0,1286000000.0,11344000000.0,21870000000.0,1802000000.0,1686000000.0,1614000000.0,751000000.0,3088000000.0,1310000000.0,1760122535.2112677,0.02323943661971831,0.06904065800624726,31.558417702566004,35.23436722430232,0.028381380986182907,75.72339374170964,0.013205958562963669,34.48493793894957,1.2870229007633587,3.673575129533679,15313000000.0,5987000000.0,0.835490703694987,4.0,0.14124553219279054,0.12639183859223302,44.17670682730924,-0.05407323945104393,0.9441538856650222,249.0,[],True,1.0,ig,Capital Goods,50.0,28.57142857142857,27.27272727272727,36.904761904761905,15.11627906976744,62.5,7.89473684210526,21.42857142857143,35.38461538461539,1.0,12.625905348380801,"{'profitability': 32.0, 'growth': 56.1, 'balance': 0.0, 'stability': 42.6}",35.36492665269634,False,0.2685707282773553,26.935664319086328,,23.99541600053857,,False,"{""floor"": false, ""depressed_arms"": {""self_pct"": false, ""self_z"": false, ""median_ratio"": false}, ""yield_arm"": false, ""residual_arm"": false, ""brakes"": {""gm"": false, ""fcf_margin"": true, ""roic"": false}, ""self_pct"": 44.17670682730924, ""self_z"": -0.05407323945104393, ""median_ratio"": 0.9441538856650222, ""fcf_yield"": 0.028381380986182907, ""yield_threshold"": 0.0495, ""gs10"": 0.0495, ""residual_pct"": null, ""brake_values"": {""gm"": null, ""fcf_margin"": 1.0047460983459977, ""roic"": 0.4887988804630752}}",False,"{""floor"": false, ""mom_sector_pct"": 35.38461538461539, ""eps_rev_proxy"": null}"
NSC,702165,Norfolk Southern,Industrials,Rail Transportation,Transportation,69.54140999315537,5.9986310746064335,365354339.5400616,0.25798093302389136,-0.09052805625425442,0.14409836435232504,10.0,,,0.16267952915802913,0.1770935960591133,0.3349688981010178,0.22648182573995249,0.23546488819144762,0.16166143898365332,5,9,False,0.044676419652051935,0.0013031785833279574,0.03632848470094219,False,,0.13006379585326955,0.1850877192982456,,0.7995092961384452,0.8172298977789247,0.8924957161320612,90.76923076923077,1.6746775376596101,1.4116697191910659,260.0,sbc_unreported,318.9700012207031,224608373.0,71643333009.99014,81937333009.99014,26547000000.0,10294000000.0,3732000000.0,2101000000.0,,1411000000.0,10294000000.0,12540000000.0,4036000000.0,1631000000.0,1631000000.0,2321000000.0,5447000000.0,2636000000.0,3163513529.5866785,0.21617603330359797,0.11916651710500917,20.30161868433849,50.23748191906201,0.019905456280852364,35.30259931494621,0.02832652607471388,27.178806149465153,0.6187405159332322,1.88984762254452,,,0.0,6.0,0.1335205479993321,0.1345420065213395,71.92307692307692,0.4638692101678439,1.4326646586359886,260.0,[],True,0.9,ig,Transportation,36.36363636363637,77.77777777777779,,22.727272727272727,77.27272727272727,9.090909090909092,33.33333333333334,36.36363636363637,66.15384615384615,1.0,18.817269754467137,"{'profitability': 55.8, 'growth': 19.2, 'balance': 37.0, 'stability': 48.0}",27.6824155570597,False,0.6233896530111034,26.93352375256594,,23.249842655763416,,False,"{""floor"": false, ""depressed_arms"": {""self_pct"": false, ""self_z"": false, ""median_ratio"": false}, ""yield_arm"": false, ""residual_arm"": false, ""brakes"": {""gm"": false, ""fcf_margin"": false, ""roic"": false}, ""self_pct"": 71.92307692307692, ""self_z"": 0.4638692101678439, ""median_ratio"": 1.4326646586359886, ""fcf_yield"": 0.019905456280852364, ""yield_threshold"": 0.0495, ""gs10"": 0.0495, ""residual_pct"": null, ""brake_values"": {""gm"": null, ""fcf_margin"": 0.7995092961384452, ""roic"": 0.8924957161320612}}",False,"{""floor"": false, ""mom_sector_pct"": 66.15384615384615, ""eps_rev_proxy"": null}"
GWW,277135,W. W. Grainger,Industrials,Industrial Machinery & Supplies & Components,Capital Goods,45.21834360027378,5.9986310746064335,363486336.6543382,0.3396820491027448,-0.09314218709888289,0.2890141627914078,10.0,0.38501363649632897,0.03073839873086191,0.0735323418550858,0.07061643072121279,0.2713268723028499,0.08411296839854662,0.09034667261174897,0.2931040678990064,9,9,False,0.08747643442914854,,,False,0.39395065003979834,0.0765189705492173,0.09418944016980632,1.023212200026984,1.0406165317027087,1.119796887009326,0.9642691974591847,,,,,,1262.6099853515625,47100942.0,59470119688.664795,62060119688.664795,6721000000.0,2590000000.0,2175000000.0,665000000.0,68000000.0,332000000.0,2208000000.0,18845000000.0,2745000000.0,1510000000.0,1442000000.0,1775000000.0,3077000000.0,1870000000.0,2025268156.424581,0.2621973929236499,0.3013343485232229,22.60842247310193,43.03753099075229,0.023235533660489853,34.96344771192383,0.028601298368494794,31.802203042066736,0.8074866310160428,0.7175820604484888,354000000.0,288000000.0,0.09552149977681892,10.0,0.31250023262925775,0.3254863215931069,81.53846153846153,1.2693545716264332,1.2274948592341637,260.0,['fcf_cagr5 gate'],False,1.0,ig,Capital Goods,92.10526315789474,30.952380952380953,69.6969696969697,86.90476190476191,63.95348837209303,15.0,81.57894736842105,47.61904761904761,73.84615384615385,1.0,58.63746434067693,"{'profitability': 64.1, 'growth': 72.9, 'balance': 76.1, 'stability': 83.4}",27.66987649356588,False,0.4687973999211197,26.93092215303505,,43.153670417121404,,False,"{""floor"": false, ""depressed_arms"": {""self_pct"": false, ""self_z"": false, ""median_ratio"": false}, ""yield_arm"": false, ""residual_arm"": false, ""brakes"": {""gm"": true, ""fcf_margin"": true, ""roic"": true}, ""self_pct"": 81.53846153846153, ""self_z"": 1.2693545716264332, ""median_ratio"": 1.2274948592341637, ""fcf_yield"": 0.023235533660489853, ""yield_threshold"": 0.0495, ""gs10"": 0.0495, ""residual_pct"": null, ""brake_values"": {""gm"": 1.023212200026984, ""fcf_margin"": 1.0406165317027087, ""roic"": 0.9642691974591847}}",False,"{""floor"": false, ""mom_sector_pct"": 73.84615384615385, ""eps_rev_proxy"": null}"
DXCM,1093557,Dexcom,Health Care,Health Care Equipment,Health Care Equipment and Services,6.351813826146475,5.9986310746064335,359082216.0486007,0.36901409215404124,-0.04775824353054747,0.303632383744197,10.0,0.6341916612389081,0.049219502726604226,0.0894685044055907,0.09968804350826822,0.6645102551449527,0.14186915265834052,0.133033198157949,0.5192382343732566,9,9,False,0.19330547815255028,0.31246833350776404,0.28913611778157544,False,0.6247283264911857,0.2500603718908476,0.26607904692908313,0.9850781154560821,2.794954197034972,1.8755243260659615,2.054392579181702,13.461538461538462,-0.932534471554757,0.42849302066497297,260.0,,87.93000030517578,377360765.0,33181332181.611366,32241532181.611366,1681600000.0,-939800000.0,1748700000.0,343700000.0,162400000.0,264100000.0,-939800000.0,4969200000.0,1139100000.0,1405000000.0,1242600000.0,1322200000.0,1403200000.0,999700000.0,889654898.4375,0.218984375,0.5290526275199215,28.30439134545814,25.946830984718627,0.03854035202175362,24.384761898057302,0.04100921732107085,33.19128956848191,1.4054216264879464,-0.6697548460661346,24100000.0,70800000.0,0.05643434823977165,7.0,0.25752265310978284,0.2728602777404583,10.822510822510822,-0.4610714304654182,0.2619186193302038,231.0,[],True,1.0,ig,Health Care Equipment and Services,85.18518518518519,34.48275862068966,59.09090909090909,76.78571428571429,58.333333333333336,65.51724137931035,81.48148148148148,16.666666666666657,78.04878048780488,1.0,61.651194718026545,"{'profitability': 69.9, 'growth': 100.0, 'balance': 100.0, 'stability': 70.1}",46.604299699353085,True,0.01450802185160871,25.573111315480205,40.78947368421053,54.12774720868981,14.0,False,"{""floor"": true, ""depressed_arms"": {""self_pct"": true, ""self_z"": false, ""median_ratio"": true}, ""yield_arm"": false, ""residual_arm"": false, ""brakes"": {""gm"": true, ""fcf_margin"": true, ""roic"": true}, ""self_pct"": 10.822510822510822, ""self_z"": -0.4610714304654182, ""median_ratio"": 0.2619186193302038, ""fcf_yield"": 0.03854035202175362, ""yield_threshold"": 0.0495, ""gs10"": 0.0495, ""residual_pct"": 40.78947368421053, ""brake_values"": {""gm"": 0.9850781154560821, ""fcf_margin"": 2.794954197034972, ""roic"": 2.054392579181702}}",False,"{""floor"": true, ""mom_sector_pct"": 78.04878048780488, ""eps_rev_proxy"": 14.0}"
YUM,1041061,Yum! Brands,Consumer Discretionary,Restaurants,Consumer Services,28.95003422313484,5.9986310746064335,358963622.2729727,0.06534832344755692,-0.18469275426389575,-0.049936849425472385,9.0,0.7298263084733565,0.02613959142766898,0.18254109599548318,0.18055371572393694,0.11676701120753127,0.19835463402640796,0.19149236856981344,0.12169571447002071,6,9,False,0.07763207419433016,0.07437202978281343,0.10302388113102201,False,0.6812657647328595,0.18470534281128181,0.20396698005044714,0.9334628757874247,1.0118562168370688,1.028294504192385,-2.4223898574231817,16.923076923076923,-0.9961846143070312,0.9199803177930669,260.0,gm_derived,135.75,272901085.0,37046322288.75,46341322288.75,2188000000.0,9295000000.0,2083000000.0,404000000.0,68000000.0,236000000.0,9229000000.0,8722000000.0,2703000000.0,1679000000.0,1611000000.0,1779000000.0,2939000000.0,2216000000.0,2172441587.790231,0.19628502116528623,0.992889208313634,17.144403362467628,28.765563183581627,0.03476379007836582,26.049085041455875,0.03838906427648218,16.71765446243231,0.7576714801444043,3.1401837359646136,716000000.0,807000000.0,0.6960694698354661,0.0,-0.40988002210751506,-0.42271515920535374,20.384615384615383,-0.732762669460311,0.92930533199827,260.0,[],True,1.0,ig,Consumer Services,16.666666666666664,92.3076923076923,100.0,11.538461538461538,50.0,23.076923076923077,44.44444444444444,46.15384615384615,51.515151515151516,1.0,25.04381627016207,"{'profitability': 36.1, 'growth': 63.3, 'balance': 0.0, 'stability': 74.9}",52.3765566924484,False,,,,38.710186481305236,,False,"{""floor"": false, ""depressed_arms"": {""self_pct"": false, ""self_z"": false, ""median_ratio"": false}, ""yield_arm"": false, ""residual_arm"": false, ""brakes"": {""gm"": false, ""fcf_margin"": true, ""roic"": false}, ""self_pct"": 20.384615384615383, ""self_z"": -0.732762669460311, ""median_ratio"": 0.92930533199827, ""fcf_yield"": 0.03476379007836582, ""yield_threshold"": 0.0495, ""gs10"": 0.0495, ""residual_pct"": null, ""brake_values"": {""gm"": 0.9334628757874247, ""fcf_margin"": 1.0118562168370688, ""roic"": -2.4223898574231817}}",False,"{""floor"": false, ""mom_sector_pct"": 51.515151515151516, ""eps_rev_proxy"": null}"
ROK,1024478,Rockwell Automation,Industrials,Electrical Components & Equipment,Capital Goods,26.518822724161534,5.9986310746064335,357410987.2354004,0.2734364851387301,-0.14324045264185292,0.19468433977340815,10.0,0.4499093353035171,0.08029767995081916,0.11535190609472867,0.1241996025612718,0.28950350089635024,0.10332079278785075,0.1143740340030912,0.3472983741876739,7,9,False,0.05675920504497323,0.06171650501697035,0.04691204613327771,False,0.5453025743898362,0.15769530814666222,,1.2120276944730766,1.3670802112031033,,,42.69230769230769,-0.2075535804510057,0.9302030048987103,260.0,,410.04998779296875,111048676.0,45535508238.22534,48665508238.22534,6624000000.0,3130000000.0,1732000000.0,228000000.0,89000000.0,,3128000000.0,8973000000.0,,1504000000.0,1415000000.0,,,1201000000.0,,0.1703422053231939,,,34.39258532736773,0.029076034572028956,,,37.914661314092704,1.2522897585345545,,3814000000.0,743700000.0,0.6880585748792271,3.0,0.21526741675523128,0.20206275421266706,20.384615384615383,-0.6524581631631888,0.8256910860523192,260.0,[],True,0.8,ig,Capital Goods,71.05263157894737,64.28571428571429,84.84848484848484,27.380952380952383,63.95348837209303,55.00000000000001,,,67.6923076923077,0.7,42.433976177112115,"{'profitability': 74.8, 'growth': 49.4, 'balance': None, 'stability': 66.4}",,False,0.24448320829990955,26.933147848919322,,,,False,"{""floor"": false, ""depressed_arms"": {""self_pct"": false, ""self_z"": false, ""median_ratio"": false}, ""yield_arm"": false, ""residual_arm"": false, ""brakes"": {""gm"": true, ""fcf_margin"": true, ""roic"": false}, ""self_pct"": 20.384615384615383, ""self_z"": -0.6524581631631888, ""median_ratio"": 0.8256910860523192, ""fcf_yield"": 0.029076034572028956, ""yield_threshold"": 0.0495, ""gs10"": 0.0495, ""residual_pct"": null, ""brake_values"": {""gm"": 1.2120276944730766, ""fcf_margin"": 1.3670802112031033, ""roic"": null}}",False,"{""floor"": false, ""mom_sector_pct"": 67.6923076923077, ""eps_rev_proxy"": null}"
ECL,31462,Ecolab,Materials,Specialty Chemicals,Materials,37.6290212183436,5.9986310746064335,355606195.1735652,0.069565572074066,-0.11180088095477303,0.034518822738796695,10.0,0.4122314531465502,0.058994399159062974,0.09832274117298731,0.10440505454288429,0.19004241455634815,0.09168585194894763,0.09092570593073197,0.28901504256194954,7,9,False,0.0640436792245791,0.06789096606222178,0.1377524450097658,False,0.44113997328187615,0.1032328929790708,0.11222799465637524,1.0701269151460135,1.0499391264676465,1.2240492101100382,1.5469909008737963,18.846153846153847,-0.6981871562522695,0.8324046317110846,260.0,gm_derived,271.67999267578125,280328603.0,76159672809.85199,77781672809.85199,11677500000.0,1622000000.0,3056800000.0,1182300000.0,135800000.0,1030800000.0,1593100000.0,16842500000.0,2852100000.0,1874500000.0,1738700000.0,1890200000.0,3882900000.0,2116400000.0,2314043639.9589305,0.18865269802639084,0.19816258959185876,27.271720069370634,44.735533910307694,0.02235359484040015,41.14996974386413,0.024301354441435764,35.985481388136456,0.8857021357021357,0.41028612634886297,9419300000.0,3419100000.0,1.0994134018411474,7.0,0.1280955107621702,0.11975987834425743,46.15384615384615,-0.07873922389625433,0.986221814701732,260.0,[],True,1.0,ig,Materials,50.0,85.71428571428571,92.85714285714286,71.42857142857143,71.42857142857143,45.45454545454545,90.9090909090909,25.0,42.857142857142854,1.0,46.020402164907935,"{'profitability': 50.6, 'growth': 55.0, 'balance': 86.3, 'stability': 73.5}",33.784137523850006,False,0.43783836348080696,28.873660102962212,,39.90226984437897,,False,"{""floor"": false, ""depressed_arms"": {""self_pct"": false, ""self_z"": false, ""median_ratio"": false}, ""yield_arm"": false, ""residual_arm"": false, ""brakes"": {""gm"": true, ""fcf_margin"": true, ""roic"": true}, ""self_pct"": 46.15384615384615, ""self_z"": -0.07873922389625433, ""median_ratio"": 0.986221814701732, ""fcf_yield"": 0.02235359484040015, ""yield_threshold"": 0.0495, ""gs10"": 0.0495, ""residual_pct"": null, ""brake_values"": {""gm"": 1.0701269151460135, ""fcf_margin"": 1.0499391264676465, ""roic"": 1.5469909008737963}}",False,"{""floor"": false, ""mom_sector_pct"": 42.857142857142854, ""eps_rev_proxy"": null}"
JBL,898293,Jabil,Information Technology,Electronic Manufacturing Services,Technology Hardware and Equipment,2.751540041067762,5.9986310746064335,355239643.0553871,0.3977496851978004,-0.2307989699103471,0.32067959686796677,7.0,0.08464506764772181,0.062153577068021645,,,0.5350708829097841,0.026355255314265073,0.023341594144429715,0.20462466395087145,8,9,False,0.01794613089068231,,,False,0.09225960107174755,0.03888061923191426,0.03453408752604942,1.089958383112364,,1.310330221212369,0.8919975841394582,76.15384615384615,1.059861163973724,1.4091663931773832,260.0,sbc_unreported,295.94000244140625,104787089.0,31010691374.487854,33914091374.487854,4226400000.0,2903400000.0,1857000000.0,551000000.0,,697000000.0,2899400000.0,33590000000.0,1439000000.0,1306000000.0,1306000000.0,1160000000.0,2136000000.0,862000000.0,1063501287.553648,0.2609442060085837,0.2516328997618891,23.567818884286208,25.967910700220408,0.038509066499197116,29.236285667661942,0.03420407131628534,35.975280016807254,1.5150812064965198,1.3573970037453182,1228000000.0,627000000.0,0.43890781752791974,9.0,0.2821004274407854,0.23952776036879278,55.38461538461539,0.05410883392848471,1.0681202224530364,260.0,['fcf_cagr5 gate'],False,0.9,ig,Technology Hardware and Equipment,65.0,,10.526315789473683,60.0,10.0,85.0,36.8421052631579,65.0,62.06896551724138,1.0,27.835348583490738,"{'profitability': 57.8, 'growth': 15.0, 'balance': 54.8, 'stability': 63.2}",47.930357080560825,False,-0.29959122455037246,35.03868709013489,,37.88285283202578,,False,"{""floor"": false, ""depressed_arms"": {""self_pct"": false, ""self_z"": false, ""median_ratio"": false}, ""yield_arm"": false, ""residual_arm"": false, ""brakes"": {""gm"": true, ""fcf_margin"": false, ""roic"": false}, ""self_pct"": 55.38461538461539, ""self_z"": 0.05410883392848471, ""median_ratio"": 1.0681202224530364, ""fcf_yield"": 0.038509066499197116, ""yield_threshold"": 0.0495, ""gs10"": 0.0495, ""residual_pct"": null, ""brake_values"": {""gm"": 1.089958383112364, ""fcf_margin"": null, ""roic"": 0.8919975841394582}}",False,"{""floor"": false, ""mom_sector_pct"": 62.06896551724138, ""eps_rev_proxy"": null}"
EQT,33213,EQT Corporation,Energy,Oil & Gas Exploration & Production,Energy,3.9589322381930185,5.9986310746064335,354759518.1607877,0.10496572398705739,-0.25018141940359917,0.03564819904105465,9.0,0.7158915877091989,0.08492974253602878,0.18301839434077882,0.16065875969380466,0.6070538951430415,0.16221704033317605,0.2021840451833086,0.7327384028999501,5,9,False,0.26673595375868553,0.4177006151182334,,False,0.8374337384448007,0.3863223019934941,0.3640140790270445,1.1697773138032364,2.110838658513007,2.243994085204609,1.1557025688113116,33.624454148471614,-0.43027674424202156,0.5464911060570494,229.0,gm_derived,50.349998474121094,625516000.0,31494729645.53833,41107567645.53833,34871714000.0,9612838000.0,6246145000.0,2487812000.0,74627000.0,2700528000.0,6008317000.0,9535318000.0,4049329000.0,3758333000.0,3683706000.0,3470990000.0,6749857000.0,2711615000.0,3147924314.952893,0.22260593916846647,0.09027156838212463,10.151698626004045,11.159296546884667,0.08961138328017364,11.843182390481774,0.08443676429434105,11.614749750808404,1.3860127636113533,0.8901398948155494,2062462000.0,193100000.0,0.06468170735743015,1.0,0.07810968913478553,0.08140954768869922,25.30612244897959,-0.037274380821692155,0.5970441407739694,245.0,[],True,1.0,ig,Energy,18.181818181818183,100.0,100.0,27.27272727272727,72.72727272727273,90.0,45.45454545454546,63.63636363636363,18.181818181818183,1.0,31.925914189779512,"{'profitability': 52.5, 'growth': 100.0, 'balance': 70.3, 'stability': 44.3}",72.64099074162786,False,-0.5782655110545694,19.8963924740913,,52.28345246570369,,False,"{""floor"": false, ""depressed_arms"": {""self_pct"": false, ""self_z"": false, ""median_ratio"": true}, ""yield_arm"": true, ""residual_arm"": false, ""brakes"": {""gm"": true, ""fcf_margin"": true, ""roic"": true}, ""self_pct"": 25.30612244897959, ""self_z"": -0.037274380821692155, ""median_ratio"": 0.5970441407739694, ""fcf_yield"": 0.08961138328017364, ""yield_threshold"": 0.0495, ""gs10"": 0.0495, ""residual_pct"": null, ""brake_values"": {""gm"": 1.1697773138032364, ""fcf_margin"": 2.110838658513007, ""roic"": 1.1557025688113116}}",False,"{""floor"": false, ""mom_sector_pct"": 18.181818181818183, ""eps_rev_proxy"": null}"
LYV,1335258,Live Nation Entertainment,Communication Services,Movies & Entertainment,Media and Entertainment,6.737850787132102,5.9986310746064335,354187266.0277687,0.11055464187980224,-0.10676010643745826,0.028218880300150406,9.0,,,0.0786699019674674,0.04181243218440444,0.4196958479622363,0.07273742987591972,0.04601754433318038,0.26441659183633937,8,9,True,0.6839429426424875,-0.3269840566073986,,False,,0.04638958516945548,0.0668616484857666,,0.5896738652177183,0.9192192877837942,1.1119702071745268,45.66929133858268,-0.06774737622374376,0.9495180329942781,254.0,,168.33999633789062,235633860.0,39666603129.48303,42718363129.48303,3134090000.0,3051760000.0,2608702000.0,1226000000.0,163930000.0,688147000.0,2378527000.0,26272535000.0,801196000.0,1382702000.0,1218772000.0,1756625000.0,1489343000.0,134700000.0,589692373.1020703,0.2639848762324446,0.18815425629196045,53.318243138361936,35.0503319156356,0.02853040029426683,24.318430586768965,0.04112107466935282,294.4810922753009,10.26504825538233,1.5970310398612007,3063726000.0,1574955000.0,1.480072684575108,5.0,0.16920800132770925,0.21116699069120004,58.46153846153847,0.13898356794569922,1.2124507468552144,260.0,['fcf_cagr5 gate'],False,0.9,ig,Media and Entertainment,33.33333333333333,30.0,,44.44444444444444,30.0,88.88888888888889,30.0,0.0,83.33333333333334,1.0,33.07539879173548,"{'profitability': 55.4, 'growth': 50.0, 'balance': 46.8, 'stability': 64.6}",24.255322619925614,False,0.002214923198462504,34.97278403536476,,28.665360705830548,,False,"{""floor"": false, ""depressed_arms"": {""self_pct"": false, ""self_z"": false, ""median_ratio"": false}, ""yield_arm"": false, ""residual_arm"": false, ""brakes"": {""gm"": false, ""fcf_margin"": false, ""roic"": true}, ""self_pct"": 58.46153846153847, ""self_z"": 0.13898356794569922, ""median_ratio"": 1.2124507468552144, ""fcf_yield"": 0.02853040029426683, ""yield_threshold"": 0.0495, ""gs10"": 0.0495, ""residual_pct"": null, ""brake_values"": {""gm"": null, ""fcf_margin"": 0.5896738652177183, ""roic"": 1.1119702071745268}}",False,"{""floor"": false, ""mom_sector_pct"": 83.33333333333334, ""eps_rev_proxy"": null}"
FAST,815556,Fastenal,Industrials,Trading Companies & Distributors,Capital Goods,18.00684462696783,5.9986310746064335,351358668.87492055,0.1007450989097729,-0.051311725300589583,0.056079712697973294,10.0,0.45604882678986564,0.010740026583842295,0.12640090375033794,0.12441028359395706,0.24120790474902407,0.12869548647266832,0.13118208322289954,0.2514467744639874,9,9,False,0.07745687030729775,0.023872804151259475,0.034880002371733054,False,0.4470135094977941,0.13102612750588613,0.13830662674011932,0.9801878291066524,1.0365916984635153,1.0746812536389314,1.0544623541883251,87.6923076923077,1.9588623896286985,1.8789092100701819,260.0,,49.18000030517578,1147497573.0,56433930990.32847,56643536990.32847,4278406000.0,209606000.0,1399200000.0,243300000.0,9500000.0,179600000.0,209606000.0,8749400000.0,1775100000.0,1155900000.0,1146400000.0,1210100000.0,1954700000.0,1352100000.0,1351719255.4629421,0.23851092588420816,0.3159399214246946,31.910054076011757,49.409924101821765,0.020238849141707742,46.80897197779396,0.02136342580807793,41.73798608855001,0.8548923896161527,0.10723180027625723,,,0.0,7.0,0.29962181216786077,0.30168585872621995,86.53846153846155,1.913156564534625,2.217412565939739,260.0,[],True,1.0,ig,Capital Goods,89.47368421052632,71.42857142857143,87.87878787878788,53.57142857142857,63.95348837209303,25.0,86.84210526315789,16.666666666666657,52.307692307692314,1.0,62.14948389495933,"{'profitability': 74.9, 'growth': 42.2, 'balance': 96.4, 'stability': 86.9}",16.556886810022867,True,0.6068668169455167,26.93117344640218,75.0,39.353185352491096,2.0,False,"{""floor"": true, ""depressed_arms"": {""self_pct"": false, ""self_z"": false, ""median_ratio"": false}, ""yield_arm"": false, ""residual_arm"": false, ""brakes"": {""gm"": true, ""fcf_margin"": true, ""roic"": true}, ""self_pct"": 86.53846153846155, ""self_z"": 1.913156564534625, ""median_ratio"": 2.217412565939739, ""fcf_yield"": 0.020238849141707742, ""yield_threshold"": 0.0495, ""gs10"": 0.0495, ""residual_pct"": 75.0, ""brake_values"": {""gm"": 0.9801878291066524, ""fcf_margin"": 1.0365916984635153, ""roic"": 1.0544623541883251}}",False,"{""floor"": true, ""mom_sector_pct"": 52.307692307692314, ""eps_rev_proxy"": 2.0}"
DLTR,935703,Dollar Tree,Consumer Staples,Consumer Staples Merchandise Retail,Consumer Staples Distribution and Retail,14.74880219028063,5.9986310746064335,348490879.1276182,0.3802224730113979,-0.18256517312974618,0.20092377661588223,10.0,0.3495958375040161,0.08194804963580872,0.044157082398457184,0.04474034772113994,0.31237948258613824,0.07330954723825153,0.07649633681692333,0.3483962712136354,8,9,False,-0.0533172843938553,-0.10278720660484053,-0.05278279136463293,False,0.35166638403144235,0.09526968388081439,0.11974921942801281,1.0059226864433202,2.157517632644657,1.6334737280375664,1.679704548837779,6.923076923076923,-0.47205727568811107,0.4955915313292968,260.0,,114.4000015258789,187630299.0,21464906491.901115,28077606491.901115,10038000000.0,6612700000.0,3117000000.0,1138900000.0,68000000.0,648100000.0,6612700000.0,20049400000.0,2201400000.0,1978100000.0,1910100000.0,2400900000.0,2849500000.0,1612500000.0,1659408059.2564988,0.24620329823907575,0.165312617977336,12.754431948714961,14.699547925187748,0.0680293030159448,11.694617223499986,0.0855094254808554,13.311569917458057,1.2267286821705425,2.3206527460958064,422100000.0,2150000000.0,0.25623630205220166,2.0,0.09841767594885606,0.08822435245279006,0.40816326530612246,-0.1304977974458869,0.21830854043615341,245.0,"['rev_cagr5 gate', 'fcf_cagr5 gate']",False,1.0,sector,Consumer Staples,37.5,29.629629629629626,29.166666666666668,14.583333333333334,55.55555555555556,66.66666666666666,40.0,88.88888888888889,88.88888888888889,1.0,13.557651990834701,"{'profitability': 31.0, 'growth': 0.0, 'balance': 22.6, 'stability': 70.6}",85.21891748706193,False,-0.5953445792673442,26.659920138489706,,49.388284738948315,,False,"{""floor"": false, ""depressed_arms"": {""self_pct"": true, ""self_z"": false, ""median_ratio"": true}, ""yield_arm"": true, ""residual_arm"": false, ""brakes"": {""gm"": true, ""fcf_margin"": true, ""roic"": true}, ""self_pct"": 0.40816326530612246, ""self_z"": -0.1304977974458869, ""median_ratio"": 0.21830854043615341, ""fcf_yield"": 0.0680293030159448, ""yield_threshold"": 0.0495, ""gs10"": 0.0495, ""residual_pct"": null, ""brake_values"": {""gm"": 1.0059226864433202, ""fcf_margin"": 2.157517632644657, ""roic"": 1.679704548837779}}",False,"{""floor"": false, ""mom_sector_pct"": 88.88888888888889, ""eps_rev_proxy"": null}"
FICO,814547,Fair Isaac,Information Technology,Application Software,Software and Services,3.4989733059548254,5.9986310746064335,347025925.51327467,-0.20615885692979863,-0.47785914405998475,-0.34586144600614943,10.0,0.7884302155000654,0.031081700435860518,0.26441342845974425,0.2763515661480525,0.22908115263801804,0.2570234255226193,0.2712830454449745,0.2768567424887982,9,9,False,0.08989325752163668,0.1755600958063408,0.20311963527135402,False,0.8509956863687163,0.34330823141117367,0.3388721890895418,1.0793544813968963,1.298376687640283,1.3184486526879606,1.5246749022878094,0.7692307692307693,-1.2827362312070283,0.4810610720659359,260.0,gm_derived,966.2999877929688,21597635.0,20869794436.856995,26236182436.856995,1269253000.0,5366388000.0,1001549000.0,5526000.0,174289000.0,16144000.0,5366388000.0,2393575000.0,1236298000.0,996023000.0,821734000.0,811116000.0,1252442000.0,815017000.0,946037648.9477766,0.23478186574128843,0.74534994122352,21.22156829248045,31.927828758280654,0.03132063904410176,32.34578338592383,0.030915930774308525,25.60657561358474,1.222088619010401,4.284739732458669,791815000.0,0.0,0.6238433157140459,7.0,0.48885827405245896,0.4628606525818475,1.5384615384615385,-1.228340875560055,0.48872521785875844,260.0,[],True,1.0,ig,Software and Services,89.47368421052632,81.81818181818183,55.55555555555556,80.0,63.63636363636363,23.809523809523807,0.0,68.18181818181819,17.24137931034483,1.0,56.591124365535194,"{'profitability': 100.0, 'growth': 87.5, 'balance': 0.0, 'stability': 85.4}",65.46255151376754,False,-0.060354404615738044,33.91415263001344,,61.026837939651365,,False,"{""floor"": false, ""depressed_arms"": {""self_pct"": true, ""self_z"": true, ""median_ratio"": true}, ""yield_arm"": false, ""residual_arm"": false, ""brakes"": {""gm"": true, ""fcf_margin"": true, ""roic"": true}, ""self_pct"": 1.5384615384615385, ""self_z"": -1.228340875560055, ""median_ratio"": 0.48872521785875844, ""fcf_yield"": 0.03132063904410176, ""yield_threshold"": 0.0495, ""gs10"": 0.0495, ""residual_pct"": null, ""brake_values"": {""gm"": 1.0793544813968963, ""fcf_margin"": 1.298376687640283, ""roic"": 1.5246749022878094}}",False,"{""floor"": false, ""mom_sector_pct"": 17.24137931034483, ""eps_rev_proxy"": null}"
EW,1099800,Edwards Lifesciences,Health Care,Health Care Equipment,Health Care Equipment and Services,15.46611909650924,5.9986310746064335,344085282.74724215,0.20669260175362258,-0.06485114515696766,0.18599644747683497,10.0,0.7957158320202075,0.03222141342043694,0.1510941901765252,0.18969534050179213,0.45261348512454663,0.1744031032184392,0.21103896103896103,0.49844766179386457,8,9,False,0.06704742515528728,0.15577988481103255,0.08426016693354588,False,0.7783885877493358,0.19433994134176866,0.2129508775701365,0.9782243313836294,1.2862171676801002,1.2210268833543425,0.6447446476090066,3.076923076923077,-0.5337836464931769,0.5941549562548504,260.0,,88.25,576400000.0,50867300000.0,47425900000.0,7176600000.0,-3441400000.0,1720300000.0,286700000.0,168000000.0,165500000.0,-3548300000.0,6512300000.0,1449000000.0,1433600000.0,1265600000.0,1386800000.0,1614500000.0,1004900000.0,1000276100.4514673,0.3096783295711061,0.13938022189497357,32.73008971704624,37.47305625790139,0.02668584043739813,34.19808191520046,0.029241406067148965,50.61926559856702,1.4266096128968055,-2.1977702074945804,1951200000.0,617700000.0,0.3579550204832372,7.0,0.21617895148390298,0.20166235272072994,3.4615384615384617,-0.31169933413592427,0.5761579214446306,260.0,[],True,1.0,ig,Health Care Equipment and Services,77.77777777777779,82.75862068965517,90.9090909090909,76.78571428571429,58.333333333333336,68.96551724137932,92.5925925925926,13.333333333333329,41.46341463414634,1.0,56.584374467812104,"{'profitability': 72.8, 'growth': 77.9, 'balance': 100.0, 'stability': 68.6}",45.25469727889877,False,0.382041913056006,25.57410361320456,,50.919535873355436,,False,"{""floor"": false, ""depressed_arms"": {""self_pct"": true, ""self_z"": false, ""median_ratio"": true}, ""yield_arm"": false, ""residual_arm"": false, ""brakes"": {""gm"": true, ""fcf_margin"": true, ""roic"": false}, ""self_pct"": 3.4615384615384617, ""self_z"": -0.31169933413592427, ""median_ratio"": 0.5761579214446306, ""fcf_yield"": 0.02668584043739813, ""yield_threshold"": 0.0495, ""gs10"": 0.0495, ""residual_pct"": null, ""brake_values"": {""gm"": 0.9782243313836294, ""fcf_margin"": 1.2862171676801002, ""roic"": 0.6447446476090066}}",False,"{""floor"": false, ""mom_sector_pct"": 41.46341463414634, ""eps_rev_proxy"": null}"
MLM,916076,Martin Marietta Materials,Materials,Construction Materials,Materials,12.213552361396303,5.9986310746064335,336635138.1815514,-0.13177551221898465,-0.28034936290050416,-0.19617650984102442,10.0,0.27487298422544315,0.10767696042187586,0.11783543538828958,0.12404876246767639,0.2336379484486437,0.1361723808866464,0.14623807841752032,0.292983570773367,6,9,False,0.053912684057572546,0.07213040966121098,0.11953645731518026,False,0.28154904306220097,0.11363636363636363,0.11692583732057417,1.024287795526978,0.9643649489808458,0.8586604461142999,0.6671446954227355,59.61538461538461,0.24281662906388815,1.0667637923568638,260.0,,494.44000244140625,60065839.0,29698953581.805115,36235953581.805115,18083000000.0,6537000000.0,1519000000.0,709000000.0,50000000.0,687000000.0,6535000000.0,6688000000.0,1318000000.0,810000000.0,760000000.0,782000000.0,2005000000.0,2457610000.0,1052014479.6380091,0.20180995475113123,0.05817698831156385,27.4931362532664,47.67888629184883,0.020973644264231893,46.33753654962291,0.021580776071880713,12.084485976947162,0.3295885026509495,3.2593516209476308,3959000000.0,459000000.0,0.24431786761046287,1.0,0.08720295418777192,0.07610998809376278,41.92307692307693,-0.06525471561006925,0.9807319559076672,260.0,[],True,1.0,ig,Materials,25.0,92.85714285714286,57.14285714285714,28.57142857142857,71.42857142857143,9.090909090909092,18.181818181818173,16.666666666666657,14.285714285714285,1.0,18.669386728094644,"{'profitability': 37.3, 'growth': 52.5, 'balance': 0.0, 'stability': 60.9}",32.81108062104172,False,0.5014736395191486,28.87612199313555,,25.74023367456818,,False,"{""floor"": false, ""depressed_arms"": {""self_pct"": false, ""self_z"": false, ""median_ratio"": false}, ""yield_arm"": false, ""residual_arm"": false, ""brakes"": {""gm"": true, ""fcf_margin"": true, ""roic"": false}, ""self_pct"": 41.92307692307693, ""self_z"": -0.06525471561006925, ""median_ratio"": 0.9807319559076672, ""fcf_yield"": 0.020973644264231893, ""yield_threshold"": 0.0495, ""gs10"": 0.0495, ""residual_pct"": null, ""brake_values"": {""gm"": 1.024287795526978, ""fcf_margin"": 0.9643649489808458, ""roic"": 0.6671446954227355}}",False,"{""floor"": false, ""mom_sector_pct"": 14.285714285714285, ""eps_rev_proxy"": null}"
ODFL,878927,Old Dominion,Industrials,Cargo Ground Transportation,Transportation,6.776180698151951,5.9986310746064335,333527402.19907176,0.4728132238230536,-0.2864214333673891,0.2509099178345857,10.0,,,0.14514518194104437,0.14385462031856797,0.12210334464329892,0.20344635911682984,0.21036873916666327,0.1524441185992953,5,9,False,0.06481850942440892,0.06172005206375064,0.08490900369337329,False,,0.1989769936922881,,,1.3708825262495405,,0.805290335379538,,,,,sbc_unreported,175.08999633789062,207356622.0,36306070186.61737,36143528186.61737,4384810000.0,-162542000.0,1394102000.0,279332000.0,,,-162542000.0,5602507000.0,1447737000.0,1114770000.0,1114770000.0,,,1089276000.0,1087130629.5296962,0.2490827895331154,0.24793106874179183,24.96553461479355,32.42240837716962,0.030842866093320646,,,33.33046003640709,1.0234045365912772,,19463000.0,,0.004438732807122771,7.0,0.30787786447845605,0.3093586046972486,43.46153846153846,-0.3574743147819708,0.9041163101139463,260.0,[],True,0.8,ig,Transportation,90.9090909090909,66.66666666666666,,54.54545454545454,77.27272727272727,63.63636363636363,,0.0,83.07692307692308,0.7,42.07263789285463,"{'profitability': 78.8, 'growth': 52.7, 'balance': None, 'stability': 62.2}",30.01235349888227,False,0.185663290755119,26.928535121696882,,36.04249569586845,,False,"{""floor"": false, ""depressed_arms"": {""self_pct"": false, ""self_z"": false, ""median_ratio"": false}, ""yield_arm"": false, ""residual_arm"": false, ""brakes"": {""gm"": false, ""fcf_margin"": true, ""roic"": false}, ""self_pct"": 43.46153846153846, ""self_z"": -0.3574743147819708, ""median_ratio"": 0.9041163101139463, ""fcf_yield"": 0.030842866093320646, ""yield_threshold"": 0.0495, ""gs10"": 0.0495, ""residual_pct"": null, ""brake_values"": {""gm"": null, ""fcf_margin"": 1.3708825262495405, ""roic"": 0.805290335379538}}",False,"{""floor"": false, ""mom_sector_pct"": 83.07692307692308, ""eps_rev_proxy"": null}"
TSCO,916365,Tractor Supply,Consumer Discretionary,Other Specialty Retail,Consumer Discretionary Distribution and Retail,12.648870636550308,5.9986310746064335,332733958.5953522,-0.4036812210189542,-0.4053404832467449,-0.43663836074708773,10.0,0.3575460802672047,0.01601184912986224,0.03862698400979492,0.03729592078462387,0.1253834212458995,0.06496201953891194,0.06448089148585295,0.09398178637669168,8,8,False,0.07888014810034849,-0.07618568653399116,-0.010010203657942585,False,0.364612128305975,0.01541084714582009,,1.0197626220192084,0.39896584061319035,,0.7053193358074278,,,,,,32.81999969482422,521040137.0,17100537137.33117,23398027137.33117,8929055000.0,6297490000.0,1285820000.0,978839000.0,64249000.0,,6297490000.0,15750724000.0,1340986000.0,306981000.0,242732000.0,,,1011914000.0,1065742924.3977051,0.2052542499342237,0.11935674317133281,17.44837540237644,96.39448913753098,0.010374037032067763,,,16.8992000677243,0.3033666892641074,,425419000.0,80800000.0,0.05669345748234276,7.0,0.16922369359787492,0.1687901774323052,98.07692307692307,3.8342657400368543,4.348863522913095,260.0,['fcf_cagr5 gate'],False,0.9,ig,Consumer Discretionary Distribution and Retail,25.0,25.0,55.55555555555556,50.0,55.55555555555556,11.11111111111111,,22.222222222222214,6.0606060606060606,0.7,30.308758437190633,"{'profitability': 32.9, 'growth': 32.9, 'balance': None, 'stability': 92.1}",10.791536004135093,False,1.2140186211909159,28.62929264899925,,20.550147220662865,,False,"{""floor"": false, ""depressed_arms"": {""self_pct"": false, ""self_z"": false, ""median_ratio"": false}, ""yield_arm"": false, ""residual_arm"": false, ""brakes"": {""gm"": true, ""fcf_margin"": false, ""roic"": false}, ""self_pct"": 98.07692307692307, ""self_z"": 3.8342657400368543, ""median_ratio"": 4.348863522913095, ""fcf_yield"": 0.010374037032067763, ""yield_threshold"": 0.0495, ""gs10"": 0.0495, ""residual_pct"": null, ""brake_values"": {""gm"": 1.0197626220192084, ""fcf_margin"": 0.39896584061319035, ""roic"": 0.7053193358074278}}",False,"{""floor"": false, ""mom_sector_pct"": 6.0606060606060606, ""eps_rev_proxy"": null}"
CPRT,900075,Copart,Industrials,Diversified Support Services,Commercial and Professional Services,8.213552361396303,5.9986310746064335,331895414.5793124,-0.26281351446198786,-0.3424961328728975,-0.35310794254108935,10.0,,,0.21871024446332896,0.21864024057648856,0.2569036305429991,0.3042590579887912,0.3010863368512564,0.2089960254057535,9,9,False,0.16072427791153787,0.30441065555211777,0.14277972457173815,False,,0.2804824971269924,0.30725088690837654,,1.2824387710563818,1.0098331630268031,0.9894216878806683,39.42307692307692,-0.13928290875453458,0.9035104514025893,260.0,gm_derived,29.65999984741211,925811482.0,27459568414.85238,24306920414.85238,5621616000.0,-3152648000.0,1685427000.0,346194000.0,38112000.0,222019000.0,-3152648000.0,4638867000.0,1696277000.0,1339233000.0,1301121000.0,1425296000.0,1918296000.0,1553201000.0,1376519053.1258874,0.188505737491054,0.24486180719670061,14.32957023814647,18.6815218683369,0.05352882955937806,17.053945576815188,0.05863745697415022,17.67933990182364,0.8622406243622043,-1.643462739848282,522703000.0,46071000.0,0.10117624540701464,10.0,0.24747972497064646,0.22602713535124885,26.346153846153847,-0.24862788112748832,0.7975429910870274,260.0,[],True,0.9,ig,Commercial and Professional Services,70.0,81.81818181818183,,90.9090909090909,63.63636363636363,9.090909090909092,90.9090909090909,81.81818181818181,6.153846153846154,1.0,80.79398713252475,"{'profitability': 93.7, 'growth': 100.0, 'balance': 100.0, 'stability': 82.9}",66.59566459470255,True,-0.2347267196656304,23.623963977535237,25.0,73.69482586361366,-3.0,False,"{""floor"": true, ""depressed_arms"": {""self_pct"": false, ""self_z"": false, ""median_ratio"": true}, ""yield_arm"": true, ""residual_arm"": false, ""brakes"": {""gm"": false, ""fcf_margin"": true, ""roic"": true}, ""self_pct"": 26.346153846153847, ""self_z"": -0.24862788112748832, ""median_ratio"": 0.7975429910870274, ""fcf_yield"": 0.05352882955937806, ""yield_threshold"": 0.0495, ""gs10"": 0.0495, ""residual_pct"": 25.0, ""brake_values"": {""gm"": null, ""fcf_margin"": 1.2824387710563818, ""roic"": 0.9894216878806683}}",False,"{""floor"": true, ""mom_sector_pct"": 6.153846153846154, ""eps_rev_proxy"": -3.0}"
BDX,10795,Becton Dickinson,Health Care,Health Care Equipment,Health Care Equipment and Services,53.96577686516085,5.9986310746064335,324270229.72629017,0.3305372409489349,-0.04974145710861244,0.2643543798468617,10.0,,,0.11139188640322129,0.11043956043956044,0.23944525150961024,0.04159239506718156,0.03250915750915751,0.7185980189169954,6,9,False,0.0632263568424074,0.04253440627462113,-0.1920320832387351,True,0.46428215602271594,0.12309455016439175,0.043489090365647104,,1.1050584933880072,1.0456019735194841,0.8022705811727483,51.37614678899083,0.0005359749786665898,1.011129817915747,218.0,,181.3800048828125,272386800.0,49405519114.01367,66344519114.01367,41355000000.0,16939000000.0,3458000000.0,728000000.0,259000000.0,2326000000.0,16939000000.0,20074000000.0,1922000000.0,2730000000.0,2471000000.0,873000000.0,4248000000.0,942000000.0,1655584158.4158416,0.13861386138613863,0.04003347015876778,34.518480288248526,26.84925905059234,0.03724497566639323,75.99601273082895,0.013158585089745566,52.44747252018436,2.8980891719745223,3.9875235404896423,25944000000.0,8036000000.0,0.8216660621448434,0.0,0.04990020960290902,0.05123221744352186,48.07692307692308,-0.008468456351904342,0.9939197274433262,260.0,[],True,0.9,ig,Health Care Equipment and Services,22.22222222222222,58.620689655172406,,8.928571428571429,58.333333333333336,93.10344827586206,3.7037037037037095,10.0,70.73170731707317,1.0,16.108065788477415,"{'profitability': 32.1, 'growth': 44.1, 'balance': 0.0, 'stability': 61.8}",33.329610843377885,False,0.04833290007913593,25.58241815237803,,24.71883831592765,,False,"{""floor"": false, ""depressed_arms"": {""self_pct"": false, ""self_z"": false, ""median_ratio"": false}, ""yield_arm"": false, ""residual_arm"": false, ""brakes"": {""gm"": false, ""fcf_margin"": true, ""roic"": false}, ""self_pct"": 48.07692307692308, ""self_z"": -0.008468456351904342, ""median_ratio"": 0.9939197274433262, ""fcf_yield"": 0.03724497566639323, ""yield_threshold"": 0.0495, ""gs10"": 0.0495, ""residual_pct"": null, ""brake_values"": {""gm"": null, ""fcf_margin"": 1.1050584933880072, ""roic"": 0.8022705811727483}}",False,"{""floor"": false, ""mom_sector_pct"": 70.73170731707317, ""eps_rev_proxy"": null}"
TECH,842023,Bio-Techne,Health Care,Life Sciences Tools & Services,Pharmaceuticals Biotechnology and Life Sciences,5.0513347022587265,5.9986310746064335,323401832.4158269,0.3668715319408442,-0.0002760823275183011,0.37008825526431144,10.0,0.6662357724729555,0.01965704651584564,0.18028380645715947,0.17687012917799178,0.08887064216956629,0.12534396903105566,0.12620911756741965,0.1649814180818298,8,9,False,0.05469071323715702,-0.03084494017537176,-0.06572885157777075,False,0.6576504951692909,0.18259331593471484,0.12620911756741965,0.9871137551323648,1.0128104100026543,1.0069021951598616,0.930869024597259,53.07692307692308,0.013017516776570056,1.0051225980080278,260.0,,72.41000366210938,156818238.0,11355209187.86554,11191325187.86554,1944337000.0,-163884000.0,292073000.0,28850000.0,41365000.0,97359000.0,-163125000.0,1215039000.0,251890000.0,263223000.0,221858000.0,153349000.0,349249000.0,109563000.0,190332471.2481303,0.24438258268239987,0.09789068008690381,44.42941437875874,50.44364047212875,0.019824104498415863,72.97944680347142,0.013702488081239235,103.64091151087082,2.402480764491662,-0.46707363514283506,975355000.0,326165000.0,0.6693901314432632,4.0,0.10516053010707524,0.09789068008690381,56.92307692307692,0.08932401123142895,1.0324029101391132,260.0,[],True,1.0,ig,Pharmaceuticals Biotechnology and Life Sciences,36.36363636363637,45.45454545454545,50.0,40.909090909090914,63.63636363636363,87.5,72.72727272727273,11.111111111111114,75.60975609756098,1.0,53.50341287420881,"{'profitability': 59.8, 'growth': 22.8, 'balance': 100.0, 'stability': 88.0}",25.3143199571197,False,0.3922259670826076,34.07727417786148,,39.40886641566426,,False,"{""floor"": false, ""depressed_arms"": {""self_pct"": false, ""self_z"": false, ""median_ratio"": false}, ""yield_arm"": false, ""residual_arm"": false, ""brakes"": {""gm"": true, ""fcf_margin"": true, ""roic"": true}, ""self_pct"": 56.92307692307692, ""self_z"": 0.08932401123142895, ""median_ratio"": 1.0324029101391132, ""fcf_yield"": 0.019824104498415863, ""yield_threshold"": 0.0495, ""gs10"": 0.0495, ""residual_pct"": null, ""brake_values"": {""gm"": 0.9871137551323648, ""fcf_margin"": 1.0128104100026543, ""roic"": 0.930869024597259}}",False,"{""floor"": false, ""mom_sector_pct"": 75.60975609756098, ""eps_rev_proxy"": null}"
KMI,1506307,Kinder Morgan,Energy,Oil & Gas Storage & Transportation,Energy,14.316221765913758,5.9986310746064335,321285092.8438713,0.17525173305478847,-0.0647336163154687,0.1877705512592478,10.0,,,,,0.17402457470255972,0.231313038682341,0.22786475463754768,0.13619847775554514,4,9,False,0.08527968679767972,0.0033541386493711745,0.07741120732456874,False,,0.19394460480255482,0.250383835902475,,,1.0824458375920765,1.2291928368168543,66.92307692307692,0.6715739536841892,1.1258492082152807,260.0,sbc_unreported;gm_derived,31.309999465942383,2226802089.0,69721172217.34938,103345172217.34938,65255000000.0,33624000000.0,6557000000.0,3399000000.0,,2480000000.0,32376000000.0,16283000000.0,5217000000.0,3158000000.0,3158000000.0,4077000000.0,7697000000.0,3467000000.0,4050606785.558939,0.22357546759460636,0.06207350832210465,19.80931037326996,32.72488037281488,0.03055778932138488,25.348337556377086,0.03945031889274419,20.109942952797628,0.9108739544274589,4.206314148369494,20084000000.0,1872000000.0,0.33646463872500193,0.0,0.050499406165473285,0.0516922231007157,76.92307692307693,1.7979186156806044,1.657258485555131,260.0,[],True,0.8,ig,Energy,9.090909090909092,,,9.090909090909092,95.45454545454545,40.0,9.090909090909093,9.090909090909093,27.27272727272727,1.0,16.314420856184977,"{'profitability': 51.7, 'growth': 36.9, 'balance': 0.0, 'stability': 51.4}",20.333428089089036,False,0.49750051898916503,19.8983166414626,,18.323924472637007,,False,"{""floor"": false, ""depressed_arms"": {""self_pct"": false, ""self_z"": false, ""median_ratio"": false}, ""yield_arm"": false, ""residual_arm"": false, ""brakes"": {""gm"": false, ""fcf_margin"": false, ""roic"": true}, ""self_pct"": 76.92307692307693, ""self_z"": 1.7979186156806044, ""median_ratio"": 1.657258485555131, ""fcf_yield"": 0.03055778932138488, ""yield_threshold"": 0.0495, ""gs10"": 0.0495, ""residual_pct"": null, ""brake_values"": {""gm"": null, ""fcf_margin"": null, ""roic"": 1.2291928368168543}}",False,"{""floor"": false, ""mom_sector_pct"": 27.27272727272727, ""eps_rev_proxy"": null}"
TRGP,1389170,Targa Resources,Energy,Oil & Gas Storage & Transportation,Energy,3.9342915811088295,5.9986310746064335,319915339.7612652,0.8581255546014059,-0.04690738379470716,0.7709657460729646,7.0,,,0.05472001113296334,0.04755826478957429,0.43922013435352114,0.1059187685610378,0.11329800813185308,0.24120204818309088,6,9,True,0.19892244153238936,-0.24487298872602725,0.1415505451960304,True,0.4319206761640235,0.039715676612012064,0.15269838425469642,,0.7257980360330617,1.4416555850222235,1.5979054727392372,88.84615384615384,1.687810005365846,1.3866710698711717,260.0,,285.07000732421875,214431021.0,61127852727.009705,69472352727.0097,12001000000.0,8344500000.0,4285500000.0,3544600000.0,76000000.0,1653100000.0,8205300000.0,16741500000.0,3835700000.0,740900000.0,664900000.0,2556400000.0,5488800000.0,2267600000.0,3017963800.22531,0.21319086471170587,0.25147602701652444,18.112040234379567,104.48541544143436,0.009570713728563534,27.175853828434402,0.03679737189908229,26.957070350595213,0.3267331098959252,1.4949169217315261,118900000.0,2105200000.0,0.18532622281476543,4.0,0.15737853790902118,0.17407039063213398,68.07692307692308,0.6644261629610884,2.0561172660466664,260.0,['fcf_cagr5 gate'],False,0.9,ig,Energy,72.72727272727273,37.5,,68.18181818181817,36.36363636363637,20.0,36.36363636363637,27.272727272727266,72.72727272727273,1.0,24.55623023250498,"{'profitability': 51.5, 'growth': 50.0, 'balance': 50.2, 'stability': 48.5}",24.13320107675855,False,1.65866438913767,19.893302302660757,,24.344715654631763,,False,"{""floor"": false, ""depressed_arms"": {""self_pct"": false, ""self_z"": false, ""median_ratio"": false}, ""yield_arm"": false, ""residual_arm"": false, ""brakes"": {""gm"": false, ""fcf_margin"": false, ""roic"": true}, ""self_pct"": 68.07692307692308, ""self_z"": 0.6644261629610884, ""median_ratio"": 2.0561172660466664, ""fcf_yield"": 0.009570713728563534, ""yield_threshold"": 0.0495, ""gs10"": 0.0495, ""residual_pct"": null, ""brake_values"": {""gm"": null, ""fcf_margin"": 0.7257980360330617, ""roic"": 1.5979054727392372}}",False,"{""floor"": false, ""mom_sector_pct"": 72.72727272727273, ""eps_rev_proxy"": null}"
PAYX,723531,Paychex,Industrials,Human Resource & Employment Services,Commercial and Professional Services,27.964407939767284,5.9986310746064335,318943996.0399956,-0.0002872455559197462,-0.08288726939083213,-0.06429521196338528,10.0,0.7134709981142798,0.016067728499474694,0.31775762531684204,0.30810276679841897,0.17070918173415253,0.3060057175456143,0.29894239194669164,0.1414088914702114,9,9,False,0.09528106546435477,0.15249578779376405,0.14715628981229933,False,0.7342527495199251,0.353224040246941,0.32026154163558745,1.0291276750709868,1.1116146776799918,1.046586789960381,0.6374809199451834,21.153846153846153,-0.9686964560630761,0.8338141938641955,260.0,gm_derived,116.51000213623047,355682860.0,41440610778.42056,44946410778.42056,7240900000.0,3505800000.0,2556700000.0,234900000.0,96100000.0,442600000.0,3505800000.0,6301100000.0,2510500000.0,2321800000.0,2225700000.0,2018000000.0,2953100000.0,1760000000.0,1912125600.4154227,0.23834869531351421,0.26407291916963677,17.903370156710043,20.194280800835944,0.04951897073544728,22.272750633508704,0.044897912092435016,23.545801578648046,1.3192045454545454,1.1871592563746571,4527400000.0,105100000.0,0.6397685370603102,10.0,0.4142444281977008,0.5074994648857736,9.230769230769232,-1.2885016425659637,0.7716927544447605,260.0,[],True,1.0,ig,Commercial and Professional Services,100.0,90.9090909090909,100.0,90.9090909090909,63.63636363636363,81.81818181818183,36.36363636363637,63.63636363636363,33.84615384615385,1.0,76.41373459414194,"{'profitability': 100.0, 'growth': 89.7, 'balance': 60.4, 'stability': 89.9}",64.57951170394834,True,-0.15674796877395059,23.62126591598049,32.89473684210527,70.49662314904515,8.0,False,"{""floor"": true, ""depressed_arms"": {""self_pct"": true, ""self_z"": true, ""median_ratio"": true}, ""yield_arm"": true, ""residual_arm"": false, ""brakes"": {""gm"": true, ""fcf_margin"": true, ""roic"": false}, ""self_pct"": 9.230769230769232, ""self_z"": -1.2885016425659637, ""median_ratio"": 0.7716927544447605, ""fcf_yield"": 0.04951897073544728, ""yield_threshold"": 0.0495, ""gs10"": 0.0495, ""residual_pct"": 32.89473684210527, ""brake_values"": {""gm"": 1.0291276750709868, ""fcf_margin"": 1.1116146776799918, ""roic"": 0.6374809199451834}}",False,"{""floor"": true, ""mom_sector_pct"": 33.84615384615385, ""eps_rev_proxy"": 8.0}"
IDXX,874716,Idexx Laboratories,Health Care,Health Care Equipment,Health Care Equipment and Services,9.700205338809035,5.9986310746064335,318265162.75180477,-0.15122833536036617,-0.32727658099359025,-0.2281150455442874,10.0,0.6018803848819233,0.018079706416436945,0.18133480170273228,0.19186227903807154,0.29645515592718963,0.18406611049654878,0.19070803891321655,0.2812847440807529,9,9,False,0.09719004339104931,0.1433239155872983,0.13385520037224152,False,0.6244574447594594,0.26165202099699486,0.2535469929761841,1.0375108749921553,1.442922255077815,1.3774778653832536,1.1803092231252514,0.7692307692307693,-1.5772328060658543,0.5583834157619412,260.0,,506.4800109863281,78781116.0,39901060497.19519,40281208497.19519,1992723000.0,380148000.0,1371510000.0,117178000.0,62972000.0,154082000.0,380148000.0,4553223000.0,1458603000.0,1254332000.0,1191360000.0,1154456000.0,1612685000.0,1139656000.0,1167006099.0256379,0.19991519349292589,0.585633878379302,27.616293465182228,33.8111137667835,0.02957607391751802,34.89193914466657,0.028659914711356926,35.01149513291308,1.100623345992124,0.2357236534103064,410946000.0,109843000.0,0.2613454052570277,7.0,0.49616987388156336,0.5116134371495717,0.7692307692307693,-1.4438329520132822,0.5375805065795011,260.0,[],True,1.0,ig,Health Care Equipment and Services,96.29629629629629,93.10344827586206,54.54545454545454,76.78571428571429,58.333333333333336,27.586206896551722,70.37037037037038,20.0,7.317073170731707,1.0,75.14947924346413,"{'profitability': 88.4, 'growth': 90.5, 'balance': 92.1, 'stability': 83.4}",51.83484749171111,True,0.2793935056175436,25.569393056982843,64.47368421052632,63.49216336758762,0.0,False,"{""floor"": true, ""depressed_arms"": {""self_pct"": true, ""self_z"": true, ""median_ratio"": true}, ""yield_arm"": false, ""residual_arm"": false, ""brakes"": {""gm"": true, ""fcf_margin"": true, ""roic"": true}, ""self_pct"": 0.7692307692307693, ""self_z"": -1.4438329520132822, ""median_ratio"": 0.5375805065795011, ""fcf_yield"": 0.02957607391751802, ""yield_threshold"": 0.0495, ""gs10"": 0.0495, ""residual_pct"": 64.47368421052632, ""brake_values"": {""gm"": 1.0375108749921553, ""fcf_margin"": 1.442922255077815, ""roic"": 1.1803092231252514}}",False,"{""floor"": true, ""mom_sector_pct"": 7.317073170731707, ""eps_rev_proxy"": 0.0}"
ULTA,1403568,Ulta Beauty,Consumer Discretionary,Other Specialty Retail,Consumer Discretionary Distribution and Retail,10.417522245037645,5.9986310746064335,315553530.78850096,-1.9078242329717554e-05,-0.21240786199514072,0.04268704051282324,10.0,0.3913529370993555,0.006618747636700252,0.0921959589268388,0.08858090122128401,0.09326817349605666,0.09883270587857791,0.09397231622826765,0.16081649453052177,8,9,False,0.15035378713848258,0.10154073105170847,0.11844765353727826,True,0.39318237936780137,0.08872297415842224,0.09629326255370589,1.0046746608879582,0.9623304013663712,0.9743056379738112,0.7954824210325763,37.69230769230769,-0.4267235767909535,0.9120417753454483,260.0,sbc_unreported,543.72998046875,42757471.0,23248518871.723145,26359098871.723145,5754321000.0,3110580000.0,1567827000.0,418375000.0,,320298000.0,3110580000.0,12955517000.0,1614258000.0,1149452000.0,1149452000.0,1247529000.0,1934556000.0,1209548000.0,1227205592.752063,0.2397710943652979,0.21326679424941067,16.328925656074272,22.93188308143632,0.04360740879624987,21.12904699748314,0.047328211259084166,19.220831973367858,0.9503153244021734,1.6079038290956684,223146000.0,200404000.0,0.07360555658956112,9.0,0.26809743196157576,0.26318731165336445,36.15384615384615,-0.27581725273483937,0.9564204442465298,260.0,[],True,1.0,ig,Consumer Discretionary Distribution and Retail,37.5,75.0,66.66666666666666,75.0,55.55555555555556,44.44444444444444,25.0,55.55555555555556,48.484848484848484,1.0,61.22488605862355,"{'profitability': 67.7, 'growth': 92.3, 'balance': 46.4, 'stability': 89.1}",52.70247580343192,True,-0.22180017482811154,28.626372014738195,27.631578947368425,56.96368093102774,2.0,False,"{""floor"": true, ""depressed_arms"": {""self_pct"": false, ""self_z"": false, ""median_ratio"": false}, ""yield_arm"": false, ""residual_arm"": false, ""brakes"": {""gm"": true, ""fcf_margin"": true, ""roic"": false}, ""self_pct"": 36.15384615384615, ""self_z"": -0.27581725273483937, ""median_ratio"": 0.9564204442465298, ""fcf_yield"": 0.04360740879624987, ""yield_threshold"": 0.0495, ""gs10"": 0.0495, ""residual_pct"": 27.631578947368425, ""brake_values"": {""gm"": 1.0046746608879582, ""fcf_margin"": 0.9623304013663712, ""roic"": 0.7954824210325763}}",False,"{""floor"": true, ""mom_sector_pct"": 48.484848484848484, ""eps_rev_proxy"": 2.0}"
OKE,1039684,Oneok,Energy,Oil & Gas Storage & Transportation,Energy,16.511978097193705,5.9986310746064335,314524945.89042825,0.37521020859145104,-0.03518941657243102,0.3735893582824519,8.0,,,,,0.20693149531227414,0.1438497802890443,0.12147253858277082,0.2759074348501827,6,9,False,0.3153108920107406,,,False,0.2721383935375705,0.07382004775694762,0.11751257430269776,,,0.8169117399176703,0.9648464884339715,50.38461538461539,0.001813856951913452,1.0002701920407644,260.0,sbc_unreported,93.22000122070312,630369667.0,58763061127.23422,91987306127.23422,56161245000.0,33224245000.0,6157000000.0,3251000000.0,,1531000000.0,33124245000.0,39366000000.0,6111000000.0,2906000000.0,2906000000.0,4626000000.0,7642000000.0,3656000000.0,4684332286.43216,0.23345896147403686,0.08340862611632203,15.052741961583083,31.654269142200352,0.031591315392805436,19.88484784419244,0.050289547490405345,16.07304735427632,0.7948577680525164,4.334499476576813,8058000000.0,489205000.0,0.15219044734496182,1.0,0.08644756146825117,0.07972214257423045,81.15384615384616,1.0321929744506844,1.2563772349730624,260.0,['fcf_cagr5 gate'],False,0.8,ig,Energy,27.27272727272727,,,27.27272727272727,50.0,30.0,0.0,36.36363636363637,45.45454545454545,1.0,28.074056834483933,"{'profitability': 34.7, 'growth': 100.0, 'balance': 0.0, 'stability': 64.0}",26.968764007945197,False,0.46435708084098515,19.895945050532834,,27.521410421214565,,False,"{""floor"": false, ""depressed_arms"": {""self_pct"": false, ""self_z"": false, ""median_ratio"": false}, ""yield_arm"": false, ""residual_arm"": false, ""brakes"": {""gm"": false, ""fcf_margin"": false, ""roic"": true}, ""self_pct"": 81.15384615384616, ""self_z"": 1.0321929744506844, ""median_ratio"": 1.2563772349730624, ""fcf_yield"": 0.031591315392805436, ""yield_threshold"": 0.0495, ""gs10"": 0.0495, ""residual_pct"": null, ""brake_values"": {""gm"": null, ""fcf_margin"": null, ""roic"": 0.9648464884339715}}",False,"{""floor"": false, ""mom_sector_pct"": 45.45454545454545, ""eps_rev_proxy"": null}"
EME,105634,Emcor,Industrials,Construction & Engineering,Capital Goods,0.9883641341546886,5.9986310746064335,312897800.2286959,0.231228022065481,-0.2083278725108091,0.15614504524789896,10.0,0.16911207004900902,0.11586632706916226,0.05916719407776368,0.06526736779430262,0.49875317489495813,0.05770643472008337,0.06567851664111489,0.4822364533275853,8,9,False,0.14065119855596442,,,False,0.1942613027633682,0.06298506138503128,0.058348539005338006,1.1487134106221446,1.0645267595798065,1.011127082939178,1.1421570454243921,88.84615384615384,1.812077004584191,1.6055980283402305,260.0,sbc_unreported,729.260009765625,44109901.0,32167586834.020752,31792240834.020752,3703561000.0,-375346000.0,1289818000.0,118436000.0,,204665000.0,-376383000.0,18597775000.0,1930635000.0,1171382000.0,1171382000.0,1085153000.0,2135300000.0,1439158000.0,1426963324.2139473,0.26088394532682396,0.3852949429519177,16.467245664779075,27.140796797305022,0.03684490206637177,29.297473106576447,0.03413263650289105,22.35167148709228,0.8139356484833493,-0.17626703507703836,1457924000.0,664690000.0,0.5731278626165466,7.0,0.33733972442358257,0.31441102579602564,88.46153846153845,1.6840282710715195,1.4920573968495687,260.0,"['tenure<1y', 'fcf_cagr5 gate']",False,1.0,ig,Capital Goods,94.73684210526315,21.428571428571427,15.151515151515152,53.57142857142857,63.95348837209303,22.5,89.47368421052632,80.95238095238095,63.07692307692307,1.0,49.25460590756878,"{'profitability': 62.6, 'growth': 100.0, 'balance': 100.0, 'stability': 57.9}",39.72737055963425,False,0.007779822410649562,26.930465449274823,,44.49098823360151,,False,"{""floor"": false, ""depressed_arms"": {""self_pct"": false, ""self_z"": false, ""median_ratio"": false}, ""yield_arm"": false, ""residual_arm"": false, ""brakes"": {""gm"": true, ""fcf_margin"": true, ""roic"": true}, ""self_pct"": 88.46153846153845, ""self_z"": 1.6840282710715195, ""median_ratio"": 1.4920573968495687, ""fcf_yield"": 0.03684490206637177, ""yield_threshold"": 0.0495, ""gs10"": 0.0495, ""residual_pct"": null, ""brake_values"": {""gm"": 1.1487134106221446, ""fcf_margin"": 1.0645267595798065, ""roic"": 1.1421570454243921}}",False,"{""floor"": false, ""mom_sector_pct"": 63.07692307692307, ""eps_rev_proxy"": null}"
TTD,1671933,Trade Desk (The),Communication Services,Advertising,Media and Entertainment,1.1690622861054072,5.9986310746064335,308368366.36612797,-0.7036204195326219,-0.7276546970463054,-0.6793343863853312,10.0,0.8083962755917595,0.014927355763438593,0.03260101739831287,0.030784843688981153,0.28704596320105286,0.04150628539942093,0.013505333689597764,1.3197463425825755,9,9,False,0.28210485560993837,0.19174479875477068,0.07857133036619701,False,0.7687227144700345,0.13743780387393492,0.16819190284863106,0.9509231272834807,4.215751986962451,4.052203208022503,1.4080951446420877,2.73224043715847,-0.39408141275068914,0.04787613223545476,183.0,shares_was_proxy;gm_derived,14.260000228881836,468359000.0,6678799447.198868,5627576447.198868,1523129000.0,-1051223000.0,1081674000.0,218625000.0,452091000.0,126666000.0,-1051223000.0,2990138000.0,586316000.0,863049000.0,410958000.0,502917000.0,712982000.0,406888000.0,371692594.35928917,0.3660541510733305,0.244032248325184,9.598196957270257,13.693799481209437,0.07302575164564042,11.1898711858992,0.08936653366127571,16.414343620846196,2.1210972061107727,-1.4744032808682408,,,0.0,9.0,0.1733066471067284,0.13125823708673104,2.185792349726776,-0.4413790816998592,0.0510128552112596,183.0,['mktcap<10B'],False,1.0,ig,Media and Entertainment,55.55555555555556,10.0,100.0,77.77777777777779,70.0,77.77777777777779,90.0,70.0,8.333333333333332,1.0,63.611570257677236,"{'profitability': 39.0, 'growth': 100.0, 'balance': 100.0, 'stability': 84.2}",77.6756579831436,True,-0.9376217155845818,34.972598447264865,14.473684210526317,70.64361412041042,-15.0,False,"{""floor"": true, ""depressed_arms"": {""self_pct"": true, ""self_z"": false, ""median_ratio"": true}, ""yield_arm"": true, ""residual_arm"": true, ""brakes"": {""gm"": false, ""fcf_margin"": true, ""roic"": true}, ""self_pct"": 2.185792349726776, ""self_z"": -0.4413790816998592, ""median_ratio"": 0.0510128552112596, ""fcf_yield"": 0.07302575164564042, ""yield_threshold"": 0.0495, ""gs10"": 0.0495, ""residual_pct"": 14.473684210526317, ""brake_values"": {""gm"": 0.9509231272834807, ""fcf_margin"": 4.215751986962451, ""roic"": 1.4080951446420877}}",False,"{""floor"": true, ""mom_sector_pct"": 8.333333333333332, ""eps_rev_proxy"": -15.0}"
IR,1699150,Ingersoll Rand,Industrials,Industrial Machinery & Supplies & Components,Capital Goods,6.543463381245722,5.9986310746064335,307483584.991283,-0.012499509880940618,-0.2620442509293244,-0.10890684125729133,10.0,0.4144792856455153,0.05197705480210092,0.1407452964663197,0.1525441451332523,0.2874609963247357,0.08624844939572326,0.10415768079572338,0.5112118859726508,8,9,False,0.140025116890367,0.1481530746442674,,False,0.42820629044849035,0.14649593311676865,0.09548991463322505,1.0331186751144787,1.0408584641535432,1.1071493493767093,,17.307692307692307,-0.08171470998752241,0.8711095211580809,260.0,,72.6500015258789,387999429.0,28188159108.890144,30103259108.890144,12092400000.0,1915100000.0,1349200000.0,129900000.0,55800000.0,535000000.0,1849400000.0,7942200000.0,1435700000.0,1219300000.0,1163500000.0,758400000.0,1970700000.0,959100000.0,1213977990.3881354,0.1544347771901264,0.10039181555258968,20.967652788806955,25.87302029126785,0.0386503001482784,39.69311591362097,0.02519328545978027,29.39021906880424,1.2712960066729226,0.9384482671132085,8541900000.0,4072300000.0,1.0431510700936124,2.0,,,4.615384615384616,-1.0697110785802313,0.8003933442408783,260.0,[],True,0.9,ig,Capital Goods,,83.33333333333334,75.75757575757575,15.476190476190476,63.95348837209303,57.49999999999999,71.05263157894737,50.0,30.76923076923077,1.0,54.189363462259735,"{'profitability': 54.4, 'growth': 100.0, 'balance': 68.7, 'stability': 74.9}",59.25331789258478,False,,,,56.72134067742226,,False,"{""floor"": false, ""depressed_arms"": {""self_pct"": true, ""self_z"": true, ""median_ratio"": false}, ""yield_arm"": false, ""residual_arm"": false, ""brakes"": {""gm"": true, ""fcf_margin"": true, ""roic"": false}, ""self_pct"": 4.615384615384616, ""self_z"": -1.0697110785802313, ""median_ratio"": 0.8003933442408783, ""fcf_yield"": 0.0386503001482784, ""yield_threshold"": 0.0495, ""gs10"": 0.0495, ""residual_pct"": null, ""brake_values"": {""gm"": 1.0331186751144787, ""fcf_margin"": 1.0408584641535432, ""roic"": null}}",False,"{""floor"": false, ""mom_sector_pct"": 30.76923076923077, ""eps_rev_proxy"": null}"
BBY,764478,Best Buy,Consumer Discretionary,Computer & Electronics Retail,Consumer Discretionary Distribution and Retail,27.222450376454482,5.9986310746064335,305568622.38000864,0.2394427262033889,0.0,0.3645558504676685,10.0,0.22215726981438438,0.01968312592407111,0.026280750494786436,0.02684032525005397,0.4732197638573075,0.023853587583195897,0.023794104243122016,0.5626666363040964,6,9,False,-0.024772266419715416,-0.21476938825639136,-0.2415674360022383,False,0.22677187744366248,0.03862467714035212,0.036468330134357005,1.020771805636312,1.4696946020629993,1.5288404734576613,,21.923076923076923,-0.47072256664886547,0.798771244927479,260.0,,94.55999755859375,209727698.0,19831850610.849487,21787850610.849487,5139000000.0,1956000000.0,2475000000.0,707000000.0,138000000.0,798000000.0,1956000000.0,42201000000.0,1710000000.0,1768000000.0,1630000000.0,1539000000.0,2508000000.0,1272000000.0,,,,12.741433105759935,13.366779515858582,0.07481233597169629,14.157147895288816,0.07063569635609852,15.591077524252741,1.389937106918239,0.7799043062200957,790000000.0,18000000.0,0.15722903288577544,,,,26.923076923076923,-0.45001662706695317,0.8384348673941167,260.0,"['rev_cagr5 gate', 'fcf_cagr5 gate']",False,0.8,ig,Consumer Discretionary Distribution and Retail,,12.5,11.11111111111111,,55.55555555555556,100.0,50.0,77.77777777777777,75.75757575757575,1.0,15.288919420295976,"{'profitability': 10.7, 'growth': 0.0, 'balance': 74.0, 'stability': 57.7}",71.59981893496881,False,,,,43.444369177632396,,False,"{""floor"": false, ""depressed_arms"": {""self_pct"": false, ""self_z"": false, ""median_ratio"": false}, ""yield_arm"": true, ""residual_arm"": false, ""brakes"": {""gm"": true, ""fcf_margin"": true, ""roic"": false}, ""self_pct"": 26.923076923076923, ""self_z"": -0.45001662706695317, ""median_ratio"": 0.8384348673941167, ""fcf_yield"": 0.07481233597169629, ""yield_threshold"": 0.0495, ""gs10"": 0.0495, ""residual_pct"": null, ""brake_values"": {""gm"": 1.020771805636312, ""fcf_margin"": 1.4696946020629993, ""roic"": null}}",False,"{""floor"": false, ""mom_sector_pct"": 75.75757575757575, ""eps_rev_proxy"": null}"
RSG,1060391,Republic Services,Industrials,Environmental & Facilities Services,Commercial and Professional Services,17.78507871321013,5.9986310746064335,304424599.8536687,-0.016422242912980667,-0.046990581558553846,-0.024177854072115812,10.0,0.4069916631212635,0.02435463666813785,0.1269890658754349,0.12639224779291983,0.16395739385368735,0.1392949847701031,0.13828592814371257,0.16096989218755384,7,9,False,0.1031904727551265,0.13534847394906713,0.1281187586683934,False,0.42004617843822156,0.15446095553845243,0.15582262743472855,1.0320756332374024,1.2163327171015261,1.1186521014514859,1.1366463408611134,24.615384615384617,-0.6886978193528904,0.9425523316384876,260.0,gm_derived,218.92999267578125,306212978.0,67039205030.769165,81162205030.76917,26155000000.0,14123000000.0,4542000000.0,1889000000.0,44000000.0,1866000000.0,14122000000.0,16891000000.0,3368000000.0,2653000000.0,2609000000.0,2632000000.0,5234000000.0,2185883000.0,2871469578.783151,0.14742589703588144,0.10978664036639844,24.098041873743814,31.10854926438067,0.03214550416675976,30.836704039046037,0.03242888730046443,30.669164374657367,1.213697164944327,2.6981276270538785,17186000000.0,707000000.0,0.6841139361498757,3.0,0.09658821431055244,0.09257919528290706,15.0,-1.0155636280664206,0.894515455147082,260.0,[],True,1.0,ig,Commercial and Professional Services,20.0,45.45454545454545,42.857142857142854,22.727272727272727,63.63636363636363,54.54545454545454,9.090909090909093,9.090909090909093,29.230769230769234,1.0,39.35223987712966,"{'profitability': 48.4, 'growth': 93.0, 'balance': 10.1, 'stability': 78.3}",41.23168347097154,False,0.27501244559297033,23.62889273778282,,40.2919616740506,,False,"{""floor"": false, ""depressed_arms"": {""self_pct"": true, ""self_z"": true, ""median_ratio"": false}, ""yield_arm"": false, ""residual_arm"": false, ""brakes"": {""gm"": true, ""fcf_margin"": true, ""roic"": true}, ""self_pct"": 15.0, ""self_z"": -1.0155636280664206, ""median_ratio"": 0.894515455147082, ""fcf_yield"": 0.03214550416675976, ""yield_threshold"": 0.0495, ""gs10"": 0.0495, ""residual_pct"": null, ""brake_values"": {""gm"": 1.0320756332374024, ""fcf_margin"": 1.2163327171015261, ""roic"": 1.1366463408611134}}",False,"{""floor"": false, ""mom_sector_pct"": 29.230769230769234, ""eps_rev_proxy"": null}"
A,1090872,Agilent Technologies,Health Care,Life Sciences Tools & Services,Pharmaceuticals Biotechnology and Life Sciences,26.286105407255306,5.9986310746064335,296021227.4665278,0.2688086179720077,-0.016729582780562136,0.24758197916495428,10.0,0.5314232302392261,0.026379493077951458,0.17132632313655516,0.187846178192752,0.1269690657751401,0.17429053705356717,0.16679854407342934,0.16761270621811228,7,9,False,0.05409554484855006,0.0751167353183495,0.16614907507492327,False,0.5382528486163863,0.1540965816603364,0.16372761801410743,1.012851561596368,0.8994331918132287,0.9393947645234848,0.926029450579723,61.92307692307693,0.389805766669409,1.0918301913320039,260.0,gm_derived,156.33999633789062,281928854.0,44076756001.9057,45541756001.9057,8828000000.0,1465000000.0,1609000000.0,342000000.0,131000000.0,271000000.0,1465000000.0,7372000000.0,1639000000.0,1267000000.0,1136000000.0,1207000000.0,1910000000.0,1440000000.0,1423498190.5910738,0.13148371531966224,0.16124809589839983,27.78630628548243,40.089573945339524,0.024944141371107075,37.73136371326073,0.02650315020680127,30.608858334656738,0.8798611111111111,0.7670157068062827,5030000000.0,547000000.0,0.631739918441323,10.0,0.17412847485299043,0.17487574576827336,69.61538461538461,0.714763606032499,1.1415104700969787,260.0,[],True,1.0,ig,Pharmaceuticals Biotechnology and Life Sciences,72.72727272727273,36.36363636363637,25.0,100.0,63.63636363636363,37.5,63.63636363636363,55.55555555555556,56.09756097560976,1.0,53.48186151907408,"{'profitability': 71.1, 'growth': 53.8, 'balance': 74.4, 'stability': 79.9}",36.301807812176,False,0.1625973990977836,34.073464017540175,,44.89183466562504,,False,"{""floor"": false, ""depressed_arms"": {""self_pct"": false, ""self_z"": false, ""median_ratio"": false}, ""yield_arm"": false, ""residual_arm"": false, ""brakes"": {""gm"": true, ""fcf_margin"": false, ""roic"": true}, ""self_pct"": 69.61538461538461, ""self_z"": 0.714763606032499, ""median_ratio"": 1.1415104700969787, ""fcf_yield"": 0.024944141371107075, ""yield_threshold"": 0.0495, ""gs10"": 0.0495, ""residual_pct"": null, ""brake_values"": {""gm"": 1.012851561596368, ""fcf_margin"": 0.8994331918132287, ""roic"": 0.926029450579723}}",False,"{""floor"": false, ""mom_sector_pct"": 56.09756097560976, ""eps_rev_proxy"": null}"
RMD,943819,ResMed|,Health Care,Health Care Equipment,Health Care Equipment and Services,9.14715947980835,5.9986310746064335,293855664.4018252,-0.14356511704672248,-0.17141081642010758,-0.15503260717899814,10.0,0.5788943443314525,0.03441301261241535,0.20006830259822542,0.2607339513375566,0.5418746007804023,0.18741030069548778,0.24421205315266034,0.588457133352212,9,9,False,0.12077602188982173,0.21074896733770743,0.23791494272180125,False,0.6105551961875267,0.2733194621401507,0.2653496285360974,1.054691935006963,1.3661307592988745,1.4158753683835594,1.1192305902693522,11.923076923076923,-0.17743184473047277,0.6576773950790495,260.0,,228.4199981689453,144252306.0,32950111472.38614,32926270472.38614,6561552000.0,-23841000.0,1805829000.0,156285000.0,104348000.0,201342000.0,-23841000.0,5653443000.0,1886715000.0,1649544000.0,1545196000.0,1500139000.0,2088057000.0,1523293000.0,1497340728.896185,0.2063768354541173,0.22819917130827966,17.451639740175988,21.308798671745294,0.0469289712388134,21.94881305824736,0.04556055023778362,21.630842833510126,1.082880312585957,-0.01141779175568483,2909575000.0,452737000.0,0.512426328405231,10.0,0.20388932655366543,0.19063123432298504,13.461538461538462,-0.1753915961063931,0.6872100247829022,260.0,[],True,1.0,ig,Health Care Equipment and Services,74.07407407407408,96.55172413793103,50.0,100.0,58.333333333333336,24.137931034482758,74.07407407407408,66.66666666666667,9.75609756097561,1.0,70.88828205812294,"{'profitability': 97.7, 'growth': 100.0, 'balance': 100.0, 'stability': 71.6}",63.36139179358495,True,-0.18247316850983797,25.574435496229107,30.263157894736842,67.12483692585394,-6.0,False,"{""floor"": true, ""depressed_arms"": {""self_pct"": true, ""self_z"": false, ""median_ratio"": true}, ""yield_arm"": false, ""residual_arm"": false, ""brakes"": {""gm"": true, ""fcf_margin"": true, ""roic"": true}, ""self_pct"": 13.461538461538462, ""self_z"": -0.1753915961063931, ""median_ratio"": 0.6872100247829022, ""fcf_yield"": 0.0469289712388134, ""yield_threshold"": 0.0495, ""gs10"": 0.0495, ""residual_pct"": 30.263157894736842, ""brake_values"": {""gm"": 1.054691935006963, ""fcf_margin"": 1.3661307592988745, ""roic"": 1.1192305902693522}}",False,"{""floor"": true, ""mom_sector_pct"": 9.75609756097561, ""eps_rev_proxy"": -6.0}"
VRSK,1442145,Verisk Analytics,Industrials,Research & Consulting Services,Commercial and Professional Services,10.94592744695414,5.9986310746064335,293258449.4348325,-0.22422160240887812,-0.28423439558497277,-0.26785938217392435,10.0,0.6764607538438451,0.022978356262502712,0.3183533421519252,0.30266856369504114,0.15427111091843573,0.3296381011945897,0.32254705646776133,0.13187621932710306,8,9,False,0.06248258905176751,0.07730090393612565,0.06266649912397004,False,0.6998033716919705,0.34500209521967573,0.34264900235309287,1.0345069802135392,1.0837080989557608,1.039470258781835,1.4388163815079134,6.153846153846154,-2.1461012989710664,0.6065688701376339,260.0,gm_derived,176.47999572753906,131021840.0,23122733763.414307,27245333763.414307,2954900000.0,4122600000.0,1381700000.0,254400000.0,57000000.0,261700000.0,4121800000.0,3102300000.0,1366000000.0,1127300000.0,1070300000.0,1063000000.0,1627700000.0,910200000.0,1050644921.4128782,0.23086023322629712,0.3555602292506948,19.945339504695685,25.455791613019066,0.039283791099568935,25.63060560998524,0.039015855310512736,25.404014242380033,1.2385190068116898,2.532284819069853,1863100000.0,346600000.0,0.7478087244915226,7.0,0.2471199479102812,0.26901761551619463,6.153846153846154,-2.449036468234727,0.5537431075158908,260.0,[],True,1.0,ig,Commercial and Professional Services,50.0,100.0,85.71428571428571,50.0,63.63636363636363,63.63636363636363,18.181818181818173,36.36363636363637,13.846153846153847,1.0,52.47521727522039,"{'profitability': 100.0, 'growth': 58.2, 'balance': 15.6, 'stability': 84.4}",54.59296241617678,False,0.07468134321663289,23.623971597828177,,53.53408984569859,,False,"{""floor"": false, ""depressed_arms"": {""self_pct"": true, ""self_z"": true, ""median_ratio"": true}, ""yield_arm"": false, ""residual_arm"": false, ""brakes"": {""gm"": true, ""fcf_margin"": true, ""roic"": true}, ""self_pct"": 6.153846153846154, ""self_z"": -2.449036468234727, ""median_ratio"": 0.5537431075158908, ""fcf_yield"": 0.039283791099568935, ""yield_threshold"": 0.0495, ""gs10"": 0.0495, ""residual_pct"": null, ""brake_values"": {""gm"": 1.0345069802135392, ""fcf_margin"": 1.0837080989557608, ""roic"": 1.4388163815079134}}",False,"{""floor"": false, ""mom_sector_pct"": 13.846153846153847, ""eps_rev_proxy"": null}"
EXE,895126,Expand Energy,Energy,Oil & Gas Exploration & Production,Energy,1.486652977412731,5.596167008898015,293224052.5221088,-0.0024781409341376737,-0.2683847279982675,-0.08303558126934452,6.0,,,0.11963604973204851,0.1478884856483009,0.7125499771774645,0.1065955675165667,0.12776311448366875,0.7841713824362575,5,9,True,0.18266822352216505,0.1268955987803806,0.15140189814334803,True,,0.1936741449062155,0.19683707245310775,,1.61886108192298,1.846578399449077,1.3920933224209076,32.27091633466135,-0.019528748607801953,0.6762606206844624,251.0,,88.33000183105469,231503789.0,20448730106.266098,24436730106.266098,23398000000.0,3988000000.0,5655000000.0,2976000000.0,46000000.0,2933000000.0,3988000000.0,13595000000.0,3662000000.0,2679000000.0,2633000000.0,2676000000.0,6595000000.0,2781000000.0,2881726655.3480473,0.21307300509337862,0.12316123836858053,6.673055736282386,9.280945729687087,0.10774764007091288,9.13181244628778,0.1095072863007075,7.353013342778173,0.9633225458468176,0.6047005307050796,15000000.0,,0.0006410804342251474,1.0,0.08847196979179389,0.08537725939458729,28.24858757062147,-0.3619619272382595,0.4391258810443163,177.0,[],True,0.9,ig,Energy,36.36363636363637,62.5,,27.27272727272727,27.27272727272727,60.0,54.54545454545455,81.81818181818181,9.090909090909092,1.0,27.526592401582228,"{'profitability': 50.9, 'growth': 100.0, 'balance': 79.8, 'stability': 37.0}",80.19946298427311,False,-0.7625473601560753,19.895842937361707,,53.86302769292767,,False,"{""floor"": false, ""depressed_arms"": {""self_pct"": false, ""self_z"": false, ""median_ratio"": true}, ""yield_arm"": true, ""residual_arm"": false, ""brakes"": {""gm"": false, ""fcf_margin"": true, ""roic"": true}, ""self_pct"": 28.24858757062147, ""self_z"": -0.3619619272382595, ""median_ratio"": 0.4391258810443163, ""fcf_yield"": 0.10774764007091288, ""yield_threshold"": 0.0495, ""gs10"": 0.0495, ""residual_pct"": null, ""brake_values"": {""gm"": null, ""fcf_margin"": 1.61886108192298, ""roic"": 1.3920933224209076}}",False,"{""floor"": false, ""mom_sector_pct"": 9.090909090909092, ""eps_rev_proxy"": null}"
CF,1324404,CF Industries,Materials,Fertilizers & Agricultural Chemicals,Materials,18.05886379192334,5.9986310746064335,290445771.44052684,0.5546149102690656,-0.010196746751689356,0.6052358709950911,9.0,0.4007495856359071,0.15766020103714848,0.30578153769123584,0.30046486679778295,0.25672502073807435,0.26383802638875736,0.2649740747362775,0.27355810220457405,6,9,False,0.11427395430219223,0.14341733759094755,-0.019203924804488848,True,0.42486109316449155,0.24124563897144333,0.26437524227936426,1.0601660198608176,0.7889476938108739,1.0020361579335624,1.0692012355529974,56.15384615384615,0.039052368533649205,1.027583753484356,260.0,,133.82000732421875,151338130.0,20252069665.03357,25552869665.03357,11048800000.0,5300800000.0,2977000000.0,1067000000.0,43000000.0,888000000.0,2128800000.0,7739000000.0,3181000000.0,1910000000.0,1867000000.0,2046000000.0,4069000000.0,,2562016752.5773196,0.19458762886597938,0.2318819014352074,8.032967514942964,13.686593286038335,0.07306420079130269,12.489183609498323,0.08006928485217209,,,0.523175227328582,2492000000.0,473000000.0,0.2683549344725219,5.0,0.2168739557388153,0.1725156042454646,83.84615384615385,0.842594571779016,1.3039066841278761,260.0,[],True,0.9,ig,Materials,91.66666666666666,100.0,85.71428571428571,60.71428571428571,39.285714285714285,,81.81818181818181,91.66666666666667,85.71428571428571,1.0,49.588369342547836,"{'profitability': 91.4, 'growth': 97.6, 'balance': 82.6, 'stability': 54.7}",55.663985975787426,False,-0.7463962573381644,28.87028942618617,,52.62617765916763,,False,"{""floor"": false, ""depressed_arms"": {""self_pct"": false, ""self_z"": false, ""median_ratio"": false}, ""yield_arm"": true, ""residual_arm"": false, ""brakes"": {""gm"": true, ""fcf_margin"": false, ""roic"": true}, ""self_pct"": 83.84615384615385, ""self_z"": 0.842594571779016, ""median_ratio"": 1.3039066841278761, ""fcf_yield"": 0.07306420079130269, ""yield_threshold"": 0.0495, ""gs10"": 0.0495, ""residual_pct"": null, ""brake_values"": {""gm"": 1.0601660198608176, ""fcf_margin"": 0.7889476938108739, ""roic"": 1.0692012355529974}}",False,"{""floor"": false, ""mom_sector_pct"": 85.71428571428571, ""eps_rev_proxy"": null}"
DG,29534,Dollar General,Consumer Staples,Consumer Staples Merchandise Retail,Consumer Staples Distribution and Retail,13.790554414784394,5.9986310746064335,288485091.8125289,0.23314266511838944,-0.1923783541003694,0.24853065125220164,10.0,0.3067422078096451,0.02300031460122228,0.03398886933082311,0.04007253170639797,0.5236009511225581,0.04789209451277431,0.04839968710963189,0.25110230587365356,9,9,False,0.048307062204305806,-0.03420081889029303,-0.05039119803262415,False,0.3116120496636899,0.04379135358134441,0.04884829959431228,1.0158760083550902,1.2884027754824967,1.0199658229874018,0.8154188928965916,40.38461538461539,-0.5893539285888335,0.7186317739532077,260.0,,124.94999694824219,220616790.0,27566067237.230988,44313156237.23099,26035737000.0,16747089000.0,3316350000.0,1305694000.0,99689000.0,1085019000.0,16747089000.0,43637998000.0,2439807000.0,2010656000.0,1910967000.0,2131642000.0,3524826000.0,1703399000.0,1861206724.222897,0.23715001874209843,0.07148661565535468,18.162566234636998,23.188865237982125,0.04312414556457266,20.78827318903971,0.04810404360700985,16.182977233889996,1.1803787603491607,4.7511817604613675,4338589000.0,1200659000.0,0.21275556747250904,4.0,0.08766857903109726,0.07828131682155728,39.23076923076923,-0.01738887036168051,0.6031237500888702,260.0,[],True,1.0,sector,Consumer Staples,20.833333333333336,25.925925925925924,20.833333333333336,27.083333333333332,55.55555555555556,62.5,12.0,51.851851851851855,85.18518518518519,1.0,11.917594522795017,"{'profitability': 25.9, 'growth': 20.1, 'balance': 0.0, 'stability': 72.7}",50.85566842323959,False,-0.13951474605846492,26.66060380598897,,31.386631473017303,,False,"{""floor"": false, ""depressed_arms"": {""self_pct"": false, ""self_z"": false, ""median_ratio"": true}, ""yield_arm"": false, ""residual_arm"": false, ""brakes"": {""gm"": true, ""fcf_margin"": true, ""roic"": false}, ""self_pct"": 39.23076923076923, ""self_z"": -0.01738887036168051, ""median_ratio"": 0.6031237500888702, ""fcf_yield"": 0.04312414556457266, ""yield_threshold"": 0.0495, ""gs10"": 0.0495, ""residual_pct"": null, ""brake_values"": {""gm"": 1.0158760083550902, ""fcf_margin"": 1.2884027754824967, ""roic"": 0.8154188928965916}}",False,"{""floor"": false, ""mom_sector_pct"": 85.18518518518519, ""eps_rev_proxy"": null}"
AME,1037868,Ametek,Industrials,Electrical Components & Equipment,Capital Goods,12.985626283367557,5.9986310746064335,285579907.70689416,0.2810163207924301,-0.07900037052546127,0.2548744847351512,10.0,0.3544529687178088,0.018476239040815922,0.20611686486613917,0.21939231867194084,0.21998293967275948,0.17232143206166506,0.17986422588161027,0.2413487538388577,8,9,False,0.10267547865932358,0.06732421561729329,0.062280551821928265,False,0.3635780767436304,0.22582825391347297,,1.0257441997420154,1.0956321020122988,,1.0583903375298978,54.61538461538461,0.16970112072790494,1.0235706695194056,260.0,gm_derived,234.32000732421875,229261244.0,53720496373.2395,55530741373.2395,13071008000.0,1810245000.0,1960339000.0,135389000.0,49054000.0,,1810245000.0,7863923000.0,2036991000.0,1824950000.0,1775896000.0,,,1576270000.0,1683451897.2212029,0.17355948199024798,0.1287928136239533,27.26116186730305,31.26914040756863,0.03198041222002867,,,34.08077066317287,1.1577648499305322,,7418304000.0,3634056000.0,0.8455629435771136,10.0,0.12168744276760286,0.12344316333949408,63.46153846153846,0.3524875223000642,1.0456293443642999,260.0,[],True,0.9,ig,Capital Goods,31.57894736842105,97.61904761904762,51.515151515151516,86.90476190476191,63.95348837209303,47.5,,28.57142857142857,69.23076923076923,0.7,59.61953090395761,"{'profitability': 74.7, 'growth': 70.8, 'balance': None, 'stability': 81.6}",32.511543798618604,False,0.14914741577070423,26.936554458965443,,46.06553735128811,,False,"{""floor"": false, ""depressed_arms"": {""self_pct"": false, ""self_z"": false, ""median_ratio"": false}, ""yield_arm"": false, ""residual_arm"": false, ""brakes"": {""gm"": true, ""fcf_margin"": true, ""roic"": true}, ""self_pct"": 63.46153846153846, ""self_z"": 0.3524875223000642, ""median_ratio"": 1.0456293443642999, ""fcf_yield"": 0.03198041222002867, ""yield_threshold"": 0.0495, ""gs10"": 0.0495, ""residual_pct"": null, ""brake_values"": {""gm"": 1.0257441997420154, ""fcf_margin"": 1.0956321020122988, ""roic"": 1.0583903375298978}}",False,"{""floor"": false, ""mom_sector_pct"": 69.23076923076923, ""eps_rev_proxy"": null}"
ALB,915913,Albemarle Corporation,Materials,Specialty Chemicals,Materials,10.21492128678987,5.9986310746064335,280081816.2356431,0.7644913399238533,-0.43134690211879156,0.4219103330456164,3.0,0.19697345886094988,0.7342919869762679,-0.05161357333088827,-0.08989141645445146,,0.09048105444855464,0.08943286317237975,0.8917757858718727,6,9,False,0.10448598383827279,,0.0140198296164451,False,0.23812353755240437,0.22080724399042367,0.1896891012447054,1.208911794154479,-4.278084808716025,2.096451046031499,,18.218623481781375,-0.01890443398468149,0.30564496877850833,247.0,,115.05000305175781,118005057.0,13576482167.972855,16542371167.972855,13241058000.0,2965889000.0,1800328000.0,457956000.0,37864000.0,641799000.0,472099000.0,5907904000.0,252078000.0,1342372000.0,1304508000.0,1120665000.0,893877000.0,224177000.0,225745707.20312488,0.10446089225110927,0.017048917632044577,65.62401783564157,12.68092734423465,0.07885858603666296,14.761209788806516,0.06774512484459803,60.561441039771495,5.988000553134354,0.5281476086754665,1482672000.0,202079000.0,0.12723688696175184,2.0,,,,,,,['fcf_cagr5 gate'],False,0.8,ig,Materials,,7.142857142857142,21.428571428571427,35.714285714285715,7.142857142857142,100.0,72.72727272727273,0.0,100.0,1.0,23.353294060452438,"{'profitability': 4.3, 'growth': 87.1, 'balance': 82.4, 'stability': 44.4}",,False,,,,,,False,"{""floor"": false, ""depressed_arms"": {""self_pct"": false, ""self_z"": false, ""median_ratio"": false}, ""yield_arm"": true, ""residual_arm"": false, ""brakes"": {""gm"": true, ""fcf_margin"": false, ""roic"": false}, ""self_pct"": null, ""self_z"": null, ""median_ratio"": null, ""fcf_yield"": 0.07885858603666296, ""yield_threshold"": 0.0495, ""gs10"": 0.0495, ""residual_pct"": null, ""brake_values"": {""gm"": 1.208911794154479, ""fcf_margin"": -4.278084808716025, ""roic"": null}}",False,"{""floor"": false, ""mom_sector_pct"": 100.0, ""eps_rev_proxy"": null}"
DPZ,1286681,Domino's,Consumer Discretionary,Restaurants,Consumer Services,6.351813826146475,5.9986310746064335,279538574.5627629,-0.19036262550210115,-0.3021459662908582,-0.2906862726916839,10.0,0.38574191087683113,0.031596855773516626,0.10553042709707043,0.1000040630822542,0.17749470211894217,,,,8,9,False,0.037099536577790415,0.05905650670180562,,False,0.4002102304877964,0.12113413083019164,,1.0375077719143282,1.1478597610409405,,,0.7692307692307693,-2.7001929674482352,0.5827349908768643,260.0,ev_or_ic_nonpos,297.6499938964844,33081735.0,9846778220.835114,11583615220.835114,-2245594000.0,1736837000.0,777805000.0,124335000.0,44430000.0,,1736837000.0,5027815000.0,981231000.0,653470000.0,609040000.0,,,596523000.0,764657363.2785352,0.2207162602093338,,11.805186771346516,19.01946542236161,0.052577713294942444,,,16.506954838011467,1.0954648856791775,,7870000.0,100000.0,-0.0035491722902715275,0.0,-0.2848090658063545,-0.2757136595410137,1.5384615384615385,-2.520649964029728,0.5768260725289611,260.0,['mktcap<10B'],False,0.9,ig,Consumer Services,25.0,76.92307692307693,80.0,11.538461538461538,80.76923076923077,38.46153846153847,,84.61538461538461,24.242424242424242,0.7,23.569067194524738,"{'profitability': 20.0, 'growth': 40.1, 'balance': None, 'stability': 82.4}",76.76974371908967,False,,,,50.169405456807205,,False,"{""floor"": false, ""depressed_arms"": {""self_pct"": true, ""self_z"": true, ""median_ratio"": true}, ""yield_arm"": true, ""residual_arm"": false, ""brakes"": {""gm"": true, ""fcf_margin"": true, ""roic"": false}, ""self_pct"": 1.5384615384615385, ""self_z"": -2.520649964029728, ""median_ratio"": 0.5768260725289611, ""fcf_yield"": 0.052577713294942444, ""yield_threshold"": 0.0495, ""gs10"": 0.0495, ""residual_pct"": null, ""brake_values"": {""gm"": 1.0375077719143282, ""fcf_margin"": 1.1478597610409405, ""roic"": null}}",False,"{""floor"": false, ""mom_sector_pct"": 24.242424242424242, ""eps_rev_proxy"": null}"
VMC,1396009,Vulcan Materials Company,Materials,Construction Materials,Materials,27.21971252566735,5.9986310746064335,277626986.3691134,-0.06611379968660802,-0.24948494323719905,-0.1728185447456041,10.0,0.250820578839041,0.08604011794651709,0.09520825186891764,0.09471921040308347,0.29613182993386494,0.09948517641358534,0.09760437871577443,0.2626086603477724,7,9,False,0.10333168192433528,0.09898292065839542,0.09346309653898088,False,0.27684064298471917,0.1304450287755507,0.12471472514387776,1.103739750008216,1.370102131012204,1.2536010855065154,1.178209825955706,0.38461538461538464,-1.6737859249893252,0.7311717671429473,260.0,,244.5,129754885.0,31725069382.5,36750569382.5,13476800000.0,5025500000.0,1802600000.0,686200000.0,64700000.0,732400000.0,5001100000.0,8062400000.0,1658600000.0,1116400000.0,1051700000.0,1005500000.0,2391000000.0,1113300000.0,1290201528.9457223,0.2221141149489193,0.09573500600630137,22.15758433769444,34.94396632357136,0.02861724369638751,36.549546874689206,0.02736012031636174,28.49642448800862,1.0027845145064223,2.0916352990380593,3780900000.0,1478800000.0,0.39027810756262615,0.0,0.08125463215233827,0.07950514684152611,0.38461538461538464,-1.6513608725650877,0.6629525307835039,260.0,[],True,1.0,ig,Materials,16.666666666666664,78.57142857142857,50.0,14.285714285714285,71.42857142857143,54.54545454545454,36.36363636363637,58.33333333333333,21.428571428571427,1.0,32.674334911855084,"{'profitability': 38.8, 'growth': 84.3, 'balance': 30.3, 'stability': 65.5}",65.24129125237617,False,0.19071512664947532,28.876574334045834,,48.95781308211563,,False,"{""floor"": false, ""depressed_arms"": {""self_pct"": true, ""self_z"": true, ""median_ratio"": true}, ""yield_arm"": false, ""residual_arm"": false, ""brakes"": {""gm"": true, ""fcf_margin"": true, ""roic"": true}, ""self_pct"": 0.38461538461538464, ""self_z"": -1.6513608725650877, ""median_ratio"": 0.6629525307835039, ""fcf_yield"": 0.02861724369638751, ""yield_threshold"": 0.0495, ""gs10"": 0.0495, ""residual_pct"": null, ""brake_values"": {""gm"": 1.103739750008216, ""fcf_margin"": 1.370102131012204, ""roic"": 1.178209825955706}}",False,"{""floor"": false, ""mom_sector_pct"": 21.428571428571427, ""eps_rev_proxy"": null}"
CHRW,1043277,C.H. Robinson,Industrials,Air Freight & Logistics,Transportation,19.548254620123203,5.9986310746064335,276911705.66693115,0.05219271496088784,-0.25907203747641316,0.1476832351518398,10.0,,,0.03341920967394243,0.03658625780221605,0.6752825287733719,0.03223730439982446,0.03487039965974942,0.825395432562774,6,9,False,0.00031641390725023477,,,False,,0.034107703980675565,0.032613397384122104,,1.0206017531069853,1.0116663905776095,0.9726858687940518,69.95708154506438,0.012239071593280729,1.252423804155969,233.0,gm_derived,153.82000732421875,116851258.0,17974061361.404175,19792042361.404175,3445671000.0,1817981000.0,685357000.0,16598000.0,89047000.0,41996000.0,1817981000.0,16996512000.0,833618000.0,668759000.0,579712000.0,554314000.0,875614000.0,633327000.0,680088608.8960453,0.18417235604791962,0.19737479547410225,23.742340450187225,34.14116382169797,0.029290155579420028,35.70547083675349,0.028006912570122118,28.380380690234546,1.055945822616121,2.076235647214412,1508335000.0,32313000.0,0.44712568321235546,7.0,0.20291730537713065,0.20972890355387663,74.2489270386266,0.07969555730367464,1.2430473075529547,233.0,['fcf_cagr5 gate'],False,0.9,ig,Transportation,72.72727272727273,22.22222222222222,,54.54545454545454,77.27272727272727,72.72727272727273,22.222222222222214,18.181818181818173,43.07692307692308,1.0,14.12570794245898,"{'profitability': 56.2, 'growth': 0.3, 'balance': 30.8, 'stability': 44.4}",23.861845292928418,False,0.2372248599038711,26.931024429643355,,18.993776617693698,,False,"{""floor"": false, ""depressed_arms"": {""self_pct"": false, ""self_z"": false, ""median_ratio"": false}, ""yield_arm"": false, ""residual_arm"": false, ""brakes"": {""gm"": false, ""fcf_margin"": true, ""roic"": true}, ""self_pct"": 74.2489270386266, ""self_z"": 0.07969555730367464, ""median_ratio"": 1.2430473075529547, ""fcf_yield"": 0.029290155579420028, ""yield_threshold"": 0.0495, ""gs10"": 0.0495, ""residual_pct"": null, ""brake_values"": {""gm"": null, ""fcf_margin"": 1.0206017531069853, ""roic"": 0.9726858687940518}}",False,"{""floor"": false, ""mom_sector_pct"": 43.07692307692308, ""eps_rev_proxy"": null}"
SYY,96021,Sysco,Consumer Staples,Food Distributors,Consumer Staples Distribution and Retail,39.715263518138265,5.9986310746064335,273818938.22244847,0.04971661478151246,-0.11984761950032408,-0.012567377612791475,10.0,0.18330690211768047,0.011385605673041269,0.021431186529042284,0.021524960675552613,0.20518595253239147,0.022018547570645995,0.020058424893262213,0.23799248983552676,7,9,False,0.10511120778351901,,,False,0.18496091209064136,0.021524960675552613,,1.0090231734531143,1.0043755928484526,,1.0200732883784758,54.230769230769226,0.03192419099038225,1.0165430507320554,260.0,,79.11000061035156,479096016.0,37901286118.177,48547470118.177,13312184000.0,10646184000.0,2638000000.0,700000000.0,118000000.0,,10646184000.0,84553000000.0,3095000000.0,1938000000.0,1820000000.0,,,1757000000.0,2389242091.3884006,0.22803163444639718,0.1794778446112524,15.685773866939257,26.674434130866484,0.03748908018419195,,,21.571591416150827,1.1030165054069436,,5225000000.0,951000000.0,0.4639358951168343,9.0,0.17594602922752067,0.18002038521504493,39.23076923076923,-0.08529454991631823,0.9345842637530185,260.0,['fcf_cagr5 gate'],False,0.9,sector,Consumer Staples,66.66666666666666,11.11111111111111,12.5,66.66666666666666,55.55555555555556,45.83333333333333,,70.37037037037038,40.74074074074074,0.7,50.86465121202047,"{'profitability': 49.2, 'growth': 87.6, 'balance': None, 'stability': 77.5}",54.72070436468094,False,0.0006730753243457954,26.6564862682714,,52.7926777883507,,False,"{""floor"": false, ""depressed_arms"": {""self_pct"": false, ""self_z"": false, ""median_ratio"": false}, ""yield_arm"": false, ""residual_arm"": false, ""brakes"": {""gm"": true, ""fcf_margin"": true, ""roic"": true}, ""self_pct"": 39.23076923076923, ""self_z"": -0.08529454991631823, ""median_ratio"": 0.9345842637530185, ""fcf_yield"": 0.03748908018419195, ""yield_threshold"": 0.0495, ""gs10"": 0.0495, ""residual_pct"": null, ""brake_values"": {""gm"": 1.0090231734531143, ""fcf_margin"": 1.0043755928484526, ""roic"": 1.0200732883784758}}",False,"{""floor"": false, ""mom_sector_pct"": 40.74074074074074, ""eps_rev_proxy"": null}"
GEHC,1932393,GE HealthCare,Health Care,Health Care Equipment,Health Care Equipment and Services,3.704312114989733,3.756331279945243,272721858.89437926,0.0006993911093247096,-0.2608526729871381,-0.1380637233668366,5.0,0.4043097433798857,0.021075484483121177,0.07797945144186538,0.07295990901336366,0.10211472671538131,0.06513769162597298,0.06354209028060187,0.14724152949114921,4,4,True,,0.025821217351280623,,False,0.39148672482005814,0.06558939892273226,0.06144239477572811,0.968284171307296,0.8411113147112858,0.9432694533993679,0.8858697303362978,,,,,,64.44499969482422,454891786.0,29315501009.948044,37645501009.948044,18998000000.0,8330000000.0,2027000000.0,508000000.0,143000000.0,595000000.0,8318000000.0,20979000000.0,2649000000.0,1519000000.0,1376000000.0,1289000000.0,3244000000.0,1909000000.0,2029086788.066641,0.23401782254939946,0.10680528413867992,14.211212159285784,27.358648989787824,0.036551512480505546,29.205198611286303,0.03424047935128753,15.3564698847292,0.7957045573598743,2.5641183723797782,15060000000.0,1908000000.0,0.8931466470154753,4.0,0.1205654516473139,0.12076928291754095,,,,,['rev_cagr5 gate'],False,0.9,ig,Health Care Equipment and Services,51.85185185185185,31.03448275862069,31.818181818181817,51.78571428571429,10.0,17.24137931034483,33.33333333333334,86.66666666666667,24.390243902439025,1.0,24.812838683391373,"{'profitability': 39.8, 'growth': 21.5, 'balance': 14.5, 'stability': 92.8}",,False,0.06732298399562175,25.577414820425965,,,,False,"{""floor"": false, ""depressed_arms"": {""self_pct"": false, ""self_z"": false, ""median_ratio"": false}, ""yield_arm"": false, ""residual_arm"": false, ""brakes"": {""gm"": false, ""fcf_margin"": false, ""roic"": false}, ""self_pct"": null, ""self_z"": null, ""median_ratio"": null, ""fcf_yield"": 0.036551512480505546, ""yield_threshold"": 0.0495, ""gs10"": 0.0495, ""residual_pct"": null, ""brake_values"": {""gm"": 0.968284171307296, ""fcf_margin"": 0.8411113147112858, ""roic"": 0.8858697303362978}}",False,"{""floor"": false, ""mom_sector_pct"": 24.390243902439025, ""eps_rev_proxy"": null}"
STZ,16918,Constellation Brands,Consumer Staples,Distillers & Vintners,Food Beverage and Tobacco,21.215605749486652,5.9986310746064335,270487441.0965775,0.050439470449657575,-0.25225187282188977,-0.051847954602408985,10.0,0.5155978845469453,0.021533819935070784,0.17540775927474656,0.18277547581964404,0.0810353579013169,0.24649287718491136,0.24346740579311513,0.06489247450289357,8,9,False,0.011881573321183447,-0.01571896922042826,-0.022518323864087253,False,0.5261850342840108,0.19454105800125873,0.2438967835966743,1.0205337338541804,1.1090789757854618,0.9894678758352536,1.3093880547692003,3.653846153846154,-1.73499633433099,0.7234746428837021,260.0,shares_was_proxy,122.44999694824219,170778434.0,20911818722.12558,31994318722.12558,19338100000.0,11082500000.0,2693600000.0,859400000.0,72300000.0,412400000.0,11082500000.0,9056700000.0,2852900000.0,1834200000.0,1761900000.0,2208900000.0,3265300000.0,1824400000.0,2151080276.2824574,0.24600221659278024,0.11123534764441477,11.214665330760132,18.15898673144082,0.055069151973583454,14.484276663554521,0.06904038242490976,11.462299233789508,1.0053716290287218,3.394021988791229,5248900000.0,3340900000.0,0.4441904840703068,5.0,0.08495216314159953,0.10475588141953707,2.5,-1.7386784485912927,0.6168974160429507,260.0,[],True,1.0,ig,Food Beverage and Tobacco,36.36363636363637,71.42857142857143,50.0,27.27272727272727,53.57142857142857,38.46153846153847,30.769230769230774,92.85714285714286,44.44444444444444,1.0,23.456495375883655,"{'profitability': 62.7, 'growth': 5.0, 'balance': 0.0, 'stability': 88.2}",78.4707154534373,False,-0.11844758295737412,20.442440528622484,,50.96360541466048,,False,"{""floor"": false, ""depressed_arms"": {""self_pct"": true, ""self_z"": true, ""median_ratio"": true}, ""yield_arm"": true, ""residual_arm"": false, ""brakes"": {""gm"": true, ""fcf_margin"": true, ""roic"": true}, ""self_pct"": 2.5, ""self_z"": -1.7386784485912927, ""median_ratio"": 0.6168974160429507, ""fcf_yield"": 0.055069151973583454, ""yield_threshold"": 0.0495, ""gs10"": 0.0495, ""residual_pct"": null, ""brake_values"": {""gm"": 1.0205337338541804, ""fcf_margin"": 1.1090789757854618, ""roic"": 1.3093880547692003}}",False,"{""floor"": false, ""mom_sector_pct"": 44.44444444444444, ""eps_rev_proxy"": null}"
TYL,860731,Tyler Technologies,Information Technology,Application Software,Software and Services,6.239561943874059,5.9986310746064335,270405147.61515737,-0.34359558657980493,-0.35518759681490764,-0.36073887812148064,10.0,0.44257870946283956,0.02996940542030094,0.1694487536317592,0.14639823097218027,0.2876884701282625,0.10623911518024161,0.08252469561077871,0.535240328227355,9,9,False,0.15870784367787483,0.139115892484327,0.12046132245506636,False,0.4720526395289541,0.22971596402290528,0.17715916279540692,1.0665959058488992,1.3556662949679579,1.6675511886073675,1.5633371200422344,3.076923076923077,-1.1100090521204213,0.25624491381803893,260.0,,341.57000732421875,40952274.0,13988068530.123413,13662306530.123413,2711469000.0,-325762000.0,730747000.0,16481000.0,156135000.0,144176000.0,-325762000.0,2429657000.0,367814000.0,714266000.0,558131000.0,430436000.0,511990000.0,324616000.0,284574394.19593483,0.22630896541204287,0.10495211053341744,37.14460713872613,24.478673519520353,0.04085188681496801,31.740622369233552,0.0315053683688732,43.09112468308221,2.2003413263671536,-0.6362663333268228,2754742000.0,780414000.0,1.303778874108463,5.0,0.0671333835728164,0.061035780820580546,3.076923076923077,-1.8190493955585183,0.38968333048263604,260.0,[],True,1.0,ig,Software and Services,26.31578947368421,36.36363636363637,11.11111111111111,55.00000000000001,63.63636363636363,71.42857142857143,75.0,36.36363636363637,3.4482758620689653,1.0,64.29005224548261,"{'profitability': 44.5, 'growth': 100.0, 'balance': 100.0, 'stability': 82.6}",57.00431940083869,False,-0.3264703443233232,33.92908510376491,,60.647185823160655,,False,"{""floor"": false, ""depressed_arms"": {""self_pct"": true, ""self_z"": true, ""median_ratio"": true}, ""yield_arm"": false, ""residual_arm"": false, ""brakes"": {""gm"": true, ""fcf_margin"": true, ""roic"": true}, ""self_pct"": 3.076923076923077, ""self_z"": -1.8190493955585183, ""median_ratio"": 0.38968333048263604, ""fcf_yield"": 0.04085188681496801, ""yield_threshold"": 0.0495, ""gs10"": 0.0495, ""residual_pct"": null, ""brake_values"": {""gm"": 1.0665959058488992, ""fcf_margin"": 1.3556662949679579, ""roic"": 1.5633371200422344}}",False,"{""floor"": false, ""mom_sector_pct"": 3.4482758620689653, ""eps_rev_proxy"": null}"
HSY,47111,Hershey Company (The),Consumer Staples,Packaged Foods & Meats,Food Beverage and Tobacco,69.54140999315537,5.9986310746064335,269307261.2692085,0.010005380703359545,-0.276460884383412,-0.08820014232828244,10.0,0.4278744447530034,0.11229634950996795,0.15733348026206667,0.16722486187643806,0.08320591443086103,0.17220669102804403,0.1807115722044123,0.06697725161833572,9,9,False,0.0748639898139154,0.0769782050700687,0.04863373705692298,False,0.38377373989552044,0.1774801560550586,0.1691796191883006,0.8969307342415818,1.1280507858812636,0.9824218686180407,0.7953141090522835,5.384615384615385,-2.05475801747561,0.7790891557160159,260.0,shares_was_proxy,168.3300018310547,218731000.0,36818989630.50842,42026629630.50842,9770330000.0,5207640000.0,2656591000.0,428434000.0,69304000.0,529401000.0,5207640000.0,12163912000.0,2162830000.0,2228157000.0,2158853000.0,2057886000.0,2692231000.0,1489107000.0,1675331258.9360166,0.22539854776565127,0.171471307410908,19.431314356888162,19.467110373197446,0.05136869215971633,20.422234093875183,0.048966239217672534,24.725550031333157,1.4963041608158447,1.934321386240631,2985609000.0,331134000.0,0.3394709288222609,10.0,0.2156019935509978,0.2417870246745679,0.38461538461538464,-2.4461887290030675,0.6736328581413422,260.0,[],True,1.0,ig,Food Beverage and Tobacco,81.81818181818183,64.28571428571429,42.857142857142854,81.81818181818183,53.57142857142857,76.92307692307693,61.53846153846153,42.85714285714286,22.22222222222222,1.0,50.90326236707616,"{'profitability': 76.3, 'growth': 63.3, 'balance': 35.5, 'stability': 84.6}",67.42386864851768,False,-0.04868026379650514,20.438219600469395,,59.16356550779692,,False,"{""floor"": false, ""depressed_arms"": {""self_pct"": true, ""self_z"": true, ""median_ratio"": true}, ""yield_arm"": true, ""residual_arm"": false, ""brakes"": {""gm"": false, ""fcf_margin"": true, ""roic"": false}, ""self_pct"": 0.38461538461538464, ""self_z"": -2.4461887290030675, ""median_ratio"": 0.6736328581413422, ""fcf_yield"": 0.05136869215971633, ""yield_threshold"": 0.0495, ""gs10"": 0.0495, ""residual_pct"": null, ""brake_values"": {""gm"": 0.8969307342415818, ""fcf_margin"": 1.1280507858812636, ""roic"": 0.7953141090522835}}",False,"{""floor"": false, ""mom_sector_pct"": 22.22222222222222, ""eps_rev_proxy"": null}"
STLD,1022671,Steel Dynamics,Materials,Steel,Materials,3.7399041752224504,5.9986310746064335,269118822.37936914,0.6616301075502484,-0.13033513714187683,0.782757434347316,8.0,0.2145537498204529,0.2903431347933774,0.0666518237053311,0.061936622874324034,0.8760939763107259,0.11170718326590054,0.09771213302297536,0.5328328879718944,5,9,True,0.13647433753701965,-0.19549357045616378,-0.175912207465717,True,0.1465219913375145,0.04314153033608103,0.043046003252984445,0.6829150805340384,0.6472670654416075,0.38534677891322827,0.46962876145011506,93.84615384615384,2.6825311505689604,4.652389726053036,260.0,,245.35000610351562,143328088.0,35165547265.605225,38751915265.605225,13005900000.0,3586368000.0,1571572000.0,616009000.0,69493000.0,617971000.0,3786088000.0,20538678000.0,2056470000.0,955563000.0,886070000.0,884108000.0,2674441000.0,1607241000.0,1627297341.6676233,0.20869385808320898,0.12511993338927896,18.84390011310898,43.73459801776973,0.022865192440860934,43.83165322065316,0.022814562685233308,21.879448860255074,0.5945362269877387,1.415655832377682,477471000.0,370790000.0,0.06522124574231696,9.0,0.266423063619304,0.24784885402396728,73.63636363636363,0.8689282801785186,2.9447282852220313,220.0,['fcf_cagr5 gate'],False,1.0,ig,Materials,100.0,42.857142857142854,28.57142857142857,92.85714285714286,28.57142857142857,18.181818181818183,54.54545454545455,66.66666666666667,92.85714285714286,1.0,13.001877067232655,"{'profitability': 39.9, 'growth': 50.0, 'balance': 52.8, 'stability': 27.8}",37.15491638204731,False,0.41537211032139565,28.86897229008162,,25.078396724639983,,False,"{""floor"": false, ""depressed_arms"": {""self_pct"": false, ""self_z"": false, ""median_ratio"": false}, ""yield_arm"": false, ""residual_arm"": false, ""brakes"": {""gm"": false, ""fcf_margin"": false, ""roic"": false}, ""self_pct"": 73.63636363636363, ""self_z"": 0.8689282801785186, ""median_ratio"": 2.9447282852220313, ""fcf_yield"": 0.022865192440860934, ""yield_threshold"": 0.0495, ""gs10"": 0.0495, ""residual_pct"": null, ""brake_values"": {""gm"": 0.6829150805340384, ""fcf_margin"": 0.6472670654416075, ""roic"": 0.46962876145011506}}",False,"{""floor"": false, ""mom_sector_pct"": 92.85714285714286, ""eps_rev_proxy"": null}"
NCLH,1513761,Norwegian Cruise Line Holdings,Consumer Discretionary,"Hotels, Resorts & Cruise Lines",Consumer Services,8.930869267624914,5.9986310746064335,265243770.46723944,-0.31668648101806307,-0.42531949611872844,-0.4296472213868594,5.0,-0.03520968147804673,20.771945373220845,-1.1321265783836587,-0.12803268593160969,,-1.0023248885535925,0.085396809309951,,7,9,False,0.5033277455063068,,,False,0.4245725483777475,-0.12543504938347835,0.07866898253125497,-12.058403557057707,0.11079595848952017,-0.07848651014221392,,38.06818181818182,-0.06490522221837407,0.9248180600721506,176.0,gm_derived,14.390000343322754,459187846.0,6607713261.589636,8684195261.589636,4649348000.0,2076482000.0,2109712000.0,3295106000.0,88312000.0,1222571000.0,2045110000.0,10154307000.0,1532360000.0,-1185394000.0,-1273706000.0,798829000.0,2754931000.0,760722000.0,1507832900.8734477,0.01600609460345628,0.32431061320285076,5.66720304731893,,-0.14666943356670323,10.871156732654468,0.0919865313868789,8.686107752358465,-1.5582486111877927,0.7423452710793845,135764000.0,4771000.0,0.03022681890019848,1.0,,,,,,,"['mktcap<10B', 'fcf_cagr5 gate']",False,0.8,ig,Consumer Services,,7.6923076923076925,20.0,26.923076923076923,15.384615384615385,7.6923076923076925,66.66666666666667,92.3076923076923,9.090909090909092,1.0,37.632283779588384,"{'profitability': 50.0, 'growth': 100.0, 'balance': 75.3, 'stability': 51.9}",,False,,,,,,False,"{""floor"": false, ""depressed_arms"": {""self_pct"": false, ""self_z"": false, ""median_ratio"": false}, ""yield_arm"": false, ""residual_arm"": false, ""brakes"": {""gm"": false, ""fcf_margin"": false, ""roic"": false}, ""self_pct"": null, ""self_z"": null, ""median_ratio"": null, ""fcf_yield"": -0.14666943356670323, ""yield_threshold"": 0.0495, ""gs10"": 0.0495, ""residual_pct"": null, ""brake_values"": {""gm"": -12.058403557057707, ""fcf_margin"": 0.11079595848952017, ""roic"": null}}",False,"{""floor"": false, ""mom_sector_pct"": 9.090909090909092, ""eps_rev_proxy"": null}"
EL,1001250,Estée Lauder Companies (The),Consumer Staples,Personal Care Products,Household and Personal Products,20.700889801505816,5.9986310746064335,261419828.4884719,0.17357778831240167,-0.19415749316691433,0.08422766738308574,10.0,0.736336679740275,0.025248002338170334,0.0573941233182723,0.06684829556781181,0.399690911298311,0.05770944723058887,0.04525455688246386,0.657251062197244,5,9,False,-0.014814212841128271,-0.1515996897631844,-0.24128666573511692,False,0.7550003322479899,0.06684829556781181,0.04432188185261479,1.0253466288197106,1.1647236982279967,0.7680177852946405,0.9836077349813234,48.07692307692308,-0.020902190937658615,0.9841762744783075,260.0,shares_was_proxy,93.86000061035156,362300000.0,34005478221.13037,33519378221.13037,3319900000.0,-486100000.0,1773000000.0,457000000.0,310000000.0,796000000.0,-486100000.0,15049000000.0,780000000.0,1316000000.0,1006000000.0,667000000.0,1576000000.0,,591270708.2481728,0.24196063045106056,0.1780989512479812,42.973561821962015,33.31946145241587,0.030012489890573955,50.2539403615148,0.01989893713420758,,,-0.30843908629441624,2107000000.0,1594000000.0,1.1147926142353686,9.0,0.1810670503230263,0.16986134867970318,22.30769230769231,-0.6125346187251314,0.659613790861062,260.0,"['rev_cagr5 gate', 'fcf_cagr5 gate']",False,0.9,sector,Consumer Staples,70.83333333333334,33.33333333333333,100.0,66.66666666666666,55.55555555555556,,88.0,0.0,70.37037037037037,1.0,28.92418037029038,"{'profitability': 55.8, 'growth': 0.0, 'balance': 100.0, 'stability': 55.3}",36.34551911907092,False,0.22311550733357421,26.656316700680037,,32.63484974468065,,False,"{""floor"": false, ""depressed_arms"": {""self_pct"": false, ""self_z"": false, ""median_ratio"": true}, ""yield_arm"": false, ""residual_arm"": false, ""brakes"": {""gm"": true, ""fcf_margin"": true, ""roic"": true}, ""self_pct"": 22.30769230769231, ""self_z"": -0.6125346187251314, ""median_ratio"": 0.659613790861062, ""fcf_yield"": 0.030012489890573955, ""yield_threshold"": 0.0495, ""gs10"": 0.0495, ""residual_pct"": null, ""brake_values"": {""gm"": 1.0253466288197106, ""fcf_margin"": 1.1647236982279967, ""roic"": 0.9836077349813234}}",False,"{""floor"": false, ""mom_sector_pct"": 70.37037037037037, ""eps_rev_proxy"": null}"
JBHT,728535,J.B. Hunt,Industrials,Cargo Ground Transportation,Transportation,11.21697467488022,5.9986310746064335,259319551.75348133,1.0955666288420742,-0.18602858706174152,0.8015253661778492,9.0,,,0.026334025632322157,0.01765488726364615,0.9249098121711721,0.06437128796219554,0.07120474356721639,0.2055080611721831,6,9,False,0.044828913865963216,,,False,,0.08093590346192636,0.06339613787869125,,3.0734345212524716,0.9848511640146616,0.945199508543824,66.53846153846153,0.5197695332276014,1.1364015191830752,260.0,,236.8000030517578,93914939.0,22239057841.80565,23633932841.80565,5051990000.0,1394875000.0,1595293000.0,495571000.0,71730000.0,718349000.0,1394875000.0,12701310000.0,955615000.0,1099722000.0,1027992000.0,805214000.0,1673964000.0,674505000.0,724336865.9481363,0.24202020065807217,0.14337654388629753,24.731646993617357,22.990385958067424,0.043496442461815034,29.351120126830445,0.03407024998292587,32.97093104099399,1.6304134142815843,0.8332765818141847,134057000.0,76300000.0,0.041638443464852466,10.0,0.1516891858176944,0.13459619356978,0.4830917874396135,-0.2711032420711635,0.42305630983873216,207.0,['fcf_cagr5 gate'],False,0.9,ig,Transportation,45.45454545454545,11.11111111111111,,100.0,40.909090909090914,90.9090909090909,77.77777777777777,9.090909090909093,100.0,1.0,21.220654660630508,"{'profitability': 37.2, 'growth': 37.4, 'balance': 72.2, 'stability': 44.4}",53.750889010121035,False,-0.1582673332184812,26.932761896974203,,37.48577183537577,,False,"{""floor"": false, ""depressed_arms"": {""self_pct"": true, ""self_z"": false, ""median_ratio"": true}, ""yield_arm"": false, ""residual_arm"": false, ""brakes"": {""gm"": false, ""fcf_margin"": true, ""roic"": true}, ""self_pct"": 0.4830917874396135, ""self_z"": -0.2711032420711635, ""median_ratio"": 0.42305630983873216, ""fcf_yield"": 0.043496442461815034, ""yield_threshold"": 0.0495, ""gs10"": 0.0495, ""residual_pct"": null, ""brake_values"": {""gm"": null, ""fcf_margin"": 3.0734345212524716, ""roic"": 0.945199508543824}}",False,"{""floor"": false, ""mom_sector_pct"": 100.0, ""eps_rev_proxy"": null}"
DRI,940944,Darden Restaurants,Consumer Discretionary,Restaurants,Consumer Services,31.301848049281315,5.9986310746064335,258540457.21998173,0.23763880506503088,-0.08221605906640406,0.15464551584070652,10.0,0.199230317545572,0.026501449223354265,0.08347671135655174,0.08358208955223881,0.07634215600805352,0.09425722451180374,0.09206157311186003,0.11697399538565519,7,9,False,0.12919005107612413,0.03580420358021419,0.09507608928610467,False,0.20302174719360527,0.07872287277929589,0.09181055037885383,1.0190303850073723,0.9430519183134694,0.9740425824585625,1.0486921152895066,66.15384615384615,0.657054697914612,1.0787329936018084,260.0,,206.74000549316406,114077969.0,23584479937.709,30908679937.709,9531700000.0,7324200000.0,1853100000.0,734000000.0,79100000.0,561100000.0,7324200000.0,13210900000.0,1582800000.0,1119100000.0,1040000000.0,1212900000.0,2143900000.0,1206700000.0,1383439694.6564887,0.12595419847328243,0.14514091868779846,19.527849341489134,29.719884555489422,0.033647506205245155,25.483287936110973,0.03924140411186716,19.544609213316484,0.9274053202950194,3.41629740193106,1658200000.0,14300000.0,0.1754671254865344,5.0,0.13840184032253378,0.13895180613002628,75.76923076923077,0.9545949244986891,1.1366264471714917,260.0,[],True,1.0,ig,Consumer Services,58.333333333333336,53.84615384615385,60.0,61.53846153846154,80.76923076923077,30.76923076923077,33.33333333333334,38.46153846153846,72.72727272727273,1.0,32.695456317820614,"{'profitability': 50.5, 'growth': 64.9, 'balance': 0.0, 'stability': 82.4}",30.577861079359977,False,0.22389751741187114,23.75798817227265,,31.636658698590296,,False,"{""floor"": false, ""depressed_arms"": {""self_pct"": false, ""self_z"": false, ""median_ratio"": false}, ""yield_arm"": false, ""residual_arm"": false, ""brakes"": {""gm"": true, ""fcf_margin"": false, ""roic"": true}, ""self_pct"": 75.76923076923077, ""self_z"": 0.9545949244986891, ""median_ratio"": 1.1366264471714917, ""fcf_yield"": 0.033647506205245155, ""yield_threshold"": 0.0495, ""gs10"": 0.0495, ""residual_pct"": null, ""brake_values"": {""gm"": 1.0190303850073723, ""fcf_margin"": 0.9430519183134694, ""roic"": 1.0486921152895066}}",False,"{""floor"": false, ""mom_sector_pct"": 72.72727272727273, ""eps_rev_proxy"": null}"
LYB,1489393,LyondellBasell,Materials,Specialty Chemicals,Materials,14.03422313483915,5.9986310746064335,253701739.56491604,0.36611961443932217,-0.18468219757886306,0.31318357326074686,10.0,0.13850326933221963,0.24168704280304712,0.07422233037564255,0.0824364234603873,0.5846947696839863,0.08426107431732625,0.09478503894868288,0.5510691146888592,5,9,True,0.022373159046871427,-0.4911011636856222,-0.16842407016118444,False,0.12759681969735825,0.04731982559630674,0.0463901000256476,0.9212549300283973,0.6375416314311203,0.550551964848478,0.37137761176619855,83.07692307692308,1.1081193084660463,1.8226124540473596,260.0,gm_derived,64.25,323037952.0,20755188416.0,22919188416.0,12835000000.0,2164000000.0,2973000000.0,1395000000.0,102000000.0,1424000000.0,2155000000.0,31192000000.0,963000000.0,1578000000.0,1476000000.0,1447000000.0,2387000000.0,,797460525.1644281,0.17189976618439448,0.06213171212812062,23.79978028660436,15.52790543089431,0.06440018613266416,15.839107405666898,0.06313487082246953,,,0.902806870548806,705000000.0,450000000.0,0.08998831320607713,9.0,0.16730063999451789,0.16613580599496441,73.84615384615385,0.37786218981438346,1.7007739173333298,260.0,['fcf_cagr5 gate'],False,0.9,ig,Materials,75.0,57.14285714285714,7.142857142857142,92.85714285714286,71.42857142857143,,63.63636363636363,50.0,78.57142857142857,1.0,9.660521240809842,"{'profitability': 25.0, 'growth': 9.3, 'balance': 69.9, 'stability': 28.6}",44.36224993262624,False,-0.620231805362228,28.871950733986854,,27.011385586718042,,False,"{""floor"": false, ""depressed_arms"": {""self_pct"": false, ""self_z"": false, ""median_ratio"": false}, ""yield_arm"": true, ""residual_arm"": false, ""brakes"": {""gm"": false, ""fcf_margin"": false, ""roic"": false}, ""self_pct"": 73.84615384615385, ""self_z"": 0.37786218981438346, ""median_ratio"": 1.7007739173333298, ""fcf_yield"": 0.06440018613266416, ""yield_threshold"": 0.0495, ""gs10"": 0.0495, ""residual_pct"": null, ""brake_values"": {""gm"": 0.9212549300283973, ""fcf_margin"": 0.6375416314311203, ""roic"": 0.37137761176619855}}",False,"{""floor"": false, ""mom_sector_pct"": 78.57142857142857, ""eps_rev_proxy"": null}"
OTIS,1781335,Otis Worldwide,Industrials,Industrial Machinery & Supplies & Components,Capital Goods,6.458590006844627,5.9986310746064335,251701027.84677267,-0.18090557640757232,-0.24964728702873729,-0.21287192498798502,8.0,,,0.09961699690981714,0.10028854951087339,0.03984593914185232,0.09598460729031846,0.09514066496163683,0.04797111488165476,5,7,False,0.024982341114742734,0.02170482285634856,0.018093492555780744,False,,0.10978472268794849,0.10891288310643149,,1.1020681820727456,1.1346911362257253,0.679005674028292,0.38461538461538464,-2.3051216837323008,0.6527465051897858,260.0,,68.69999694824219,380669339.0,26151982427.58937,34530982427.58937,2631000000.0,8379000000.0,1871000000.0,159000000.0,75000000.0,172000000.0,8191000000.0,14911000000.0,2289000000.0,1712000000.0,1637000000.0,1624000000.0,2461000000.0,1516000000.0,1741582449.3731918,0.2391513982642237,0.6619469590928133,15.08561923442087,21.09406379205215,0.047406702182098324,21.262920214032864,0.047030228676681544,17.250648039306974,1.129287598944591,3.328321820398212,1794000000.0,7000000.0,0.6845305967312809,6.0,0.9748769184294506,1.0305594912483578,0.38461538461538464,-2.2000627950680123,0.6803650883606651,260.0,[],True,0.9,ig,Capital Goods,100.0,47.61904761904761,,45.23809523809524,15.11627906976744,45.0,13.157894736842096,85.71428571428572,18.461538461538463,1.0,26.51022148025381,"{'profitability': 70.1, 'growth': 19.5, 'balance': 0.0, 'stability': 78.3}",79.09241451237513,False,-0.2440358567213501,26.924254126138305,,52.80131799631447,,False,"{""floor"": false, ""depressed_arms"": {""self_pct"": true, ""self_z"": true, ""median_ratio"": true}, ""yield_arm"": false, ""residual_arm"": false, ""brakes"": {""gm"": false, ""fcf_margin"": true, ""roic"": false}, ""self_pct"": 0.38461538461538464, ""self_z"": -2.2000627950680123, ""median_ratio"": 0.6803650883606651, ""fcf_yield"": 0.047406702182098324, ""yield_threshold"": 0.0495, ""gs10"": 0.0495, ""residual_pct"": null, ""brake_values"": {""gm"": null, ""fcf_margin"": 1.1020681820727456, ""roic"": 0.679005674028292}}",False,"{""floor"": false, ""mom_sector_pct"": 18.461538461538463, ""eps_rev_proxy"": null}"
WAB,943452,Wabtec,Industrials,Construction Machinery & Heavy Transportation Equipment,Capital Goods,7.5564681724846,5.9986310746064335,247737526.94992772,0.584315964542736,-0.077329564166143,0.4844876095203494,10.0,0.3151459767033983,0.04788649358649496,0.11869470857543607,0.11467655331117362,0.2562618698468932,0.08503085807427482,0.06929174124264893,0.3943030410162603,8,9,False,0.08125695343398509,0.18262028879515158,,False,0.34974958263772954,0.1352253756260434,0.11469115191986644,1.1098018330943145,1.1392704632667032,1.3488179999275465,1.2358625124569798,42.69230769230769,-0.10957830308057165,0.9437583945921769,260.0,,278.82000732421875,168910851.0,47095724712.96002,53026724712.96002,17145000000.0,5931000000.0,1999000000.0,285000000.0,94000000.0,531000000.0,5901000000.0,11980000000.0,1964000000.0,1714000000.0,1620000000.0,1374000000.0,2495000000.0,1269000000.0,1471558426.3065178,0.2507339988256019,0.08583017942878494,26.999350668513248,32.73254611911113,0.030550632888779253,38.592958306375564,0.025911462709372033,37.11247022297874,1.350669818754925,2.3651302605210422,10603000000.0,3225000000.0,0.8065325167687373,3.0,0.0694496180308509,0.06845030014714407,68.84615384615384,0.9190659536396157,1.230318506501452,260.0,[],True,1.0,ig,Capital Goods,13.157894736842104,66.66666666666666,36.36363636363637,27.380952380952383,63.95348837209303,72.5,26.31578947368422,30.95238095238095,92.3076923076923,1.0,36.51947153544143,"{'profitability': 40.0, 'growth': 83.9, 'balance': 21.2, 'stability': 76.8}",31.024743814795322,False,0.19476125731561744,26.939904330598385,,33.77210767511838,,False,"{""floor"": false, ""depressed_arms"": {""self_pct"": false, ""self_z"": false, ""median_ratio"": false}, ""yield_arm"": false, ""residual_arm"": false, ""brakes"": {""gm"": true, ""fcf_margin"": true, ""roic"": true}, ""self_pct"": 68.84615384615384, ""self_z"": 0.9190659536396157, ""median_ratio"": 1.230318506501452, ""fcf_yield"": 0.030550632888779253, ""yield_threshold"": 0.0495, ""gs10"": 0.0495, ""residual_pct"": null, ""brake_values"": {""gm"": 1.1098018330943145, ""fcf_margin"": 1.1392704632667032, ""roic"": 1.2358625124569798}}",False,"{""floor"": false, ""mom_sector_pct"": 92.3076923076923, ""eps_rev_proxy"": null}"
HUBB,48898,Hubbell Incorporated,Industrials,Industrial Machinery & Supplies & Components,Capital Goods,2.91854893908282,5.9986310746064335,246463536.53668728,0.0744268249639557,-0.19370134037422115,0.016305164712161924,10.0,0.3226087042960694,0.09651001475307312,0.12101790171610449,0.1281617003852668,0.2609000632934075,0.11515707801918869,0.1311396080329059,0.28492618039602396,7,9,False,0.0967872864810233,0.1095693576106167,0.12617400413653557,False,0.35469721985957536,0.14614499424626007,0.13782291823018294,1.0994657463862387,1.2076312031016794,1.196825419686469,1.0255510959078005,35.0,-0.39075911579597067,0.9540636506928266,260.0,,443.2300109863281,52841777.0,23421061400.2471,25653461400.2471,6001000000.0,2232400000.0,1079000000.0,169700000.0,33000000.0,219600000.0,2221800000.0,5996100000.0,1233600000.0,909300000.0,876300000.0,826400000.0,1453200000.0,905700000.0,981904755.1954913,0.20403311025008805,0.16362352194559096,20.795607490472683,29.274747689429535,0.03415913300462289,31.042426670192523,0.03221397639509341,25.859623937558904,1.0039748261013581,1.5289017341040463,3059600000.0,53600000.0,0.5187802032994501,7.0,0.15954692320888625,0.16475793622887916,32.30769230769231,-0.6001018537937739,0.9373490337430498,260.0,[],True,1.0,ig,Capital Goods,60.526315789473685,69.04761904761905,39.39393939393939,53.57142857142857,63.95348837209303,35.0,52.631578947368425,52.38095238095239,47.69230769230769,1.0,44.42922747130226,"{'profitability': 66.5, 'growth': 86.0, 'balance': 49.0, 'stability': 66.2}",50.26582308402701,False,0.08330108545388892,26.93493668192828,,47.34752527766464,,False,"{""floor"": false, ""depressed_arms"": {""self_pct"": false, ""self_z"": false, ""median_ratio"": false}, ""yield_arm"": false, ""residual_arm"": false, ""brakes"": {""gm"": true, ""fcf_margin"": true, ""roic"": true}, ""self_pct"": 32.30769230769231, ""self_z"": -0.6001018537937739, ""median_ratio"": 0.9373490337430498, ""fcf_yield"": 0.03415913300462289, ""yield_threshold"": 0.0495, ""gs10"": 0.0495, ""residual_pct"": null, ""brake_values"": {""gm"": 1.0994657463862387, ""fcf_margin"": 1.2076312031016794, ""roic"": 1.0255510959078005}}",False,"{""floor"": false, ""mom_sector_pct"": 47.69230769230769, ""eps_rev_proxy"": null}"
CDW,1402057,CDW Corporation,Information Technology,Technology Distributors,Technology Hardware and Equipment,6.9869952087611225,5.9986310746064335,245598221.17415017,-0.135473821771102,-0.07380852900030799,-0.055712272029840304,10.0,0.20457650910546005,0.09013765605118493,,,0.22242613210496784,0.04458437512985059,0.044015040823287166,0.24262197165446053,7,9,False,0.03958829916272788,,,False,0.21360061956392232,0.036603632278599516,0.0291143980527991,1.0441111762925346,,0.6530179680214051,0.9499696367135091,85.76923076923076,1.071739522297747,1.2443435140939938,260.0,sbc_unreported,149.1999969482422,125017426.0,18652599577.677094,24287999577.677094,8077500000.0,5635400000.0,981800000.0,121600000.0,,297600000.0,5635400000.0,23500400000.0,1678600000.0,860200000.0,860200000.0,684200000.0,1976200000.0,1080300000.0,1250269980.6949806,0.25517098731384447,0.15478427492355068,14.469200272654053,28.235293626688087,0.03541666728249629,35.49839166570753,0.02817029034490114,17.26612938783402,0.7962602980653523,2.851634449954458,4652100000.0,1186400000.0,0.722810275456515,10.0,0.16293602336495558,0.16188756039143823,76.92307692307693,0.572888052342402,1.126421119895602,260.0,['fcf_cagr5 gate'],False,0.9,ig,Technology Hardware and Equipment,40.0,,15.789473684210526,85.0,62.5,15.0,0.0,85.0,25.862068965517242,1.0,20.480007642618073,"{'profitability': 46.0, 'growth': 33.0, 'balance': 4.9, 'stability': 68.8}",44.56381875014973,False,-0.216001758536009,35.04295171610335,,32.5219131963839,,False,"{""floor"": false, ""depressed_arms"": {""self_pct"": false, ""self_z"": false, ""median_ratio"": false}, ""yield_arm"": false, ""residual_arm"": false, ""brakes"": {""gm"": true, ""fcf_margin"": false, ""roic"": true}, ""self_pct"": 76.92307692307693, ""self_z"": 0.572888052342402, ""median_ratio"": 1.126421119895602, ""fcf_yield"": 0.03541666728249629, ""yield_threshold"": 0.0495, ""gs10"": 0.0495, ""residual_pct"": null, ""brake_values"": {""gm"": 1.0441111762925346, ""fcf_margin"": null, ""roic"": 0.9499696367135091}}",False,"{""floor"": false, ""mom_sector_pct"": 25.862068965517242, ""eps_rev_proxy"": null}"
EFX,33185,Equifax,Industrials,Research & Consulting Services,Commercial and Professional Services,29.248459958932237,5.9986310746064335,245120584.984394,-0.24582537297496931,-0.35890122328142315,-0.3671395567907334,9.0,,,0.11303810284598677,0.12874267307387655,0.49393722693805325,0.09964525402578114,0.09897731073207654,0.46669331855268587,9,9,False,0.08035053389890412,0.16662229501691672,0.10487097450192295,False,,0.15714174877802778,0.1199006905112887,,1.3901661901751108,1.2032754764242648,1.0331362387307905,3.076923076923077,-0.8555979414671109,0.47614244243465625,260.0,gm_derived,161.1699981689453,117484896.0,18935040473.19873,24250240473.19873,9695400000.0,5315200000.0,1612400000.0,507400000.0,92300000.0,747400000.0,5297000000.0,6444500000.0,1150400000.0,1105000000.0,1012700000.0,772700000.0,1897800000.0,691400000.0,851337570.4113083,0.25996386438516317,0.08780840093356729,21.07983351286399,23.9461246896403,0.04176041062847323,31.38377180432086,0.03186360155289945,27.386520788543145,1.5982065374602257,2.7911265676045947,6792800000.0,1319000000.0,0.8366648101161376,1.0,0.08499208298165985,0.08393549212194472,3.076923076923077,-0.4361824335852915,0.42812813569504354,260.0,[],True,0.9,ig,Commercial and Professional Services,10.0,36.36363636363637,,9.090909090909092,18.181818181818183,100.0,0.0,27.272727272727266,7.6923076923076925,1.0,30.735562541316504,"{'profitability': 46.7, 'growth': 83.5, 'balance': 7.0, 'stability': 67.1}",54.54960381761753,False,0.013307912664401123,23.62956281443985,,42.64258317946702,,False,"{""floor"": false, ""depressed_arms"": {""self_pct"": true, ""self_z"": false, ""median_ratio"": true}, ""yield_arm"": false, ""residual_arm"": false, ""brakes"": {""gm"": false, ""fcf_margin"": true, ""roic"": true}, ""self_pct"": 3.076923076923077, ""self_z"": -0.4361824335852915, ""median_ratio"": 0.42812813569504354, ""fcf_yield"": 0.04176041062847323, ""yield_threshold"": 0.0495, ""gs10"": 0.0495, ""residual_pct"": null, ""brake_values"": {""gm"": null, ""fcf_margin"": 1.3901661901751108, ""roic"": 1.0331362387307905}}",False,"{""floor"": false, ""mom_sector_pct"": 7.6923076923076925, ""eps_rev_proxy"": null}"
GRMN,1121788,Garmin,Consumer Discretionary,Consumer Electronics,Consumer Durables and Apparel,13.765913757700206,5.9986310746064335,238525446.82649723,0.26984455369260774,-0.11088725630908403,0.1904550580132287,10.0,0.5813631200164734,0.008753557192912046,0.15319511106563782,0.1651931352329626,0.3194510232230973,0.16811516279952407,0.17698897760119048,0.2696051643643785,8,9,False,0.11594339557461586,0.0748829109184983,0.0637569252425898,False,0.5913854255189874,0.17149244450863482,0.18610502887963934,1.0172393211014659,1.1194381029245597,1.1070091821614452,1.077267798842685,83.46153846153847,1.0429208203940106,1.2666324478972382,260.0,,275.3500061035156,192856206.0,53102957499.20087,50781646499.20087,6949713000.0,-2321311000.0,1748559000.0,297001000.0,171554000.0,187934000.0,-2321311000.0,7463909000.0,1974917000.0,1451558000.0,1280004000.0,1389071000.0,2162851000.0,1736196000.0,1634349798.2026572,0.1724463366295104,0.2351679555979732,25.71330668539532,39.67303734925896,0.025206035807053696,36.55799199551417,0.027353799960421907,30.58580799587193,0.8360565281799981,-1.0732644088751375,750633000.0,,0.10800920843781607,10.0,0.21830036677102527,0.23261318568123762,77.3076923076923,0.5110145661430427,1.2158875939523743,260.0,[],True,1.0,ig,Consumer Durables and Apparel,62.5,100.0,62.5,100.0,70.0,11.11111111111111,60.0,22.222222222222214,78.78787878787878,1.0,67.56232686572459,"{'profitability': 83.0, 'growth': 79.5, 'balance': 100.0, 'stability': 77.6}",22.329743231567583,True,0.326297846476856,28.627676237416647,67.10526315789474,44.94603504864608,3.0,False,"{""floor"": true, ""depressed_arms"": {""self_pct"": false, ""self_z"": false, ""median_ratio"": false}, ""yield_arm"": false, ""residual_arm"": false, ""brakes"": {""gm"": true, ""fcf_margin"": true, ""roic"": true}, ""self_pct"": 77.3076923076923, ""self_z"": 0.5110145661430427, ""median_ratio"": 1.2158875939523743, ""fcf_yield"": 0.025206035807053696, ""yield_threshold"": 0.0495, ""gs10"": 0.0495, ""residual_pct"": 67.10526315789474, ""brake_values"": {""gm"": 1.0172393211014659, ""fcf_margin"": 1.1194381029245597, ""roic"": 1.077267798842685}}",False,"{""floor"": true, ""mom_sector_pct"": 78.78787878787878, ""eps_rev_proxy"": 3.0}"
OMC,29989,Omnicom Group,Communication Services,Advertising,Media and Entertainment,28.71457905544148,5.9986310746064335,237755071.7632648,0.20307604232035326,-0.10965111507733616,0.0802121784517662,10.0,0.16772482089715476,0.247747676294742,0.09485015064372773,0.08567130858550796,0.4167021354166537,0.09465934836179912,0.08925942214658585,0.43578075114916864,5,9,False,0.0557075161852465,0.11075007077923482,0.12339290009419623,False,0.09459050463065721,0.14543693630072033,0.13519198563386534,0.5639624721296204,1.533333740786608,1.4281947633650056,,23.46153846153846,-0.32139770257592776,0.8000353311241833,260.0,gm_derived,78.5999984741211,285006196.0,22401486570.715057,30819486570.715057,17855100000.0,8418000000.0,3171800000.0,181500000.0,107100000.0,384600000.0,7783000000.0,19824400000.0,638300000.0,2990300000.0,2883200000.0,2680100000.0,1022900000.0,63000000.0,,,,48.28370134844909,10.689333577523257,0.09355120155504607,11.499379340589925,0.08696121506925603,355.57915191611204,47.46507936507936,7.608759409521947,18733900000.0,4945200000.0,1.3261813151424522,,,,13.461538461538462,-0.6261350977705693,0.7088472243582367,260.0,[],True,0.8,ig,Media and Entertainment,,40.0,20.0,,70.0,100.0,0.0,10.0,91.66666666666666,1.0,11.102625670280672,"{'profitability': 34.3, 'growth': 69.4, 'balance': 0.0, 'stability': 32.2}",60.348060888454754,False,,,,35.72534327936771,,False,"{""floor"": false, ""depressed_arms"": {""self_pct"": true, ""self_z"": false, ""median_ratio"": true}, ""yield_arm"": true, ""residual_arm"": false, ""brakes"": {""gm"": false, ""fcf_margin"": true, ""roic"": false}, ""self_pct"": 13.461538461538462, ""self_z"": -0.6261350977705693, ""median_ratio"": 0.7088472243582367, ""fcf_yield"": 0.09355120155504607, ""yield_threshold"": 0.0495, ""gs10"": 0.0495, ""residual_pct"": null, ""brake_values"": {""gm"": 0.5639624721296204, ""fcf_margin"": 1.533333740786608, ""roic"": null}}",False,"{""floor"": false, ""mom_sector_pct"": 91.66666666666666, ""eps_rev_proxy"": null}"
PODD,1145197,Insulet Corporation,Health Care,Health Care Equipment,Health Care Equipment and Services,3.512662559890486,5.9986310746064335,236984208.36916056,-0.5521702173192147,-0.5745416355329899,-0.5721496656432338,3.0,0.6798617974467656,0.049304298760763844,0.002716455016479327,0.01278651817806847,1.7933526908063109,0.03384511812113236,0.014436391491367627,1.7870425256672648,9,9,False,0.2452622671955278,,,False,0.7107486736097465,0.07067531276609682,0.10938625794196634,1.0454311100858693,26.01747952288783,3.231965613193333,1.4667004300967132,9.13978494623656,-0.1917722945581008,0.3110447457479199,186.0,,141.5500030517578,69354199.0,9817087080.102219,10721587080.102219,2326700000.0,904500000.0,511200000.0,217500000.0,77900000.0,99300000.0,904500000.0,3053400000.0,515700000.0,293700000.0,215800000.0,334000000.0,615000000.0,375300000.0,391231473.620376,0.24135839902971498,0.16814865415411354,20.790356951914326,49.68297998193799,0.020127617151055457,32.100560120066525,0.031152104395053393,26.157972502270766,0.7825739408473221,1.4707317073170731,51600000.0,115100000.0,0.07164653801521469,3.0,0.11464417048205675,0.13872106706596404,,,,,"['mktcap<10B', 'fcf_cagr5 gate']",False,0.9,ig,Health Care Equipment and Services,48.148148148148145,3.4482758620689653,77.27272727272727,41.07142857142857,5.0,13.793103448275861,55.55555555555556,50.0,2.4390243902439024,1.0,42.17327042656028,"{'profitability': 37.2, 'growth': 100.0, 'balance': 51.0, 'stability': 70.1}",,False,0.6639415250064347,25.577700415390535,,,,False,"{""floor"": false, ""depressed_arms"": {""self_pct"": false, ""self_z"": false, ""median_ratio"": false}, ""yield_arm"": false, ""residual_arm"": false, ""brakes"": {""gm"": true, ""fcf_margin"": true, ""roic"": true}, ""self_pct"": null, ""self_z"": null, ""median_ratio"": null, ""fcf_yield"": 0.020127617151055457, ""yield_threshold"": 0.0495, ""gs10"": 0.0495, ""residual_pct"": null, ""brake_values"": {""gm"": 1.0454311100858693, ""fcf_margin"": 26.01747952288783, ""roic"": 1.4667004300967132}}",False,"{""floor"": false, ""mom_sector_pct"": 2.4390243902439024, ""eps_rev_proxy"": null}"
WSM,719955,"Williams-Sonoma, Inc.",Consumer Discretionary,Homefurnishing Retail,Consumer Discretionary Distribution and Retail,1.486652977412731,5.9986310746064335,236666746.7385869,0.21526166181617046,-0.13051076642174309,0.11981260513994174,10.0,0.4433456988056802,0.038490248614738834,0.12706312368603515,0.1272614776539619,0.22871553051075788,0.13039290641401502,0.13095178036792912,0.18988302416064007,7,9,False,0.02850878391314704,-0.009193537164358001,-0.007229080269054777,False,0.4719449564755515,0.1527035825410523,0.15702729590778744,1.064507804512177,1.2017930782055468,1.2042625647840433,0.9687432205568355,69.61538461538461,1.6608076773680631,3.0922722707540857,260.0,,218.9199981689453,117779173.0,25784216337.499893,26290499337.499893,2647197000.0,506283000.0,1609073000.0,265579000.0,121078000.0,230967000.0,506283000.0,8005156000.0,1537433000.0,1343494000.0,1222416000.0,1257028000.0,1768400000.0,1178646000.0,1150976245.328662,0.25136494056738606,0.4347905521684491,17.100256946156282,21.50699871197685,0.04649649229964935,20.914808053201593,0.04781301350967561,21.876132729844155,1.1398621808414062,0.2862943904094096,77369000.0,,0.029226763251847143,10.0,0.44881919474856363,0.41981016915734803,72.3076923076923,1.6946504416254675,3.0456514309225797,260.0,[],True,1.0,ig,Consumer Discretionary Distribution and Retail,87.5,87.5,77.77777777777779,93.75,55.55555555555556,88.88888888888889,75.0,33.33333333333334,63.63636363636363,1.0,44.81132574627202,"{'profitability': 75.5, 'growth': 11.9, 'balance': 90.5, 'stability': 73.6}",34.581859082299864,False,-0.28583574101820997,28.623101732925527,,39.696592414285945,,False,"{""floor"": false, ""depressed_arms"": {""self_pct"": false, ""self_z"": false, ""median_ratio"": false}, ""yield_arm"": false, ""residual_arm"": false, ""brakes"": {""gm"": true, ""fcf_margin"": true, ""roic"": true}, ""self_pct"": 72.3076923076923, ""self_z"": 1.6946504416254675, ""median_ratio"": 3.0456514309225797, ""fcf_yield"": 0.04649649229964935, ""yield_threshold"": 0.0495, ""gs10"": 0.0495, ""residual_pct"": null, ""brake_values"": {""gm"": 1.064507804512177, ""fcf_margin"": 1.2017930782055468, ""roic"": 0.9687432205568355}}",False,"{""floor"": false, ""mom_sector_pct"": 63.63636363636363, ""eps_rev_proxy"": null}"
GNRC,1474735,Generac,Industrials,Heavy Electrical Equipment,Capital Goods,5.492128678986996,5.9986310746064335,236623397.68788266,0.1300197339639988,-0.2576392611192927,0.13687731575229733,9.0,0.3614873028304954,0.06095382596077019,0.06630728926210988,0.07417617114918612,0.6649912494157956,0.05951821452239421,0.07897952040894962,0.8828530891345456,7,9,False,0.1111342884289317,-0.08775322776285444,-0.13409904030539777,False,0.39539422519764655,0.07394341447061908,0.06360870627016905,1.0937983771536517,1.1151626811092206,1.0687267214011564,0.7101852009954744,60.30927835051546,0.49668609804742636,1.5544812219786284,194.0,,207.22999572753906,59006361.0,12227887937.927628,13367924937.927628,4017660000.0,1140037000.0,548133000.0,168884000.0,51034000.0,214757000.0,1140032000.0,4438732000.0,421488000.0,379249000.0,328215000.0,282342000.0,636245000.0,260041000.0,323490124.19659567,0.23250454533321074,0.08051704828098835,31.71602735529274,40.729171238144595,0.024552426911732927,47.346568834702694,0.021120854680963693,47.02292306954529,1.4584200183817166,1.7918129022624931,1651751000.0,721188000.0,0.5906271312156828,8.0,0.11337471995773316,0.1132596709722605,53.14009661835749,0.02362531113089242,1.0981044689613444,207.0,['fcf_cagr5 gate'],False,1.0,ig,Capital Goods,26.31578947368421,23.809523809523807,54.54545454545454,61.904761904761905,22.093023255813954,80.0,42.10526315789473,19.04761904761905,55.38461538461539,1.0,23.08320899880118,"{'profitability': 34.9, 'growth': 46.3, 'balance': 40.3, 'stability': 57.8}",30.632756403839345,False,0.4134446193176835,26.93697705582726,,26.85798270132026,,False,"{""floor"": false, ""depressed_arms"": {""self_pct"": false, ""self_z"": false, ""median_ratio"": false}, ""yield_arm"": false, ""residual_arm"": false, ""brakes"": {""gm"": true, ""fcf_margin"": true, ""roic"": false}, ""self_pct"": 53.14009661835749, ""self_z"": 0.02362531113089242, ""median_ratio"": 1.0981044689613444, ""fcf_yield"": 0.024552426911732927, ""yield_threshold"": 0.0495, ""gs10"": 0.0495, ""residual_pct"": null, ""brake_values"": {""gm"": 1.0937983771536517, ""fcf_margin"": 1.1151626811092206, ""roic"": 0.7101852009954744}}",False,"{""floor"": false, ""mom_sector_pct"": 55.38461538461539, ""eps_rev_proxy"": null}"
DECK,910521,Deckers Brands,Consumer Discretionary,Footwear,Consumer Durables and Apparel,2.5023956194387407,5.9986310746064335,230434689.48538104,-0.19430530303594118,-0.3320764074871635,-0.2994990909293882,10.0,0.5451392780020936,0.059427068706471076,0.1473557935506418,0.1846130424910723,0.5143436801086595,0.1521816236314129,0.18798634951937696,0.5174322271175997,9,9,False,0.1653985803329907,0.14238355335082042,0.14769983454089708,False,0.5780379857105354,0.1937606302113025,0.19409406672963908,1.0603491787071624,1.3149169472234747,1.2754106711316144,,54.61538461538461,0.28480453745743917,1.5174778767819683,260.0,,79.70999908447266,136414227.0,10873577909.279045,9774398909.279045,1202503000.0,-1099179000.0,1193713000.0,75905000.0,46837000.0,74062000.0,-1104821000.0,5527289000.0,1252917000.0,1117808000.0,1070971000.0,1072814000.0,1326979000.0,1014840000.0,,,,7.801313981116902,9.126670011866844,0.10956898832758957,9.110991196310867,0.10975754212175183,10.714573636513189,1.1014622994757794,-0.8325836354606968,13990000.0,15699000.0,0.024689335494381303,,,,53.84615384615385,0.22845729549675428,1.3995737003562019,260.0,[],True,0.8,ig,Consumer Durables and Apparel,,90.0,37.5,,70.0,44.44444444444444,50.0,77.77777777777777,21.21212121212121,1.0,61.832579062904,"{'profitability': 73.8, 'growth': 100.0, 'balance': 100.0, 'stability': 69.1}",70.71729957805907,True,,,,66.27493932048154,-5.0,False,"{""floor"": true, ""depressed_arms"": {""self_pct"": false, ""self_z"": false, ""median_ratio"": false}, ""yield_arm"": true, ""residual_arm"": false, ""brakes"": {""gm"": true, ""fcf_margin"": true, ""roic"": false}, ""self_pct"": 53.84615384615385, ""self_z"": 0.22845729549675428, ""median_ratio"": 1.3995737003562019, ""fcf_yield"": 0.10956898832758957, ""yield_threshold"": 0.0495, ""gs10"": 0.0495, ""residual_pct"": null, ""brake_values"": {""gm"": 1.0603491787071624, ""fcf_margin"": 1.3149169472234747, ""roic"": null}}",False,"{""floor"": true, ""mom_sector_pct"": 21.21212121212121, ""eps_rev_proxy"": -5.0}"
FFIV,1048695,"F5, Inc.",Information Technology,Communications Equipment,Technology Hardware and Equipment,15.745379876796715,5.9986310746064335,229583467.53333083,0.1701907634120341,0.0,0.32227932668765846,10.0,0.8031229335139299,0.0109350533114446,0.14842066001746476,0.14260725139585836,0.2540876570316046,0.12304448178940015,0.11004503314107311,0.5233864246278732,9,9,False,0.05607201474998624,0.08566473257280083,0.1150137046003683,False,0.8186552452277378,0.2172075814696138,0.21190197900966115,1.0193398931416997,1.4634592073910386,1.7221575151362518,1.4258809432378443,52.69230769230769,0.013724852576694774,1.0084723008607477,260.0,,434.6199951171875,56627182.0,24611305564.340088,23257903564.340088,2502327000.0,-1353402000.0,1049441000.0,79846000.0,250783000.0,97404000.0,-1353402000.0,3309332000.0,812125000.0,969595000.0,718812000.0,701254000.0,909529000.0,726510000.0,691366409.872429,0.14869458535024907,0.27628939378124,28.63832976985081,32.35603129099137,0.030906138982453698,33.16616171079251,0.0301512128150359,33.87607268219307,1.3345927791771621,-1.4880251206943373,2482495000.0,69552000.0,1.0198695054643139,7.0,0.19376750568939577,0.1685951130117355,67.6923076923077,0.5354510415821386,1.1573984469919534,260.0,[],True,1.0,ig,Technology Hardware and Equipment,45.0,66.66666666666666,100.0,45.0,62.5,75.0,94.73684210526316,44.99999999999999,51.724137931034484,1.0,65.50083399016017,"{'profitability': 70.7, 'growth': 59.1, 'balance': 100.0, 'stability': 86.2}",36.18956321372345,True,-0.07973563399513495,35.041605225013825,35.526315789473685,50.84519860194182,4.0,False,"{""floor"": true, ""depressed_arms"": {""self_pct"": false, ""self_z"": false, ""median_ratio"": false}, ""yield_arm"": false, ""residual_arm"": false, ""brakes"": {""gm"": true, ""fcf_margin"": true, ""roic"": true}, ""self_pct"": 67.6923076923077, ""self_z"": 0.5354510415821386, ""median_ratio"": 1.1573984469919534, ""fcf_yield"": 0.030906138982453698, ""yield_threshold"": 0.0495, ""gs10"": 0.0495, ""residual_pct"": 35.526315789473685, ""brake_values"": {""gm"": 1.0193398931416997, ""fcf_margin"": 1.4634592073910386, ""roic"": 1.4258809432378443}}",False,"{""floor"": true, ""mom_sector_pct"": 51.724137931034484, ""eps_rev_proxy"": 4.0}"
DOV,29905,Dover Corporation,Industrials,Industrial Machinery & Supplies & Components,Capital Goods,40.88158795345654,5.9986310746064335,228719756.97730643,0.18739323136805286,-0.18287571112750067,0.11577678262005509,10.0,0.37974150854078975,0.02567880190192772,0.1114150229008857,0.11550267412209385,0.21983569557604066,0.09475671352172418,0.10049612492903513,0.23767570986017078,6,9,False,0.03899422656407947,0.03543843341733166,0.02691420761036989,False,0.39583429328486786,0.134880038914258,0.11430196362143913,1.0423782609541867,1.2106090848650337,1.2062677078308963,0.911721059704058,11.153846153846155,-0.6972531179017645,0.8742070743700474,260.0,,189.24000549316406,134680225.0,25486886518.82057,27929175518.82057,10146293000.0,2442289000.0,1395359000.0,218730000.0,40863000.0,392009000.0,2442289000.0,8420564000.0,1420151000.0,1176629000.0,1135766000.0,962487000.0,1812160000.0,1134750000.0,1153085118.1254156,0.18805456734853157,0.11364595110011268,19.666342183909016,24.590607148673733,0.04066593370200434,29.017717141967186,0.03446170472706618,22.460353839013504,1.03690592641551,1.3477226072752957,5376664000.0,1642611000.0,0.6918068500485842,8.0,0.12464991335946744,0.1220213861711389,8.846153846153847,-0.8360447646863292,0.8618151799179207,260.0,[],True,1.0,ig,Capital Goods,42.10526315789473,61.904761904761905,66.66666666666666,61.904761904761905,63.95348837209303,37.5,60.526315789473685,61.904761904761905,58.46153846153847,1.0,32.397076277380414,"{'profitability': 51.5, 'growth': 31.0, 'balance': 55.1, 'stability': 69.8}",61.741672817050976,False,-0.09111438600578037,26.93641080265795,,47.069374547215695,,False,"{""floor"": false, ""depressed_arms"": {""self_pct"": true, ""self_z"": false, ""median_ratio"": false}, ""yield_arm"": false, ""residual_arm"": false, ""brakes"": {""gm"": true, ""fcf_margin"": true, ""roic"": true}, ""self_pct"": 8.846153846153847, ""self_z"": -0.8360447646863292, ""median_ratio"": 0.8618151799179207, ""fcf_yield"": 0.04066593370200434, ""yield_threshold"": 0.0495, ""gs10"": 0.0495, ""residual_pct"": null, ""brake_values"": {""gm"": 1.0423782609541867, ""fcf_margin"": 1.2106090848650337, ""roic"": 0.911721059704058}}",False,"{""floor"": false, ""mom_sector_pct"": 58.46153846153847, ""eps_rev_proxy"": null}"
RL,1037038,Ralph Lauren Corporation,Consumer Discretionary,"Apparel, Accessories & Luxury Goods",Consumer Durables and Apparel,19.6249144421629,5.9986310746064335,225426892.2944923,0.20534181661334006,-0.19155917938519662,0.07752553755757785,9.0,0.6731908040771881,0.026368850272516644,0.08590061516048361,0.0982996116029336,0.4852857448309943,0.08454448625420616,0.09984595477232115,0.49348678883700586,6,9,False,0.13017585944048937,0.16038850681605243,,False,0.702688146304098,0.09170337035618537,0.1156644963615473,1.0438172091006872,1.0675519632177344,1.3680903567592841,1.3061640378337958,52.58620689655172,0.06232685589182496,1.0409045420008114,232.0,shares_was_proxy,333.0799865722656,60100000.0,20018107192.993164,21080407192.993164,3783900000.0,1062300000.0,1317400000.0,436600000.0,114600000.0,236400000.0,1062300000.0,8355200000.0,1248000000.0,880800000.0,766200000.0,966400000.0,1484400000.0,982900000.0,987727836.3797407,0.20855141315725903,0.2610343392742252,16.891351917462472,27.51293029625837,0.03634654648676209,21.813335257650213,0.04584351673819745,20.366372156875737,0.8961237155356598,0.715642683912692,899500000.0,93300000.0,0.2623747984883321,7.0,0.19984805255175828,0.190698964556656,71.65991902834008,0.02143863947169527,1.6858775394387375,247.0,[],True,1.0,ig,Consumer Durables and Apparel,50.0,50.0,75.0,72.22222222222221,25.0,22.22222222222222,30.0,33.33333333333334,60.60606060606061,1.0,44.7223404939789,"{'profitability': 66.0, 'growth': 100.0, 'balance': 76.1, 'stability': 56.4}",31.874428081049725,False,-0.039737445061471366,28.628236810162527,,38.29838428751431,,False,"{""floor"": false, ""depressed_arms"": {""self_pct"": false, ""self_z"": false, ""median_ratio"": false}, ""yield_arm"": false, ""residual_arm"": false, ""brakes"": {""gm"": true, ""fcf_margin"": true, ""roic"": true}, ""self_pct"": 71.65991902834008, ""self_z"": 0.02143863947169527, ""median_ratio"": 1.6858775394387375, ""fcf_yield"": 0.03634654648676209, ""yield_threshold"": 0.0495, ""gs10"": 0.0495, ""residual_pct"": null, ""brake_values"": {""gm"": 1.0438172091006872, ""fcf_margin"": 1.0675519632177344, ""roic"": 1.3061640378337958}}",False,"{""floor"": false, ""mom_sector_pct"": 60.60606060606061, ""eps_rev_proxy"": null}"
XYL,1524472,Xylem Inc.,Industrials,Industrial Machinery & Supplies & Components,Capital Goods,14.880219028062971,5.9986310746064335,224634149.48328632,-0.19811116942004936,-0.27890871913554205,-0.23636393859527338,10.0,0.37725824070431696,0.013825168144425571,0.07755615633853155,0.06871265616512764,0.40858954143422394,0.05960558095440736,0.0584932995291561,0.3663197535199703,8,9,False,0.1405593869282733,0.07259723371599303,0.023044746725821685,False,0.39239535393381547,0.09938636861713784,0.07484111330265177,1.0401240094881388,1.2814762013645664,1.2556058024146792,,3.076923076923077,-0.5382225976430967,0.6809486057212328,260.0,,107.5999984741211,233486812.0,25123180614.9274,27151180614.9274,12449000000.0,2028000000.0,1301000000.0,341000000.0,53000000.0,565000000.0,2025000000.0,9126000000.0,1321000000.0,960000000.0,907000000.0,683000000.0,1886000000.0,1018000000.0,,,,20.553505386016198,29.935149520316866,0.03340554552170531,39.752826669000584,0.02515544387136133,24.678959346687034,0.9430255402750491,1.0737009544008485,8256000000.0,168000000.0,0.6766808579002329,,,,1.9230769230769231,-0.4955413515290556,0.6589847152741998,260.0,[],True,0.8,ig,Capital Goods,,33.33333333333333,63.63636363636363,,63.95348837209303,30.0,63.15789473684211,57.142857142857146,15.384615384615385,1.0,39.46242310104976,"{'profitability': 27.5, 'growth': 80.2, 'balance': 64.2, 'stability': 72.6}",62.27000603143624,False,,,,50.866214566243,,False,"{""floor"": false, ""depressed_arms"": {""self_pct"": true, ""self_z"": false, ""median_ratio"": true}, ""yield_arm"": false, ""residual_arm"": false, ""brakes"": {""gm"": true, ""fcf_margin"": true, ""roic"": false}, ""self_pct"": 1.9230769230769231, ""self_z"": -0.4955413515290556, ""median_ratio"": 0.6589847152741998, ""fcf_yield"": 0.03340554552170531, ""yield_threshold"": 0.0495, ""gs10"": 0.0495, ""residual_pct"": null, ""brake_values"": {""gm"": 1.0401240094881388, ""fcf_margin"": 1.2814762013645664, ""roic"": null}}",False,"{""floor"": false, ""mom_sector_pct"": 15.384615384615385, ""eps_rev_proxy"": null}"
WST,105770,West Pharmaceutical Services,Health Care,Health Care Supplies,Health Care Equipment and Services,6.324435318275154,5.9986310746064335,224501322.46239907,0.3897645194054238,0.0,0.4429809127462394,10.0,0.3791735860692516,0.06548686709520675,0.12279722051539388,0.13261916062105905,0.18545619442774117,0.18142161542250174,0.1820370189649003,0.13157355400857676,8,9,False,0.07443769129295252,0.0948223416998002,0.11181063049575268,False,0.3678610075748467,0.12152819526271492,0.13472405915594565,0.9701651726016094,0.9896656842284157,0.7426020259063123,0.8469307175296453,88.46153846153845,1.2835251413655848,1.3721605618447459,260.0,,366.6000061035156,70375762.0,25799754778.739563,25671954778.739563,2862400000.0,-127800000.0,662200000.0,225300000.0,32600000.0,181400000.0,-127800000.0,3326800000.0,680400000.0,436900000.0,404300000.0,448200000.0,861800000.0,564900000.0,538944290.6574394,0.20790080738177624,0.18828405906143075,37.73068015687767,63.49729106786931,0.015748703341236184,57.27789999718778,0.017458740632060495,45.671366221879204,0.7734112232253496,-0.14829426781155722,108700000.0,17700000.0,0.044158747903856904,4.0,0.2223134137944881,0.21302831719844637,54.230769230769226,0.04272445221198715,1.0111242794795625,260.0,[],True,1.0,ig,Health Care Equipment and Services,81.48148148148148,68.96551724137932,27.27272727272727,51.78571428571429,58.333333333333336,10.344827586206897,77.77777777777777,6.666666666666671,80.48780487804879,1.0,62.66890964252944,"{'profitability': 71.4, 'growth': 70.5, 'balance': 100.0, 'stability': 78.6}",23.85541269013457,True,0.9094231868982958,25.57394494826182,90.78947368421053,43.26216116633201,6.0,False,"{""floor"": true, ""depressed_arms"": {""self_pct"": false, ""self_z"": false, ""median_ratio"": false}, ""yield_arm"": false, ""residual_arm"": false, ""brakes"": {""gm"": true, ""fcf_margin"": true, ""roic"": false}, ""self_pct"": 54.230769230769226, ""self_z"": 0.04272445221198715, ""median_ratio"": 1.0111242794795625, ""fcf_yield"": 0.015748703341236184, ""yield_threshold"": 0.0495, ""gs10"": 0.0495, ""residual_pct"": 90.78947368421053, ""brake_values"": {""gm"": 0.9701651726016094, ""fcf_margin"": 0.9896656842284157, ""roic"": 0.8469307175296453}}",False,"{""floor"": true, ""mom_sector_pct"": 80.48780487804879, ""eps_rev_proxy"": 6.0}"
SW,2005951,Smurfit Westrock,Materials,Paper & Plastic Packaging Products & Materials,Materials,2.195756331279945,5.9986310746064335,224470370.30830112,0.16055551950158997,-0.09174701917223438,0.06867918906544168,4.0,0.22182461030700198,0.11662156791952011,0.025978773487826887,0.03311503482748247,0.7169034564478736,0.03712011823201705,0.04092051571550309,0.7824427225351009,2,3,False,,,,False,0.17933984549575432,0.028730128327906532,0.014109685245482985,0.8084758731123234,1.1059078035908383,0.3801088444086102,,,,,,,45.47999954223633,524522908.0,23855301615.732468,38070301615.73247,32251000000.0,14215000000.0,3297000000.0,2282000000.0,115000000.0,2740000000.0,14191000000.0,31326000000.0,1477000000.0,1015000000.0,900000000.0,442000000.0,4217000000.0,497000000.0,1009181189.4882435,0.31673582295988933,0.03129146970600116,25.77542424897256,42.300335128591634,0.02364047464305029,86.13190410799201,0.011610099769142478,47.99859480026653,2.0422535211267605,3.3651885226464313,7175000000.0,1021000000.0,0.2541316548324083,0.0,,,,,,,"['rev_cagr5 gate', 'fcf_cagr5 gate']",False,0.8,ig,Materials,,14.285714285714285,35.714285714285715,14.285714285714285,14.285714285714285,90.9090909090909,9.090909090909093,33.33333333333334,50.0,0.7,3.6187211712666842,"{'profitability': 13.6, 'growth': None, 'balance': 0.0, 'stability': 46.7}",,False,,,,,,False,"{""floor"": false, ""depressed_arms"": {""self_pct"": false, ""self_z"": false, ""median_ratio"": false}, ""yield_arm"": false, ""residual_arm"": false, ""brakes"": {""gm"": false, ""fcf_margin"": true, ""roic"": false}, ""self_pct"": null, ""self_z"": null, ""median_ratio"": null, ""fcf_yield"": 0.02364047464305029, ""yield_threshold"": 0.0495, ""gs10"": 0.0495, ""residual_pct"": null, ""brake_values"": {""gm"": 0.8084758731123234, ""fcf_margin"": 1.1059078035908383, ""roic"": null}}",False,"{""floor"": false, ""mom_sector_pct"": 50.0, ""eps_rev_proxy"": null}"
CRL,1100682,Charles River Laboratories,Health Care,Life Sciences Tools & Services,Pharmaceuticals Biotechnology and Life Sciences,5.347022587268994,5.9986310746064335,223335460.80954638,0.8996718167248465,-0.04580097192267052,0.8126650011847434,10.0,,,0.09496074369946848,0.10659757347489092,0.21444085952020764,0.07861432615046224,0.07209893716025707,0.20595312048383602,7,9,False,0.06549616324686203,0.0641150832577817,0.006144692963417908,False,,0.07190420974111694,0.05031399201847868,,0.7571993114194556,0.6400104724192544,0.2182226519264275,98.46153846153847,2.911700621882709,1.7961999922776706,260.0,gm_derived,281.6700134277344,47738872.0,13446608717.264893,15383392717.264893,4776420000.0,1936784000.0,582148000.0,211543000.0,83061000.0,297882000.0,1930430000.0,3998987000.0,90144000.0,370605000.0,287544000.0,201205000.0,388026000.0,-238458000.0,73634153.8625793,0.18314969534767375,0.015416180709104162,170.65354008325448,53.49926521598396,0.018691845504099188,76.45631429271089,0.01307936446127298,,,4.97500167514548,3076851000.0,253174000.0,0.6971801056021036,3.0,0.07064427351154012,0.09347342300526175,78.46153846153847,0.8758566683465278,1.3214058940462097,260.0,[],True,0.8,ig,Pharmaceuticals Biotechnology and Life Sciences,18.181818181818183,9.090909090909092,,27.27272727272727,63.63636363636363,,9.090909090909093,0.0,100.0,1.0,16.6556562673617,"{'profitability': 18.2, 'growth': 54.0, 'balance': 0.0, 'stability': 70.9}",13.118102174436505,False,0.4509489958607764,34.08028019686096,,14.886879220899102,,False,"{""floor"": false, ""depressed_arms"": {""self_pct"": false, ""self_z"": false, ""median_ratio"": false}, ""yield_arm"": false, ""residual_arm"": false, ""brakes"": {""gm"": false, ""fcf_margin"": false, ""roic"": false}, ""self_pct"": 78.46153846153847, ""self_z"": 0.8758566683465278, ""median_ratio"": 1.3214058940462097, ""fcf_yield"": 0.018691845504099188, ""yield_threshold"": 0.0495, ""gs10"": 0.0495, ""residual_pct"": null, ""brake_values"": {""gm"": null, ""fcf_margin"": 0.7571993114194556, ""roic"": 0.2182226519264275}}",False,"{""floor"": false, ""mom_sector_pct"": 100.0, ""eps_rev_proxy"": null}"
LII,1069202,Lennox International,Industrials,Building Products,Capital Goods,1.7357973990417521,5.9986310746064335,222763373.19551206,-0.24559603897523652,-0.3700682979540808,-0.32759607943490865,10.0,0.30665839290725294,0.08210446337006892,0.09592610265844886,0.09165255954793639,0.39394069815478294,,,,6,9,False,0.07409513973577586,0.036527902202271534,,False,0.3368709346114344,0.12012628856175586,,1.0985218158151604,1.2522794654701372,,-0.44321335464834877,,,,,,359.0799865722656,34799968.0,12495972042.155273,12963972042.155273,1681900000.0,468000000.0,809500000.0,148800000.0,29100000.0,,468000000.0,5257800000.0,1063000000.0,660700000.0,631600000.0,,,813100000.0,856700664.0896026,0.19407275250272574,0.5093648041438864,12.195646323758488,20.525604879916518,0.04871963607652118,,,15.368308992934784,0.8125691796826958,,503700000.0,274000000.0,0.4623937213865271,9.0,-1.1492541883085248,0.7421120276314146,2.307692307692308,-1.2219988307479348,0.5887287092755524,260.0,[],True,0.9,ig,Capital Goods,2.631578947368421,45.23809523809524,33.33333333333333,69.04761904761905,63.95348837209303,20.0,,95.23809523809524,9.230769230769232,0.7,32.59046833573243,"{'profitability': 68.3, 'growth': 46.1, 'balance': None, 'stability': 55.4}",77.61769914122038,False,,,,55.104083738476405,,False,"{""floor"": false, ""depressed_arms"": {""self_pct"": true, ""self_z"": true, ""median_ratio"": true}, ""yield_arm"": false, ""residual_arm"": false, ""brakes"": {""gm"": true, ""fcf_margin"": true, ""roic"": false}, ""self_pct"": 2.307692307692308, ""self_z"": -1.2219988307479348, ""median_ratio"": 0.5887287092755524, ""fcf_yield"": 0.04871963607652118, ""yield_threshold"": 0.0495, ""gs10"": 0.0495, ""residual_pct"": null, ""brake_values"": {""gm"": 1.0985218158151604, ""fcf_margin"": 1.2522794654701372, ""roic"": -0.44321335464834877}}",False,"{""floor"": false, ""mom_sector_pct"": 9.230769230769232, ""eps_rev_proxy"": null}"
ZBRA,877212,Zebra Technologies,Information Technology,Electronic Equipment & Instruments,Technology Hardware and Equipment,6.737850787132102,5.9986310746064335,218211232.95393163,0.1568719780255048,-0.0761773046288089,0.09188795199502886,9.0,0.46980986097445443,0.02398001504640197,0.09756189472170244,0.12379540400296515,0.6639099010213969,0.07645980771507294,0.10544848035581912,0.9339652698845281,7,9,False,0.03939693656763299,-0.014729232461778152,-0.05748088617015479,False,0.495809817000171,0.12485035060714897,0.1017615871387036,1.055341443816843,1.2797040377627706,1.3309160744677466,0.8657274000436184,58.17307692307693,0.04390820692424727,1.077690041326249,208.0,,347.80999755859375,47310660.0,16455120539.095459,19260120539.09546,6240000000.0,2805000000.0,979000000.0,75000000.0,174000000.0,210000000.0,2805000000.0,5847000000.0,858000000.0,904000000.0,730000000.0,595000000.0,1068000000.0,539000000.0,652273624.8236954,0.2397743300423131,0.10453102961918195,22.447692936008693,26.38372676588419,0.037902151158306516,32.36995048587472,0.030892849231770377,30.528980592013838,1.6771799628942485,2.6264044943820224,4701000000.0,809000000.0,0.8830128205128205,5.0,0.12074358465946129,0.09327397055776941,46.58119658119658,-0.022160973610641524,0.9418749149087821,234.0,[],True,1.0,ig,Technology Hardware and Equipment,20.0,38.88888888888889,68.42105263157895,32.5,25.0,95.0,5.26315789473685,70.0,50.0,1.0,17.150793269964186,"{'profitability': 48.1, 'growth': 16.4, 'balance': 12.5, 'stability': 61.5}",51.7799280479139,False,-0.2838935388589423,35.04528031264552,,34.46536065893904,,False,"{""floor"": false, ""depressed_arms"": {""self_pct"": false, ""self_z"": false, ""median_ratio"": false}, ""yield_arm"": false, ""residual_arm"": false, ""brakes"": {""gm"": true, ""fcf_margin"": true, ""roic"": false}, ""self_pct"": 46.58119658119658, ""self_z"": -0.022160973610641524, ""median_ratio"": 0.9418749149087821, ""fcf_yield"": 0.037902151158306516, ""yield_threshold"": 0.0495, ""gs10"": 0.0495, ""residual_pct"": null, ""brake_values"": {""gm"": 1.055341443816843, ""fcf_margin"": 1.2797040377627706, ""roic"": 0.8657274000436184}}",False,"{""floor"": false, ""mom_sector_pct"": 50.0, ""eps_rev_proxy"": null}"
LVS,1300514,Las Vegas Sands,Consumer Discretionary,Casinos & Gaming,Consumer Services,6.959616700889802,5.9986310746064335,216493745.21512356,-0.10806238294732795,-0.3928603807280622,-0.22868164588780904,7.0,,,-0.033700289625769264,0.1383575324575555,2.640444568868794,0.09702989786465398,0.22217100714450333,1.1621407839663513,6,9,False,0.34658172096858997,,,False,,0.19221517603323857,0.26160798892047527,,-5.703665403702029,2.696158551927877,2.403995642292418,,,,,,40.66999816894531,647701184.0,26342005967.30371,39396005967.30371,13635000000.0,13054000000.0,3732000000.0,1029000000.0,66000000.0,77000000.0,12738000000.0,13719000000.0,2948000000.0,2703000000.0,2637000000.0,3589000000.0,3025000000.0,1727000000.0,2458345004.269855,0.16609735269000853,0.18029666331278732,13.363638387823512,14.939706472242591,0.06693571937694774,10.976875443662221,0.09110060555322923,15.25304340897725,1.5651418645049218,4.210909090909091,103000000.0,488000000.0,0.04334433443344334,7.0,0.0749987479764559,0.1393881061823174,0.6060606060606061,-0.39678301706786945,0.5733545149752168,165.0,['fcf_cagr5 gate'],False,0.9,ig,Consumer Services,50.0,23.076923076923077,,76.92307692307693,30.76923076923077,69.23076923076923,11.111111111111114,69.23076923076923,39.39393939393939,1.0,24.44773920659385,"{'profitability': 62.5, 'growth': 100.0, 'balance': 0.0, 'stability': 44.4}",78.65585375531086,False,-0.46403213255431197,23.761215841378277,,51.551796480952355,,False,"{""floor"": false, ""depressed_arms"": {""self_pct"": true, ""self_z"": false, ""median_ratio"": true}, ""yield_arm"": true, ""residual_arm"": false, ""brakes"": {""gm"": false, ""fcf_margin"": false, ""roic"": true}, ""self_pct"": 0.6060606060606061, ""self_z"": -0.39678301706786945, ""median_ratio"": 0.5733545149752168, ""fcf_yield"": 0.06693571937694774, ""yield_threshold"": 0.0495, ""gs10"": 0.0495, ""residual_pct"": null, ""brake_values"": {""gm"": null, ""fcf_margin"": -5.703665403702029, ""roic"": 2.403995642292418}}",False,"{""floor"": false, ""mom_sector_pct"": 39.39393939393939, ""eps_rev_proxy"": null}"
VRSN,1014473,Verisign,Information Technology,Internet Services & Infrastructure,Software and Services,20.62696783025325,5.9986310746064335,208473743.06969652,0.010738717549223953,-0.022784959600519294,0.08336987410345587,10.0,0.8682134854161827,0.011527041004784615,0.5354074857934782,0.5229138886939434,0.1278082584331425,,,,9,9,False,0.05540357333639068,0.09237710284589173,0.11723272617923519,True,0.8846536682475554,0.5804203993208034,,1.0189356455612897,1.0840722528573086,,,,,,,gm_derived;ev_or_ic_nonpos,302.04998779296875,90300000.0,27275113897.70508,26301926897.70508,-3227287000.0,-973187000.0,1101300000.0,35200000.0,74800000.0,,-1025439000.0,1707900000.0,1159000000.0,1066100000.0,991300000.0,,,850000000.0,892507700.6704113,0.22993295886936038,,22.69363839318816,26.532761926465326,0.03768925386552169,,,32.08836929141774,1.2542352941176471,,52500000.0,0.0,-0.016267533690062272,0.0,-0.31470886620955224,-0.3239741215158847,59.23076923076923,0.22843398347179536,1.03486382237464,260.0,[],True,0.9,ig,Software and Services,5.263157894736842,100.0,88.88888888888889,15.0,63.63636363636363,28.57142857142857,,59.090909090909086,37.93103448275862,0.7,50.815074929702256,"{'profitability': 50.0, 'growth': 61.6, 'balance': None, 'stability': 92.5}",44.56147504726679,False,,,,47.68827498848452,,False,"{""floor"": false, ""depressed_arms"": {""self_pct"": false, ""self_z"": false, ""median_ratio"": false}, ""yield_arm"": false, ""residual_arm"": false, ""brakes"": {""gm"": true, ""fcf_margin"": true, ""roic"": false}, ""self_pct"": 59.23076923076923, ""self_z"": 0.22843398347179536, ""median_ratio"": 1.03486382237464, ""fcf_yield"": 0.03768925386552169, ""yield_threshold"": 0.0495, ""gs10"": 0.0495, ""residual_pct"": null, ""brake_values"": {""gm"": 1.0189356455612897, ""fcf_margin"": 1.0840722528573086, ""roic"": null}}",False,"{""floor"": false, ""mom_sector_pct"": 37.93103448275862, ""eps_rev_proxy"": null}"
TDY,1094285,Teledyne Technologies,Information Technology,Electronic Equipment & Instruments,Technology Hardware and Equipment,6.239561943874059,5.9986310746064335,206811107.62918794,0.12511284665905342,-0.12920585693828823,0.06467874473602642,10.0,0.423165097333821,0.028893507037725467,0.14558990468914032,0.15668682140302972,0.3275123620630468,0.10754271720589204,0.12138352512840518,0.44529316284586484,8,9,False,0.1465689073362828,0.14425819528975348,0.11184464266532967,False,0.4333898092369478,0.17916980421686746,0.14566076807228914,1.024162465117157,1.2306471702102288,1.3544456738378627,1.1450368233649644,13.461538461538462,-0.17042982574133367,0.8315946496100384,260.0,sbc_unreported;gm_derived,601.97998046875,46355673.0,27905187127.15576,29758787127.15576,12772100000.0,1853600000.0,1271300000.0,129200000.0,,342800000.0,1853600000.0,6374400000.0,1239700000.0,1142100000.0,1142100000.0,928500000.0,1582500000.0,974800000.0,1011470711.2970711,0.18410041841004185,0.07919376698405674,24.00482949677806,26.05620096940352,0.03837858025328594,32.05039001309183,0.031200868369824004,28.626576864131884,1.171624948707427,1.1713112164297,8661900000.0,1193500000.0,0.7716350482692744,2.0,0.06916263771441597,0.07349148361525377,22.692307692307693,-0.2659571328928478,0.8931314256764804,260.0,[],True,1.0,ig,Technology Hardware and Equipment,10.0,61.111111111111114,52.63157894736842,12.5,62.5,60.0,42.10526315789473,60.0,48.275862068965516,1.0,51.25058673648843,"{'profitability': 49.7, 'growth': 100.0, 'balance': 61.0, 'stability': 75.2}",56.6865698565765,False,-0.2965087130889672,35.04961026482839,,53.96857829653246,,False,"{""floor"": false, ""depressed_arms"": {""self_pct"": false, ""self_z"": false, ""median_ratio"": false}, ""yield_arm"": false, ""residual_arm"": false, ""brakes"": {""gm"": true, ""fcf_margin"": true, ""roic"": true}, ""self_pct"": 22.692307692307693, ""self_z"": -0.2659571328928478, ""median_ratio"": 0.8931314256764804, ""fcf_yield"": 0.03837858025328594, ""yield_threshold"": 0.0495, ""gs10"": 0.0495, ""residual_pct"": null, ""brake_values"": {""gm"": 1.024162465117157, ""fcf_margin"": 1.2306471702102288, ""roic"": 1.1450368233649644}}",False,"{""floor"": false, ""mom_sector_pct"": 48.275862068965516, ""eps_rev_proxy"": null}"
PNR,77360,Pentair,Industrials,Industrial Machinery & Supplies & Components,Capital Goods,13.963039014373717,5.9986310746064335,204764799.98206693,-0.40899025436833125,-0.4974417348268606,-0.4886480905623768,10.0,0.36959247297878706,0.07233596821297011,0.13105494969997536,0.1389715257118572,0.28869820587985057,0.12289573019555984,0.1343763280917977,0.29946139304120867,6,9,False,0.06712183699096541,0.0784390887112405,0.06659620029731594,False,0.4093948551983438,0.16079289912666872,0.1492516003141137,1.1076926212776017,1.226912066234603,1.2144571668732074,0.9558018760851027,1.9230769230769231,-1.0811423553632926,0.6552202055402632,260.0,,55.720001220703125,161605541.0,9004660941.792389,11018760941.792389,5824200000.0,2014100000.0,786300000.0,70500000.0,40100000.0,119000000.0,2014100000.0,4202300000.0,864400000.0,715800000.0,675700000.0,627200000.0,983400000.0,671300000.0,742500340.7601572,0.14102228047182175,0.12748537837989032,12.747294009477544,16.30717913540386,0.061322684426084476,17.568177521990417,0.056921100594998046,13.413765740790092,1.066289289438403,2.048098434004474,3524700000.0,1057700000.0,0.7867861680574156,8.0,0.13338054838525895,0.13304199261865776,0.38461538461538464,-1.150421139163975,0.6480597537999484,260.0,['mktcap<10B'],False,1.0,ig,Capital Goods,44.73684210526316,73.80952380952381,57.57575757575758,61.904761904761905,63.95348837209303,40.0,36.8421052631579,90.47619047619048,3.076923076923077,1.0,31.806958637794878,"{'profitability': 59.7, 'growth': 60.7, 'balance': 31.7, 'stability': 61.7}",84.6957806141424,False,-0.5018584742347909,26.936006491020134,,58.251369625968636,,False,"{""floor"": false, ""depressed_arms"": {""self_pct"": true, ""self_z"": true, ""median_ratio"": true}, ""yield_arm"": true, ""residual_arm"": false, ""brakes"": {""gm"": true, ""fcf_margin"": true, ""roic"": true}, ""self_pct"": 0.38461538461538464, ""self_z"": -1.150421139163975, ""median_ratio"": 0.6480597537999484, ""fcf_yield"": 0.061322684426084476, ""yield_threshold"": 0.0495, ""gs10"": 0.0495, ""residual_pct"": null, ""brake_values"": {""gm"": 1.1076926212776017, ""fcf_margin"": 1.226912066234603, ""roic"": 0.9558018760851027}}",False,"{""floor"": false, ""mom_sector_pct"": 3.076923076923077, ""eps_rev_proxy"": null}"
LH,920148,Labcorp,Health Care,Health Care Services,Health Care Equipment and Services,21.87816563997262,5.9986310746064335,203827838.56062433,0.22268960115535918,-0.038407708583955924,0.1757288952655509,10.0,0.3071127043945487,0.12585442907183025,0.10546711065494778,0.0774242565422135,0.4333340904458086,0.0933498405688397,0.0634642437100754,0.5362573579245019,7,9,False,-0.00038374040677147114,-0.07213807399036487,-0.09835784744759202,False,0.28882771117925843,0.07176609980485085,0.05691385558962922,0.9404616189638333,0.6804595229658364,0.6096834792948446,,93.84615384615384,1.2523922577910167,1.4016882006369822,260.0,,322.7300109863281,81100000.0,26173403890.99121,32817903890.99121,15251300000.0,6644500000.0,1638400000.0,483200000.0,125500000.0,696300000.0,6624300000.0,14348000000.0,1496600000.0,1155200000.0,1029700000.0,816600000.0,2192900000.0,1002800000.0,,,,21.92830675597435,31.87132552295932,0.0313761659922059,40.188469129305915,0.024882759200966626,26.10032298662865,1.1519744714798563,3.0207943818687584,7030100000.0,3136600000.0,0.6666120265157724,,,,87.3076923076923,1.1679554779642494,1.3915131939805119,260.0,"['rev_cagr5 gate', 'fcf_cagr5 gate']",False,0.8,ig,Health Care Equipment and Services,,48.275862068965516,18.181818181818183,,58.333333333333336,37.93103448275862,18.51851851851852,40.0,46.34146341463415,1.0,6.273705344941185,"{'profitability': 28.7, 'growth': 0.0, 'balance': 0.0, 'stability': 54.6}",26.476140936902272,False,,,,16.37492314092173,,False,"{""floor"": false, ""depressed_arms"": {""self_pct"": false, ""self_z"": false, ""median_ratio"": false}, ""yield_arm"": false, ""residual_arm"": false, ""brakes"": {""gm"": false, ""fcf_margin"": false, ""roic"": false}, ""self_pct"": 87.3076923076923, ""self_z"": 1.1679554779642494, ""median_ratio"": 1.3915131939805119, ""fcf_yield"": 0.0313761659922059, ""yield_threshold"": 0.0495, ""gs10"": 0.0495, ""residual_pct"": null, ""brake_values"": {""gm"": 0.9404616189638333, ""fcf_margin"": 0.6804595229658364, ""roic"": null}}",False,"{""floor"": false, ""mom_sector_pct"": 46.34146341463415, ""eps_rev_proxy"": null}"
APA,1841666,APA Corporation,Energy,Oil & Gas Exploration & Production,Energy,29.141683778234086,5.9986310746064335,202548079.2222796,0.9124070176677466,0.0,1.0036419104687901,4.0,0.4806949264706237,0.12787378975173047,0.14882482846329473,0.14634371934610071,0.5243235562296557,0.22930262358320685,0.22158228826838883,0.4127225259668044,1,3,False,,,,False,0.5148762207585738,0.2387008857597093,0.2657279127867363,1.0711080820821581,1.6039049950498083,1.1588524746656979,0.7028537535225448,,,,,sbc_unreported;facts_yf,45.459999084472656,350351510.0,15926979323.843613,20148979323.843613,11243000000.0,4222000000.0,4528000000.0,2426000000.0,,2188000000.0,3299000000.0,8806000000.0,3640000000.0,2102000000.0,2102000000.0,2340000000.0,5828000000.0,1677000000.0,2318493723.8493724,0.36305117476665594,0.20621664358706504,5.535433880176817,9.5856228943119,0.10432290222823173,8.610674924719493,0.11613491494484408,9.497304307599054,1.2534287418008347,0.5660603980782429,,,0.0,4.0,0.2933990784762174,0.23483588338642075,,,,,"['rev_cagr5 gate', 'fcf_cagr5 gate']",False,0.9,ig,Energy,90.9090909090909,75.0,80.0,68.18181818181817,13.636363636363635,80.0,63.63636363636363,90.9090909090909,81.81818181818183,0.7,23.122776621902723,"{'profitability': 79.3, 'growth': None, 'balance': 81.1, 'stability': 28.9}",,False,-0.7299806403753548,19.890555103055473,,,,False,"{""floor"": false, ""depressed_arms"": {""self_pct"": false, ""self_z"": false, ""median_ratio"": false}, ""yield_arm"": true, ""residual_arm"": false, ""brakes"": {""gm"": true, ""fcf_margin"": true, ""roic"": false}, ""self_pct"": null, ""self_z"": null, ""median_ratio"": null, ""fcf_yield"": 0.10432290222823173, ""yield_threshold"": 0.0495, ""gs10"": 0.0495, ""residual_pct"": null, ""brake_values"": {""gm"": 1.0711080820821581, ""fcf_margin"": 1.6039049950498083, ""roic"": 0.7028537535225448}}",False,"{""floor"": false, ""mom_sector_pct"": 81.81818181818183, ""eps_rev_proxy"": null}"
PTC,857005,PTC Inc.,Information Technology,Application Software,Software and Services,5.412731006160164,5.9986310746064335,197469479.74032593,-0.2489439428607796,-0.3435867191837423,-0.34722017755022005,10.0,0.8057464567813162,0.02092781505528905,0.17101329454036007,0.18148706780419951,0.32554111082893594,0.1347026950200695,0.1428871850163062,0.52006608375412,9,9,False,0.13435593739979002,0.3201990243696191,,False,0.8450063169183729,0.23521753083644664,0.20812045611806748,1.0487248312501263,1.3754341817029554,1.5450355769575312,1.7161441934482127,3.4615384615384617,-1.3136095537174326,0.3840208379733636,260.0,,134.44000244140625,108506261.0,14587581993.747864,15818747993.747864,4700909000.0,1231166000.0,955321000.0,19837000.0,240658000.0,99881000.0,1231166000.0,2953972000.0,1117008000.0,935484000.0,694826000.0,614782000.0,1216889000.0,1223814000.0,893288446.0894248,0.2002846478365196,0.1900246199382768,14.161714145062403,22.766488291669948,0.043924209442783975,25.73066224083962,0.03886413768289272,11.919770482890263,0.7644004726208394,1.011732376576664,3398303000.0,765799000.0,0.8858078299324662,3.0,0.11072765369235338,0.10829925101680227,3.4615384615384617,-1.6986291950143422,0.4288458953036481,260.0,[],True,1.0,ig,Software and Services,42.10526315789473,40.909090909090914,77.77777777777779,40.0,63.63636363636363,9.523809523809524,25.0,77.27272727272728,10.344827586206897,1.0,61.41165053850497,"{'profitability': 63.4, 'growth': 100.0, 'balance': 66.3, 'stability': 81.6}",69.6080261623327,True,-0.39887202321046056,33.92532094722131,22.36842105263158,65.50983835041885,-1.0,False,"{""floor"": true, ""depressed_arms"": {""self_pct"": true, ""self_z"": true, ""median_ratio"": true}, ""yield_arm"": false, ""residual_arm"": false, ""brakes"": {""gm"": true, ""fcf_margin"": true, ""roic"": true}, ""self_pct"": 3.4615384615384617, ""self_z"": -1.6986291950143422, ""median_ratio"": 0.4288458953036481, ""fcf_yield"": 0.043924209442783975, ""yield_threshold"": 0.0495, ""gs10"": 0.0495, ""residual_pct"": 22.36842105263158, ""brake_values"": {""gm"": 1.0487248312501263, ""fcf_margin"": 1.3754341817029554, ""roic"": 1.7161441934482127}}",False,"{""floor"": true, ""mom_sector_pct"": 10.344827586206897, ""eps_rev_proxy"": -1.0}"
ZBH,1136869,Zimmer Biomet,Health Care,Health Care Equipment,Health Care Equipment and Services,25.114305270362767,5.9986310746064335,197439939.38727698,0.01950576391040837,-0.0778516794792421,-0.04844112641873599,10.0,,,0.16225729778036696,0.1610316193773498,0.07610686433161824,0.05808093534572608,0.05721148916848535,0.18014228079247144,7,9,False,0.060813730964938806,0.0885003861160647,,False,0.6987471793907484,0.1674501692365551,0.063075874388868,,1.0320039315779637,1.0859996316073355,1.0716703457247037,8.846153846153847,-0.6161675080905759,0.7394177036291799,260.0,,94.25,190737689.0,17977027188.25,25255227188.25,19902100000.0,7278200000.0,1743300000.0,220300000.0,98200000.0,1108400000.0,7269500000.0,8508800000.0,1205000000.0,1523000000.0,1424800000.0,536700000.0,2313400000.0,806700000.0,1041597043.7017994,0.13560411311053985,0.05233603708662902,20.958694762033193,17.725454230944695,0.05641604367205568,47.056506778926774,0.021251046209146748,22.284650041217304,1.8879385149373993,3.1423446010201435,9919500000.0,675400000.0,0.5323508574472041,0.0,0.048835947822403754,0.04698906006854681,9.230769230769232,-1.1604327085190094,0.7509844434553966,260.0,[],True,0.9,ig,Health Care Equipment and Services,18.51851851851852,86.20689655172413,,8.928571428571429,58.333333333333336,82.75862068965517,7.407407407407405,46.666666666666664,29.268292682926827,1.0,29.036935772278852,"{'profitability': 44.0, 'growth': 62.2, 'balance': 0.0, 'stability': 80.1}",61.55772449402177,False,-0.36690840595750585,25.582540436705795,,45.29733013315031,,False,"{""floor"": false, ""depressed_arms"": {""self_pct"": true, ""self_z"": true, ""median_ratio"": true}, ""yield_arm"": true, ""residual_arm"": false, ""brakes"": {""gm"": false, ""fcf_margin"": true, ""roic"": true}, ""self_pct"": 9.230769230769232, ""self_z"": -1.1604327085190094, ""median_ratio"": 0.7509844434553966, ""fcf_yield"": 0.05641604367205568, ""yield_threshold"": 0.0495, ""gs10"": 0.0495, ""residual_pct"": null, ""brake_values"": {""gm"": null, ""fcf_margin"": 1.0320039315779637, ""roic"": 1.0716703457247037}}",False,"{""floor"": false, ""mom_sector_pct"": 29.268292682926827, ""eps_rev_proxy"": null}"
ROL,84839,"Rollins, Inc.",Industrials,Environmental & Facilities Services,Commercial and Professional Services,7.964407939767283,5.9986310746064335,195334653.97637588,-0.3254155333811328,-0.4852737421392068,-0.39687652423592645,10.0,,,0.15599047261862312,0.15360318537233342,0.19436009138634167,0.13200388923725312,0.1314430389961468,0.1867714870330904,9,9,False,0.11717710237805679,0.09518855324042774,0.09476315183954398,False,,0.1472408772740397,0.12124635482142161,,0.943909424737913,0.9185059282874857,1.014417867699591,0.38461538461538464,-4.015270843296117,0.6441017035844336,260.0,gm_derived,33.0,481145404.0,15877798332.0,16668098332.0,2219897000.0,790300000.0,646966000.0,27797000.0,41393000.0,129800000.0,790300000.0,3924019000.0,731932000.0,619169000.0,577776000.0,475773000.0,861732000.0,531716000.0,556775507.6431818,0.23930705633421986,0.25081141496347886,22.77274163720127,28.848720493755366,0.034663582401044835,35.03372056001496,0.02854392807886154,29.861426648812525,1.1644731397964327,0.9171064785803474,1449382000.0,601532000.0,0.9238779997450333,7.0,0.24724664553893091,0.24928631278349161,0.38461538461538464,-4.219481298202903,0.6268075281700941,260.0,[],True,0.9,ig,Commercial and Professional Services,60.0,63.63636363636363,,50.0,63.63636363636363,45.45454545454545,54.54545454545455,18.181818181818173,4.615384615384616,1.0,68.89767125667868,"{'profitability': 79.4, 'growth': 88.5, 'balance': 69.4, 'stability': 87.0}",55.009738318318824,True,0.1998038131329527,23.623968913031685,56.57894736842105,61.95370478749875,-12.0,False,"{""floor"": true, ""depressed_arms"": {""self_pct"": true, ""self_z"": true, ""median_ratio"": true}, ""yield_arm"": false, ""residual_arm"": false, ""brakes"": {""gm"": false, ""fcf_margin"": false, ""roic"": true}, ""self_pct"": 0.38461538461538464, ""self_z"": -4.219481298202903, ""median_ratio"": 0.6268075281700941, ""fcf_yield"": 0.034663582401044835, ""yield_threshold"": 0.0495, ""gs10"": 0.0495, ""residual_pct"": 56.57894736842105, ""brake_values"": {""gm"": null, ""fcf_margin"": 0.943909424737913, ""roic"": 1.014417867699591}}",False,"{""floor"": true, ""mom_sector_pct"": 4.615384615384616, ""eps_rev_proxy"": -12.0}"
ALLE,1579241,Allegion,Industrials,Building Products,Capital Goods,12.793976728268309,5.9986310746064335,192988692.13546893,-0.08773763193358686,-0.13557729770587856,-0.13345636261702254,10.0,0.43037068790934396,0.038978415420535525,0.14046451548924574,0.146404408174653,0.1956706211108801,0.13201571130915374,0.13461672595382576,0.2162657033730178,8,9,False,0.08380376143729995,0.09120633734178307,0.09782297082018387,False,0.4480121254517897,0.1564882826162994,0.14695114842019355,1.0409912618076858,1.1140769757489426,1.1131337850845955,0.8840218591718505,30.0,-0.31488972350364736,0.943187212363512,260.0,sbc_unreported;gm_derived,153.6300048828125,85036786.0,13064201848.398682,14965901848.398682,4020300000.0,1901700000.0,769300000.0,98200000.0,,139100000.0,1901700000.0,4288500000.0,893400000.0,671100000.0,671100000.0,630200000.0,1032500000.0,,742733198.6872002,0.16864428174703358,0.18474571516732588,16.751625082156572,22.300554087913397,0.04484193514016706,23.7478607559484,0.042109056065166565,,,1.8418401937046005,1925600000.0,769200000.0,0.6702982364500162,10.0,0.20898319792724945,0.20571622248284407,28.46153846153846,-0.34826217961684286,0.9421688217781933,260.0,[],True,0.9,ig,Capital Goods,68.42105263157895,80.95238095238095,78.78787878787878,86.90476190476191,63.95348837209303,,39.473684210526315,73.80952380952381,21.53846153846154,1.0,51.40148309795965,"{'profitability': 75.5, 'growth': 72.9, 'balance': 38.6, 'stability': 80.8}",60.9962815667638,False,-0.18875283389512232,26.93332477352292,,56.19888233236172,,False,"{""floor"": false, ""depressed_arms"": {""self_pct"": false, ""self_z"": false, ""median_ratio"": false}, ""yield_arm"": false, ""residual_arm"": false, ""brakes"": {""gm"": true, ""fcf_margin"": true, ""roic"": false}, ""self_pct"": 28.46153846153846, ""self_z"": -0.34826217961684286, ""median_ratio"": 0.9421688217781933, ""fcf_yield"": 0.04484193514016706, ""yield_threshold"": 0.0495, ""gs10"": 0.0495, ""residual_pct"": null, ""brake_values"": {""gm"": 1.0409912618076858, ""fcf_margin"": 1.1140769757489426, ""roic"": 0.8840218591718505}}",False,"{""floor"": false, ""mom_sector_pct"": 21.53846153846154, ""eps_rev_proxy"": null}"
PPG,79879,PPG Industries,Materials,Specialty Chemicals,Materials,69.54140999315537,5.9986310746064335,189685176.57591766,0.06565260038518494,-0.18218805493473733,-0.01106163711427921,10.0,0.3964714810699771,0.051010158825329305,0.06418306008311253,0.06749196524223307,0.4500263677353527,0.06778121582646121,0.056183787644328055,0.43747504500703227,5,9,False,0.027905506355126564,-0.08627440941703046,-0.028176572571445346,False,0.4138701073134421,0.07400285342100366,0.08802183487376714,1.04388367656738,1.1529966524683488,1.2986169368682843,,8.076923076923077,-0.23454731281631944,0.683357594501128,260.0,gm_derived,105.44999694824219,222900000.0,23504804319.763184,29767804319.763184,14367000000.0,6263000000.0,1992000000.0,765000000.0,34000000.0,539000000.0,6113000000.0,16121000000.0,,1227000000.0,1193000000.0,1419000000.0,,1585000000.0,,0.22718446601941747,,,24.952057267194622,0.04007685575949429,20.97801572922,0.04766895081535825,14.829529539282765,0.7741324921135647,,6152000000.0,690000000.0,0.47623024987819307,8.0,0.13424041026516817,0.1345019449272278,21.53846153846154,-0.1838428263115812,0.8180325672185462,260.0,['fcf_cagr5 gate'],False,0.8,ig,Materials,66.66666666666666,35.714285714285715,78.57142857142857,78.57142857142857,71.42857142857143,36.36363636363637,,,35.714285714285715,0.7,16.01151445432576,"{'profitability': 47.1, 'growth': 11.6, 'balance': None, 'stability': 50.2}",,False,-0.14596310096369347,28.873360134802535,,,,False,"{""floor"": false, ""depressed_arms"": {""self_pct"": false, ""self_z"": false, ""median_ratio"": false}, ""yield_arm"": false, ""residual_arm"": false, ""brakes"": {""gm"": true, ""fcf_margin"": true, ""roic"": false}, ""self_pct"": 21.53846153846154, ""self_z"": -0.1838428263115812, ""median_ratio"": 0.8180325672185462, ""fcf_yield"": 0.04007685575949429, ""yield_threshold"": 0.0495, ""gs10"": 0.0495, ""residual_pct"": null, ""brake_values"": {""gm"": 1.04388367656738, ""fcf_margin"": 1.1529966524683488, ""roic"": null}}",False,"{""floor"": false, ""mom_sector_pct"": 35.714285714285715, ""eps_rev_proxy"": null}"
BR,1383312,Broadridge Financial Solutions,Industrials,Data Processing & Outsourced Services,Commercial and Professional Services,8.251882272416154,5.9986310746064335,189642973.1445782,-0.23298739666872026,-0.2878594688682964,-0.3039626841644597,10.0,,,0.10690486146074045,0.11744130409675131,0.3263373616749185,0.12135695547082456,0.13306079793446857,0.389344632540453,9,9,False,0.08407333722918064,0.16796101908543926,0.18630585941712852,False,0.3177963834795634,0.1709822383907554,0.1615530708324417,,1.5993869320297152,1.3312221801022412,,9.615384615384617,-0.871149537242893,0.5652766177100191,260.0,sbc_unreported,164.30999755859375,114021798.0,18734921351.00647,22248721351.00647,6354300000.0,3513800000.0,1345600000.0,67200000.0,,137700000.0,3513800000.0,7476800000.0,1300600000.0,1278400000.0,1278400000.0,1207900000.0,1438300000.0,1124300000.0,1003242603.3503332,0.22863093699036352,0.15788404755053007,17.106505728899332,17.40356801549317,0.057459481820611176,18.41934046775931,0.05429076039668041,16.663631905191203,1.1370630614604642,2.443023013279566,3787800000.0,1199900000.0,0.7849330374706891,4.0,,,9.615384615384617,-0.9851558489546112,0.5691699356883785,260.0,[],True,0.8,ig,Commercial and Professional Services,,27.27272727272727,,36.36363636363637,63.63636363636363,36.36363636363637,27.272727272727266,72.72727272727273,12.307692307692308,1.0,44.02224377676959,"{'profitability': 63.0, 'growth': 85.0, 'balance': 18.6, 'stability': 78.2}",69.43577319980821,False,,,,56.7290084882889,,False,"{""floor"": false, ""depressed_arms"": {""self_pct"": true, ""self_z"": false, ""median_ratio"": true}, ""yield_arm"": true, ""residual_arm"": false, ""brakes"": {""gm"": false, ""fcf_margin"": true, ""roic"": false}, ""self_pct"": 9.615384615384617, ""self_z"": -0.9851558489546112, ""median_ratio"": 0.5691699356883785, ""fcf_yield"": 0.057459481820611176, ""yield_threshold"": 0.0495, ""gs10"": 0.0495, ""residual_pct"": null, ""brake_values"": {""gm"": null, ""fcf_margin"": 1.5993869320297152, ""roic"": null}}",False,"{""floor"": false, ""mom_sector_pct"": 12.307692307692308, ""eps_rev_proxy"": null}"
RVTY,31791,Revvity,Health Care,Health Care Equipment,Health Care Equipment and Services,41.30047912388775,5.9986310746064335,189556505.04949433,0.4425152465019877,0.0,0.696675398446065,10.0,,,0.16879454207147146,0.1703625040309154,0.7059295581750906,0.06291734015503388,0.05903428860562478,1.9349319814994428,6,9,False,0.014078223738904772,-0.09270053824079161,-0.25262367100314376,False,,0.18328250013479583,0.06558427040766039,,1.0858319107094698,1.0423878416674157,0.7649466114447454,74.35897435897436,0.0007818399397243446,1.1689042368372335,195.0,,146.72999572753906,111586401.0,16373072141.98146,18728218141.98146,9583904000.0,2355146000.0,627633000.0,69520000.0,24429000.0,412235000.0,2355146000.0,2911811000.0,358847000.0,558113000.0,533684000.0,190969000.0,771082000.0,237554000.0,326643134.9015217,0.08974260645477973,0.034082471496117,52.18998108380859,35.092335805423176,0.028496250735337483,98.06941515105311,0.01019685901521624,68.92358007855671,2.3494152908391355,3.0543392272157823,6607802000.0,2224001000.0,0.9215245686935094,1.0,0.04455535979399379,0.032756169303545066,73.93162393162393,0.09086043923710128,1.2021537777570181,234.0,['fcf_cagr5 gate'],False,0.9,ig,Health Care Equipment and Services,11.11111111111111,89.65517241379311,,25.0,58.333333333333336,86.20689655172413,14.81481481481481,0.0,87.8048780487805,1.0,8.295286764529259,"{'profitability': 42.3, 'growth': 5.9, 'balance': 0.0, 'stability': 44.4}",18.337904756466223,False,0.31605230938058826,25.58306077833486,,13.31659576049774,,False,"{""floor"": false, ""depressed_arms"": {""self_pct"": false, ""self_z"": false, ""median_ratio"": false}, ""yield_arm"": false, ""residual_arm"": false, ""brakes"": {""gm"": false, ""fcf_margin"": true, ""roic"": false}, ""self_pct"": 73.93162393162393, ""self_z"": 0.09086043923710128, ""median_ratio"": 1.2021537777570181, ""fcf_yield"": 0.028496250735337483, ""yield_threshold"": 0.0495, ""gs10"": 0.0495, ""residual_pct"": null, ""brake_values"": {""gm"": null, ""fcf_margin"": 1.0858319107094698, ""roic"": 0.7649466114447454}}",False,"{""floor"": false, ""mom_sector_pct"": 87.8048780487805, ""eps_rev_proxy"": null}"
APTV,1521332,Aptiv,Consumer Discretionary,Automotive Parts & Equipment,Consumer Durables and Apparel,13.73305954825462,5.9986310746064335,186805118.45387045,-0.4338649217826016,-0.5080636085186963,-0.4885084479800176,10.0,,,0.048052646964906014,0.043638721260784996,0.4628137493062764,0.04221185777336403,0.043339484314996755,0.468574647772139,6,9,False,0.09317322677777895,,,False,0.205506568292244,0.03868994061543998,0.020994541419231,,0.8051573234601658,0.4973612280215418,,67.52136752136752,0.26371277290660144,1.4535175783159278,234.0,,43.619998931884766,207633331.0,9056965676.443676,13196965676.443676,12893000000.0,4140000000.0,1351000000.0,588000000.0,118000000.0,883000000.0,4140000000.0,16671000000.0,891000000.0,763000000.0,645000000.0,350000000.0,1774000000.0,220000000.0,798627615.0627615,0.10367271036727103,0.06194272978071524,14.811409288937908,20.460411901463065,0.04887487137678264,37.705616218410505,0.02652124803391306,41.16802580201671,3.4681818181818183,2.333709131905299,3937000000.0,1838000000.0,0.4479174745986194,1.0,,,37.60683760683761,-0.026426409967211423,0.8963980295383079,234.0,"['mktcap<10B', 'fcf_cagr5 gate']",False,0.8,ig,Consumer Durables and Apparel,,30.0,,11.11111111111111,70.0,88.88888888888889,0.0,44.44444444444444,3.0303030303030303,1.0,18.415459265041434,"{'profitability': 23.2, 'growth': 77.6, 'balance': 22.2, 'stability': 46.9}",50.780604872950406,False,,,,34.59803206899592,,False,"{""floor"": false, ""depressed_arms"": {""self_pct"": false, ""self_z"": false, ""median_ratio"": false}, ""yield_arm"": false, ""residual_arm"": false, ""brakes"": {""gm"": false, ""fcf_margin"": false, ""roic"": false}, ""self_pct"": 37.60683760683761, ""self_z"": -0.026426409967211423, ""median_ratio"": 0.8963980295383079, ""fcf_yield"": 0.04887487137678264, ""yield_threshold"": 0.0495, ""gs10"": 0.0495, ""residual_pct"": null, ""brake_values"": {""gm"": null, ""fcf_margin"": 0.8051573234601658, ""roic"": null}}",False,"{""floor"": false, ""mom_sector_pct"": 3.0303030303030303, ""eps_rev_proxy"": null}"
EXPD,746515,Expeditors International,Industrials,Air Freight & Logistics,Transportation,18.940451745379878,5.9986310746064335,180663110.58002344,0.5794637006328407,-0.01827624174928144,0.5901443122833194,10.0,,,0.08060546521210087,0.07987788247348972,0.4365150793233774,0.07970144164837252,0.07954650682820838,0.4854765825216912,7,9,False,0.029221442160778155,0.09435028171535054,0.0416561774780948,True,,0.07049068286961069,0.06997464772770892,,0.8745149312658306,0.8779596238224103,0.9186675475928318,87.6923076923077,0.9181554674682844,1.3451308583006936,260.0,,189.0800018310547,129990622.0,24578627045.779938,24116795045.779938,1656870000.0,-461832000.0,972541000.0,48677000.0,75438000.0,54888000.0,-464203000.0,12036002000.0,1183398000.0,923864000.0,848426000.0,842215000.0,1238286000.0,918799000.0,889926577.8641158,0.24799046655130758,0.5371130975056074,20.379276495126692,28.425337089834514,0.03517988183709598,28.63496262329683,0.03492234347065011,26.750820414236344,1.0055126311630727,-0.37487543265449175,7927000.0,2630000.0,0.006371652573828966,9.0,0.5846653655209606,0.49505661502604464,90.38461538461539,0.968911101102893,1.350361303763396,260.0,[],True,0.9,ig,Transportation,100.0,55.55555555555556,,86.36363636363636,77.27272727272727,54.54545454545454,88.88888888888889,27.272727272727266,89.23076923076924,1.0,39.8678431498329,"{'profitability': 64.1, 'growth': 51.5, 'balance': 100.0, 'stability': 56.1}",22.448862901723345,False,0.05423658743781168,26.92470619619681,,31.158353025778123,,False,"{""floor"": false, ""depressed_arms"": {""self_pct"": false, ""self_z"": false, ""median_ratio"": false}, ""yield_arm"": false, ""residual_arm"": false, ""brakes"": {""gm"": false, ""fcf_margin"": false, ""roic"": true}, ""self_pct"": 90.38461538461539, ""self_z"": 0.968911101102893, ""median_ratio"": 1.350361303763396, ""fcf_yield"": 0.03517988183709598, ""yield_threshold"": 0.0495, ""gs10"": 0.0495, ""residual_pct"": null, ""brake_values"": {""gm"": null, ""fcf_margin"": 0.8745149312658306, ""roic"": 0.9186675475928318}}",False,"{""floor"": false, ""mom_sector_pct"": 89.23076923076924, ""eps_rev_proxy"": null}"
GDDY,1609711,GoDaddy,Information Technology,Internet Services & Infrastructure,Software and Services,2.2340862422997945,5.9986310746064335,177880039.95138043,-0.32944181142366424,-0.3058698319482799,-0.3219811740097571,10.0,,,0.18812851670273298,0.1667332690815919,0.2541655865295747,0.15917315803795115,0.1363390611410169,0.3806254669801067,9,9,False,0.08342562059026815,0.1767932100472862,0.25756658595248716,False,,0.2744852177661096,0.26139769988832506,,1.4590303616746803,1.642222238412841,1.7930444307703832,,,,,gm_derived,98.1500015258789,126647704.0,12430472340.84906,15136672340.84906,2712900000.0,2706200000.0,1728800000.0,25900000.0,301900000.0,92700000.0,2706200000.0,5104100000.0,1266700000.0,1702900000.0,1401000000.0,1334200000.0,1359400000.0,910300000.0,994203319.5378515,0.21512329712019312,0.36647252738318825,11.949690014090992,10.804191535224168,0.09255667087535131,11.345129921188024,0.08814354766730459,13.65535794886198,1.8707019663847084,1.9907312049433574,3607700000.0,12500000.0,1.3344391610453759,5.0,0.20438563657105419,0.17158848674347216,,,,,[],True,0.8,ig,Software and Services,63.1578947368421,54.54545454545454,,55.00000000000001,63.63636363636363,61.904761904761905,20.0,86.36363636363636,6.896551724137931,1.0,54.831997030510394,"{'profitability': 76.2, 'growth': 84.8, 'balance': 33.6, 'stability': 83.1}",,False,-1.1440916009512008,33.92071076637067,,,,False,"{""floor"": false, ""depressed_arms"": {""self_pct"": false, ""self_z"": false, ""median_ratio"": false}, ""yield_arm"": true, ""residual_arm"": false, ""brakes"": {""gm"": false, ""fcf_margin"": true, ""roic"": true}, ""self_pct"": null, ""self_z"": null, ""median_ratio"": null, ""fcf_yield"": 0.09255667087535131, ""yield_threshold"": 0.0495, ""gs10"": 0.0495, ""residual_pct"": null, ""brake_values"": {""gm"": null, ""fcf_margin"": 1.4590303616746803, ""roic"": 1.7930444307703832}}",False,"{""floor"": false, ""mom_sector_pct"": 6.896551724137931, ""eps_rev_proxy"": null}"
COO,711404,Cooper Companies (The),Health Care,Health Care Supplies,Health Care Equipment and Services,9.984941820670773,5.9986310746064335,176393927.63042122,0.11808718304212862,-0.3603544460439724,-0.21116322472814752,10.0,0.658777276675185,0.012331154277608565,0.09402358819929127,0.08874987782230476,0.2965957768935426,0.08425028961346048,0.08508454696510605,0.24673571533985322,8,9,True,0.10979355015450176,-0.04624421429162717,-0.025103169030716965,True,0.6592791899738016,0.16002265807547972,0.15324883759352356,1.0007618861736545,1.7019416206101134,1.8189710480121524,0.7733966539855072,42.69230769230769,-0.30011725045954746,0.6609538187204625,260.0,sbc_unreported,53.775001525878906,190155294.0,10225601225.003952,12894201225.003952,10996800000.0,2668600000.0,1033300000.0,355300000.0,,384000000.0,2668400000.0,4236900000.0,544200000.0,678000000.0,678000000.0,649300000.0,928200000.0,570300000.0,371509336.8358856,0.3173294067697803,0.03378340397532788,23.693864801550813,19.017995907085474,0.05258177596028576,19.85861885877707,0.05035596921978399,17.930214317033055,1.1888479747501315,2.874811463046757,3876300000.0,1445900000.0,0.4839771569911247,0.0,0.043681859497624556,0.0414129762223886,35.76923076923077,-0.2511823412175028,0.6125635932038305,260.0,[],True,1.0,ig,Health Care Equipment and Services,7.4074074074074066,37.93103448275862,68.18181818181817,8.928571428571429,58.333333333333336,44.827586206896555,22.222222222222214,26.66666666666667,34.146341463414636,1.0,19.951558413276388,"{'profitability': 26.2, 'growth': 45.7, 'balance': 4.2, 'stability': 78.4}",46.89689565728404,False,-0.2965491502224613,25.58317308822206,,33.42422703528021,,False,"{""floor"": false, ""depressed_arms"": {""self_pct"": false, ""self_z"": false, ""median_ratio"": true}, ""yield_arm"": true, ""residual_arm"": false, ""brakes"": {""gm"": true, ""fcf_margin"": true, ""roic"": false}, ""self_pct"": 35.76923076923077, ""self_z"": -0.2511823412175028, ""median_ratio"": 0.6125635932038305, ""fcf_yield"": 0.05258177596028576, ""yield_threshold"": 0.0495, ""gs10"": 0.0495, ""residual_pct"": null, ""brake_values"": {""gm"": 1.0007618861736545, ""fcf_margin"": 1.7019416206101134, ""roic"": 0.7733966539855072}}",False,"{""floor"": false, ""mom_sector_pct"": 34.146341463414636, ""eps_rev_proxy"": null}"
LDOS,1336920,Leidos,Industrials,Diversified Support Services,Commercial and Professional Services,7.110198494182067,5.9986310746064335,173593879.4042253,-0.23945402574042396,-0.33358705791862187,-0.29326975452831416,10.0,0.15160309044989323,0.10532650451176659,0.06787180373843497,0.06330322391128736,0.24988450798576517,0.056523034665670366,0.050785579242453874,0.32750858626144,9,9,False,0.07000095748778401,0.07140978486624738,0.0663493077648547,False,0.17528588496330433,0.11736928941230017,0.10798202196051658,1.156215776625204,1.729279066526935,1.9104073693003636,1.393700259153297,1.153846153846154,-2.0562209642244165,0.4027948023675535,260.0,gm_derived,130.9600067138672,125492209.0,16434460533.178024,17610460533.178024,6460000000.0,1176000000.0,2300000000.0,137000000.0,100000000.0,302000000.0,1124000000.0,17577000000.0,2030000000.0,2163000000.0,2063000000.0,1898000000.0,2332000000.0,1376000000.0,1579392080.3123257,0.22197434467373117,0.24448793812884298,8.675103710925136,8.536335692282126,0.11714628337591274,9.278430207153859,0.1077768520831228,11.943648643297983,1.5719476744186047,0.48198970840480276,7663000000.0,947000000.0,1.3328173374613004,8.0,0.17542361531695105,0.15012565585799076,1.153846153846154,-2.852202221265422,0.4406739423288292,260.0,[],True,1.0,ig,Commercial and Professional Services,30.0,9.090909090909092,14.285714285714285,63.63636363636363,63.63636363636363,90.9090909090909,72.72727272727273,90.9090909090909,10.76923076923077,1.0,48.44170343953385,"{'profitability': 50.2, 'growth': 58.9, 'balance': 83.9, 'stability': 77.0}",93.30648254698887,False,-1.0180060798685422,23.625766557800777,,70.87409299326137,,False,"{""floor"": false, ""depressed_arms"": {""self_pct"": true, ""self_z"": true, ""median_ratio"": true}, ""yield_arm"": true, ""residual_arm"": false, ""brakes"": {""gm"": true, ""fcf_margin"": true, ""roic"": true}, ""self_pct"": 1.153846153846154, ""self_z"": -2.852202221265422, ""median_ratio"": 0.4406739423288292, ""fcf_yield"": 0.11714628337591274, ""yield_threshold"": 0.0495, ""gs10"": 0.0495, ""residual_pct"": null, ""brake_values"": {""gm"": 1.156215776625204, ""fcf_margin"": 1.729279066526935, ""roic"": 1.393700259153297}}",False,"{""floor"": false, ""mom_sector_pct"": 10.76923076923077, ""eps_rev_proxy"": null}"
CHD,313927,Church & Dwight,Consumer Staples,Household Products,Household and Personal Products,10.72142368240931,5.9986310746064335,171841085.37966052,0.10768753081979265,-0.08782106101696896,0.06564473616119137,10.0,0.439996949140412,0.028997976897450158,0.14663306093425782,0.15018584925742168,0.15003347754641566,0.13524224089775277,0.14047583959653517,0.12395170549278987,9,9,False,0.04847582950857543,0.04162047082912834,0.031548466068753056,False,0.4564864908253199,,,1.0374764909554992,,,1.067574893892673,30.0,-0.49444341618284826,0.9330449876744715,260.0,,95.05000305175781,237203907.0,22546232084.238876,24700032084.238876,6501600000.0,2153800000.0,,145200000.0,70400000.0,241100000.0,2153800000.0,6229100000.0,1088000000.0,,,,1329100000.0,744800000.0,850485306.4651554,0.218303946263644,0.13081169350085445,22.702235371543086,,,,,30.271525354778298,,1.6204950718531337,2649900000.0,4032700000.0,1.027839301095115,9.0,0.12253163150350874,0.13546379047894302,20.0,-0.8611177566739996,0.8639429308189525,260.0,[],True,0.8,sector,Consumer Staples,41.66666666666667,70.37037037037037,50.0,66.66666666666666,55.55555555555556,,64.0,37.03703703703704,59.25925925925925,1.0,44.936461169610354,"{'profitability': 62.7, 'growth': 37.5, 'balance': 46.0, 'stability': 89.6}",,False,,,,,,False,"{""floor"": false, ""depressed_arms"": {""self_pct"": true, ""self_z"": false, ""median_ratio"": false}, ""yield_arm"": false, ""residual_arm"": false, ""brakes"": {""gm"": true, ""fcf_margin"": false, ""roic"": true}, ""self_pct"": 20.0, ""self_z"": -0.8611177566739996, ""median_ratio"": 0.8639429308189525, ""fcf_yield"": null, ""yield_threshold"": 0.0495, ""gs10"": 0.0495, ""residual_pct"": null, ""brake_values"": {""gm"": 1.0374764909554992, ""fcf_margin"": null, ""roic"": 1.067574893892673}}",False,"{""floor"": false, ""mom_sector_pct"": 59.25925925925925, ""eps_rev_proxy"": null}"
TSN,100493,Tyson Foods,Consumer Staples,Packaged Foods & Meats,Food Beverage and Tobacco,21.10609171800137,5.9986310746064335,171373920.0101776,0.11917262043932064,-0.22210504284324906,0.009472933155612262,9.0,0.08941420962719623,0.3973583891006285,0.021560752828898924,0.019782884223287597,0.7790825673783913,0.024212791336131644,0.020653173010185898,0.6139806687166007,8,9,False,0.04741462587264644,,,False,0.06135310805472762,0.020846051639314828,0.01127590045606349,0.6861673140156735,0.96685175164078,0.46570014582486313,0.5065989276173385,89.61538461538461,1.3839485190919663,1.5952314967841061,260.0,shares_was_proxy;sbc_unreported,52.2599983215332,351801512.0,18385146426.632843,20211146426.632843,19905000000.0,1826000000.0,2004000000.0,843000000.0,,1376000000.0,1720000000.0,55694000000.0,1257000000.0,1161000000.0,1161000000.0,628000000.0,2633000000.0,574000000.0,916690243.902439,0.2707317073170732,0.04605326520484496,16.078875438848723,17.408394854980916,0.057443549984384605,32.18335418253638,0.03107196329904697,32.02987182340217,2.0226480836236935,0.653247246486897,9469000000.0,5624000000.0,0.7582516955538809,7.0,0.09090675620148861,0.05995256792272224,51.91489361702127,0.0028169517075624212,1.0082908658787975,235.0,['fcf_cagr5 gate'],False,1.0,ig,Food Beverage and Tobacco,45.45454545454545,7.142857142857142,7.142857142857142,50.0,7.142857142857142,84.61538461538461,84.61538461538461,57.142857142857146,62.96296296296296,1.0,18.44850722739562,"{'profitability': 15.5, 'growth': 39.5, 'balance': 78.2, 'stability': 44.4}",52.266217496822314,False,-0.16064558425188435,20.442133469271006,,35.357362362108965,,False,"{""floor"": false, ""depressed_arms"": {""self_pct"": false, ""self_z"": false, ""median_ratio"": false}, ""yield_arm"": true, ""residual_arm"": false, ""brakes"": {""gm"": false, ""fcf_margin"": true, ""roic"": false}, ""self_pct"": 51.91489361702127, ""self_z"": 0.0028169517075624212, ""median_ratio"": 1.0082908658787975, ""fcf_yield"": 0.057443549984384605, ""yield_threshold"": 0.0495, ""gs10"": 0.0495, ""residual_pct"": null, ""brake_values"": {""gm"": 0.6861673140156735, ""fcf_margin"": 0.96685175164078, ""roic"": 0.5065989276173385}}",False,"{""floor"": false, ""mom_sector_pct"": 62.96296296296296, ""eps_rev_proxy"": null}"
MKC,63754,McCormick & Company,Consumer Staples,Packaged Foods & Meats,Food Beverage and Tobacco,23.498973305954827,5.9986310746064335,169199008.49860615,-0.12645262727867068,-0.29224520123865916,-0.21647166196948642,10.0,0.3785894246149789,0.03205303595736535,0.09113081411500469,0.08917708999509198,0.29534799571527426,0.09959509648684615,0.0990079866740039,0.2877314268575915,9,9,False,0.040775986020144206,-0.01925692501253995,-0.037827238833880394,False,0.3862140864902922,0.13187467843700074,0.12574128733515666,1.0201396589011102,1.4470920699839065,1.2625248809489704,,0.38461538461538464,-1.4922900971842104,0.5367185615087892,260.0,shares_was_proxy,49.70000076293945,269200000.0,13379240205.3833,18880840205.3833,12497200000.0,5501600000.0,1231500000.0,211600000.0,45900000.0,256900000.0,4923900000.0,7385800000.0,1103700000.0,1019900000.0,974000000.0,928700000.0,1360600000.0,1618400000.0,,,,17.106858933934312,19.384846206759036,0.05158668731925888,20.33039755075191,0.04918742968521122,8.266955144206191,0.6301903114186851,3.6189181243569015,6291900000.0,2816300000.0,0.728819255513235,,,,0.38461538461538464,-1.393905037528681,0.4753369028090976,260.0,[],True,0.8,ig,Food Beverage and Tobacco,,28.57142857142857,35.714285714285715,,53.57142857142857,7.6923076923076925,23.076923076923066,50.0,3.7037037037037033,1.0,15.884858855395999,"{'profitability': 35.7, 'growth': 17.0, 'balance': 0.0, 'stability': 82.0}",69.63212433923758,False,,,,42.75849159731679,,False,"{""floor"": false, ""depressed_arms"": {""self_pct"": true, ""self_z"": true, ""median_ratio"": true}, ""yield_arm"": true, ""residual_arm"": false, ""brakes"": {""gm"": true, ""fcf_margin"": true, ""roic"": false}, ""self_pct"": 0.38461538461538464, ""self_z"": -1.393905037528681, ""median_ratio"": 0.4753369028090976, ""fcf_yield"": 0.05158668731925888, ""yield_threshold"": 0.0495, ""gs10"": 0.0495, ""residual_pct"": null, ""brake_values"": {""gm"": 1.0201396589011102, ""fcf_margin"": 1.4470920699839065, ""roic"": null}}",False,"{""floor"": false, ""mom_sector_pct"": 3.7037037037037033, ""eps_rev_proxy"": null}"
MAS,62996,Masco,Industrials,Building Products,Capital Goods,45.21834360027378,5.9986310746064335,167492544.28243572,0.028893013596978045,-0.17205246586549727,-0.03794199537809895,10.0,0.3452597123400786,0.05092328955910966,0.10364033840912305,0.11055276381909548,0.20541753633064722,0.10794256689783241,0.1116106850039672,0.2344769325627946,5,9,False,0.010196177670730222,0.006354947957538437,0.017204209673307602,False,0.35434301341320484,0.12280244823544732,0.12371402526370621,1.0263086040695628,1.1848904598389223,1.1461097213002307,0.8390811921768606,33.07692307692307,-0.38842125221750434,0.9495406500029616,260.0,sbc_unreported,68.2300033569336,201734437.0,13764341313.719109,17006341313.719109,3000000000.0,3242000000.0,1101000000.0,158000000.0,,151000000.0,2973000000.0,7679000000.0,1278000000.0,943000000.0,943000000.0,950000000.0,1429000000.0,837000000.0,968313993.1740614,0.24232081911262798,0.32277133105802047,13.306996333113544,18.03429619694497,0.055449904397677635,17.90141190917801,0.05586151556499867,16.444852226665603,1.1266427718040621,2.0804758572428272,618000000.0,198000000.0,0.272,10.0,0.38467234645153037,0.3827531560394655,26.153846153846157,-0.5767011582547329,0.9381551828850032,260.0,[],True,1.0,ig,Capital Goods,97.36842105263158,54.761904761904766,48.484848484848484,86.90476190476191,63.95348837209303,42.5,34.210526315789465,88.0952380952381,40.0,1.0,25.033457011032166,"{'profitability': 72.1, 'growth': 6.9, 'balance': 30.7, 'stability': 62.4}",69.30826848627134,False,-0.4009537886065395,26.929681449281354,,47.17086274865176,,False,"{""floor"": false, ""depressed_arms"": {""self_pct"": false, ""self_z"": false, ""median_ratio"": false}, ""yield_arm"": true, ""residual_arm"": false, ""brakes"": {""gm"": true, ""fcf_margin"": true, ""roic"": false}, ""self_pct"": 26.153846153846157, ""self_z"": -0.5767011582547329, ""median_ratio"": 0.9381551828850032, ""fcf_yield"": 0.055449904397677635, ""yield_threshold"": 0.0495, ""gs10"": 0.0495, ""residual_pct"": null, ""brake_values"": {""gm"": 1.0263086040695628, ""fcf_margin"": 1.1848904598389223, ""roic"": 0.8390811921768606}}",False,"{""floor"": false, ""mom_sector_pct"": 40.0, ""eps_rev_proxy"": null}"
TRMB,864749,Trimble Inc.,Information Technology,Application Software,Software and Services,5.6563997262149215,5.9986310746064335,166461857.67853698,-0.2721671794096666,-0.313577536693854,-0.30744137863658905,10.0,0.6168495428689483,0.08022675531299438,0.096124267109118,0.09209133114326827,0.26750226033136737,0.05511836382315675,0.03822659028588494,0.8577459847932467,6,9,False,0.026490354149407702,-0.10117713660786176,-0.3932029767528583,False,0.6979830288931772,0.16331385973723864,0.11676227233075154,1.1315288095163036,1.6989867870914281,2.118391480294567,1.137169847906564,6.926406926406926,-0.3957606598777779,0.4954288471818727,231.0,,57.33000183105469,233179848.0,13368201112.805054,15312401112.805054,7055000000.0,1944200000.0,799100000.0,26000000.0,155300000.0,202100000.0,1944200000.0,3782900000.0,642700000.0,773100000.0,617800000.0,441700000.0,844800000.0,-104700000.0,525798893.96285933,0.18189062709995443,0.07452854627397014,23.825114536805746,24.785369234064508,0.04034638300347046,34.666971050045404,0.028845900570788122,,,2.301373106060606,4826600000.0,850400000.0,0.804677533664068,0.0,0.06553862328584517,0.0636195186187638,0.38461538461538464,-0.615675034324947,0.5420308450991037,260.0,['fcf_cagr5 gate'],False,0.9,ig,Software and Services,21.052631578947366,18.181818181818183,22.22222222222222,15.0,63.63636363636363,,15.0,50.0,8.620689655172415,1.0,14.88114282868958,"{'profitability': 34.3, 'growth': 11.0, 'balance': 23.3, 'stability': 61.9}",66.26003304450106,False,-0.31402441596323394,33.92926596664518,,40.57058793659532,,False,"{""floor"": false, ""depressed_arms"": {""self_pct"": true, ""self_z"": false, ""median_ratio"": true}, ""yield_arm"": false, ""residual_arm"": false, ""brakes"": {""gm"": true, ""fcf_margin"": true, ""roic"": true}, ""self_pct"": 0.38461538461538464, ""self_z"": -0.615675034324947, ""median_ratio"": 0.5420308450991037, ""fcf_yield"": 0.04034638300347046, ""yield_threshold"": 0.0495, ""gs10"": 0.0495, ""residual_pct"": null, ""brake_values"": {""gm"": 1.1315288095163036, ""fcf_margin"": 1.6989867870914281, ""roic"": 1.137169847906564}}",False,"{""floor"": false, ""mom_sector_pct"": 8.620689655172415, ""eps_rev_proxy"": null}"
SJM,91419,J.M. Smucker Company (The),Consumer Staples,Packaged Foods & Meats,Food Beverage and Tobacco,17.864476386036962,5.9986310746064335,160309317.4886287,0.18991213785710426,-0.0649085429620131,0.18445646252641623,10.0,0.3540396230197812,0.07080125736384568,0.09182262486592925,0.08707447274000175,0.22404220688259996,0.08789208237653849,0.08650283731182291,0.1125527827080354,5,9,False,0.024922544207570674,-0.016782151670354906,-0.03798805971145436,False,0.3865281918553222,0.17053806419203005,0.14566064934639453,1.0917653469361135,1.8572553816778128,1.6572670189149656,2.0903540520382666,4.615384615384616,-1.6088119983569238,0.5579329323355768,260.0,,123.75,106823183.0,13219368896.25,20116368896.25,12647800000.0,6897000000.0,1909900000.0,321500000.0,26800000.0,549300000.0,6897000000.0,9156900000.0,826200000.0,1588400000.0,1561600000.0,1333800000.0,1375500000.0,229500000.0,617182072.188963,0.2529870828020298,0.04879758315192864,24.348062086964415,12.881896065733862,0.077628323881608,15.081997972896986,0.06630421259816133,57.60073593137255,6.921132897603486,5.014176663031625,5200000000.0,3086600000.0,0.655181138221667,0.0,0.023344171339944538,0.021320415803670858,0.7692307692307693,-1.8370601642935729,0.5203808818456918,260.0,[],True,1.0,ig,Food Beverage and Tobacco,9.090909090909092,35.714285714285715,21.428571428571427,9.090909090909092,53.57142857142857,100.0,15.384615384615387,14.285714285714292,74.07407407407408,1.0,7.2663793615155345,"{'profitability': 22.7, 'growth': 10.4, 'balance': 0.0, 'stability': 59.5}",64.53623676665238,False,-0.4619669477338344,20.44605322741475,,35.901308064083956,,False,"{""floor"": false, ""depressed_arms"": {""self_pct"": true, ""self_z"": true, ""median_ratio"": true}, ""yield_arm"": true, ""residual_arm"": false, ""brakes"": {""gm"": true, ""fcf_margin"": true, ""roic"": true}, ""self_pct"": 0.7692307692307693, ""self_z"": -1.8370601642935729, ""median_ratio"": 0.5203808818456918, ""fcf_yield"": 0.077628323881608, ""yield_threshold"": 0.0495, ""gs10"": 0.0495, ""residual_pct"": null, ""brake_values"": {""gm"": 1.0917653469361135, ""fcf_margin"": 1.8572553816778128, ""roic"": 2.0903540520382666}}",False,"{""floor"": false, ""mom_sector_pct"": 74.07407407407408, ""eps_rev_proxy"": null}"
VLTO,1967680,Veralto,Industrials,Environmental & Facilities Services,Commercial and Professional Services,2.9623545516769334,2.951403148528405,159400377.39083862,-0.07112731414913531,-0.10717293398264438,-0.10423077519152912,5.0,0.5838307942666603,0.021884428131867428,0.16428976560761807,0.1700856403106951,0.08106556165967808,0.1570317607963617,0.16085106382978723,0.09110181475122846,4,4,True,,0.047532853252115315,0.051695440677989035,True,0.5986053996066512,0.17307348471303416,0.16896120150187735,1.0253063138927931,1.0534647978401448,1.075968330514906,0.9178991671949419,,,,,,95.25,245599266.0,23393330086.5,24831330086.5,4443000000.0,1438000000.0,1102000000.0,60000000.0,74000000.0,83000000.0,1437000000.0,5593000000.0,1293000000.0,1042000000.0,968000000.0,945000000.0,1376000000.0,969000000.0,1039765145.2282158,0.195850622406639,0.2340232152212955,19.204431621423048,25.652200502582645,0.03898301043995507,26.276539774074074,0.03805676122495614,24.141723515479875,1.0753353973168214,1.0443313953488371,3042000000.0,750000000.0,0.8534773801485482,3.0,0.2549552538940195,0.25636970674260423,,,,,['rev_cagr5 gate'],False,0.9,ig,Commercial and Professional Services,80.0,72.72727272727273,71.42857142857143,22.727272727272727,9.090909090909092,27.27272727272727,45.45454545454546,54.54545454545455,23.076923076923077,1.0,60.986713960889816,"{'profitability': 84.0, 'growth': 39.6, 'balance': 65.2, 'stability': 93.8}",,True,0.08237433621350165,23.623808099632946,46.05263157894737,,7.0,False,"{""floor"": true, ""depressed_arms"": {""self_pct"": false, ""self_z"": false, ""median_ratio"": false}, ""yield_arm"": false, ""residual_arm"": false, ""brakes"": {""gm"": true, ""fcf_margin"": true, ""roic"": true}, ""self_pct"": null, ""self_z"": null, ""median_ratio"": null, ""fcf_yield"": 0.03898301043995507, ""yield_threshold"": 0.0495, ""gs10"": 0.0495, ""residual_pct"": 46.05263157894737, ""brake_values"": {""gm"": 1.0253063138927931, ""fcf_margin"": 1.0534647978401448, ""roic"": 0.9178991671949419}}",True,"{""floor"": true, ""mom_sector_pct"": 23.076923076923077, ""eps_rev_proxy"": 7.0}"
DVA,927066,DaVita,Health Care,Health Care Services,Health Care Equipment and Services,18.132785763175907,5.9986310746064335,158337891.0270287,0.33543333154360644,-0.23741097450716375,0.406653282011159,10.0,,,0.09650706657454272,0.10217942528817743,0.14521901066236892,0.0867985662218346,0.09385894479753112,0.16168697275946112,8,9,False,0.0338593890156329,0.0009409735461125557,-0.03962937117869003,False,,0.10551508582015563,0.09699359998104164,,1.0933405144861081,1.117456246145255,1.3857130036126917,14.23076923076923,-0.5176163856412314,0.8596357558776054,260.0,,183.08999633789062,63800000.0,11681141766.357422,19643089766.35742,7196852000.0,7961948000.0,2193155000.0,583351000.0,131575000.0,702734000.0,7678830000.0,14009646000.0,2127730000.0,1609804000.0,1478229000.0,1358846000.0,2830464000.0,1179389000.0,1688113033.1528826,0.20661313552335936,0.2345626995181897,9.231946612755106,13.288258968236601,0.07525440333382542,14.455714456500164,0.06917679530881571,9.9044011486943,1.3649474431252115,2.7129226868810203,7590966000.0,1855807000.0,1.3126257146874774,8.0,0.16927220781407218,0.1548716560065859,14.615384615384617,-0.6462343026020868,0.8703382865892967,260.0,[],True,0.9,ig,Health Care Equipment and Services,62.96296296296296,41.37931034482759,,92.85714285714286,58.333333333333336,58.620689655172406,25.925925925925924,93.33333333333333,73.17073170731707,1.0,25.604955755490437,"{'profitability': 59.2, 'growth': 14.5, 'balance': 9.6, 'stability': 82.9}",79.60585686512653,False,-0.6547536337780238,25.575490608430886,,52.60540631030848,,False,"{""floor"": false, ""depressed_arms"": {""self_pct"": true, ""self_z"": false, ""median_ratio"": false}, ""yield_arm"": true, ""residual_arm"": false, ""brakes"": {""gm"": false, ""fcf_margin"": true, ""roic"": true}, ""self_pct"": 14.615384615384617, ""self_z"": -0.6462343026020868, ""median_ratio"": 0.8703382865892967, ""fcf_yield"": 0.07525440333382542, ""yield_threshold"": 0.0495, ""gs10"": 0.0495, ""residual_pct"": null, ""brake_values"": {""gm"": null, ""fcf_margin"": 1.0933405144861081, ""roic"": 1.3857130036126917}}",False,"{""floor"": false, ""mom_sector_pct"": 73.17073170731707, ""eps_rev_proxy"": null}"
HAS,46080,Hasbro,Consumer Discretionary,Leisure Products,Consumer Durables and Apparel,41.96577686516085,5.9986310746064335,157707354.87425396,0.3021938035394933,-0.11390908870032823,0.2356502421710489,10.0,0.6942912349039847,0.035416387804924676,0.11069310878495457,0.1034717086722763,0.3292291294645613,0.0927964346091717,0.08844162852517339,0.48675713488416567,5,9,False,-0.029670572494690073,-0.004891835852933735,0.004701650739675767,False,0.7235381645620527,0.22482506233411084,0.21426847904769564,1.0421248723701841,2.0310664756094474,2.309016288719761,-158.99636819034535,1.9230769230769231,-0.04727365747818335,0.6241394039239838,260.0,gm_derived,88.76000213623047,141044467.0,12519107192.223488,15541907192.223488,3753100000.0,3022800000.0,1288200000.0,74600000.0,95500000.0,127100000.0,2997700000.0,4973200000.0,1161400000.0,1213600000.0,1118100000.0,1065600000.0,1288500000.0,794100000.0,900539333.2685393,0.22460880552045875,0.2399454672853213,13.382045111265272,13.900283688599846,0.07194097778163608,14.585123115825345,0.06856301397380504,15.765151986177418,1.528270998614784,2.3265036864571207,1256200000.0,456700000.0,0.4563960459353601,5.0,-0.0015091254600109248,0.04887027736150304,3.4615384615384617,-0.1282770376652498,0.6385520412747383,260.0,['rev_cagr5 gate'],False,1.0,ig,Consumer Durables and Apparel,25.0,60.0,87.5,38.88888888888889,70.0,77.77777777777779,10.0,66.66666666666667,87.87878787878788,1.0,11.49700442403974,"{'profitability': 32.9, 'growth': 0.0, 'balance': 22.4, 'stability': 57.8}",74.83123848217015,False,,,,43.16412145310495,,False,"{""floor"": false, ""depressed_arms"": {""self_pct"": true, ""self_z"": false, ""median_ratio"": true}, ""yield_arm"": true, ""residual_arm"": false, ""brakes"": {""gm"": true, ""fcf_margin"": true, ""roic"": false}, ""self_pct"": 3.4615384615384617, ""self_z"": -0.1282770376652498, ""median_ratio"": 0.6385520412747383, ""fcf_yield"": 0.07194097778163608, ""yield_threshold"": 0.0495, ""gs10"": 0.0495, ""residual_pct"": null, ""brake_values"": {""gm"": 1.0421248723701841, ""fcf_margin"": 2.0310664756094474, ""roic"": -158.99636819034535}}",False,"{""floor"": false, ""mom_sector_pct"": 87.87878787878788, ""eps_rev_proxy"": null}"
BLDR,1316835,Builders FirstSource,Industrials,Building Products,Capital Goods,2.751540041067762,5.9986310746064335,154672849.68729624,-0.43447444042247985,-0.5513030032216164,-0.5354007281816064,10.0,0.32372176133946773,0.0671472893755663,0.09212789576985715,0.08713226408085806,0.44698185835981763,0.08135176462920454,0.07607405924163739,0.5420784383545625,5,9,True,0.12158418355646372,-0.13370503312830606,-0.16315228310771523,True,0.29187727092182597,0.04120542861182765,0.017773567634409817,0.9016300594501945,0.4472633209246644,0.21847796068616893,0.20230400363988796,95.2755905511811,2.15350166332149,2.1732796735898803,254.0,,57.68000030517578,107596457.0,6206163672.595833,7197435672.595833,4996447000.0,991272000.0,897998000.0,258681000.0,43952000.0,597241000.0,991272000.0,14448703000.0,435571000.0,639317000.0,595365000.0,256805000.0,1032812000.0,102550000.0,301685157.1311824,0.3073800663240151,0.06037993740975985,16.524138826037163,12.089114530743045,0.08271904426556342,28.026851784801046,0.035680068802529566,60.51841709015927,6.23419795221843,0.9597797082140797,4149994000.0,1048495000.0,1.0404371346278665,10.0,0.29846140621734507,0.3012153195464096,59.4488188976378,0.22420621289028683,1.0897121064548252,254.0,"['mktcap<10B', 'fcf_cagr5 gate']",False,1.0,ig,Capital Goods,84.21052631578947,42.857142857142854,42.42424242424242,86.90476190476191,63.95348837209303,100.0,68.42105263157895,78.57142857142857,1.5384615384615385,1.0,21.79298268099306,"{'profitability': 23.3, 'growth': 50.0, 'balance': 68.0, 'stability': 48.7}",63.74579164012713,False,-0.8009799180585975,26.931196617331032,,42.76938716056009,,False,"{""floor"": false, ""depressed_arms"": {""self_pct"": false, ""self_z"": false, ""median_ratio"": false}, ""yield_arm"": true, ""residual_arm"": false, ""brakes"": {""gm"": false, ""fcf_margin"": false, ""roic"": false}, ""self_pct"": 59.4488188976378, ""self_z"": 0.22420621289028683, ""median_ratio"": 1.0897121064548252, ""fcf_yield"": 0.08271904426556342, ""yield_threshold"": 0.0495, ""gs10"": 0.0495, ""residual_pct"": null, ""brake_values"": {""gm"": 0.9016300594501945, ""fcf_margin"": 0.4472633209246644, ""roic"": 0.20230400363988796}}",False,"{""floor"": false, ""mom_sector_pct"": 1.5384615384615385, ""eps_rev_proxy"": null}"
ALGN,1097149,Align Technology,Health Care,Health Care Supplies,Health Care Equipment and Services,9.248459958932239,5.9986310746064335,152135637.36868286,0.2371565857893163,-0.2124671125347296,0.13943228106645456,10.0,0.7041128153004574,0.03208929039405078,0.1020101401042968,0.11226472938815887,0.2974345370149372,0.11936403855859909,0.10489941015430812,0.5647138623594249,8,9,False,0.10296139708637742,-0.0065838037320232745,-0.18418971003597528,False,0.6804646032450045,0.10977569445048377,0.07782425646184157,0.9664141717895564,1.0761253179168986,0.6519908123218829,0.7128283027285993,22.692307692307693,-0.5528832851139089,0.7440022662789431,260.0,,149.7100067138672,71039852.0,10635376719.872131,9391525719.872131,2988602000.0,-1243851000.0,755696000.0,122127000.0,179149000.0,254391000.0,-1243851000.0,4139532000.0,547590000.0,633569000.0,454420000.0,322156000.0,801981000.0,413227000.0,398080492.8389125,0.2730318434615087,0.13319956716849968,17.150652349151976,20.66706069246981,0.04838617425478201,29.152105563367225,0.0343028395608106,25.73737127504285,1.5332226597003584,-1.550973152730551,497301000.0,94927000.0,0.19816221765226685,7.0,0.18686066007568977,0.15774782930056896,5.769230769230769,-0.9392001816534431,0.4214282666597564,260.0,[],True,1.0,ig,Health Care Equipment and Services,66.66666666666666,44.827586206896555,86.36363636363636,76.78571428571429,58.333333333333336,72.41379310344827,88.88888888888889,73.33333333333333,53.65853658536586,1.0,49.61522343004857,"{'profitability': 55.3, 'growth': 42.9, 'balance': 100.0, 'stability': 76.4}",68.5833628249578,False,-0.21307141445476674,25.57493004165188,,59.09929312750319,,False,"{""floor"": false, ""depressed_arms"": {""self_pct"": true, ""self_z"": false, ""median_ratio"": true}, ""yield_arm"": false, ""residual_arm"": false, ""brakes"": {""gm"": false, ""fcf_margin"": true, ""roic"": false}, ""self_pct"": 5.769230769230769, ""self_z"": -0.9392001816534431, ""median_ratio"": 0.4214282666597564, ""fcf_yield"": 0.04838617425478201, ""yield_threshold"": 0.0495, ""gs10"": 0.0495, ""residual_pct"": null, ""brake_values"": {""gm"": 0.9664141717895564, ""fcf_margin"": 1.0761253179168986, ""roic"": 0.7128283027285993}}",False,"{""floor"": false, ""mom_sector_pct"": 53.65853658536586, ""eps_rev_proxy"": null}"
STE,1757898,Steris,Health Care,Health Care Equipment,Health Care Equipment and Services,6.737850787132102,5.9986310746064335,152083445.8902318,-0.038327531952136895,-0.21895410346569877,-0.15657215203404662,10.0,0.43934986616900673,0.011104044184521556,0.11051984460992872,0.10829587249693502,0.3534709233134412,0.07370671082135634,0.06842197442933037,0.6754159051403761,9,9,False,0.1381894523048055,0.16641623661536342,0.1228312718733593,False,0.44433954451345753,0.14293995859213252,0.12173913043478261,1.0113569588354703,1.293342015604782,1.6516695573330211,1.3793115047297195,3.4615384615384617,-0.28868551639948276,0.3829863235408396,260.0,,208.0399932861328,97500110.0,20283922229.79721,21864922229.79721,8787700000.0,1581000000.0,1288500000.0,362900000.0,62600000.0,490900000.0,1566500000.0,6037500000.0,1141600000.0,925600000.0,863000000.0,735000000.0,1632500000.0,805000000.0,847209991.7347782,0.2578749196436771,0.09640861564855174,19.152875113697625,25.335946963843814,0.03946961214542605,29.74819350992818,0.0336154865896734,25.197418919002747,1.1498136645962733,0.9595712098009188,4189200000.0,14300000.0,0.47833904207016625,1.0,0.06989618756746564,0.07066786227880759,3.4615384615384617,-1.3505186020450697,0.5407295508216377,260.0,[],True,1.0,ig,Health Care Equipment and Services,29.629629629629626,55.172413793103445,36.36363636363637,25.0,58.333333333333336,34.48275862068966,62.96296296296296,60.0,21.951219512195124,1.0,53.712026310948254,"{'profitability': 39.3, 'growth': 100.0, 'balance': 68.0, 'stability': 81.2}",63.08982879130714,False,-0.009606391448115037,25.580506776013024,,58.400927551127694,,False,"{""floor"": false, ""depressed_arms"": {""self_pct"": true, ""self_z"": true, ""median_ratio"": true}, ""yield_arm"": false, ""residual_arm"": false, ""brakes"": {""gm"": true, ""fcf_margin"": true, ""roic"": true}, ""self_pct"": 3.4615384615384617, ""self_z"": -1.3505186020450697, ""median_ratio"": 0.5407295508216377, ""fcf_yield"": 0.03946961214542605, ""yield_threshold"": 0.0495, ""gs10"": 0.0495, ""residual_pct"": null, ""brake_values"": {""gm"": 1.0113569588354703, ""fcf_margin"": 1.293342015604782, ""roic"": 1.3793115047297195}}",False,"{""floor"": false, ""mom_sector_pct"": 21.951219512195124, ""eps_rev_proxy"": null}"
AMCR,1748790,Amcor,Materials,Paper & Plastic Packaging Products & Materials,Materials,7.282683093771389,5.9986310746064335,150473589.2197784,0.23036438786100155,-0.12302272529388902,0.0885372085257683,12.0,0.19330295592028762,0.028460083932397132,0.064078014995485,0.05843108504398827,0.16381555291242958,0.053249268919611396,0.05087976539589443,0.17077283456959685,9,11,False,0.12818624051338734,,,False,0.19952352590827874,0.04875350974219348,0.025057432144984258,1.0321804183406087,0.7608461302309177,0.4705685665433756,0.9957257559608156,0.7692307692307693,-1.9621188417979254,0.4012472228877734,260.0,,42.380001068115234,462345690.0,19594210836.038475,24916610836.038475,17112400000.0,5322400000.0,2151000000.0,922000000.0,83000000.0,1479000000.0,5311400000.0,23506000000.0,1899000000.0,1229000000.0,1146000000.0,589000000.0,3378000000.0,1106000000.0,1582354849.004771,0.1667431021565187,0.09246831823734666,13.120911446044484,21.7422433124245,0.045993414093961266,42.30324420380047,0.023638848954051644,17.71628466187927,1.1112115732368897,1.5723505032563647,12075000000.0,6588000000.0,1.090612655150651,3.0,0.09286524696563693,0.0953044842066701,0.7692307692307693,-2.8825682849913608,0.23209760800439602,260.0,['fcf_cagr5 gate'],False,1.0,ig,Materials,33.33333333333333,28.57142857142857,14.285714285714285,46.42857142857143,100.0,72.72727272727273,45.45454545454546,83.33333333333334,64.28571428571429,1.0,45.865558906231215,"{'profitability': 32.9, 'growth': 100.0, 'balance': 47.6, 'stability': 79.9}",75.76004954464409,False,-0.28374401155430995,28.8757192079913,,60.81280422543765,,False,"{""floor"": false, ""depressed_arms"": {""self_pct"": true, ""self_z"": true, ""median_ratio"": true}, ""yield_arm"": false, ""residual_arm"": false, ""brakes"": {""gm"": true, ""fcf_margin"": false, ""roic"": true}, ""self_pct"": 0.7692307692307693, ""self_z"": -2.8825682849913608, ""median_ratio"": 0.23209760800439602, ""fcf_yield"": 0.045993414093961266, ""yield_threshold"": 0.0495, ""gs10"": 0.0495, ""residual_pct"": null, ""brake_values"": {""gm"": 1.0321804183406087, ""fcf_margin"": 0.7608461302309177, ""roic"": 0.9957257559608156}}",False,"{""floor"": false, ""mom_sector_pct"": 64.28571428571429, ""eps_rev_proxy"": null}"
VTRS,1792044,Viatris,Health Care,Pharmaceuticals,Pharmaceuticals Biotechnology and Life Sciences,22.403832991101986,5.9986310746064335,147391733.49898097,0.7069276019340729,-0.017171222951986143,0.7916463808447978,8.0,0.3733118085428981,0.09999887837575834,0.13808751878709008,0.1374511609107648,0.12761545459667076,-0.03932470133573536,-0.046321506764722395,,3,7,False,0.03810826926878108,0.1439544094903733,,False,0.3493378159495842,0.1213096680232479,-0.04390967618995767,0.9357802457766107,0.8784984268584689,1.1165927444706574,0.3894955265895008,,,,,,17.1299991607666,1148590864.0,19675360536.384186,32412560536.384186,26997600000.0,12737200000.0,2330800000.0,376000000.0,172300000.0,2803700000.0,12737200000.0,14693800000.0,-87300000.0,1954800000.0,1782500000.0,-645200000.0,2716400000.0,,-64503689.748329304,0.26112611972131383,-0.0023892379229386797,,18.183764676793373,0.054994112483001276,,-0.01990586332344035,,,4.689000147253718,6654400000.0,13676900000.0,0.7530780513823451,0.0,-0.0061341857860584825,0.007595043516924357,89.91596638655463,1.43562984946394,1.269353257364569,238.0,[],True,0.8,ig,Pharmaceuticals Biotechnology and Life Sciences,9.090909090909092,18.181818181818183,12.5,9.090909090909092,9.090909090909092,,18.181818181818173,,97.5609756097561,1.0,16.221687424953316,"{'profitability': 24.3, 'growth': 65.9, 'balance': 0.0, 'stability': 55.0}",,False,,,,,,False,"{""floor"": false, ""depressed_arms"": {""self_pct"": false, ""self_z"": false, ""median_ratio"": false}, ""yield_arm"": true, ""residual_arm"": false, ""brakes"": {""gm"": false, ""fcf_margin"": false, ""roic"": false}, ""self_pct"": 89.91596638655463, ""self_z"": 1.43562984946394, ""median_ratio"": 1.269353257364569, ""fcf_yield"": 0.054994112483001276, ""yield_threshold"": 0.0495, ""gs10"": 0.0495, ""residual_pct"": null, ""brake_values"": {""gm"": 0.9357802457766107, ""fcf_margin"": 0.8784984268584689, ""roic"": 0.3894955265895008}}",False,"{""floor"": false, ""mom_sector_pct"": 97.5609756097561, ""eps_rev_proxy"": null}"
WYNN,1174922,Wynn Resorts,Consumer Discretionary,Casinos & Gaming,Consumer Services,17.842573579739906,5.9986310746064335,145150846.15265936,-0.2185068777744733,-0.3507263993939168,-0.35348355112130014,4.0,,,0.010366684333990215,0.08409910220394613,1.9616381619454695,-0.03745847082940017,0.08548267065448215,17.459538429409132,6,9,False,0.2777382286479426,,,False,,0.09517112535703807,0.10619477501964342,,9.18047876166072,-2.835000272789938,2.166672817002169,,,,,,82.95999908447266,102973891.0,8542713903.084587,18690732903.084587,9978568000.0,10148019000.0,1459197000.0,667323000.0,86330000.0,585600000.0,10885235000.0,7413425000.0,1165387000.0,791874000.0,705544000.0,787267000.0,1750987000.0,448885000.0,981090311.1093489,0.1581420497145164,0.09831974999913304,16.03821983863265,26.49123641202333,0.03774833248425277,23.74128841051967,0.042120713194188066,19.030963171156504,1.764091025541063,6.216628107461677,18463000.0,224242000.0,0.024322628256880145,2.0,0.04537821734209471,0.04164157077037584,33.95061728395062,-0.18629735737874692,0.8866910445453686,162.0,"['mktcap<10B', 'fcf_cagr5 gate']",False,0.9,ig,Consumer Services,41.66666666666667,30.76923076923077,,42.30769230769231,7.6923076923076925,76.92307692307693,0.0,53.84615384615385,18.181818181818183,1.0,18.174260112601452,"{'profitability': 27.2, 'growth': 100.0, 'balance': 0.0, 'stability': 44.4}",51.44459062486038,False,0.10864790999286944,23.763863033704148,,34.80942536873091,,False,"{""floor"": false, ""depressed_arms"": {""self_pct"": false, ""self_z"": false, ""median_ratio"": false}, ""yield_arm"": false, ""residual_arm"": false, ""brakes"": {""gm"": false, ""fcf_margin"": true, ""roic"": true}, ""self_pct"": 33.95061728395062, ""self_z"": -0.18629735737874692, ""median_ratio"": 0.8866910445453686, ""fcf_yield"": 0.03774833248425277, ""yield_threshold"": 0.0495, ""gs10"": 0.0495, ""residual_pct"": null, ""brake_values"": {""gm"": null, ""fcf_margin"": 9.18047876166072, ""roic"": 2.166672817002169}}",False,"{""floor"": false, ""mom_sector_pct"": 18.181818181818183, ""eps_rev_proxy"": null}"
GEN,849399,Gen Digital,Information Technology,Systems Software,Software and Services,23.485284052019164,5.9986310746064335,143274824.30566174,0.017843676078312942,-0.02611222957246251,0.062877849916956,8.0,0.8143068328750797,0.028575256982864214,0.3077289150565471,0.2726810673443456,0.34849427069936545,0.21482100746585883,0.17001270648030495,0.4648271384315235,7,9,False,0.1440681863736788,0.16820852899657845,0.11401951782545239,False,0.780074817877535,0.26048434731246306,0.16774955699940933,0.9579617736023638,0.8464734204928304,0.7808805990543988,0.8380228140315666,53.46153846153846,0.06574934941399163,1.0535962890887862,260.0,,30.209999084472656,598587032.0,18083313688.697205,25755313688.697205,10328000000.0,7672000000.0,1570000000.0,22000000.0,225000000.0,493000000.0,7657000000.0,5079000000.0,2117000000.0,1548000000.0,1323000000.0,852000000.0,2610000000.0,1053000000.0,1453194915.2542372,0.3135593220338983,0.14070438761175805,12.165948837362874,19.467357285485416,0.05136804063002356,30.22924141865869,0.03308055224246415,17.173137406170184,1.4700854700854702,2.9337164750957854,10938000000.0,2054000000.0,1.2579395817195973,5.0,0.16790042616483947,0.10487380608451032,51.153846153846146,0.06980519075070878,1.026641545608035,260.0,[],True,1.0,ig,Software and Services,52.63157894736842,90.9090909090909,83.33333333333334,55.00000000000001,15.909090909090908,42.857142857142854,5.0,81.81818181818181,39.6551724137931,1.0,41.953114357014414,"{'profitability': 76.2, 'growth': 100.0, 'balance': 2.2, 'stability': 68.6}",58.352491207035456,False,-0.5553302862586489,33.92218970388431,,50.152802782024935,,False,"{""floor"": false, ""depressed_arms"": {""self_pct"": false, ""self_z"": false, ""median_ratio"": false}, ""yield_arm"": true, ""residual_arm"": false, ""brakes"": {""gm"": false, ""fcf_margin"": false, ""roic"": false}, ""self_pct"": 51.153846153846146, ""self_z"": 0.06980519075070878, ""median_ratio"": 1.026641545608035, ""fcf_yield"": 0.05136804063002356, ""yield_threshold"": 0.0495, ""gs10"": 0.0495, ""residual_pct"": null, ""brake_values"": {""gm"": 0.9579617736023638, ""fcf_margin"": 0.8464734204928304, ""roic"": 0.8380228140315666}}",False,"{""floor"": false, ""mom_sector_pct"": 39.6551724137931, ""eps_rev_proxy"": null}"
FTV,1659166,Fortive,Industrials,Industrial Machinery & Supplies & Components,Capital Goods,10.21492128678987,5.9986310746064335,143183320.17288032,0.23941737587023582,-0.11991951401152645,0.13744688606101296,10.0,0.6118634013940201,0.04975609584347539,0.23789454982111335,0.20708807193864057,0.16737134155537814,0.16139934391928218,0.12767564412860258,0.2673995991472709,7,9,False,-0.02140910787620065,-0.06393711288329884,-0.11789054489653683,False,0.6325494640411767,0.20321575293950986,0.12971620153940597,1.0338083019837878,0.8542261816940301,0.80369720464464,1.2171606156974826,80.38461538461539,1.185112973223664,1.2504286108480893,260.0,,55.06999969482422,304861021.0,16788696333.4338,20030596333.4338,9325000000.0,3241900000.0,1076300000.0,105000000.0,110600000.0,416300000.0,3233600000.0,4235400000.0,746600000.0,971300000.0,860700000.0,549400000.0,1162900000.0,497200000.0,657706449.3267187,0.11906449326718639,0.07053152271600201,26.829086972185642,23.272448394834203,0.04296926490218238,36.4590395584889,0.027428040126942024,33.76648498277112,1.9535398230088497,2.7806346203456873,7288500000.0,2093500000.0,1.0061126005361931,2.0,0.05794758868005647,0.057382385318106056,84.23076923076923,1.061960206533664,1.1432938569076476,260.0,"['rev_cagr5 gate', 'fcf_cagr5 gate']",False,1.0,ig,Capital Goods,10.526315789473683,100.0,100.0,15.476190476190476,63.95348837209303,97.5,15.789473684210535,33.33333333333334,64.61538461538461,1.0,18.273625694201993,"{'profitability': 55.0, 'growth': 0.0, 'balance': 7.3, 'stability': 75.5}",28.88234065208931,False,-0.14637857679212285,26.940985870765928,,23.577983173145654,,False,"{""floor"": false, ""depressed_arms"": {""self_pct"": false, ""self_z"": false, ""median_ratio"": false}, ""yield_arm"": false, ""residual_arm"": false, ""brakes"": {""gm"": true, ""fcf_margin"": false, ""roic"": true}, ""self_pct"": 84.23076923076923, ""self_z"": 1.061960206533664, ""median_ratio"": 1.1432938569076476, ""fcf_yield"": 0.04296926490218238, ""yield_threshold"": 0.0495, ""gs10"": 0.0495, ""residual_pct"": null, ""brake_values"": {""gm"": 1.0338083019837878, ""fcf_margin"": 0.8542261816940301, ""roic"": 1.2171606156974826}}",False,"{""floor"": false, ""mom_sector_pct"": 64.61538461538461, ""eps_rev_proxy"": null}"
PKG,75677,Packaging Corporation of America,Materials,Paper & Plastic Packaging Products & Materials,Materials,9.14715947980835,5.9986310746064335,141584796.07946965,0.21888936248107282,-0.07399369503262188,0.14321042579458831,10.0,0.22590546458435962,0.0681208205655404,0.07384457185761927,0.07492333097428638,0.20286191058589645,0.09349072603502713,0.09561367403468568,0.1843677098896179,6,9,False,0.06187600584788355,0.03562932157398624,0.07712854976867134,False,0.2010676903068823,0.07268265055691901,0.08380005453820821,0.8900523529912124,0.98426531197255,0.8963461734890344,0.6903537149180389,59.23076923076923,0.0002742453535634943,1.0605995670726605,260.0,,235.57000732421875,89098299.0,20988886948.005432,24950786948.005432,8623800000.0,3961900000.0,1624100000.0,881700000.0,49400000.0,775700000.0,3961500000.0,9534600000.0,1035500000.0,742400000.0,693000000.0,799000000.0,1811200000.0,691800000.0,779922591.1812738,0.2468154599891127,0.09043839040576936,24.09540023950307,36.004021569993405,0.0277746750611166,31.227518082610054,0.032023038057477866,30.339530135885273,1.0731425267418329,2.1872239399293285,1416300000.0,565600000.0,0.2298174818525476,9.0,0.13100297492642088,0.12833516745662293,62.69230769230769,0.00027828375499279115,1.0594535285025237,260.0,[],True,1.0,ig,Materials,58.333333333333336,50.0,42.857142857142854,92.85714285714286,71.42857142857143,63.63636363636363,27.272727272727266,41.666666666666664,57.14285714285714,1.0,23.348103155544397,"{'profitability': 37.1, 'growth': 40.6, 'balance': 27.1, 'stability': 66.4}",35.68472319344046,False,0.22070585439306534,28.873516419233663,,29.516413174492428,,False,"{""floor"": false, ""depressed_arms"": {""self_pct"": false, ""self_z"": false, ""median_ratio"": false}, ""yield_arm"": false, ""residual_arm"": false, ""brakes"": {""gm"": false, ""fcf_margin"": true, ""roic"": false}, ""self_pct"": 62.69230769230769, ""self_z"": 0.00027828375499279115, ""median_ratio"": 1.0594535285025237, ""fcf_yield"": 0.0277746750611166, ""yield_threshold"": 0.0495, ""gs10"": 0.0495, ""residual_pct"": null, ""brake_values"": {""gm"": 0.8900523529912124, ""fcf_margin"": 0.98426531197255, ""roic"": 0.6903537149180389}}",False,"{""floor"": false, ""mom_sector_pct"": 57.14285714285714, ""eps_rev_proxy"": null}"
IEX,832101,IDEX Corporation,Industrials,Industrial Machinery & Supplies & Components,Capital Goods,7.110198494182067,5.9986310746064335,136661843.84060553,0.4772045193411012,-0.07135683802438597,0.3984253199731813,10.0,0.4440925586597052,0.00549684319330994,0.16993627529802136,0.17078993055555555,0.1086815811461864,0.14566807570144608,0.14277410670582477,0.09316133570230765,7,9,False,0.08013924934357308,0.03565054967020065,-0.01058255745001846,False,0.4469918835243913,0.17044598778344908,0.13209494324045407,1.0065286499585502,1.0029994330788634,0.9068215022706085,0.8476819465327478,63.46153846153846,0.7052868953696738,1.0819892877539568,260.0,,221.88999938964844,73719896.0,16357707678.444946,17714607678.444946,5364900000.0,1356900000.0,716700000.0,75200000.0,30400000.0,212700000.0,1358300000.0,3585300000.0,741700000.0,641500000.0,611100000.0,473600000.0,954400000.0,519500000.0,565338044.9141347,0.23778071334214002,0.1053771822241113,23.883790856741197,28.988066893217063,0.03449695364936496,37.40415472644626,0.02673499795179062,31.487406503262648,1.2348411934552455,1.423197820620285,3382600000.0,1073600000.0,0.8306212604149192,6.0,0.1243121699773517,0.1288706123154617,43.07692307692308,-0.197039389380945,0.9734822643178945,260.0,[],True,1.0,ig,Capital Goods,39.473684210526315,90.47619047619048,81.81818181818183,45.23809523809524,63.95348837209303,52.5,57.89473684210527,42.85714285714286,84.61538461538461,1.0,45.112943360903785,"{'profitability': 60.4, 'growth': 48.2, 'balance': 52.6, 'stability': 82.9}",44.21888717980045,False,0.07340472447602808,26.936427007054647,,44.665915270352116,,False,"{""floor"": false, ""depressed_arms"": {""self_pct"": false, ""self_z"": false, ""median_ratio"": false}, ""yield_arm"": false, ""residual_arm"": false, ""brakes"": {""gm"": true, ""fcf_margin"": true, ""roic"": false}, ""self_pct"": 43.07692307692308, ""self_z"": -0.197039389380945, ""median_ratio"": 0.9734822643178945, ""fcf_yield"": 0.03449695364936496, ""yield_threshold"": 0.0495, ""gs10"": 0.0495, ""residual_pct"": null, ""brake_values"": {""gm"": 1.0065286499585502, ""fcf_margin"": 1.0029994330788634, ""roic"": 0.8476819465327478}}",False,"{""floor"": false, ""mom_sector_pct"": 84.61538461538461, ""eps_rev_proxy"": null}"
IFF,51253,International Flavors & Fragrances,Materials,Specialty Chemicals,Materials,50.46680355920602,5.9986310746064335,134398999.1580116,0.3587128696979147,-0.03456501866534256,0.3688694401137669,9.0,0.3391029035519759,0.053156405942039034,0.042248861604364016,0.04615116684082202,0.7822942925853421,-0.009200441377870138,-0.0019157088122605363,,6,9,False,0.16456696810652138,-0.13281073620242412,,False,0.3888220496554741,0.049436727551132015,0.013671661380290932,1.1466196413616891,1.170131588729613,-1.4859788589246858,-1.7611340758178622,,,,,,84.91000366210938,255149963.0,21664784292.71707,27475784292.71707,19787000000.0,5811000000.0,1161000000.0,621000000.0,88000000.0,948000000.0,5778000000.0,9143000000.0,734000000.0,540000000.0,452000000.0,125000000.0,1682000000.0,,557649350.6493506,0.24025974025974026,0.028182612354038038,37.432948627679934,60.78713339096697,0.016450849780466882,219.80627434173658,0.004549460669376903,,,3.435196195005945,8145000000.0,3732000000.0,0.6002425835144287,0.0,-0.016002536513837068,-0.016355477386741278,56.81818181818182,0.07763205180608797,1.0827032062128363,220.0,['fcf_cagr5 gate'],False,0.9,ig,Materials,8.333333333333332,21.428571428571427,64.28571428571429,14.285714285714285,39.285714285714285,,0.0,8.333333333333343,71.42857142857143,1.0,9.910116617364615,"{'profitability': 9.2, 'growth': 50.0, 'balance': 0.0, 'stability': 53.0}",23.63778657970969,False,,,,16.773951598537153,,False,"{""floor"": false, ""depressed_arms"": {""self_pct"": false, ""self_z"": false, ""median_ratio"": false}, ""yield_arm"": false, ""residual_arm"": false, ""brakes"": {""gm"": true, ""fcf_margin"": true, ""roic"": false}, ""self_pct"": 56.81818181818182, ""self_z"": 0.07763205180608797, ""median_ratio"": 1.0827032062128363, ""fcf_yield"": 0.016450849780466882, ""yield_threshold"": 0.0495, ""gs10"": 0.0495, ""residual_pct"": null, ""brake_values"": {""gm"": 1.1466196413616891, ""fcf_margin"": 1.170131588729613, ""roic"": -1.7611340758178622}}",False,"{""floor"": false, ""mom_sector_pct"": 71.42857142857143, ""eps_rev_proxy"": null}"
HII,1501585,Huntington Ingalls Industries,Industrials,Aerospace & Defense,Capital Goods,8.706365503080082,5.9986310746064335,132744497.06800067,0.0967493636445953,-0.37092810666506326,0.02404635772865804,10.0,,,0.0398231930406463,0.04177594604720869,0.5463901099723378,0.04015490377694115,0.045569088618227636,0.5636679234910986,9,9,False,0.059269098321768965,0.014186339457962216,-0.0024420316034008405,False,,-0.010390595373530527,-0.0020477815699658703,,-0.2609181881253261,-0.05099704836403577,0.8081894009635096,,,,,gm_derived,277.1400146484375,39404598.0,10920590866.935791,14492590866.935791,8884000000.0,3572000000.0,347000000.0,432000000.0,52000000.0,322000000.0,3572000000.0,13185000000.0,698000000.0,-85000000.0,-137000000.0,-27000000.0,1020000000.0,661000000.0,546656398.1042655,0.21682464454976302,0.061532687765000614,20.763024164664458,,-0.00945310616009726,,-0.0018630209220629635,16.52131749914643,-0.12859304084720122,3.5019607843137255,2650000000.0,651000000.0,0.3715668617739757,5.0,0.0761364696092802,0.07251799099553727,,,,,[],True,0.8,ig,Capital Goods,18.421052631578945,11.904761904761903,,40.476190476190474,63.95348837209303,2.5,10.526315789473685,54.76190476190476,50.76923076923077,1.0,10.22346566597764,"{'profitability': 15.4, 'growth': 30.6, 'balance': 0.0, 'stability': 66.7}",,False,,,,,,False,"{""floor"": false, ""depressed_arms"": {""self_pct"": false, ""self_z"": false, ""median_ratio"": false}, ""yield_arm"": false, ""residual_arm"": false, ""brakes"": {""gm"": false, ""fcf_margin"": false, ""roic"": false}, ""self_pct"": null, ""self_z"": null, ""median_ratio"": null, ""fcf_yield"": -0.00945310616009726, ""yield_threshold"": 0.0495, ""gs10"": 0.0495, ""residual_pct"": null, ""brake_values"": {""gm"": null, ""fcf_margin"": -0.2609181881253261, ""roic"": 0.8081894009635096}}",False,"{""floor"": false, ""mom_sector_pct"": 50.76923076923077, ""eps_rev_proxy"": null}"
UHS,352915,Universal Health Services,Health Care,Health Care Facilities,Health Care Equipment and Services,11.994524298425736,5.9986310746064335,128546962.6290349,-0.05734243532266847,-0.25486521265465123,-0.03765278122599336,10.0,,,0.029651855390810722,0.030599547289534724,0.7057506794638717,0.050699682468984354,0.04512519836190734,0.5620056985846631,9,9,False,0.08480286480142118,-0.12213094292578985,-0.0833885508301867,False,,0.04140365664233274,,,1.3963260004014442,,1.288180279220817,21.53846153846154,-0.41936314745665804,0.7194895714249445,260.0,shares_was_proxy,180.75,59657000.0,10783002750.0,16065321750.0,12796131000.0,5282319000.0,1800302000.0,954902000.0,95394000.0,,5214496000.0,18114487000.0,2058455000.0,845400000.0,750006000.0,,,1526027000.0,1574600199.1295638,0.23505726424451165,0.12305283519913666,7.804553293610985,21.420257637938896,0.04668477928243174,,,7.066062887484953,0.5539875768908413,,3981713000.0,75876000.0,0.31709498753959303,3.0,0.09552454511535277,0.09713264136732536,29.059829059829063,-0.16112611806075902,0.6661373318682738,234.0,['fcf_cagr5 gate'],False,0.8,ig,Health Care Equipment and Services,37.03703703703704,13.793103448275861,,41.07142857142857,58.333333333333336,6.896551724137931,,96.66666666666667,19.51219512195122,0.7,21.677700971498062,"{'profitability': 30.4, 'growth': 35.3, 'balance': None, 'stability': 66.7}",68.15311310962403,False,-0.1774242546843734,25.57873513598092,,44.91540704056105,,False,"{""floor"": false, ""depressed_arms"": {""self_pct"": false, ""self_z"": false, ""median_ratio"": true}, ""yield_arm"": false, ""residual_arm"": false, ""brakes"": {""gm"": false, ""fcf_margin"": true, ""roic"": true}, ""self_pct"": 29.059829059829063, ""self_z"": -0.16112611806075902, ""median_ratio"": 0.6661373318682738, ""fcf_yield"": 0.04668477928243174, ""yield_threshold"": 0.0495, ""gs10"": 0.0495, ""residual_pct"": null, ""brake_values"": {""gm"": null, ""fcf_margin"": 1.3963260004014442, ""roic"": 1.288180279220817}}",False,"{""floor"": false, ""mom_sector_pct"": 19.51219512195122, ""eps_rev_proxy"": null}"
J,52988,Jacobs Solutions,Industrials,Construction & Engineering,Capital Goods,18.89664613278576,5.9986310746064335,117152609.24979341,0.016819377749290654,-0.08706150509854538,-0.023289689288169546,9.0,0.24479021776876628,0.06398820513893612,0.05228839435626618,0.045429913407415576,0.30284276723000336,0.04803221828878799,0.03908856876304419,0.3858079703136637,7,9,False,-0.023763696704604875,,,False,0.22067032387720956,0.04037655803245411,0.03659414133662503,0.9014670843001543,0.7721896709497149,0.7618665687394889,0.9482567388850125,64.61538461538461,0.30403183040342135,1.2487430632570429,260.0,,144.16000366210938,117038611.0,16872286590.368195,19791824590.368195,6184027000.0,2919538000.0,735843000.0,91299000.0,70421000.0,145082000.0,2933379000.0,14219216000.0,649643000.0,644544000.0,574123000.0,520340000.0,794725000.0,338427000.0,410025020.5939171,0.3688456266073566,0.0663038858973153,30.46569360459236,34.47314354305296,0.029008088535677518,38.036331226444624,0.026290653376810264,49.85502513206155,1.9045288939712257,3.6910616880052847,4756461000.0,604199000.0,0.8668558529902926,1.0,0.06992187155482524,0.05868170577027504,64.23076923076924,0.391527915905919,1.227572371685153,260.0,"['rev_cagr5 gate', 'fcf_cagr5 gate']",False,1.0,ig,Capital Goods,15.789473684210526,16.666666666666664,24.242424242424242,5.952380952380952,22.093023255813954,95.0,5.26315789473685,23.80952380952381,36.92307692307693,1.0,6.127513496933432,"{'profitability': 22.7, 'growth': 0.0, 'balance': 0.0, 'stability': 67.3}",29.938110707779813,False,0.24657345568400535,26.93986385085461,,18.032812102356623,,False,"{""floor"": false, ""depressed_arms"": {""self_pct"": false, ""self_z"": false, ""median_ratio"": false}, ""yield_arm"": false, ""residual_arm"": false, ""brakes"": {""gm"": false, ""fcf_margin"": false, ""roic"": true}, ""self_pct"": 64.23076923076924, ""self_z"": 0.391527915905919, ""median_ratio"": 1.227572371685153, ""fcf_yield"": 0.029008088535677518, ""yield_threshold"": 0.0495, ""gs10"": 0.0495, ""residual_pct"": null, ""brake_values"": {""gm"": 0.9014670843001543, ""fcf_margin"": 0.7721896709497149, ""roic"": 0.9482567388850125}}",False,"{""floor"": false, ""mom_sector_pct"": 36.92307692307693, ""eps_rev_proxy"": null}"
NDSN,72331,Nordson Corporation,Industrials,Industrial Machinery & Supplies & Components,Capital Goods,4.588637919233402,5.9986310746064335,109771992.50981446,0.4899996616208826,-0.05888453022472406,0.40226173151133904,10.0,0.5515110513763457,0.01052251518027549,0.1999210543180704,0.20525999181274815,0.13821767513675173,0.18625867436321228,0.1774978420622392,0.1816045396712159,7,9,False,0.056479601334163076,0.07907001567409888,0.10538966928464055,False,0.5528561528561529,0.2351879911201945,0.2261655583689482,1.002438938397427,1.1764043158056536,1.2142551703547284,0.9835044012205103,8.461538461538462,-1.6175895723395706,0.8561625742975914,260.0,gm_derived,311.739990234375,55699366.0,17363719812.90088,18876207812.90088,4781547000.0,1512488000.0,773384000.0,49371000.0,23201000.0,76256000.0,1512488000.0,2979795000.0,800961000.0,724013000.0,700812000.0,673927000.0,877217000.0,555178000.0,659254789.8380016,0.17692023726748038,0.1378747902797989,23.566949967477665,26.934766831762126,0.03712673683964384,28.00927669154208,0.03570245711850062,31.275950799384844,1.3041096729337258,1.7241891117021215,3315820000.0,626343000.0,0.8244534666291056,10.0,0.1401872631263255,0.12266630092557447,30.384615384615383,-0.47564173336389093,0.9586415545142327,260.0,[],True,1.0,ig,Capital Goods,47.368421052631575,95.23809523809523,90.9090909090909,86.90476190476191,63.95348837209303,65.0,44.73684210526315,45.238095238095234,86.15384615384616,1.0,47.25193286090637,"{'profitability': 71.7, 'growth': 56.5, 'balance': 42.5, 'stability': 80.9}",49.435188019946196,False,-3.498770793131101e-05,26.935709234003387,,48.34356044042629,,False,"{""floor"": false, ""depressed_arms"": {""self_pct"": false, ""self_z"": false, ""median_ratio"": false}, ""yield_arm"": false, ""residual_arm"": false, ""brakes"": {""gm"": true, ""fcf_margin"": true, ""roic"": true}, ""self_pct"": 30.384615384615383, ""self_z"": -0.47564173336389093, ""median_ratio"": 0.9586415545142327, ""fcf_yield"": 0.03712673683964384, ""yield_threshold"": 0.0495, ""gs10"": 0.0495, ""residual_pct"": null, ""brake_values"": {""gm"": 1.002438938397427, ""fcf_margin"": 1.1764043158056536, ""roic"": 0.9835044012205103}}",False,"{""floor"": false, ""mom_sector_pct"": 86.15384615384616, ""eps_rev_proxy"": null}"
MGM,789570,MGM Resorts,Consumer Discretionary,Casinos & Gaming,Consumer Services,9.14715947980835,5.9986310746064335,103474384.86247653,0.2217877824194665,-0.22118311764925302,0.07011179300898096,8.0,,,0.08051335687434653,0.07811636234957606,0.2522421921184583,0.08992908021706693,0.12547578977346713,0.9241762408317052,8,9,False,0.277113404785333,,0.1992826380306052,True,,0.07873105122883604,,,0.9778632302179121,,0.6862095320138739,,,,,,38.310001373291016,251592756.0,9638518827.870071,38778706827.87007,31653963000.0,29140188000.0,2463036000.0,968489000.0,96170000.0,,28286309000.0,17761442000.0,1017036000.0,1494547000.0,1398377000.0,,,425926000.0,938657258.0395802,0.07706584817097897,0.029653704278342026,38.12913881895043,27.731224718277026,0.03606043404714551,,,22.62956200811895,3.5089358245329,,4768737000.0,1356676000.0,0.19351172553022825,1.0,0.043213774940308584,0.04202766631619687,5.118110236220472,-0.08039207562083399,0.8535727268072785,254.0,"['mktcap<10B', 'fcf_cagr5 gate']",False,0.8,ig,Consumer Services,33.33333333333333,38.46153846153847,,26.923076923076923,38.46153846153847,100.0,,7.692307692307693,69.6969696969697,0.7,42.45070078369601,"{'profitability': 23.0, 'growth': 100.0, 'balance': None, 'stability': 75.8}",45.36210944166719,False,0.15438212140090002,23.76412054512535,,43.9064051126816,,False,"{""floor"": false, ""depressed_arms"": {""self_pct"": true, ""self_z"": false, ""median_ratio"": false}, ""yield_arm"": false, ""residual_arm"": false, ""brakes"": {""gm"": false, ""fcf_margin"": true, ""roic"": false}, ""self_pct"": 5.118110236220472, ""self_z"": -0.08039207562083399, ""median_ratio"": 0.8535727268072785, ""fcf_yield"": 0.03606043404714551, ""yield_threshold"": 0.0495, ""gs10"": 0.0495, ""residual_pct"": null, ""brake_values"": {""gm"": null, ""fcf_margin"": 0.9778632302179121, ""roic"": 0.6862095320138739}}",False,"{""floor"": false, ""mom_sector_pct"": 69.6969696969697, ""eps_rev_proxy"": null}"
HSIC,1000228,Henry Schein,Health Care,Health Care Distributors,Health Care Equipment and Services,11.507186858316222,5.9986310746064335,100427617.37332141,0.3041556027705068,-0.05311208966411973,0.2531682898711187,10.0,0.3080539601006563,0.024171537990602482,0.039688483712754,0.04050364077669903,0.21457814490906063,0.02914355891642152,0.027457524271844662,0.26754432872366896,7,9,False,0.054343001644374,,,False,0.31318923687692984,0.0389648581091016,0.024555212468754594,1.0166700560336754,0.9817673658462327,0.8425605307565395,,58.84615384615385,0.40282568594367535,1.1546879167406088,260.0,,85.04000091552734,111446542.0,9477414033.712357,11813960033.712357,5493546000.0,2336546000.0,700000000.0,131000000.0,39000000.0,327000000.0,1676546000.0,13602000000.0,680000000.0,569000000.0,530000000.0,334000000.0,1007000000.0,424000000.0,,,,17.37347063781229,22.290490629645955,0.04486217986920475,35.371137825486095,0.028271637879838468,22.352391588944236,1.3419811320754718,1.664891757696127,4272000000.0,1043059000.0,0.9675096922825439,,,,45.38461538461539,-0.19103603275648942,0.9592054496111416,260.0,"['mktcap<10B', 'fcf_cagr5 gate']",False,0.8,ig,Health Care Equipment and Services,,24.137931034482758,22.727272727272727,,58.333333333333336,55.172413793103445,48.14814814814815,70.0,63.41463414634146,1.0,25.124812583865147,"{'profitability': 15.6, 'growth': 45.3, 'balance': 44.5, 'stability': 75.7}",54.54304214641543,False,,,,39.83392736514029,,False,"{""floor"": false, ""depressed_arms"": {""self_pct"": false, ""self_z"": false, ""median_ratio"": false}, ""yield_arm"": false, ""residual_arm"": false, ""brakes"": {""gm"": true, ""fcf_margin"": true, ""roic"": false}, ""self_pct"": 45.38461538461539, ""self_z"": -0.19103603275648942, ""median_ratio"": 0.9592054496111416, ""fcf_yield"": 0.04486217986920475, ""yield_threshold"": 0.0495, ""gs10"": 0.0495, ""residual_pct"": null, ""brake_values"": {""gm"": 1.0166700560336754, ""fcf_margin"": 0.9817673658462327, ""roic"": null}}",False,"{""floor"": false, ""mom_sector_pct"": 63.41463414634146, ""eps_rev_proxy"": null}"
HRL,48465,Hormel Foods,Consumer Staples,Packaged Foods & Meats,Food Beverage and Tobacco,17.541409993155373,5.9986310746064335,99130409.58405067,0.012611709821972017,-0.20750990847520667,-0.11968927694896458,10.0,0.16682132833702906,0.035594130283219394,0.06383424041884073,0.06541029663217429,0.19524254570376157,0.06596444905635719,0.06743968504299375,0.17985095183844876,5,9,False,0.04729856026370727,-0.06815746663983346,-0.09187039915676254,False,0.1567837288015035,0.062185439573896606,0.06540164820504571,0.93983023852174,0.9741705887917564,0.9914681186705486,0.4609207233650294,1.5384615384615385,-1.1662581921392163,0.728810980652863,260.0,shares_was_proxy,20.760000228881836,550675000.0,11432013126.039505,13721008126.039505,10132439000.0,2288995000.0,1091658000.0,310789000.0,25508000.0,271722000.0,2272785000.0,12146911000.0,573886000.0,780869000.0,755361000.0,794428000.0,845608000.0,342711000.0,376571452.4740182,0.3438218522946749,0.03716493654430273,23.908943807724018,18.164835258954998,0.05505142137234714,17.271556548912557,0.057898661140820075,33.35759029047654,2.2785057964290614,2.6877524810550515,4867763000.0,1572850000.0,0.6356429088790961,6.0,0.08063194961809017,0.08001175529317855,3.4615384615384617,-0.8690649203799731,0.7172381787831489,260.0,['fcf_cagr5 gate'],False,1.0,ig,Food Beverage and Tobacco,27.27272727272727,14.285714285714285,14.285714285714285,36.36363636363637,53.57142857142857,92.3076923076923,38.46153846153846,21.42857142857143,25.925925925925924,1.0,11.425592606208756,"{'profitability': 21.7, 'growth': 19.7, 'balance': 10.4, 'stability': 64.5}",56.1929429879549,False,-0.11813713378241486,20.44267709851981,,33.80926779708183,,False,"{""floor"": false, ""depressed_arms"": {""self_pct"": true, ""self_z"": false, ""median_ratio"": true}, ""yield_arm"": true, ""residual_arm"": false, ""brakes"": {""gm"": false, ""fcf_margin"": true, ""roic"": false}, ""self_pct"": 3.4615384615384617, ""self_z"": -0.8690649203799731, ""median_ratio"": 0.7172381787831489, ""fcf_yield"": 0.05505142137234714, ""yield_threshold"": 0.0495, ""gs10"": 0.0495, ""residual_pct"": null, ""brake_values"": {""gm"": 0.93983023852174, ""fcf_margin"": 0.9741705887917564, ""roic"": 0.4609207233650294}}",False,"{""floor"": false, ""mom_sector_pct"": 25.925925925925924, ""eps_rev_proxy"": null}"
AOS,91142,A. O. Smith,Industrials,Building Products,Capital Goods,9.14715947980835,5.9986310746064335,90992037.38803019,-0.11771222149931537,-0.2841117245329341,-0.20373110270632622,10.0,0.37594040956193764,0.03313037334138961,0.13345055553018087,0.1425513028040311,0.19702988229748036,0.13342765054945965,0.13881781630202078,0.1953671815539953,6,9,False,0.05756136403417389,0.015613976621913883,0.019778627439967167,False,0.38592341454440326,0.16804646639859128,0.15766511603458697,1.0265547537017856,1.2592414151515936,1.1816524939569617,0.7774915923471257,3.4615384615384617,-1.7133750769320815,0.7127768464744478,260.0,shares_was_proxy;sbc_unreported,56.93000030517578,137147703.0,7807818773.644157,8491018773.644157,2525100000.0,683200000.0,692300000.0,52900000.0,,92400000.0,664200000.0,3804900000.0,666300000.0,639400000.0,639400000.0,599900000.0,758700000.0,500300000.0,516741419.9348938,0.22446132382576345,0.20464196266876314,12.743537105874466,13.279666521182605,0.07530309578217828,14.154056965567857,0.07065112161358891,15.606273783018503,1.2780331800919449,0.8754448398576512,915200000.0,93300000.0,0.3993901231634391,10.0,0.2632079429321943,0.2721726536780593,1.9230769230769231,-2.0328659364083226,0.6585132125959671,260.0,['mktcap<10B'],False,1.0,ig,Capital Goods,81.57894736842105,76.19047619047619,60.60606060606061,86.90476190476191,63.95348837209303,60.0,73.6842105263158,92.85714285714286,20.0,1.0,43.361915165787565,"{'profitability': 78.5, 'growth': 30.5, 'balance': 70.8, 'stability': 70.2}",85.55355682386386,False,-0.7070791774662881,26.931947190695823,,64.45773599482571,,False,"{""floor"": false, ""depressed_arms"": {""self_pct"": true, ""self_z"": true, ""median_ratio"": true}, ""yield_arm"": true, ""residual_arm"": false, ""brakes"": {""gm"": true, ""fcf_margin"": true, ""roic"": false}, ""self_pct"": 1.9230769230769231, ""self_z"": -2.0328659364083226, ""median_ratio"": 0.6585132125959671, ""fcf_yield"": 0.07530309578217828, ""yield_threshold"": 0.0495, ""gs10"": 0.0495, ""residual_pct"": null, ""brake_values"": {""gm"": 1.0265547537017856, ""fcf_margin"": 1.2592414151515936, ""roic"": 0.7774915923471257}}",False,"{""floor"": false, ""mom_sector_pct"": 20.0, ""eps_rev_proxy"": null}"
SOLV,1964738,Solventum,Health Care,Health Care Technology,Health Care Equipment and Services,2.4640657084188913,2.4722792607802875,90276761.76420194,0.2150026887095311,-0.045370308118028335,0.18733040328159167,3.0,0.5602823597059503,0.029831750034154086,0.10699972109162445,0.1275270017056846,0.6627905418282916,0.08007538786941634,0.09681537983298419,0.9356442657316714,3,3,False,,,,False,0.5468110709987967,-0.03429602888086643,-0.05583634175691937,0.9759562504980102,-0.320524469886221,-0.6972971751067255,,,,,,,87.52999877929688,170223729.0,14899682791.577362,19994682791.577362,9895000000.0,5095000000.0,209000000.0,327000000.0,167000000.0,506000000.0,5095000000.0,8310000000.0,2076000000.0,-118000000.0,-285000000.0,-464000000.0,2582000000.0,1434000000.0,1755107964.60177,0.15457227138643068,0.17737321521998686,9.631350092281966,,-0.01425378951848411,,-0.023206169602023253,10.390294833735958,-0.08228730822873083,1.9732765298218435,5626000000.0,2544000000.0,0.8256695300656898,1.0,,,,,,,"['rev_cagr5 gate', 'fcf_cagr5 gate']",False,0.8,ig,Health Care Equipment and Services,,51.724137931034484,45.45454545454545,25.0,5.0,3.4482758620689653,37.03703703703704,90.0,43.90243902439025,0.7,28.81141749535709,"{'profitability': 44.3, 'growth': None, 'balance': 34.2, 'stability': 72.0}",,False,,,,,,False,"{""floor"": false, ""depressed_arms"": {""self_pct"": false, ""self_z"": false, ""median_ratio"": false}, ""yield_arm"": false, ""residual_arm"": false, ""brakes"": {""gm"": true, ""fcf_margin"": false, ""roic"": false}, ""self_pct"": null, ""self_z"": null, ""median_ratio"": null, ""fcf_yield"": -0.01425378951848411, ""yield_threshold"": 0.0495, ""gs10"": 0.0495, ""residual_pct"": null, ""brake_values"": {""gm"": 0.9759562504980102, ""fcf_margin"": -0.320524469886221, ""roic"": null}}",False,"{""floor"": false, ""mom_sector_pct"": 43.90243902439025, ""eps_rev_proxy"": null}"
BF-B,14693,Brown–Forman,Consumer Staples,Distillers & Vintners,Food Beverage and Tobacco,43.88227241615332,5.9986310746064335,62146606.78588656,0.06185022957872599,-0.11549872035490993,-0.002164070002910079,10.0,0.5994472994507823,0.013465347238644223,0.14355978573978317,0.10383159886471145,0.3391977793070172,,,,6,9,False,0.025637699680790327,0.03414372589540915,0.05833783074022758,False,0.6066411238825032,0.2280970625798212,,1.0120007620992069,1.5888646072046284,,0.7975207561404152,6.538461538461539,-1.6010956332814952,0.5631352245579788,260.0,shares_was_proxy,26.5,458824000.0,12158836000.0,14407836000.0,6218000000.0,2249000000.0,1013000000.0,88000000.0,32000000.0,,2249000000.0,3915000000.0,993000000.0,925000000.0,893000000.0,,,721000000.0,800842281.8791946,0.1935123042505593,0.12879419136043657,14.509401812688822,16.134194848824187,0.061980161351087006,,,16.863850208044383,1.2829403606102636,,1513000000.0,936000000.0,0.3938565455130267,7.0,0.1614932155292526,0.14726582917289982,0.7692307692307693,-0.868367339145584,0.3927493427661139,260.0,[],True,0.9,ig,Food Beverage and Tobacco,63.63636363636363,57.14285714285714,85.71428571428571,50.0,53.57142857142857,61.53846153846154,,78.57142857142857,48.148148148148145,0.7,26.62259763074485,"{'profitability': 53.0, 'growth': 24.9, 'balance': None, 'stability': 65.0}",79.12750229321037,False,-0.23652980576225868,20.439529145005327,,52.87504996197761,,False,"{""floor"": false, ""depressed_arms"": {""self_pct"": true, ""self_z"": false, ""median_ratio"": true}, ""yield_arm"": true, ""residual_arm"": false, ""brakes"": {""gm"": true, ""fcf_margin"": true, ""roic"": false}, ""self_pct"": 0.7692307692307693, ""self_z"": -0.868367339145584, ""median_ratio"": 0.3927493427661139, ""fcf_yield"": 0.061980161351087006, ""yield_threshold"": 0.0495, ""gs10"": 0.0495, ""residual_pct"": null, ""brake_values"": {""gm"": 1.0120007620992069, ""fcf_margin"": 1.5888646072046284, ""roic"": 0.7975207561404152}}",False,"{""floor"": false, ""mom_sector_pct"": 48.148148148148145, ""eps_rev_proxy"": null}"
MU,723125,Micron Technology,Information Technology,Semiconductors,Semiconductors and Semiconductor Equipment,31.975359342915812,5.9986310746064335,35653361371.47906,4.950542578536369,-0.13786682632414815,5.016524125710032,8.0,0.271675862383062,0.7236685441326504,-0.056565969486111624,0.0186205789501846,13.616582641589419,0.04712893595768157,0.21209168020212957,1.929702928078838,6,9,False,0.11763119291842661,,0.08716558604518232,True,0.7256906750559408,0.2765801892017635,0.4565766444380442,2.671163601692076,-4.889515581796418,9.687819917004227,,62.295081967213115,0.20266466595366728,1.211285929590049,183.0,,977.5,1129393151.0,1103981805102.5,1086227805102.5,82970000000.0,-17754000000.0,51432000000.0,25260000000.0,1204000000.0,9011000000.0,-17754000000.0,90274000000.0,59243000000.0,26172000000.0,24968000000.0,41217000000.0,68254000000.0,50469000000.0,,,,18.335124911002143,43.504798345982856,0.02298597023820794,26.35387837791445,0.037945079113594064,21.87445372609919,0.5185757593770434,-0.2601166232015706,1150000000.0,453000000.0,0.019320236229962637,,,,,,,,"['fcf_cagr5 gate', 'coverage<80%']",False,0.7,,,,,,,,,,,,,,,,,,,,,,,,,
SNDK,2023554,Sandisk,Information Technology,"Technology Hardware, Storage & Peripherals",Technology Hardware and Equipment,0.8049281314168378,1.5906913073237507,20426028453.314598,14.615692890629893,-0.2610641882831274,14.794834449750908,1.0,0.3117568742990426,0.7912611640002911,0.06031032921610818,-0.06735600569436236,2.089060200858698,0.05046661989408037,-0.06892117993244347,2.319027121857016,3,3,False,,,,False,0.7147372580007902,0.5562030817858554,,2.2926110598453135,9.22235194228222,,,,,,,,1614.3900146484375,146419001.0,236377373169.1996,231816373169.1996,11175000000.0,-4561000000.0,11671000000.0,177000000.0,232000000.0,,-4561000000.0,20248000000.0,12389000000.0,11494000000.0,11262000000.0,,,11433000000.0,10881419451.486519,0.12168702466005993,0.9737288099764223,18.71146768659291,20.583943630722747,0.04858155550462357,,,20.675008586477702,1.0053354325198984,,4994000000.0,,0.4468903803131991,1.0,,,,,,,"['tenure<1y', 'rev_cagr5 gate', 'fcf_cagr5 gate', 'coverage<80%']",False,0.7,,,,,,,,,,,,,,,,,,,,,,,,,
AMZN,1018724,Amazon,Consumer Discretionary,Broadline Retail,Broadline Retail,20.83230663928816,5.9986310746064335,11092066628.140854,0.11728879236385525,-0.08485138302505368,0.08514777552124464,28.0,,,-0.014042908857436014,-0.0010821926664167985,2.857810092979188,0.03316522033754214,0.04285422996575114,1.3319269758744086,8,8,False,0.13178194800406007,,,False,0.5076964727722773,-0.03988629331683168,0.0862327248349835,,2.84031561564334,2.6000950380350814,,14.117647058823529,-0.011750193142894973,0.7410637867641263,170.0,,251.19000244140625,10786313572.0,2709414132484.453,2828746132484.453,670952000000.0,119332000000.0,161403000000.0,173028000000.0,19314000000.0,75200000000.0,119332000000.0,775680000000.0,93712000000.0,-11625000000.0,-30939000000.0,66889000000.0,168912000000.0,135281000000.0,,,,30.185527280225084,,-0.010937354768144801,42.29015432260092,0.02364616578061468,20.02804630720096,-0.08593224473503301,0.7064743771904898,23504000000.0,9197000000.0,0.04873821078109909,,,,,,,,"['fcf_cagr5 gate', 'coverage<80%']",False,0.6,,,,,,,,,,,,,,,,,,,,,,,,,
INTC,50863,Intel,Information Technology,Semiconductors,Semiconductors and Semiconductor Equipment,49.713894592744694,5.9986310746064335,10469950778.109259,2.0449628102480206,-0.18799911492422028,2.6781610321967286,6.0,0.41104004759759505,0.19477074278616033,-0.18210652988854154,-0.19886129349446507,,-0.009076877278101308,-0.02507929482923951,15.110477781828079,5,9,False,-0.07457071162960704,,,False,0.38604643007434425,0.0076798990040678914,0.0028755786225277036,0.939194203413193,-0.04217256244885002,-0.31680263315504625,-0.023881797577247715,,,,,,108.80000305175781,5044000000.0,548787215393.0664,602051215393.0664,140806000000.0,53264000000.0,14936000000.0,12105000000.0,2393000000.0,12379000000.0,37663000000.0,57032000000.0,-77000000.0,2831000000.0,438000000.0,164000000.0,12302000000.0,-11289000000.0,-68386759.5455941,0.11186026564163509,-0.0004856807206056141,,1374.5461538654483,0.000727512857380479,3671.0439962991854,0.0002724020744529648,,,3.061534709803284,20465000000.0,4840000000.0,0.179715353038933,6.0,0.020336857769380143,0.007872824926945434,,,,,"['rev_cagr5 gate', 'fcf_cagr5 gate', 'coverage<80%']",False,0.7,,,,,,,,,,,,,,,,,,,,,,,,,
ORCL,1341439,Oracle Corporation,Information Technology,Application Software,Software and Services,37.04859685147159,5.9986310746064335,4460654196.031807,-0.5200562669253017,-0.4810127341132797,-0.5065561247780168,8.0,,,-0.041602494487030794,0.05690386427898209,51.542104679270196,0.16813605105218637,0.16162836804441003,0.4860544724465163,8,9,False,0.10721151086579872,,0.0992700300941678,False,,-0.46720352206865806,0.43531263932233616,,11.230180493487104,2.589049978265655,,0.38461538461538464,-2.58881818629037,0.36141522489033384,260.0,,150.58999633789062,3023736000.0,455344393166.74805,598126393166.748,209554000000.0,142782000000.0,46940000000.0,75660000000.0,4814000000.0,10881000000.0,137404000000.0,71776000000.0,23057000000.0,-28720000000.0,-33534000000.0,31245000000.0,33938000000.0,18920000000.0,18330739313.414387,0.20498159719762385,0.08747501509593893,25.941206278646312,,-0.05606507317367495,19.143107478532503,0.05223812283984833,24.06682839147717,-1.517970401691332,4.048676999233897,62267000000.0,3244000000.0,0.3126210905065043,4.0,,,,,,,"['fcf_cagr5 gate', 'coverage<80%']",False,0.7,,,,,,,,,,,,,,,,,,,,,,,,,
LITE,1633978,Lumentum,Information Technology,Communications Equipment,Technology Hardware and Equipment,0.49007529089664614,5.9986310746064335,3733467239.209405,4.136668309837439,-0.07941694229527518,4.296094399211278,7.0,0.3327565488970501,0.29481760690012027,-0.04058523255034342,-0.05495189586870402,1.972219203371944,-0.07068895010449733,-0.11482739105829089,,7,9,False,0.1157814561822057,-0.14424207131315925,-0.07540695559983868,False,0.4166887856668879,0.04309887193098872,0.10507631055076311,1.2522331627973615,-1.0619348275885148,-1.486460194916348,,,,,,,893.6099853515625,89700000.0,80156815686.03516,80686615686.03516,5173700000.0,529800000.0,751400000.0,451300000.0,170200000.0,264500000.0,529800000.0,3014000000.0,524800000.0,300100000.0,129900000.0,316700000.0,789300000.0,-6935100000.0,503158762.88659793,0.041237113402061855,0.09725317720134487,153.74736220662186,621.1440776446125,0.0016099324391725908,254.77302079581673,0.003925062382493914,,,0.6712276700874192,1069300000.0,326900000.0,0.269864893596459,1.0,,,,,,,"['tenure<1y', 'fcf_cagr5 gate', 'coverage<80%']",False,0.7,,,,,,,,,,,,,,,,,,,,,,,,,
LLY,59478,Lilly (Eli),Health Care,Pharmaceuticals,Pharmaceuticals Biotechnology and Life Sciences,55.715263518138265,5.9986310746064335,3018330601.2032676,0.6799661466198974,-0.08201376533815785,0.542185797294964,,0.7890977638403605,0.04005281419640179,,,,0.1627529909512464,0.19335485055652862,0.5908489210118519,9,9,False,0.21575855656690868,,0.23860692158425345,False,0.8339940099766776,,0.31802354335235444,1.0568956702117838,,1.9540258000396455,,2.6923076923076925,-0.28312113888278306,0.5366726483690902,260.0,gm_derived,1152.43994140625,941357065.0,1084857480830.9595,1132113380830.9595,81134900000.0,47255900000.0,28083500000.0,,649200000.0,2098700000.0,47198400000.0,79665800000.0,,,,25335600000.0,,26711200000.0,,0.20491732523701092,,,,,44.684687981771084,0.02237903060681425,40.614329600727764,,,8849000000.0,5354400000.0,0.17505906829243642,,,,,,,,"['fcf_cagr5 gate', 'coverage<80%']",False,0.1,,,,,,,,,,,,,,,,,,,,,,,,,
CAT,18230,Caterpillar Inc.,Industrials,Construction Machinery & Heavy Transportation Equipment,Capital Goods,69.54140999315537,5.9986310746064335,2552478303.3409185,0.7905268091323994,-0.1979192739804051,0.7270938095394299,10.0,0.8585401405021356,0.32339139763827013,0.136788648804193,0.13194454718963144,0.2345188804444848,0.1282558045954994,0.14021512376274245,0.2981573719474643,6,9,False,0.10115402157081044,0.10764087497839547,0.194627983733606,False,0.9416023230606592,0.14315727495349864,0.1497410643792905,1.0967481642849488,1.04655814795292,1.167518810174343,,81.53846153846153,1.4317567694787032,1.5455684833904526,260.0,sbc_unreported;gm_derived,798.5700073242188,459674889.0,367082579475.48944,396928579475.48944,49240000000.0,29846000000.0,13569000000.0,2871000000.0,,2379000000.0,29847000000.0,74729000000.0,13092000000.0,10698000000.0,10698000000.0,11190000000.0,15471000000.0,,,,,30.318406620492624,37.10306407510651,0.02695195194595608,35.47172292006161,0.028191469646218784,,,1.9292224161334108,5859000000.0,438000000.0,0.1278838342810723,,,,87.3076923076923,1.8528801632009688,1.8321190020896467,260.0,['coverage<80%'],True,0.7,,,,,,,,,,,,,,,,,,,,,,,,,
KLAC,319201,KLA Corporation,Information Technology,Semiconductor Materials & Equipment,Semiconductors and Semiconductor Equipment,28.966461327857633,5.9986310746064335,2281884173.5726,0.7704899907518163,-0.34823939517353564,0.626052405786836,10.0,0.6059831245679101,0.009826117327548007,0.28829135284142665,0.28724266725042696,0.09815102483658607,0.28190607976787535,0.28156946246685427,0.09817342455706492,8,9,False,0.14438267834282237,0.14036548966752482,0.14599324059225793,False,0.6130145227989652,0.25457263593970786,0.2532446760095898,1.0116032904976828,0.8830394440576037,0.8983299552039258,,98.07692307692307,6.051790404710991,18.921405895408242,260.0,gm_derived;share_jump_gt20pct,168.97999572753906,1306546783.0,220780269809.16992,222090775809.16992,7660326000.0,1310506000.0,4143079000.0,375945000.0,310171000.0,393978000.0,1310506000.0,13579476000.0,,3767134000.0,3456963000.0,3438930000.0,,4830771000.0,,0.1382740582508685,,,64.24447580410028,0.015565540655188548,64.58135984424513,0.015484344126722662,45.70290535592971,0.7798204468810466,,1788758000.0,230788000.0,0.2636370828082251,,,,98.07692307692307,6.056281288314981,19.571553287437936,260.0,['coverage<80%'],True,0.6,,,,,,,,,,,,,,,,,,,,,,,,,
GLW,24741,Corning Inc.,Information Technology,Electronic Components,Technology Hardware and Equipment,31.5564681724846,5.9986310746064335,2103282863.9967995,0.8962119610928101,-0.33011397484810334,0.8739179536338737,,0.33500094740918773,0.0613409022559631,,,,0.06370205640930096,0.06795060464521083,0.5665662215091974,7,9,False,0.06695841428340232,,-0.11617115649227316,True,0.36377033718462626,,0.12143362414524876,1.0858785325770977,,1.9062747890744478,1.7739119809112294,33.46153846153846,-0.41106575672712464,0.7862152898828454,260.0,,147.8000030517578,861388331.0,127313197950.54857,132322197950.54857,17569000000.0,5009000000.0,3915000000.0,,419000000.0,1436000000.0,2142000000.0,16964000000.0,2598000000.0,,,2060000000.0,4034000000.0,1900000000.0,2239506234.413965,0.13798836242726517,0.12746919200944648,50.93233177465303,,,64.23407667502357,0.015568060627060192,67.00694628976241,,0.5309866137828458,2476000000.0,657000000.0,0.17832545961636975,1.0,0.0718576757928923,0.06418452049712484,,,,,"['fcf_cagr5 gate', 'coverage<80%']",False,0.5,,,,,,,,,,,,,,,,,,,,,,,,,
CRWD,1535527,CrowdStrike,Information Technology,Systems Software,Software and Services,2.2340862422997945,5.9986310746064335,1955206307.4961655,0.5278081911112746,0.0,0.9556263290525528,7.0,0.7431215415468153,0.0105377119731134,0.0816809227012403,0.08008259728114309,0.328189295920868,0.14803250669094636,0.16335035697279218,0.22173360018116497,8,8,False,0.40643417090854195,0.33955983909505494,,False,0.7524562442262023,0.07008317975147073,0.13342932778863428,1.0125614750178775,0.8580116070408511,0.9013515394101935,0.09260128981934233,,,,,ebitda_nonpositive;share_jump_gt20pct,245.6999969482422,1023934842.0,251580787554.59885,247424920554.59885,945857000.0,-4155867000.0,2016615000.0,407897000.0,1230539000.0,66072000.0,-4193668000.0,5396145000.0,-119489000.0,1608718000.0,378179000.0,720004000.0,-53417000.0,59797000.0,-83042203.357591,0.3050221915189598,-0.08779572742770948,,654.2534634514313,0.0015284596198002936,343.6438138601992,0.002909989819886061,4207.247647116057,26.902988444236332,,2251426000.0,273235000.0,2.6691783218816374,1.0,-0.9481048006889741,0.038592068489530194,,,,,['coverage<80%'],True,0.7,,,,,,,,,,,,,,,,,,,,,,,,,
IBM,51143,IBM,Information Technology,IT Consulting & Other Services,Software and Services,69.54140999315537,5.9986310746064335,1945258743.8185706,-0.0923163735164475,-0.21551806864953993,-0.08434407288302392,10.0,0.5583809342770133,0.0260590604563556,0.16422352218774233,0.17004359197907584,0.11717911791446448,0.10425690582486706,0.0956096838676242,0.2095889765265551,6,9,False,0.041240412922473046,-0.0492561730972797,-0.09378289144913798,False,0.5810261234532166,0.17241479122946668,0.11301830812649251,1.0405550902369618,1.049878780655794,1.084036661478742,,57.30769230769231,0.25826022232540785,1.0793310236364568,260.0,,237.75,942134390.0,223992451222.5,287588451222.5,98048000000.0,63596000000.0,14888000000.0,1098000000.0,1877000000.0,5202000000.0,63507000000.0,69095000000.0,,13790000000.0,11913000000.0,7809000000.0,,10725000000.0,,0.11704592341717036,,,24.140724521321246,0.04142377744780582,36.82782062011781,0.027153385216982764,20.88507703706294,1.2857808857808857,,74599000000.0,13955000000.0,0.9031698759791122,,,,68.46153846153847,0.6151854049064278,1.1544561568606688,260.0,['coverage<80%'],True,0.6,,,,,,,,,,,,,,,,,,,,,,,,,
MRNA,1682852,Moderna,Health Care,Biotechnology,Pharmaceuticals Biotechnology and Life Sciences,5.160848733744011,5.9986310746064335,1890203155.000824,4.750000245597588,0.0,5.262678635405393,4.0,0.5985871300693586,0.3054523497458655,-0.4718133376705834,-0.6030957943925234,4.174140859339719,-0.41651375786138656,-0.5899532710280374,4.463448777996849,4,9,False,0.19342778041847408,,,False,0.23384201077199285,-0.7657091561938959,-0.7917414721723519,0.3906565962166568,1.622906974131597,1.9008771192519385,-2.513410876170363,,,,,ebitda_nonpositive;gm_derived,158.07000732421875,399235889.0,63107219898.320984,62671219898.320984,6325000000.0,-436000000.0,-1073000000.0,171000000.0,462000000.0,229000000.0,-436000000.0,2228000000.0,-3320000000.0,-1244000000.0,-1706000000.0,-1764000000.0,-3091000000.0,-3151000000.0,-2949389885.06967,0.11162955268985843,-0.4663067011967858,,,-0.027221426402228133,,-0.02814689107475406,,,,52000000.0,109000000.0,0.025454545454545455,2.0,0.18552744623564635,-0.3115430994398627,,,,,"['fcf_cagr5 gate', 'coverage<80%']",False,0.6,,,,,,,,,,,,,,,,,,,,,,,,,
JNJ,200406,Johnson & Johnson,Health Care,Pharmaceuticals,Pharmaceuticals Biotechnology and Life Sciences,53.21834360027378,5.9986310746064335,1824608440.192429,0.5606667830880985,-0.018202992281513453,0.5682478727997855,10.0,0.6906005595176778,0.011172971178056155,0.20853273789673366,0.20063645651076223,0.055937879214138786,0.17248789922352653,0.16639240707908232,0.06799553419276018,8,9,False,0.02665503872479502,-0.004912054981440983,0.004828953651687673,False,0.6790736145574855,0.21270512309938833,0.1883303209468084,0.9833088102792114,1.0200082981921086,1.0918465689164185,,86.53846153846155,1.367090547299712,1.2994409264750324,260.0,,270.2200012207031,2409898597.0,651202801823.1107,683725801823.1107,117494000000.0,32523000000.0,27608000000.0,5364000000.0,1414000000.0,7751000000.0,31263000000.0,97929000000.0,,22244000000.0,20830000000.0,18443000000.0,,21037000000.0,,0.16506588347356724,,,32.82409034196403,0.030465429188803683,37.07237444142009,0.026974263587571115,30.955117261164173,1.0573751010125019,,48479000000.0,26216000000.0,0.6357345907025039,,,,91.92307692307692,1.8837818355454672,1.4329844588804763,260.0,['coverage<80%'],True,0.6,,,,,,,,,,,,,,,,,,,,,,,,,
COHR,820318,Coherent Corp.,Information Technology,Electronic Components,Technology Hardware and Equipment,0.49007529089664614,5.9986310746064335,1819688654.6430805,1.6534688607288333,-0.2402392242172806,1.7126753673416046,8.0,0.3462190574588253,0.08696861560732114,-0.026320632928828185,0.007774792137528131,,-0.030795242713235516,-0.02972138340518743,,8,9,False,0.18042001127353102,,,False,0.3749609626391911,-0.169968001656603,-0.08829713658587778,1.0830165311849824,6.45759553412723,2.867233014141125,,,,,,gm_derived;capex_gt_2x_cfo,295.9800109863281,195832246.0,57962430322.55731,59848551322.55731,12789616000.0,1886121000.0,79514000.0,1102909000.0,186468000.0,521561000.0,1551416000.0,7118181000.0,,-1023395000.0,-1209863000.0,-628515000.0,,804998000.0,,0.07177849629541377,,,,-0.020215409951685744,,-0.010501757955887373,72.00319792416542,-1.2713012951584972,,4375597000.0,3097313000.0,0.5842951031524324,0.0,0.031214114111488292,0.008996982675030574,,,,,"['tenure<1y', 'fcf_cagr5 gate', 'coverage<80%']",False,0.7,,,,,,,,,,,,,,,,,,,,,,,,,
SMCI,1375365,Supermicro,Information Technology,"Technology Hardware, Storage & Peripherals",Technology Hardware and Equipment,2.5023956194387407,5.9986310746064335,1567241600.4139488,-0.1870770451410826,-0.23666292076774287,-0.1191880099430277,5.0,0.13808110937007195,0.196114475775482,-0.06853656782630588,-0.09984394061775959,,-0.06487485066506368,-0.095921382560263,,8,9,False,0.6148277410083174,,,False,0.10821604097086886,-0.18902763203057865,-0.18623729848999074,0.7837135830132885,2.7580551233559962,2.8707164113794716,,,,,,,40.349998474121094,656965384.0,26508552241.95038,19792960241.95038,7763860000.0,-6715592000.0,-6809886000.0,161999000.0,412115000.0,53000000.0,-6715756000.0,39063072000.0,2770486000.0,-6971885000.0,-7384000000.0,-7275001000.0,2823486000.0,2230453000.0,,,,7.144219549187535,,-0.37306193261328896,,-0.3675549746510848,11.884828885410442,-3.1257708635869035,-2.3785334866190233,,,0.0,,,,,,,,"['fcf_cagr5 gate', 'coverage<80%']",False,0.7,,,,,,,,,,,,,,,,,,,,,,,,,
CVX,93410,Chevron Corporation,Energy,Integrated Oil & Gas,Energy,69.54140999315537,5.9986310746064335,1510996393.110372,0.36584474119962795,-0.011632207151144325,0.4077642903723535,9.0,0.3963725881773958,0.030735177692233082,0.1127249390407999,0.1004504527380112,0.3673135191205665,0.09095076347012668,0.07486227986466557,0.43397205045789816,4,9,True,0.14316140269739064,-0.05862503806451547,0.05221820016558776,True,0.4364551940242728,0.1294229820181974,0.10428774717192674,1.1011235565788877,1.1481308672196646,1.1466396013946674,,64.96062992125984,0.28134825240784866,1.184006271326193,254.0,sbc_unreported;gm_derived,211.57000732421875,1975771274.0,418013942911.161,454136942911.161,226006000000.0,36123000000.0,45321000000.0,18309000000.0,,23555000000.0,30448000000.0,208711000000.0,,27012000000.0,27012000000.0,21766000000.0,,20592000000.0,,,,,16.812414590225124,0.0594798560690627,20.864510838517,0.0479282743669191,20.29982240244566,1.3117715617715617,,4568000000.0,,0.020211852782669487,,,,66.53846153846153,0.22870696158460171,1.084811164754758,260.0,"['fcf_cagr5 gate', 'coverage<80%']",False,0.6,,,,,,,,,,,,,,,,,,,,,,,,,
GE,40545,GE Aerospace,Industrials,Aerospace & Defense,Capital Goods,69.54140999315537,5.9986310746064335,1370228486.4715974,0.16271213682522845,-0.16862482066217765,0.04623067445095419,7.0,,,0.11962693923081102,0.12241145185017539,0.3579642689856936,0.11974048830686597,0.12425031119158085,0.4118721587572139,3,9,False,-0.0459869626385655,,,False,,0.16580106242224374,0.17601058472718656,,1.3859843233332525,1.469933747690371,,46.92307692307692,-0.003238358480529499,0.9712929997782858,260.0,sbc_unreported;gm_derived,313.4700012207031,1037562513.0,325244722216.6658,336356722216.6658,28752000000.0,11112000000.0,9800000000.0,1404000000.0,,887000000.0,10885000000.0,50639000000.0,,8396000000.0,8396000000.0,8913000000.0,,8971000000.0,,0.13429811866859623,,,40.06154385620126,0.02496159418092937,37.73776755488228,0.026498652803075683,36.25512453646927,0.9359045814290492,,8954000000.0,6467000000.0,0.5363452977184195,,,,53.84615384615385,0.013257303704385475,1.0204972262189536,260.0,"['rev_cagr5 gate', 'fcf_cagr5 gate', 'coverage<80%']",False,0.5,,,,,,,,,,,,,,,,,,,,,,,,,
UBER,1543151,Uber,Industrials,Passenger Ground Transportation,Transportation,2.751540041067762,5.9986310746064335,1362942221.1012099,-0.20008119639684407,-0.2801421539521195,-0.28058063943014444,4.0,,,0.030662297875314926,0.03827687025562619,1.0009563348972361,0.012556856153484081,0.022182881360478527,2.3182426834505425,7,8,False,0.3610053095492587,,,False,,0.14806163651836965,0.14014884024118637,,4.828784754503626,11.161140856288304,,,,,,,70.87000274658203,2042560121.0,144756241385.32892,154318241385.32892,36878000000.0,9562000000.0,10424000000.0,308000000.0,1939000000.0,745000000.0,9562000000.0,55227000000.0,6700000000.0,10116000000.0,8177000000.0,7740000000.0,7445000000.0,9579000000.0,,,,23.03257334109387,18.872232039296676,0.05298790296334591,19.937757284926217,0.05015609256894917,15.111832277411935,1.0560601315377387,1.284351914036266,9472000000.0,1132000000.0,0.28754270838982593,,,,,,,,"['fcf_cagr5 gate', 'coverage<80%']",False,0.6,,,,,,,,,,,,,,,,,,,,,,,,,
MRK,310158,Merck & Co.,Health Care,Pharmaceuticals,Pharmaceuticals Biotechnology and Life Sciences,69.54140999315537,5.9986310746064335,1282280012.3157823,0.915200560983602,-0.029704442666908193,0.8583105957242343,10.0,0.7339051213104868,0.027335597866452805,0.19924757865358825,0.17750842165172048,0.27971374478964256,0.19728492857883606,0.19433722076215507,0.2627242763251946,8,9,True,0.09383063963833482,0.09250503157236656,0.21479422273940196,False,0.7296639576980276,0.22789887184725624,0.19633763463473988,0.9942211009443754,1.1437974473129289,0.9951983461133087,,84.23076923076923,1.5023701997311563,1.4488694339312314,260.0,gm_derived,147.14999389648438,2467171638.0,363044291473.27936,413555291473.27936,92444000000.0,50511000000.0,19967000000.0,3904000000.0,892000000.0,6005000000.0,47960000000.0,66569000000.0,,16063000000.0,15171000000.0,13070000000.0,,3173000000.0,,0.14176416557667743,,,27.25959340012388,0.03668433293636198,31.6415678250405,0.03160399653801668,114.41673226387626,5.0624015127639455,,21582000000.0,39456000000.0,0.6602700012980831,,,,73.84615384615385,0.44507737140503584,1.137238501793932,260.0,['coverage<80%'],True,0.6,,,,,,,,,,,,,,,,,,,,,,,,,
BKNG,1075531,Booking Holdings,Consumer Discretionary,"Hotels, Resorts & Cruise Lines",Consumer Services,16.865160848733744,5.9986310746064335,1188908042.5922685,-0.030986931089534542,-0.2245806808219979,-0.20983127741103058,9.0,,,,,0.3410602646154019,0.30966111552138564,0.32570874931547245,0.342057778356195,8,9,True,0.3169056376027688,0.3782628172317084,0.3830687522857248,True,,0.33777132537799653,0.3288835381183386,,,1.0620756744500761,,93.07692307692308,3.2494001800276853,15.167445043265273,260.0,sbc_unreported;ev_or_ic_nonpos,170.52000427246094,751380500.0,128125406070.24384,131826406070.24384,-7082000000.0,3701000000.0,9859000000.0,320000000.0,,571000000.0,3701000000.0,28241000000.0,9284000000.0,9539000000.0,9539000000.0,9288000000.0,9855000000.0,,7203568614.788505,0.22408782692928642,,14.199311295803946,13.81973016775803,0.07236031296276965,14.193196174660189,0.07045629382516033,,,0.37554540842212075,2672000000.0,1613000000.0,-0.6050550691894945,3.0,-3.39825488462711,-2.136648401551531,93.07692307692308,3.277967618095495,15.098658695351801,260.0,['coverage<80%'],True,0.7,,,,,,,,,,,,,,,,,,,,,,,,,
MCD,63908,McDonald's,Consumer Discretionary,Restaurants,Consumer Services,56.219028062970565,5.9986310746064335,1166370078.0488493,-0.08738160367240833,-0.25716652679187,-0.1571166472462321,10.0,,,0.26379163827057617,0.2611493397805468,0.09766688355766677,0.34680145034968657,0.3551816113595356,0.11619331491663687,5,9,False,0.06956327691923625,0.09216024512251142,0.11076179693949428,False,,0.2738430438235506,0.38647029095372176,,1.0381035790932256,1.1143848751613823,,0.38461538461538464,-2.162562140666632,0.7827392249107014,260.0,,248.47999572753906,707641531.0,175834764599.50922,234074264599.50922,57216500000.0,58239500000.0,11347000000.0,3586000000.0,175000000.0,466000000.0,58239500000.0,27702000000.0,12805000000.0,7761000000.0,7586000000.0,10706000000.0,13271000000.0,8787000000.0,,,,18.2799113314728,30.856085499539837,0.03240851792476765,21.863839398422307,0.045737620999546855,20.01078463633882,0.8832365995220212,4.388478637630924,3347000000.0,,0.05849711184710704,,,,8.461538461538462,-1.5406161640122649,0.8307063512840389,260.0,['coverage<80%'],True,0.7,,,,,,,,,,,,,,,,,,,,,,,,,
VZ,732712,Verizon,Communication Services,Integrated Telecommunication Services,Telecommunication Services,42.80082135523614,5.9986310746064335,1105122145.0150838,0.21499260770564432,-0.045050360636244124,0.18747409603965348,3.0,,,,,,0.14926598939335872,0.14646837431943582,0.08086757910339055,7,9,False,0.014976616276052734,-0.04462029513981125,-0.05589238762322879,False,,,0.14649915403722236,,,0.981463725478381,0.905582519915608,89.23076923076924,1.2794459563794676,1.1696879581713824,260.0,gm_derived,48.33000183105469,4154775202.0,200800293120.2806,337594293120.28064,241990000000.0,136794000000.0,38799000000.0,,,18451000000.0,135518000000.0,138895000000.0,28530000000.0,,,20348000000.0,46981000000.0,16606000000.0,21875899390.2439,0.23323170731707318,0.09040001400985123,11.832958048379973,,,16.591030721460616,0.06027353072805132,12.092032585829255,,2.8845277878291222,30664000000.0,12317000000.0,0.1776147774701434,8.0,0.09982526387355145,0.10240343971437954,83.07692307692308,1.1608757010569113,1.1239909275768,260.0,['coverage<80%'],True,0.6,,,,,,,,,,,,,,,,,,,,,,,,,
NKE,320187,"Nike, Inc.",Consumer Discretionary,"Apparel, Accessories & Luxury Goods",Consumer Durables and Apparel,37.79876796714579,5.9986310746064335,1029946245.2441769,-0.41230099738657944,-0.4778414674324326,-0.47018112511823096,10.0,0.43943336459472615,0.02738456314588682,0.07233247350111024,0.08038346642716286,0.35096976797054263,0.07184749068215826,0.08205951616356241,0.44480511866594485,7,9,False,0.008216289449518577,-0.1819645349191309,-0.2331522997876183,False,0.42913487650329757,0.03166084745032113,0.030303030303030304,0.9765641643962868,0.4377127715649758,0.4217688052194618,,58.84615384615385,0.1451409945008472,1.101365545980814,260.0,shares_was_proxy,36.36000061035156,1479800000.0,53805528903.19824,54692528903.19824,15752000000.0,887000000.0,2868000000.0,684000000.0,715000000.0,747000000.0,887000000.0,46398000000.0,,2184000000.0,1469000000.0,1406000000.0,,3108000000.0,,0.20307692307692307,,,37.2311292737905,0.02685924438783992,38.899380443241995,0.025707350312663666,17.31194623655027,0.7027027027027027,,240000000.0,103000000.0,0.021775012696800405,,,,44.230769230769226,-0.048361049008644054,0.9410975295529599,260.0,"['fcf_cagr5 gate', 'coverage<80%']",False,0.6,,,,,,,,,,,,,,,,,,,,,,,,,
PFE,78003,Pfizer,Health Care,Pharmaceuticals,Pharmaceuticals Biotechnology and Life Sciences,69.54140999315537,5.9986310746064335,991326684.7776706,0.25004620751796325,-0.028471049264299775,0.23089692869500467,10.0,0.6571327036422661,0.10285038180747899,0.19659039914300083,0.1407892875665991,0.630936162650095,0.15267229258772924,0.07628836814559857,0.8596777169307774,5,9,False,0.08482737844510346,-0.057109488132706554,-0.13617362986119574,False,0.731804194925898,0.1575923134890731,0.09215649334338107,1.1136322859443046,0.8016277202552484,0.6036229087895938,,75.38461538461539,0.1537202006229709,1.4109497336309431,260.0,gm_derived,27.639999389648438,5699673589.0,157538974521.15533,194949974521.15533,122601000000.0,37411000000.0,13401000000.0,2416000000.0,947000000.0,6584000000.0,37109000000.0,63696000000.0,,10985000000.0,10038000000.0,5870000000.0,,4334000000.0,,0.085565309380174,,,19.421196903880787,0.05149013240271395,33.211239271065644,0.030110288623623322,36.349555727077835,2.534610059990771,,71419000000.0,47053000000.0,0.9663216450110521,,,,59.61538461538461,0.1486340705634725,1.0930725964574095,260.0,"['fcf_cagr5 gate', 'coverage<80%']",False,0.6,,,,,,,,,,,,,,,,,,,,,,,,,
LIN,1707925,Linde plc,Materials,Industrial Gases,Materials,34.21492128678987,5.9986310746064335,984472308.5510836,0.02829191377233853,-0.1585141316221027,-0.02987500872555493,10.0,,,,,0.10785402155375838,0.16589333388187538,0.167072502587204,0.12651323207866239,7,9,False,0.04522316072101629,0.04782085172873507,0.19794058996486497,False,,0.14034246382126436,,,,,,27.307692307692307,-0.6747860091393142,0.8908969937340959,260.0,sbc_unreported,458.4800109863281,460980163.0,211350190196.71933,237081190196.71933,64812000000.0,25731000000.0,10489000000.0,5514000000.0,,,24195000000.0,35449000000.0,9378000000.0,4975000000.0,4975000000.0,,,7244000000.0,,,,25.280570505088434,47.65451059230539,0.020984372466967827,,,29.17589594101592,0.6867752622860298,,27927000000.0,11871000000.0,0.6140529531568228,,,,77.3076923076923,0.6663080625548568,1.1592979187054966,260.0,['coverage<80%'],True,0.5,,,,,,,,,,,,,,,,,,,,,,,,,
FCX,831259,Freeport-McMoRan,Materials,Copper,Materials,15.21697467488022,5.9986310746064335,920923334.7518467,0.7241680782377142,-0.07578926311557144,0.5934946501006868,9.0,0.31766252041894655,0.12812041396940582,0.09138574379433743,0.06768080443470414,0.8010065676543123,0.1674351315479975,0.1366339250319341,0.26714807590544587,6,9,True,0.12633189095015696,-0.33167314496480027,0.1847861813212779,False,0.25295957556321025,0.05760779189927545,0.14265352179593777,0.7963154583977884,0.630380511307334,0.8519927716307509,,96.92307692307692,1.999878782045058,1.6881099121996568,260.0,gm_derived,70.8499984741211,1436017523.0,101741839313.36115,121068839313.36115,39436000000.0,19327000000.0,5900000000.0,4295000000.0,150000000.0,2147000000.0,6382000000.0,25257000000.0,6923000000.0,1605000000.0,1455000000.0,3603000000.0,9070000000.0,,,,,17.48791554432488,83.2088242703513,0.012017956133485674,33.60223128319765,0.02975992848725009,,,0.703638368246968,0.0,433000000.0,0.010979815397099097,,,,71.53846153846153,0.4672009379753482,1.6074099217906344,260.0,"['fcf_cagr5 gate', 'coverage<80%']",False,0.7,,,,,,,,,,,,,,,,,,,,,,,,,
TJX,109198,TJX Companies,Consumer Discretionary,Apparel Retail,Consumer Discretionary Distribution and Retail,40.96646132785763,5.9986310746064335,911155192.0358865,0.017631309427508013,-0.24618912719669628,-0.08360317062361111,10.0,0.2953514981950169,0.04330860968845772,0.06277146286077358,0.07123846699787083,0.3052861646388147,0.07382035835871362,0.08568133427963094,0.31998750166112166,8,9,False,0.13439955145745608,0.042457671185629486,0.08307476574883577,False,0.3199813992271058,0.09064669756105383,0.10410018761124384,1.0833918269675615,1.444074957470837,1.4101826369548645,,19.615384615384617,-0.4081148246044329,0.7432582644731703,260.0,gm_derived,126.55000305175781,1099974061.0,139201720776.40442,147514720776.40442,18964000000.0,8313000000.0,8034000000.0,2158000000.0,223000000.0,1319000000.0,8313000000.0,62363000000.0,,5876000000.0,5653000000.0,6492000000.0,,6066706000.0,,0.24586699813548787,,,26.09494441471863,0.038321599161405324,22.7225386285281,0.044009167124684834,22.94518982400077,0.9685651488633206,,97000000.0,,0.005114954650917528,3.0,,,17.692307692307693,-0.2964672473322969,0.7081605251875112,260.0,['coverage<80%'],True,0.7,,,,,,,,,,,,,,,,,,,,,,,,,
RDDT,1713445,Reddit,Communication Services,Interactive Media & Services,Media and Entertainment,0.08487337440109514,2.4914442162902124,892746092.6502292,-0.42040991032000186,-0.3750817657968025,-0.42214913988734293,2.0,0.8803758874591268,0.032840777885715,-0.1734487804263477,-0.19902471755285145,1.7785038557564858,-0.17820374522317284,-0.20282369067421294,,3,3,False,,,,False,0.9144238194868783,0.2449462616334765,0.2416812231317164,1.0386743123167743,-1.4122109191623233,-1.3562073166815196,,,,,,shares_was_proxy;gm_derived,152.8300018310547,192345684.0,29396191237.915466,27930220237.915466,1819729000.0,-1465971000.0,1026095000.0,7446000.0,337984000.0,16519000.0,-1465971000.0,2778834000.0,784998000.0,1018649000.0,680665000.0,671592000.0,801517000.0,871374000.0,778861668.565011,0.007817002635661386,0.4280097028541124,35.579989041902614,41.033724722022534,0.024370198093747665,41.58807763927424,0.02404535282139699,33.73544682067111,1.1690146825588095,-1.828995517250414,42174000.0,10539000.0,0.02896750010578498,,,,,,,,"['tenure<1y', 'rev_cagr5 gate', 'fcf_cagr5 gate', 'coverage<80%']",False,0.7,,,,,,,,,,,,,,,,,,,,,,,,,
ETN,1551182,Eaton Corporation,Industrials,Electrical Components & Equipment,Capital Goods,69.54140999315537,5.9986310746064335,862130660.3425951,0.13183912798507214,-0.09313197360203529,0.10554109298167003,10.0,0.35521609428530854,0.06676608727887066,0.11372855930226111,0.12359889636144163,0.29934085140325606,0.10376229255899472,0.11631315744093809,0.37092037354345014,7,9,False,0.0897718296066381,0.0681711907707716,0.10196433944938676,False,0.35902218077666026,0.13101978285485913,0.12542463198561246,1.0107148480955221,1.1520394143624242,1.2087688975675002,,48.84615384615385,-0.01072121682200784,0.9974965459621021,260.0,sbc_unreported;gm_derived,409.4599914550781,388400000.0,159034260681.15234,161464260681.15234,22684000000.0,2430000000.0,4950000000.0,1016000000.0,,1184000000.0,2385000000.0,30026000000.0,,3934000000.0,3934000000.0,3766000000.0,,3829000000.0,,0.20477178423236514,,,41.04327927838138,0.024364524901077468,42.874206235037796,0.023324046969358858,41.53415008648533,1.0274223034734917,,20229000000.0,1215000000.0,0.9453359195909011,2.0,,,64.61538461538461,0.4121531859211833,1.0586232825279518,260.0,['coverage<80%'],True,0.7,,,,,,,,,,,,,,,,,,,,,,,,,
NEM,1164727,Newmont,Materials,Gold,Materials,57.21834360027378,5.9986310746064335,811055016.036617,0.6218579651052227,-0.05267570712701475,0.536425449933724,10.0,,,,,0.8779945174735306,0.169944167715495,0.16003927344133528,0.8579943940643354,6,9,False,0.14543267087660494,0.15312414918389394,0.2478785432756867,False,,0.37773120658206233,0.39135328132883146,,,2.302834434330217,,9.615384615384617,-0.6950066207100595,0.48841113238297384,260.0,sbc_unreported,124.38999938964844,1053692271.0,131068780946.56728,127417780946.56728,31592000000.0,-3651000000.0,12628000000.0,2895000000.0,,2544000000.0,-3822000000.0,25767000000.0,,9733000000.0,9733000000.0,10084000000.0,,8597000000.0,,0.39092613423322087,,,13.091316238217125,0.07638651315142224,12.635638729330353,0.0791412307221763,15.24587425224698,1.1321391182970804,,2658000000.0,62000000.0,0.08609774626487718,,,,9.230769230769232,-0.008017487271599713,0.6005294392405979,260.0,['coverage<80%'],True,0.4,,,,,,,,,,,,,,,,,,,,,,,,,
DASH,1792789,DoorDash,Consumer Discretionary,Specialized Consumer Services,Consumer Services,1.486652977412731,5.768651608487337,804621609.7467586,-0.15756342759014907,-0.28264878444465424,-0.2666139270539144,6.0,,,0.026347771988085883,0.0535031847133758,0.6079973363545961,-0.005229869702709372,0.010229132569558102,7.788594047184248,7,7,False,0.3658171522120788,,,False,,0.09319740733748663,0.0450569504751117,,3.5372025907780467,-8.61531033015404,,,,,,shares_was_proxy,194.55999755859375,434425000.0,84521726939.39209,80675726939.39209,6075000000.0,-3846000000.0,2830000000.0,235000000.0,1114000000.0,1000000000.0,-3846000000.0,15891000000.0,712000000.0,2595000000.0,1481000000.0,716000000.0,1712000000.0,841000000.0,687391705.0691245,0.03456221198156682,0.11315089795376534,113.30860525195519,54.473819675484194,0.018357442271485277,112.67559628406717,0.008875036236585726,100.50145890534137,3.0856123662306776,-2.246495327102804,5495000000.0,2005000000.0,1.2345679012345678,1.0,,,,,,,"['fcf_cagr5 gate', 'coverage<80%']",False,0.7,,,,,,,,,,,,,,,,,,,,,,,,,
COP,1163165,ConocoPhillips,Energy,Oil & Gas Exploration & Production,Energy,69.54140999315537,5.9986310746064335,774409241.0792542,0.5135115327505493,-0.030287611774652112,0.4946586493681331,6.0,0.525993993260456,0.10913166204623066,,,,0.24758594391369662,0.24102468983141667,0.3626674732797656,6,9,True,0.3055795231251637,0.3087348210945504,-0.04047568153846626,True,0.5729684614291803,,0.17971302741866743,1.0893060924090514,,0.7258611881509385,,85.0,0.8371213289363645,1.4738453031253407,260.0,gm_derived,133.19000244140625,1201337479.0,160006141760.96283,175111141760.96283,80454000000.0,15105000000.0,21925000000.0,,,11805000000.0,15105000000.0,56312000000.0,,,,10120000000.0,,9282000000.0,,0.3650294157887536,,,,,17.303472506023994,0.05779186805722736,17.23832598157324,,,0.0,745000000.0,0.009259949784970294,,,,77.3076923076923,0.6389222545728577,1.2107088652285771,260.0,['coverage<80%'],True,0.3,,,,,,,,,,,,,,,,,,,,,,,,,
DE,315189,Deere & Company,Industrials,Agricultural & Farm Machinery,Capital Goods,69.54140999315537,5.9986310746064335,735092198.5999305,0.3959508384240371,-0.011391034389775179,0.4782242010783333,11.0,,,0.12143306457006293,0.13019875667629804,0.22795050399230832,0.10577243399616294,0.11117677961649593,0.2733396521801118,7,10,False,0.0515001521854499,-0.017533470075129065,-0.007882567302485155,False,,0.12208490507054581,0.09865994206281391,,1.005367899614415,0.9327566581893441,,80.0,1.095193720136151,1.6585266822920048,260.0,gm_derived,685.6300048828125,269625412.0,184863272546.09033,225616272546.09033,68743000000.0,40753000000.0,7245000000.0,1224000000.0,163000000.0,2348000000.0,40746000000.0,47983000000.0,,6021000000.0,5858000000.0,4734000000.0,,4873000000.0,,,,,38.51421518369586,0.025964439239653206,47.65869720027257,0.02098252908168629,37.936234875044185,1.2355838292632875,,4466000000.0,940000000.0,0.07864073432931352,,,,82.3076923076923,1.2509653845933828,1.4868971583548185,260.0,['coverage<80%'],True,0.5,,,,,,,,,,,,,,,,,,,,,,,,,
ABNB,1559720,Airbnb,Consumer Discretionary,"Hotels, Resorts & Cruise Lines",Consumer Services,3.0006844626967832,5.768651608487337,695088942.0123272,0.47433880432903286,-0.12405638446189149,0.3061239883500395,3.0,0.8234615058430332,0.010689373180236656,,,,0.26334893269086407,0.2755873752142785,0.25409424258373203,5,6,False,0.29369366217901005,,0.22946885288142727,True,0.8290143627935254,,,1.0067433109029271,,,,,,,,shares_was_proxy;gm_derived;ev_or_ic_nonpos,165.92999267578125,592000000.0,98230555664.0625,88861555664.0625,-1570000000.0,-9369000000.0,4860000000.0,,1707000000.0,,-9369000000.0,13159000000.0,2738000000.0,,,,,2691277000.0,2190888492.4174843,0.19982158786797502,,32.45491441346329,,,,,36.49960805374642,,,754000000.0,16000000.0,-0.49044585987261147,2.0,5.061676468662535,1.3167269689405097,73.52941176470588,0.23495034455904645,1.0888195858464174,238.0,"['fcf_cagr5 gate', 'coverage<80%']",False,0.6,,,,,,,,,,,,,,,,,,,,,,,,,
SLB,87347,Schlumberger,Energy,Oil & Gas Equipment & Services,Energy,69.54140999315537,5.9986310746064335,646201909.1187791,0.5946012300020804,-0.09441830375511218,0.5496146581433923,10.0,,,0.11611447328736808,0.12498599753556626,0.2627975902396158,0.09300135544501179,0.0984093200403271,0.35687405703139424,6,9,False,0.08634313500805857,0.2127254286211202,0.12322119707675916,True,,0.12272452290601112,0.09412638178518397,,1.0569270085933562,1.0120968811130648,,46.53846153846154,-0.08716651490034455,0.9369256171374895,260.0,gm_derived,52.08000183105469,1484143231.0,77294182188.02742,88267182188.02742,37047000000.0,10973000000.0,6533000000.0,1727000000.0,343000000.0,2767000000.0,9793000000.0,36366000000.0,,4806000000.0,4463000000.0,3423000000.0,,3101000000.0,,0.19601837672281777,,,19.77754474300413,0.05056239351215363,25.78649786387012,0.03877998498590676,24.92556665205657,1.5498226378587552,,17001000000.0,4876000000.0,0.5905201500796285,3.0,0.14010324005706312,0.14993702716012994,48.46153846153846,-0.053513040766382074,0.9760044533156854,260.0,['coverage<80%'],True,0.7,,,,,,,,,,,,,,,,,,,,,,,,,
BMY,14272,Bristol Myers Squibb,Health Care,Pharmaceuticals,Pharmaceuticals Biotechnology and Life Sciences,69.54140999315537,5.9986310746064335,644190062.3797579,0.5598929847808432,-0.06222954560074512,0.46282155315214135,10.0,,,0.2735192820957631,0.26958627738523755,0.08626648406100176,0.10817118523959328,0.10523809523809524,0.48108327498397646,6,9,False,0.025378080148594995,-0.006922769238850601,0.2709022462419326,False,0.701581750904729,0.221343471719595,0.18405643882405562,,0.8092426611521283,1.7015292789515122,,20.0,-0.6675676556369124,0.5280075503799235,260.0,,62.84000015258789,2042714656.0,128364189294.73352,164524189294.73352,58479000000.0,36160000000.0,12782000000.0,1342000000.0,553000000.0,3176000000.0,36160000000.0,49186000000.0,,11440000000.0,10887000000.0,9053000000.0,,9282000000.0,,0.22115869017632242,,,15.11198578990847,0.06617264030699282,18.17344408425202,0.05502534331764545,13.829367517208954,1.2324929971988796,,21740000000.0,1802000000.0,0.40257186340395695,,,,97.6923076923077,2.325395542254456,1.3360114005191912,260.0,['coverage<80%'],True,0.5,,,,,,,,,,,,,,,,,,,,,,,,,
CVNA,1690820,Carvana,Consumer Discretionary,Automotive Retail,Consumer Discretionary Distribution and Retail,0.7392197125256673,5.9986310746064335,606936471.8488019,-0.10804045609720314,-0.30447281322047937,-0.1599683875294079,3.0,0.16376181191276745,0.2644106369821125,-0.04728620188879999,0.03902174982777286,,-0.027655317840001536,0.04556638126168684,,8,9,False,0.2946654403024904,,,False,0.1937105914278873,0.03320296911166094,0.04050602601963445,1.1828801181747608,-0.7021703538326528,-1.4646740367975535,,,,,,shares_was_proxy;share_jump_gt20pct,65.83999633789062,717691000.0,47252772811.73706,51293772811.73706,8069000000.0,4041000000.0,1120000000.0,191000000.0,97000000.0,8000000.0,2931000000.0,25058000000.0,2237000000.0,929000000.0,832000000.0,1015000000.0,2245000000.0,1568000000.0,,,,22.929715159471193,61.65116924487627,0.016220292530512034,50.53573676033208,0.01978797706546841,30.13569694626088,0.5924744897959183,1.3055679287305122,12000000.0,17000000.0,0.0035940017350353202,,,,,,,,"['tenure<1y', 'fcf_cagr5 gate', 'coverage<80%']",False,0.7,,,,,,,,,,,,,,,,,,,,,,,,,
ADP,8670,Automatic Data Processing,Industrials,Human Resource & Employment Services,Commercial and Professional Services,45.46748802190281,5.9986310746064335,586615123.8534687,-0.01670439361988607,-0.04695188937977135,-0.040612613449723334,,0.4505497437344613,0.029502281572005087,,,,0.18380128568638116,0.19086508033444,0.21054446594252485,9,9,False,0.07901405164575914,,0.1388984419535153,False,0.46416432014726117,,0.21017068080957196,1.030217698716135,,1.1434668698029933,,11.153846153846155,-1.1603840093178968,0.781269103360124,260.0,gm_derived,272.239990234375,397262737.0,108150803641.36108,109296103641.36108,7176500000.0,1145300000.0,5441200000.0,,242600000.0,585900000.0,1145300000.0,21947400000.0,,,,4612700000.0,,4413500000.0,,0.22979599671919446,,,,,23.694604817430374,0.04220370028135577,24.504543704851272,,,3284400000.0,1653300000.0,0.6880373441092454,,,,,,,,"['fcf_cagr5 gate', 'coverage<80%']",False,0.1,,,,,,,,,,,,,,,,,,,,,,,,,
PSX,1534701,Phillips 66,Energy,Oil & Gas Refining & Marketing,Energy,14.381930184804927,5.9986310746064335,577725704.1606886,0.9277050416761159,0.0,1.176456514321027,,0.10965243669007525,0.16640064475556476,,,,0.03071478156021267,0.034274316650723544,0.6142859649144061,4,9,False,0.15598169539945306,,,False,0.1309810931410884,,0.04033726103557276,1.1945114681883182,,1.3132849718138597,,64.63414634146342,0.051134428949476056,1.4222205812180297,246.0,gm_derived,274.2099914550781,399020916.0,109415521966.75745,128238521966.75745,50329000000.0,18823000000.0,8925000000.0,,,2787000000.0,17626000000.0,152167000000.0,,,,6138000000.0,,7093000000.0,,0.1981951576600833,,,,,20.89255815685198,0.04786393281724753,15.425845476773924,,,1433000000.0,977000000.0,0.047884917244530985,,,,,,,,"['fcf_cagr5 gate', 'coverage<80%']",False,0.1,,,,,,,,,,,,,,,,,,,,,,,,,
HCA,860730,HCA Healthcare,Health Care,Health Care Facilities,Health Care Equipment and Services,11.641341546885695,5.9986310746064335,562173998.3917949,0.07216118710077923,-0.2016636475658855,0.07376265255470704,10.0,,,0.0772589284349481,0.07477019390110902,0.22073630227103805,0.0977770616758424,0.09643927015250545,0.18866891898717986,9,9,False,0.07966065216727913,0.03755848171451159,0.07216758929977862,False,,0.09868042100853537,0.11804210085353721,,1.2772688284386982,1.2072576004061049,,8.60655737704918,-0.033303547955446836,0.8427903840728439,244.0,,429.0400085449219,221839800.0,95178149687.60376,148518149687.60376,47037000000.0,53340000000.0,12999000000.0,5072000000.0,389000000.0,3593000000.0,50015000000.0,76388000000.0,,7927000000.0,7538000000.0,9017000000.0,,6794000000.0,,0.2020016339869281,,,19.7025934846914,0.05075473951066311,16.47090492265762,0.06071311835601608,14.009147731469497,1.1667647924639388,,2701000000.0,,0.05742287986053533,,,,7.786885245901639,-0.06836665592902938,0.7906747711096842,244.0,['coverage<80%'],True,0.5,,,,,,,,,,,,,,,,,,,,,,,,,
TTWO,946581,Take-Two Interactive,Communication Services,Interactive Home Entertainment,Media and Entertainment,8.501026694045175,5.9986310746064335,551741506.6287813,-0.04476783222279035,-0.19410755615683806,-0.16037476582610422,7.0,0.5048075571903464,0.13348742202613095,-0.05711786125827408,-0.09223119485569015,,-0.052797938330684316,-0.0820576085534309,,8,9,False,0.14564420997425698,-0.11360433846070306,-0.3055733803152364,False,0.5604127720032902,-0.0019591714648919466,-0.006984221939729305,1.110151312160283,0.03430050463607198,0.1322820958649122,0.11748018626934786,,,,,,210.6199951171875,186980443.0,39381819991.669556,40640062991.669556,4866643000.0,1258243000.0,500200000.0,162700000.0,350600000.0,196300000.0,1245868000.0,6686500000.0,-161300000.0,337500000.0,-13100000.0,-46700000.0,35000000.0,-320400000.0,-143273653.52013257,0.11175664277661142,-0.029439934986012446,,,-0.00032234202005752924,,-0.0011491123921134822,,,35.59622857142857,1060900000.0,1653200000.0,0.5576944928978764,3.0,-0.25059489536827295,-0.2293079035745501,,,,,"['fcf_cagr5 gate', 'coverage<80%']",False,0.7,,,,,,,,,,,,,,,,,,,,,,,,,
WBD,1437107,Warner Bros. Discovery,Communication Services,Broadcasting,Media and Entertainment,4.438056125941136,5.9986310746064335,538398236.3072631,0.4769787558067813,-0.058038685713347804,0.46094153557057216,10.0,,,0.11356386721569989,0.09842069123369192,0.33697888390184927,-0.030102820924211036,-0.0564329493146156,,6,9,False,0.28437376883638876,0.05731335015126526,,False,,0.037851308320642395,-0.06825418801052194,,0.3333041507713781,2.2673685028510597,0.37952413454110395,,,,,gm_derived,28.239999771118164,2510703314.0,70902261012.70561,87982261012.70561,49918000000.0,17080000000.0,3423000000.0,1243000000.0,813000000.0,5075000000.0,15923000000.0,36115000000.0,-1272000000.0,2180000000.0,1367000000.0,-2465000000.0,3803000000.0,-3167000000.0,-1062721691.1331075,0.1645269723796324,-0.02128934835396265,,64.36156621265955,0.015537222893176047,,-0.02801701128871906,,,4.186957665001315,25861000000.0,27928000000.0,1.0775471773708882,2.0,-0.05609484724786832,-0.06122546636310646,98.84615384615385,3.3043186828119615,3.9319819491807344,260.0,['coverage<80%'],True,0.7,,,,,,,,,,,,,,,,,,,,,,,,,
JCI,833444,Johnson Controls,Industrials,Building Products,Capital Goods,16.060232717316907,5.9986310746064335,516958480.04683745,0.3238385694803698,-0.08187973106632462,0.30542230964725947,9.0,0.34991336453004573,0.023401079079083294,0.059447199025038734,0.058349379785947786,0.3573894084227978,0.04560536704960276,0.04495992118579553,0.45593610564014764,7,9,False,0.01120804194605829,0.008118576350585105,-0.004333029115990983,False,0.36561208202021855,0.10309826873490771,0.0854581917897925,1.0448645838699449,1.7342830347899731,1.8738626025494705,,42.30769230769231,-0.05625494051274511,0.9720346647637683,260.0,,141.05999755859375,610115603.0,86062905469.63995,95894905469.63995,23350000000.0,9832000000.0,3038000000.0,372000000.0,147000000.0,803000000.0,9807000000.0,24433000000.0,,2666000000.0,2519000000.0,2088000000.0,,3531000000.0,,0.17956903431763768,,,38.068640519904704,0.026268340196628152,45.92667886477009,0.02177383657425946,24.37352179825544,0.7550269045596149,,16547000000.0,3662000000.0,0.8654817987152035,,,,46.92307692307692,-0.04013457214497582,0.9858756440973198,260.0,['coverage<80%'],True,0.6,,,,,,,,,,,,,,,,,,,,,,,,,
CCL,815097,Carnival Corporation,Consumer Discretionary,"Hotels, Resorts & Cruise Lines",Consumer Services,27.73990417522245,5.9986310746064335,495472356.17505836,-0.14339866502846899,-0.3372679632652572,-0.261917916846502,7.0,-0.1734960737501054,4.282059953923919,-0.8943298352548883,0.04371787153244107,,,,,7,9,False,0.36611769802331207,,,False,0.4189154553110468,0.11339753212991102,,-2.4145529420707845,-0.12679609654036889,,,8.928571428571429,-0.18155614125275638,0.8072582607054108,168.0,gm_derived,22.170000076293945,1369649119.0,30365121072.725937,54308121072.72594,36911000000.0,23943000000.0,6794000000.0,3594000000.0,103000000.0,,23927000000.0,27311000000.0,4464000000.0,3200000000.0,3097000000.0,,,3069000000.0,4444675324.675324,0.004329004329004329,0.12041600944637978,12.165797731345416,17.535718783573113,0.05702646195129265,,,9.894141763677398,1.0426849136526557,,579000000.0,1180000000.0,0.04765517054536588,1.0,,,,,,,"['fcf_cagr5 gate', 'coverage<80%']",False,0.7,,,,,,,,,,,,,,,,,,,,,,,,,
DVN,1090012,Devon Energy,Energy,Oil & Gas Exploration & Production,Energy,26.050650239561943,5.9986310746064335,482570732.803116,0.47313075997551013,-0.05157852713574351,0.471196565886834,8.0,,,0.2061894746588305,0.17991183128797808,0.3514490681796659,0.22936933096718953,0.2039072806080784,0.3350264998902011,6,9,True,0.29142826541130273,0.01747897083552785,0.03371486295441217,True,,0.23123001167571958,0.2195542920960455,,1.1214443029079062,0.9572085822033982,,90.76923076923077,1.316088661957133,1.7438429070632113,260.0,gm_derived;share_jump_gt20pct,48.720001220703125,1100000000.0,53592001342.77344,65163001342.77344,53318000000.0,11571000000.0,8553000000.0,3859000000.0,139000000.0,4089000000.0,11571000000.0,19699000000.0,,4694000000.0,4555000000.0,4325000000.0,,3280000000.0,,0.2192919933475885,,,14.305818077447517,0.06990162985341296,15.06658990584357,0.06637201956443711,16.33902479962605,1.4310975609756098,,753000000.0,1466000000.0,0.041618215236880605,,,,91.15384615384615,0.23867271708501375,1.4161053553017555,260.0,['coverage<80%'],True,0.5,,,,,,,,,,,,,,,,,,,,,,,,,
URI,1067701,United Rentals,Industrials,Trading Companies & Distributors,Capital Goods,11.994524298425736,5.9986310746064335,475830751.4135291,0.17626889323532513,-0.13637297145245708,0.073494895369969,9.0,1.7589098525280948,0.06870009461928543,0.17891421700901577,0.19231426064613166,0.2802752519711112,1.3718345586735414,1.3039242219215155,0.11540007049391314,7,9,False,0.1313001839740795,-0.09199824733073192,0.15559181678464862,False,0.6199346081442584,,,0.3524538834399168,,,0.9760191692728603,72.3076923076923,0.5891190792786025,1.0889738968669556,260.0,,1002.530029296875,62646557.0,62805054624.55835,78732054624.55835,24895000000.0,15927000000.0,5279000000.0,,134000000.0,,15927000000.0,10093000000.0,4038000000.0,,,,,2507000000.0,3020968666.06983,0.25186511489107727,0.1213484099646447,19.49778470147557,,,,,25.051876595356344,,,7285000000.0,547000000.0,0.314601325567383,6.0,0.12432994533811252,0.12529217794238443,34.61538461538461,-0.033446600656135916,0.8928471393817623,234.0,"['fcf_cagr5 gate', 'coverage<80%']",False,0.7,,,,,,,,,,,,,,,,,,,,,,,,,
BKR,1701605,Baker Hughes,Energy,Oil & Gas Equipment & Services,Energy,9.19917864476386,5.9986310746064335,470091006.3811757,0.33744793693932884,-0.17588340277217374,0.2135505378744751,8.0,,,0.06235973613394001,0.06433780286991296,0.30914475451921003,0.061957810189492556,0.06970908805771191,0.41169617007879244,6,9,True,0.06019151313311255,0.1369045557927311,,False,,0.1055004508566276,0.10593327321911632,,1.6918039972142818,1.7097646429905873,,,,,,,56.564998626708984,992674071.0,56150607462.88461,57467607462.88461,21225000000.0,1317000000.0,4436000000.0,1308000000.0,203000000.0,1296000000.0,1141000000.0,27725000000.0,,3128000000.0,2925000000.0,2937000000.0,,3096000000.0,,0.1109846328969835,,,19.64704528645628,0.05089823866234744,19.566771352701604,0.05110705194916733,18.136501118502782,1.0103359173126616,,5566000000.0,3997000000.0,0.45055359246171967,1.0,,,,,,,['coverage<80%'],True,0.5,,,,,,,,,,,,,,,,,,,,,,,,,
OXY,797468,Occidental Petroleum,Energy,Oil & Gas Exploration & Production,Energy,69.54140999315537,5.9986310746064335,456551376.6620426,0.35000055701354316,-0.0839378913851303,0.31172621535291367,10.0,0.8828303408155032,0.022128418725598488,0.2668140235727488,0.2846319414550151,0.39677408420483845,0.18764150951829134,0.1976221928665786,0.5460864986904461,5,9,False,0.04716358074234517,0.23653087118924065,0.10831716102802247,True,0.846770346340998,0.25341093407117643,0.17436313328880831,0.9591541060525908,0.9497661729990818,0.9292354007193241,,77.16535433070865,0.1060668436466866,1.1980714891368884,254.0,sbc_unreported;gm_derived,59.290000915527344,999637371.0,59268500641.78535,80406500641.78534,62884000000.0,21138000000.0,10976000000.0,5664000000.0,,7321000000.0,12216000000.0,20962000000.0,,5312000000.0,5312000000.0,3655000000.0,,,,0.26720119336192427,,,15.136765934071036,0.06606431019383874,21.999042583251804,0.04545652367441276,,,,668000000.0,2387000000.0,0.048581515170790665,,,,51.92307692307693,0.20297962500651848,1.0633117943757786,260.0,['coverage<80%'],True,0.5,,,,,,,,,,,,,,,,,,,,,,,,,
CI,1739940,Cigna,Health Care,Health Care Services,Health Care Equipment and Services,50.217659137577,5.9986310746064335,445567971.68903244,-0.027990934745538154,-0.09242651127476398,-0.027912363474354995,4.0,0.285461010196494,0.1406729581316688,,,,0.03133816199868723,0.03070560575588477,0.23325439278674373,9,9,False,0.11376491684986534,,,False,0.20629501880431478,,0.026747455574363806,0.7226731898073009,,0.8535106677757383,1.1321915750892864,19.615384615384617,-0.4777842008016795,0.794493973649155,260.0,gm_derived,276.0,264240486.0,72930374136.0,108834374136.0,78524000000.0,35904000000.0,10277000000.0,,,2724000000.0,35614000000.0,282382000000.0,9957000000.0,,,7553000000.0,12681000000.0,,8048354091.908785,0.19168885287649035,0.10249546752469035,10.930438298282615,,,14.409423293525752,0.06939903003955103,,,2.8084535919880134,45534000000.0,47403000000.0,1.183548978656207,2.0,0.09052837857109775,0.08868275102459855,21.923076923076923,-0.5492524482923125,0.8356625681347162,260.0,"['fcf_cagr5 gate', 'coverage<80%']",False,0.7,,,,,,,,,,,,,,,,,,,,,,,,,
CTSH,1058290,Cognizant,Information Technology,IT Consulting & Other Services,Software and Services,19.835728952772072,5.9986310746064335,437060222.2943872,-0.05488374245047922,-0.26375253181258307,-0.0547309514091856,10.0,,,0.10021868444015392,0.10165740168828495,0.11782968269320332,0.08716611318275602,0.08945851348569075,0.14323059420281245,7,9,False,0.04856688163062173,-0.022047127468793892,-0.03015362478470396,False,,0.10674577221339811,0.09422591796692516,,1.0651284519419317,1.0809925385724986,,17.307692307692307,-0.7363986065889346,0.7605054558495017,260.0,,61.880001068115234,473869469.0,29323043247.8672,28920043247.8672,14665000000.0,-403000000.0,2757000000.0,287000000.0,185000000.0,555000000.0,-403000000.0,21406000000.0,3379000000.0,2470000000.0,2285000000.0,2017000000.0,3934000000.0,2229000000.0,,,,8.558757989898549,12.656474069088489,0.07901094685148904,14.338147371277739,0.0697440174177039,13.155245961358098,1.10812023328847,-0.10244026436197255,7681000000.0,953749000.0,0.588799795431299,,,,17.692307692307693,-0.8360042529950533,0.760483470655871,260.0,['coverage<80%'],True,0.7,,,,,,,,,,,,,,,,,,,,,,,,,
ECHO,1415404,EchoStar,Communication Services,Wireless Telecommunication Services,Telecommunication Services,0.49007529089664614,5.9986310746064335,436240259.4201822,0.19787492888566405,-0.3144355843467035,0.2981923588567299,7.0,,,0.007981082226128849,-0.02076159791566986,4.627877747986992,0.036737321139162026,0.046028943561078485,2.3018911670685407,4,9,False,0.5137390581525174,,,False,,-0.05245645791144693,-0.07302712413227173,,-6.572599608072257,-1.9878184328041475,15.927107162479329,,,,,ebitda_nonpositive;shares_was_proxy;gm_derived,94.08000183105469,290141000.0,27296465811.264038,28610736811.264038,15469369000.0,1314271000.0,-85317000.0,639864000.0,43512000.0,941305000.0,1267965000.0,14653925000.0,-16515821000.0,-725181000.0,-768693000.0,-1070134000.0,-15574516000.0,,-12518621711.09669,0.24202243950835442,-0.8092522526999446,,,-0.026867291292455138,,-0.037403231068788435,,,,0.0,493574000.0,0.03190653736425836,2.0,-0.050809744948935885,-0.009319415267764695,,,,,"['tenure<1y', 'fcf_cagr5 gate', 'coverage<80%']",False,0.5,,,,,,,,,,,,,,,,,,,,,,,,,
EOG,821189,EOG Resources,Energy,Oil & Gas Exploration & Production,Energy,25.87542778918549,5.9986310746064335,423649401.0636982,0.3652621834617955,-0.04952630957146287,0.2976457859174553,,,,,,,0.2882306800978,0.2886156719321454,0.1833550051690913,5,9,False,0.1545526335723717,,0.297050377806088,False,,,0.30637164212240064,,,1.0629390390309776,0.8318485428789568,55.769230769230774,0.09358558383937164,1.0330125504362193,260.0,,145.47000122070312,524529176.0,76303259873.0144,80490259873.0144,36051000000.0,4187000000.0,13358000000.0,,231000000.0,4847000000.0,4187000000.0,27026000000.0,8905000000.0,,,8280000000.0,13752000000.0,6876000000.0,6967544378.698224,0.21756941283568504,0.19326910151447182,9.03877146243845,,,9.721045878383382,0.10286958960081576,11.097041866348809,,0.3044648051192554,,,0.0,7.0,0.2323368877290858,0.22329124872282605,,,,,"['fcf_cagr5 gate', 'coverage<80%']",False,0.4,,,,,,,,,,,,,,,,,,,,,,,,,
ZTS,1555280,Zoetis,Health Care,Pharmaceuticals,Pharmaceuticals Biotechnology and Life Sciences,13.242984257357975,5.9986310746064335,423460175.3802562,-0.45693125877309926,-0.4917196125569546,-0.48983820984480453,10.0,0.7050023439006223,0.010626254265348538,0.20551837928721048,0.21579218106995884,0.20596901529622128,0.2211455872986224,0.2195216049382716,0.19884906966532398,9,9,False,0.0723886810840868,0.06414790435222728,0.07496930162906157,False,0.7153514763055584,0.2386256173163812,0.24261847220762844,1.0146795716276298,1.1610913736474322,1.0970984100171544,,0.7692307692307693,-2.2424459603305547,0.35666698284439896,260.0,gm_derived,73.0199966430664,413223602.0,30173586030.87581,37794586030.87581,10769000000.0,7621000000.0,2887000000.0,521000000.0,95000000.0,483000000.0,7621000000.0,9517000000.0,,2366000000.0,2271000000.0,2309000000.0,,2616000000.0,,0.20048899755501223,,,16.642265975726907,0.06008797128098546,16.368378532211263,0.06109340629141147,11.534245424646716,0.904434250764526,,2771000000.0,918000000.0,0.3425573405144396,,,,0.7692307692307693,-2.2473476749828905,0.3333552062392462,260.0,['coverage<80%'],True,0.6,,,,,,,,,,,,,,,,,,,,,,,,,
FANG,1539838,Diamondback Energy,Energy,Oil & Gas Exploration & Production,Energy,7.79192334017796,5.9986310746064335,414945414.14177525,0.5450392252509477,-0.06539483057834661,0.444001646878762,,,,,,,0.38989151420320384,0.38516992790937177,0.20034958824232252,7,9,False,0.4038245538628422,,0.09173495759527772,True,,,0.2821892176353643,,,0.723763424838974,0.12361404415894112,60.76923076923077,0.6494133264352455,1.491614638687398,260.0,,196.94000244140625,280024353.0,55147996763.473206,73397996763.4732,56150000000.0,18250000000.0,10143000000.0,,77000000.0,5240000000.0,12165000000.0,17102000000.0,1082000000.0,,,4826000000.0,6322000000.0,1350000000.0,887614718.6147187,0.17965367965367965,0.015807920189042184,67.83548684239668,,,15.20886795761981,0.06575111328381208,40.85036797294312,,1.9242328377095856,,7000000.0,0.00012466607301869992,3.0,0.12788126378841383,0.1527048785846811,,,,,"['fcf_cagr5 gate', 'coverage<80%']",False,0.4,,,,,,,,,,,,,,,,,,,,,,,,,
KHC,1637459,Kraft Heinz,Consumer Staples,Packaged Foods & Meats,Food Beverage and Tobacco,11.203285420944558,5.9986310746064335,400660211.3963994,0.01820971603444499,-0.029159053761109166,0.00011292655808947671,9.0,0.3310439732667877,0.039943543628061746,0.116731114307929,0.11804534550800898,0.3022762004822465,0.11620372264927503,0.12098583920142382,0.3106729305343735,4,9,False,-0.009679568109466907,-0.03314308432771251,-0.02226281767810001,False,0.3336947791164659,0.14943775100401607,0.1415261044176707,1.0080074131044274,1.2801878221586158,1.2179136880564785,-2.5881368230459483,18.846153846153847,-0.46871097066246403,0.7830899799904943,260.0,ebitda_nonpositive,24.729999542236328,1185823758.0,29325420992.512962,49424420992.51296,56105000000.0,20099000000.0,4621000000.0,805000000.0,95000000.0,1002000000.0,11668000000.0,24900000000.0,-3177000000.0,3816000000.0,3721000000.0,3524000000.0,-2175000000.0,-3396000000.0,-2504673625.058675,0.21162303271681623,-0.04464260983974111,,13.282564093661103,0.07528666851886184,14.025091087546244,0.071300784697788,,,,19714000000.0,32372000000.0,0.9283664557526067,0.0,0.01724893732132822,0.03658314644049438,13.461538461538462,-0.5573942376479216,0.7361704215309932,260.0,"['rev_cagr5 gate', 'coverage<80%']",False,0.7,,,,,,,,,,,,,,,,,,,,,,,,,
VEEV,1393052,Veeva Systems,Health Care,Health Care Technology,Health Care Equipment and Services,0.3668720054757016,5.9986310746064335,400215558.2293419,-0.10759931505457276,-0.109794785045645,-0.050541805367529724,4.0,0.7318139357563659,0.022003489322575096,,,,0.23784078015669374,0.2307203875018705,0.30953705770173723,9,9,False,0.16877526262793308,,0.22452973572986812,False,0.7496085998719527,,0.3348285676114442,1.0243158311780374,,1.4077845161408113,0.9663533014648779,,,,,,263.75,161908850.0,42703459187.5,41043763187.5,5771753000.0,-1659696000.0,1665459000.0,,494589000.0,13000000.0,-1659696000.0,3458098000.0,1034859000.0,,,1157870000.0,1047859000.0,1014772000.0,791140113.4020851,0.23550926899018595,0.13707102736414484,39.66121296476138,,,35.44764367977407,0.02821061983791566,42.081826447221644,,-1.583892489352098,492991000.0,55647000.0,0.09505569625034196,9.0,0.14184359608060665,0.11838183717958636,,,,,"['tenure<1y', 'fcf_cagr5 gate', 'coverage<80%']",False,0.6,,,,,,,,,,,,,,,,,,,,,,,,,
EMR,32604,Emerson Electric,Industrials,Electrical Components & Equipment,Capital Goods,61.46748802190281,5.9986310746064335,374355164.29057384,0.20696643053612984,-0.09664769534490503,0.13129117835848336,10.0,0.5135417468550725,0.08314553297598619,0.13952461461026325,0.1516693345529385,0.44913309322656053,0.09045917657825657,0.07906471529842214,0.8305953158788716,7,10,False,0.014255579608092983,0.00940870521967585,-0.09073397540951889,False,0.5107855763039278,0.17246190169564285,0.1170852114187594,0.994633015586321,1.2360679309337923,1.29434310423408,,43.96135265700483,-0.23689887238378482,0.9219704630957155,207.0,,147.39999389648438,557800000.0,82219716595.45898,93757716595.45898,31917000000.0,11538000000.0,3912000000.0,452000000.0,246000000.0,1484000000.0,11523000000.0,18636000000.0,,3460000000.0,3214000000.0,2182000000.0,,2577000000.0,,0.21402439024390243,,,29.171660421735837,0.03427984508056658,42.96870604741475,0.023272751078343583,31.90520628461738,1.3426464881645324,,18122000000.0,8686000000.0,0.8399285647147289,,,,31.153846153846153,-0.003662552824188059,0.9174841342361016,260.0,['coverage<80%'],True,0.6,,,,,,,,,,,,,,,,,,,,,,,,,
PCAR,75362,Paccar,Industrials,Construction Machinery & Heavy Transportation Equipment,Capital Goods,45.713894592744694,5.9986310746064335,373992779.5825571,0.349892098952052,-0.11598859324548283,0.20906158156778454,10.0,0.21312026350695662,0.08179084337974808,0.09951420451184875,0.09949498112584478,0.2758854591847002,0.10994467926782545,0.10746596673821575,0.2654207459493208,6,9,False,0.087176303639803,0.08551412442533901,0.07974037320182403,False,0.19988639550183707,0.132884907139108,0.14148074116149814,0.9379042246506627,1.335336073789204,1.2868357259640621,,93.46153846153847,1.314944807857882,1.3114268637496664,260.0,sbc_unreported;gm_derived,117.36000061035156,526364953.0,61774191205.34767,58554791205.34767,17101900000.0,-3219400000.0,4344700000.0,648400000.0,,409300000.0,-3219400000.0,27815800000.0,,3696300000.0,3696300000.0,3935400000.0,,2504200000.0,,0.21897514268783333,,,15.841460705393954,0.06312549193519155,14.878993547122954,0.06720884694471575,24.66823384927229,1.4760402523760083,,114200000.0,,0.006677620615253276,,,,90.76923076923077,1.3377875864974942,1.3037049032910828,260.0,['coverage<80%'],True,0.6,,,,,,,,,,,,,,,,,,,,,,,,,
CTVA,1755672,Corteva,Materials,Fertilizers & Agricultural Chemicals,Materials,7.293634496919918,5.9986310746064335,352728088.1899555,0.16261468884481545,-0.0845515340784243,0.16138910235489323,6.0,0.4293242650057961,0.05753334901292499,0.09487353968099595,0.09155429382540808,0.5436766798336031,0.05759475669929144,0.05429382540809084,0.8940444772692911,4,7,False,0.04124576663707025,0.12116853340175271,0.10373747652226784,True,0.49539636200314396,0.03531327195149338,-0.0017403997305187515,1.1538978864762182,0.3722141291474018,-0.030218023831675683,,,,,,sbc_unreported;gm_derived,81.52999877929688,667196000.0,54396489065.55176,55883489065.55176,26646000000.0,1487000000.0,1211000000.0,582000000.0,,1242000000.0,1243000000.0,17812000000.0,,629000000.0,629000000.0,-31000000.0,,1009000000.0,,0.30701200252684774,,,88.84497466701393,0.011255560640857235,,-0.0005547255641757937,53.91128747824753,0.6233894945490585,,10437000000.0,8006000000.0,0.6921489154094423,,,,92.72727272727272,2.0967045860917377,3.5513082395652344,220.0,['coverage<80%'],True,0.6,,,,,,,,,,,,,,,,,,,,,,,,,
CASY,726958,Casey's,Consumer Staples,Food Retail,Consumer Staples Distribution and Retail,0.44353182751540043,5.9986310746064335,343859842.4338191,0.5329006701756178,-0.32088221175251974,0.1141749128807521,9.0,,,0.029966808147086004,0.03275714501666616,0.25299711666247054,,,,6,9,False,0.15062751164414712,,,,,0.031266048143640986,,,1.0433559687163854,,,,,,,,607.4500122070312,36960167.0,22451453895.323914,24829739895.323914,6472199000.0,2378286000.0,1389195000.0,740269000.0,65116000.0,,2378286000.0,18672331000.0,,648926000.0,583810000.0,,,772813000.0,,,,,42.53051488553453,0.023512529831613203,,,29.051599669420565,0.8396934316581114,,1284216000.0,,0.19842035141379305,,,,69.61538461538461,0.45472221910243077,1.1127226277305868,260.0,"['tenure<1y', 'fcf_cagr5 gate', 'coverage<80%']",False,0.5,,,,,,,,,,,,,,,,,,,,,,,,,
GIS,40704,General Mills,Consumer Staples,Packaged Foods & Meats,Food Beverage and Tobacco,69.54140999315537,5.9986310746064335,342791019.5744384,-0.15676537524192535,-0.22674914612263763,-0.22659543980819963,10.0,0.3387463216533253,0.024006425581009714,0.11146351865482465,0.11295967485348907,0.17063175021946228,0.11581854733017574,0.11738835918015457,0.18400817425575708,6,9,False,0.0032621470033440403,-0.07886799785365306,-0.0774579963077463,False,0.33627324338113174,0.08395840343888063,0.08312799192384095,0.9926993206594151,0.7532366145633652,0.717743348022312,,85.0,0.9695066592602433,1.1293000085085145,260.0,gm_derived,36.65999984741211,533708396.0,19565749715.92256,33064549715.92256,20867200000.0,13498800000.0,2166200000.0,539900000.0,79400000.0,555200000.0,13486600000.0,18424600000.0,885800000.0,1626300000.0,1546900000.0,1531600000.0,1441000000.0,-85000000.0,,,,37.32733090530883,21.374716992645006,0.046784245159554524,21.58824086962821,0.046321513922279206,,,9.359195003469813,14122400000.0,244700000.0,0.6885015718448091,,,,78.07692307692308,0.713770195364887,1.086750184229122,260.0,"['fcf_cagr5 gate', 'coverage<80%']",False,0.7,,,,,,,,,,,,,,,,,,,,,,,,,
ITW,49826,Illinois Tool Works,Industrials,Industrial Machinery & Supplies & Components,Capital Goods,40.55304585900068,5.9986310746064335,338493106.4974741,0.10526462318325924,-0.09826061328336566,0.04739573201827474,10.0,0.4252634274778516,0.033547897792921416,0.15939481026372157,0.1644228371977063,0.16116792891027337,0.16649549566557253,0.17078035402642733,0.16694871283723092,6,9,False,0.04994811807277366,0.010362539523898429,0.019155623020066015,False,0.4416175845527962,0.17287024105895926,0.17778857246948812,1.0384565330998192,1.0845412141897364,1.0678281220688346,,47.69230769230769,-0.07716325545239609,0.9907809969409519,260.0,gm_derived,267.510009765625,284800000.0,76186850781.25,85284850781.25,11993000000.0,9098000000.0,3330000000.0,409000000.0,74000000.0,328000000.0,9097000000.0,16469000000.0,4364000000.0,2921000000.0,2847000000.0,2928000000.0,4692000000.0,,,,,19.54281640266957,29.956041721549,0.033382247537752825,29.127339747694673,0.03433200589762567,,,1.9388320545609548,5074000000.0,370000000.0,0.45393146001834406,,,,47.30769230769231,-0.08024660538871899,0.990758567367905,260.0,['coverage<80%'],True,0.7,,,,,,,,,,,,,,,,,,,,,,,,,
NUE,73309,Nucor,Materials,Steel,Materials,41.385352498288846,5.9986310746064335,337417662.64568627,0.8521737486211536,-0.027473095771665013,1.0157015351088594,9.0,0.21626547408283878,0.3636449480509451,0.09288134141876017,0.12260222230938386,0.8248173168319766,0.13109949754458042,0.143361576171915,0.5365106229265209,5,9,False,0.10039907578586948,,-0.024762322282568583,False,0.15470485582116844,0.03980499155148057,0.07659067615855517,0.7153469895148865,0.42855745775696513,0.5842179229749563,,81.92307692307692,1.8015797610534339,2.9325313887398896,260.0,gm_derived,265.1400146484375,226875676.0,60153820058.01416,63434128058.01416,25389308000.0,3280308000.0,4424000000.0,2841000000.0,146000000.0,1513000000.0,2123308000.0,36101000000.0,,1583000000.0,1437000000.0,2765000000.0,,2884000000.0,,0.20682095006090134,,,44.143443324992454,0.022653420863384153,22.941818465827907,0.04358852379071481,20.85777394521989,0.5488904299583911,,4289000000.0,2754000000.0,0.2774002347759931,,,,85.97285067873304,0.9317531166210131,4.7794400172413845,221.0,"['fcf_cagr5 gate', 'coverage<80%']",False,0.6,,,,,,,,,,,,,,,,,,,,,,,,,
APD,2969,Air Products,Materials,Industrial Gases,Materials,41.385352498288846,5.9986310746064335,334805362.5402268,0.0795482350725647,-0.08934086732900914,0.012390460729562847,7.0,,,-0.12132977792642055,-0.1175079365079365,,0.1567470470170756,0.14186507936507936,0.09548041657608015,4,9,False,0.06329887156173086,,-0.0442098329578996,False,0.3205630762882671,-0.02783640951579883,0.23626827061941566,,0.22942768042219605,1.5073219886156914,-0.22650696748443516,2.307692307692308,-1.5725847007987923,0.7192441322262804,260.0,,286.1199951171875,222685530.0,63714782756.26831,69937782756.26831,20106800000.0,6223000000.0,4570800000.0,4872200000.0,49400000.0,1543900000.0,3510400000.0,12602200000.0,-593100000.0,-301400000.0,-350800000.0,2977500000.0,950800000.0,-47300000.0,-479048800.408176,0.19229674522310566,-0.023825213380954502,,,-0.005015886780719523,23.488759951727392,0.04257355441731009,,,3.692048801009676,957400000.0,258400000.0,0.06046710565579804,8.0,0.10518534438721712,0.12863653421506022,,,,,"['fcf_cagr5 gate', 'coverage<80%']",False,0.6,,,,,,,,,,,,,,,,,,,,,,,,,
DHI,882184,D. R. Horton,Consumer Discretionary,Homebuilding,Consumer Durables and Apparel,21.240246406570844,5.9986310746064335,328106250.0115206,-0.10795823171366703,-0.187968085186197,-0.15588255722531774,10.0,0.27140711799274053,0.0951791906209741,0.055938868370035665,0.05180237708348052,0.7259600536854297,0.05737727281397449,0.053927296244164626,0.7460198360873915,8,9,False,0.11016221220279032,,,False,0.22611694152923534,0.09189805097451274,0.09304347826086956,0.833128265763772,1.6428299973214877,1.6216085864263734,,19.913419913419915,-0.13399787633765095,0.8165076044958143,231.0,gm_derived,140.3800048828125,279701267.0,39264465227.18884,37772765227.18884,22327800000.0,-1491700000.0,3352600000.0,150400000.0,137400000.0,112200000.0,-2078700000.0,33350000000.0,,3202200000.0,3064800000.0,3103000000.0,,3052900000.0,,0.2444829606483742,,,12.324708048547652,0.08113782460898458,12.172982670702172,0.08214913526549177,12.861366316351287,1.0489043204821644,,163500000.0,,0.007322709805713057,,,,18.614718614718615,-0.1234596349641638,0.8120444937311604,231.0,"['fcf_cagr5 gate', 'coverage<80%']",False,0.6,,,,,,,,,,,,,,,,,,,,,,,,,
FOXA,1754301,Fox Corporation (Class A),Communication Services,Broadcasting,Media and Entertainment,7.501711156741957,5.9986310746064335,327292228.27353317,0.13619630031427765,-0.11726453606597675,0.08194072169532096,10.0,,,0.11024009069158129,0.10050071530758226,0.3345550208636239,0.13083878711876776,0.12195994277539342,0.2872880439161257,8,9,False,0.05816323382679833,-0.07390453775549266,-0.05807301381284713,False,,0.07801004320915567,,,0.7076376907871418,,,,,,,shares_was_proxy,64.9800033569336,424000000.0,27551521423.339844,31014521423.339844,15091000000.0,3463000000.0,1970000000.0,502000000.0,132000000.0,,3363000000.0,17126000000.0,,1468000000.0,1336000000.0,,,,,0.24187884108867427,,,23.214462143218444,0.043076595694125364,,,,,,3647000000.0,2870000000.0,0.4318467961036379,,,,98.07692307692307,2.7472603676416543,1.6142646148774744,260.0,"['fcf_cagr5 gate', 'coverage<80%']",False,0.4,,,,,,,,,,,,,,,,,,,,,,,,,
IQV,1478242,IQVIA,Health Care,Life Sciences Tools & Services,Pharmaceuticals Biotechnology and Life Sciences,9.05407255304586,5.9986310746064335,314914571.8029973,0.38777911350364525,0.0,0.4391624862974901,10.0,,,0.11407117266726204,0.11060698957694666,0.16355347202582649,0.07911238849483127,0.07743715511955855,0.22694070968696273,9,9,False,0.07503541699279603,0.08837342636672774,-0.04332664602101821,True,,0.1127946127946128,0.07798220298220299,,0.9888090931056448,0.9857141778407801,,61.15384615384616,0.23092258635477672,1.0855050074379613,260.0,gm_derived,269.44000244140625,166900000.0,44969536407.4707,59370536407.4707,20622000000.0,14401000000.0,2704000000.0,588000000.0,240000000.0,1167000000.0,14273000000.0,16632000000.0,2200000000.0,2116000000.0,1876000000.0,1297000000.0,3367000000.0,1385000000.0,,,,26.98660745794123,31.647407466668817,0.03159816490665797,45.77527864878235,0.02184585281659669,32.46897935557452,1.527797833935018,4.239085239085239,16544000000.0,4962000000.0,1.0428668412375133,,,,56.92307692307692,0.23722506776171945,1.058691870672144,260.0,['coverage<80%'],True,0.7,,,,,,,,,,,,,,,,,,,,,,,,,
ROP,882835,Roper Technologies,Information Technology,Electronic Equipment & Instruments,Technology Hardware and Equipment,16.736481861738536,5.9986310746064335,308170093.83657604,-0.17678315498997388,-0.2584887903223956,-0.25081049449132187,3.0,0.697245642258544,0.006485145223274085,,,,0.16694986017808455,0.18718637702742077,0.5271671337254958,7,9,False,0.1446055560688868,0.12686829535166222,0.0978888548288519,False,0.6952525874666377,,0.18778305133871961,0.9971415313755847,,1.1247871135586003,1.160480892192626,7.172995780590717,-0.4258023852149017,0.6445103341702936,237.0,,374.760009765625,98900874.0,37064092506.06885,48252092506.06885,29888300000.0,11188000000.0,2669100000.0,,191800000.0,922400000.0,11188000000.0,8280300000.0,2315600000.0,,,1554900000.0,3238000000.0,2504000000.0,1948705249.0086699,0.15844478795617986,0.06519960148314458,20.83783576872899,,,31.032280214849088,0.03222450922318933,14.801953876225578,,3.455219271155034,21330700000.0,3475218000.0,0.8299541292077501,0.0,0.05618326154423422,0.05765566815566838,8.076923076923077,-0.6042714113755825,0.6180841361401359,260.0,['coverage<80%'],True,0.7,,,,,,,,,,,,,,,,,,,,,,,,,
WAT,1000697,Waters Corporation,Health Care,Life Sciences Tools & Services,Pharmaceuticals Biotechnology and Life Sciences,24.709103353867214,5.9986310746064335,302224774.24232835,0.365041442723677,0.0,0.42825807888662726,3.0,,,0.16162507159176795,0.15344047899621077,0.1359325541666642,0.15899112526347906,0.1477474767459545,0.16060642392622507,6,9,False,0.059992904419617465,,-0.08980564477311936,False,0.7224907622308796,,-0.029392265574046526,,,-0.18486733473543165,0.04184527722517189,,,,,,429.7200012207031,98248111.0,42219178378.851776,47133244378.851776,20109066000.0,4914066000.0,549861000.0,,73152000.0,613214000.0,4914066000.0,4644249000.0,328630000.0,,,-136505000.0,941844000.0,166137000.0,265940586.02045783,0.1907598636142231,0.013224909899865953,143.4234378445418,,,,-0.00289615115188736,254.1226721251243,,5.2174946169429335,9421000000.0,13923000.0,0.46918752964458915,10.0,0.31604307049280467,0.22313148652953216,,,,,"['fcf_cagr5 gate', 'coverage<80%']",False,0.6,,,,,,,,,,,,,,,,,,,,,,,,,
ADM,7084,Archer Daniels Midland,Consumer Staples,Agricultural Products & Services,Materials,69.54140999315537,5.9986310746064335,284734171.80956656,0.34057070293120995,0.0,0.47062096916456664,5.0,0.21512458130186216,0.3667630457113621,0.0916339048133175,0.0728827066579729,0.46391194824264026,0.1015342051801266,0.0834238933565167,0.40633313289296435,4,9,True,-0.17259424658437517,-0.06175838461230476,-0.06316894759314584,True,0.2256361017762842,0.06112978076492239,0.058289326292206754,1.048862479642307,0.6671087616473392,0.5740856117285664,,87.05882352941177,1.5087177807703536,3.006469979825132,255.0,,88.08999633789062,481959583.0,42455817901.48129,50311817901.48129,31436000000.0,7856000000.0,2795000000.0,1118000000.0,149000000.0,1189000000.0,7849000000.0,24996000000.0,,1677000000.0,1528000000.0,1457000000.0,,1770000000.0,,0.15083532219570406,,,32.92658239625739,0.03037059807681909,34.53110356999402,0.028959398820631817,23.986337797447057,0.9474576271186441,,4653000000.0,1845000000.0,0.20670568774653264,,,,81.17647058823529,0.4041607618835756,2.5727814805900904,255.0,"['rev_cagr5 gate', 'fcf_cagr5 gate', 'coverage<80%']",False,0.6,,,,,,,,,,,,,,,,,,,,,,,,,
CNC,1071739,Centene Corporation,Health Care,Managed Health Care,Health Care Equipment and Services,10.469541409993155,5.9986310746064335,284174690.118779,1.0465846933023069,-0.011199559820141425,1.1120553197135314,9.0,0.11445106008136907,0.14674413594193672,0.02645559228842089,0.026207165439088683,0.6531658957342503,0.022997002607396455,0.022604951560818085,0.8068496953233133,9,9,False,0.10958333315636093,,,False,0.09050964148778372,0.04878117041224707,0.0462735439814167,0.7908152307495957,1.8438888035630054,2.0121554435330578,24.55577613976432,2.564102564102564,-0.4540787811588952,0.3038125055317696,234.0,ebitda_nonpositive,67.0999984741211,493995000.0,33147063746.22345,23028063746.22345,12443000000.0,-10119000000.0,9749000000.0,798000000.0,236000000.0,1246000000.0,-10191000000.0,178655000000.0,-5640000000.0,8951000000.0,8715000000.0,8267000000.0,-4394000000.0,-5100000000.0,-4203888960.863721,0.2546296168681346,-0.33785172071556063,,2.6423481062792256,0.3784512712854219,2.785540552343468,0.3589967481028781,,,,10835000000.0,4530000000.0,1.2348308285783172,0.0,-0.013758543765532278,0.037621047825129456,2.3904382470119523,-0.011993140627426888,0.29454767652590497,251.0,"['fcf_cagr5 gate', 'coverage<80%']",False,0.7,,,,,,,,,,,,,,,,,,,,,,,,,
DOW,1751788,Dow Inc.,Materials,Commodity Chemicals,Materials,7.4661190965092405,5.9986310746064335,280443423.4014913,0.42857511677045035,-0.27208764258463836,0.31739025520365316,6.0,,,0.045273807913581855,0.06364573528752633,1.1437665385332243,0.03440303114160255,0.05793106539375196,1.2805699115311064,4,9,False,0.00729257790550264,,,False,0.06361394320002034,-0.005898655004957921,-0.01967913350791996,,-0.130288466484136,-0.572017431455991,,,,,,sbc_unreported,29.489999771118164,720741438.0,21254664841.655376,37162664841.65538,31157000000.0,15908000000.0,2065000000.0,2297000000.0,,2839000000.0,14394000000.0,39331000000.0,,-232000000.0,-232000000.0,-774000000.0,,,,0.2562482955352814,,,,-0.006242824646416442,,-0.020827354639337613,,,,7947000000.0,2466000000.0,0.33421061077767433,,,,,,,,"['fcf_cagr5 gate', 'coverage<80%']",False,0.3,,,,,,,,,,,,,,,,,,,,,,,,,
CLX,21076,Clorox,Consumer Staples,Household Products,Household and Personal Products,57.46748802190281,5.9986310746064335,250097477.32219753,-0.08217582018299685,-0.3152173044524226,-0.2687688302632588,10.0,0.4138854364302942,0.08178782435313346,0.09184911660592388,0.09572072072072071,0.26407414894349174,0.09504132857144602,0.09586148648648649,0.3286543568375744,7,9,False,0.011145867999568182,-0.10045182122408514,-0.12344687068014382,False,0.43846153846153846,0.046449704142011834,0.042011834319526625,1.0593789968625371,0.5057174838306069,0.4420375319979329,,88.07692307692308,1.57195276687597,1.4392830550295306,260.0,,85.0,120921351.0,10278314835.0,12383314835.0,2038000000.0,2105000000.0,576000000.0,196000000.0,66000000.0,226000000.0,1946000000.0,6760000000.0,,380000000.0,314000000.0,284000000.0,,756000000.0,,0.22064777327935223,,,39.437308391719746,0.02535670005841372,43.60322125,0.022934085403151262,13.595654543650793,0.5026455026455027,,1229000000.0,929000000.0,1.0588812561334642,,,,87.6923076923077,1.14440347959828,1.2802550808311464,260.0,"['fcf_cagr5 gate', 'coverage<80%']",False,0.6,,,,,,,,,,,,,,,,,,,,,,,,,
MTD,1037646,Mettler Toledo,Health Care,Life Sciences Tools & Services,Pharmaceuticals Biotechnology and Life Sciences,10.03148528405202,5.9986310746064335,247102130.9791692,0.10245027037303212,-0.05028553514629952,0.11445253162389823,10.0,0.5917680916443541,0.009225112683172115,0.20782799755957995,0.21023795499108375,0.05833703385392214,0.21668198618955622,0.2210229885984943,0.04739977308256945,8,9,False,0.05469611164747934,0.06065448604980528,0.056578812967068126,False,0.6025641800973662,0.2034744640319313,0.2105213631278159,1.0182437826666404,0.9790522279059126,0.9715683653723254,,46.15384615384615,-0.047123302683469884,0.9923809676291772,260.0,,1410.43994140625,20036559.0,28260363101.94287,30450424101.94287,2202884000.0,2190061000.0,975167000.0,111198000.0,22831000.0,82067000.0,2190061000.0,4133875000.0,,863969000.0,841138000.0,870269000.0,,905611000.0,,0.1747411529061407,,,36.201460523651136,0.027623194908025325,34.98966882876774,0.02857986467073452,31.205852294133873,0.9540177846779688,,735214000.0,266258000.0,0.45461858182273784,,,,48.46153846153846,-0.019632946935744033,0.9964734944213761,260.0,['coverage<80%'],True,0.6,,,,,,,,,,,,,,,,,,,,,,,,,
LUV,92380,Southwest Airlines,Industrials,Passenger Airlines,Transportation,32.21629021218344,5.9986310746064335,230718447.51146978,0.2579657385471046,-0.24655796277964392,0.26260584882180926,5.0,,,,,,,,,8,9,False,0.2540541822088387,,0.06574263385622459,False,,-0.01519635553486516,,,,,-0.09658344782714115,,,,,sbc_unreported,40.34000015258789,489208201.0,19734658902.987247,19839658902.987247,7187000000.0,105000000.0,2528000000.0,2985000000.0,,,105000000.0,30073000000.0,1041000000.0,-457000000.0,-457000000.0,,,837000000.0,816604498.5941893,0.2155576382380506,0.11362244310479884,19.058269839565078,,-0.02303467021457661,,,23.57784815171714,-0.5459976105137395,,970000000.0,166000000.0,0.1580631696117991,2.0,-1.1764173433542462,0.04195076023720525,,,,,"['fcf_cagr5 gate', 'coverage<80%']",False,0.6,,,,,,,,,,,,,,,,,,,,,,,,,
LEN,920760,Lennar,Consumer Discretionary,Homebuilding,Consumer Durables and Apparel,20.955509924709105,5.9986310746064335,220877717.95876464,-0.3027630630393272,-0.3833965316535224,-0.3614136532790242,10.0,,,0.07470777770040757,0.08599052231503557,0.6262216899608015,0.07495030370702446,0.08522452592040095,0.6553815228121059,8,9,False,0.08737305172284682,-0.6309724733073294,,False,,0.017640127518405265,0.018506327733542556,,0.23612170059649665,0.24691464634863264,,89.63963963963964,0.3497463165295889,2.9789975113387586,222.0,shares_was_proxy,79.69999694824219,240776000.0,19189846465.20996,23036151465.20996,25466943000.0,3846305000.0,882991000.0,166218000.0,139284000.0,137861000.0,3701217000.0,32737235000.0,,716773000.0,577489000.0,605846000.0,,1615359000.0,,0.25127022029940843,,,39.890199579922665,0.025068814158135097,38.02311390222921,0.026299792346606628,11.879617140963687,0.44372365523700924,,3632058000.0,0.0,0.14261853101096586,5.0,,,89.63963963963964,0.35400590795671627,3.099314411594998,222.0,"['fcf_cagr5 gate', 'coverage<80%']",False,0.6,,,,,,,,,,,,,,,,,,,,,,,,,
BIIB,875045,Biogen,Health Care,Biotechnology,Pharmaceuticals Biotechnology and Life Sciences,22.847364818617386,5.9986310746064335,216618562.6049281,0.5212631493283992,-0.008060493431769511,0.5371930038719845,10.0,,,0.18102490432611182,0.17794673730612906,0.40330897854311304,0.14354886883199214,0.11464420763148848,0.5759831468178508,4,9,False,-0.059551646346515,-0.11628194195307018,-0.20516542437657026,False,0.7548755207599573,0.21425121259081853,0.1505323324008292,,1.183545509323128,1.048648684072951,,46.15384615384615,-0.05062541473072588,0.9639858217147745,260.0,,219.0500030517578,147637117.0,32339910929.402725,35597810929.402725,21909600000.0,3257900000.0,2590800000.0,167900000.0,293800000.0,801100000.0,3257900000.0,9937400000.0,,2422900000.0,2129100000.0,1495900000.0,,1372000000.0,,0.15471349353049907,,,16.719651932461005,0.05980985752810511,23.79691886449811,0.04202224690070567,23.571363651168166,1.7659620991253644,,6488700000.0,7318500000.0,0.6301895059699858,,,,38.84615384615385,-0.1661201407445102,0.8835692839881694,260.0,"['rev_cagr5 gate', 'fcf_cagr5 gate', 'coverage<80%']",False,0.5,,,,,,,,,,,,,,,,,,,,,,,,,
IT,749251,Gartner,Information Technology,IT Consulting & Other Services,Software and Services,9.453798767967145,5.9986310746064335,212819796.99466482,-0.23592970590097728,-0.288878769904345,-0.2675221641947735,,0.6875238355263287,0.008255360190949003,,,,0.1652320313068053,0.1495494942699265,0.12063444697322256,8,9,False,0.09648191203252598,,0.08483153810077826,False,0.700840828352383,,0.16146494243324103,1.019369499845572,,0.9772012191354744,1.3768893876670023,8.076923076923077,-1.4858146411767652,0.4229320849601278,260.0,,187.8000030517578,63148976.0,11859377885.51538,13700255885.51538,1673533000.0,1840878000.0,1382615000.0,,149542000.0,189424000.0,1840878000.0,6463626000.0,1115195000.0,,,1043649000.0,1304619000.0,775120000.0,839196273.1619874,0.2474892075717813,0.5014518824319493,12.285076498294362,,,13.12726394172311,0.07617733630095185,15.300054037459207,,1.4110464434444079,2738631000.0,294434000.0,1.8123723882349496,6.0,0.3641918420778941,0.39126344838939947,,,,,"['fcf_cagr5 gate', 'coverage<80%']",False,0.5,,,,,,,,,,,,,,,,,,,,,,,,,
DGX,1022079,Quest Diagnostics,Health Care,Health Care Services,Health Care Equipment and Services,23.76728268309377,5.9986310746064335,210451850.0560493,0.35446135605604456,0.0,0.3714205133582751,10.0,,,0.11417611372192123,0.11517897598550068,0.27998009672808366,0.11058850715893935,0.11128228364295424,0.32334111821480077,7,9,False,0.03178135709578789,-0.030543100079809316,-0.045135800771224366,False,0.3311418685121107,0.10908304498269897,0.10683391003460208,,0.955392870074151,0.9660489392542291,,75.38461538461539,0.5046508751060513,1.1567662062607462,260.0,,247.4499969482422,110373360.0,27311887595.167236,33392887595.167236,13597000000.0,6081000000.0,1903000000.0,554000000.0,88000000.0,580000000.0,5778000000.0,11560000000.0,1630000000.0,1349000000.0,1261000000.0,1235000000.0,2210000000.0,1062000000.0,,,,20.48643410746456,26.48127485738877,0.037762532407724377,27.038775380702216,0.03698392349210119,25.71740828170173,1.2702448210922788,2.61447963800905,9112000000.0,879000000.0,0.7347944399499889,,,,84.23076923076923,0.46622576987185005,1.1421909750993893,260.0,['coverage<80%'],True,0.7,,,,,,,,,,,,,,,,,,,,,,,,,
TKO,1973266,TKO Group Holdings,Communication Services,Movies & Entertainment,Media and Entertainment,1.486652977412731,5.9986310746064335,209536280.77094093,-0.028367930080748893,-0.14421565826253624,-0.04378639764970882,,,,,,,0.10652544871729985,0.08584153069222807,1.0243372819308199,3,4,False,,,0.21420901373914703,True,,,0.21378768180166105,,,2.006916510335635,,,,,,shares_was_proxy,189.3000030517578,74797769.0,14159217899.964676,18520309899.964676,7757024000.0,4361092000.0,1795136000.0,,134303000.0,527360000.0,4361092000.0,5301863000.0,997631000.0,,,1133473000.0,1524991000.0,580442539.0,876309989.7844464,0.12160910217861476,0.11296986960262677,18.564288699894725,,,16.33943631649336,0.06120162168572362,24.3938322031988,,2.859749336225591,8445011000.0,3120324000.0,1.4909500086631162,1.0,,,,,,,"['rev_cagr5 gate', 'fcf_cagr5 gate', 'coverage<80%']",False,0.3,,,,,,,,,,,,,,,,,,,,,,,,,
NVR,906163,"NVR, Inc.",Consumer Discretionary,Homebuilding,Consumer Durables and Apparel,6.978781656399726,5.9986310746064335,198967560.69996244,-0.21448483424906806,-0.2367045756335595,-0.2288497622081771,10.0,,,0.13260168065937378,0.1302961392689664,0.18513144297838577,0.13295898615221685,0.13011872941925645,0.19010515522886295,7,9,False,0.06495299325159976,0.03824376104954341,0.03807186415746644,False,,0.10293968266227554,0.10230554868801532,,0.7763075260464175,0.7694519313714665,,73.46153846153847,0.6287084280867558,1.1505337527916573,260.0,,6242.22998046875,2664860.0,16634668985.751953,16037524985.751953,2794052000.0,-597144000.0,1066590000.0,20169000.0,65454000.0,26212000.0,-597144000.0,9529532000.0,,1046421000.0,980967000.0,974924000.0,,1141320000.0,,,,,16.348689594809972,0.061166981867308706,16.450025833554157,0.060790178089583105,14.574938655023967,0.9168515403217328,,441000.0,1813000.0,0.0008067136903679674,,,,71.53846153846153,0.575815356173839,1.139689583739474,260.0,['coverage<80%'],True,0.5,,,,,,,,,,,,,,,,,,,,,,,,,
PHM,822416,PulteGroup,Consumer Discretionary,Homebuilding,Consumer Durables and Apparel,42.38466803559206,5.9986310746064335,195746682.54529607,-0.015798948020184667,-0.16100232040556461,-0.09132796263526743,10.0,,,0.08140523789487442,0.0840008469405665,0.40652268284506815,0.08255473952124977,0.08563962121697559,0.4068468953315719,8,9,False,0.09422398249785235,0.0025988733351183235,0.0021879655970853396,False,,0.0886438266026195,0.08884032718566062,,1.0889204293843218,1.076138422831471,,60.76923076923077,0.01392317578369848,1.0573419878465218,260.0,,118.83999633789062,187452540.0,22276859167.128296,20985050167.128296,11721922000.0,-1291809000.0,1626318000.0,113875000.0,58057000.0,110651000.0,-1291809000.0,16407076000.0,,1512443000.0,1454386000.0,1457610000.0,,1906446000.0,,,,,14.428803747511525,0.06930581477847503,14.396889543244281,0.06945944795896893,11.685019752528158,0.7933311512626111,,40377000.0,49585000.0,0.007674679971424481,,,,58.94308943089431,0.2131369750016214,1.0682351567529902,246.0,['coverage<80%'],True,0.5,,,,,,,,,,,,,,,,,,,,,,,,,
DD,1666700,DuPont,Industrials,Industrial Conglomerates,Capital Goods,7.293634496919918,5.9986310746064335,189742490.77616248,0.4295824350154238,-0.14000544675662596,0.33342081571806625,7.0,,,0.05087839341330548,0.05121890417654004,0.46632508154244795,0.01712376314178441,0.011013543682095549,1.5796976166547658,5,9,False,-0.09250966195399901,-0.3992474461837586,,False,0.23422897196261683,0.07272196261682243,0.008177570093457943,,1.4293289889496494,0.47755683290803713,,,,,,share_jump_gt20pct,128.4600067138672,135042975.0,17347621475.1606,25112621475.1606,21534000000.0,7765000000.0,429000000.0,146000000.0,34000000.0,367000000.0,7653000000.0,3424000000.0,,283000000.0,249000000.0,28000000.0,,922000000.0,,0.2328859368543487,,,100.85390150666908,0.00991533282362779,896.8793383985928,0.0011149771849862575,18.815207673709978,0.306941431670282,,7840000000.0,2789000000.0,0.4935915296740039,,,,,,,,"['rev_cagr5 gate', 'fcf_cagr5 gate', 'coverage<80%']",False,0.4,,,,,,,,,,,,,,,,,,,,,,,,,
INCY,879169,Incyte,Health Care,Biotechnology,Pharmaceuticals Biotechnology and Life Sciences,9.552361396303901,5.9986310746064335,188412901.63628834,0.4770599718207036,-0.0014865410816130575,0.47486426149258576,5.0,0.9347004003410522,0.009181738019249925,,,,0.12753999513132375,0.17032569425305907,0.774742017879292,9,9,False,0.14029891744294387,,0.20441527705224205,True,0.9247410007797023,,0.21816109620930346,0.9893448215516802,,1.7105308494380147,2.1638383778039683,19.457013574660635,-0.0709795768501724,0.7335191869715678,221.0,gm_derived,127.62000274658203,199782155.0,25496199169.818077,22034666169.818077,2161314000.0,-3461533000.0,1516782000.0,,252490000.0,94726000.0,-3461533000.0,5361020000.0,1610808000.0,,,1169566000.0,1705534000.0,1431827000.0,1300168302.8241785,0.19284712838266357,0.6015638185030858,13.679262935010303,,,18.840036534764245,0.05307845333286736,17.8067595944329,,-2.0295889733068937,133000000.0,12298000.0,0.0672266963523116,5.0,0.2780077406306102,0.2627357227737236,93.46153846153847,1.6552371406607511,1.4460875914877473,260.0,"['fcf_cagr5 gate', 'coverage<80%']",False,0.7,,,,,,,,,,,,,,,,,,,,,,,,,
IP,51434,International Paper,Materials,Paper & Plastic Packaging Products & Materials,Materials,69.54140999315537,5.9986310746064335,183807442.51200348,-0.06212624458666349,-0.24938338765557466,-0.19639889273112932,9.0,,,0.04460571860964188,0.04780549415850963,0.7120681892952062,0.0304927658745629,0.04818468212570366,1.5625390291589858,5,9,False,0.061152533817306676,,,False,0.33520637937445774,0.02032805850514399,-0.001074246994174276,,0.4557276317649082,-0.035229568829320726,,,,,,sbc_unreported,35.54999923706055,529569895.0,18826209363.220234,28706209363.220234,24335000000.0,9880000000.0,2647000000.0,2155000000.0,,2673000000.0,9880000000.0,24203000000.0,,492000000.0,492000000.0,-26000000.0,,-3438000000.0,,,,,58.345953990285025,0.017139149017368134,,-0.00090572738709669,,,,5290000000.0,4022000000.0,0.3826587220053421,,,,98.07692307692307,3.2495232574380455,3.3753935720377104,208.0,"['fcf_cagr5 gate', 'coverage<80%']",False,0.4,,,,,,,,,,,,,,,,,,,,,,,,,
GPC,40987,Genuine Parts Company,Consumer Discretionary,Distributors,Consumer Discretionary Distribution and Retail,52.714579055441476,5.9986310746064335,181599677.18914843,0.0030481577373557833,-0.0939516758142771,-0.01238537888325486,10.0,0.3583495154085159,0.018679526597185737,0.03614163379410677,0.037491820268065676,0.3011738047422127,0.03800459648796302,0.044513982090555425,0.33685896426104445,7,9,False,0.08001090137708289,-0.25716812742553985,-0.29289208751905005,False,0.36903587645879565,0.028119096642575336,0.022578670682269274,1.0298210562335974,0.7780250556121903,0.5941036813644499,,72.6923076923077,0.5268939948767865,1.8139104974212297,260.0,,130.8800048828125,137859758.0,18043085800.18335,24549065800.18335,11031992000.0,6505980000.0,1185761000.0,426407000.0,54365000.0,565314000.0,6488203000.0,25071538000.0,,759354000.0,704989000.0,566082000.0,,32766000.0,,0.23892757032299447,,,34.82191324997035,0.028717548999144995,43.366624976917386,0.02305920740966738,550.664890440803,23.175059512909723,,3190572000.0,1774401000.0,0.4500522661727819,3.0,,,70.38461538461539,0.1354814042493917,1.3061036317541292,260.0,"['fcf_cagr5 gate', 'coverage<80%']",False,0.7,,,,,,,,,,,,,,,,,,,,,,,,,
MOS,1285785,Mosaic Company (The),Materials,Fertilizers & Agricultural Chemicals,Materials,14.978781656399725,5.9986310746064335,177400281.46756533,-0.261503237690613,-0.25474156608901,-0.225352274961095,8.0,0.20301327034398797,0.3192291999922398,0.046976507475192344,0.07031414375192192,1.3303719704163997,0.07360938677830545,0.10321186323113879,0.9764229539535237,3,7,False,0.06780943144483076,,,False,0.10983107308191609,-0.07986675266780428,-0.06050016737563174,0.5410044027950345,-1.7001424107567134,-0.8219083193539479,-0.08997533136229668,,,,,capex_gt_2x_cfo,25.389999389648438,317895646.0,8071370257.911896,12181870257.911896,15574400000.0,4110500000.0,444000000.0,1391100000.0,31100000.0,1153900000.0,3939500000.0,12247900000.0,-169800000.0,-947100000.0,-978200000.0,-741000000.0,984100000.0,-638200000.0,-138440566.14513743,0.1846845338920058,-0.0088889823136132,,,-0.08029965672673926,,-0.060828098174722754,,,4.003150086373336,969200000.0,,0.06223032668995274,2.0,0.09879354906536131,0.07099601202522265,,,,,"['mktcap<10B', 'fcf_cagr5 gate', 'coverage<80%']",False,0.7,,,,,,,,,,,,,,,,,,,,,,,,,
BG,1996862,Bunge Global,Consumer Staples,Agricultural Products & Services,Materials,3.512662559890486,5.9986310746064335,165387407.54126915,0.46534506870259484,-0.06672675155537089,0.5456663038281686,2.0,0.21317491272892122,0.15196740951310792,-0.07622263969438871,-0.051876770538243626,,-0.04388064497814168,0.008321529745042492,,2,4,False,,,,False,0.08045692698612579,-0.02610690112657687,-0.005239369476737649,0.3774221176224283,0.3425084887016683,0.11940046640945097,,,,,,sbc_unreported;capex_gt_2x_cfo,119.30999755859375,194018115.0,23148300826.97296,39299300826.97296,32196000000.0,16151000000.0,588000000.0,1749000000.0,,821000000.0,14770000000.0,44471000000.0,,-1161000000.0,-1161000000.0,-233000000.0,,683000000.0,,0.21295279912184412,,,,-0.029542510313647897,,-0.0059288586589836,33.892094915040936,-1.6998535871156661,,3291000000.0,309000000.0,0.11181513231457324,,,,,,,,"['rev_cagr5 gate', 'fcf_cagr5 gate', 'coverage<80%']",False,0.5,,,,,,,,,,,,,,,,,,,,,,,,,
SWK,93556,Stanley Black & Decker,Industrials,Industrial Machinery & Supplies & Components,Capital Goods,43.96714579055441,5.9986310746064335,159511306.70687163,0.3487814101693958,-0.13470399275236977,0.21225279403297592,9.0,,,0.0018043026642233049,0.03924549251837361,11.934886794410382,0.0023820807191881122,0.03380611219795908,384.27309271352783,4,9,False,0.03482769922221651,-0.16294504580710234,-0.1974675263873752,False,0.3190054893524925,0.07914636305803498,0.07220105327360848,,43.865347331903976,30.310078366369073,,,,,,,89.12000274658203,151016641.0,13458603460.699593,17757203460.699593,13257400000.0,4298600000.0,1551200000.0,262100000.0,82300000.0,368000000.0,4298600000.0,15247700000.0,,1289100000.0,1206800000.0,1100900000.0,,620500000.0,,0.2677602076941232,,,14.714288581951934,0.06796115180359909,16.129715197292754,0.061997374892759555,21.689933055116185,2.0775181305398873,,7265600000.0,3892900000.0,0.841680872569282,,,,,,,,"['fcf_cagr5 gate', 'coverage<80%']",False,0.4,,,,,,,,,,,,,,,,,,,,,,,,,
BAX,10456,Baxter International,Health Care,Health Care Equipment,Health Care Equipment and Services,53.96577686516085,5.9986310746064335,148500416.71860737,0.14598570201359928,-0.16410593186413824,0.001927462075867803,10.0,0.36343314547245137,0.09694963268626282,0.0718231383165144,0.06900666202644924,0.4866144550210326,0.025761997483542638,-9.943323058566172e-05,1.8277128358061923,8,9,False,-0.007460794983869423,-0.2212269221838118,,False,0.3007846556233653,,0.02188317349607672,0.8276203185385168,,0.8494362096749757,1.3976066884028984,,,,,,23.020000457763672,516995999.0,11901248133.641987,18242248133.641987,12547000000.0,6341000000.0,1319000000.0,,115000000.0,953000000.0,6368000000.0,11470000000.0,-274000000.0,,,251000000.0,679000000.0,-1063000000.0,-213048547.5478144,0.2224505563948379,-0.016980038857720123,,,,72.67827941690035,0.013759269041906674,,,9.378497790868925,4886000000.0,867000000.0,0.4585159799155177,5.0,-0.012149368630400517,0.0006674411959370003,2.307692307692308,-0.6606571366054148,0.48355642492714107,260.0,"['rev_cagr5 gate', 'fcf_cagr5 gate', 'coverage<80%']",False,0.7,,,,,,,,,,,,,,,,,,,,,,,,,
AVY,8818,Avery Dennison,Materials,Paper & Plastic Packaging Products & Materials,Materials,38.71594798083505,5.9986310746064335,144027086.55693454,0.13653233301215595,-0.11616245537676484,0.06460924542569169,10.0,0.27797900710324475,0.0321230436754061,0.0763621137475974,0.07729659533623172,0.10964090507660251,0.06959374420153117,0.06828694450472264,0.15263666862383626,6,9,False,0.049004548094291556,0.05314467995366812,0.0012611826382393776,False,0.28977844097706557,0.11220683167353294,0.09358679080027249,1.0424472120998631,1.4694044751617859,1.3447586686708752,,0.7692307692307693,-1.8396268839014425,0.6485861385086589,260.0,,171.08999633789062,75788142.0,12966592937.235535,14430892937.235535,3787100000.0,1464300000.0,1233600000.0,170500000.0,25400000.0,342700000.0,1464300000.0,9248100000.0,,1063100000.0,1037700000.0,865500000.0,,704900000.0,,0.27006316661489077,,,13.906613604351485,0.07190823218724453,16.673475375199924,0.0599754986586298,18.394939618719725,1.5081571854163711,,2262000000.0,827500000.0,0.8157957276015949,,,,0.7692307692307693,-2.2479520849936794,0.5580930805452845,260.0,['coverage<80%'],True,0.6,,,,,,,,,,,,,,,,,,,,,,,,,
TXT,217346,Textron,Industrials,Aerospace & Defense,Capital Goods,47.715263518138265,5.9986310746064335,137229018.21849316,-0.0073554686572506744,-0.1965326695298948,-0.03152301962882942,10.0,,,0.07204960716595323,0.06314404735803551,0.2112925253055583,0.07073536907841277,0.06365563107505665,0.20954077954962128,6,9,True,0.04899600344582322,-0.06629748290325388,-0.06797902841660897,True,,0.049611085691875285,0.05470945813451859,,0.6885684411520125,0.7734385053377065,,44.61538461538462,-0.1664147652259908,0.9490353157762921,260.0,sbc_unreported;gm_derived,80.91000366210938,171986917.0,13915462084.304901,12804462084.304901,6943000000.0,-1111000000.0,1236000000.0,477000000.0,,399000000.0,-1111000000.0,15299000000.0,,759000000.0,759000000.0,837000000.0,,937000000.0,,0.1946826758147513,,,16.87017402411713,0.05927621129280753,15.298043111475389,0.06536783774977589,14.851080132662648,0.8100320170757738,,,276000000.0,0.03975226847184214,,,,52.69230769230769,0.0649369296926325,1.018599552272109,260.0,"['fcf_cagr5 gate', 'coverage<80%']",False,0.5,,,,,,,,,,,,,,,,,,,,,,,,,
TPL,1811074,Texas Pacific Land Corporation,Energy,Oil & Gas Exploration & Production,Energy,1.809719370294319,5.9986310746064335,132256235.14202411,0.32115275222810236,-0.34424879265534214,0.19758269779027637,5.0,,,,,,0.6074335466458701,0.6225318439822988,0.1977276434071605,5,7,True,0.21410935617420757,0.3049035690618971,0.1943857672565239,False,,,0.5781084095322665,,,0.9517228884121871,0.3720849235368813,84.40860215053763,1.6390059485204247,3.408059278646684,186.0,,347.20001220703125,68974683.0,23948010779.57611,23714911779.57611,1439299000.0,-233099000.0,603151000.0,,16700000.0,67575000.0,-233099000.0,897541000.0,672482000.0,,,518876000.0,740057000.0,541416000.0,532138733.8199314,0.2086944575171805,0.369720769499549,35.26475322696535,,,45.70439137592818,0.021879735620474426,44.232181501056694,,-0.31497438710802006,,31675000.0,0.022007241024971185,6.0,0.9936461977151355,1.1934642407692715,84.40860215053763,1.60251420225795,3.2064538026913665,186.0,['coverage<80%'],True,0.6,,,,,,,,,,,,,,,,,,,,,,,,,
BALL,9389,Ball Corporation,Materials,"Metal, Glass & Plastic Containers",Materials,41.880903490759756,5.9986310746064335,125295885.84492095,0.3195182272796755,-0.08827303224045357,0.26460360158261587,7.0,,,-0.00041794169935035347,0.0024618058069654624,,0.033142048985262164,0.048628523668414254,1.6322177108797833,5,9,False,0.022401190765954704,,-0.03479997812017066,False,,0.057727209269859,0.05479547675554935,,-138.12263614659625,1.6533521141048395,,26.81564245810056,-0.196432363488608,0.7259854603975503,179.0,sbc_unreported,60.75,264703357.0,16080728937.75,24349728937.75,14015000000.0,8269000000.0,1426000000.0,599000000.0,,641000000.0,8249000000.0,14326000000.0,,827000000.0,827000000.0,785000000.0,,,,,,,29.443444906590084,0.03396341709241293,31.018762978025478,0.03223855189545846,,,,4397000000.0,29000000.0,0.3158044951837317,,,,,,,,"['fcf_cagr5 gate', 'coverage<80%']",False,0.3,,,,,,,,,,,,,,,,,,,,,,,,,
SNA,91440,Snap-on,Industrials,Industrial Machinery & Supplies & Components,Capital Goods,43.96714579055441,5.9986310746064335,124283700.85857685,0.19810282939777935,-0.10189579751412214,0.13180037883927964,,,,,,,0.18813009878816753,0.2026415815513983,0.21796898961695357,5,9,False,0.03619988745258418,,0.013503079081576885,False,,,0.2203607446830541,,,1.1713210491170685,1.02129046266041,63.46153846153846,0.35320953174382785,1.0687008353031533,260.0,,371.6199951171875,51727124.0,19222833568.306152,18625433568.306152,5443900000.0,-597400000.0,1186200000.0,,32100000.0,90000000.0,-622400000.0,4828900000.0,1342200000.0,,,1064100000.0,1432200000.0,1033700000.0,1049585328.0141845,0.2180112293144208,0.1928002586407143,13.876794492852147,,,17.503461674942347,0.057131555949962894,18.596143531301298,,-0.43457617651166036,1231500000.0,130300000.0,0.2501515457668216,4.0,0.18878102331287747,0.18802101810379235,,,,,"['fcf_cagr5 gate', 'coverage<80%']",False,0.4,,,,,,,,,,,,,,,,,,,,,,,,,
TAP,24545,Molson Coors Beverage Company,Consumer Staples,Brewers,Food Beverage and Tobacco,50.217659137577,5.9986310746064335,116530671.08132465,-0.04747617442293073,-0.24049576973604225,-0.12299652934069116,10.0,0.31670017355024704,0.052174653189478046,0.08181003467775735,0.08183198258620551,0.17012448331925634,0.07588802869195121,0.07960706425465672,0.2188425274837161,5,9,False,0.021512855109274698,-0.009659341346484385,0.06731720628854432,False,0.3277992070734569,0.07920063188730321,0.07960706425465672,1.0350458713008848,0.9681041231588233,1.0490068806214747,-6.659263324372033,10.76923076923077,-0.5764272790776932,0.7907746364402384,260.0,ebitda_nonpositive;shares_was_proxy,39.08000183105469,187500000.0,7327500343.322754,13360700343.322754,16152700000.0,6033200000.0,1784400000.0,716600000.0,35000000.0,711300000.0,5846000000.0,13040300000.0,-2336900000.0,1067800000.0,1032800000.0,1038100000.0,-1625600000.0,-2139600000.0,-1792229714.5708585,0.23307385229540914,-0.11095542631082472,,12.936386854495307,0.07730133701532794,12.87034037503396,0.07769802280752512,,,,2144800000.0,11839600000.0,0.8657623802831724,1.0,0.016661816916706443,0.0577188469691929,10.384615384615385,-0.8667695511355017,0.8242026468604939,260.0,"['mktcap<10B', 'coverage<80%']",False,0.7,,,,,,,,,,,,,,,,,,,,,,,,,
NWSA,1564708,News Corp (Class A),Communication Services,Publishing,Media and Entertainment,13.130732375085557,5.9986310746064335,110457148.63531776,-0.0036919579647128886,-0.022229599076745155,-0.006920608939276818,10.0,,,0.07054194206303736,0.0675579744439186,0.21078207856885378,0.06282561523338678,0.06140558447704685,0.244748477351698,6,9,False,-0.007154431028680852,-0.008648909226673163,0.061872879820496385,False,,0.08983163491360213,,,1.273449982895668,,,,,,,shares_was_proxy;sbc_unreported,30.18000030517578,556500000.0,16795170169.830322,18341170169.830322,10072000000.0,1546000000.0,1237000000.0,426000000.0,,,836000000.0,9028000000.0,,811000000.0,811000000.0,,,573000000.0,,0.28967495219885275,,,22.615499592885723,0.04421746227151998,,,29.31094270476496,1.4153577661431065,,4542000000.0,1837000000.0,0.6333399523431295,,,,30.0,-0.5376580738877242,0.895029694561156,260.0,"['rev_cagr5 gate', 'coverage<80%']",False,0.5,,,,,,,,,,,,,,,,,,,,,,,,,
PSKY,2041610,Paramount Skydance Corporation,Communication Services,Movies & Entertainment,Media and Entertainment,31.967145790554415,5.9986310746064335,101058383.87397614,-0.4453758823520352,-0.43336886689821996,-0.4282776211034426,2.0,,,,,,,,,0,1,False,,,,False,,0.013419277017603377,,,,,,,,,,share_jump_gt20pct,10.619999885559082,1071666977.0,11381103173.097446,12123103173.097446,12513000000.0,742000000.0,989000000.0,312000000.0,321000000.0,,-297000000.0,26529000000.0,996000000.0,677000000.0,356000000.0,,,-377000000.0,,,,12.171790334435187,34.05366059858833,0.029365418648750325,,,,,,2034000000.0,6238000000.0,0.6610724846159993,,,,,,,,"['rev_cagr5 gate', 'fcf_cagr5 gate', 'coverage<80%']",False,0.3,,,,,,,,,,,,,,,,,,,,,,,,,
