ticker,cik,name,sector,sub_industry,ig_name,index_tenure_y,trading_history_y,adv_usd,mom_12_1,dd_52w,ret_12m,fcf_pos_years,gm,gm_stability,fcf_margin,fcf_margin_median_5y,fcf_cov,fcf_owner_margin,fcf_owner_margin_median_5y,fcf_owner_cov,rev_pos_years,rev_yoy_n,fcf_cagr5_base_fallback,rev_cagr5,fcf_cagr5,fcf_owner_cagr5,fcf_owner_cagr5_base_fallback,gm_ttm,fcf_margin_ttm,fcf_owner_margin_ttm,brake_gm,brake_fcf_margin,brake_fcf_owner_margin,brake_roic,ev_fcf_owner_self_pct,ev_fcf_owner_self_z,ev_fcf_owner_self_ratio,ev_fcf_owner_self_n,dq_flags,price,shares_cover,mktcap,ev,ic,stack,cfo_ttm,capex_ttm,sbc_ttm,dna_ttm,net_debt,revenue_ttm,ebit_ttm,fcf_ttm,fcf_adj_ttm,fcf_owner_ttm,ebitda_ttm,ni_ttm,nopat_ttm,t_eff,roic_ttm,ev_ebit,ev_fcf,fcf_yield,ev_fcf_owner,fcf_owner_yield,pe_ttm,fcf_ni,nd_ebitda,goodwill,intangibles,goodwill_share_ic,roic_years,roic,roic_median_5y,ev_fcf_self_pct,ev_fcf_self_z,ev_fcf_self_ratio,ev_fcf_self_n,gate_fail_reasons,gates_pass,input_coverage,peer_level,peer_set,pct_roic,pct_fcf_margin,pct_gm,pct_roic_years,pct_fcf_pos_years,pct_fcf_ni,pct_nd_ebitda,pct_ev_ebit,pct_mom_sector,quality_weight_used,quality_score,quality_component_values,cheapness_score,quality_floor_pass,residual,residual_fitted,residual_pct,composite,eps_rev_proxy,flag_derated_quality,evidence_derated,flag_beaten_but_delivering,evidence_beaten
NVDA,1045810,Nvidia,Information Technology,Semiconductors,Semiconductors and Semiconductor Equipment,24.829568788501028,5.9986310746064335,24582495562.84907,0.22936685320217487,-0.005399867732086672,0.22272843480067128,5.0,0.6812645648281168,0.09567708242734539,0.30037149871533764,0.38527953776960705,0.8916069834336632,0.304667380432823,0.37807360231115195,0.9581204512587501,8,9,False,0.6689858183148778,,,False,0.7467439020365053,0.3953031653299007,0.4074066739281117,1.0961144034034838,1.316047517892268,1.3372178975948559,0.9734364233761907,60.38461538461538,0.2181447820326448,1.1146366939125583,260.0,,228.86000061035156,24100000000.0,5515526014709.473,5482821014709.473,196279000000.0,-32705000000.0,134360000000.0,7354000000.0,7241000000.0,3687000000.0,-32705000000.0,302970000000.0,197579000000.0,127006000000.0,119765000000.0,123432000000.0,201266000000.0,192880000000.0,165876816790.93597,0.16045320205621064,0.8451073053711093,27.750019054198436,45.779827284344115,0.021843682235602978,44.419769708904276,0.02251249852381703,28.59563466771813,0.6584715885524679,-0.16249639780191388,21125000000.0,2998000000.0,0.12290158396975734,7.0,0.8681689785553793,1.0155847417253008,,,,,['fcf_cagr5 gate'],False,0.9,ig,Semiconductors and Semiconductor Equipment,100.0,87.5,100.0,66.66666666666666,12.5,20.0,64.28571428571428,75.0,54.23728813559322,1.0,59.8767362017099,"{'profitability': 100.0, 'growth': 100.0, 'balance': 100.0, 'stability': 59.9}",,False,-0.21055453071648245,56.508895740988436,,,,False,"{""floor"": false, ""depressed_arms"": {""self_pct"": false, ""self_z"": false, ""median_ratio"": false}, ""yield_arm"": false, ""residual_arm"": false, ""brakes"": {""gm"": true, ""fcf_margin"": true, ""roic"": true}, ""self_pct"": null, ""self_z"": null, ""median_ratio"": null, ""fcf_yield"": 0.021843682235602978, ""yield_threshold"": 0.0495, ""gs10"": 0.0495, ""residual_pct"": null, ""brake_values"": {""gm"": 1.0961144034034838, ""fcf_margin"": 1.316047517892268, ""roic"": 0.9734364233761907}}",False,"{""floor"": false, ""mom_sector_pct"": 54.23728813559322, ""eps_rev_proxy"": null}"
AAPL,320193,Apple Inc.,Information Technology,"Technology Hardware, Storage & Peripherals",Technology Hardware and Equipment,43.83025325119781,5.9986310746064335,13786188712.388508,0.24467863340520224,-0.007828344241351815,0.3163710358486942,10.0,0.4446632673722596,0.04224771564223663,0.2357035364187658,0.23248509500651965,0.06674528697417795,0.23456852980922305,0.23194110716560465,0.06912796148743436,7,9,False,0.08677354924090741,0.061266824126846364,0.06720592945686343,False,0.4865291555900202,0.2634338925031543,0.2568810876927658,1.094151892656138,1.1176493000729568,1.0951217023941353,1.0844822458532013,88.84615384615384,1.147338276255293,1.2149072969604995,260.0,,338.3999938964844,14594180000.0,4938670422924.194,4972338422924.194,141188000000.0,33668000000.0,146724000000.0,10041000000.0,13706000000.0,13100000000.0,33668000000.0,466823000000.0,154859000000.0,136683000000.0,122977000000.0,119918000000.0,167959000000.0,128930000000.0,128064159621.82341,0.17302733698510642,0.907047055145079,32.10881138922629,40.43307629007208,0.02473222647779436,41.46448759088873,0.024117022977988924,38.305052531793955,1.0601334057240364,0.2004536821486196,5889000000.0,2149000000.0,0.05693118395331048,10.0,0.8363871871701066,0.8223395142877403,87.3076923076923,1.0247458253028192,1.1928234978738639,260.0,[],True,1.0,ig,Technology Hardware and Equipment,95.23809523809523,94.73684210526315,60.0,85.71428571428571,64.28571428571429,42.857142857142854,65.0,33.33333333333334,55.932203389830505,1.0,69.20859678610759,"{'profitability': 96.5, 'growth': 61.7, 'balance': 93.3, 'stability': 81.3}",22.355838156104266,True,0.09649363780849285,36.71386704170126,47.2972972972973,45.78221747110593,1.0,False,"{""floor"": true, ""depressed_arms"": {""self_pct"": false, ""self_z"": false, ""median_ratio"": false}, ""yield_arm"": false, ""residual_arm"": false, ""brakes"": {""gm"": true, ""fcf_margin"": true, ""roic"": true}, ""self_pct"": 87.3076923076923, ""self_z"": 1.0247458253028192, ""median_ratio"": 1.1928234978738639, ""fcf_yield"": 0.02473222647779436, ""yield_threshold"": 0.0495, ""gs10"": 0.0495, ""residual_pct"": 47.2972972972973, ""brake_values"": {""gm"": 1.094151892656138, ""fcf_margin"": 1.1176493000729568, ""roic"": 1.0844822458532013}}",False,"{""floor"": true, ""mom_sector_pct"": 55.932203389830505, ""eps_rev_proxy"": 1.0}"
TSLA,1318605,"Tesla, Inc.",Consumer Discretionary,Automobile Manufacturers,Consumer Durables and Apparel,5.771389459274469,5.9986310746064335,12377283342.843441,-0.17623246950283322,-0.2571695695359997,-0.1683921006592345,7.0,0.21003124827237202,0.17260253220457197,0.04115824860039773,0.03580203950351693,0.26305793138250977,0.10326066690731647,0.09012181390111577,0.15969004107452936,8,9,False,0.24630713363610557,,-0.018107452001611013,True,0.18851754987019756,0.018954052828149277,0.0911705382217547,0.8975690589893789,0.4605165057476745,0.8829164187326671,0.27268896330441955,79.23076923076923,1.0524146441641578,1.5896353658999451,260.0,,357.45001220703125,3949547394.0,1411765764197.5483,1377805364197.5483,52897600000.0,-33960400000.0,18685000000.0,12923000000.0,3798000000.0,5440000000.0,-34567400000.0,103619000000.0,4372000000.0,5762000000.0,1964000000.0,9447000000.0,9812000000.0,3804000000.0,3238146060.9545717,0.2593444508338125,0.06121536820110122,315.1430384715344,701.5302261698312,0.0014254553299288821,145.84580969594035,0.006856556263665046,371.1266467396289,1.5147213459516298,-3.5229718711781493,257000000.0,228000000.0,0.00916865793533166,5.0,0.2244878834086245,0.18126594999483106,93.58974358974359,2.468465293049499,3.3550920037084855,234.0,['fcf_cagr5 gate'],False,1.0,ig,Consumer Durables and Apparel,75.0,20.0,25.0,38.88888888888889,10.0,66.66666666666666,90.0,0.0,24.242424242424242,1.0,43.30939810484206,"{'profitability': 19.1, 'growth': 100.0, 'balance': 100.0, 'stability': 64.0}",2.8106153223829202,False,1.8030731429617592,28.77331094556696,,23.06000671361249,,False,"{""floor"": false, ""depressed_arms"": {""self_pct"": false, ""self_z"": false, ""median_ratio"": false}, ""yield_arm"": false, ""residual_arm"": false, ""brakes"": {""gm"": false, ""fcf_margin"": false, ""roic"": false}, ""self_pct"": 93.58974358974359, ""self_z"": 2.468465293049499, ""median_ratio"": 3.3550920037084855, ""fcf_yield"": 0.0014254553299288821, ""yield_threshold"": 0.0495, ""gs10"": 0.0495, ""residual_pct"": null, ""brake_values"": {""gm"": 0.8975690589893789, ""fcf_margin"": 0.4605165057476745, ""roic"": 0.27268896330441955}}",False,"{""floor"": false, ""mom_sector_pct"": 24.242424242424242, ""eps_rev_proxy"": null}"
MSFT,789019,Microsoft,Information Technology,Systems Software,Software and Services,32.328542094455855,5.9986310746064335,12306466668.912046,-0.026169099394784734,-0.019480672873717575,-0.007616249187739288,10.0,0.687708079904994,0.008802118348736152,0.23212217229294924,0.2353018899086898,0.07566316835758023,0.3475709904518274,0.3414263605514617,0.2717266509976591,9,9,False,0.1457190738095313,0.03604273274160441,0.1710571643865748,False,0.6794409337058032,0.16448337898800322,0.396366912870398,0.9879786984612235,0.7086069260993187,1.1403912402330758,0.7249715515875705,23.076923076923077,-1.20920301523222,0.8363730946938781,260.0,,509.2200012207031,7425545491.0,3781236283991.4067,3761219283991.4067,422370000000.0,-20017000000.0,182935000000.0,115948000000.0,12405000000.0,39000000000.0,-20017000000.0,331839000000.0,155237000000.0,66987000000.0,54582000000.0,131530000000.0,194237000000.0,133749000000.0,125126818572.44446,0.19396265985271252,0.29624930409935474,24.22888411906573,68.90951749645316,0.014511783514540947,28.59590423471,0.03497004297511214,28.271136860772092,0.5008411277841329,-0.10305451587493629,119651000000.0,18609000000.0,0.32734332457324145,7.0,0.40863576432843,0.353169746630197,99.23076923076923,2.1506345968310385,1.4329227068437944,260.0,[],True,1.0,ig,Software and Services,84.21052631578947,77.27272727272727,27.77777777777778,80.0,63.63636363636363,4.761904761904762,44.99999999999999,50.0,27.11864406779661,1.0,78.80908297051678,"{'profitability': 82.9, 'growth': 65.0, 'balance': 100.0, 'stability': 95.3}",19.60885420329845,True,0.7203687481293355,33.529496879389924,79.72972972972973,49.208968586907616,9.0,False,"{""floor"": true, ""depressed_arms"": {""self_pct"": false, ""self_z"": false, ""median_ratio"": false}, ""yield_arm"": false, ""residual_arm"": false, ""brakes"": {""gm"": true, ""fcf_margin"": false, ""roic"": false}, ""self_pct"": 99.23076923076923, ""self_z"": 2.1506345968310385, ""median_ratio"": 1.4329227068437944, ""fcf_yield"": 0.014511783514540947, ""yield_threshold"": 0.0495, ""gs10"": 0.0495, ""residual_pct"": 79.72972972972973, ""brake_values"": {""gm"": 0.9879786984612235, ""fcf_margin"": 0.7086069260993187, ""roic"": 0.7249715515875705}}",False,"{""floor"": true, ""mom_sector_pct"": 27.11864406779661, ""eps_rev_proxy"": 9.0}"
AMD,2488,Advanced Micro Devices,Information Technology,Semiconductors,Semiconductors and Semiconductor Equipment,9.527720739219713,5.9986310746064335,11521803140.723368,1.9001640410188725,-0.036090908439813885,2.6914435044417466,8.0,0.4763207320578323,0.03812796112130483,0.08666218676539891,0.08618278886487861,0.5618169170892288,0.03518273970825582,0.08664887081055887,3.0874254692211225,8,9,True,0.2882389065515516,0.2021430186788593,0.033671549650546195,True,0.5320421256506476,0.157559617479724,0.13083161844812977,1.11698292734831,1.8180895654785378,3.7186307698894017,0.5737176178274888,78.46153846153847,0.02594744412144251,2.3023173386589617,195.0,,607.8699951171875,1632475042.0,992332595809.4705,984530595809.4705,59422000000.0,-7802000000.0,10080000000.0,1677000000.0,1895000000.0,2781000000.0,-7802000000.0,41305000000.0,6488000000.0,8403000000.0,6508000000.0,5404000000.0,9269000000.0,6434000000.0,5371098507.438584,0.17214881204707402,0.09038905636697829,151.74639269566438,151.28005467262915,0.006610256733209182,182.1855284621522,0.005488910169985007,154.23260736858415,1.3060304631644388,-0.8417304995145107,25470000000.0,15635000000.0,0.6917471643499041,3.0,0.15754973101446118,0.028160566330584183,76.4423076923077,0.1268771987798686,1.5600038311559212,208.0,[],True,1.0,ig,Semiconductors and Semiconductor Equipment,35.714285714285715,12.5,43.75,20.0,25.0,80.0,85.71428571428572,0.0,94.91525423728814,1.0,45.752268178498305,"{'profitability': 24.3, 'growth': 100.0, 'balance': 100.0, 'stability': 65.6}",11.685204679537222,False,1.0212234553679798,54.484122578094365,,28.718736429017763,,False,"{""floor"": false, ""depressed_arms"": {""self_pct"": false, ""self_z"": false, ""median_ratio"": false}, ""yield_arm"": false, ""residual_arm"": false, ""brakes"": {""gm"": true, ""fcf_margin"": true, ""roic"": false}, ""self_pct"": 76.4423076923077, ""self_z"": 0.1268771987798686, ""median_ratio"": 1.5600038311559212, ""fcf_yield"": 0.006610256733209182, ""yield_threshold"": 0.0495, ""gs10"": 0.0495, ""residual_pct"": null, ""brake_values"": {""gm"": 1.11698292734831, ""fcf_margin"": 1.8180895654785378, ""roic"": 0.5737176178274888}}",False,"{""floor"": false, ""mom_sector_pct"": 94.91525423728814, ""eps_rev_proxy"": null}"
META,1326801,Meta Platforms,Communication Services,Interactive Media & Services,Media and Entertainment,12.766598220396988,5.9986310746064335,11427685923.171352,-0.12973690574876462,-0.047947182655705745,0.010537422328958268,10.0,0.8071268312398934,0.015834172340424366,0.1786484268578379,0.2226875806140754,0.28802439886762765,0.33623101990695897,0.34386792052845355,0.3212957934039315,8,9,False,0.18511415178759827,0.14349336092767184,0.24804841242061948,False,0.817474052232888,0.0693985024994852,0.3611701358615885,1.0128198203708574,0.3884641119997663,1.0741725613583502,0.7434791527554472,47.30769230769231,-0.0708910095833874,0.9806892206880408,260.0,shares_was_proxy;gm_derived,715.6199951171875,2543000000.0,1819821647583.0078,1843063647583.0078,284463000000.0,23242000000.0,130301000000.0,89325000000.0,25136000000.0,22729000000.0,23242000000.0,228247000000.0,86926000000.0,40976000000.0,15840000000.0,82436000000.0,109655000000.0,68098000000.0,67632726429.32224,0.22195055070609204,0.23775579400246163,21.20267408580871,116.35502825650302,0.008594385777600553,22.357509432565966,0.04472770113398227,26.723569672868628,0.6017210490763312,0.21195567917559618,23406000000.0,3692000000.0,0.09526019201091179,10.0,0.31978811123526785,0.3066290976575339,94.61538461538461,2.5558363508894812,2.7969431861324883,260.0,[],True,1.0,ig,Media and Entertainment,75.0,77.77777777777779,100.0,93.75,72.22222222222221,25.0,55.55555555555556,33.33333333333334,45.45454545454545,1.0,65.46084014447328,"{'profitability': 63.9, 'growth': 100.0, 'balance': 92.9, 'stability': 78.5}",14.620868924769528,True,1.26911757781258,32.705018191589154,95.94594594594594,40.0408545346214,,False,"{""floor"": true, ""depressed_arms"": {""self_pct"": false, ""self_z"": false, ""median_ratio"": false}, ""yield_arm"": false, ""residual_arm"": false, ""brakes"": {""gm"": true, ""fcf_margin"": false, ""roic"": false}, ""self_pct"": 94.61538461538461, ""self_z"": 2.5558363508894812, ""median_ratio"": 2.7969431861324883, ""fcf_yield"": 0.008594385777600553, ""yield_threshold"": 0.0495, ""gs10"": 0.0495, ""residual_pct"": 95.94594594594594, ""brake_values"": {""gm"": 1.0128198203708574, ""fcf_margin"": 0.3884641119997663, ""roic"": 0.7434791527554472}}",False,"{""floor"": true, ""mom_sector_pct"": 45.45454545454545, ""eps_rev_proxy"": null}"
GOOGL,1652044,Alphabet Inc. (Class A),Communication Services,Interactive Media & Services,Media and Entertainment,20.490075290896645,5.9986310746064335,8587766417.529225,0.3830861945870785,-0.1437745246811749,0.4006169271490969,10.0,0.573594087762007,0.025384626097333184,0.1519742783299251,0.14371579289765093,0.0703608442286252,0.24525129852446045,0.24913861572833398,0.27272951812309715,9,9,False,0.1715483907713573,0.1132802934679571,0.15773364508798515,True,0.6089654739316297,0.05635325411670771,0.2954833963567529,1.0616662321392316,0.3708078415372955,1.2048188863199127,0.5986386231562422,,,,,gm_derived,342.75,12230000000.0,4191832500000.0,4070149500000.0,518797000000.0,-121683000000.0,185675000000.0,132402000000.0,28147000000.0,25782000000.0,-121683000000.0,445866000000.0,147628000000.0,53273000000.0,25126000000.0,131746000000.0,173410000000.0,244205000000.0,120465185969.81311,0.183995001152809,0.23220100727223386,27.57030847806649,161.98955265462072,0.006173237616947486,30.893913287689948,0.0323688355919113,17.165219794844496,0.21814868655432934,-0.701706937316187,57828000000.0,9105000000.0,0.12901578073890174,8.0,0.3878817675478155,0.3755948568568398,97.3076923076923,3.4166169706219485,4.387001718608473,260.0,[],True,1.0,ig,Media and Entertainment,100.0,66.66666666666666,50.0,75.0,72.22222222222221,12.5,88.88888888888889,22.222222222222214,100.0,1.0,78.60092257046284,"{'profitability': 61.3, 'growth': 97.2, 'balance': 100.0, 'stability': 93.9}",9.96544646238921,True,1.5958760034050217,32.84028095979198,98.64864864864865,44.283184516426026,1.0,False,"{""floor"": true, ""depressed_arms"": {""self_pct"": false, ""self_z"": false, ""median_ratio"": false}, ""yield_arm"": false, ""residual_arm"": false, ""brakes"": {""gm"": true, ""fcf_margin"": false, ""roic"": false}, ""self_pct"": 97.3076923076923, ""self_z"": 3.4166169706219485, ""median_ratio"": 4.387001718608473, ""fcf_yield"": 0.006173237616947486, ""yield_threshold"": 0.0495, ""gs10"": 0.0495, ""residual_pct"": 98.64864864864865, ""brake_values"": {""gm"": 1.0616662321392316, ""fcf_margin"": 0.3708078415372955, ""roic"": 0.5986386231562422}}",False,"{""floor"": true, ""mom_sector_pct"": 100.0, ""eps_rev_proxy"": 1.0}"
AVGO,1730168,Broadcom,Information Technology,Semiconductors,Semiconductors and Semiconductor Equipment,12.394250513347023,5.9986310746064335,7790224118.643288,0.06364545629988916,-0.21489619849352215,0.040781306276756135,10.0,0.6552755817864064,0.04380219303284204,0.37358333341981426,0.4232058287795993,0.2433527600609242,0.2926460483585944,0.33962422178173596,0.3181120242924162,9,9,False,0.21743712435641926,0.18336584083850394,0.03558850045624995,False,0.687702011133058,0.34702145807146706,0.19679251212066798,1.0494851788285027,0.9288997314061164,0.6724591472341628,1.5254562175210302,83.46153846153847,1.6141995488062035,15.837663015857347,260.0,,349.57000732421875,4773629865.0,1668717826871.1594,1705496826871.1594,136469000000.0,36779000000.0,40653000000.0,1250000000.0,8482000000.0,14636000000.0,36779000000.0,89104000000.0,42814000000.0,39403000000.0,30921000000.0,17535000000.0,57450000000.0,,40482287924.09004,0.05446143962045022,0.2966409069025936,39.83502655372447,55.156587007896235,0.018130200838149025,97.26243666217049,0.010281461521197348,,,0.6401914708442124,97801000000.0,26325000000.0,0.9095545508503763,5.0,0.1944604528766189,0.19356110283314357,60.38461538461538,1.3145755861861317,9.007152750209944,260.0,[],True,0.9,ig,Semiconductors and Semiconductor Equipment,50.0,100.0,93.75,50.0,65.625,,35.71428571428571,62.5,40.67796610169492,1.0,77.57226793089508,"{'profitability': 98.4, 'growth': 100.0, 'balance': 78.7, 'stability': 83.5}",39.4231028046362,True,0.0077665378465408,54.72987048734462,41.891891891891895,58.49768536776564,2.0,False,"{""floor"": true, ""depressed_arms"": {""self_pct"": false, ""self_z"": false, ""median_ratio"": false}, ""yield_arm"": false, ""residual_arm"": false, ""brakes"": {""gm"": true, ""fcf_margin"": false, ""roic"": true}, ""self_pct"": 60.38461538461538, ""self_z"": 1.3145755861861317, ""median_ratio"": 9.007152750209944, ""fcf_yield"": 0.018130200838149025, ""yield_threshold"": 0.0495, ""gs10"": 0.0495, ""residual_pct"": 41.891891891891895, ""brake_values"": {""gm"": 1.0494851788285027, ""fcf_margin"": 0.9288997314061164, ""roic"": 1.5254562175210302}}",False,"{""floor"": true, ""mom_sector_pct"": 40.67796610169492, ""eps_rev_proxy"": 2.0}"
PLTR,1321655,Palantir Technologies,Information Technology,Application Software,Software and Services,2.0150581793292264,5.9986310746064335,5301001481.209454,0.007280259164001324,-0.06479775235229834,0.08326103769283089,5.0,0.7995814556998394,0.01950015320188748,0.015295451418841144,0.09939991334878194,0.7776150853707844,0.01422133685402201,0.09120220475215414,2.7418460051889,7,7,True,0.3257731580149814,0.5986147953294314,,False,0.8479613433592037,0.4098070465587633,0.4120879326166381,1.0605065153956321,26.79273957576417,28.976736635001608,1.6640543855668235,,,,,,187.47999572753906,2402897000.0,450495119293.71643,441453974293.71643,733049000.0,-9041145000.0,3400291000.0,42019000.0,835524000.0,27978000.0,-9151835000.0,6155941000.0,2634652000.0,3358272000.0,2522748000.0,2536789000.0,2662630000.0,3016692000.0,2599391852.6702323,0.01338322758746415,3.546000134602506,167.55684405140278,174.9893268347518,0.005714634247060868,174.0207696791954,0.005746440507322687,149.33414458410618,1.1132299883448493,-3.4371410973360925,37938000.0,14611000.0,0.07168552170455181,3.0,2.130940049411089,2.5811810115618212,,,,,[],True,0.9,ig,Software and Services,100.0,4.545454545454546,72.22222222222221,40.0,4.545454545454546,14.285714285714285,95.0,9.090909090909093,32.20338983050847,1.0,64.24891746169146,"{'profitability': 69.9, 'growth': 100.0, 'balance': 100.0, 'stability': 73.0}",,False,1.6319024323614117,34.14509568792242,,,,False,"{""floor"": false, ""depressed_arms"": {""self_pct"": false, ""self_z"": false, ""median_ratio"": false}, ""yield_arm"": false, ""residual_arm"": false, ""brakes"": {""gm"": true, ""fcf_margin"": true, ""roic"": true}, ""self_pct"": null, ""self_z"": null, ""median_ratio"": null, ""fcf_yield"": 0.005714634247060868, ""yield_threshold"": 0.0495, ""gs10"": 0.0495, ""residual_pct"": null, ""brake_values"": {""gm"": 1.0605065153956321, ""fcf_margin"": 26.79273957576417, ""roic"": 1.6640543855668235}}",False,"{""floor"": false, ""mom_sector_pct"": 32.20338983050847, ""eps_rev_proxy"": null}"
MRVL,1835632,Marvell Technology,Information Technology,Semiconductors,Semiconductors and Semiconductor Equipment,0.27104722792607805,5.9986310746064335,4613976636.4488325,1.5983099054163508,-0.18873672856114387,1.9278203550908302,7.0,0.46138421412244135,0.08995587537354624,0.08918983351507066,0.0895668626258531,0.24861914685275566,-0.07183347378316172,-0.08071491316980878,,5,6,False,0.22514202663068583,0.14469332824590087,,False,0.5221104091933589,0.09536205199834925,0.027194903865485752,1.1316174095518625,1.0692031618405886,-0.37858260826389867,,,,,,,251.89999389648438,876900000.0,220891104647.82715,222244404647.82715,19884900000.0,1353300000.0,2200300000.0,470200000.0,828900000.0,1114400000.0,1353300000.0,9450300000.0,1561300000.0,1730100000.0,901200000.0,257000000.0,2675700000.0,2639900000.0,1368353945.381737,0.1235803846911311,0.06881372022900477,142.3457405033159,246.60941483336345,0.004054995226665253,864.7642204195608,0.0011563845686340102,83.6740424439665,0.6553657335505133,0.5057741899316067,13873900000.0,2078600000.0,0.8022419021468552,0.0,,,90.33613445378151,1.9375667745354506,2.139784433305302,238.0,['tenure<1y'],False,0.9,ig,Semiconductors and Semiconductor Equipment,,18.75,25.0,6.666666666666667,18.75,13.333333333333334,50.0,6.25,93.22033898305084,1.0,48.45794296286093,"{'profitability': 35.1, 'growth': 100.0, 'balance': 83.1, 'stability': 70.2}",6.836179419063409,False,,,,27.64706119096217,,False,"{""floor"": false, ""depressed_arms"": {""self_pct"": false, ""self_z"": false, ""median_ratio"": false}, ""yield_arm"": false, ""residual_arm"": false, ""brakes"": {""gm"": true, ""fcf_margin"": true, ""roic"": false}, ""self_pct"": 90.33613445378151, ""self_z"": 1.9375667745354506, ""median_ratio"": 2.139784433305302, ""fcf_yield"": 0.004054995226665253, ""yield_threshold"": 0.0495, ""gs10"": 0.0495, ""residual_pct"": null, ""brake_values"": {""gm"": 1.1316174095518625, ""fcf_margin"": 1.0692031618405886, ""roic"": null}}",False,"{""floor"": false, ""mom_sector_pct"": 93.22033898305084, ""eps_rev_proxy"": null}"
STX,1137789,Seagate Technology,Information Technology,"Technology Hardware, Storage & Peripherals",Technology Hardware and Equipment,14.242299794661191,5.9986310746064335,3563955909.5794206,2.3767228994024565,-0.13765612755681367,2.6668450541434527,10.0,0.30448868205163937,0.31100654151911605,0.11064934470739585,0.08197221798198748,0.7186799392256592,0.10892064517464925,0.08044573347580522,0.9173098652262911,6,9,False,0.0268664811857644,0.22447663070396695,0.23313678378976377,False,0.4557605576055761,0.23714637146371464,0.2611726117261173,1.4968062344211597,2.1432243642366884,2.3978246851856135,2.448375965427523,67.3076923076923,0.4206124464179422,1.189925587407849,260.0,gm_derived,921.510009765625,226644518.0,208855191995.50537,211049191995.50537,4361000000.0,2194000000.0,3674000000.0,569000000.0,213000000.0,276000000.0,2194000000.0,12195000000.0,4094000000.0,3105000000.0,2892000000.0,3185000000.0,4370000000.0,3184000000.0,3532600542.0054197,0.13712737127371274,0.8100436922736574,51.55085295444684,72.97689903025774,0.013702966463200626,66.2634825731571,0.015091268390488933,65.59522361667882,0.9751884422110553,0.5020594965675057,1221000000.0,0.0,0.27998165558358173,9.0,0.3308493890284582,0.36995539367065217,85.76923076923076,1.1460692699458819,1.563083375609754,260.0,[],True,1.0,ig,Technology Hardware and Equipment,85.71428571428571,47.368421052631575,30.0,61.904761904761905,64.28571428571429,38.095238095238095,60.0,14.285714285714292,96.61016949152543,1.0,23.29849754036816,"{'profitability': 66.4, 'growth': 61.2, 'balance': 83.3, 'stability': 33.3}",14.01362550127022,False,0.7068171890062223,35.9930459024631,,18.65606152081919,,False,"{""floor"": false, ""depressed_arms"": {""self_pct"": false, ""self_z"": false, ""median_ratio"": false}, ""yield_arm"": false, ""residual_arm"": false, ""brakes"": {""gm"": true, ""fcf_margin"": true, ""roic"": true}, ""self_pct"": 85.76923076923076, ""self_z"": 1.1460692699458819, ""median_ratio"": 1.563083375609754, ""fcf_yield"": 0.013702966463200626, ""yield_threshold"": 0.0495, ""gs10"": 0.0495, ""residual_pct"": null, ""brake_values"": {""gm"": 1.4968062344211597, ""fcf_margin"": 2.1432243642366884, ""roic"": 2.448375965427523}}",False,"{""floor"": false, ""mom_sector_pct"": 96.61016949152543, ""eps_rev_proxy"": null}"
DELL,1571996,Dell Technologies,Information Technology,"Technology Hardware, Storage & Peripherals",Technology Hardware and Equipment,2.0150581793292264,5.9986310746064335,3537599671.905201,2.771629473795166,-0.0433581047577144,2.9104371351899756,10.0,0.21973990606195087,0.05595260899355222,0.038380842049271134,0.05702007350862313,0.6424246803315292,0.03169277608856077,0.04085101336996156,0.8864832984922548,7,9,False,0.05549088853532669,-0.01715785665831515,,False,0.19798673254098956,0.05180658346395762,0.0554508356647288,0.9010049020644048,1.349803201228657,1.749636431651795,2.010012006474551,78.54077253218884,0.5588823317418941,1.570003965949143,233.0,,543.4299926757812,640000000.0,347795195312.5,371497195312.5,22275000000.0,23702000000.0,12152000000.0,3592000000.0,727000000.0,3041000000.0,23702000000.0,151197000000.0,14252000000.0,8560000000.0,7833000000.0,8384000000.0,17293000000.0,11378000000.0,11734514509.009335,0.1766408567913742,0.5268019981597906,26.06632018751754,47.427192048065876,0.021084950569844687,44.31025707448712,0.02256813807960907,30.56734006965196,0.7523290560731236,1.3706123865147748,19448000000.0,2727000000.0,0.9955106621773289,5.0,0.2620889807935884,0.2603436488016159,85.2,0.06914016965756284,1.7903374020642606,250.0,[],True,1.0,ig,Technology Hardware and Equipment,57.14285714285714,21.052631578947366,25.0,35.714285714285715,64.28571428571429,14.285714285714285,30.0,57.142857142857146,100.0,1.0,27.61646861647702,"{'profitability': 60.4, 'growth': 23.1, 'balance': 54.3, 'stability': 58.3}",29.936427420193528,False,0.28085117182244845,35.81420363458921,,28.776448018335273,,False,"{""floor"": false, ""depressed_arms"": {""self_pct"": false, ""self_z"": false, ""median_ratio"": false}, ""yield_arm"": false, ""residual_arm"": false, ""brakes"": {""gm"": false, ""fcf_margin"": true, ""roic"": true}, ""self_pct"": 85.2, ""self_z"": 0.06914016965756284, ""median_ratio"": 1.7903374020642606, ""fcf_yield"": 0.021084950569844687, ""yield_threshold"": 0.0495, ""gs10"": 0.0495, ""residual_pct"": null, ""brake_values"": {""gm"": 0.9010049020644048, ""fcf_margin"": 1.349803201228657, ""roic"": 2.010012006474551}}",False,"{""floor"": false, ""mom_sector_pct"": 100.0, ""eps_rev_proxy"": null}"
AMAT,6951,Applied Materials,Information Technology,Semiconductor Materials & Equipment,Semiconductors and Semiconductor Equipment,31.540041067761805,5.9986310746064335,3430937456.285968,1.1018940473050889,-0.22263978874718704,1.2500450533724643,10.0,0.47333616555642843,0.01605670875141984,0.21086539993485376,0.19199583748861812,0.21314037597492405,0.23976176182245545,0.24326706147772137,0.22452264656185733,8,9,False,0.10522310397599743,0.10996623630665936,0.17198931365326797,False,0.49398449914064274,0.1596134513733502,,1.0436229789455054,0.7569447212423769,,0.7701852739955846,95.76923076923077,2.569307616919712,2.4511115108968338,260.0,,486.760009765625,793597443.0,386291499104.655,385689499104.655,25024000000.0,-602000000.0,8396000000.0,2773000000.0,701000000.0,,-602000000.0,30837000000.0,9141000000.0,5623000000.0,4922000000.0,,,9267000000.0,7896862776.172276,0.13610515521581057,0.31557156234703787,42.193359490718194,78.3603208258137,0.012761560818808911,,,41.68463354965523,0.6067767346498327,,3873000000.0,262000000.0,0.165241368286445,7.0,0.4097346093231679,0.41686122684368854,95.76923076923077,2.9097962498979766,3.2795198153737437,260.0,[],True,0.9,ig,Semiconductors and Semiconductor Equipment,78.57142857142857,62.5,31.25,66.66666666666666,65.625,6.666666666666667,,50.0,84.7457627118644,0.7,70.05142679946076,"{'profitability': 81.9, 'growth': 89.7, 'balance': None, 'stability': 82.2}",20.530595905217137,True,0.3429736526915308,55.60894305478976,63.51351351351351,45.29101135233895,6.0,False,"{""floor"": true, ""depressed_arms"": {""self_pct"": false, ""self_z"": false, ""median_ratio"": false}, ""yield_arm"": false, ""residual_arm"": false, ""brakes"": {""gm"": true, ""fcf_margin"": false, ""roic"": false}, ""self_pct"": 95.76923076923077, ""self_z"": 2.9097962498979766, ""median_ratio"": 3.2795198153737437, ""fcf_yield"": 0.012761560818808911, ""yield_threshold"": 0.0495, ""gs10"": 0.0495, ""residual_pct"": 63.51351351351351, ""brake_values"": {""gm"": 1.0436229789455054, ""fcf_margin"": 0.7569447212423769, ""roic"": 0.7701852739955846}}",False,"{""floor"": true, ""mom_sector_pct"": 84.7457627118644, ""eps_rev_proxy"": 6.0}"
WDC,106040,Western Digital,Information Technology,"Technology Hardware, Storage & Peripherals",Technology Hardware and Equipment,17.245722108145106,5.9986310746064335,3229114410.850503,2.5654691747187384,-0.3924453139292513,2.4580422999780662,8.0,0.3383873831499854,0.2722429349151652,-0.006435341815301354,0.022987282498802747,2.3777900600368187,0.0024608161619531,0.03325706380035119,3.306722947212123,7,9,False,-0.05255187314310028,0.36095134072981216,,False,0.4885053022679774,0.25597956498180974,,1.4436274122296526,-39.777151288710954,,3.293748804392054,,,,,,453.2300109863281,360540944.0,163407976010.1411,162996976010.1411,8453000000.0,-411000000.0,3929000000.0,418000000.0,204000000.0,,-411000000.0,12919000000.0,4453000000.0,3511000000.0,3307000000.0,,,9424000000.0,4236756385.663806,0.04856133266027259,0.5012133426787893,36.60385717721561,49.28847172970702,0.020288719956339865,,,17.33955602824078,0.3725594227504245,,4321000000.0,72000000.0,0.5196971489412043,2.0,0.15217108906740112,0.09893463865635733,,,,,['rev_cagr5 gate'],False,0.8,ig,Technology Hardware and Equipment,33.33333333333333,5.263157894736842,45.0,16.666666666666664,16.666666666666664,4.761904761904762,,28.57142857142857,98.30508474576271,0.7,14.851359147522201,"{'profitability': 29.3, 'growth': 50.0, 'balance': None, 'stability': 38.9}",,False,0.3309697112382275,35.40030738562455,,,,False,"{""floor"": false, ""depressed_arms"": {""self_pct"": false, ""self_z"": false, ""median_ratio"": false}, ""yield_arm"": false, ""residual_arm"": false, ""brakes"": {""gm"": true, ""fcf_margin"": false, ""roic"": true}, ""self_pct"": null, ""self_z"": null, ""median_ratio"": null, ""fcf_yield"": 0.020288719956339865, ""yield_threshold"": 0.0495, ""gs10"": 0.0495, ""residual_pct"": null, ""brake_values"": {""gm"": 1.4436274122296526, ""fcf_margin"": -39.777151288710954, ""roic"": 3.293748804392054}}",False,"{""floor"": false, ""mom_sector_pct"": 98.30508474576271, ""eps_rev_proxy"": null}"
LRCX,707549,Lam Research,Information Technology,Semiconductor Materials & Equipment,Semiconductors and Semiconductor Equipment,14.250513347022586,5.9986310746064335,2786875917.2609096,1.1174336907464042,-0.19081827487222736,1.1666723788277173,10.0,0.47361484816849553,0.04403542890938855,0.22398496048547453,0.2519302274502316,0.22405296020770388,0.23868774637910128,0.2615276022353251,0.23980833792677111,7,9,False,0.09696783854733271,0.08592547483092305,0.10646848811249732,False,0.5046900724797688,0.19390225583003948,,1.0656128591226468,0.8656931939080529,,1.0181825683867596,98.84615384615385,3.4538277343231507,37.67824008296656,260.0,,314.4700012207031,1251321000.0,393502916397.49146,389473834397.49146,8441839000.0,-4029082000.0,5857657000.0,966405000.0,386381000.0,,-4029082000.0,23232690000.0,8199795000.0,4891252000.0,4504871000.0,,,7265396000.0,7210281690.944104,0.12067537164720538,0.8541126750870401,47.49799652277788,86.45615699039806,0.01156655621543601,,,54.16124825095445,0.6732257952629148,,1630000000.0,147645000.0,0.21057556297863533,7.0,0.8388600449527663,0.8541126750870401,99.23076923076923,3.541941176485318,42.0260441022732,260.0,[],True,0.9,ig,Semiconductors and Semiconductor Equipment,92.85714285714286,68.75,37.5,66.66666666666666,65.625,26.666666666666668,,25.0,86.4406779661017,0.7,61.11132610042564,"{'profitability': 88.8, 'growth': 76.2, 'balance': None, 'stability': 73.3}",11.225286013566969,True,0.42597361322114935,56.46741898101871,68.91891891891892,36.16830605699631,2.0,False,"{""floor"": true, ""depressed_arms"": {""self_pct"": false, ""self_z"": false, ""median_ratio"": false}, ""yield_arm"": false, ""residual_arm"": false, ""brakes"": {""gm"": true, ""fcf_margin"": false, ""roic"": true}, ""self_pct"": 99.23076923076923, ""self_z"": 3.541941176485318, ""median_ratio"": 42.0260441022732, ""fcf_yield"": 0.01156655621543601, ""yield_threshold"": 0.0495, ""gs10"": 0.0495, ""residual_pct"": 68.91891891891892, ""brake_values"": {""gm"": 1.0656128591226468, ""fcf_margin"": 0.8656931939080529, ""roic"": 1.0181825683867596}}",False,"{""floor"": true, ""mom_sector_pct"": 86.4406779661017, ""eps_rev_proxy"": 2.0}"
CRM,1108524,Salesforce,Information Technology,Application Software,Software and Services,18.036960985626283,5.9986310746064335,2727440731.0229588,0.08574484775651636,-0.14000181764977193,-0.04644005483058655,10.0,0.7543583833559248,0.02397220797771279,0.1780533061037523,0.19252947757982614,0.36299656798405766,0.17086567660694313,0.18208681183119602,0.5002099126931402,9,9,False,0.14335729427517552,0.2862300905601418,0.417854733938382,True,0.772816241066958,0.2614820883972871,,1.0244682873794277,1.4685607030791135,,1.714042535507176,11.538461538461538,-1.0991675063787043,0.48106217016820774,260.0,,227.27000427246094,823000000.0,187043213516.23535,220931434516.23535,72266221000.0,33888221000.0,15750000000.0,596000000.0,3665000000.0,,33888221000.0,43938000000.0,8735000000.0,15154000000.0,11489000000.0,,,9662000000.0,6799127527.59204,0.221622492548135,0.0940844482180968,25.29266565726793,19.229822831946674,0.05200255918836086,,,19.358643501990827,1.5684123369902712,,59250000000.0,6142000000.0,0.9048764290580519,0.0,0.0548903812298087,0.06475740190396975,11.538461538461538,-1.0319203875627623,0.46163448318100325,260.0,[],True,0.9,ig,Software and Services,15.789473684210526,45.45454545454545,38.88888888888889,15.0,63.63636363636363,47.61904761904761,,45.45454545454546,44.06779661016949,0.7,58.8838285667734,"{'profitability': 54.7, 'growth': 100.0, 'balance': None, 'stability': 79.5}",58.68393990351019,False,-0.5130423712587966,32.12082962634771,,58.7838842351418,,False,"{""floor"": false, ""depressed_arms"": {""self_pct"": true, ""self_z"": true, ""median_ratio"": true}, ""yield_arm"": true, ""residual_arm"": false, ""brakes"": {""gm"": true, ""fcf_margin"": true, ""roic"": true}, ""self_pct"": 11.538461538461538, ""self_z"": -1.0319203875627623, ""median_ratio"": 0.46163448318100325, ""fcf_yield"": 0.05200255918836086, ""yield_threshold"": 0.0495, ""gs10"": 0.0495, ""residual_pct"": null, ""brake_values"": {""gm"": 1.0244682873794277, ""fcf_margin"": 1.4685607030791135, ""roic"": 1.714042535507176}}",False,"{""floor"": false, ""mom_sector_pct"": 44.06779661016949, ""eps_rev_proxy"": null}"
NFLX,1065280,Netflix,Communication Services,Movies & Entertainment,Media and Entertainment,15.775496235455167,5.9986310746064335,2519506212.7662535,-0.3215239525624345,-0.43257817912430674,-0.39973291959486656,5.0,,,0.1164012209587683,0.17048905916843188,0.7274362431016872,0.1210680691508905,0.17332550173244426,0.7749736536114266,9,9,False,0.12569512175392594,,,False,0.49117872109690064,0.22047776628047472,0.22970677080891258,,1.8941190175193476,1.89733570891118,1.367695307751628,72.07207207207207,0.1547291788140488,3.5918810921686486,222.0,,69.2300033569336,4163939676.0,288269557747.54895,295781374747.54895,37663869000.0,7511817000.0,11970833000.0,818828000.0,487327000.0,372414000.0,7511817000.0,48370764000.0,14354517000.0,11152005000.0,10664678000.0,11111092000.0,14726931000.0,13649441000.0,11879956398.787157,0.1723889839841245,0.3154205001824735,20.605456439081088,27.734674665990756,0.03605594844875666,26.62036951431497,0.037565218599323165,21.11951381360958,0.8170301626271728,0.510073483742132,,33837573000.0,0.8984093747777213,7.0,0.23062190708323574,0.1991989984775381,76.92307692307693,0.6899261960015407,3.7866891413099983,208.0,['fcf_cagr5 gate'],False,0.9,ig,Media and Entertainment,62.5,44.44444444444444,,62.5,11.11111111111111,37.5,44.44444444444444,44.44444444444444,27.27272727272727,1.0,58.972193162538034,"{'profitability': 83.9, 'growth': 100.0, 'balance': 83.0, 'stability': 66.7}",33.34160722966246,False,-0.15785630298805486,32.4772461714679,,46.156900196100246,,False,"{""floor"": false, ""depressed_arms"": {""self_pct"": false, ""self_z"": false, ""median_ratio"": false}, ""yield_arm"": false, ""residual_arm"": false, ""brakes"": {""gm"": false, ""fcf_margin"": true, ""roic"": true}, ""self_pct"": 76.92307692307693, ""self_z"": 0.6899261960015407, ""median_ratio"": 3.7866891413099983, ""fcf_yield"": 0.03605594844875666, ""yield_threshold"": 0.0495, ""gs10"": 0.0495, ""residual_pct"": null, ""brake_values"": {""gm"": null, ""fcf_margin"": 1.8941190175193476, ""roic"": 1.367695307751628}}",False,"{""floor"": false, ""mom_sector_pct"": 27.27272727272727, ""eps_rev_proxy"": null}"
WMT,104169,Walmart,Consumer Staples,Consumer Staples Merchandise Retail,Consumer Staples Distribution and Retail,44.07939767282683,5.9986310746064335,2374832638.181445,0.05850958383540039,-0.18274389873255126,0.07421832424323593,10.0,0.2399505174184396,0.014630526268597002,0.02054147379976837,0.01977946164345804,0.1222654914322255,0.03280632628644076,0.03479418505703163,0.23092713764768005,9,9,False,0.049341097880894136,,,False,0.24473757182902156,0.018544448196621394,0.038203567496629905,1.0199501733194183,0.9027808022631028,1.1645183054958486,1.0970919331898368,71.15384615384616,0.7427315578097254,1.34100761016044,260.0,sbc_unreported;gm_derived,108.7300033569336,7933746241.0,862636255416.9893,931130255416.9893,166732000000.0,68494000000.0,42923000000.0,29414000000.0,,15093000000.0,62226000000.0,728466000000.0,32280000000.0,13509000000.0,13509000000.0,27830000000.0,47373000000.0,22076000000.0,24773765861.64552,0.23253513439759857,0.1485843501046321,28.845423030266087,68.92666040543261,0.014508174255330419,33.457788552532854,0.029888406952834817,39.07574992829268,0.6119315093314006,1.313533025140903,28260000000.0,4300000000.0,0.1952834488880359,7.0,0.13543473031710063,0.14185582959684043,90.0,1.1781849474765536,1.6670127758303144,260.0,['fcf_cagr5 gate'],False,1.0,sector,Consumer Staples,45.83333333333333,7.4074074074074066,16.666666666666664,52.083333333333336,55.55555555555556,4.166666666666666,68.0,11.111111111111114,51.85185185185185,1.0,41.46965449260149,"{'profitability': 39.2, 'growth': 41.1, 'balance': 56.2, 'stability': 92.4}",11.68578560993246,False,0.933847967955935,27.0908241607279,,26.577720051266976,,False,"{""floor"": false, ""depressed_arms"": {""self_pct"": false, ""self_z"": false, ""median_ratio"": false}, ""yield_arm"": false, ""residual_arm"": false, ""brakes"": {""gm"": true, ""fcf_margin"": false, ""roic"": true}, ""self_pct"": 90.0, ""self_z"": 1.1781849474765536, ""median_ratio"": 1.6670127758303144, ""fcf_yield"": 0.014508174255330419, ""yield_threshold"": 0.0495, ""gs10"": 0.0495, ""residual_pct"": null, ""brake_values"": {""gm"": 1.0199501733194183, ""fcf_margin"": 0.9027808022631028, ""roic"": 1.0970919331898368}}",False,"{""floor"": false, ""mom_sector_pct"": 51.85185185185185, ""eps_rev_proxy"": null}"
GEV,1996810,GE Vernova,Industrials,Heavy Electrical Equipment,Capital Goods,2.4914442162902124,2.510609171800137,2201201922.9915714,0.5867308299310217,-0.17310855280637694,0.5999037653849435,3.0,0.15841942273393206,0.1929980071217351,0.034568188873811315,0.030979716393012665,1.235447050882942,0.022805023948241368,0.023534097847272745,2.264697566736727,3,3,False,,,,False,0.2020692822781444,0.3006744506490681,0.31273720598544735,1.2755335096601317,8.698009946273395,13.713522366617132,,,,,,sbc_unreported,949.77001953125,266333581.0,252955650428.19775,242178650428.19775,1180000000.0,-10777000000.0,14139000000.0,1701000000.0,,1202000000.0,-11935000000.0,41367000000.0,1800000000.0,12438000000.0,12438000000.0,12937000000.0,3002000000.0,9529000000.0,1123378702.96237,0.3759007205764612,0.9520158499681101,134.54369468233207,19.470867537240533,0.051358779884223014,18.719846210728743,0.053419242270637816,26.545875792653767,1.305278623150383,-3.975682878081279,9689000000.0,727000000.0,8.827118644067797,1.0,,,,,,,"['rev_cagr5 gate', 'fcf_cagr5 gate']",False,0.8,ig,Capital Goods,,7.317073170731707,12.5,6.097560975609756,2.380952380952381,69.23076923076923,97.29729729729729,2.439024390243901,93.75,0.7,41.75794392212882,"{'profitability': 56.2, 'growth': None, 'balance': 100.0, 'stability': 55.7}",,False,,,,,,False,"{""floor"": false, ""depressed_arms"": {""self_pct"": false, ""self_z"": false, ""median_ratio"": false}, ""yield_arm"": true, ""residual_arm"": false, ""brakes"": {""gm"": true, ""fcf_margin"": true, ""roic"": false}, ""self_pct"": null, ""self_z"": null, ""median_ratio"": null, ""fcf_yield"": 0.051358779884223014, ""yield_threshold"": 0.0495, ""gs10"": 0.0495, ""residual_pct"": null, ""brake_values"": {""gm"": 1.2755335096601317, ""fcf_margin"": 8.698009946273395, ""roic"": null}}",False,"{""floor"": false, ""mom_sector_pct"": 93.75, ""eps_rev_proxy"": null}"
NOW,1373715,ServiceNow,Information Technology,Systems Software,Software and Services,6.855578370978781,5.9986310746064335,2097029177.1980844,-0.22585386025069232,-0.2934087351594383,-0.27961551985891187,10.0,0.7812806860861385,0.009663407531349569,0.1383626386143415,0.12261732248355812,0.33567166111186414,0.1490236812961451,0.1373314011815851,0.526454882936996,9,9,False,0.24056083043090437,0.2733374147765524,,False,0.7476920988324736,0.1625712734184089,0.13928862340483303,0.9570082969516006,1.1749651137511492,0.9346744235101385,0.9694415986861162,98.07692307692307,3.4271069949725237,2.6317163497013114,260.0,,131.4499969482422,1034000000.0,135919296844.48242,137918296844.48242,14515000000.0,1999000000.0,5308000000.0,728000000.0,2185000000.0,1071000000.0,1999000000.0,14732000000.0,1680000000.0,4580000000.0,2395000000.0,2052000000.0,2751000000.0,1670000000.0,1195907928.3887467,0.28815004262574595,0.08239117660273833,82.09422431219191,57.58592770124527,0.017365353653551983,67.21164563571269,0.014878373986258318,81.38880050567809,2.7425149700598803,0.7266448564158487,9837000000.0,3781000000.0,0.9382018601446779,2.0,0.08498828265096428,0.08026680453609913,98.07692307692307,2.8965375317977573,2.068866976339137,260.0,[],True,1.0,ig,Software and Services,31.57894736842105,27.27272727272727,50.0,30.0,63.63636363636363,90.47619047619048,30.0,18.181818181818173,15.254237288135593,1.0,58.043564316381165,"{'profitability': 44.6, 'growth': 100.0, 'balance': 75.8, 'stability': 82.3}",11.68542814635573,False,0.5744265311807202,32.42246983743895,,34.86449623136845,,False,"{""floor"": false, ""depressed_arms"": {""self_pct"": false, ""self_z"": false, ""median_ratio"": false}, ""yield_arm"": false, ""residual_arm"": false, ""brakes"": {""gm"": false, ""fcf_margin"": true, ""roic"": true}, ""self_pct"": 98.07692307692307, ""self_z"": 2.8965375317977573, ""median_ratio"": 2.068866976339137, ""fcf_yield"": 0.017365353653551983, ""yield_threshold"": 0.0495, ""gs10"": 0.0495, ""residual_pct"": null, ""brake_values"": {""gm"": 0.9570082969516006, ""fcf_margin"": 1.1749651137511492, ""roic"": 0.9694415986861162}}",False,"{""floor"": false, ""mom_sector_pct"": 15.254237288135593, ""eps_rev_proxy"": null}"
PANW,1327567,Palo Alto Networks,Information Technology,Systems Software,Software and Services,3.277207392197125,5.9986310746064335,2080726424.1046472,0.608475340695416,0.0,0.8924175477471432,10.0,0.7183577778958825,0.028313735439498337,0.21191159452547717,0.22584763590465276,0.25902955783433673,0.19222723874043474,0.20613112423288407,0.3158396888919708,9,9,False,0.21951181689477006,0.2428435124901247,0.2915334401172134,True,0.7035714285714286,0.20374564459930314,0.167595818815331,0.9794164554495893,0.9614652990344411,0.8718630091838148,0.17956216266539698,100.0,4.1299216738299425,5.912470762665853,260.0,,392.0899963378906,818000000.0,320729617004.39453,320443117004.39453,27205500000.0,-286500000.0,4553000000.0,440000000.0,1774000000.0,855000000.0,-286500000.0,11480000000.0,695000000.0,4113000000.0,2339000000.0,1924000000.0,1550000000.0,307000000.0,516722039.18324864,0.25651505153489407,0.018993293237883832,461.06923309984825,137.00005002325545,0.007299267407787458,166.55047661351068,0.00600418575997566,1044.7218794931418,13.397394136807817,-0.18483870967741936,22010000000.0,7017000000.0,1.0669533733987613,3.0,0.10577558743974733,0.11304825377531981,98.07692307692307,3.5609353888884203,5.362163219074186,260.0,[],True,1.0,ig,Software and Services,36.84210526315789,63.63636363636363,33.33333333333333,40.0,63.63636363636363,100.0,55.0,4.545454545454547,76.27118644067797,1.0,65.8569519133851,"{'profitability': 45.5, 'growth': 100.0, 'balance': 100.0, 'stability': 84.2}",4.574693181717285,False,1.4364514295918211,32.57450285582438,,35.21582254755119,,False,"{""floor"": false, ""depressed_arms"": {""self_pct"": false, ""self_z"": false, ""median_ratio"": false}, ""yield_arm"": false, ""residual_arm"": false, ""brakes"": {""gm"": true, ""fcf_margin"": true, ""roic"": false}, ""self_pct"": 98.07692307692307, ""self_z"": 3.5609353888884203, ""median_ratio"": 5.362163219074186, ""fcf_yield"": 0.007299267407787458, ""yield_threshold"": 0.0495, ""gs10"": 0.0495, ""residual_pct"": null, ""brake_values"": {""gm"": 0.9794164554495893, ""fcf_margin"": 0.9614652990344411, ""roic"": 0.17956216266539698}}",False,"{""floor"": false, ""mom_sector_pct"": 76.27118644067797, ""eps_rev_proxy"": null}"
XOM,2115436,ExxonMobil,Energy,Integrated Oil & Gas,Energy,69.57152635181383,5.9986310746064335,2080455030.0193067,0.4488068271611443,-0.0368876644091074,0.4765165230940702,4.0,0.2390187961271401,0.06815941121822523,0.10246022683555203,0.09524142024927004,0.35890465282497397,0.10234458088807989,0.09842401821550431,0.2765190996376004,1,3,False,,,,False,0.20630920068686645,0.08462028471722151,0.08330194427518972,0.8631505305429009,0.8258842219140944,0.8139360535980458,0.700491076313704,,,,,sbc_unreported;facts_yf,162.52000427246094,4111911960.0,668267949307.1832,706778949307.1832,297891000000.0,38511000000.0,59727000000.0,29174000000.0,,29650000000.0,31780000000.0,361060000000.0,38723000000.0,30553000000.0,30553000000.0,30077000000.0,68373000000.0,32757000000.0,28798491643.515457,0.25629492437271245,0.09667459454470077,18.25217440041276,23.132882182017582,0.04322850875786473,23.49898425066274,0.0425550308614636,20.400767753676565,0.9327166712458406,0.4648033580506925,,,0.0,2.0,0.13800974461151674,0.12177360310836151,,,,,"['rev_cagr5 gate', 'fcf_cagr5 gate']",False,0.9,ig,Energy,45.45454545454545,50.0,60.0,45.45454545454545,13.636363636363635,50.0,72.72727272727273,18.181818181818173,54.54545454545454,0.7,25.01700973866813,"{'profitability': 41.1, 'growth': None, 'balance': 84.5, 'stability': 41.9}",,False,0.18048312190537175,19.312874663679242,,,,False,"{""floor"": false, ""depressed_arms"": {""self_pct"": false, ""self_z"": false, ""median_ratio"": false}, ""yield_arm"": false, ""residual_arm"": false, ""brakes"": {""gm"": false, ""fcf_margin"": false, ""roic"": false}, ""self_pct"": null, ""self_z"": null, ""median_ratio"": null, ""fcf_yield"": 0.04322850875786473, ""yield_threshold"": 0.0495, ""gs10"": 0.0495, ""residual_pct"": null, ""brake_values"": {""gm"": 0.8631505305429009, ""fcf_margin"": 0.8258842219140944, ""roic"": 0.700491076313704}}",False,"{""floor"": false, ""mom_sector_pct"": 54.54545454545454, ""eps_rev_proxy"": null}"
CSCO,858877,Cisco,Information Technology,Communications Equipment,Technology Hardware and Equipment,32.82683093771389,5.9986310746064335,2072224156.4592006,0.6312152130303363,-0.12097506715381368,0.594468069781473,10.0,0.6389395685235996,0.016210277008174703,0.18949024147046223,0.17027923888869276,0.2143838302515839,0.19161465824524232,0.1738976947788329,0.29969409795918445,7,9,False,0.04915047605967504,-0.028620952708283687,-0.056357137883215724,False,0.645242795104619,0.14112909593367548,0.15234109751283065,1.0098651373174217,0.7447829230597857,0.7950388498872225,0.7144654137237557,92.6923076923077,2.307040049945353,2.665899833678248,260.0,,106.73999786376953,3942586873.0,420831714401.7458,436098714401.7458,65552000000.0,15267000000.0,14177000000.0,1410000000.0,3830000000.0,700000000.0,15267000000.0,63325000000.0,15368000000.0,12767000000.0,8937000000.0,9647000000.0,16068000000.0,13267000000.0,12735789618.339684,0.17127865575613718,0.19428529439742012,28.37706366487154,48.796991652875214,0.020493066603647442,45.20563018573088,0.02212113836023127,31.720186508008275,0.9623125047109369,0.9501493651979089,59477000000.0,7557000000.0,1.0226080058579448,10.0,0.27193099996935544,0.19428529439742012,92.6923076923077,2.4246678138489384,2.941924242319016,260.0,[],True,1.0,ig,Technology Hardware and Equipment,61.904761904761905,89.47368421052632,85.0,85.71428571428571,64.28571428571429,33.33333333333333,50.0,47.61904761904761,77.96610169491525,1.0,43.90921481872899,"{'profitability': 76.8, 'growth': 20.5, 'balance': 68.3, 'stability': 76.5}",23.071932139148945,False,0.3085359272689523,35.84244254789374,,33.49057347893897,,False,"{""floor"": false, ""depressed_arms"": {""self_pct"": false, ""self_z"": false, ""median_ratio"": false}, ""yield_arm"": false, ""residual_arm"": false, ""brakes"": {""gm"": true, ""fcf_margin"": false, ""roic"": false}, ""self_pct"": 92.6923076923077, ""self_z"": 2.4246678138489384, ""median_ratio"": 2.941924242319016, ""fcf_yield"": 0.020493066603647442, ""yield_threshold"": 0.0495, ""gs10"": 0.0495, ""residual_pct"": null, ""brake_values"": {""gm"": 1.0098651373174217, ""fcf_margin"": 0.7447829230597857, ""roic"": 0.7144654137237557}}",False,"{""floor"": false, ""mom_sector_pct"": 77.96610169491525, ""eps_rev_proxy"": null}"
QCOM,804328,Qualcomm,Information Technology,Semiconductors,Semiconductors and Semiconductor Equipment,27.189596167008897,5.9986310746064335,2018850404.7798,0.01817009839432049,-0.24628887404779987,0.13124641153699823,10.0,0.5653804415454701,0.017113839777244726,0.1935039362198669,0.20809747959244473,0.20819332165269014,0.19031991938475704,0.20142703146655716,0.18806940225394744,6,9,False,0.13480513327048627,0.23808081787161428,0.2457309396155174,False,0.5422632689645783,0.16279016996074339,0.17213914543102862,0.9591121820243713,0.8412757545964062,0.904472563815175,0.513630288850838,86.53846153846155,1.0383560093521094,1.1728436424955868,260.0,gm_derived,187.47999572753906,1050000000.0,196853995513.91602,206681995513.91602,37486000000.0,9828000000.0,12401000000.0,1985000000.0,3242000000.0,1573000000.0,9828000000.0,44069000000.0,10220000000.0,10416000000.0,7174000000.0,7586000000.0,11793000000.0,9260000000.0,8440706386.014984,0.17409917945058864,0.2251695669320542,20.22328723228141,28.809868345959856,0.03471032869680693,27.245187913777485,0.03670372922971527,21.258530833036286,1.1248380129589632,0.8333757313660646,14274000000.0,74000000.0,0.38275622899215705,10.0,0.4383884124821251,0.43661223362610413,90.0,1.3023438452272393,1.2698847172839869,260.0,[],True,1.0,ig,Semiconductors and Semiconductor Equipment,85.71428571428571,56.25,62.5,93.33333333333333,65.625,66.66666666666666,14.285714285714292,81.25,35.59322033898305,1.0,60.309295510733314,"{'profitability': 82.6, 'growth': 100.0, 'balance': 72.2, 'stability': 71.2}",38.78809860904208,True,-0.6590712766749203,55.68936839128189,14.864864864864865,49.5486970598877,-9.0,False,"{""floor"": true, ""depressed_arms"": {""self_pct"": false, ""self_z"": false, ""median_ratio"": false}, ""yield_arm"": false, ""residual_arm"": true, ""brakes"": {""gm"": false, ""fcf_margin"": false, ""roic"": false}, ""self_pct"": 90.0, ""self_z"": 1.3023438452272393, ""median_ratio"": 1.2698847172839869, ""fcf_yield"": 0.03471032869680693, ""yield_threshold"": 0.0495, ""gs10"": 0.0495, ""residual_pct"": 14.864864864864865, ""brake_values"": {""gm"": 0.9591121820243713, ""fcf_margin"": 0.8412757545964062, ""roic"": 0.513630288850838}}",False,"{""floor"": true, ""mom_sector_pct"": 35.59322033898305, ""eps_rev_proxy"": -9.0}"
APP,1751008,AppLovin,Communication Services,Advertising,Media and Entertainment,1.0184804928131417,5.462012320328542,1918685702.469169,-0.5304938880813563,-0.5727019527831886,-0.5485383065417286,6.0,0.7447791581884224,0.166146677211224,0.26788585997665004,0.22913579295030198,0.712417358367512,0.1946952220104903,0.11369275726179603,1.5961773375733628,5,6,False,0.304454229088547,,,False,0.8846386447222221,,0.6020021015872606,1.1877865203344162,,3.0920229853140637,3.3624458943326534,1.8292682926829267,-1.178057938821429,0.2850594451081629,164.0,gm_derived,308.239990234375,335291000.0,103350094565.67383,104166267565.67383,3979189000.0,816173000.0,4527589000.0,,282376000.0,134066000.0,816173000.0,6829124000.0,5288460000.0,,,4111147000.0,5422526000.0,4410201000.0,4475303690.81872,0.15376051046642694,1.124677337723521,19.696899960607404,,,25.337519569520094,0.03946716241328355,23.434327497924432,,0.15051527645971638,1518587000.0,355661000.0,0.4710125605996599,3.0,0.33448191378161535,0.16355620741106636,4.621848739495799,-0.7208642256254916,0.5366993743880972,238.0,['fcf_cagr5 gate'],False,0.8,ig,Media and Entertainment,87.5,88.88888888888889,75.0,37.5,22.22222222222222,,66.66666666666667,55.55555555555556,9.090909090909092,1.0,46.63911901604545,"{'profitability': 86.7, 'growth': 100.0, 'balance': 95.0, 'stability': 50.1}",,False,,,,,,False,"{""floor"": false, ""depressed_arms"": {""self_pct"": true, ""self_z"": false, ""median_ratio"": true}, ""yield_arm"": false, ""residual_arm"": false, ""brakes"": {""gm"": true, ""fcf_margin"": false, ""roic"": true}, ""self_pct"": 4.621848739495799, ""self_z"": -0.7208642256254916, ""median_ratio"": 0.5366993743880972, ""fcf_yield"": null, ""yield_threshold"": 0.0495, ""gs10"": 0.0495, ""residual_pct"": null, ""brake_values"": {""gm"": 1.1877865203344162, ""fcf_margin"": null, ""roic"": 3.3624458943326534}}",False,"{""floor"": false, ""mom_sector_pct"": 9.090909090909092, ""eps_rev_proxy"": null}"
UNH,731766,UnitedHealth Group,Health Care,Managed Health Care,Health Care Equipment and Services,32.24640657084189,5.9986310746064335,1833113713.5043728,0.1249852568953369,-0.1115555382693093,0.0768757665109725,10.0,0.8907926977881928,0.00559426179482579,0.056981498442376356,0.06625818708257315,0.15416652476341944,0.0585865788802515,0.06725730796913737,0.15147023396074094,9,9,False,0.11721651214881779,,,False,0.8857127623414621,0.050194499798946524,,0.994297286608496,0.8808911869825025,,0.720563516050539,,,,,gm_derived,377.8299865722656,897594847.0,339138248989.34485,387732248989.34485,153107000000.0,48594000000.0,27017000000.0,3400000000.0,1023000000.0,,42528000000.0,450129000000.0,21676000000.0,23617000000.0,22594000000.0,,,14122000000.0,18533974311.926605,0.14495412844036698,0.12105242942469388,17.887629128499025,17.160850180992515,0.0582721712183938,,,24.01488804626433,1.6723551904829344,,110645000000.0,2795000000.0,0.7409197489337522,7.0,0.16799688955692765,0.18845202378848547,27.692307692307693,-0.1550877946552399,0.8422791516843194,260.0,['fcf_cagr5 gate'],False,0.9,ig,Health Care Equipment and Services,59.25925925925925,27.586206896551722,95.45454545454545,76.78571428571429,58.333333333333336,79.3103448275862,,63.333333333333336,40.476190476190474,0.7,59.527585908042745,"{'profitability': 40.3, 'growth': 97.7, 'balance': None, 'stability': 91.7}",62.09867264211389,False,-0.4018916817992362,25.649454875624816,,60.81312927507832,,False,"{""floor"": false, ""depressed_arms"": {""self_pct"": false, ""self_z"": false, ""median_ratio"": false}, ""yield_arm"": true, ""residual_arm"": false, ""brakes"": {""gm"": true, ""fcf_margin"": false, ""roic"": false}, ""self_pct"": 27.692307692307693, ""self_z"": -0.1550877946552399, ""median_ratio"": 0.8422791516843194, ""fcf_yield"": 0.0582721712183938, ""yield_threshold"": 0.0495, ""gs10"": 0.0495, ""residual_pct"": null, ""brake_values"": {""gm"": 0.994297286608496, ""fcf_margin"": 0.8808911869825025, ""roic"": 0.720563516050539}}",False,"{""floor"": false, ""mom_sector_pct"": 40.476190476190474, ""eps_rev_proxy"": null}"
COST,909832,Costco,Consumer Staples,Consumer Staples Merchandise Retail,Consumer Staples Distribution and Retail,32.993839835728956,5.9986310746064335,1812675732.8186588,0.006230136180401802,-0.11874985284446693,0.014119630015957174,10.0,,,0.021816050527772142,0.024013800917679365,0.24614911652656876,0.03144516513801062,0.033236529559177046,0.23676064149093223,9,9,False,0.10540604135545939,,,False,0.12875910718117622,0.026891517676191384,0.039252419214747244,,1.2326483036862286,1.2482815416128723,1.155863064441664,35.0,-0.44682517918197223,0.9020623142646866,260.0,,922.9199829101562,443478804.0,409295450208.69653,399158450208.69653,23372000000.0,-10137000000.0,15000000000.0,6194000000.0,911000000.0,2565000000.0,-10137000000.0,293587000000.0,11225000000.0,8806000000.0,7895000000.0,11524000000.0,13790000000.0,8838000000.0,8405258662.1750765,0.251201900919815,0.3596294139215761,35.559772847099914,50.55838508026555,0.019779112770560582,34.63714423886641,0.02887074041392529,46.31086786701703,0.9963792713283548,-0.735097897026831,994000000.0,,0.04252952250556221,10.0,0.31113496484576564,0.30592835813443564,37.30769230769231,-0.26150539557907043,0.9210802730587544,260.0,['fcf_cagr5 gate'],False,0.9,sector,Consumer Staples,87.5,18.51851851851852,,87.5,55.55555555555556,33.33333333333333,92.0,3.7037037037037095,44.44444444444444,1.0,65.42812448840766,"{'profitability': 54.8, 'growth': 87.8, 'balance': 100.0, 'stability': 83.6}",30.874632176321843,True,0.6061508684653365,27.576885506857632,77.02702702702703,48.15137833236475,-9.0,False,"{""floor"": true, ""depressed_arms"": {""self_pct"": false, ""self_z"": false, ""median_ratio"": false}, ""yield_arm"": false, ""residual_arm"": false, ""brakes"": {""gm"": false, ""fcf_margin"": true, ""roic"": true}, ""self_pct"": 37.30769230769231, ""self_z"": -0.26150539557907043, ""median_ratio"": 0.9210802730587544, ""fcf_yield"": 0.019779112770560582, ""yield_threshold"": 0.0495, ""gs10"": 0.0495, ""residual_pct"": 77.02702702702703, ""brake_values"": {""gm"": null, ""fcf_margin"": 1.2326483036862286, ""roic"": 1.155863064441664}}",False,"{""floor"": true, ""mom_sector_pct"": 44.44444444444444, ""eps_rev_proxy"": -9.0}"
TXN,97476,Texas Instruments,Information Technology,Semiconductors,Semiconductors and Semiconductor Equipment,25.54962354551677,5.9986310746064335,1696021827.3363798,0.47034609611949363,-0.13357187591681374,0.5833927199953539,10.0,0.6285770394545432,0.07540584222462968,0.17255260217388493,0.12351543942992874,0.6084619884103073,0.3249072764760771,0.2827824307908702,0.24105572457726998,6,9,False,0.041038070937830184,-0.13864859842051325,-0.006834353545900451,False,0.5832519405747185,0.2542024366421632,0.31321647046728013,0.9278925318061948,1.4731880796906092,0.9640180234324246,0.6195148921453446,88.46153846153845,1.1588410774198386,1.4029996544029055,260.0,,278.30999755859375,913247686.0,254165961261.0514,261947961261.0514,25789000000.0,7782000000.0,8667000000.0,3312000000.0,410000000.0,2164000000.0,7782000000.0,19453000000.0,7254000000.0,5355000000.0,4945000000.0,6093000000.0,9418000000.0,6052000000.0,6355125651.418645,0.1239143022582513,0.24642776576907383,36.11083006080113,52.972287413761656,0.018877795330775358,42.99162338110149,0.023260345187141405,41.99701937558681,0.8848314606741573,0.8262900828201316,4330000000.0,314000000.0,0.18007677692039242,10.0,0.39777537052532924,0.3199069778528573,44.230769230769226,-0.45194379933640755,0.6192556861457102,260.0,['fcf_cagr5 gate'],False,1.0,ig,Semiconductors and Semiconductor Equipment,71.42857142857143,50.0,87.5,93.33333333333333,65.625,53.333333333333336,21.42857142857143,68.75,67.79661016949152,1.0,28.823916600937615,"{'profitability': 74.7, 'growth': 17.1, 'balance': 72.5, 'stability': 50.8}",47.139402429019846,False,-0.04794180247423219,55.57373515193438,,37.98165951497873,,False,"{""floor"": false, ""depressed_arms"": {""self_pct"": false, ""self_z"": false, ""median_ratio"": true}, ""yield_arm"": false, ""residual_arm"": false, ""brakes"": {""gm"": false, ""fcf_margin"": true, ""roic"": false}, ""self_pct"": 44.230769230769226, ""self_z"": -0.45194379933640755, ""median_ratio"": 0.6192556861457102, ""fcf_yield"": 0.018877795330775358, ""yield_threshold"": 0.0495, ""gs10"": 0.0495, ""residual_pct"": null, ""brake_values"": {""gm"": 0.9278925318061948, ""fcf_margin"": 1.4731880796906092, ""roic"": 0.6195148921453446}}",False,"{""floor"": false, ""mom_sector_pct"": 67.79661016949152, ""eps_rev_proxy"": null}"
VRT,1674101,Vertiv,Industrials,Electrical Components & Equipment,Capital Goods,0.5201916495550992,5.9986310746064335,1317991135.3054738,0.7525585209340466,-0.34180566124159484,0.5249678194456364,6.0,0.33355499729356763,0.09946548629009941,0.08063688618481042,0.1089287795780394,1.0194836544018606,0.058729996629034296,0.08807844737148852,1.375996812062986,7,8,False,0.18540311841994384,,,False,0.38038781839088465,0.25067075507857417,0.2539112861075299,1.1404050950437377,3.1086363442167864,4.323366263944309,2.3920058108698354,3.0303030303030303,-1.3327279173179718,0.6080377935007969,165.0,gm_derived,244.0399932861328,384988173.0,93952511154.16054,94425311154.16054,5230400000.0,472800000.0,3354200000.0,424400000.0,52200000.0,387200000.0,472800000.0,11479600000.0,2174600000.0,2929800000.0,2877600000.0,2914800000.0,2561800000.0,1732000000.0,1781902445.9478638,0.18058381037990254,0.3406818686807632,43.4219218036239,32.81391129905496,0.03047487972056535,32.39512527588875,0.030868841885426702,54.245098818799384,1.6915704387990762,0.184557732844094,2283300000.0,1894800000.0,0.7988107984092995,3.0,0.14242518439237267,0.17186136474685,10.982658959537572,-1.278197327189452,0.7232095502009013,173.0,"['tenure<1y', 'fcf_cagr5 gate']",False,1.0,ig,Capital Goods,54.054054054054056,39.02439024390244,43.75,28.04878048780488,11.904761904761903,92.3076923076923,83.78378378378378,9.756097560975604,96.875,1.0,49.42715961444846,"{'profitability': 64.8, 'growth': 100.0, 'balance': 93.8, 'stability': 58.8}",41.85652722701548,False,0.16364751053638527,27.860364175976798,,45.64184342073197,,False,"{""floor"": false, ""depressed_arms"": {""self_pct"": true, ""self_z"": true, ""median_ratio"": true}, ""yield_arm"": false, ""residual_arm"": false, ""brakes"": {""gm"": true, ""fcf_margin"": true, ""roic"": true}, ""self_pct"": 10.982658959537572, ""self_z"": -1.278197327189452, ""median_ratio"": 0.7232095502009013, ""fcf_yield"": 0.03047487972056535, ""yield_threshold"": 0.0495, ""gs10"": 0.0495, ""residual_pct"": null, ""brake_values"": {""gm"": 1.1404050950437377, ""fcf_margin"": 3.1086363442167864, ""roic"": 2.3920058108698354}}",False,"{""floor"": false, ""mom_sector_pct"": 96.875, ""eps_rev_proxy"": null}"
ADI,6281,Analog Devices,Information Technology,Semiconductors,Semiconductors and Semiconductor Equipment,26.965092402464066,5.9986310746064335,1268201443.3569336,0.5156851511042664,-0.0870626109426651,0.6545130937196701,10.0,0.6141865157382538,0.03807054903158704,0.3015783770617116,0.2934815611196392,0.18601321592356143,0.1824887497070502,0.18078915519263317,0.219258481727963,6,9,False,0.14485112925375,0.18349369163147533,0.18912213329543337,False,0.6579962143085192,0.3304622243429932,0.23226353979730502,1.071329632689194,1.0957755909515063,1.2727553899632633,1.8521335720334082,60.38461538461538,0.29173154207029645,1.0653951918521611,260.0,,395.42999267578125,484565465.0,191611718275.88654,197212860275.88654,39152039000.0,5601142000.0,5545325000.0,607830000.0,350103000.0,1970999000.0,5601142000.0,13881744000.0,4934886000.0,4937495000.0,4587392000.0,3224223000.0,6905885000.0,4135004000.0,4338176901.522546,0.12091649097414901,0.11080334542787276,39.96300224075826,42.99019143685269,0.02326111995730182,61.16601124546489,0.016348949026394857,46.33894387427111,1.1940726054920383,0.8110679514645842,27988737000.0,12200000.0,0.7151846421076563,2.0,0.059824705464533376,0.06268121327146056,86.92307692307692,1.0798326928234523,1.2242105332270259,260.0,[],True,1.0,ig,Semiconductors and Semiconductor Equipment,7.142857142857142,93.75,75.0,13.333333333333334,65.625,73.33333333333333,28.57142857142857,56.25,71.1864406779661,1.0,54.88654623975974,"{'profitability': 65.7, 'growth': 100.0, 'balance': 73.0, 'stability': 70.2}",29.129931731871395,False,-0.216234234100535,53.36772794381241,,42.00823898581557,,False,"{""floor"": false, ""depressed_arms"": {""self_pct"": false, ""self_z"": false, ""median_ratio"": false}, ""yield_arm"": false, ""residual_arm"": false, ""brakes"": {""gm"": true, ""fcf_margin"": true, ""roic"": true}, ""self_pct"": 86.92307692307692, ""self_z"": 1.0798326928234523, ""median_ratio"": 1.2242105332270259, ""fcf_yield"": 0.02326111995730182, ""yield_threshold"": 0.0495, ""gs10"": 0.0495, ""residual_pct"": null, ""brake_values"": {""gm"": 1.071329632689194, ""fcf_margin"": 1.0957755909515063, ""roic"": 1.8521335720334082}}",False,"{""floor"": false, ""mom_sector_pct"": 71.1864406779661, ""eps_rev_proxy"": null}"
KO,21344,Coca-Cola Company (The),Consumer Staples,Soft Drinks & Non-alcoholic Beverages,Food Beverage and Tobacco,69.57152635181383,5.9986310746064335,1258296969.5222707,0.34846135487072627,-0.03731923709101137,0.34279948111143876,10.0,0.6012535520477675,0.020293105333908545,0.18054797425150276,0.20747912750797745,0.32079410373034606,0.1929482019291689,0.2186308250395312,0.26293096547435896,6,9,False,0.07746156826284567,-0.09381715561220638,-0.05768840811094755,False,0.6174417660904148,0.24937099261423587,0.27010794578362146,1.0269241054585256,1.3811896458437294,1.3998987452745366,1.1793067151687637,67.23404255319149,0.16282258244219944,1.0836863835210246,235.0,,87.18000030517578,4302482418.0,375090418514.2534,404860418514.2534,63403000000.0,29770000000.0,14631000000.0,2069000000.0,272000000.0,1047000000.0,27669000000.0,49284000000.0,14462000000.0,12562000000.0,12290000000.0,13312000000.0,15509000000.0,13701000000.0,12029532141.13098,0.16819719671338812,0.1897312767713039,27.994773787460478,32.942263508075946,0.03035614112414726,30.413192496563507,0.032880467912501904,27.376864354007257,0.9168673819429238,1.7840608678831646,15411000000.0,355000000.0,0.24866331246155546,10.0,0.16088374154992627,0.16375180460192806,68.51063829787233,0.18379740662641855,1.1311700404053446,235.0,['fcf_cagr5 gate'],False,1.0,ig,Food Beverage and Tobacco,54.54545454545454,78.57142857142857,92.85714285714286,81.81818181818183,53.57142857142857,23.076923076923077,69.23076923076923,7.142857142857139,88.88888888888889,1.0,35.775025990113384,"{'profitability': 82.4, 'growth': 32.3, 'balance': 40.5, 'stability': 65.3}",24.18586969286728,False,0.49753066152669545,20.029892384635293,,29.98044784149033,,False,"{""floor"": false, ""depressed_arms"": {""self_pct"": false, ""self_z"": false, ""median_ratio"": false}, ""yield_arm"": false, ""residual_arm"": false, ""brakes"": {""gm"": true, ""fcf_margin"": true, ""roic"": true}, ""self_pct"": 68.51063829787233, ""self_z"": 0.18379740662641855, ""median_ratio"": 1.1311700404053446, ""fcf_yield"": 0.03035614112414726, ""yield_threshold"": 0.0495, ""gs10"": 0.0495, ""residual_pct"": null, ""brake_values"": {""gm"": 1.0269241054585256, ""fcf_margin"": 1.3811896458437294, ""roic"": 1.1793067151687637}}",False,"{""floor"": false, ""mom_sector_pct"": 88.88888888888889, ""eps_rev_proxy"": null}"
HD,354950,Home Depot (The),Consumer Discretionary,Home Improvement Retail,Consumer Discretionary Distribution and Retail,38.496919917864474,5.9986310746064335,1210346727.1388466,-0.164325092744947,-0.24259379156155014,-0.24543273534799825,10.0,0.3345460743662461,0.0033366901363473347,0.08979467774211614,0.09001237124314454,0.16312581627119477,0.0904167998030245,0.08805414238176201,0.16650976215620117,8,9,False,0.04506334520303379,-0.05038171248203038,-0.05152684703979871,False,0.33206246748947843,0.08594008606421714,0.08621790324868776,0.9925761888509003,0.9570732723272408,0.9535606594849171,0.5133106092118068,20.0,-1.0212612465089168,0.8384244344682268,260.0,,289.8900146484375,997689626.0,289220260295.73413,310993260295.73413,38390000000.0,21773000000.0,18779000000.0,3680000000.0,560000000.0,3633000000.0,21773000000.0,169176000000.0,21022000000.0,15099000000.0,14539000000.0,14586000000.0,24655000000.0,14231000000.0,15953485571.024698,0.24110524350562756,0.4155635730925944,14.793704704392262,21.39027858145224,0.04675020926876154,21.321353372805028,0.046901337945811666,20.3232562923009,1.0609936055090998,0.8831068748732509,22899000000.0,9833000000.0,0.8526178692367804,7.0,0.8095752661934965,0.8942910717646713,20.76923076923077,-1.0426865166009187,0.8360626694451722,260.0,['fcf_cagr5 gate'],False,1.0,ig,Consumer Discretionary Distribution and Retail,100.0,62.5,44.44444444444444,50.0,55.55555555555556,77.77777777777779,37.5,66.66666666666667,30.303030303030305,1.0,46.13783708901644,"{'profitability': 67.2, 'growth': 18.8, 'balance': 70.6, 'stability': 86.0}",62.02506278062846,False,-0.3239360787046959,29.573320653799207,,54.08144993482245,,False,"{""floor"": false, ""depressed_arms"": {""self_pct"": false, ""self_z"": true, ""median_ratio"": false}, ""yield_arm"": false, ""residual_arm"": false, ""brakes"": {""gm"": true, ""fcf_margin"": true, ""roic"": false}, ""self_pct"": 20.76923076923077, ""self_z"": -1.0426865166009187, ""median_ratio"": 0.8360626694451722, ""fcf_yield"": 0.04675020926876154, ""yield_threshold"": 0.0495, ""gs10"": 0.0495, ""residual_pct"": null, ""brake_values"": {""gm"": 0.9925761888509003, ""fcf_margin"": 0.9570732723272408, ""roic"": 0.5133106092118068}}",False,"{""floor"": false, ""mom_sector_pct"": 30.303030303030305, ""eps_rev_proxy"": null}"
ADBE,796343,Adobe Inc.,Information Technology,Application Software,Software and Services,29.401779603011637,5.9986310746064335,1205143062.077056,-0.2313836959345804,-0.3518783512784539,-0.3337659312077407,10.0,0.8841245778690814,0.0070930560183759955,0.3178719147729066,0.33278640245698177,0.14014141101557284,0.290673095844474,0.30590264630400943,0.15169398338179332,9,9,False,0.13057654594156753,0.13166711980319734,0.12354955232939746,False,0.8925298421255294,0.3281093569503273,0.30685406237966883,1.0095068777261078,1.0322061865224377,1.055667231561921,1.2704153499398687,1.5384615384615385,-1.5784399031710006,0.31814575020182545,260.0,,231.00999450683594,389200000.0,89909089862.06055,88166089862.06055,10021000000.0,-1743000000.0,10806000000.0,214000000.0,2071000000.0,766000000.0,-1743000000.0,25970000000.0,9271000000.0,10592000000.0,8521000000.0,7969000000.0,10037000000.0,7284000000.0,7276151707.790109,0.21517077901088244,0.7260903809789551,9.509879178304448,10.34691818590078,0.0966471351211271,11.063632809895916,0.09038622459573546,12.34336763619722,1.4541460735859417,-0.17365746737072832,14037000000.0,975000000.0,1.498054086418521,10.0,0.5715377896003243,0.48167714097804204,1.5384615384615385,-1.6224377118073579,0.32584710271149214,260.0,[],True,1.0,ig,Software and Services,94.73684210526315,95.45454545454545,94.44444444444444,97.5,63.63636363636363,33.33333333333333,50.0,95.45454545454545,13.559322033898304,1.0,92.28362384738375,"{'profitability': 100.0, 'growth': 100.0, 'balance': 100.0, 'stability': 92.3}",92.09858927908473,True,-1.1829100977172677,33.770877318023615,4.054054054054054,92.19110656323424,10.0,True,"{""floor"": true, ""depressed_arms"": {""self_pct"": true, ""self_z"": true, ""median_ratio"": true}, ""yield_arm"": true, ""residual_arm"": true, ""brakes"": {""gm"": true, ""fcf_margin"": true, ""roic"": true}, ""self_pct"": 1.5384615384615385, ""self_z"": -1.6224377118073579, ""median_ratio"": 0.32584710271149214, ""fcf_yield"": 0.0966471351211271, ""yield_threshold"": 0.0495, ""gs10"": 0.0495, ""residual_pct"": 4.054054054054054, ""brake_values"": {""gm"": 1.0095068777261078, ""fcf_margin"": 1.0322061865224377, ""roic"": 1.2704153499398687}}",True,"{""floor"": true, ""mom_sector_pct"": 13.559322033898304, ""eps_rev_proxy"": 10.0}"
BA,12927,Boeing,Industrials,Aerospace & Defense,Capital Goods,69.57152635181383,5.9986310746064335,1187712625.2074738,-0.01872400829688703,-0.26872891591127135,-0.14752659829816883,5.0,0.043849103906464355,0.948203502115392,-0.05186714378442213,-0.025742485720353665,,-0.05534079014685596,-0.0146876362295027,,6,9,False,0.0899505600378272,,,False,0.04677908399382946,-0.006872705994999734,0.01071333581573488,1.0668196114934325,0.13250596608066734,-0.19358841439208344,,,,,,,184.38999938964844,790370020.0,145736327505.39642,173703327505.39642,34067000000.0,27967000000.0,3639000000.0,3849000000.0,436000000.0,2196000000.0,27952000000.0,93995000000.0,4600000000.0,-210000000.0,-646000000.0,1007000000.0,6796000000.0,2435000000.0,4045882775.979863,0.12046026609133405,0.11876252020958297,37.76159293595575,,-0.0037189846002226457,172.49585650982763,0.0057972407003470654,59.850647846158694,-0.08624229979466119,4.113007651559741,17554000000.0,1531000000.0,0.560219567323216,2.0,,,,,,,['fcf_cagr5 gate'],False,0.8,ig,Capital Goods,,4.878048780487805,3.125,15.853658536585366,8.333333333333332,5.128205128205128,2.7027027027026946,14.63414634146342,31.25,1.0,15.27284090240671,"{'profitability': 29.7, 'growth': 75.0, 'balance': 0.0, 'stability': 44.4}",,False,,,,,,False,"{""floor"": false, ""depressed_arms"": {""self_pct"": false, ""self_z"": false, ""median_ratio"": false}, ""yield_arm"": false, ""residual_arm"": false, ""brakes"": {""gm"": true, ""fcf_margin"": false, ""roic"": false}, ""self_pct"": null, ""self_z"": null, ""median_ratio"": null, ""fcf_yield"": -0.0037189846002226457, ""yield_threshold"": 0.0495, ""gs10"": 0.0495, ""residual_pct"": null, ""brake_values"": {""gm"": 1.0668196114934325, ""fcf_margin"": 0.13250596608066734, ""roic"": null}}",False,"{""floor"": false, ""mom_sector_pct"": 31.25, ""eps_rev_proxy"": null}"
ABBV,1551152,AbbVie,Health Care,Biotechnology,Pharmaceuticals Biotechnology and Life Sciences,13.744010951403148,5.9986310746064335,1168408413.1737638,0.13041813203553598,0.0,0.1737025222167743,10.0,0.6832078081522587,0.04369912314226034,0.3507154787673492,0.3789882022172002,0.12284161298632312,0.2182905189828226,0.24136519743046783,0.191413511132184,8,9,False,0.05952891709050534,0.011933332554763254,-0.00839927482346392,False,0.714767185412978,0.26766688410524025,0.1655950051253378,1.0461929399578613,0.7632023686151586,0.75859916361447,1.323093335819506,93.84615384615384,2.1550280293643915,2.086614487038038,260.0,gm_derived,266.2799987792969,1767117285.0,470547988492.67444,529424988492.67444,52942000000.0,58877000000.0,19507000000.0,1297000000.0,976000000.0,7869000000.0,58830000000.0,64386000000.0,16870000000.0,18210000000.0,17234000000.0,10662000000.0,24739000000.0,6310000000.0,12248640073.571674,0.27393953327968734,0.23135960246253776,31.38263120881295,30.719797405864828,0.03255229801121951,49.655316872319865,0.020138830300314638,74.57178898457597,2.885895404120444,2.378026597679777,35519000000.0,49139000000.0,1.599070681122738,7.0,0.17486264664709897,0.1721750032024096,100.0,2.674424512359928,2.047934244991819,260.0,[],True,1.0,ig,Pharmaceuticals Biotechnology and Life Sciences,83.33333333333334,100.0,66.66666666666666,87.5,62.5,100.0,41.666666666666664,50.0,42.857142857142854,1.0,43.9554378912908,"{'profitability': 93.0, 'growth': 29.8, 'balance': 20.7, 'stability': 83.9}",25.02100855230202,False,-0.1379256626490224,35.2629548792209,,34.48822322179641,,False,"{""floor"": false, ""depressed_arms"": {""self_pct"": false, ""self_z"": false, ""median_ratio"": false}, ""yield_arm"": false, ""residual_arm"": false, ""brakes"": {""gm"": true, ""fcf_margin"": false, ""roic"": true}, ""self_pct"": 100.0, ""self_z"": 2.674424512359928, ""median_ratio"": 2.047934244991819, ""fcf_yield"": 0.03255229801121951, ""yield_threshold"": 0.0495, ""gs10"": 0.0495, ""residual_pct"": null, ""brake_values"": {""gm"": 1.0461929399578613, ""fcf_margin"": 0.7632023686151586, ""roic"": 1.323093335819506}}",False,"{""floor"": false, ""mom_sector_pct"": 42.857142857142854, ""eps_rev_proxy"": null}"
INTU,896878,Intuit,Information Technology,Application Software,Software and Services,25.815195071868583,5.9986310746064335,1164233878.5858202,-0.5051951739491873,-0.6019126970369353,-0.5993375045772757,10.0,,,0.22112985155290388,0.21742761692650334,0.304118191663643,0.19187676557713212,0.1872912026726058,0.4467168983603445,9,9,False,0.17361336924030368,0.22063308046324348,0.22833818765975522,False,,0.308047370384185,0.2848750466243939,,1.3930609920863022,1.484677135178608,1.3593111099141546,0.38461538461538464,-2.688457235081899,0.2107158059698313,260.0,gm_derived,269.3999938964844,267236000.0,71993376768.9209,75954376768.9209,22953000000.0,3961000000.0,8838000000.0,175000000.0,2056000000.0,672000000.0,3961000000.0,21448000000.0,5884000000.0,8663000000.0,6607000000.0,6110000000.0,6556000000.0,4566000000.0,4465072959.946817,0.24115007478810038,0.19453112708346698,12.908629634418915,11.496046128185395,0.08698642897302344,12.431158227319296,0.08044302724764239,15.7672748070348,1.8972842750766534,0.6041793776693105,13981000000.0,4642000000.0,0.8113536356903237,9.0,0.14311008397169087,0.14001441060057837,0.38461538461538464,-2.653065712367186,0.23090776096962487,260.0,[],True,0.9,ig,Software and Services,47.368421052631575,68.18181818181817,,90.0,63.63636363636363,66.66666666666666,35.0,77.27272727272728,1.694915254237288,1.0,68.04874961607848,"{'profitability': 78.5, 'growth': 100.0, 'balance': 79.9, 'stability': 79.7}",88.17136389500182,True,-1.0479898726055374,32.78571931737586,12.162162162162163,78.11005675554014,-12.0,False,"{""floor"": true, ""depressed_arms"": {""self_pct"": true, ""self_z"": true, ""median_ratio"": true}, ""yield_arm"": true, ""residual_arm"": true, ""brakes"": {""gm"": false, ""fcf_margin"": true, ""roic"": true}, ""self_pct"": 0.38461538461538464, ""self_z"": -2.653065712367186, ""median_ratio"": 0.23090776096962487, ""fcf_yield"": 0.08698642897302344, ""yield_threshold"": 0.0495, ""gs10"": 0.0495, ""residual_pct"": 12.162162162162163, ""brake_values"": {""gm"": null, ""fcf_margin"": 1.3930609920863022, ""roic"": 1.3593111099141546}}",False,"{""floor"": true, ""mom_sector_pct"": 1.694915254237288, ""eps_rev_proxy"": -12.0}"
PG,80424,Procter & Gamble,Consumer Staples,Personal Care Products,Household and Personal Products,69.57152635181383,5.9986310746064335,1158298087.2339735,-0.01000640080378834,-0.09525658680787596,0.007503021169072532,10.0,0.4960308374217678,0.03342660756789801,0.1686010061597643,0.1626074051903675,0.07520314878990104,0.17640154633406457,0.17196620948222677,0.08143540413946149,9,9,False,0.02716052126592894,-0.005672302269087881,0.010075770660538996,False,0.5017694641051567,0.16801865980329075,0.1823697030977112,1.0115690925854866,0.9965460090082634,1.0338327916488004,0.9874143293530108,18.076923076923077,-1.0582149363386728,0.9026498812208056,260.0,gm_derived,149.02999877929688,2324433060.0,346410256094.3573,372482256094.3573,80383000000.0,26072000000.0,19556000000.0,4409000000.0,524000000.0,3160000000.0,25083000000.0,87032000000.0,19748000000.0,15147000000.0,14623000000.0,15872000000.0,22908000000.0,16046000000.0,15712886429.749765,0.20433023953059726,0.19547524264769622,18.861771120840455,25.47235561063785,0.03925824589157261,23.467884078525536,0.04261142575333656,21.588573856061156,0.9439735759690888,1.0949449973808276,41276000000.0,19544000000.0,0.7566276451488498,5.0,0.1979667874333752,0.19599836678114885,41.53846153846154,-0.11971614987194308,0.990511417462248,260.0,[],True,1.0,sector,Consumer Staples,75.0,81.48148148148148,54.166666666666664,35.41666666666667,55.55555555555556,25.0,76.0,48.14814814814815,33.33333333333333,1.0,51.0950588452932,"{'profitability': 81.4, 'growth': 11.3, 'balance': 63.5, 'stability': 92.9}",48.09425863744814,False,-0.0697175067433573,27.31159335740568,,49.59465874137067,,False,"{""floor"": false, ""depressed_arms"": {""self_pct"": false, ""self_z"": false, ""median_ratio"": false}, ""yield_arm"": false, ""residual_arm"": false, ""brakes"": {""gm"": true, ""fcf_margin"": true, ""roic"": true}, ""self_pct"": 41.53846153846154, ""self_z"": -0.11971614987194308, ""median_ratio"": 0.990511417462248, ""fcf_yield"": 0.03925824589157261, ""yield_threshold"": 0.0495, ""gs10"": 0.0495, ""residual_pct"": null, ""brake_values"": {""gm"": 1.0115690925854866, ""fcf_margin"": 0.9965460090082634, ""roic"": 0.9874143293530108}}",False,"{""floor"": false, ""mom_sector_pct"": 33.33333333333333, ""eps_rev_proxy"": null}"
ANET,1596532,Arista Networks,Information Technology,Communications Equipment,Technology Hardware and Equipment,8.087611225188228,5.9986310746064335,1145485108.8821692,0.3318212974522121,-0.007891575205661194,0.4083848671405177,10.0,0.6300117588715485,0.019905546914760246,0.2994003639006137,0.29057028770349136,0.6558627821344996,0.2985025388847603,0.2843930241288693,0.7205658387430762,8,9,False,0.31189506024306746,0.4265693890376421,0.4697088222955339,False,0.6300375683060109,0.4414275956284153,0.4469869459623558,1.0000409665916532,1.474372274894588,1.497430968702478,0.9344576314583829,96.15384615384616,2.082614870405015,2.7286951897115133,260.0,,204.9199981689453,1261224648.0,258450152558.7887,256221906558.7887,12569454000.0,-2228246000.0,5306600000.0,151300000.0,502300000.0,92700000.0,-2228246000.0,10540800000.0,4546900000.0,5155300000.0,4653000000.0,4711600000.0,4639600000.0,533203511.0,3685301539.0164723,0.18949140315017435,0.29319503766961336,56.35089985677906,55.0659588563913,0.018160039719056557,54.38108212895592,0.018388747719816648,484.7120231336749,9.66854098603263,-0.48026683334770237,416100000.0,258200000.0,0.05364592606806946,10.0,0.3137595839546323,0.305047720091394,98.07692307692307,2.2125876414903143,2.889582964567583,260.0,[],True,1.0,ig,Technology Hardware and Equipment,76.19047619047619,100.0,75.0,85.71428571428571,64.28571428571429,100.0,90.0,9.523809523809518,59.32203389830508,1.0,67.45388975296842,"{'profitability': 100.0, 'growth': 100.0, 'balance': 100.0, 'stability': 67.5}",9.326431368604506,True,0.42633990328880245,35.95225525675858,71.62162162162163,38.39016056078646,15.0,False,"{""floor"": true, ""depressed_arms"": {""self_pct"": false, ""self_z"": false, ""median_ratio"": false}, ""yield_arm"": false, ""residual_arm"": false, ""brakes"": {""gm"": true, ""fcf_margin"": true, ""roic"": true}, ""self_pct"": 98.07692307692307, ""self_z"": 2.2125876414903143, ""median_ratio"": 2.889582964567583, ""fcf_yield"": 0.018160039719056557, ""yield_threshold"": 0.0495, ""gs10"": 0.0495, ""residual_pct"": 71.62162162162163, ""brake_values"": {""gm"": 1.0000409665916532, ""fcf_margin"": 1.474372274894588, ""roic"": 0.9344576314583829}}",False,"{""floor"": true, ""mom_sector_pct"": 59.32203389830508, ""eps_rev_proxy"": 15.0}"
T,732717,AT&T,Communication Services,Integrated Telecommunication Services,Telecommunication Services,42.83093771389459,5.9986310746064335,1144139062.209393,-0.006247545828425016,-0.12379717995333595,-0.03643164191090287,10.0,,,0.15370786034816727,0.15473385967146314,0.09604759728421368,0.1508263958082061,0.14869703112738686,0.037869400793008524,4,9,False,-0.02560837254106174,-0.03131164492179361,0.05331741929027234,False,,0.13850313190138244,0.153184165232358,,0.9010803454530937,1.0156323394954694,1.7289420288730555,65.0,0.4477544310888089,1.0549536326786173,260.0,sbc_unreported;gm_derived,24.899999618530273,6852385650.0,170624400071.0223,260688400071.0223,216498000000.0,90064000000.0,39868000000.0,22245000000.0,,20377000000.0,74074000000.0,127239000000.0,25603000000.0,17623000000.0,17623000000.0,19491000000.0,45980000000.0,21558000000.0,22617387328.793327,0.11661182952023873,0.10446926682368117,10.18194743080976,14.792509792374869,0.06760178049809185,13.374808889796435,0.074767423462992,7.914667412145018,0.8174691529826514,1.6110047846889952,63865000000.0,130711000000.0,0.8987427135585548,0.0,0.060423811255126615,0.07282192055979697,86.15384615384616,1.4868191308701157,1.2876648798565848,260.0,['rev_cagr5 gate'],False,0.9,sector,Communication Services,20.0,72.72727272727273,,25.0,72.72727272727273,40.0,36.36363636363637,72.72727272727273,72.72727272727273,1.0,18.241886685846342,"{'profitability': 45.9, 'growth': 0.0, 'balance': 46.3, 'stability': 56.6}",47.54552447824767,False,-0.757781950940156,31.56039174135384,,32.893705582047005,,False,"{""floor"": false, ""depressed_arms"": {""self_pct"": false, ""self_z"": false, ""median_ratio"": false}, ""yield_arm"": true, ""residual_arm"": false, ""brakes"": {""gm"": false, ""fcf_margin"": false, ""roic"": true}, ""self_pct"": 86.15384615384616, ""self_z"": 1.4868191308701157, ""median_ratio"": 1.2876648798565848, ""fcf_yield"": 0.06760178049809185, ""yield_threshold"": 0.0495, ""gs10"": 0.0495, ""residual_pct"": null, ""brake_values"": {""gm"": null, ""fcf_margin"": 0.9010803454530937, ""roic"": 1.7289420288730555}}",False,"{""floor"": false, ""mom_sector_pct"": 72.72727272727273, ""eps_rev_proxy"": null}"
TMO,97745,Thermo Fisher Scientific,Health Care,Life Sciences Tools & Services,Pharmaceuticals Biotechnology and Life Sciences,22.154688569472963,5.9986310746064335,1135380198.6634595,0.13278574812951982,0.0,0.2533766946321341,10.0,,,0.15323784555708894,0.1551438504795016,0.046097538448707814,0.12522589345535068,0.12169653790493154,0.12156390462963886,8,9,False,0.06699288544037874,-0.015811300096795544,-0.03898438743251165,False,,0.15104886049723756,0.12413674033149172,,0.9857151146187586,0.9913024926889638,0.8126193081402059,68.46153846153847,0.5918730042122641,1.0982459037595955,260.0,gm_derived,678.5999755859375,369747286.0,250910499252.56665,270464499252.56665,72233000000.0,19554000000.0,9013000000.0,1695000000.0,319000000.0,2942000000.0,19547000000.0,46336000000.0,8145000000.0,7318000000.0,6999000000.0,5752000000.0,11087000000.0,6984000000.0,7261616721.04174,0.10845712448842972,0.10053046005346228,33.2062000310088,38.643306079806635,0.025877703060260618,47.020949105105466,0.021267116445580665,35.926474692521,1.047823596792669,1.7630558311536033,54832000000.0,15839000000.0,0.9783755347278944,6.0,0.12371163107549148,0.12228683158899688,78.84615384615384,0.8443313398807273,1.1180403615411754,260.0,[],True,0.9,ig,Pharmaceuticals Biotechnology and Life Sciences,50.0,33.33333333333333,,70.83333333333334,62.5,44.44444444444444,50.0,40.0,45.23809523809524,1.0,38.386382792639296,"{'profitability': 55.3, 'growth': 27.9, 'balance': 41.2, 'stability': 89.5}",28.018630067014357,False,0.09893922135243072,35.00302006727741,,33.202506429826826,,False,"{""floor"": false, ""depressed_arms"": {""self_pct"": false, ""self_z"": false, ""median_ratio"": false}, ""yield_arm"": false, ""residual_arm"": false, ""brakes"": {""gm"": false, ""fcf_margin"": true, ""roic"": false}, ""self_pct"": 78.84615384615384, ""self_z"": 0.8443313398807273, ""median_ratio"": 1.1180403615411754, ""fcf_yield"": 0.025877703060260618, ""yield_threshold"": 0.0495, ""gs10"": 0.0495, ""residual_pct"": null, ""brake_values"": {""gm"": null, ""fcf_margin"": 0.9857151146187586, ""roic"": 0.8126193081402059}}",False,"{""floor"": false, ""mom_sector_pct"": 45.23809523809524, ""eps_rev_proxy"": null}"
ISRG,1035267,Intuitive Surgical,Health Care,Health Care Equipment,Health Care Equipment and Services,18.324435318275153,5.9986310746064335,1036853775.9210689,-0.18934451805198882,-0.2924569878300327,-0.0830330431121925,10.0,0.6732046156419665,0.017161202901436936,0.11311518254304347,0.07507094024257373,0.42795596900743005,0.15280313263776174,0.15355419595071898,0.3209482740394754,8,9,False,0.182210329592003,0.16850948894019702,0.14755946849101176,False,0.6667875009062568,0.2171753788153411,0.20322808671065032,0.9904678093604715,1.9199489753084193,1.329999478429719,1.1146826316116072,8.461538461538462,-0.6665322855162203,0.6167584019681353,260.0,,414.7900085449219,353278038.0,146536200400.75323,141620200400.75323,13252400000.0,-4916000000.0,3706400000.0,483800000.0,826200000.0,637700000.0,-5045300000.0,11034400000.0,3451200000.0,3222600000.0,2396400000.0,2242500000.0,4088900000.0,3138800000.0,2863667160.649535,0.17024015975616164,0.21608668321583527,41.035060385011946,59.097062427288115,0.016921314849285118,63.15282069152875,0.01583460547050654,46.685421307746026,1.0266981011851664,-1.2339015383110372,580600000.0,192000000.0,0.058298874166188765,7.0,0.1938548938395293,0.1983429177606938,6.392694063926941,-0.4344596827363047,0.4498563986998622,219.0,[],True,1.0,ig,Health Care Equipment and Services,70.37037037037037,62.06896551724138,72.72727272727273,76.78571428571429,58.333333333333336,20.689655172413794,85.18518518518519,3.3333333333333286,7.142857142857142,1.0,61.23009972195189,"{'profitability': 64.6, 'growth': 100.0, 'balance': 100.0, 'stability': 71.3}",37.395543390955744,True,0.8315979872546619,25.72808587515089,85.13513513513513,49.31282155645381,-19.0,False,"{""floor"": true, ""depressed_arms"": {""self_pct"": true, ""self_z"": false, ""median_ratio"": true}, ""yield_arm"": false, ""residual_arm"": false, ""brakes"": {""gm"": true, ""fcf_margin"": true, ""roic"": true}, ""self_pct"": 6.392694063926941, ""self_z"": -0.4344596827363047, ""median_ratio"": 0.4498563986998622, ""fcf_yield"": 0.016921314849285118, ""yield_threshold"": 0.0495, ""gs10"": 0.0495, ""residual_pct"": 85.13513513513513, ""brake_values"": {""gm"": 0.9904678093604715, ""fcf_margin"": 1.9199489753084193, ""roic"": 1.1146826316116072}}",False,"{""floor"": true, ""mom_sector_pct"": 7.142857142857142, ""eps_rev_proxy"": -19.0}"
TER,97210,Teradyne,Information Technology,Semiconductor Materials & Equipment,Semiconductors and Semiconductor Equipment,6.020533880903491,5.9986310746064335,1022876079.0921068,1.4562040458688141,-0.0832706311022261,1.7607614401990466,10.0,0.5857841672566705,0.01292909404255615,0.15401353414029612,0.1374686227019562,0.38614895420570244,0.17294492727986716,0.1556863249159847,0.35140962049366264,6,9,False,0.004354396137920213,-0.08015437579846507,-0.071021693580818,False,0.5924161368951066,0.16263327920437828,0.19229794775170692,1.0113215242219584,1.055967451900884,1.1119027934281174,0.9825840134449219,89.23076923076924,1.4899009904659841,2.005056976098782,260.0,,401.29998779296875,156340750.0,62739541066.54358,62395564066.54358,3093185000.0,-343977000.0,1064951000.0,265019000.0,73932000.0,132595000.0,-380128000.0,4464031000.0,1349317000.0,799932000.0,726000000.0,858424000.0,1481912000.0,1150220000.0,1167561123.5007112,0.13470213189286787,0.37746242901756966,46.24233153998918,85.94430312196086,0.01163544253283352,72.68618312925032,0.013757772893670911,54.545687839320806,0.6954599989567213,-0.2565118576541657,663817000.0,101910000.0,0.2475529268375477,9.0,0.38415282953179053,0.24870590404398574,88.46153846153845,1.4406010520768042,2.106677314696441,260.0,['fcf_cagr5 gate'],False,1.0,ig,Semiconductors and Semiconductor Equipment,64.28571428571429,37.5,68.75,80.0,65.625,33.33333333333333,71.42857142857143,31.25,91.52542372881356,1.0,38.60699606713908,"{'profitability': 77.5, 'growth': 1.8, 'balance': 100.0, 'stability': 62.7}",17.376271057722395,False,0.4367337901695265,55.532345798092884,,27.991633562430735,,False,"{""floor"": false, ""depressed_arms"": {""self_pct"": false, ""self_z"": false, ""median_ratio"": false}, ""yield_arm"": false, ""residual_arm"": false, ""brakes"": {""gm"": true, ""fcf_margin"": true, ""roic"": true}, ""self_pct"": 88.46153846153845, ""self_z"": 1.4406010520768042, ""median_ratio"": 2.106677314696441, ""fcf_yield"": 0.01163544253283352, ""yield_threshold"": 0.0495, ""gs10"": 0.0495, ""residual_pct"": null, ""brake_values"": {""gm"": 1.0113215242219584, ""fcf_margin"": 1.055967451900884, ""roic"": 0.9825840134449219}}",False,"{""floor"": false, ""mom_sector_pct"": 91.52542372881356, ""eps_rev_proxy"": null}"
PEP,77476,PepsiCo,Consumer Staples,Soft Drinks & Non-alcoholic Beverages,Food Beverage and Tobacco,69.57152635181383,5.9986310746064335,1020439307.2292461,0.008640131972692977,-0.22334655641834233,-0.05827034541741105,10.0,0.5385972080414163,0.010617562470375602,0.07609798619323727,0.0786159169550173,0.11413243911489646,0.09894583364186303,0.09781827683062251,0.09127622347234332,9,9,False,0.0594397460523417,0.03779825265584025,0.013646283752731359,False,0.5395649302402378,0.09249360191529761,0.09842730950218773,1.0017967456651706,1.2154540026910383,0.9947595151752209,0.9680616484220023,1.5384615384615385,-1.548451820681369,0.8312452098377895,260.0,,128.5,1364891558.0,175388565203.0,223213565203.0,69923000000.0,47825000000.0,13456000000.0,4174000000.0,319000000.0,3599000000.0,47653000000.0,96904000000.0,14362000000.0,9282000000.0,8963000000.0,9538000000.0,17961000000.0,10451000000.0,11481519805.367598,0.2005626092906561,0.1642023340727314,15.541955521723994,24.903889903268993,0.04015436961391062,23.402554540050325,0.04273037792898354,16.78198882432303,0.8881446751507033,2.653137353154056,19093000000.0,15177000000.0,0.49011055017662286,10.0,0.16961970793945916,0.17256964776665804,0.38461538461538464,-1.9258262642995283,0.6684156399319301,260.0,[],True,1.0,ig,Food Beverage and Tobacco,72.72727272727273,21.428571428571427,57.14285714285714,81.81818181818183,53.57142857142857,15.384615384615385,46.15384615384615,64.28571428571428,48.148148148148145,1.0,35.738368568404326,"{'profitability': 56.8, 'growth': 40.5, 'balance': 11.6, 'stability': 93.2}",70.22564219116406,False,0.21666770616061282,20.052549567128025,,52.98200537978419,,False,"{""floor"": false, ""depressed_arms"": {""self_pct"": true, ""self_z"": true, ""median_ratio"": true}, ""yield_arm"": false, ""residual_arm"": false, ""brakes"": {""gm"": true, ""fcf_margin"": true, ""roic"": true}, ""self_pct"": 0.38461538461538464, ""self_z"": -1.9258262642995283, ""median_ratio"": 0.6684156399319301, ""fcf_yield"": 0.04015436961391062, ""yield_threshold"": 0.0495, ""gs10"": 0.0495, ""residual_pct"": null, ""brake_values"": {""gm"": 1.0017967456651706, ""fcf_margin"": 1.2154540026910383, ""roic"": 0.9680616484220023}}",False,"{""floor"": false, ""mom_sector_pct"": 48.148148148148145, ""eps_rev_proxy"": null}"
HPE,1645590,Hewlett Packard Enterprise,Information Technology,"Technology Hardware, Storage & Peripherals",Technology Hardware and Equipment,10.907597535934292,5.9986310746064335,1010532443.6777321,1.1614446429989327,-0.004925287025065228,1.609878528686072,8.0,,,0.0472835377783387,0.040226531662948345,0.49563092787570834,0.04865802903424363,0.047503003260683026,0.7818303083367093,6,9,True,0.0491410171503146,-0.342998158475206,,False,,0.08027035418308615,0.05753385398008168,,1.697638500726974,1.182412340203743,1.4864785814972894,89.54545454545455,1.4105463228549728,2.1237525173151286,220.0,gm_derived,62.630001068115234,1327464779.0,83139120526.65535,98967120526.65535,42342000000.0,15828000000.0,6694000000.0,2538000000.0,795000000.0,3490000000.0,15771000000.0,41871000000.0,2602000000.0,4156000000.0,3361000000.0,2409000000.0,6092000000.0,2791000000.0,2346585113.072043,0.098160986521121,0.055419798617732816,38.035019418391755,29.445736544675796,0.03396077386221178,41.08224181264232,0.02434141750492954,29.788291123846417,1.4890720171981369,2.5888049901510177,23907000000.0,5469000000.0,0.6937792263001276,1.0,0.037282608244452446,0.03252455646083665,71.81818181818181,0.13365941197393252,1.2304751911913798,220.0,['fcf_cagr5 gate'],False,0.9,ig,Technology Hardware and Equipment,4.761904761904762,31.57894736842105,,7.142857142857142,16.666666666666664,80.95238095238095,10.0,23.80952380952381,89.83050847457628,1.0,7.482118016394577,"{'profitability': 16.2, 'growth': 20.5, 'balance': 13.7, 'stability': 44.7}",29.4161956844994,False,-0.15460534205194953,34.368982028150235,,18.44915685044699,,False,"{""floor"": false, ""depressed_arms"": {""self_pct"": false, ""self_z"": false, ""median_ratio"": false}, ""yield_arm"": false, ""residual_arm"": false, ""brakes"": {""gm"": false, ""fcf_margin"": true, ""roic"": true}, ""self_pct"": 71.81818181818181, ""self_z"": 0.13365941197393252, ""median_ratio"": 1.2304751911913798, ""fcf_yield"": 0.03396077386221178, ""yield_threshold"": 0.0495, ""gs10"": 0.0495, ""residual_pct"": null, ""brake_values"": {""gm"": null, ""fcf_margin"": 1.697638500726974, ""roic"": 1.4864785814972894}}",False,"{""floor"": false, ""mom_sector_pct"": 89.83050847457628, ""eps_rev_proxy"": null}"
VLO,1035002,Valero Energy,Energy,Oil & Gas Refining & Marketing,Energy,23.77549623545517,5.9986310746064335,987434887.4855299,1.360224435717015,-0.057370285339503946,1.480234807082022,8.0,0.05865570886822978,0.4778365143891965,0.04221953922401318,0.042312082297149764,0.395140153597486,0.036137934599664474,0.02953227405529186,0.5189869050087139,4,9,False,0.13578129304273,,,False,0.08032454070030204,,0.055080094980523256,1.3694240893201266,,1.524162783255318,1.3978606685765236,66.9260700389105,0.2753635961944558,1.2895479479533973,257.0,gm_derived,389.57000732421875,287927461.0,112167903090.61371,120103903090.61371,32937000000.0,7936000000.0,10908000000.0,,,3230000000.0,4669000000.0,139397000000.0,10011000000.0,,,7678000000.0,13241000000.0,7212000000.0,7739000000.0,0.22695035460992907,0.23496371861432433,11.997193396325413,,,15.642602642695195,0.06392798071022927,15.552953839519372,,0.35261687183747453,260000000.0,123000000.0,0.011628260011537177,4.0,0.16808808194996555,0.08872031432067749,92.60700389105058,0.13895821158672064,2.5728384945867186,257.0,['fcf_cagr5 gate'],False,0.8,ig,Energy,81.81818181818183,12.5,20.0,68.18181818181817,50.0,,81.81818181818181,54.54545454545455,100.0,1.0,18.877069723283675,"{'profitability': 30.6, 'growth': 100.0, 'balance': 88.2, 'stability': 27.5}",,False,,,,,,False,"{""floor"": false, ""depressed_arms"": {""self_pct"": false, ""self_z"": false, ""median_ratio"": false}, ""yield_arm"": false, ""residual_arm"": false, ""brakes"": {""gm"": true, ""fcf_margin"": false, ""roic"": true}, ""self_pct"": 92.60700389105058, ""self_z"": 0.13895821158672064, ""median_ratio"": 2.5728384945867186, ""fcf_yield"": null, ""yield_threshold"": 0.0495, ""gs10"": 0.0495, ""residual_pct"": null, ""brake_values"": {""gm"": 1.3694240893201266, ""fcf_margin"": null, ""roic"": 1.3978606685765236}}",False,"{""floor"": false, ""mom_sector_pct"": 100.0, ""eps_rev_proxy"": null}"
AMGN,318154,Amgen,Health Care,Biotechnology,Pharmaceuticals Biotechnology and Life Sciences,34.74058863791923,5.9986310746064335,986170129.5383732,0.5084722867109086,-0.04825525763642802,0.44257600978753997,10.0,0.6992395922218686,0.07511966676368191,0.27516480161656653,0.29511728099569173,0.11727636373980152,0.17102572124203272,0.16060315940641456,0.14877409690317264,7,9,False,0.07647774623365566,-0.03912580906510643,-0.08130173740024371,False,0.6951568447302796,0.2541803386271164,0.19212495078094238,0.9941611608710316,0.9237385637037571,1.1233687505346075,1.088209060857111,66.53846153846153,0.5751176557517121,1.1994909537040257,260.0,gm_derived,418.1300048828125,540632005.0,226054462890.4547,270200462890.4547,55834000000.0,44146000000.0,12478000000.0,2303000000.0,492000000.0,4667000000.0,44146000000.0,38095000000.0,11426000000.0,10175000000.0,9683000000.0,7319000000.0,16093000000.0,8743000000.0,9908577614.569862,0.13280433970156985,0.1774649427690988,23.64786127170092,27.904622832846712,0.03583635607584323,36.917674940627776,0.027087296304770896,25.855480143023527,1.1637881733958595,2.743180264711365,18668000000.0,21279000000.0,0.7154601139090877,5.0,0.163079824596683,0.14191731200885857,77.3076923076923,1.579543589809049,1.4236401435776243,260.0,[],True,1.0,ig,Pharmaceuticals Biotechnology and Life Sciences,66.66666666666666,83.33333333333334,77.77777777777779,58.333333333333336,62.5,66.66666666666666,33.33333333333334,80.0,90.47619047619048,1.0,34.977403097245954,"{'profitability': 85.5, 'growth': 31.9, 'balance': 8.6, 'stability': 75.5}",43.77218341849765,False,-0.23254909082137765,35.21039877979441,,39.3747932578718,,False,"{""floor"": false, ""depressed_arms"": {""self_pct"": false, ""self_z"": false, ""median_ratio"": false}, ""yield_arm"": false, ""residual_arm"": false, ""brakes"": {""gm"": true, ""fcf_margin"": false, ""roic"": true}, ""self_pct"": 77.3076923076923, ""self_z"": 1.579543589809049, ""median_ratio"": 1.4236401435776243, ""fcf_yield"": 0.03583635607584323, ""yield_threshold"": 0.0495, ""gs10"": 0.0495, ""residual_pct"": null, ""brake_values"": {""gm"": 0.9941611608710316, ""fcf_margin"": 0.9237385637037571, ""roic"": 1.088209060857111}}",False,"{""floor"": false, ""mom_sector_pct"": 90.47619047619048, ""eps_rev_proxy"": null}"
DDOG,1561550,Datadog,Information Technology,Application Software,Software and Services,1.2238193018480492,5.9986310746064335,975445291.4282894,0.402516021627237,0.0,0.7698590386259814,9.0,0.7960431954942917,0.016433439691962922,0.07279577792730438,0.07291347524683718,0.4320728751267351,0.07036331274504795,0.0730237707161444,0.5556103703899132,8,8,True,0.4153252804745149,0.3788155747941202,,False,0.7951226767673585,0.09052102174968016,0.08672065746932293,0.9988436321896306,1.243492745418239,1.2324697926537886,2.6360107516720643,63.00813008130082,0.06398265975390563,1.2004151473675921,246.0,shares_was_proxy,268.70001220703125,356253000.0,95725185448.7915,95582484448.7915,4224459000.0,-142701000.0,1229034000.0,46925000.0,823037000.0,62000000.0,-142701000.0,3966725000.0,16329000.0,1182109000.0,359072000.0,343997000.0,78329000.0,177543000.0,14513359.03903904,0.1111911911911912,0.003435554479056144,5853.541824287556,266.19308787316055,0.0037566715499257972,277.85848262860287,0.0035989543689283056,539.1662045182942,6.658156052336617,-1.8218156749096759,706721000.0,23157000.0,0.172774312639796,0.0,0.0013033158066130483,-0.010378670736420537,58.94308943089431,0.05384021974852101,1.1632198250747219,246.0,[],True,1.0,ig,Software and Services,10.526315789473683,13.636363636363635,66.66666666666666,15.0,22.727272727272727,95.23809523809523,90.0,0.0,66.10169491525424,1.0,50.528870453155804,"{'profitability': 14.6, 'growth': 100.0, 'balance': 100.0, 'stability': 76.8}",16.6163631671054,False,1.7007818237060568,31.87237265156406,,33.572616810130604,,False,"{""floor"": false, ""depressed_arms"": {""self_pct"": false, ""self_z"": false, ""median_ratio"": false}, ""yield_arm"": false, ""residual_arm"": false, ""brakes"": {""gm"": true, ""fcf_margin"": true, ""roic"": true}, ""self_pct"": 58.94308943089431, ""self_z"": 0.05384021974852101, ""median_ratio"": 1.1632198250747219, ""fcf_yield"": 0.0037566715499257972, ""yield_threshold"": 0.0495, ""gs10"": 0.0495, ""residual_pct"": null, ""brake_values"": {""gm"": 0.9988436321896306, ""fcf_margin"": 1.243492745418239, ""roic"": 2.6360107516720643}}",False,"{""floor"": false, ""mom_sector_pct"": 66.10169491525424, ""eps_rev_proxy"": null}"
MPWR,1280452,Monolithic Power Systems,Information Technology,Semiconductors,Semiconductors and Semiconductor Equipment,5.626283367556468,5.9986310746064335,953197646.4268706,0.3389367084550432,-0.17082607118321658,0.4782501566688513,10.0,0.5635248689538707,0.021088396592173132,0.13823752228634945,0.1572135623565872,0.45479670607615164,0.17195902902029758,0.20003805825493226,0.5867483076513033,9,9,False,0.27004800152081065,0.2571099993861663,0.35017191186391794,True,0.551953190160695,0.11507785447570817,0.16905722241333904,0.9794655401550293,0.8324646779861431,0.9831250116757985,0.8470964980641138,72.6923076923077,0.20357123740099242,1.3205600535075956,260.0,,1351.199951171875,49143000.0,66402019200.43945,65011323200.43945,2504728000.0,-1390696000.0,822337000.0,236800000.0,208869000.0,60117000.0,-1390696000.0,3273158000.0,940165000.0,585537000.0,376668000.0,553351000.0,1000282000.0,801946000.0,766019473.6243205,0.18522868472627632,0.3058294048792206,69.14884429907458,172.5958223168399,0.005793882995408004,117.4865920553852,0.008511609559060006,82.80111029974519,0.7301451718694276,-1.3903039342905301,25944000.0,111000.0,0.010402327118952637,10.0,0.36103254538076657,0.42917691706248634,81.53846153846153,0.030724883365626884,1.5188827095700819,260.0,[],True,1.0,ig,Semiconductors and Semiconductor Equipment,57.14285714285714,25.0,56.25,93.33333333333333,65.625,40.0,92.85714285714286,12.5,61.016949152542374,1.0,67.03966262658942,"{'profitability': 73.0, 'growth': 100.0, 'balance': 100.0, 'stability': 75.2}",13.147739366707512,True,1.1353140470959264,55.458695965011415,93.24324324324324,40.093700996648465,3.0,False,"{""floor"": true, ""depressed_arms"": {""self_pct"": false, ""self_z"": false, ""median_ratio"": false}, ""yield_arm"": false, ""residual_arm"": false, ""brakes"": {""gm"": true, ""fcf_margin"": false, ""roic"": false}, ""self_pct"": 81.53846153846153, ""self_z"": 0.030724883365626884, ""median_ratio"": 1.5188827095700819, ""fcf_yield"": 0.005793882995408004, ""yield_threshold"": 0.0495, ""gs10"": 0.0495, ""residual_pct"": 93.24324324324324, ""brake_values"": {""gm"": 0.9794655401550293, ""fcf_margin"": 0.8324646779861431, ""roic"": 0.8470964980641138}}",False,"{""floor"": true, ""mom_sector_pct"": 61.016949152542374, ""eps_rev_proxy"": 3.0}"
ACN,1467373,Accenture,Information Technology,IT Consulting & Other Services,Software and Services,15.233401779603012,5.9986310746064335,941744382.4884422,-0.22318748982713044,-0.3778511273921089,-0.27415124939978486,10.0,0.3224575194765293,0.008049117648886508,0.11897095117754213,0.11597406610887159,0.09736445034724285,0.10703331309743261,0.10621361828824921,0.1153000163334282,9,9,False,0.09465969836955224,0.07382899430159862,0.05972356766465903,False,0.3201307502371321,0.1436051668745674,0.1324547239657177,0.9927842611852427,1.2070607610782507,1.2375093336141425,0.8693360224451271,3.8461538461538463,-2.037502673329137,0.378966138844004,260.0,shares_was_proxy;gm_derived,174.47000122070312,612213453.0,106812881892.24088,102035949892.24088,27113634000.0,-4776932000.0,13182094000.0,600406000.0,2084065000.0,1415510000.0,-5900205000.0,73100594000.0,10592234000.0,12581688000.0,10497623000.0,9682519000.0,12007744000.0,7789752000.0,7896376163.061968,0.2545126775841652,0.2912326751575229,9.63309061074754,9.719909916010593,0.10288161193272011,10.538161597435634,0.09489321175747968,13.711974642099117,1.615158993508394,-0.49136665471882146,25322800000.0,2498992000.0,1.0261181514805429,7.0,0.33500587533275217,0.32839133682714733,3.8461538461538463,-2.0415436690212085,0.3916584546502745,260.0,[],True,1.0,ig,Software and Services,68.42105263157895,22.727272727272727,5.555555555555555,80.0,63.63636363636363,52.38095238095239,65.0,86.36363636363636,16.94915254237288,1.0,75.78127184803738,"{'profitability': 73.2, 'growth': 70.2, 'balance': 100.0, 'stability': 94.3}",88.50483558994198,True,-1.2340014312198466,33.38737323835419,1.3513513513513513,82.14305371898968,5.0,False,"{""floor"": true, ""depressed_arms"": {""self_pct"": true, ""self_z"": true, ""median_ratio"": true}, ""yield_arm"": true, ""residual_arm"": true, ""brakes"": {""gm"": true, ""fcf_margin"": true, ""roic"": false}, ""self_pct"": 3.8461538461538463, ""self_z"": -2.0415436690212085, ""median_ratio"": 0.3916584546502745, ""fcf_yield"": 0.10288161193272011, ""yield_threshold"": 0.0495, ""gs10"": 0.0495, ""residual_pct"": 1.3513513513513513, ""brake_values"": {""gm"": 0.9927842611852427, ""fcf_margin"": 1.2070607610782507, ""roic"": 0.8693360224451271}}",True,"{""floor"": true, ""mom_sector_pct"": 16.94915254237288, ""eps_rev_proxy"": 5.0}"
ABT,1800,Abbott Laboratories,Health Care,Health Care Equipment,Health Care Equipment and Services,69.57152635181383,5.9986310746064335,936233990.2774509,-0.17650701681351166,-0.22068314140569723,-0.23237955505374475,10.0,0.5602537985573318,0.011679804718473043,0.14925237279273162,0.15184533477711604,0.1759181212699683,0.12047627368739491,0.1289487549538405,0.20266572647129205,8,9,False,0.05075224605174555,0.05256205756552523,0.07512211055170948,False,0.5626135507599592,0.1481366597243763,0.1242743829485532,1.0042119343210234,0.9925246543992656,1.031525786322155,0.5693851351505428,40.38461538461539,-0.36013159649126836,0.8989499287025848,260.0,gm_derived,100.9800033569336,1741812429.0,175888224927.56866,204487224927.56866,80660000000.0,28599000000.0,9464000000.0,2086000000.0,692000000.0,3163000000.0,27959000000.0,45134000000.0,7705000000.0,7378000000.0,6686000000.0,5609000000.0,10868000000.0,6276000000.0,5942802015.484822,0.22870836917782966,0.07367718838934816,26.539548984759072,30.58438901100339,0.032696419066610374,36.45698429801545,0.027429586381187195,28.025529784507434,1.175589547482473,2.5725984541774016,35221000000.0,1200000000.0,0.4515373171336474,6.0,0.12939780798785386,0.11731647172692065,44.61538461538462,-0.31687022333163767,0.9247913798074808,260.0,[],True,1.0,ig,Health Care Equipment and Services,55.55555555555556,79.3103448275862,40.909090909090914,60.71428571428571,58.333333333333336,41.37931034482759,29.629629629629633,23.33333333333333,11.904761904761903,1.0,30.756798724752155,"{'profitability': 48.0, 'growth': 43.0, 'balance': 14.2, 'stability': 84.5}",37.23445763487673,False,0.18154883387163334,25.506692835658345,,33.995628179814446,,False,"{""floor"": false, ""depressed_arms"": {""self_pct"": false, ""self_z"": false, ""median_ratio"": false}, ""yield_arm"": false, ""residual_arm"": false, ""brakes"": {""gm"": true, ""fcf_margin"": true, ""roic"": false}, ""self_pct"": 44.61538461538462, ""self_z"": -0.31687022333163767, ""median_ratio"": 0.9247913798074808, ""fcf_yield"": 0.032696419066610374, ""yield_threshold"": 0.0495, ""gs10"": 0.0495, ""residual_pct"": null, ""brake_values"": {""gm"": 1.0042119343210234, ""fcf_margin"": 0.9925246543992656, ""roic"": 0.5693851351505428}}",False,"{""floor"": false, ""mom_sector_pct"": 11.904761904761903, ""eps_rev_proxy"": null}"
APH,820313,Amphenol,Information Technology,Electronic Components,Technology Hardware and Equipment,17.9958932238193,5.9986310746064335,929376287.8241421,0.3619526822640773,0.0,0.39438495228159876,10.0,0.33272634672800655,0.05957262415458759,0.14342933551978476,0.1347777865800523,0.4649387036090449,0.14396569744529666,0.14009722130986008,0.4903446263239141,8,9,False,0.21847048472093156,,,False,0.38496616905476716,0.15705968929990796,0.15203071842933416,1.157005367445293,1.095031840806674,1.056020434917158,1.2162254390722969,86.53846153846155,1.6737280958490717,1.8701545175369816,260.0,,84.62000274658203,1232983457.0,104335063517.8302,102842848517.8302,13999385000.0,-1492215000.0,5871700000.0,1158000000.0,157100000.0,1303900000.0,-1613715000.0,29011900000.0,7841400000.0,4713700000.0,4556600000.0,4410700000.0,9145300000.0,5143100000.0,5554440989.650182,0.2916518747098501,0.3967632142162089,13.11536824008853,22.570084825929467,0.044306435164619226,23.316672754399573,0.042887765786021596,20.286415492179852,0.9165094981625868,-0.17645293210720261,17554700000.0,5019800000.0,1.612535122078577,10.0,0.3262250578468815,0.2189957525932241,83.84615384615385,1.5408791159561428,1.8632225992921674,260.0,['fcf_cagr5 gate'],False,1.0,ig,Technology Hardware and Equipment,80.95238095238095,57.89473684210527,40.0,85.71428571428571,64.28571428571429,23.809523809523807,75.0,85.71428571428572,64.40677966101694,1.0,59.22654633177201,"{'profitability': 77.0, 'growth': 100.0, 'balance': 100.0, 'stability': 65.2}",45.81472690196936,False,-0.4663994562279479,35.982215604234796,,52.52063661687069,,False,"{""floor"": false, ""depressed_arms"": {""self_pct"": false, ""self_z"": false, ""median_ratio"": false}, ""yield_arm"": false, ""residual_arm"": false, ""brakes"": {""gm"": true, ""fcf_margin"": true, ""roic"": true}, ""self_pct"": 83.84615384615385, ""self_z"": 1.5408791159561428, ""median_ratio"": 1.8632225992921674, ""fcf_yield"": 0.044306435164619226, ""yield_threshold"": 0.0495, ""gs10"": 0.0495, ""residual_pct"": null, ""brake_values"": {""gm"": 1.157005367445293, ""fcf_margin"": 1.095031840806674, ""roic"": 1.2162254390722969}}",False,"{""floor"": false, ""mom_sector_pct"": 64.40677966101694, ""eps_rev_proxy"": null}"
DIS,1744489,Walt Disney Company (The),Communication Services,Movies & Entertainment,Media and Entertainment,50.247775496235455,5.9986310746064335,901417737.1337576,-0.05010311223677688,-0.081816737948054,-0.04757752136033966,10.0,,,0.04696478487902189,0.04222817161240973,0.6653792386657661,0.04762362424298669,0.03772863281513645,1.021189226100107,7,9,False,0.07626145769160764,,,False,,0.06852044790159921,0.10055532515349834,,1.4589750187955348,2.111458897803366,1.2007256868832439,22.797927461139896,-0.012430234031324467,0.7403751854571323,193.0,,105.58999633789062,1726686902.0,182320863658.8637,233383863658.8637,161095000000.0,51063000000.0,16989000000.0,8696000000.0,1519000000.0,5529000000.0,44253000000.0,98861000000.0,18238000000.0,8293000000.0,6774000000.0,9941000000.0,23767000000.0,8600000000.0,13211464156.862747,0.2756078431372549,0.0820103923576942,12.796571096549167,34.45288805120515,0.029025142928911014,23.476900076336758,0.0425950613900656,21.200100425449268,0.9643023255813954,1.8619514452812724,74682000000.0,7480000000.0,0.5100220366864273,0.0,0.06830068953598452,0.06510317640628185,34.41295546558704,-0.009658178045794346,0.8683065405649927,247.0,['fcf_cagr5 gate'],False,0.9,ig,Media and Entertainment,12.5,11.11111111111111,,18.75,72.22222222222221,62.5,22.222222222222214,66.66666666666667,63.63636363636363,1.0,20.91414439836823,"{'profitability': 24.7, 'growth': 63.6, 'balance': 37.9, 'stability': 51.9}",52.7075428786733,False,0.08507003795561197,31.643184606569513,,36.810843638520765,,False,"{""floor"": false, ""depressed_arms"": {""self_pct"": false, ""self_z"": false, ""median_ratio"": false}, ""yield_arm"": false, ""residual_arm"": false, ""brakes"": {""gm"": false, ""fcf_margin"": true, ""roic"": true}, ""self_pct"": 34.41295546558704, ""self_z"": -0.009658178045794346, ""median_ratio"": 0.8683065405649927, ""fcf_yield"": 0.029025142928911014, ""yield_threshold"": 0.0495, ""gs10"": 0.0495, ""residual_pct"": null, ""brake_values"": {""gm"": null, ""fcf_margin"": 1.4589750187955348, ""roic"": 1.2007256868832439}}",False,"{""floor"": false, ""mom_sector_pct"": 63.63636363636363, ""eps_rev_proxy"": null}"
DHR,313616,Danaher Corporation,Health Care,Life Sciences Tools & Services,Pharmaceuticals Biotechnology and Life Sciences,27.863107460643395,5.9986310746064335,888217283.7780317,-0.028684665240655494,-0.04229890191211105,0.06332039360193442,10.0,0.5991216904491218,0.017070404912784474,0.2374381052701874,0.22917538719129343,0.14775899253474936,0.19809131737571067,0.19640016743407285,0.20648799664036563,6,9,False,0.019706835895877406,-0.005864959565540895,-0.028683248018713026,False,0.5851356195483332,0.2058788385709165,0.1516310192376628,0.9766557093095658,0.8670842379602096,0.765460199096315,0.7745957558763628,87.3076923076923,1.3282598490869695,1.2604200023573633,260.0,,227.3300018310547,702986054.0,159809820943.0259,183308820943.0259,76080000000.0,23499000000.0,6635000000.0,1169000000.0,297000000.0,2531000000.0,23488000000.0,25107000000.0,5127000000.0,5466000000.0,5169000000.0,3807000000.0,7658000000.0,4004000000.0,4295827383.452332,0.1621167576648467,0.056464608089541686,35.75362218510355,35.46311103560184,0.028198315680654416,48.150465180726535,0.020768231339959635,39.912542693063415,1.3651348651348651,3.0671193523113085,47414000000.0,21358000000.0,0.9039432176656151,1.0,0.07289558154841516,0.06481671277570224,75.38461538461539,0.933043858661787,1.1605612915601697,260.0,[],True,1.0,ig,Pharmaceuticals Biotechnology and Life Sciences,33.33333333333333,66.66666666666666,33.33333333333333,16.666666666666664,62.5,77.77777777777779,25.0,30.0,26.190476190476193,1.0,18.24787561640629,"{'profitability': 55.3, 'growth': 8.2, 'balance': 0.0, 'stability': 74.2}",27.84247342760058,False,0.024367314291648956,34.60941366031978,,23.045174522003435,,False,"{""floor"": false, ""depressed_arms"": {""self_pct"": false, ""self_z"": false, ""median_ratio"": false}, ""yield_arm"": false, ""residual_arm"": false, ""brakes"": {""gm"": true, ""fcf_margin"": false, ""roic"": false}, ""self_pct"": 75.38461538461539, ""self_z"": 0.933043858661787, ""median_ratio"": 1.1605612915601697, ""fcf_yield"": 0.028198315680654416, ""yield_threshold"": 0.0495, ""gs10"": 0.0495, ""residual_pct"": null, ""brake_values"": {""gm"": 0.9766557093095658, ""fcf_margin"": 0.8670842379602096, ""roic"": 0.7745957558763628}}",False,"{""floor"": false, ""mom_sector_pct"": 26.190476190476193, ""eps_rev_proxy"": null}"
RTX,101829,RTX Corporation,Industrials,Aerospace & Defense,Capital Goods,69.57152635181383,5.9986310746064335,853495895.2860361,0.22325789971607235,-0.15836209967834525,0.14326704325995032,10.0,,,0.06901587274362934,0.07091383487606387,0.21992982481569692,0.04259072079525541,0.039359513373289204,0.399775724597179,8,9,True,0.09382123755404659,0.12203084425734056,,False,,0.11567914438502674,0.09855614973262032,,1.6761237638004767,2.314028687290952,1.6782490454237171,4.230769230769231,-0.11648814332320644,0.441987692819108,260.0,gm_derived,187.66000366210938,1347758144.0,252920298238.67773,288644298238.67773,102101000000.0,35724000000.0,14206000000.0,2799000000.0,591000000.0,4400000000.0,33985000000.0,93500000000.0,10485000000.0,11407000000.0,10816000000.0,9215000000.0,14885000000.0,7738000000.0,8521618985.695708,0.18725617685305593,0.08346263979486693,27.529260680846708,26.686787928871833,0.03747172580923921,31.323309629807675,0.031925106632039506,32.68548697837655,1.4741535280434221,2.283170977494122,52928000000.0,8466000000.0,0.6013065493971655,1.0,0.04973197513352057,0.04773358455168937,10.0,-0.7022268225069067,0.70973259759028,260.0,[],True,0.9,ig,Capital Goods,5.405405405405405,26.82926829268293,,6.097560975609756,64.28571428571429,84.61538461538461,29.729729729729726,31.707317073170728,67.1875,1.0,34.556308189815844,"{'profitability': 26.1, 'growth': 89.1, 'balance': 23.9, 'stability': 77.9}",51.3920107370634,False,-0.02054065167003838,27.240620512460964,,42.97415946343962,,False,"{""floor"": false, ""depressed_arms"": {""self_pct"": true, ""self_z"": false, ""median_ratio"": true}, ""yield_arm"": false, ""residual_arm"": false, ""brakes"": {""gm"": false, ""fcf_margin"": true, ""roic"": true}, ""self_pct"": 10.0, ""self_z"": -0.7022268225069067, ""median_ratio"": 0.70973259759028, ""fcf_yield"": 0.03747172580923921, ""yield_threshold"": 0.0495, ""gs10"": 0.0495, ""residual_pct"": null, ""brake_values"": {""gm"": null, ""fcf_margin"": 1.6761237638004767, ""roic"": 1.6782490454237171}}",False,"{""floor"": false, ""mom_sector_pct"": 67.1875, ""eps_rev_proxy"": null}"
MPC,1510295,Marathon Petroleum,Energy,Oil & Gas Refining & Marketing,Energy,15.247091033538672,5.9986310746064335,849764879.8133123,1.0471978547875462,-0.08343338507581377,1.050040499045919,9.0,0.1105474730531378,0.2210653449589253,0.0519947956857167,0.04317173637515843,0.5400458367519454,0.045217912186809664,0.03738189883627146,0.6273465141348971,5,9,False,0.13717834715373045,,,False,0.1249601177259616,0.08399044127701413,0.08992231909726066,1.1303751616818591,1.6153624640568947,1.9886437641296393,1.4187522776248285,48.77049180327869,-0.015462630984103136,0.9819847260933079,244.0,sbc_unreported;gm_derived,389.44000244140625,280824763.0,109364396388.32733,115834396388.32733,25547000000.0,6470000000.0,17126000000.0,4227000000.0,,3316000000.0,-173000000.0,153577000000.0,14133000000.0,12899000000.0,12899000000.0,13810000000.0,17449000000.0,8554000000.0,11411539780.736101,0.19256068911511354,0.44668805655208443,8.196023235571168,8.980106705041269,0.11135725140533331,8.387718782644992,0.11922192742907614,12.785176103381731,1.5079494973111995,-0.009914608287007852,9335000000.0,2714000000.0,0.47164050573452854,6.0,0.314845701816174,0.24577882683491659,50.0,-0.0021039467398085163,0.9959781163106318,260.0,['fcf_cagr5 gate'],False,1.0,ig,Energy,100.0,25.0,40.0,100.0,72.72727272727273,100.0,90.9090909090909,72.72727272727273,90.9090909090909,1.0,25.596299288919322,"{'profitability': 58.6, 'growth': 100.0, 'balance': 100.0, 'stability': 30.7}",70.11605415860735,False,-0.783393846677837,19.65645162584273,,47.85617672376334,,False,"{""floor"": false, ""depressed_arms"": {""self_pct"": false, ""self_z"": false, ""median_ratio"": false}, ""yield_arm"": true, ""residual_arm"": false, ""brakes"": {""gm"": true, ""fcf_margin"": true, ""roic"": true}, ""self_pct"": 50.0, ""self_z"": -0.0021039467398085163, ""median_ratio"": 0.9959781163106318, ""fcf_yield"": 0.11135725140533331, ""yield_threshold"": 0.0495, ""gs10"": 0.0495, ""residual_pct"": null, ""brake_values"": {""gm"": 1.1303751616818591, ""fcf_margin"": 1.6153624640568947, ""roic"": 1.4187522776248285}}",False,"{""floor"": false, ""mom_sector_pct"": 90.9090909090909, ""eps_rev_proxy"": null}"
BSX,885725,Boston Scientific,Health Care,Health Care Equipment,Health Care Equipment and Services,31.59479808350445,5.9986310746064335,848811200.9633632,-0.5088368332619024,-0.5704547710423882,-0.5467529721673697,9.0,0.6894320910981699,0.004411551642505278,0.11397261407507511,0.10948033707865168,0.47236973500304247,0.07882838797324879,0.07542134831460674,0.731699236223419,8,9,False,0.15155785671653277,0.2643853490752126,,False,0.699323680701086,0.15741093541626977,0.13316822251857496,1.0143474458625215,1.3811294642463963,1.689343470575181,1.764287430472952,1.7316017316017316,-0.7696639393323248,0.24270290429232352,231.0,,44.11000061035156,1449229526.0,63925515276.399506,69095515276.3995,30100000000.0,5170000000.0,4529000000.0,904000000.0,320000000.0,1413000000.0,4928000000.0,20996000000.0,4152000000.0,3625000000.0,3305000000.0,2796000000.0,5565000000.0,,3944453768.4537687,0.04998704998704999,0.1310449756961385,16.6415017525047,20.90635863128578,0.047832337406836976,24.712272988697965,0.040465723264603994,,,0.8855345911949686,18640000000.0,770000000.0,0.6448504983388704,1.0,0.0742764321916692,0.07833883656686005,1.5384615384615385,-0.9512195180423378,0.3255268557316584,260.0,[],True,0.9,ig,Health Care Equipment and Services,33.33333333333333,65.51724137931035,81.81818181818183,25.0,13.333333333333334,,66.66666666666667,73.33333333333333,4.761904761904762,1.0,47.67652885170147,"{'profitability': 41.5, 'growth': 100.0, 'balance': 70.5, 'stability': 70.4}",70.81778632843407,False,-0.18701932167268076,25.20576340972244,,59.24715759006777,,False,"{""floor"": false, ""depressed_arms"": {""self_pct"": true, ""self_z"": false, ""median_ratio"": true}, ""yield_arm"": false, ""residual_arm"": false, ""brakes"": {""gm"": true, ""fcf_margin"": true, ""roic"": true}, ""self_pct"": 1.5384615384615385, ""self_z"": -0.9512195180423378, ""median_ratio"": 0.3255268557316584, ""fcf_yield"": 0.047832337406836976, ""yield_threshold"": 0.0495, ""gs10"": 0.0495, ""residual_pct"": null, ""brake_values"": {""gm"": 1.0143474458625215, ""fcf_margin"": 1.3811294642463963, ""roic"": 1.764287430472952}}",False,"{""floor"": false, ""mom_sector_pct"": 4.761904761904762, ""eps_rev_proxy"": null}"
NXPI,1413447,NXP Semiconductors,Information Technology,Semiconductors,Semiconductors and Semiconductor Equipment,5.522245037645448,5.9986310746064335,838297166.9591948,0.00845661372226214,-0.25878741342571243,0.050697416903824566,10.0,0.5596697637860223,0.01745413666574701,0.16427159456798573,0.17136185598071707,0.11161907704946696,0.1380571013467178,0.13215221910874084,0.19987088589380053,4,9,False,0.07334918054419859,0.030009963166075515,0.010761302236520276,True,0.5504558065794689,0.17970669837495046,0.1428458184700753,0.9835367965133165,1.0939608813535728,1.0346864962152946,,71.53846153846153,0.6081722511686708,1.2705469544050694,260.0,,236.32000732421875,252471079.0,59663967238.43341,68323967238.43341,19587000000.0,8660000000.0,3048000000.0,337000000.0,444000000.0,802000000.0,8313000000.0,12615000000.0,3829000000.0,2711000000.0,2267000000.0,1802000000.0,4631000000.0,2653000000.0,,,,17.843814896430768,30.13849459128073,0.03318015758787457,37.915631097909774,0.026374346701962936,22.489245095527107,1.0218620429702223,1.7950766573094363,10280000000.0,1505000000.0,0.6016745800786236,,,,72.6923076923077,0.6445032034768344,1.2221540714907948,260.0,[],True,0.8,ig,Semiconductors and Semiconductor Equipment,,43.75,50.0,,65.625,60.0,7.142857142857139,87.5,33.89830508474576,1.0,33.997006554979436,"{'profitability': 68.5, 'growth': 43.1, 'balance': 40.2, 'stability': 64.9}",47.94872812742619,False,,,,40.972867341202814,,False,"{""floor"": false, ""depressed_arms"": {""self_pct"": false, ""self_z"": false, ""median_ratio"": false}, ""yield_arm"": false, ""residual_arm"": false, ""brakes"": {""gm"": true, ""fcf_margin"": true, ""roic"": false}, ""self_pct"": 72.6923076923077, ""self_z"": 0.6445032034768344, ""median_ratio"": 1.2221540714907948, ""fcf_yield"": 0.03318015758787457, ""yield_threshold"": 0.0495, ""gs10"": 0.0495, ""residual_pct"": null, ""brake_values"": {""gm"": 0.9835367965133165, ""fcf_margin"": 1.0939608813535728, ""roic"": null}}",False,"{""floor"": false, ""mom_sector_pct"": 33.89830508474576, ""eps_rev_proxy"": null}"
PM,1413329,Philip Morris International,Consumer Staples,Tobacco,Food Beverage and Tobacco,18.496919917864478,5.9986310746064335,819846246.9787186,0.22254735494784628,0.0,0.2977634929229467,10.0,0.6548753062561236,0.027533589284085537,0.2868657064721064,0.2844131157928085,0.11826061086101033,0.280923737864036,0.2753577274407308,0.11074922317837099,8,9,False,0.07213535484188793,0.029750712780618693,0.029988945737428052,False,0.6751439652133036,0.29902456222822893,0.28710776824538725,1.030950409587215,1.0423851840139866,1.0220131998398236,,87.6923076923077,1.4457019830902047,1.4551380483479597,260.0,sbc_unreported,193.75999450683594,1558613439.0,301996931378.92065,318837931378.92065,8258000000.0,16841000000.0,14264000000.0,1542000000.0,,2049000000.0,14915000000.0,42545000000.0,16059000000.0,12722000000.0,12722000000.0,12215000000.0,18108000000.0,10874000000.0,,,,19.854158501707495,25.06193455265844,0.03990114960594394,26.102163846002508,0.038311000034318914,27.772386553147015,1.1699466617620011,0.8236690965319196,16917000000.0,10178000000.0,3.281060789537418,,,,78.84615384615384,1.0042342931187906,1.2903029183342856,260.0,[],True,0.8,ig,Food Beverage and Tobacco,,92.85714285714286,100.0,,53.57142857142857,53.84615384615385,76.92307692307692,35.71428571428571,74.07407407407408,1.0,63.90385106378418,"{'profitability': 100.0, 'growth': 42.5, 'balance': 72.5, 'stability': 85.8}",30.939949745005062,True,,,,47.42190040439462,7.0,False,"{""floor"": true, ""depressed_arms"": {""self_pct"": false, ""self_z"": false, ""median_ratio"": false}, ""yield_arm"": false, ""residual_arm"": false, ""brakes"": {""gm"": true, ""fcf_margin"": true, ""roic"": false}, ""self_pct"": 78.84615384615384, ""self_z"": 1.0042342931187906, ""median_ratio"": 1.2903029183342856, ""fcf_yield"": 0.03990114960594394, ""yield_threshold"": 0.0495, ""gs10"": 0.0495, ""residual_pct"": null, ""brake_values"": {""gm"": 1.030950409587215, ""fcf_margin"": 1.0423851840139866, ""roic"": null}}",False,"{""floor"": true, ""mom_sector_pct"": 74.07407407407408, ""eps_rev_proxy"": 7.0}"
GILD,882095,Gilead Sciences,Health Care,Biotechnology,Pharmaceuticals Biotechnology and Life Sciences,22.245037645448324,5.9986310746064335,807923497.5156214,0.36538415110131095,-0.00020486547484543927,0.38407714685080263,10.0,0.7764249748288283,0.018483065643030375,0.30410705427176765,0.2907991712801005,0.1342563168718781,0.23730170832644365,0.23136981782192734,0.2028325133159393,5,9,False,0.03584723676709367,0.0469381568096201,0.01031982684091437,False,0.7959089864398989,0.3951144236136192,0.32412910004268314,1.0250945194226475,1.299260961110498,1.3658945075810223,-0.39028374604315247,65.76923076923077,0.4982233010843242,1.1701882064463849,260.0,gm_derived,152.2100067138672,1239955155.0,188733582467.4442,212321582467.4442,35417000000.0,23588000000.0,13552000000.0,609000000.0,909000000.0,2771000000.0,23672000000.0,30457000000.0,-2497000000.0,12943000000.0,12034000000.0,9872000000.0,274000000.0,-3240000000.0,-1981885461.7985902,0.2062933673213495,-0.05595859225226841,,17.6434753587705,0.05667817590727124,21.50745365350934,0.04649550877152914,,,86.39416058394161,8314000000.0,14032000000.0,0.6309399440946438,4.0,0.14337925373423377,0.1512377202400723,74.23076923076923,0.7842107244203914,1.1981978357161438,260.0,[],True,0.8,ig,Pharmaceuticals Biotechnology and Life Sciences,58.333333333333336,91.66666666666666,88.88888888888889,45.83333333333333,62.5,,0.0,,78.57142857142857,1.0,21.00599114505035,"{'profitability': 50.0, 'growth': 34.5, 'balance': 0.0, 'stability': 69.2}",,False,-0.6882227600965551,35.1136100867029,,,,False,"{""floor"": false, ""depressed_arms"": {""self_pct"": false, ""self_z"": false, ""median_ratio"": false}, ""yield_arm"": true, ""residual_arm"": false, ""brakes"": {""gm"": true, ""fcf_margin"": true, ""roic"": false}, ""self_pct"": 74.23076923076923, ""self_z"": 0.7842107244203914, ""median_ratio"": 1.1981978357161438, ""fcf_yield"": 0.05667817590727124, ""yield_threshold"": 0.0495, ""gs10"": 0.0495, ""residual_pct"": null, ""brake_values"": {""gm"": 1.0250945194226475, ""fcf_margin"": 1.299260961110498, ""roic"": -0.39028374604315247}}",False,"{""floor"": false, ""mom_sector_pct"": 78.57142857142857, ""eps_rev_proxy"": null}"
CIEN,936395,Ciena,Information Technology,Communications Equipment,Technology Hardware and Equipment,0.6351813826146475,5.9986310746064335,781717454.7141442,1.1195114326063753,-0.41037104156045234,1.2726312933438533,11.0,0.4364211147441573,0.045500614881491735,0.02892076328800175,0.05516549998692389,1.2403009453572813,0.024702121881756873,0.05870875265102598,2.809379526940817,9,11,False,0.061907524784472256,0.1011255584819819,0.09762853026243157,False,0.44071827207055964,0.1000441130503211,0.11535811791405064,1.0098463552317387,3.45924870841241,4.669967967377145,2.128685578118145,60.43956043956044,0.4041884215982466,1.2975404174071141,182.0,,344.19000244140625,141808525.0,48809076565.96222,49503555565.96222,3751217000.0,694479000.0,1054683000.0,240321000.0,212007000.0,148117000.0,694479000.0,6020894000.0,738953000.0,814362000.0,602355000.0,694559000.0,887070000.0,654410000.0,666403317.1869789,0.0981790219581233,0.17764989793631744,66.99148060291009,82.18335626991096,0.012167913862214955,71.27336276106453,0.014030487144999472,74.58485745322079,1.2444216928225424,0.782890865433393,513340000.0,224210000.0,0.1966161914919878,3.0,0.08345520811644153,0.06785878177919694,67.03296703296702,0.4256864295678862,1.384716918517621,182.0,['tenure<1y'],False,1.0,ig,Technology Hardware and Equipment,19.047619047619047,15.789473684210526,55.00000000000001,23.809523809523807,100.0,66.66666666666666,55.0,4.761904761904773,88.13559322033898,1.0,32.98007636968152,"{'profitability': 28.0, 'growth': 67.9, 'balance': 73.9, 'stability': 61.4}",19.206605161704,False,0.8550754027160403,34.948564692265904,,26.09334076569276,,False,"{""floor"": false, ""depressed_arms"": {""self_pct"": false, ""self_z"": false, ""median_ratio"": false}, ""yield_arm"": false, ""residual_arm"": false, ""brakes"": {""gm"": true, ""fcf_margin"": true, ""roic"": true}, ""self_pct"": 67.03296703296702, ""self_z"": 0.4256864295678862, ""median_ratio"": 1.384716918517621, ""fcf_yield"": 0.012167913862214955, ""yield_threshold"": 0.0495, ""gs10"": 0.0495, ""residual_pct"": null, ""brake_values"": {""gm"": 1.0098463552317387, ""fcf_margin"": 3.45924870841241, ""roic"": 2.128685578118145}}",False,"{""floor"": false, ""mom_sector_pct"": 88.13559322033898, ""eps_rev_proxy"": null}"
TMUS,1283699,T-Mobile US,Communication Services,Wireless Telecommunication Services,Telecommunication Services,7.208761122518823,5.9986310746064335,781119570.9501282,-0.19505524545611774,-0.2588573221462812,-0.26188271934907714,6.0,,,0.09912887591457693,0.10299396624150309,0.6981245189098858,0.06405330663676487,0.06458922070317473,1.041571301549262,7,9,False,0.05243088054913425,,,False,,0.19018538003449437,0.147002353860005,,1.918566898694425,2.295000236188113,1.3585829438241543,0.975609756097561,-0.2234388792651973,0.4666287934859106,205.0,gm_derived,166.4499969482422,1072671613.0,178546186710.31604,299506186710.31604,177225000000.0,120960000000.0,28833000000.0,10434000000.0,866000000.0,14415000000.0,120960000000.0,92189000000.0,18253000000.0,18399000000.0,17533000000.0,13552000000.0,32668000000.0,10560000000.0,13942255334.53888,0.23616636528028934,0.07866980016667445,16.40860059772728,17.0824266645934,0.058539692260040056,22.10051554828188,0.045247813238354126,16.90778283241629,1.7423295454545455,3.7027060119995103,13667000000.0,3295000000.0,0.09570884468895471,0.0,0.057905776400544104,0.06197752167107899,0.78125,-0.1814529996043544,0.4744641924797721,256.0,['fcf_cagr5 gate'],False,0.9,sector,Communication Services,10.0,36.36363636363637,,25.0,22.727272727272727,70.0,18.181818181818173,54.54545454545455,36.36363636363637,1.0,14.282587201924594,"{'profitability': 36.1, 'growth': 43.7, 'balance': 0.0, 'stability': 51.9}",70.18086319058456,False,-0.6129425737903267,31.53168232434809,,42.23172519625458,,False,"{""floor"": false, ""depressed_arms"": {""self_pct"": true, ""self_z"": false, ""median_ratio"": true}, ""yield_arm"": true, ""residual_arm"": false, ""brakes"": {""gm"": false, ""fcf_margin"": true, ""roic"": true}, ""self_pct"": 0.78125, ""self_z"": -0.1814529996043544, ""median_ratio"": 0.4744641924797721, ""fcf_yield"": 0.058539692260040056, ""yield_threshold"": 0.0495, ""gs10"": 0.0495, ""residual_pct"": null, ""brake_values"": {""gm"": null, ""fcf_margin"": 1.918566898694425, ""roic"": 1.3585829438241543}}",False,"{""floor"": false, ""mom_sector_pct"": 36.36363636363637, ""eps_rev_proxy"": null}"
MCK,927653,McKesson Corporation,Health Care,Health Care Distributors,Health Care Equipment and Services,27.709787816564,5.9986310746064335,757853604.4061233,0.23508207378109747,-0.13015268924393564,0.16475777618098197,10.0,0.04181892019331979,0.12015224907476518,,,0.15652509207595816,0.015414434245121612,0.015615647469749892,0.15959459784668628,9,9,False,0.11110493647209152,,,False,0.03639079961944898,0.015611351321100872,0.015900901010504086,0.8701994085744493,,1.0315591709463117,2.3821310566266685,84.61538461538461,1.4607746871589777,1.440773675170733,260.0,sbc_unreported,856.2899780273438,116590363.0,99835159371.47003,106911159371.47003,2836000000.0,7076000000.0,6853000000.0,437000000.0,,318000000.0,6700000000.0,410983000000.0,6495000000.0,6416000000.0,6416000000.0,6535000000.0,6813000000.0,4592000000.0,5330365438.2161665,0.17931248064416228,1.879536473277915,16.460532620703624,16.66321062522912,0.06001244432966231,16.359779551869934,0.06112551803216072,21.74110613490201,1.397212543554007,0.9834140613532951,11278000000.0,4013000000.0,5.3917489421720735,7.0,0.7890147219437722,0.8310921139778324,84.61538461538461,1.460774687158978,1.440773675170733,260.0,['fcf_cagr5 gate'],False,0.9,ig,Health Care Equipment and Services,100.0,,13.636363636363635,76.78571428571429,58.333333333333336,62.06896551724138,59.25925925925926,80.0,59.523809523809526,1.0,55.46248320204898,"{'profitability': 53.1, 'growth': 92.6, 'balance': 67.2, 'stability': 80.2}",48.64203117123912,False,-0.46439102005072774,26.51191760448357,,52.05225718664405,,False,"{""floor"": false, ""depressed_arms"": {""self_pct"": false, ""self_z"": false, ""median_ratio"": false}, ""yield_arm"": true, ""residual_arm"": false, ""brakes"": {""gm"": false, ""fcf_margin"": false, ""roic"": true}, ""self_pct"": 84.61538461538461, ""self_z"": 1.460774687158978, ""median_ratio"": 1.440773675170733, ""fcf_yield"": 0.06001244432966231, ""yield_threshold"": 0.0495, ""gs10"": 0.0495, ""residual_pct"": null, ""brake_values"": {""gm"": 0.8701994085744493, ""fcf_margin"": null, ""roic"": 2.3821310566266685}}",False,"{""floor"": false, ""mom_sector_pct"": 59.523809523809526, ""eps_rev_proxy"": null}"
SYK,310764,Stryker Corporation,Health Care,Health Care Equipment,Health Care Equipment and Services,25.796030116358658,5.9986310746064335,747246150.3911988,-0.17538228678536405,-0.28562456669793235,-0.25106226056486647,10.0,0.6368841552583351,0.0075950343782137655,0.13986665078941377,0.144191192741757,0.2389333126678582,0.1037984383378537,0.10638297872340426,0.3156450055450918,8,9,False,0.11844250103109899,0.08950386245589304,0.09429930218380478,False,0.6497658396872702,0.17227232263807718,0.14146379223594072,1.0202261028517974,1.2316897678307468,1.3628701404494161,1.118869809346284,1.153846153846154,-2.005997850958225,0.5092591083913244,260.0,,275.30999755859375,383573046.0,105601494357.80237,117665494357.80237,36052000000.0,12064000000.0,5525000000.0,823000000.0,251000000.0,1619000000.0,12055000000.0,25837000000.0,5534000000.0,4702000000.0,4451000000.0,3655000000.0,7153000000.0,3729000000.0,4008602564.102564,0.27564102564102566,0.11118946422119616,21.26228665663216,26.435743508830008,0.037827572342195796,32.19302171212103,0.03106263242209068,28.318984810351935,1.2609278626977742,1.685306864252761,19584000000.0,5681000000.0,0.7007932985687341,4.0,0.09937658813598717,0.10108864956285928,1.153846153846154,-2.408434332355105,0.5565538580696922,260.0,[],True,1.0,ig,Health Care Equipment and Services,40.74074074074074,72.41379310344827,63.63636363636363,51.78571428571429,58.333333333333336,48.275862068965516,44.44444444444444,40.0,14.285714285714285,1.0,49.684109768105436,"{'profitability': 54.1, 'growth': 86.6, 'balance': 43.8, 'stability': 81.7}",58.92273978776512,False,0.041420019700785904,25.363141434974764,,54.30342477793528,,False,"{""floor"": false, ""depressed_arms"": {""self_pct"": true, ""self_z"": true, ""median_ratio"": true}, ""yield_arm"": false, ""residual_arm"": false, ""brakes"": {""gm"": true, ""fcf_margin"": true, ""roic"": true}, ""self_pct"": 1.153846153846154, ""self_z"": -2.408434332355105, ""median_ratio"": 0.5565538580696922, ""fcf_yield"": 0.037827572342195796, ""yield_threshold"": 0.0495, ""gs10"": 0.0495, ""residual_pct"": null, ""brake_values"": {""gm"": 1.0202261028517974, ""fcf_margin"": 1.2316897678307468, ""roic"": 1.118869809346284}}",False,"{""floor"": false, ""mom_sector_pct"": 14.285714285714285, ""eps_rev_proxy"": null}"
AZO,866787,AutoZone,Consumer Discretionary,Automotive Retail,Consumer Discretionary Distribution and Retail,29.738535249828885,5.9986310746064335,735051015.1562124,-0.2922340776999992,-0.28513904772631016,-0.30884349162998737,10.0,0.5251256824348962,0.007899391470498967,,,0.17976027941071257,0.15758567833070375,0.13995427333200858,0.09651671128038758,9,9,False,0.08436605609642212,-0.04575106342143098,0.015161635423842856,False,0.5175387987523318,0.08171665506794794,0.12062220500607337,0.9855522517059427,,0.7654388792421851,0.7217990892890791,53.84615384615385,0.09099327311659325,1.018071242428235,260.0,sbc_unreported,2913.280029296875,16325355.0,47560330692.681885,61018622692.681885,10673740000.0,13458292000.0,3072342000.0,1439120000.0,,661538000.0,13458292000.0,19986403000.0,3602447000.0,1633222000.0,1633222000.0,2410804000.0,4263985000.0,2478124000.0,2851784058.2373667,0.20837584612976492,0.26717758332481084,16.93810420880082,37.360887064147974,0.026765959766507093,25.310486747442713,0.03950931524859105,19.192070571400738,0.6590558018888482,3.1562709531107638,302645000.0,1443000.0,0.02848935799447991,10.0,0.37015505739687454,0.38597011526553093,74.61538461538461,0.6892362455809907,1.1965147354778427,260.0,[],True,0.9,ig,Consumer Discretionary Distribution and Retail,62.5,,100.0,93.75,55.55555555555556,22.22222222222222,0.0,44.44444444444444,15.151515151515152,1.0,33.45712231969425,"{'profitability': 66.3, 'growth': 35.2, 'balance': 0.0, 'stability': 90.2}",32.4269510505195,False,0.2504837634462498,29.08261559184758,,32.94203668510687,,False,"{""floor"": false, ""depressed_arms"": {""self_pct"": false, ""self_z"": false, ""median_ratio"": false}, ""yield_arm"": false, ""residual_arm"": false, ""brakes"": {""gm"": true, ""fcf_margin"": false, ""roic"": false}, ""self_pct"": 74.61538461538461, ""self_z"": 0.6892362455809907, ""median_ratio"": 1.1965147354778427, ""fcf_yield"": 0.026765959766507093, ""yield_threshold"": 0.0495, ""gs10"": 0.0495, ""residual_pct"": null, ""brake_values"": {""gm"": 0.9855522517059427, ""fcf_margin"": null, ""roic"": 0.7217990892890791}}",False,"{""floor"": false, ""mom_sector_pct"": 15.151515151515152, ""eps_rev_proxy"": null}"
ON,1097864,ON Semiconductor,Information Technology,Semiconductors,Semiconductors and Semiconductor Equipment,4.27378507871321,5.9986310746064335,726091503.2779144,0.5096406852518633,-0.37798059679779983,0.5354171062110966,10.0,0.42959479994248556,0.13311514584373776,0.15321524320112506,0.17970983161586318,0.3340603585970165,0.17280096020779312,0.1591855753074566,0.2887236353021681,4,9,False,0.026713065370281175,0.23156254615801708,-0.037686773338911794,True,0.37716609119364936,0.21777082190454677,0.11809029010293975,0.877957766816881,1.4213391393353718,0.6833890851123524,0.4240673760364165,92.6923076923077,1.0977436708843291,1.778268357754023,260.0,,75.6500015258789,389311721.0,29451432287.692543,30315732287.692543,8083000000.0,864300000.0,1672000000.0,171600000.0,150700000.0,789400000.0,844500000.0,6197800000.0,669700000.0,1500400000.0,1349700000.0,731900000.0,1459100000.0,630200000.0,593850918.2790439,0.11325829732858905,0.07346912263751626,45.26763071180012,22.46108934407094,0.044521438149391024,41.42059337025898,0.024142580263420976,46.73346919659242,2.3808314820691843,0.5787814406140772,1687600000.0,311900000.0,0.24737102560930346,4.0,0.1732487024213038,0.1723682283347282,40.38461538461539,-0.11853017356204279,0.8874582652639146,260.0,[],True,1.0,ig,Semiconductors and Semiconductor Equipment,42.857142857142854,31.25,12.5,33.33333333333333,65.625,100.0,42.85714285714286,37.5,69.49152542372882,1.0,27.128999970711302,"{'profitability': 54.3, 'growth': 61.1, 'balance': 80.7, 'stability': 42.2}",46.81919740226411,False,-0.888155739676419,54.59488457872988,,36.97409868648771,,False,"{""floor"": false, ""depressed_arms"": {""self_pct"": false, ""self_z"": false, ""median_ratio"": false}, ""yield_arm"": false, ""residual_arm"": false, ""brakes"": {""gm"": false, ""fcf_margin"": true, ""roic"": false}, ""self_pct"": 40.38461538461539, ""self_z"": -0.11853017356204279, ""median_ratio"": 0.8874582652639146, ""fcf_yield"": 0.044521438149391024, ""yield_threshold"": 0.0495, ""gs10"": 0.0495, ""residual_pct"": null, ""brake_values"": {""gm"": 0.877957766816881, ""fcf_margin"": 1.4213391393353718, ""roic"": 0.4240673760364165}}",False,"{""floor"": false, ""mom_sector_pct"": 69.49152542372882, ""eps_rev_proxy"": null}"
UNP,100885,Union Pacific Corporation,Industrials,Rail Transportation,Transportation,69.57152635181383,5.9986310746064335,723940226.3885353,0.24883433357883833,-0.10608013591366261,0.18191252063841135,10.0,,,0.23195249432241727,0.22685427135678393,0.08169301494439866,0.2805714303134275,0.2820904522613065,0.05727256070513881,6,9,False,0.046441301388703726,-0.00409540654240681,0.01753018201731682,False,,0.25596221959858323,0.30499803227075956,,1.1035113907539709,1.087060189735088,0.9748196182432454,56.53846153846154,0.20051297897045775,1.022519688698758,260.0,sbc_unreported,274.1000061035156,594075498.0,162836097627.74908,193983097627.74908,51820000000.0,31147000000.0,10263000000.0,3759000000.0,,2513000000.0,31147000000.0,25410000000.0,10171000000.0,6504000000.0,6504000000.0,7750000000.0,12684000000.0,7330000000.0,7839477392.218717,0.22923238696109358,0.1512828520304654,19.072175560687157,29.825199512261545,0.0335286944045047,25.030077113257946,0.039951934445712094,22.215020140211333,0.8873124147339699,2.455613371176285,,,0.0,7.0,0.15519061085690625,0.15382244592219566,57.692307692307686,0.31744153396641356,1.0434647039068856,260.0,[],True,0.9,ig,Transportation,54.54545454545454,100.0,,54.54545454545454,77.27272727272727,36.36363636363637,11.111111111111114,54.54545454545455,68.75,1.0,32.20610896553829,"{'profitability': 83.2, 'growth': 19.4, 'balance': 18.1, 'stability': 72.3}",42.1669255360516,False,0.11790789502602284,26.507978479223805,,37.18651725079495,,False,"{""floor"": false, ""depressed_arms"": {""self_pct"": false, ""self_z"": false, ""median_ratio"": false}, ""yield_arm"": false, ""residual_arm"": false, ""brakes"": {""gm"": false, ""fcf_margin"": true, ""roic"": true}, ""self_pct"": 57.692307692307686, ""self_z"": 0.31744153396641356, ""median_ratio"": 1.0434647039068856, ""fcf_yield"": 0.0335286944045047, ""yield_threshold"": 0.0495, ""gs10"": 0.0495, ""residual_pct"": null, ""brake_values"": {""gm"": null, ""fcf_margin"": 1.1035113907539709, ""roic"": 0.9748196182432454}}",False,"{""floor"": false, ""mom_sector_pct"": 68.75, ""eps_rev_proxy"": null}"
FTNT,1262039,Fortinet,Information Technology,Systems Software,Software and Services,7.967145790554415,5.9986310746064335,712938413.1394918,0.8217740018446078,0.0,1.0553677578891398,10.0,0.7794200707206859,0.027473272153326362,0.2829603198027521,0.27944503091539735,0.2071513558095127,0.32190464658520185,0.3175333843167245,0.2053468088721978,9,9,False,0.21252104718544174,0.18370167203478394,0.21270028359210702,False,0.8020432021680793,0.374750910008768,0.39069266944761805,1.029025595179343,1.3243938594287774,1.213690680119491,,90.38461538461539,1.0753462591889893,1.411871364348215,260.0,ev_or_ic_nonpos,176.3300018310547,733713653.0,129375729776.95982,125769329776.95982,-2055300000.0,-3606400000.0,3396100000.0,279100000.0,296100000.0,159100000.0,-3606400000.0,7527400000.0,2442200000.0,3117000000.0,2820900000.0,2940900000.0,2601300000.0,2120742685.0,,,,51.49837432518214,44.58482391327584,0.022429156655303824,42.76559208982278,0.023383284344564863,61.00491619847781,1.4697681251226384,-1.3863837312113174,257400000.0,85984000.0,-0.16707244684474287,,,,83.46153846153847,0.7854436875807278,1.3063608400572457,260.0,[],True,0.8,ig,Software and Services,,86.36363636363636,44.44444444444444,,63.63636363636363,38.095238095238095,85.0,27.272727272727266,79.66101694915254,1.0,86.89510499419173,"{'profitability': 100.0, 'growth': 100.0, 'balance': 100.0, 'stability': 86.9}",21.97439496564337,True,,,,54.43474997991755,23.0,False,"{""floor"": true, ""depressed_arms"": {""self_pct"": false, ""self_z"": false, ""median_ratio"": false}, ""yield_arm"": false, ""residual_arm"": false, ""brakes"": {""gm"": true, ""fcf_margin"": true, ""roic"": false}, ""self_pct"": 83.46153846153847, ""self_z"": 0.7854436875807278, ""median_ratio"": 1.3063608400572457, ""fcf_yield"": 0.022429156655303824, ""yield_threshold"": 0.0495, ""gs10"": 0.0495, ""residual_pct"": null, ""brake_values"": {""gm"": 1.029025595179343, ""fcf_margin"": 1.3243938594287774, ""roic"": null}}",False,"{""floor"": true, ""mom_sector_pct"": 79.66101694915254, ""eps_rev_proxy"": 23.0}"
CDNS,813672,Cadence Design Systems,Information Technology,Application Software,Software and Services,9.02943189596167,5.9986310746064335,704687069.4144888,-0.15713991572272668,-0.15666382752917207,-0.0592333845635904,10.0,,,0.22198518524072827,0.2252398907966922,0.1596177471548714,0.2086427162941821,0.21473740985910464,0.15134805224098605,9,9,False,0.1457277629468552,0.14393610637353804,0.13224518533976393,False,,0.17077827657678335,0.15415493904167285,,0.7693228554490499,0.7388464921263651,0.5430436785927608,81.92307692307692,0.7842460167017746,1.2443083327990847,260.0,gm_derived,326.70001220703125,275816000.0,90109090566.89453,89075161566.89453,5527534000.0,-1033929000.0,1597542000.0,167630000.0,485745000.0,259534000.0,-1033929000.0,5528613000.0,1561851000.0,1429912000.0,944167000.0,852263000.0,1821385000.0,1170969000.0,1147025316.2643764,0.265598756690378,0.20751121861292512,57.031792127990784,94.3425914768198,0.01059966643216179,104.51604911499682,0.009567908550577922,76.95258419897925,1.22113565773304,-0.5676608734561885,4929581000.0,591028000.0,0.998747180930954,10.0,0.3821262023538661,0.37370047619423696,78.46153846153847,0.5892589968781737,1.1780990338430084,260.0,[],True,0.9,ig,Software and Services,78.94736842105263,72.72727272727273,,97.5,63.63636363636363,19.047619047619047,70.0,22.727272727272734,22.033898305084744,1.0,83.69548927680673,"{'profitability': 84.2, 'growth': 100.0, 'balance': 100.0, 'stability': 89.4}",18.678932811660147,True,1.0359412447237957,33.48144826490869,90.54054054054053,51.187211044233436,6.0,False,"{""floor"": true, ""depressed_arms"": {""self_pct"": false, ""self_z"": false, ""median_ratio"": false}, ""yield_arm"": false, ""residual_arm"": false, ""brakes"": {""gm"": false, ""fcf_margin"": false, ""roic"": false}, ""self_pct"": 78.46153846153847, ""self_z"": 0.5892589968781737, ""median_ratio"": 1.1780990338430084, ""fcf_yield"": 0.01059966643216179, ""yield_threshold"": 0.0495, ""gs10"": 0.0495, ""residual_pct"": 90.54054054054053, ""brake_values"": {""gm"": null, ""fcf_margin"": 0.7693228554490499, ""roic"": 0.5430436785927608}}",True,"{""floor"": true, ""mom_sector_pct"": 22.033898305084744, ""eps_rev_proxy"": 6.0}"
CVS,64803,CVS Health,Health Care,Health Care Services,Health Care Equipment and Services,69.57152635181383,5.9986310746064335,690528833.9767808,0.2880439270965738,-0.18461109879357984,0.16967810139277395,10.0,,,0.03071697999167266,0.027411005768972766,0.3240091096033006,0.025839506839701393,0.023679620768301955,0.4104448589873081,9,9,False,0.08393742925077285,,,False,0.4449078022385723,0.026604125410155968,0.02299041644382128,,0.8661048520189263,0.889738979402556,0.9643303543684867,51.6260162601626,0.007368641768366329,1.0063185621491306,246.0,,87.8499984741211,1278970369.0,112357544965.0961,186491544965.0961,153836000000.0,74134000000.0,14780000000.0,3022000000.0,715000000.0,4522000000.0,73937000000.0,415086000000.0,8288000000.0,11758000000.0,11043000000.0,9543000000.0,12810000000.0,4890000000.0,6996177639.536893,0.15586659754622428,0.04547815621530001,22.50139297358785,16.887761021923037,0.05921448075335971,19.542234618578654,0.05117122066732878,22.97700306034685,2.4044989775051127,5.771818891491023,85478000000.0,10498000000.0,0.6238851764216439,2.0,0.047160349157610415,0.04058011647135661,49.61538461538461,-0.0029625922011191803,0.9955683491609765,260.0,['fcf_cagr5 gate'],False,0.9,ig,Health Care Equipment and Services,14.814814814814813,17.24137931034483,,35.714285714285715,58.333333333333336,89.65517241379311,0.0,33.33333333333334,69.04761904761905,1.0,21.30166300070467,"{'profitability': 15.5, 'growth': 69.9, 'balance': 0.0, 'stability': 78.4}",46.317535715369615,False,-0.3907716817614806,24.962154089619123,,33.80959935803715,,False,"{""floor"": false, ""depressed_arms"": {""self_pct"": false, ""self_z"": false, ""median_ratio"": false}, ""yield_arm"": true, ""residual_arm"": false, ""brakes"": {""gm"": false, ""fcf_margin"": false, ""roic"": true}, ""self_pct"": 49.61538461538461, ""self_z"": -0.0029625922011191803, ""median_ratio"": 0.9955683491609765, ""fcf_yield"": 0.05921448075335971, ""yield_threshold"": 0.0495, ""gs10"": 0.0495, ""residual_pct"": null, ""brake_values"": {""gm"": null, ""fcf_margin"": 0.8661048520189263, ""roic"": 0.9643303543684867}}",False,"{""floor"": false, ""mom_sector_pct"": 69.04761904761905, ""eps_rev_proxy"": null}"
MCHP,827054,Microchip Technology,Information Technology,Semiconductors,Semiconductors and Semiconductor Equipment,19.06091718001369,5.9986310746064335,689433186.8517151,0.14386335402849726,-0.2138006107465702,0.20246770003645165,10.0,0.6239912727819514,0.07355780748229103,0.2532650122478004,0.3183092318977261,0.4895780190996826,0.1491342829316765,0.21829963787769943,0.8644354055059223,6,9,False,-0.028221913703690094,-0.13741197174832065,-0.5014421776466628,False,0.601936630029479,0.16270034945239442,0.04794721121371259,0.9646555269048142,0.6424114725061376,0.3215036158766985,0.533981680382873,88.46153846153845,0.2487709376324693,6.927750283577104,208.0,,77.97000122070312,543008691.0,42338388300.122406,47571788300.122406,11684400000.0,5233400000.0,1198000000.0,87100000.0,277500000.0,674900000.0,5233400000.0,5122300000.0,794800000.0,1110900000.0,833400000.0,245600000.0,1469700000.0,478400000.0,656478453.038674,0.17403314917127072,0.05618418173279535,59.8537849775068,57.081579433792186,0.01751878644423076,193.69620643372315,0.005162723722945854,88.49997554373412,2.3221153846153846,3.560862761107709,6695500000.0,5939500000.0,1.0813563383656841,4.0,0.10521743310090795,0.11946060964878757,75.0,1.4153788192719623,2.59254683454214,260.0,"['rev_cagr5 gate', 'fcf_cagr5 gate']",False,1.0,ig,Semiconductors and Semiconductor Equipment,14.285714285714285,81.25,81.25,33.33333333333333,65.625,93.33333333333333,0.0,18.75,47.45762711864407,1.0,9.596488495418713,"{'profitability': 46.6, 'growth': 0.0, 'balance': 0.0, 'stability': 51.5}",21.51893380560966,False,0.055203656265882195,54.015865366118824,,15.557711150514187,,False,"{""floor"": false, ""depressed_arms"": {""self_pct"": false, ""self_z"": false, ""median_ratio"": false}, ""yield_arm"": false, ""residual_arm"": false, ""brakes"": {""gm"": false, ""fcf_margin"": false, ""roic"": false}, ""self_pct"": 75.0, ""self_z"": 1.4153788192719623, ""median_ratio"": 2.59254683454214, ""fcf_yield"": 0.01751878644423076, ""yield_threshold"": 0.0495, ""gs10"": 0.0495, ""residual_pct"": null, ""brake_values"": {""gm"": 0.9646555269048142, ""fcf_margin"": 0.6424114725061376, ""roic"": 0.533981680382873}}",False,"{""floor"": false, ""mom_sector_pct"": 47.45762711864407, ""eps_rev_proxy"": null}"
SNPS,883241,Synopsys,Information Technology,Application Software,Software and Services,9.538672142368242,5.9986310746064335,685486915.8234732,-0.1605601699466812,-0.20482502917933298,-0.1098962563687238,10.0,0.7946476583909342,0.016588977037796018,0.16710025916525123,0.17870656226177667,0.0832666902490432,0.13673282658828487,0.16789387918121312,0.6220302268118992,9,9,False,0.13866287520721876,0.1002950225005994,,False,0.7237516414068337,0.19090922124172924,0.01881608437986017,0.9107830794749255,1.1424830948522497,0.137612048615927,0.10209136885058233,99.6,3.1532122023071847,3.9760809109920774,250.0,,417.6099853515625,191636646.0,80029376928.88257,87262336928.88257,38385499000.0,7232960000.0,2938341000.0,190635000.0,950016000.0,1811144000.0,7234120000.0,9416465000.0,802356000.0,2747706000.0,1797690000.0,177181000.0,2613500000.0,1076559000.0,664571500.458509,0.17172489461223076,0.017313087435922324,108.75762994092717,48.54137083083433,0.020600983921220093,492.50391931912884,0.002030440694527809,74.33812445846681,2.552304146823351,2.7679816338243732,26834774000.0,336723000.0,0.7078583764144892,6.0,0.16958424233944014,0.21763821244221634,23.846153846153847,-0.3101671389077054,0.6865907076263805,260.0,[],True,1.0,ig,Software and Services,57.89473684210527,31.818181818181817,61.111111111111114,67.5,63.63636363636363,85.71428571428571,10.0,13.63636363636364,20.33898305084746,1.0,43.21337004821303,"{'profitability': 40.1, 'growth': 91.8, 'balance': 7.7, 'stability': 94.2}",37.079714905573,False,0.38879439252629355,32.904915326555134,,40.14654247689302,,False,"{""floor"": false, ""depressed_arms"": {""self_pct"": false, ""self_z"": false, ""median_ratio"": true}, ""yield_arm"": false, ""residual_arm"": false, ""brakes"": {""gm"": false, ""fcf_margin"": true, ""roic"": false}, ""self_pct"": 23.846153846153847, ""self_z"": -0.3101671389077054, ""median_ratio"": 0.6865907076263805, ""fcf_yield"": 0.020600983921220093, ""yield_threshold"": 0.0495, ""gs10"": 0.0495, ""residual_pct"": null, ""brake_values"": {""gm"": 0.9107830794749255, ""fcf_margin"": 1.1424830948522497, ""roic"": 0.10209136885058233}}",False,"{""floor"": false, ""mom_sector_pct"": 20.33898305084746, ""eps_rev_proxy"": null}"
WDAY,1327811,"Workday, Inc.",Information Technology,Application Software,Software and Services,1.7659137577002053,5.9986310746064335,679868000.8535016,-0.17206530436632506,-0.2230689758866503,-0.20246951323184426,7.0,,,0.0672192589275002,0.07435023053681358,0.2610073822841178,0.06765280566158013,0.07301281168204987,0.6366513802938552,9,9,False,0.17209392670406998,,,False,,0.11797144263909404,0.11619891678975874,,1.7550244456924606,1.7175772039820638,,11.740890688259109,-0.4688576738854751,0.34160991984285066,247.0,shares_was_proxy;gm_derived,188.60000610351562,245181000.0,46241138096.466064,46610138096.466064,6829000000.0,369000000.0,3081000000.0,237000000.0,1646000000.0,255000000.0,369000000.0,10155000000.0,1085000000.0,2844000000.0,1198000000.0,1180000000.0,1340000000.0,1251000000.0,1057114485.9813085,0.02570093457943925,0.15479784536261657,42.958652623471025,38.90662612392827,0.02570256276693656,39.500117030903446,0.025316380688635343,36.96333980532859,2.273381294964029,0.2753731343283582,5227000000.0,383000000.0,0.8214965587933811,0.0,,,12.550607287449392,-0.743765370502151,0.29211311059133394,247.0,['fcf_cagr5 gate'],False,0.8,ig,Software and Services,,9.090909090909092,,15.0,9.090909090909092,76.19047619047619,40.0,31.818181818181827,18.64406779661017,1.0,64.9843959750395,"{'profitability': 53.6, 'growth': 100.0, 'balance': 90.8, 'stability': 82.6}",46.19239358830147,True,,,,55.58839478167049,19.0,False,"{""floor"": true, ""depressed_arms"": {""self_pct"": true, ""self_z"": false, ""median_ratio"": true}, ""yield_arm"": false, ""residual_arm"": false, ""brakes"": {""gm"": false, ""fcf_margin"": true, ""roic"": false}, ""self_pct"": 12.550607287449392, ""self_z"": -0.743765370502151, ""median_ratio"": 0.29211311059133394, ""fcf_yield"": 0.02570256276693656, ""yield_threshold"": 0.0495, ""gs10"": 0.0495, ""residual_pct"": null, ""brake_values"": {""gm"": null, ""fcf_margin"": 1.7550244456924606, ""roic"": null}}",True,"{""floor"": true, ""mom_sector_pct"": 18.64406779661017, ""eps_rev_proxy"": 19.0}"
MDT,1613103,Medtronic,Health Care,Health Care Equipment,Health Care Equipment and Services,39.912388774811774,5.9986310746064335,677703330.0477483,-0.012284320671734017,-0.12212595154300698,-0.05356732838474132,10.0,,,0.14792446034464962,0.14181351939648745,0.08538024080072006,0.11322082245849044,0.11193607060858157,0.11287353506544918,7,9,False,0.038417474974348664,0.021228777171166335,0.04154819570596069,False,0.650098556283629,0.15012519311704225,0.12252943370092163,,1.0148774095052646,1.0822164248616368,1.1506337414540628,10.384615384615385,-0.8966834156053186,0.8553984461514276,260.0,,89.5,1279137890.0,114482841155.0,132202843155.0,67952002000.0,17720002000.0,8035000000.0,1903000000.0,496000000.0,2939000000.0,17102000000.0,37542000000.0,6786000000.0,6132000000.0,5636000000.0,4600000000.0,9725000000.0,430004801.0,5416056338.028169,0.20187793427230047,0.07970414673033722,19.48170397214854,23.456856485982968,0.04263145833703534,28.73974851195652,0.03479501567607569,266.23619291869255,14.26030589830554,1.758560411311054,43187000000.0,27262000000.0,1.036746496446124,0.0,0.06926978052078901,0.07582692183093777,17.692307692307693,-0.7703525448634078,0.9139244125913689,260.0,[],True,0.9,ig,Health Care Equipment and Services,25.925925925925924,75.86206896551724,,8.928571428571429,58.333333333333336,100.0,40.74074074074075,56.666666666666664,33.33333333333333,1.0,30.841720919308656,"{'profitability': 47.3, 'growth': 24.9, 'balance': 41.4, 'stability': 79.5}",58.38518218196167,False,-0.07041780574855938,25.16818370316088,,44.61345155063516,,False,"{""floor"": false, ""depressed_arms"": {""self_pct"": true, ""self_z"": false, ""median_ratio"": false}, ""yield_arm"": false, ""residual_arm"": false, ""brakes"": {""gm"": false, ""fcf_margin"": true, ""roic"": true}, ""self_pct"": 17.692307692307693, ""self_z"": -0.7703525448634078, ""median_ratio"": 0.9139244125913689, ""fcf_yield"": 0.04263145833703534, ""yield_threshold"": 0.0495, ""gs10"": 0.0495, ""residual_pct"": null, ""brake_values"": {""gm"": null, ""fcf_margin"": 1.0148774095052646, ""roic"": 1.1506337414540628}}",False,"{""floor"": false, ""mom_sector_pct"": 33.33333333333333, ""eps_rev_proxy"": null}"
HON,773840,Honeywell Technologies,Industrials,Industrial Conglomerates,Capital Goods,69.57152635181383,5.9986310746064335,672423655.4333907,0.03424536195159389,-0.16498535399668313,0.043669589913499784,10.0,,,0.13661173049647984,0.1395758773569788,0.07242834065339265,0.12736324960003814,0.12883927140644197,0.08433565708029482,6,9,False,0.0278500503505279,0.004486161469561267,-0.008604211529697148,False,0.3933274552746096,0.11268807417730879,0.10389942831138542,,0.824878462250447,0.8157724354369356,0.7217397651105685,1.5384615384615385,-1.4223084326716326,0.7616913606208257,260.0,,211.52000427246094,316940010.0,67039152269.31381,90697152269.31381,42195000000.0,23658000000.0,5118000000.0,970000000.0,186000000.0,1279000000.0,23338000000.0,35159000000.0,7935000000.0,4148000000.0,3962000000.0,3653000000.0,9214000000.0,8213000000.0,6361022692.736299,0.19835882889271603,0.15075299662842276,11.430012888382333,22.891759785288695,0.043683841232802306,24.828128187603014,0.04027689854200576,8.162565721333717,0.5050529648118836,2.532884740612112,19967000000.0,6413000000.0,0.6251925583599952,4.0,0.20887445020481563,0.21060821526254975,1.5384615384615385,-1.6414995599388151,0.751694928158526,260.0,[],True,0.9,ig,Capital Goods,67.56756756756756,78.04878048780488,,37.80487804878049,64.28571428571429,7.6923076923076925,24.324324324324323,97.5609756097561,43.75,1.0,23.929915947002502,"{'profitability': 60.2, 'growth': 13.5, 'balance': 15.6, 'stability': 72.9}",76.8415301591505,False,-0.20461493366282912,28.08939055606344,,50.3857230530765,,False,"{""floor"": false, ""depressed_arms"": {""self_pct"": true, ""self_z"": true, ""median_ratio"": true}, ""yield_arm"": false, ""residual_arm"": false, ""brakes"": {""gm"": false, ""fcf_margin"": false, ""roic"": false}, ""self_pct"": 1.5384615384615385, ""self_z"": -1.6414995599388151, ""median_ratio"": 0.751694928158526, ""fcf_yield"": 0.043683841232802306, ""yield_threshold"": 0.0495, ""gs10"": 0.0495, ""residual_pct"": null, ""brake_values"": {""gm"": null, ""fcf_margin"": 0.824878462250447, ""roic"": 0.7217397651105685}}",False,"{""floor"": false, ""mom_sector_pct"": 43.75, ""eps_rev_proxy"": null}"
SBUX,829224,Starbucks,Consumer Discretionary,Restaurants,Consumer Services,26.310746064339494,5.9986310746064335,655132984.4011061,0.2397128426796593,-0.11664350495167874,0.13053926467315646,10.0,,,0.0898828895044791,0.08319834587380653,0.23130852669390775,0.1057793537095246,0.11595745268989004,0.21597106099244498,8,9,True,0.09595337505976698,-0.14298220922492444,-0.1054818622589877,True,,0.08549414032442754,0.07706914495426245,,0.9511725846348891,0.7285840029416155,0.6130110097877871,71.53846153846153,0.666573253806636,1.2195233322901178,260.0,gm_derived,95.2699966430664,1140000000.0,108607796173.0957,127438796173.0957,11156700000.0,18831000000.0,4985900000.0,1343800000.0,364400000.0,1666800000.0,18823800000.0,38338300000.0,2977500000.0,3642100000.0,3277700000.0,2954700000.0,4644300000.0,1982800000.0,1918601033.7429295,0.3556335738898641,0.17196850625569654,42.80060324873072,38.88055532022324,0.02571979725505264,43.13087493589728,0.02318524726164812,54.77496276633836,1.8368468831954812,4.053097345132743,1238800000.0,296200000.0,0.13758548674787346,9.0,0.2805308608000838,0.3004904593713034,38.07692307692307,-0.37521399274703204,0.887738545145149,260.0,['fcf_cagr5 gate'],False,0.9,ig,Consumer Services,91.66666666666666,61.53846153846154,,100.0,80.76923076923077,84.61538461538461,22.222222222222214,0.0,84.84848484848484,1.0,27.663770743832895,"{'profitability': 59.6, 'growth': 40.0, 'balance': 0.0, 'stability': 77.2}",30.949981729707282,False,0.5032331447232816,23.50612716742428,,29.306876236770087,,False,"{""floor"": false, ""depressed_arms"": {""self_pct"": false, ""self_z"": false, ""median_ratio"": false}, ""yield_arm"": false, ""residual_arm"": false, ""brakes"": {""gm"": false, ""fcf_margin"": true, ""roic"": false}, ""self_pct"": 38.07692307692307, ""self_z"": -0.37521399274703204, ""median_ratio"": 0.887738545145149, ""fcf_yield"": 0.02571979725505264, ""yield_threshold"": 0.0495, ""gs10"": 0.0495, ""residual_pct"": null, ""brake_values"": {""gm"": null, ""fcf_margin"": 0.9511725846348891, ""roic"": 0.6130110097877871}}",False,"{""floor"": false, ""mom_sector_pct"": 84.84848484848484, ""eps_rev_proxy"": null}"
CMCSA,1166691,Comcast,Communication Services,Cable & Satellite,Media and Entertainment,23.860369609856264,5.9986310746064335,653020048.4767367,-0.05104053620174176,-0.2997894631033322,-0.2194100504482731,10.0,,,0.13684120459358895,0.12353173428091994,0.14409407456016202,0.10873036324231584,0.10630737340835061,0.13491370891090426,7,9,False,0.03618450068524881,0.07070616175279487,0.09102383187198626,False,,0.15270127457887658,0.12318260424005636,,1.1159012742718188,1.1329181708473863,0.8686864948629768,0.38461538461538464,-2.116339737251705,0.4754898609352334,260.0,shares_was_proxy,21.790000915527344,3564000000.0,77659563262.93945,82201563262.93945,94305000000.0,4542000000.0,32517000000.0,12073000000.0,1371000000.0,15760000000.0,4535000000.0,124904000000.0,18318000000.0,20444000000.0,19073000000.0,15386000000.0,34078000000.0,11199000000.0,14114771543.086172,0.22945891783567135,0.14967150780007604,4.4874747932601515,4.309839210556255,0.2320272175237214,5.342620776221205,0.1871740559335174,6.934508729613309,1.8255201357264041,0.13307705851282353,53070000000.0,79925000000.0,1.4102645670961242,10.0,0.17229634475172156,0.15818887429972628,0.7692307692307693,-2.021497746825104,0.4892613004811402,260.0,[],True,0.9,ig,Media and Entertainment,50.0,55.55555555555556,,93.75,72.22222222222221,75.0,77.77777777777777,88.88888888888889,54.54545454545454,1.0,50.547367644746586,"{'profitability': 62.1, 'growth': 44.5, 'balance': 95.6, 'stability': 75.6}",93.68794326241135,False,-1.4877821722994862,32.27542100425614,,72.11765545357898,,False,"{""floor"": false, ""depressed_arms"": {""self_pct"": true, ""self_z"": true, ""median_ratio"": true}, ""yield_arm"": true, ""residual_arm"": false, ""brakes"": {""gm"": false, ""fcf_margin"": true, ""roic"": false}, ""self_pct"": 0.7692307692307693, ""self_z"": -2.021497746825104, ""median_ratio"": 0.4892613004811402, ""fcf_yield"": 0.2320272175237214, ""yield_threshold"": 0.0495, ""gs10"": 0.0495, ""residual_pct"": null, ""brake_values"": {""gm"": null, ""fcf_margin"": 1.1159012742718188, ""roic"": 0.8686864948629768}}",False,"{""floor"": false, ""mom_sector_pct"": 54.54545454545454, ""eps_rev_proxy"": null}"
HWM,4281,Howmet Aerospace,Industrials,Aerospace & Defense,Capital Goods,9.938398357289527,5.9986310746064335,651223220.266841,0.37283907247029724,-0.21045710938860362,0.2089583845543468,5.0,,,0.10216369093517774,0.09518072289156626,0.5188785099295833,0.10047309090255807,0.08719879518072289,0.6657987551961007,6,9,False,0.09428692393516935,,,False,,0.1964461994076999,0.21037622024788857,,1.922857304875015,2.0938563585340275,1.459947405338947,,,,,sbc_unreported;gm_derived,228.32000732421875,398801399.0,91054338340.58868,95155338340.58868,9833000000.0,4101000000.0,2221000000.0,430000000.0,,303000000.0,4101000000.0,9117000000.0,2495000000.0,1791000000.0,1791000000.0,1918000000.0,2798000000.0,1871000000.0,2045637598.5977213,0.1801051709027169,0.20803799436567896,38.138412160556584,53.1297254832991,0.01882185520258978,49.611750959639565,0.020156514951740482,48.66613486936862,0.9572421165152325,1.4656897784131522,5084000000.0,457000000.0,0.5635106274788976,3.0,0.14249691023450264,0.12899990538366923,,,,,['fcf_cagr5 gate'],False,0.8,ig,Capital Goods,56.75675675675676,51.21951219512195,,28.04878048780488,8.333333333333332,33.33333333333333,56.75675675675676,12.195121951219505,81.25,1.0,26.41301403082357,"{'profitability': 51.3, 'growth': 78.6, 'balance': 51.1, 'stability': 44.4}",,False,0.6455207691206555,27.860664081390002,,,,False,"{""floor"": false, ""depressed_arms"": {""self_pct"": false, ""self_z"": false, ""median_ratio"": false}, ""yield_arm"": false, ""residual_arm"": false, ""brakes"": {""gm"": false, ""fcf_margin"": true, ""roic"": true}, ""self_pct"": null, ""self_z"": null, ""median_ratio"": null, ""fcf_yield"": 0.01882185520258978, ""yield_threshold"": 0.0495, ""gs10"": 0.0495, ""residual_pct"": null, ""brake_values"": {""gm"": null, ""fcf_margin"": 1.922857304875015, ""roic"": 1.459947405338947}}",False,"{""floor"": false, ""mom_sector_pct"": 81.25, ""eps_rev_proxy"": null}"
FIX,1035983,Comfort Systems USA,Industrials,Construction & Engineering,Capital Goods,0.7693360711841205,5.9986310746064335,649358989.0474722,0.9726379744367186,-0.1673982151100546,1.0313882278033453,10.0,0.19659443124877105,0.08100351152728659,0.17252296145824347,0.10213472485768502,0.5853704711450496,0.1806172260737498,0.09774860846198549,0.6859689192105073,8,9,False,-0.08508751361229527,0.3149343608446671,0.38861010216781766,False,0.27509703312732825,0.536067569066539,0.6226427728038904,1.3993124392176695,3.107224479196561,3.4473055883919526,1.725476250779451,38.07692307692307,-0.18346855151922511,0.9066493928181482,260.0,,1658.300048828125,35194329.0,58362757499.173096,56896656499.173096,1751168000.0,-1466101000.0,2550065000.0,390259000.0,38228000.0,47623000.0,-1484385000.0,3957669000.0,743811000.0,2159806000.0,2121578000.0,2464214000.0,791434000.0,1434401000.0,601318080.3392045,0.19157140679661291,0.34338114923251484,76.49343247030912,26.818083756134865,0.037288271939684786,23.08917021783542,0.04331034812275504,40.68789515565947,1.5057198091747008,-1.8755638499230511,1101475000.0,534580000.0,0.9342650162634311,6.0,0.19900659257257175,0.14350713819195393,56.53846153846154,0.21868723031738663,1.1067589283451038,260.0,"['tenure<1y', 'rev_cagr5 gate']",False,1.0,ig,Capital Goods,64.86486486486487,92.6829268292683,18.75,46.34146341463415,64.28571428571429,89.74358974358975,94.5945945945946,4.878048780487802,98.4375,1.0,41.42044692654132,"{'profitability': 56.3, 'growth': 50.0, 'balance': 100.0, 'stability': 61.3}",29.16053451392412,False,-0.045280805154750414,28.060341140521853,,35.29049072023272,,False,"{""floor"": false, ""depressed_arms"": {""self_pct"": false, ""self_z"": false, ""median_ratio"": false}, ""yield_arm"": false, ""residual_arm"": false, ""brakes"": {""gm"": true, ""fcf_margin"": true, ""roic"": true}, ""self_pct"": 56.53846153846154, ""self_z"": 0.21868723031738663, ""median_ratio"": 1.1067589283451038, ""fcf_yield"": 0.037288271939684786, ""yield_threshold"": 0.0495, ""gs10"": 0.0495, ""residual_pct"": null, ""brake_values"": {""gm"": 1.3993124392176695, ""fcf_margin"": 3.107224479196561, ""roic"": 1.725476250779451}}",False,"{""floor"": false, ""mom_sector_pct"": 98.4375, ""eps_rev_proxy"": null}"
F,37996,Ford Motor Company,Consumer Discretionary,Automobile Manufacturers,Consumer Durables and Apparel,69.57152635181383,5.9986310746064335,622076486.9476918,0.20770605049648494,-0.28244958662848385,0.022667658029582594,9.0,0.13324574356055613,0.24677735648354715,0.039700696966098556,0.03531394906663791,0.5843633148779162,0.03125951592536076,0.03841285877258203,0.6480181591880756,7,9,False,0.08052066341481323,-0.07617146693896004,-0.20695747901764305,False,0.08043779396505868,0.047650649685822784,0.012698763832487978,0.6036800262103844,1.2002471827261092,0.4062367396478301,1.5508184675126946,91.90283400809717,2.428353652693673,8.425117630784737,247.0,shares_was_proxy;gm_derived,12.380000114440918,3991000000.0,49408580456.7337,22517580456.733704,10562000000.0,-26891000000.0,18919000000.0,9373000000.0,499000000.0,16009000000.0,-26922000000.0,189861000000.0,-7159000000.0,9546000000.0,9047000000.0,2411000000.0,8850000000.0,,-5918477228.325975,0.17328157168236133,-0.5603557307636788,,2.4889555053314583,0.4017749605639609,9.339519061274867,0.10707189454180498,,,-3.0420338983050845,483000000.0,170000000.0,0.061825411853815564,5.0,-0.36132902883366774,0.46524879216498705,87.04453441295547,1.3484619023441478,2.7130384974016235,247.0,['fcf_cagr5 gate'],False,0.8,ig,Consumer Durables and Apparel,12.5,10.0,12.5,38.88888888888889,25.0,,80.0,,75.75757575757575,1.0,16.817741597099186,"{'profitability': 7.1, 'growth': 33.6, 'balance': 100.0, 'stability': 39.2}",,False,,,,,,False,"{""floor"": false, ""depressed_arms"": {""self_pct"": false, ""self_z"": false, ""median_ratio"": false}, ""yield_arm"": true, ""residual_arm"": false, ""brakes"": {""gm"": false, ""fcf_margin"": true, ""roic"": true}, ""self_pct"": 87.04453441295547, ""self_z"": 1.3484619023441478, ""median_ratio"": 2.7130384974016235, ""fcf_yield"": 0.4017749605639609, ""yield_threshold"": 0.0495, ""gs10"": 0.0495, ""residual_pct"": null, ""brake_values"": {""gm"": 0.6036800262103844, ""fcf_margin"": 1.2002471827261092, ""roic"": 1.5508184675126946}}",False,"{""floor"": false, ""mom_sector_pct"": 75.75757575757575, ""eps_rev_proxy"": null}"
PWR,1050915,Quanta Services,Industrials,Construction & Engineering,Capital Goods,17.245722108145106,5.9986310746064335,613138016.2937049,0.4834647998529633,-0.16303012568429176,0.530861770014613,10.0,0.1475346341239276,0.024182864034821915,0.039690042546249055,0.04857662068844642,0.508076692604365,0.03161097397375563,0.039947405339319446,0.600045286602893,8,9,False,0.2051545611518748,,,False,0.1545648187486818,0.06580795583911814,0.05840993230844786,1.047651079805769,1.6580469966096667,1.8477738888065114,1.2731317691937425,32.9059829059829,-0.04963950960138526,0.763116329056882,234.0,,644.3599853515625,150343393.0,96875266511.1842,99557644511.1842,12320320000.0,2682378000.0,3178249000.0,787091000.0,225738000.0,1030524000.0,2578377000.0,32905140000.0,2035759000.0,2391158000.0,2165420000.0,1921987000.0,3066283000.0,1340415000.0,1565980503.6620963,0.230763315470006,0.12710550567372408,48.9044354028076,45.97613604343924,0.02175041415083639,51.79933293575045,0.01930526791224039,72.2725920787101,1.78389379408616,0.8408803101344526,7868886000.0,3217584000.0,0.899852438897691,3.0,0.09983688157763773,0.10345907512982935,38.05668016194332,-0.040175504154836436,0.911064963468519,247.0,['fcf_cagr5 gate'],False,1.0,ig,Capital Goods,24.324324324324326,9.75609756097561,9.375,28.04878048780488,64.28571428571429,94.87179487179486,75.67567567567568,7.317073170731703,90.625,1.0,44.118784893228316,"{'profitability': 35.6, 'growth': 100.0, 'balance': 72.0, 'stability': 67.0}",32.209607898598094,False,0.5085134479180802,27.649538368427176,,38.16419639591321,,False,"{""floor"": false, ""depressed_arms"": {""self_pct"": false, ""self_z"": false, ""median_ratio"": false}, ""yield_arm"": false, ""residual_arm"": false, ""brakes"": {""gm"": true, ""fcf_margin"": true, ""roic"": true}, ""self_pct"": 38.05668016194332, ""self_z"": -0.040175504154836436, ""median_ratio"": 0.911064963468519, ""fcf_yield"": 0.02175041415083639, ""yield_threshold"": 0.0495, ""gs10"": 0.0495, ""residual_pct"": null, ""brake_values"": {""gm"": 1.047651079805769, ""fcf_margin"": 1.6580469966096667, ""roic"": 1.2731317691937425}}",False,"{""floor"": false, ""mom_sector_pct"": 90.625, ""eps_rev_proxy"": null}"
RCL,884887,Royal Caribbean Group,Consumer Discretionary,"Hotels, Resorts & Cruise Lines",Consumer Services,11.816563997262149,5.9986310746064335,595310889.4727412,-0.14376888217522654,-0.29136878461448357,-0.21208409654986482,6.0,0.1746119317822866,2.7998895789112415,-0.5565378242521708,0.032661870503597125,,,,,7,9,False,0.52022825771937,,,,0.4906326945723156,-0.030350069585697463,,2.809846323583756,0.05453370510167815,,1.179325032433615,,,,,gm_derived,242.58999633789062,267452084.0,64881200078.121216,74544022078.12122,19898822000.0,9662822000.0,6786000000.0,7202000000.0,151000000.0,,9437822000.0,18682000000.0,5104000000.0,-416000000.0,-567000000.0,,,4398000000.0,5039521016.75698,0.012633029632253068,0.2532572539599068,14.6050199996319,,-0.0076062437227466875,,,14.752432941819285,-0.09458844929513416,,808000000.0,390000000.0,0.06020456889357571,3.0,0.21474762851195797,0.22568721448521956,,,,,['fcf_cagr5 gate'],False,0.8,ig,Consumer Services,75.0,15.384615384615385,40.0,53.84615384615385,23.076923076923077,15.384615384615385,,61.53846153846153,39.39393939393939,0.7,37.037037037037045,"{'profitability': 50.0, 'growth': 100.0, 'balance': None, 'stability': 51.9}",,False,,,,,,False,"{""floor"": false, ""depressed_arms"": {""self_pct"": false, ""self_z"": false, ""median_ratio"": false}, ""yield_arm"": false, ""residual_arm"": false, ""brakes"": {""gm"": true, ""fcf_margin"": false, ""roic"": true}, ""self_pct"": null, ""self_z"": null, ""median_ratio"": null, ""fcf_yield"": -0.0076062437227466875, ""yield_threshold"": 0.0495, ""gs10"": 0.0495, ""residual_pct"": null, ""brake_values"": {""gm"": 2.809846323583756, ""fcf_margin"": 0.05453370510167815, ""roic"": 1.179325032433615}}",False,"{""floor"": false, ""mom_sector_pct"": 39.39393939393939, ""eps_rev_proxy"": null}"
LOW,60667,Lowe's,Consumer Discretionary,Home Improvement Retail,Consumer Discretionary Distribution and Retail,42.58179329226557,5.9986310746064335,589349600.6355976,-0.1530338027682906,-0.33983045188424843,-0.2225889848537267,10.0,0.33344918803430185,0.0024769973993624874,0.07900300700249838,0.08342857142857144,0.1016100183577127,0.07866094768509296,0.08312727272727273,0.10461578683148735,7,9,False,-0.007502609287254769,-0.03741252792524352,-0.044084943015242906,False,0.33082315994338285,0.07450902335456476,0.07228635881104034,0.9921246529151876,0.9431162962215919,0.918961199150914,,13.461538461538462,-0.4648050783750514,0.9087055703387137,260.0,ev_or_ic_nonpos,187.66000366210938,561054019.0,105287399260.18118,112195399260.18118,-529000000.0,6908000000.0,9263000000.0,2263000000.0,262000000.0,2464000000.0,6908000000.0,90432000000.0,10292000000.0,7000000000.0,6738000000.0,6537000000.0,12756000000.0,6643000000.0,7802094716.421316,0.2419262809540112,,10.901224179963194,16.65114266253802,0.060055938518250425,17.16313282242331,0.0582644212071539,15.849375170883816,1.053740779768177,0.5415490749451238,3957000000.0,5709000000.0,-18.272211720226842,6.0,-1.8871481937330075,-1.2449672419140838,10.76923076923077,-0.5210102439965452,0.8872690361782078,260.0,['rev_cagr5 gate'],False,1.0,ig,Consumer Discretionary Distribution and Retail,12.5,50.0,33.33333333333333,25.0,55.55555555555556,66.66666666666666,62.5,88.88888888888889,36.36363636363637,1.0,25.52380534473454,"{'profitability': 14.9, 'growth': 0.0, 'balance': 81.9, 'stability': 83.6}",74.72600141363115,False,,,,50.12490337918285,,False,"{""floor"": false, ""depressed_arms"": {""self_pct"": true, ""self_z"": false, ""median_ratio"": false}, ""yield_arm"": true, ""residual_arm"": false, ""brakes"": {""gm"": true, ""fcf_margin"": false, ""roic"": false}, ""self_pct"": 10.76923076923077, ""self_z"": -0.5210102439965452, ""median_ratio"": 0.8872690361782078, ""fcf_yield"": 0.060055938518250425, ""yield_threshold"": 0.0495, ""gs10"": 0.0495, ""residual_pct"": null, ""brake_values"": {""gm"": 0.9921246529151876, ""fcf_margin"": 0.9431162962215919, ""roic"": null}}",False,"{""floor"": false, ""mom_sector_pct"": 36.36363636363637, ""eps_rev_proxy"": null}"
LMT,936468,Lockheed Martin,Industrials,Aerospace & Defense,Capital Goods,69.57152635181383,5.9986310746064335,574669311.1792462,0.06811425296342177,-0.21890341070853792,0.05351419722560724,10.0,0.11705843553120325,0.1263162897999264,0.08951085687827204,0.0882627162540143,0.12540478673707614,0.09310330997879919,0.09212532003374228,0.13245777240079795,8,9,False,0.027909621535260998,0.014855145283984017,-0.008085231686713157,False,0.11797854935466279,0.1088892928558444,,1.0078602948970241,1.2164925759109373,,0.9836659938643754,56.15384615384615,0.06200633089865758,1.0151472745297478,260.0,,518.0999755859375,230790753.0,119572683494.76013,137141683494.76013,26337000000.0,17569000000.0,10402000000.0,1673000000.0,343000000.0,,17569000000.0,77014000000.0,9153000000.0,8729000000.0,8386000000.0,,,6287000000.0,7754333782.509096,0.15280959439428649,0.2944273752708773,14.983249589725787,16.353646970517545,0.06114843996588688,,,19.01903666212186,1.3884205503419755,,11298000000.0,1887000000.0,0.5006264950449937,10.0,0.2993164113706995,0.30658781076846797,18.846153846153847,-0.7028962168255497,0.7902729723696947,260.0,[],True,0.9,ig,Capital Goods,86.48648648648648,41.46341463414634,6.25,87.8048780487805,64.28571428571429,76.92307692307693,,82.92682926829268,51.5625,0.7,34.97255773039259,"{'profitability': 67.7, 'growth': 17.8, 'balance': None, 'stability': 75.5}",71.47789991919004,False,-0.5486329942205863,28.30628664724446,,53.225228824791316,,False,"{""floor"": false, ""depressed_arms"": {""self_pct"": true, ""self_z"": false, ""median_ratio"": true}, ""yield_arm"": true, ""residual_arm"": false, ""brakes"": {""gm"": true, ""fcf_margin"": true, ""roic"": true}, ""self_pct"": 18.846153846153847, ""self_z"": -0.7028962168255497, ""median_ratio"": 0.7902729723696947, ""fcf_yield"": 0.06114843996588688, ""yield_threshold"": 0.0495, ""gs10"": 0.0495, ""residual_pct"": null, ""brake_values"": {""gm"": 1.0078602948970241, ""fcf_margin"": 1.2164925759109373, ""roic"": 0.9836659938643754}}",False,"{""floor"": false, ""mom_sector_pct"": 51.5625, ""eps_rev_proxy"": null}"
VRTX,875320,Vertex Pharmaceuticals,Health Care,Biotechnology,Pharmaceuticals Biotechnology and Life Sciences,13.015742642026009,5.9986310746064335,574375264.4200674,0.3541284692464073,-0.0371863978409781,0.30838085514902613,9.0,0.8710581185761932,0.009325386393999456,0.1994603070790299,0.2597037389100127,0.6932130193927832,0.20943781513893778,0.274147127165188,0.8916470902314352,9,9,False,0.14100488310526438,0.013024357577106516,0.0015571251147354914,False,0.8599529680945722,0.24683805770941908,0.268661815177323,0.9872509649530927,1.2375297186904322,1.2827760593238473,0.6352873450517654,85.99033816425121,1.1208315010220486,1.2604063568404749,207.0,gm_derived,527.6699829101562,253460924.0,133743721435.47241,128163421435.47241,14667600000.0,-5580300000.0,4292900000.0,496800000.0,689100000.0,222100000.0,-5580300000.0,12587200000.0,4777100000.0,3796100000.0,3107000000.0,3381700000.0,4999200000.0,4405200000.0,3989777404.493317,0.16481183050526116,0.2720129676629658,26.828708093921502,41.24989425023251,0.024242486391207255,37.89911033961393,0.026385843652766517,30.360419830080907,0.8617315899391628,-1.1162385981757081,1088000000.0,236300000.0,0.09028743625405657,6.0,0.428173124778365,0.43528024329737486,87.92270531400966,1.1635745109487634,1.2858776795525528,207.0,[],True,1.0,ig,Pharmaceuticals Biotechnology and Life Sciences,100.0,58.333333333333336,100.0,70.83333333333334,16.666666666666664,11.11111111111111,91.66666666666667,70.0,76.19047619047619,1.0,63.97583590275062,"{'profitability': 99.4, 'growth': 55.4, 'balance': 100.0, 'stability': 74.1}",33.038703364170686,True,0.13766885939136886,35.94462967205615,52.702702702702695,48.50726963346065,10.0,False,"{""floor"": true, ""depressed_arms"": {""self_pct"": false, ""self_z"": false, ""median_ratio"": false}, ""yield_arm"": false, ""residual_arm"": false, ""brakes"": {""gm"": true, ""fcf_margin"": true, ""roic"": false}, ""self_pct"": 87.92270531400966, ""self_z"": 1.1635745109487634, ""median_ratio"": 1.2858776795525528, ""fcf_yield"": 0.024242486391207255, ""yield_threshold"": 0.0495, ""gs10"": 0.0495, ""residual_pct"": 52.702702702702695, ""brake_values"": {""gm"": 0.9872509649530927, ""fcf_margin"": 1.2375297186904322, ""roic"": 0.6352873450517654}}",False,"{""floor"": true, ""mom_sector_pct"": 76.19047619047619, ""eps_rev_proxy"": 10.0}"
SHW,89800,Sherwin-Williams,Materials,Specialty Chemicals,Materials,62.247775496235455,5.9986310746064335,568448689.7963669,-0.028056652651198832,-0.09783033950713038,-0.03073613870824521,10.0,0.4578350353148436,0.061498395438229075,0.08856759496455152,0.08899150647293001,0.24455291392691372,0.09432119911976286,0.10351754442929195,0.2873580052044409,9,9,False,0.05124800274973418,-0.030889145816553554,-0.005935379353634751,False,0.489817822804308,0.12670880734771797,0.12453759273749196,1.0698565750160876,1.4306452308932196,1.320356334522023,,3.8461538461538463,-0.6487419863248969,0.7588995867969198,260.0,,332.7900085449219,242758151.0,80787487145.63943,94919412145.63943,17986625000.0,14131925000.0,3886700000.0,673500000.0,120200000.0,726500000.0,14117300000.0,24410300000.0,,3213200000.0,3093000000.0,3040000000.0,,2688200000.0,,0.23013918322928004,,,30.68846173476865,0.03258553682627386,31.223490837381394,0.0320271684293154,30.052632670798094,1.1952979689011234,,8023200000.0,3966100000.0,0.6665675189203089,5.0,0.1892866797451632,0.1855246972080784,2.6923076923076925,-1.0870674371428302,0.6696696762239619,260.0,[],True,0.8,ig,Materials,83.33333333333334,71.42857142857143,100.0,60.71428571428571,71.42857142857143,81.81818181818183,,,28.57142857142857,0.7,37.40385621816257,"{'profitability': 64.2, 'growth': 21.4, 'balance': None, 'stability': 81.6}",,False,0.07300214154328977,28.527958406932406,,,,False,"{""floor"": false, ""depressed_arms"": {""self_pct"": true, ""self_z"": true, ""median_ratio"": true}, ""yield_arm"": false, ""residual_arm"": false, ""brakes"": {""gm"": true, ""fcf_margin"": true, ""roic"": false}, ""self_pct"": 2.6923076923076925, ""self_z"": -1.0870674371428302, ""median_ratio"": 0.6696696762239619, ""fcf_yield"": 0.03258553682627386, ""yield_threshold"": 0.0495, ""gs10"": 0.0495, ""residual_pct"": null, ""brake_values"": {""gm"": 1.0698565750160876, ""fcf_margin"": 1.4306452308932196, ""roic"": null}}",False,"{""floor"": false, ""mom_sector_pct"": 28.57142857142857, ""eps_rev_proxy"": null}"
HLT,1585689,Hilton Worldwide,Consumer Discretionary,"Hotels, Resorts & Cruise Lines",Consumer Services,9.27857631759069,5.9986310746064335,563313166.5834374,0.20647934711951055,-0.08145332051648635,0.24176108013886988,10.0,,,0.12342923101055385,0.1558081260068015,0.4829211664750461,0.11325903798919815,0.15133345265795597,0.620550569964594,8,9,False,0.22823963694173832,0.2509558783459027,,False,,0.14769723668402082,0.13872647176611935,,1.1966147360295223,1.224860057343504,,50.76923076923077,0.018473187755316225,1.0039586304412256,260.0,ev_or_ic_nonpos,320.2799987792969,225064910.0,72083789100.06256,72254789100.06256,-6132000000.0,171000000.0,2109000000.0,80000000.0,185000000.0,192000000.0,143000000.0,12485000000.0,2915000000.0,2029000000.0,1844000000.0,1732000000.0,3107000000.0,1584000000.0,2069636934.1102643,0.29000448229493503,,24.787234682697278,39.183725108493796,0.025520799700159993,41.717545669782076,0.02397072943637587,45.507442613675856,1.2809343434343434,0.04602510460251046,5068000000.0,5664000000.0,-1.7501630789302023,2.0,-0.7223651229167325,-0.7217832560752915,75.0,0.1193252193668108,1.1907383472702677,260.0,[],True,0.9,ig,Consumer Services,8.333333333333332,84.61538461538461,,42.30769230769231,80.76923076923077,61.53846153846154,77.77777777777777,15.384615384615387,72.72727272727273,1.0,43.097203388639905,"{'profitability': 29.5, 'growth': 100.0, 'balance': 98.5, 'stability': 60.4}",22.90992239777304,False,,,,33.00356289320647,,False,"{""floor"": false, ""depressed_arms"": {""self_pct"": false, ""self_z"": false, ""median_ratio"": false}, ""yield_arm"": false, ""residual_arm"": false, ""brakes"": {""gm"": false, ""fcf_margin"": true, ""roic"": false}, ""self_pct"": 75.0, ""self_z"": 0.1193252193668108, ""median_ratio"": 1.1907383472702677, ""fcf_yield"": 0.025520799700159993, ""yield_threshold"": 0.0495, ""gs10"": 0.0495, ""residual_pct"": null, ""brake_values"": {""gm"": null, ""fcf_margin"": 1.1966147360295223, ""roic"": null}}",False,"{""floor"": false, ""mom_sector_pct"": 72.72727272727273, ""eps_rev_proxy"": null}"
TGT,27419,Target Corporation,Consumer Staples,Consumer Staples Merchandise Retail,Consumer Staples Distribution and Retail,49.74401095140315,5.9986310746064335,562668590.2134672,0.921810200926475,-0.04237191526945083,0.8515712207284456,9.0,,,0.02532634640431261,0.03318065020668082,0.7981763749446829,0.03690771201757144,0.03830490024961057,0.4358782256616723,6,9,False,0.02290831244420044,-0.18482759213389788,-0.16686354879050602,False,0.29303189266979246,0.038568311591848106,0.04872568590130449,,1.5228533550058618,1.320203373162406,0.9063930476274913,35.76923076923077,-0.0671223676542296,0.9005982632458729,260.0,,158.42999267578125,454296736.0,71974228557.11133,83554228557.11133,29423000000.0,11580000000.0,8723000000.0,4267000000.0,302000000.0,3173000000.0,11580000000.0,107705000000.0,6023000000.0,4456000000.0,4154000000.0,5248000000.0,9196000000.0,4393000000.0,4673677738.515902,0.22402826855123675,0.15884436456227785,13.872526740347224,20.114161905900655,0.04971621510646395,15.921156356156883,0.06280950815568677,16.38384442456438,1.0143409970407467,1.2592431491953022,631000000.0,37000000.0,0.022703327328960337,7.0,0.17524887793221422,0.15517606087705768,44.871794871794876,-0.011889338066681342,0.9495715830453413,234.0,['fcf_cagr5 gate'],False,0.9,sector,Consumer Staples,62.5,22.22222222222222,,52.083333333333336,9.25925925925926,41.66666666666667,72.0,85.18518518518519,100.0,1.0,17.08585140791656,"{'profitability': 45.4, 'growth': 9.5, 'balance': 58.0, 'stability': 44.4}",60.72573923643091,False,-0.30328103583921795,27.240509228262148,,38.90579532217374,,False,"{""floor"": false, ""depressed_arms"": {""self_pct"": false, ""self_z"": false, ""median_ratio"": false}, ""yield_arm"": true, ""residual_arm"": false, ""brakes"": {""gm"": false, ""fcf_margin"": true, ""roic"": true}, ""self_pct"": 44.871794871794876, ""self_z"": -0.011889338066681342, ""median_ratio"": 0.9495715830453413, ""fcf_yield"": 0.04971621510646395, ""yield_threshold"": 0.0495, ""gs10"": 0.0495, ""residual_pct"": null, ""brake_values"": {""gm"": null, ""fcf_margin"": 1.5228533550058618, ""roic"": 0.9063930476274913}}",False,"{""floor"": false, ""mom_sector_pct"": 100.0, ""eps_rev_proxy"": null}"
PH,76334,Parker Hannifin,Industrials,Industrial Machinery & Supplies & Components,Capital Goods,40.82956878850103,5.9986310746064335,562606510.580326,0.27170705156634267,-0.09532561281381624,0.28090206829818976,10.0,,,0.14703505531196595,0.14194681384846963,0.1948327902266329,0.12365674814160402,0.11550426492724536,0.22138268026036703,7,9,False,0.0842453236413565,0.10549393088640535,0.11811683343024781,False,0.3768547374296479,0.17331038652960604,0.1510767942695009,,1.1787011346504506,1.2217432250158897,1.1157765075840544,80.38461538461539,0.9523815436163262,1.1821130552864174,260.0,,969.5499877929688,126047469.0,122209322030.2846,131514638030.2846,24709316000.0,9305316000.0,4364000000.0,459000000.0,179000000.0,937000000.0,9296316000.0,21499000000.0,5068000000.0,3905000000.0,3726000000.0,3248000000.0,6005000000.0,,4052845058.0758276,0.20030681569143108,0.16402093275571966,25.95000750400249,35.29646753362442,0.02833144702220899,40.49095998469354,0.024696870619467202,,,1.5480959200666111,11109000000.0,7280000000.0,0.7442132352024637,10.0,0.14700160080522534,0.14611933141342798,85.38461538461539,1.2517260924482545,1.2560889427525095,260.0,[],True,0.8,ig,Capital Goods,59.45945945945946,85.36585365853658,,87.8048780487805,64.28571428571429,,51.35135135135135,36.58536585365854,73.4375,1.0,46.35302419005974,"{'profitability': 64.9, 'growth': 79.1, 'balance': 48.4, 'stability': 72.2}",25.51759705424962,False,0.23590165929467455,27.879209442469648,,35.93531062215468,,False,"{""floor"": false, ""depressed_arms"": {""self_pct"": false, ""self_z"": false, ""median_ratio"": false}, ""yield_arm"": false, ""residual_arm"": false, ""brakes"": {""gm"": false, ""fcf_margin"": true, ""roic"": true}, ""self_pct"": 85.38461538461539, ""self_z"": 1.2517260924482545, ""median_ratio"": 1.2560889427525095, ""fcf_yield"": 0.02833144702220899, ""yield_threshold"": 0.0495, ""gs10"": 0.0495, ""residual_pct"": null, ""brake_values"": {""gm"": null, ""fcf_margin"": 1.1787011346504506, ""roic"": 1.1157765075840544}}",False,"{""floor"": false, ""mom_sector_pct"": 73.4375, ""eps_rev_proxy"": null}"
CMI,26172,Cummins,Industrials,Construction Machinery & Heavy Transportation Equipment,Capital Goods,61.497604380561256,5.9986310746064335,551123982.7847816,0.31457781408981944,-0.2749385163139221,0.21398307722135623,10.0,0.2437919266134933,0.023525407145051417,,,0.5603613446144116,0.05604860718501113,0.0648182840014987,0.5276056727591492,6,9,False,0.11190413083747286,0.016919940129568323,0.045100113668253394,False,0.2531981099458338,0.09700933502362567,0.10161922323383658,1.0385828335786238,,1.8130552807209137,0.9995529185568636,32.69230769230769,-0.06843507150000502,0.7503998393040746,260.0,sbc_unreported,517.8400268554688,137664487.0,71288181645.12433,70532181645.12433,12091000000.0,-756000000.0,4647000000.0,1280000000.0,,1120000000.0,-1815000000.0,34708000000.0,3893000000.0,3367000000.0,3367000000.0,3527000000.0,5013000000.0,,2860060031.185031,0.2653326403326403,0.23654453983831206,18.117693718244112,20.948078896680823,0.04773707436047741,19.997783284696435,0.050005542402555336,,,-0.3620586475164572,2222000000.0,2519000000.0,0.3921098337606484,10.0,0.23665034181464928,0.252821063904166,33.739837398373986,-0.18141783586925714,0.7232464699797971,246.0,[],True,0.8,ig,Capital Goods,78.37837837837837,,21.875,87.8048780487805,64.28571428571429,,91.89189189189189,70.73170731707317,76.5625,1.0,41.34951588365143,"{'profitability': 69.4, 'growth': 53.7, 'balance': 100.0, 'stability': 56.0}",59.71084726922262,False,-0.2960143512724267,28.164471112648016,,50.53018157643702,,False,"{""floor"": false, ""depressed_arms"": {""self_pct"": false, ""self_z"": false, ""median_ratio"": true}, ""yield_arm"": false, ""residual_arm"": false, ""brakes"": {""gm"": true, ""fcf_margin"": false, ""roic"": true}, ""self_pct"": 33.739837398373986, ""self_z"": -0.18141783586925714, ""median_ratio"": 0.7232464699797971, ""fcf_yield"": 0.04773707436047741, ""yield_threshold"": 0.0495, ""gs10"": 0.0495, ""residual_pct"": null, ""brake_values"": {""gm"": 1.0385828335786238, ""fcf_margin"": null, ""roic"": 0.9995529185568636}}",False,"{""floor"": false, ""mom_sector_pct"": 76.5625, ""eps_rev_proxy"": null}"
ORLY,898173,O'Reilly Automotive,Consumer Discretionary,Automotive Retail,Consumer Discretionary Distribution and Retail,17.508555783709788,5.9986310746064335,537359749.4628785,-0.16127494396628772,-0.15310816599142352,-0.17444411317481168,10.0,0.5158929378182571,0.0108552076334035,0.14335644687557894,0.12650375500007904,0.19235533434112342,0.1695985137681996,0.16427213078467645,0.08450450532450492,9,9,False,0.08910774866946913,-0.07643881962372256,-0.023799061709067426,False,0.5163568171154846,0.11427847165081478,0.1463400687530347,1.0008991774517972,0.7971631143313608,0.8628617403631639,0.9413561323683274,78.46153846153847,1.767534090894082,6.409141162402714,260.0,,86.51000213623047,808960792.0,69983199844.04669,79608331844.04669,7789407000.0,9625132000.0,3289439000.0,1133180000.0,33815000.0,537714000.0,9625132000.0,18572562000.0,3632030000.0,2156259000.0,2122444000.0,2717910000.0,4169744000.0,2650374000.0,2832471895.6995807,0.2201408315185776,0.3636312617506802,21.918412525239795,37.50785973342368,0.026661078694098044,29.29027519088075,0.03414102440086806,26.405028061717587,0.81356782099432,2.3083268421274785,955211000.0,32591000.0,0.1268135045453396,7.0,0.3862844775184415,0.39560214787347137,78.46153846153847,1.5874477274132677,6.292663706475641,260.0,['fcf_cagr5 gate'],False,1.0,ig,Consumer Discretionary Distribution and Retail,75.0,100.0,88.88888888888889,50.0,55.55555555555556,33.33333333333333,12.5,11.111111111111114,33.33333333333333,1.0,42.14579615193188,"{'profitability': 72.9, 'growth': 37.1, 'balance': 23.1, 'stability': 89.3}",20.012508005392537,False,0.25349799212339574,29.10914866212315,,31.07915207866221,,False,"{""floor"": false, ""depressed_arms"": {""self_pct"": false, ""self_z"": false, ""median_ratio"": false}, ""yield_arm"": false, ""residual_arm"": false, ""brakes"": {""gm"": true, ""fcf_margin"": false, ""roic"": true}, ""self_pct"": 78.46153846153847, ""self_z"": 1.5874477274132677, ""median_ratio"": 6.292663706475641, ""fcf_yield"": 0.026661078694098044, ""yield_threshold"": 0.0495, ""gs10"": 0.0495, ""residual_pct"": null, ""brake_values"": {""gm"": 1.0008991774517972, ""fcf_margin"": 0.7971631143313608, ""roic"": 0.9413561323683274}}",False,"{""floor"": false, ""mom_sector_pct"": 33.33333333333333, ""eps_rev_proxy"": null}"
MO,764180,Altria,Consumer Staples,Tobacco,Food Beverage and Tobacco,69.57152635181383,5.9986310746064335,534460586.65355986,0.10120771053610733,-0.0535765503586505,0.12285597533709036,10.0,0.5823659762021322,0.049983996525152244,0.351410809425052,0.35852277458572734,0.049232968819262035,0.34841730597675674,0.3525272712132567,0.048818545350079526,1,9,False,-0.023013503096606436,0.02161112490938999,0.021134802953271192,False,0.6296201560301828,0.3884554717142005,0.39101334356482076,1.081141724893024,1.1054169686748048,1.1222558031916636,0.9899827182641115,94.23076923076923,2.015550575354182,1.3482447193924187,260.0,sbc_unreported,69.12999725341797,1669743926.0,115429393018.29134,137689393018.29132,19592000000.0,22260000000.0,9408000000.0,296000000.0,,236000000.0,22210000000.0,23457000000.0,10973000000.0,9112000000.0,9112000000.0,9172000000.0,11209000000.0,7973000000.0,8431739494.988435,0.23159213569776407,0.4303664503362819,12.548017225762447,15.110776231155764,0.0661779371689838,15.011926844558582,0.06661370058317817,14.477535810647352,1.1428571428571428,1.9814434829155143,5787000000.0,11089000000.0,0.8613719885667619,10.0,0.43472117482102046,0.45077984625148976,94.23076923076923,2.148247603489094,1.3721597004085047,260.0,['rev_cagr5 gate'],False,1.0,ig,Food Beverage and Tobacco,100.0,100.0,78.57142857142857,81.81818181818183,53.57142857142857,46.15384615384615,53.84615384615385,85.71428571428572,55.55555555555556,1.0,25.436249765808633,"{'profitability': 100.0, 'growth': 9.0, 'balance': 34.0, 'stability': 48.1}",47.780432822427656,False,-0.30307022721552057,20.46013531619285,,36.60834129411815,,False,"{""floor"": false, ""depressed_arms"": {""self_pct"": false, ""self_z"": false, ""median_ratio"": false}, ""yield_arm"": true, ""residual_arm"": false, ""brakes"": {""gm"": true, ""fcf_margin"": true, ""roic"": true}, ""self_pct"": 94.23076923076923, ""self_z"": 2.148247603489094, ""median_ratio"": 1.3721597004085047, ""fcf_yield"": 0.0661779371689838, ""yield_threshold"": 0.0495, ""gs10"": 0.0495, ""residual_pct"": null, ""brake_values"": {""gm"": 1.081141724893024, ""fcf_margin"": 1.1054169686748048, ""roic"": 0.9899827182641115}}",False,"{""floor"": false, ""mom_sector_pct"": 55.55555555555556, ""eps_rev_proxy"": null}"
ILMN,1110803,"Illumina, Inc.",Health Care,Life Sciences Tools & Services,Pharmaceuticals Biotechnology and Life Sciences,0.02190280629705681,5.9986310746064335,531743025.5561255,1.136897721812948,0.0,1.6625537268268915,10.0,0.6539331947230078,0.04281692910952717,0.011639355398500126,-0.021536412078152753,0.6373149888801742,-0.021453551822351834,-0.0741563055062167,,5,9,False,0.060414789756396914,0.00882165341084118,-0.05242669726577276,False,0.6637739207832666,0.14797507788161993,0.12394303515798843,1.0150485189307863,12.713339597886009,-5.777273440981263,-1.2192731083179167,,,,,,271.8999938964844,151000000.0,41056899078.36914,42415899078.36914,4197000000.0,1359000000.0,1095000000.0,164000000.0,266000000.0,272000000.0,1359000000.0,4494000000.0,883000000.0,931000000.0,665000000.0,557000000.0,1155000000.0,824000000.0,716839408.866995,0.18817733990147784,0.17079804833619133,48.036125796567546,63.78330688476562,0.015678083323692422,76.15062671161425,0.013131868287664179,49.82633383297226,1.1298543689320388,1.1766233766233767,1284000000.0,410000000.0,0.40362163450083394,3.0,-0.14008186285008836,-0.12517632465494521,,,,,['tenure<1y'],False,0.9,ig,Pharmaceuticals Biotechnology and Life Sciences,8.333333333333332,8.333333333333332,44.44444444444444,29.166666666666668,62.5,55.55555555555556,58.33333333333333,10.0,100.0,1.0,13.039783276790123,"{'profitability': 0.0, 'growth': 28.8, 'balance': 60.8, 'stability': 48.5}",,False,,,,,,False,"{""floor"": false, ""depressed_arms"": {""self_pct"": false, ""self_z"": false, ""median_ratio"": false}, ""yield_arm"": false, ""residual_arm"": false, ""brakes"": {""gm"": true, ""fcf_margin"": true, ""roic"": false}, ""self_pct"": null, ""self_z"": null, ""median_ratio"": null, ""fcf_yield"": 0.015678083323692422, ""yield_threshold"": 0.0495, ""gs10"": 0.0495, ""residual_pct"": null, ""brake_values"": {""gm"": 1.0150485189307863, ""fcf_margin"": 12.713339597886009, ""roic"": -1.2192731083179167}}",False,"{""floor"": false, ""mom_sector_pct"": 100.0, ""eps_rev_proxy"": null}"
FERG,2011641,Ferguson Enterprises,Industrials,Trading Companies & Distributors,Capital Goods,0.15058179329226556,5.9986310746064335,528517549.526982,0.0012927304747263335,-0.1333612393774256,-0.003573236532619428,4.0,0.3055589452508955,0.0041359515992652855,0.05082573390328545,0.05009782567167161,0.32312704454435554,0.05149791265831892,0.049616827788172876,0.3602387430003011,2,3,False,,,,False,0.30837004405286345,0.036171530837004404,0.038443006607929514,1.0091998576564654,0.7116774920719093,0.7464964039026827,,,,,,,227.3000030517578,193452717.0,43971803164.47084,50421803164.47084,12651000000.0,6450000000.0,1575000000.0,419000000.0,105000000.0,353000000.0,6450000000.0,29056000000.0,2604000000.0,1156000000.0,1051000000.0,1117000000.0,2957000000.0,1866000000.0,2017046077.2104607,0.22540473225404734,0.15943767901434358,19.363211660703087,47.97507437152316,0.020844157369218706,45.140378840170854,0.022153114920473164,23.564739102074405,0.6195069667738478,2.181264795400744,2713000000.0,685000000.0,0.26859536795510236,2.0,,,,,,,"['tenure<1y', 'rev_cagr5 gate', 'fcf_cagr5 gate']",False,0.8,ig,Capital Goods,,14.634146341463413,31.25,15.853658536585366,4.761904761904762,10.256410256410255,32.432432432432435,65.85365853658536,34.375,0.7,25.77528548923823,"{'profitability': 47.1, 'growth': None, 'balance': 27.3, 'stability': 66.8}",,False,,,,,,False,"{""floor"": false, ""depressed_arms"": {""self_pct"": false, ""self_z"": false, ""median_ratio"": false}, ""yield_arm"": false, ""residual_arm"": false, ""brakes"": {""gm"": true, ""fcf_margin"": false, ""roic"": false}, ""self_pct"": null, ""self_z"": null, ""median_ratio"": null, ""fcf_yield"": 0.020844157369218706, ""yield_threshold"": 0.0495, ""gs10"": 0.0495, ""residual_pct"": null, ""brake_values"": {""gm"": 1.0091998576564654, ""fcf_margin"": 0.7116774920719093, ""roic"": null}}",False,"{""floor"": false, ""mom_sector_pct"": 34.375, ""eps_rev_proxy"": null}"
CMG,1058090,Chipotle Mexican Grill,Consumer Discretionary,Restaurants,Consumer Services,15.422313483915127,5.9986310746064335,523801548.78247035,-0.11494251508591335,-0.23913043676369328,-0.23730838932896858,10.0,,,0.10377713607376786,0.11130156673925501,0.2446467031958324,0.12778409252233064,0.13574905266587173,0.2608102282131376,9,9,True,0.14785897917720714,0.1457820899098703,0.17682451652961562,True,,0.11832763336764662,0.14893600238059995,,1.1402090850101687,1.1655285054716256,1.057928426396366,57.30769230769231,0.9166017211994797,4.0782084960546845,260.0,,31.850000381469727,1265418000.0,40303563782.71866,45044902782.71866,6941130000.0,4741339000.0,2327527000.0,758542000.0,98911000.0,378271000.0,4741339000.0,12423759000.0,1820149000.0,1568985000.0,1470074000.0,1850345000.0,2198420000.0,1419645000.0,1381802784.2685463,0.24082985279307004,0.19907461526704534,24.74792051789093,30.641248524032573,0.032635745870984306,24.344056261247854,0.04107778873284369,28.38988886849787,1.1051953129127352,2.156702995787884,21939000.0,,0.0031607245506135168,7.0,0.18817399202057133,0.20301174370634995,57.30769230769231,0.8792108095469144,3.278663028315481,260.0,[],True,0.9,ig,Consumer Services,66.66666666666666,69.23076923076923,,76.92307692307693,80.76923076923077,46.15384615384615,55.55555555555556,23.076923076923066,42.42424242424242,1.0,56.277117471033804,"{'profitability': 72.0, 'growth': 100.0, 'balance': 28.1, 'stability': 83.7}",32.71380068437221,False,0.27362352207814444,23.306296733563507,,44.495459077703,,False,"{""floor"": false, ""depressed_arms"": {""self_pct"": false, ""self_z"": false, ""median_ratio"": false}, ""yield_arm"": false, ""residual_arm"": false, ""brakes"": {""gm"": false, ""fcf_margin"": true, ""roic"": true}, ""self_pct"": 57.30769230769231, ""self_z"": 0.8792108095469144, ""median_ratio"": 3.278663028315481, ""fcf_yield"": 0.032635745870984306, ""yield_threshold"": 0.0495, ""gs10"": 0.0495, ""residual_pct"": null, ""brake_values"": {""gm"": null, ""fcf_margin"": 1.1402090850101687, ""roic"": 1.057928426396366}}",False,"{""floor"": false, ""mom_sector_pct"": 42.42424242424242, ""eps_rev_proxy"": null}"
CSX,277948,CSX Corporation,Industrials,Rail Transportation,Transportation,69.57152635181383,5.9986310746064335,521708647.48712146,0.38975622867155124,-0.11914317142011444,0.3152195733800571,10.0,,,0.20490478562937744,0.22221464146824044,0.21961645189638335,0.25725104914272806,0.266562052261718,0.10477196356120543,4,9,False,0.05894344821402786,-0.08287617441838413,0.0036537579282582833,False,,0.19266813671444322,0.2527563395810364,,0.9402812927118875,0.9825279252439592,0.8673858676634922,83.07692307692308,1.484330130424736,1.3235756241139154,260.0,sbc_unreported,46.7599983215332,1852474917.0,86621724009.60236,95629724009.60236,23096000000.0,9008000000.0,5322000000.0,2526000000.0,,1654000000.0,9002000000.0,14512000000.0,4956000000.0,2796000000.0,2796000000.0,3668000000.0,6610000000.0,3223000000.0,3802234706.0223756,0.23280171387764817,0.16462741193377103,19.29574737885439,34.20233333676765,0.029237771299217057,26.071353328681123,0.038356275080661,26.876116664474825,0.867514737821905,1.361875945537065,80000000.0,187000000.0,0.011560443366816765,9.0,0.18979720337989098,0.1980238448790183,76.53846153846153,0.9850069910968207,1.4215648095856581,260.0,['fcf_cagr5 gate'],False,0.9,ig,Transportation,63.63636363636363,88.88888888888889,,86.36363636363636,77.27272727272727,27.27272727272727,66.66666666666667,45.45454545454546,84.375,1.0,26.879213804543408,"{'profitability': 79.7, 'growth': 24.6, 'balance': 54.6, 'stability': 48.3}",31.854503536767048,False,0.25054418918990695,26.622312468182436,,29.366858670655226,,False,"{""floor"": false, ""depressed_arms"": {""self_pct"": false, ""self_z"": false, ""median_ratio"": false}, ""yield_arm"": false, ""residual_arm"": false, ""brakes"": {""gm"": false, ""fcf_margin"": false, ""roic"": false}, ""self_pct"": 76.53846153846153, ""self_z"": 0.9850069910968207, ""median_ratio"": 1.4215648095856581, ""fcf_yield"": 0.029237771299217057, ""yield_threshold"": 0.0495, ""gs10"": 0.0495, ""residual_pct"": null, ""brake_values"": {""gm"": null, ""fcf_margin"": 0.9402812927118875, ""roic"": 0.8673858676634922}}",False,"{""floor"": false, ""mom_sector_pct"": 84.375, ""eps_rev_proxy"": null}"
MAR,1048286,Marriott International,Consumer Discretionary,"Hotels, Resorts & Cruise Lines",Consumer Services,28.33675564681725,5.9986310746064335,521626360.7121704,0.26812467568790965,-0.1074211770568716,0.351256904857413,10.0,,,0.08277690059028317,0.0885283781832186,0.29572841680558226,0.08854513580225425,0.08953930582968277,0.3161661447067047,8,9,False,0.1989211404768092,0.11637974983456112,,False,,0.10715878679750224,,,1.2945493976381275,,,51.5625,0.003154781748046249,1.0030161407724538,256.0,ev_or_ic_nonpos,358.57000732421875,260766288.0,93502969798.06934,96645969798.06934,-1382000000.0,3143000000.0,3728000000.0,596000000.0,249000000.0,,3143000000.0,26904000000.0,4250000000.0,3132000000.0,2883000000.0,,,2587000000.0,3161227717.0787807,0.25618171362852216,,22.74022818778102,33.522708913655684,0.029830524811574635,,,36.143397679964956,1.210668728256668,,8876000000.0,10794000000.0,-14.232995658465992,8.0,2.7542213482599407,0.6779194338937296,51.171875,0.0089827888271648,1.0064541714338713,256.0,[],True,0.8,ig,Consumer Services,100.0,46.15384615384615,,92.3076923076923,80.76923076923077,53.84615384615385,,30.769230769230774,90.9090909090909,0.7,58.95751638255182,"{'profitability': 67.7, 'growth': 98.5, 'balance': None, 'stability': 72.9}",36.05226709977353,False,0.32872652964618565,24.13098157797931,,47.50489174116268,,False,"{""floor"": false, ""depressed_arms"": {""self_pct"": false, ""self_z"": false, ""median_ratio"": false}, ""yield_arm"": false, ""residual_arm"": false, ""brakes"": {""gm"": false, ""fcf_margin"": true, ""roic"": false}, ""self_pct"": 51.171875, ""self_z"": 0.0089827888271648, ""median_ratio"": 1.0064541714338713, ""fcf_yield"": 0.029830524811574635, ""yield_threshold"": 0.0495, ""gs10"": 0.0495, ""residual_pct"": null, ""brake_values"": {""gm"": null, ""fcf_margin"": 1.2945493976381275, ""roic"": null}}",False,"{""floor"": false, ""mom_sector_pct"": 90.9090909090909, ""eps_rev_proxy"": null}"
REGN,872589,Regeneron Pharmaceuticals,Health Care,Biotechnology,Pharmaceuticals Biotechnology and Life Sciences,13.412731006160165,5.9986310746064335,520063060.16727006,0.3866072325970433,-0.09806481725347493,0.2601789586338752,10.0,,,0.26095768201918196,0.22797548257250022,0.22989873469777575,0.2816783246475902,0.2506632513036319,0.2923448028225207,7,9,False,0.11038413551359794,0.15288186330766362,0.12029842228815468,False,,0.17854866846479173,0.2038018114286082,,0.6842054507966825,0.7235267807119562,0.5066601667557883,65.0,0.245688829033164,1.0901116476482575,260.0,shares_was_proxy;gm_derived,752.25,102800000.0,77331300000.0,73810100000.0,28190200000.0,-3521200000.0,4681300000.0,920900000.0,986700000.0,528600000.0,-3521200000.0,15534700000.0,3843100000.0,3760400000.0,2773700000.0,3166000000.0,4371700000.0,4328700000.0,3220214279.907085,0.16207897793263648,0.11423169328018548,19.205875465119306,26.610700508346252,0.0375788679327084,23.313360707517372,0.04289385869955467,17.86478619446947,0.8687134705569801,-0.8054532561703686,,915500000.0,0.03247582493206859,7.0,0.22546018174593446,0.19621632451876092,73.07692307692307,0.3219746591542557,1.1249593774488325,260.0,[],True,0.9,ig,Pharmaceuticals Biotechnology and Life Sciences,91.66666666666666,75.0,,87.5,62.5,22.22222222222222,83.33333333333334,90.0,80.95238095238095,1.0,59.03406806530855,"{'profitability': 64.3, 'growth': 96.0, 'balance': 100.0, 'stability': 69.9}",49.8481284649189,False,-0.2869532383582989,35.45508371818416,,54.44109826511372,,False,"{""floor"": false, ""depressed_arms"": {""self_pct"": false, ""self_z"": false, ""median_ratio"": false}, ""yield_arm"": false, ""residual_arm"": false, ""brakes"": {""gm"": false, ""fcf_margin"": false, ""roic"": false}, ""self_pct"": 73.07692307692307, ""self_z"": 0.3219746591542557, ""median_ratio"": 1.1249593774488325, ""fcf_yield"": 0.0375788679327084, ""yield_threshold"": 0.0495, ""gs10"": 0.0495, ""residual_pct"": null, ""brake_values"": {""gm"": null, ""fcf_margin"": 0.6842054507966825, ""roic"": 0.5066601667557883}}",False,"{""floor"": false, ""mom_sector_pct"": 80.95238095238095, ""eps_rev_proxy"": null}"
ROST,745732,Ross Stores,Consumer Discretionary,Apparel Retail,Consumer Discretionary Distribution and Retail,16.772073921971252,5.9986310746064335,515463736.7830904,0.5209721949228141,-0.06927778014382835,0.5661893890140461,10.0,0.27155098618562346,0.03266644131950052,0.06848333640072797,0.07007291656165805,0.2686417432943078,0.0820247327056348,0.08300836864817389,0.2593256093226849,7,9,False,0.12667161297888763,0.03704410586443574,0.05641033216438118,False,0.2966845190222276,0.10573251297191663,0.11921757024923263,1.0925554835563134,1.5439159148617752,1.4534344254076772,1.1989407724381362,44.93927125506073,-0.00433574813802717,0.9826419456787382,247.0,gm_derived,237.08999633789062,319453110.0,75739136680.02777,76190163680.02777,7194211000.0,451027000.0,3660573000.0,870387000.0,198492000.0,539844000.0,451027000.0,24511798000.0,3370257000.0,2790186000.0,2591694000.0,2922237000.0,3910101000.0,2659063000.0,2558376910.8668685,0.24089560206629088,0.3556160516930722,22.606633167745894,29.397823848042158,0.03401612327392044,26.07254773655517,0.03835451794371227,28.483393089982364,1.0493117312376579,0.11534919430469955,2889000.0,,0.0004015728757469026,4.0,0.29660852301310947,0.30185517711715315,41.74311926605505,-0.1877081339595904,0.962390609943988,218.0,[],True,1.0,ig,Consumer Discretionary Distribution and Retail,50.0,37.5,22.22222222222222,12.5,55.55555555555556,55.55555555555556,87.5,0.0,100.0,1.0,53.48052949534306,"{'profitability': 64.0, 'growth': 65.4, 'balance': 96.2, 'stability': 72.2}",31.821858258771876,False,0.015516004868836308,28.945207548876084,,42.651193877057466,,False,"{""floor"": false, ""depressed_arms"": {""self_pct"": false, ""self_z"": false, ""median_ratio"": false}, ""yield_arm"": false, ""residual_arm"": false, ""brakes"": {""gm"": true, ""fcf_margin"": true, ""roic"": true}, ""self_pct"": 41.74311926605505, ""self_z"": -0.1877081339595904, ""median_ratio"": 0.962390609943988, ""fcf_yield"": 0.03401612327392044, ""yield_threshold"": 0.0495, ""gs10"": 0.0495, ""residual_pct"": null, ""brake_values"": {""gm"": 1.0925554835563134, ""fcf_margin"": 1.5439159148617752, ""roic"": 1.1989407724381362}}",False,"{""floor"": false, ""mom_sector_pct"": 100.0, ""eps_rev_proxy"": null}"
GM,1467858,General Motors,Consumer Discretionary,Automobile Manufacturers,Consumer Durables and Apparel,13.314168377823409,5.9986310746064335,514357402.40782404,0.47209613888399904,-0.09062833148111837,0.35266441261971937,10.0,,,0.06735928063476104,0.06317471996346523,0.37226509816747677,0.05164806823071536,0.050540190902416,0.5018591228874549,4,9,False,0.09099442238405597,0.09086898109859298,,False,,0.08552318950769816,0.06577884432617373,,1.2696571088908506,1.2735973789442665,0.23488462929803205,60.76923076923077,0.011956849998964137,1.0951779157895372,260.0,sbc_unreported;gm_derived,80.63999938964844,877451541.0,70757691730.68608,46516691730.68608,37759000000.0,-24241000000.0,23202000000.0,8804000000.0,,12128000000.0,-25882000000.0,168352000000.0,1815000000.0,14398000000.0,14398000000.0,11074000000.0,13943000000.0,2032000000.0,1535131949.026476,0.1541972732636496,0.04065605415997447,25.629031256576354,3.230774533316161,0.3095233015141948,4.200532032751136,0.23806508132853127,34.82169868636126,7.085629921259843,-1.856271964426594,1900000000.0,2550000000.0,0.1178526973701634,9.0,0.17308946218182825,0.18397730093493642,45.76923076923077,-0.044467970575018584,0.9712103350506905,260.0,[],True,0.9,ig,Consumer Durables and Apparel,37.5,40.0,,88.88888888888889,70.0,100.0,70.0,22.222222222222214,96.96969696969697,1.0,23.593818566399626,"{'profitability': 22.8, 'growth': 75.8, 'balance': 100.0, 'stability': 38.1}",56.666666666666664,False,-1.367365262709286,28.61379863818128,,40.130242616533145,,False,"{""floor"": false, ""depressed_arms"": {""self_pct"": false, ""self_z"": false, ""median_ratio"": false}, ""yield_arm"": true, ""residual_arm"": false, ""brakes"": {""gm"": false, ""fcf_margin"": true, ""roic"": false}, ""self_pct"": 45.76923076923077, ""self_z"": -0.044467970575018584, ""median_ratio"": 0.9712103350506905, ""fcf_yield"": 0.3095233015141948, ""yield_threshold"": 0.0495, ""gs10"": 0.0495, ""residual_pct"": null, ""brake_values"": {""gm"": null, ""fcf_margin"": 1.2696571088908506, ""roic"": 0.23488462929803205}}",False,"{""floor"": false, ""mom_sector_pct"": 96.96969696969697, ""eps_rev_proxy"": null}"
MMM,66740,3M,Industrials,Industrial Conglomerates,Capital Goods,69.57152635181383,5.9986310746064335,493966533.2610234,0.0820088780231707,-0.06931698492327565,0.08791446772999212,10.0,0.41296647974872014,0.0693256455399355,0.1100731211136183,0.13680669699170522,0.6045497957022045,0.09998630040882629,0.1336722602347005,0.7120790645005475,5,9,False,-0.04965970683619114,-0.2673264480198516,-0.334912769173619,False,0.3940428911834789,0.14964257347100873,0.13077839555202542,0.9541764537965508,1.3594833321437896,1.3079631411232908,3.1962386385818986,69.65811965811966,0.0741562528875146,1.8751971685826945,234.0,gm_derived,169.47999572753906,515722417.0,87404633029.75612,96915633029.75612,12463000000.0,9511000000.0,4899000000.0,914000000.0,217000000.0,1389000000.0,9458000000.0,25180000000.0,4624000000.0,3985000000.0,3768000000.0,3293000000.0,6013000000.0,2997000000.0,3561297463.4896235,0.22982321291314373,0.28574961594235926,20.95926319847667,25.720709402801518,0.03887917647757722,29.430802620636538,0.033978006406757376,29.164041718303675,1.329662996329663,1.5729253284550142,6374000000.0,474000000.0,0.5494664206049907,9.0,0.0894018401795994,0.24317489092309505,69.65811965811966,0.18351606719919367,1.7480928926787918,234.0,"['rev_cagr5 gate', 'fcf_cagr5 gate']",False,1.0,ig,Capital Goods,21.62162162162162,58.536585365853654,71.875,70.73170731707317,64.28571428571429,71.7948717948718,48.64864864864865,56.09756097560975,53.125,1.0,20.729042660302106,"{'profitability': 77.4, 'growth': 0.0, 'balance': 47.6, 'stability': 45.8}",41.08876591680716,False,-0.06995223324320232,27.584353615586696,,30.908904288554634,,False,"{""floor"": false, ""depressed_arms"": {""self_pct"": false, ""self_z"": false, ""median_ratio"": false}, ""yield_arm"": false, ""residual_arm"": false, ""brakes"": {""gm"": false, ""fcf_margin"": true, ""roic"": true}, ""self_pct"": 69.65811965811966, ""self_z"": 0.18351606719919367, ""median_ratio"": 1.7480928926787918, ""fcf_yield"": 0.03887917647757722, ""yield_threshold"": 0.0495, ""gs10"": 0.0495, ""residual_pct"": null, ""brake_values"": {""gm"": 0.9541764537965508, ""fcf_margin"": 1.3594833321437896, ""roic"": 3.1962386385818986}}",False,"{""floor"": false, ""mom_sector_pct"": 53.125, ""eps_rev_proxy"": null}"
DAL,27904,Delta Air Lines,Industrials,Passenger Airlines,Transportation,13.048596851471595,5.9986310746064335,482111217.1209858,0.4154219083348256,-0.09177920150804175,0.4835712105034986,8.0,,,,,0.981211899766451,0.07600514198439237,0.08414060337669527,0.3861914741885194,8,9,False,0.29955509431200555,,,False,,0.05358267312958542,0.08213862082094689,,,1.0806982090476724,1.1224312751947048,66.94214876033058,0.16242879019134943,1.0752252471768784,242.0,sbc_unreported,84.02999877929688,657623030.0,55260062408.13751,70337062408.13751,36892000000.0,15077000000.0,8134000000.0,4475000000.0,,2525000000.0,15077000000.0,68287000000.0,5516000000.0,3659000000.0,3659000000.0,5609000000.0,8041000000.0,3950000000.0,4285641227.380016,0.22305271439811172,0.116167223988399,12.751461640344,19.223028807908584,0.052020938531215644,12.540036086314407,0.07974458710620075,13.989889217250003,0.9263291139240506,1.8750155453301829,9753000000.0,9774000000.0,0.5293017456359103,7.0,0.10349606836128815,0.127140256986967,22.727272727272727,-0.03911404649986406,0.47623886953068406,220.0,['fcf_cagr5 gate'],False,0.8,ig,Transportation,27.27272727272727,,,54.54545454545454,27.27272727272727,45.45454545454545,44.44444444444444,81.81818181818181,87.5,1.0,33.86855158275846,"{'profitability': 39.8, 'growth': 100.0, 'balance': 37.5, 'stability': 59.3}",67.55599142396817,False,-0.3126751505834102,26.279367562414457,,50.71227150336331,,False,"{""floor"": false, ""depressed_arms"": {""self_pct"": false, ""self_z"": false, ""median_ratio"": true}, ""yield_arm"": true, ""residual_arm"": false, ""brakes"": {""gm"": false, ""fcf_margin"": false, ""roic"": true}, ""self_pct"": 22.727272727272727, ""self_z"": -0.03911404649986406, ""median_ratio"": 0.47623886953068406, ""fcf_yield"": 0.052020938531215644, ""yield_threshold"": 0.0495, ""gs10"": 0.0495, ""residual_pct"": null, ""brake_values"": {""gm"": null, ""fcf_margin"": null, ""roic"": 1.1224312751947048}}",False,"{""floor"": false, ""mom_sector_pct"": 87.5, ""eps_rev_proxy"": null}"
EXPE,1324424,Expedia Group,Consumer Discretionary,"Hotels, Resorts & Cruise Lines",Consumer Services,18.99247091033539,5.9986310746064335,481900830.8323247,0.3695783615544954,-0.2046321785452052,0.21421183446797865,9.0,,,0.18945391419276786,0.18407656281816331,0.1832335062561977,0.1817669594272266,0.17613520667888413,0.20344282701144809,8,9,True,0.23161302817574048,0.0028315207796696384,0.007753659335516527,True,,0.2577707006369427,0.24859872611464967,,1.3605984428205744,1.367678300269859,,27.692307692307693,-1.1131660712165241,0.637460108837979,260.0,gm_derived;ev_or_ic_nonpos,264.2300109863281,114473000.0,30247202047.63794,28976975047.63794,-61227000.0,-1270227000.0,5216000000.0,757000000.0,412000000.0,901000000.0,-1381000000.0,15700000000.0,2507000000.0,4459000000.0,4047000000.0,3903000000.0,3408000000.0,2043000000.0,2097567911.3664339,0.16331555190808372,,11.558426425064994,7.160112440730897,0.13966261120585433,7.424282615331268,0.1346931483905237,14.805287345882496,2.182574645129711,-0.4052230046948357,7024000000.0,819000000.0,-128.09708135299786,7.0,0.2658984072776649,0.1734600993790101,26.923076923076923,-1.101738907869252,0.6428493740579214,260.0,[],True,0.9,ig,Consumer Services,83.33333333333334,100.0,,76.92307692307693,50.0,92.3076923076923,88.88888888888889,84.61538461538461,93.93939393939394,1.0,62.2327761021278,"{'profitability': 80.2, 'growth': 51.2, 'balance': 100.0, 'stability': 80.4}",81.42716857610475,True,-1.1695919736692135,23.479220179720304,9.45945945945946,71.82997233911627,21.0,False,"{""floor"": true, ""depressed_arms"": {""self_pct"": false, ""self_z"": true, ""median_ratio"": true}, ""yield_arm"": true, ""residual_arm"": true, ""brakes"": {""gm"": false, ""fcf_margin"": true, ""roic"": false}, ""self_pct"": 26.923076923076923, ""self_z"": -1.101738907869252, ""median_ratio"": 0.6428493740579214, ""fcf_yield"": 0.13966261120585433, ""yield_threshold"": 0.0495, ""gs10"": 0.0495, ""residual_pct"": 9.45945945945946, ""brake_values"": {""gm"": null, ""fcf_margin"": 1.3605984428205744, ""roic"": null}}",False,"{""floor"": true, ""mom_sector_pct"": 93.93939393939394, ""eps_rev_proxy"": 21.0}"
MDLZ,1103982,Mondelez International,Consumer Staples,Packaged Foods & Meats,Food Beverage and Tobacco,13.990417522245037,5.9986310746064335,468582477.0854521,0.0037097597534740956,-0.06625286028322874,-0.014307198898331208,10.0,0.36163219843891514,0.11254482211868928,0.09349258142386735,0.09264290222551522,0.0674752636359977,0.10007925980780627,0.10206574855619724,0.08922534978745367,7,9,False,0.07711312390360647,0.008496751782827605,0.026197861783298748,False,0.2877060858945654,0.06233462243028699,0.07012008955831467,0.7955765198357001,0.6667333544645697,0.7006455652547227,,72.3076923076923,0.9927313031791842,1.1953965713983818,260.0,,60.18000030517578,1283649766.0,77250043309.61882,106488043309.61882,54988000000.0,29238000000.0,3889000000.0,1314000000.0,125000000.0,1008000000.0,29184000000.0,39304000000.0,3676000000.0,2575000000.0,2450000000.0,2756000000.0,4684000000.0,2609000000.0,,,,28.968455742551367,43.4645074733138,0.023007277848805182,38.63862239100828,0.025880839898492686,29.609062211429215,0.9869681870448448,6.230572160546542,24226000000.0,19533000000.0,0.7957918091219902,,,,85.38461538461539,1.7026290995371525,1.255267251256071,260.0,[],True,0.8,ig,Food Beverage and Tobacco,,42.857142857142854,28.57142857142857,,53.57142857142857,30.76923076923077,7.692307692307693,0.0,40.74074074074074,1.0,15.353220250452997,"{'profitability': 24.9, 'growth': 35.7, 'balance': 0.0, 'stability': 74.3}",12.944736546130915,False,,,,14.148978398291955,,False,"{""floor"": false, ""depressed_arms"": {""self_pct"": false, ""self_z"": false, ""median_ratio"": false}, ""yield_arm"": false, ""residual_arm"": false, ""brakes"": {""gm"": false, ""fcf_margin"": false, ""roic"": false}, ""self_pct"": 85.38461538461539, ""self_z"": 1.7026290995371525, ""median_ratio"": 1.255267251256071, ""fcf_yield"": 0.023007277848805182, ""yield_threshold"": 0.0495, ""gs10"": 0.0495, ""residual_pct"": null, ""brake_values"": {""gm"": 0.7955765198357001, ""fcf_margin"": 0.6667333544645697, ""roic"": null}}",False,"{""floor"": false, ""mom_sector_pct"": 40.74074074074074, ""eps_rev_proxy"": null}"
UPS,1090727,United Parcel Service,Industrials,Air Freight & Logistics,Transportation,24.188911704312115,5.9986310746064335,467575840.08378905,0.2561531793597207,-0.18660616485348225,0.15741945542090652,9.0,,,0.07076790643341882,0.0679587130778522,0.33259306854290466,0.09544753463392393,0.07935530684491743,0.3497945322912425,7,9,False,0.00935446750891411,-0.011433429874150636,-0.10276163402623095,False,,0.059401756922050485,,,0.8393883600038098,,0.6526789216917918,,,,,shares_was_proxy,94.25,851000000.0,80206750000.0,100472750000.0,35333000000.0,20266000000.0,8867000000.0,3410000000.0,115000000.0,,20234000000.0,89930000000.0,6576000000.0,5457000000.0,5342000000.0,,,4570000000.0,5124884038.199182,0.22066848567530695,0.14504525622503556,15.278702858880779,18.80807749906402,0.0531686452296767,,,17.550711159737418,1.1940919037199125,,5770000000.0,3954000000.0,0.27521014349191975,7.0,0.22223064267046894,0.1839712773340012,28.846153846153843,-0.8562842995039781,0.8282012321788879,260.0,[],True,0.8,ig,Transportation,81.81818181818183,44.44444444444444,,54.54545454545454,40.909090909090914,81.81818181818183,,72.72727272727273,70.3125,0.7,18.38697035924382,"{'profitability': 48.1, 'growth': 3.9, 'balance': None, 'stability': 63.0}",62.79005198282951,False,-0.35083620942881,26.712260137519923,,40.588511171036664,,False,"{""floor"": false, ""depressed_arms"": {""self_pct"": false, ""self_z"": false, ""median_ratio"": false}, ""yield_arm"": true, ""residual_arm"": false, ""brakes"": {""gm"": false, ""fcf_margin"": false, ""roic"": false}, ""self_pct"": 28.846153846153843, ""self_z"": -0.8562842995039781, ""median_ratio"": 0.8282012321788879, ""fcf_yield"": 0.0531686452296767, ""yield_threshold"": 0.0495, ""gs10"": 0.0495, ""residual_pct"": null, ""brake_values"": {""gm"": null, ""fcf_margin"": 0.8393883600038098, ""roic"": 0.6526789216917918}}",False,"{""floor"": false, ""mom_sector_pct"": 70.3125, ""eps_rev_proxy"": null}"
TT,1466258,Trane Technologies,Industrials,Building Products,Capital Goods,15.865845311430528,5.9986310746064335,467250212.4209932,0.06360226596877738,-0.06644263460893207,0.07348078657996648,10.0,,,0.10843753475390101,0.11452912160021722,0.32914746735622985,0.10639678746575983,0.11184776213965697,0.3527954919317759,7,9,False,0.11352129327156257,0.16882774497590503,0.22247837793850223,True,,0.1555927761943998,0.1528957807104039,,1.434860876794346,1.4370338085593815,1.2191842829141593,13.076923076923078,-0.7196462783560463,0.8604383409760229,260.0,gm_derived,452.05999755859375,220023177.0,99463676857.45404,102784576857.45404,11943800000.0,3320900000.0,3876800000.0,330300000.0,90800000.0,390200000.0,3298700000.0,22209900000.0,3984700000.0,3546500000.0,3455700000.0,3395800000.0,4374900000.0,2949000000.0,3216920040.232697,0.19268199858641874,0.2693380699804666,25.794809360166145,29.74348955564836,0.03362080290307085,30.26814796438366,0.03303803064451428,33.72793382755308,1.202611054594778,0.7540058058469908,7031900000.0,3489500000.0,0.8809089234581959,10.0,0.22091661921418507,0.20922573048228546,13.846153846153847,-0.746532562647675,0.8544261192970466,260.0,[],True,0.9,ig,Capital Goods,75.67567567567568,56.09756097560976,,87.8048780487805,64.28571428571429,51.28205128205128,78.37837837837839,39.02439024390244,48.4375,1.0,51.10741580955252,"{'profitability': 72.9, 'growth': 97.3, 'balance': 74.9, 'stability': 63.2}",50.5595153909005,False,0.056019911409149525,28.123073437216096,,50.83346560022651,,False,"{""floor"": false, ""depressed_arms"": {""self_pct"": true, ""self_z"": false, ""median_ratio"": false}, ""yield_arm"": false, ""residual_arm"": false, ""brakes"": {""gm"": false, ""fcf_margin"": true, ""roic"": true}, ""self_pct"": 13.846153846153847, ""self_z"": -0.746532562647675, ""median_ratio"": 0.8544261192970466, ""fcf_yield"": 0.03362080290307085, ""yield_threshold"": 0.0495, ""gs10"": 0.0495, ""residual_pct"": null, ""brake_values"": {""gm"": null, ""fcf_margin"": 1.434860876794346, ""roic"": 1.2191842829141593}}",False,"{""floor"": false, ""mom_sector_pct"": 48.4375, ""eps_rev_proxy"": null}"
WMB,107263,Williams Companies,Energy,Oil & Gas Storage & Transportation,Energy,51.49897330595483,5.9986310746064335,464492549.59987324,0.17644864165935625,-0.10830427699675071,0.1023700473131599,10.0,,,0.17436660018904887,0.18223559214692844,0.32527315022869957,0.21487941429700794,0.21025965801139962,0.21094093435723785,6,9,False,0.1425233414783127,-0.14939701872876465,0.14949726502314897,False,,-0.012377681290907912,0.23187090920873565,,-0.070986538003769,1.0790745589442177,0.5557938690678091,71.92307692307692,1.664451917584526,1.9452981541903953,260.0,gm_derived,68.9800033569336,1223167472.0,84374096324.65198,115222096324.65198,44038000000.0,30848000000.0,5994000000.0,6102000000.0,83000000.0,2333000000.0,28635000000.0,15431000000.0,4660000000.0,-108000000.0,-191000000.0,3578000000.0,6993000000.0,3073000000.0,3567022180.273714,0.2345445965077867,0.08099873246454685,24.72577174348755,,-0.0016576681564778577,32.202933573128,0.031053071538627096,27.456588455793028,-0.03514480963228116,4.0948090948090945,466000000.0,9792000000.0,0.23293519233389345,4.0,0.1457352032335295,0.1570631848785377,,,,,['fcf_cagr5 gate'],False,0.8,ig,Energy,54.54545454545454,87.5,,68.18181818181817,95.45454545454545,10.0,18.181818181818173,0.0,36.36363636363637,1.0,12.957389053403883,"{'profitability': 20.2, 'growth': 50.0, 'balance': 0.0, 'stability': 56.1}",,False,,,,,,False,"{""floor"": false, ""depressed_arms"": {""self_pct"": false, ""self_z"": false, ""median_ratio"": false}, ""yield_arm"": false, ""residual_arm"": false, ""brakes"": {""gm"": false, ""fcf_margin"": false, ""roic"": false}, ""self_pct"": null, ""self_z"": null, ""median_ratio"": null, ""fcf_yield"": -0.0016576681564778577, ""yield_threshold"": 0.0495, ""gs10"": 0.0495, ""residual_pct"": null, ""brake_values"": {""gm"": null, ""fcf_margin"": -0.070986538003769, ""roic"": 0.5557938690678091}}",False,"{""floor"": false, ""mom_sector_pct"": 36.36363636363637, ""eps_rev_proxy"": null}"
AXON,1069183,Axon Enterprise,Industrials,Aerospace & Defense,Capital Goods,3.405886379192334,5.9986310746064335,458399168.51692647,-0.27929731817578496,-0.422854823079325,-0.4063674942309575,9.0,0.6093822655525591,0.0207218869544195,-0.0860343916390448,-0.025486836658942073,0.5984350035736433,-0.06141784676480894,-0.010908387218214802,,9,9,False,0.3248437327961291,,,False,0.5940718194749525,-0.15540155801359323,-0.14818152532742856,0.9748754649698841,1.8062725272188438,2.412678612698179,0.034712620100238116,,,,,,424.75,81237415.0,34505592021.25,35672650021.25,4841595000.0,1167058000.0,265809000.0,132617000.0,633445000.0,109375000.0,1167058000.0,3219099000.0,23774000.0,133192000.0,-500253000.0,-477011000.0,133149000.0,199298000.0,20647919.84791281,0.13149155178292202,0.004264693731696437,1500.4900320202742,,-0.01402343250927537,,-0.013371896949507456,173.13566629494525,0.6683057531937099,8.76505268533748,1898827000.0,281583000.0,0.4503495232459551,3.0,0.12285715452712781,0.11062519310999416,,,,,['fcf_cagr5 gate'],False,0.9,ig,Capital Goods,35.13513513513514,2.4390243902439024,96.875,28.04878048780488,22.61904761904762,12.82051282051282,0.0,0.0,9.375,1.0,22.189358171104303,"{'profitability': 1.1, 'growth': 100.0, 'balance': 0.0, 'stability': 72.9}",,False,,,,,,False,"{""floor"": false, ""depressed_arms"": {""self_pct"": false, ""self_z"": false, ""median_ratio"": false}, ""yield_arm"": false, ""residual_arm"": false, ""brakes"": {""gm"": true, ""fcf_margin"": true, ""roic"": false}, ""self_pct"": null, ""self_z"": null, ""median_ratio"": null, ""fcf_yield"": -0.01402343250927537, ""yield_threshold"": 0.0495, ""gs10"": 0.0495, ""residual_pct"": null, ""brake_values"": {""gm"": 0.9748754649698841, ""fcf_margin"": 1.8062725272188438, ""roic"": 0.034712620100238116}}",False,"{""floor"": false, ""mom_sector_pct"": 9.375, ""eps_rev_proxy"": null}"
FDX,1048911,FedEx,Industrials,Air Freight & Logistics,Transportation,45.74401095140315,5.9986310746064335,455850872.81709737,0.6575210484681602,-0.13724480492576463,0.49443667320836093,7.0,,,0.03532526732430481,0.03215203694015422,0.2576598765784919,0.046100894346754726,0.04623099662162162,0.23546210344111032,6,9,False,0.024412540775736513,,-0.06542743769998727,False,,0.05214315878378378,0.04623099662162162,,1.4760867428144775,1.002822120410253,0.7061930382033119,79.61538461538461,1.4965939224265512,1.6009447333515552,260.0,gm_derived,289.6499938964844,236581188.0,68525739660.22302,97995739660.22302,61117000000.0,29470000000.0,8925000000.0,3809000000.0,177000000.0,4369000000.0,29470000000.0,94720000000.0,5463000000.0,5116000000.0,4939000000.0,4379000000.0,9832000000.0,4433.0,4180472812.0145,0.23476609701363715,0.0684011455407579,17.938081577928433,19.841210702616525,0.05040015022208936,22.378565805029236,0.04468561608069028,15458096.02080375,1154071.734716896,2.9973555736371034,6733000000.0,153000000.0,0.11266914279169461,3.0,0.09685899157938924,0.09329093491793942,44.230769230769226,-0.07532586640454954,0.9840349687395816,260.0,['fcf_cagr5 gate'],False,0.9,ig,Transportation,18.181818181818183,33.33333333333333,,9.090909090909092,18.181818181818183,100.0,0.0,63.63636363636363,95.3125,1.0,9.418435675631308,"{'profitability': 23.5, 'growth': 20.3, 'balance': 0.1, 'stability': 60.6}",55.06201798732314,False,-0.27960596793677706,26.242155105518187,,32.24022683147722,,False,"{""floor"": false, ""depressed_arms"": {""self_pct"": false, ""self_z"": false, ""median_ratio"": false}, ""yield_arm"": true, ""residual_arm"": false, ""brakes"": {""gm"": false, ""fcf_margin"": true, ""roic"": false}, ""self_pct"": 44.230769230769226, ""self_z"": -0.07532586640454954, ""median_ratio"": 0.9840349687395816, ""fcf_yield"": 0.05040015022208936, ""yield_threshold"": 0.0495, ""gs10"": 0.0495, ""residual_pct"": null, ""brake_values"": {""gm"": null, ""fcf_margin"": 1.4760867428144775, ""roic"": 0.7061930382033119}}",False,"{""floor"": false, ""mom_sector_pct"": 95.3125, ""eps_rev_proxy"": null}"
MNST,865752,Monster Beverage,Consumer Staples,Soft Drinks & Non-alcoholic Beverages,Food Beverage and Tobacco,14.25325119780972,5.9986310746064335,455294601.3222097,0.3047491704438816,-0.14221308883624917,0.24638980948207578,10.0,0.5388470614259054,0.03907062059615697,0.184063703180795,0.19992767534352462,0.3179560952946162,0.19748124057024338,0.22129033965837944,0.30495918125757554,9,9,False,0.12520215032714033,0.08367261366855949,0.08479692949313788,False,0.5554644630623616,0.2128351395933401,0.21507248596560327,1.0308388090536913,1.1563123848719081,1.089078057969272,1.0413846028477818,83.46153846153847,0.8210234352400874,1.2163012773955542,260.0,,41.86000061035156,979525882.0,41002954018.37515,37844335018.37515,6205529000.0,-3158619000.0,2238762000.0,140846000.0,135798000.0,120220000.0,-3158619000.0,9218957000.0,2688388000.0,2097916000.0,1962118000.0,1982744000.0,2808608000.0,,2060354119.9536204,0.23360983609746047,0.33201909457737133,14.07696174003721,19.287491893135456,0.051847072991170334,19.086848840987617,0.05239209511905249,,,-1.1246208085998473,1331643000.0,1381827000.0,0.4372665086248086,10.0,0.31882466254007236,0.3055077528339857,75.76923076923077,0.34639883787828174,1.089843076783056,260.0,[],True,0.9,ig,Food Beverage and Tobacco,90.9090909090909,85.71428571428571,64.28571428571429,81.81818181818183,53.57142857142857,,92.3076923076923,78.57142857142857,85.18518518518519,1.0,73.34108829929441,"{'profitability': 90.0, 'growth': 84.9, 'balance': 100.0, 'stability': 80.2}",49.168103660269026,True,-0.05239229698533299,20.324947946189408,36.486486486486484,61.25459597978172,10.0,False,"{""floor"": true, ""depressed_arms"": {""self_pct"": false, ""self_z"": false, ""median_ratio"": false}, ""yield_arm"": true, ""residual_arm"": false, ""brakes"": {""gm"": true, ""fcf_margin"": true, ""roic"": true}, ""self_pct"": 75.76923076923077, ""self_z"": 0.34639883787828174, ""median_ratio"": 1.089843076783056, ""fcf_yield"": 0.051847072991170334, ""yield_threshold"": 0.0495, ""gs10"": 0.0495, ""residual_pct"": 36.486486486486484, ""brake_values"": {""gm"": 1.0308388090536913, ""fcf_margin"": 1.1563123848719081, ""roic"": 1.0413846028477818}}",False,"{""floor"": true, ""mom_sector_pct"": 85.18518518518519, ""eps_rev_proxy"": 10.0}"
LULU,1397187,Lululemon Athletica,Consumer Discretionary,"Apparel, Accessories & Luxury Goods",Consumer Durables and Apparel,2.948665297741273,5.9986310746064335,452147359.7326937,-0.4270174684852426,-0.5228878943319617,-0.4271883140910432,10.0,0.5744094451198023,0.02324883408709348,0.11167683961691992,0.1410514004083442,0.4418406705287986,0.13924875545854123,0.16397405924334485,0.3652658539342016,9,9,False,0.2032540125801856,0.09930078781039131,0.12984266601111005,False,0.5610713221750043,0.113855248195977,0.12179164238542521,0.9767794156970798,1.019506359479097,0.874633615103917,0.6617015195867274,1.153846153846154,-0.5682559517654897,0.3131376526148553,260.0,,100.58000183105469,105594064.0,10620651150.468506,11372041150.468506,5542564000.0,751390000.0,1982033000.0,627697000.0,91231000.0,539651000.0,751390000.0,11093955000.0,1978775000.0,1354336000.0,1263105000.0,1351151000.0,2518426000.0,1417977000.0,1397038107.9055164,0.2939883979201696,0.2520562880113818,5.747010726569977,9.003242921584908,0.11107108946294682,8.416558290278811,0.11881341107742432,7.490002412217198,0.9551184539664607,0.2983569896435313,185840000.0,2530000.0,0.03398607575843959,7.0,0.380921428393887,0.4128981094833186,1.153846153846154,-0.03637877379788023,0.28800507600192177,260.0,[],True,1.0,ig,Consumer Durables and Apparel,100.0,70.0,50.0,72.22222222222221,70.0,33.33333333333333,40.0,88.88888888888889,6.0606060606060606,1.0,63.140179041292356,"{'profitability': 72.8, 'growth': 91.4, 'balance': 90.1, 'stability': 75.6}",92.24113475177305,True,-1.1731687563931539,29.10044870424968,6.756756756756757,77.6906568965327,-17.0,False,"{""floor"": true, ""depressed_arms"": {""self_pct"": true, ""self_z"": false, ""median_ratio"": true}, ""yield_arm"": true, ""residual_arm"": true, ""brakes"": {""gm"": true, ""fcf_margin"": true, ""roic"": false}, ""self_pct"": 1.153846153846154, ""self_z"": -0.03637877379788023, ""median_ratio"": 0.28800507600192177, ""fcf_yield"": 0.11107108946294682, ""yield_threshold"": 0.0495, ""gs10"": 0.0495, ""residual_pct"": 6.756756756756757, ""brake_values"": {""gm"": 0.9767794156970798, ""fcf_margin"": 1.019506359479097, ""roic"": 0.6617015195867274}}",False,"{""floor"": true, ""mom_sector_pct"": 6.0606060606060606, ""eps_rev_proxy"": -17.0}"
EBAY,1065088,eBay Inc.,Consumer Discretionary,Broadline Retail,Broadline Retail,24.188911704312115,5.9986310746064335,447352486.38377875,0.13624687240205136,-0.08151622381974777,0.1792090676050726,10.0,0.7252681620699765,0.015000980879488252,0.12918820021007876,0.133843797856049,0.13680776735883818,0.13242629596242905,0.1394382911392405,0.18273709734613897,6,9,False,0.04531015795011939,-0.060198659443529756,-0.08378608335143245,False,0.7248500999333778,0.1485676215856096,0.15872751499000667,0.9994235757772608,1.1500092217711608,1.1986102445623006,1.0926020301533335,66.53846153846153,0.419955722571786,1.2267483964234553,260.0,,107.31999969482422,445000000.0,47757399864.19678,54400399864.19678,11308000000.0,6643000000.0,2971000000.0,543000000.0,644000000.0,421000000.0,6643000000.0,12008000000.0,2464000000.0,2428000000.0,1784000000.0,1906000000.0,2885000000.0,2222000000.0,2172772892.2952805,0.118192819685357,0.19214475524365762,22.07808436046947,30.49349768172465,0.03279387659747932,28.541657851100094,0.03503650717197062,21.492979236812232,1.0927092709270927,2.3025996533795494,4471000000.0,119000000.0,0.4059073222497347,10.0,0.17585978237354405,0.17915572606456678,61.92307692307693,0.31354663441156977,1.1830634395567128,260.0,['fcf_cagr5 gate'],False,1.0,sector,Consumer Discretionary,44.827586206896555,81.25,91.30434782608695,95.16129032258065,66.66666666666666,46.875,32.14285714285714,28.125,63.63636363636363,1.0,30.942685794539187,"{'profitability': 71.6, 'growth': 18.9, 'balance': 23.2, 'stability': 75.0}",33.169280000520395,False,0.06328491231030675,28.62351428475853,,32.05598289752979,,False,"{""floor"": false, ""depressed_arms"": {""self_pct"": false, ""self_z"": false, ""median_ratio"": false}, ""yield_arm"": false, ""residual_arm"": false, ""brakes"": {""gm"": true, ""fcf_margin"": true, ""roic"": true}, ""self_pct"": 61.92307692307693, ""self_z"": 0.31354663441156977, ""median_ratio"": 1.1830634395567128, ""fcf_yield"": 0.03279387659747932, ""yield_threshold"": 0.0495, ""gs10"": 0.0495, ""residual_pct"": null, ""brake_values"": {""gm"": 0.9994235757772608, ""fcf_margin"": 1.1500092217711608, ""roic"": 1.0926020301533335}}",False,"{""floor"": false, ""mom_sector_pct"": 63.63636363636363, ""eps_rev_proxy"": null}"
ADSK,769397,Autodesk,Information Technology,Application Software,Software and Services,36.82683093771389,5.9986310746064335,447099842.12805367,-0.3167137094169554,-0.3377972410892536,-0.3502978789373682,8.0,0.9062710530819889,0.002236139058699614,0.1917501387605624,0.20975832193342453,0.2340284241840348,0.1828330140487197,0.20155038759689922,0.3635527197598553,9,9,False,0.13713233616993747,0.12346189808598473,0.10541280375226147,False,0.9124518613607189,0.27381258023106547,0.2690629011553273,1.0068200438022497,1.4279654867576086,1.4716319290324111,1.5224068634011836,0.38461538461538464,-0.7643674318858523,0.4050176968147961,260.0,,207.19000244140625,209000000.0,43302710510.25391,42852710510.25391,2933000000.0,-450000000.0,2896000000.0,57000000.0,706000000.0,94000000.0,-450000000.0,7790000000.0,2041000000.0,2839000000.0,2133000000.0,2096000000.0,2135000000.0,1642000000.0,1592076959.6199527,0.2199524940617577,0.5428151925059505,20.995938515558013,20.090347168426586,0.0497751478168367,20.44499547244938,0.048911725187102545,26.37193088322406,1.7289890377588306,-0.2107728337236534,4331000000.0,423000000.0,1.6208660075008523,6.0,0.3565506735126352,0.3389969419116391,0.38461538461538464,-0.859832768290187,0.4162704840876121,260.0,[],True,1.0,ig,Software and Services,73.68421052631578,59.09090909090909,100.0,67.5,15.909090909090908,57.14285714285714,60.0,63.63636363636363,5.084745762711865,1.0,85.23953737882893,"{'profitability': 92.0, 'growth': 100.0, 'balance': 100.0, 'stability': 88.1}",72.9170704572367,True,-0.5092709258769168,33.43189502593155,17.56756756756757,79.07830391803282,5.0,True,"{""floor"": true, ""depressed_arms"": {""self_pct"": true, ""self_z"": false, ""median_ratio"": true}, ""yield_arm"": true, ""residual_arm"": true, ""brakes"": {""gm"": true, ""fcf_margin"": true, ""roic"": true}, ""self_pct"": 0.38461538461538464, ""self_z"": -0.859832768290187, ""median_ratio"": 0.4162704840876121, ""fcf_yield"": 0.0497751478168367, ""yield_threshold"": 0.0495, ""gs10"": 0.0495, ""residual_pct"": 17.56756756756757, ""brake_values"": {""gm"": 1.0068200438022497, ""fcf_margin"": 1.4279654867576086, ""roic"": 1.5224068634011836}}",True,"{""floor"": true, ""mom_sector_pct"": 5.084745762711865, ""eps_rev_proxy"": 5.0}"
FSLR,1274494,First Solar,Information Technology,Semiconductors,Semiconductors and Semiconductor Equipment,3.7782340862423,5.9986310746064335,444628598.18295753,-0.11158913392300651,-0.436194151038084,-0.24838136031508173,2.0,0.30324651097447314,0.5044477023523484,-0.04720805742572375,-0.07992341943218832,,0.1508680905571988,0.18220264941377068,0.8572590982999496,6,9,False,0.13995360646283728,,,False,0.44016172341346926,0.2745341219928112,0.2897241408676085,1.4514980634040056,-5.815408151982485,1.9203805111973964,1.5129364594506167,0.9615384615384616,-0.035149791196991485,0.3376996301685253,208.0,,172.97000122070312,107469788.0,18589049361.548706,16585748361.548706,8317037000.0,-2003301000.0,2155743000.0,655624000.0,23655000.0,573931000.0,-2003301000.0,5378071000.0,1809702000.0,1500119000.0,1476464000.0,1558157000.0,2383633000.0,1746014000.0,1731000597.0358245,0.043488598102989044,0.20812707663027405,9.164905803026524,11.233425509561158,0.08902004105060075,10.644465456015476,0.09394553480699896,10.64656375123493,0.8591677959054166,-0.8404402019941828,30142000.0,7848000.0,0.004567732474918652,4.0,0.13756498188023703,0.1645573850515877,,,,,['fcf_cagr5 gate'],False,0.9,ig,Semiconductors and Semiconductor Equipment,21.428571428571427,6.25,6.25,33.33333333333333,6.25,46.666666666666664,78.57142857142857,93.75,23.728813559322035,1.0,33.980328224515,"{'profitability': 41.1, 'growth': 100.0, 'balance': 100.0, 'stability': 44.4}",,False,-1.5761154381049276,54.32634000881335,,,,False,"{""floor"": false, ""depressed_arms"": {""self_pct"": false, ""self_z"": false, ""median_ratio"": false}, ""yield_arm"": true, ""residual_arm"": false, ""brakes"": {""gm"": true, ""fcf_margin"": false, ""roic"": true}, ""self_pct"": null, ""self_z"": null, ""median_ratio"": null, ""fcf_yield"": 0.08902004105060075, ""yield_threshold"": 0.0495, ""gs10"": 0.0495, ""residual_pct"": null, ""brake_values"": {""gm"": 1.4514980634040056, ""fcf_margin"": -5.815408151982485, ""roic"": 1.5129364594506167}}",False,"{""floor"": false, ""mom_sector_pct"": 23.728813559322035, ""eps_rev_proxy"": null}"
ELV,1156039,Elevance Health,Health Care,Managed Health Care,Health Care Equipment and Services,24.18069815195072,5.9986310746064335,443226330.38236177,0.18060522932974066,-0.057628020664085344,0.1481782842618209,10.0,0.9038632265521114,0.01434081668829116,0.034445804370759246,0.03779619470059531,0.2848302791382467,0.032356894924330956,0.035175674098284114,0.3134632077023055,9,9,False,0.10318394736699799,,,False,0.8913198052835968,0.030057728739564325,0.028377081541223093,0.9861224343462197,0.8726092854745491,0.8770026174509341,0.6661916423801303,46.15384615384615,-0.009709006194310017,0.9778368405007034,260.0,gm_derived,394.5899963378906,216869290.0,85574452346.90094,107185452346.90094,66494000000.0,21611000000.0,7464000000.0,1175000000.0,244000000.0,1513000000.0,21472000000.0,201113000000.0,5453000000.0,6289000000.0,6045000000.0,5707000000.0,6966000000.0,4963000000.0,4601840839.303992,0.15609007164790173,0.06920685835269336,19.6562355303321,17.73125762562464,0.056397578847133346,18.781400446276667,0.053244165836325894,17.24248485732439,1.2671771106185774,3.0824002296870514,28339000000.0,11200000000.0,0.5946250789544921,4.0,0.10388430888360467,0.10710716702037963,45.76923076923077,-0.0034251485731465266,0.9871016009168412,260.0,['fcf_cagr5 gate'],False,1.0,ig,Health Care Equipment and Services,44.44444444444444,20.689655172413794,100.0,51.78571428571429,58.333333333333336,51.724137931034484,11.111111111111114,50.0,52.38095238095239,1.0,29.61581942421735,"{'profitability': 23.3, 'growth': 86.0, 'balance': 0.0, 'stability': 84.3}",51.91927365414,False,-0.3589164080604368,25.38720882724858,,40.767546539178674,,False,"{""floor"": false, ""depressed_arms"": {""self_pct"": false, ""self_z"": false, ""median_ratio"": false}, ""yield_arm"": true, ""residual_arm"": false, ""brakes"": {""gm"": true, ""fcf_margin"": false, ""roic"": false}, ""self_pct"": 45.76923076923077, ""self_z"": -0.0034251485731465266, ""median_ratio"": 0.9871016009168412, ""fcf_yield"": 0.056397578847133346, ""yield_threshold"": 0.0495, ""gs10"": 0.0495, ""residual_pct"": null, ""brake_values"": {""gm"": 0.9861224343462197, ""fcf_margin"": 0.8726092854745491, ""roic"": 0.6661916423801303}}",False,"{""floor"": false, ""mom_sector_pct"": 52.38095238095239, ""eps_rev_proxy"": null}"
NTAP,1002047,NetApp,Information Technology,"Technology Hardware, Storage & Peripherals",Technology Hardware and Equipment,27.263518138261464,5.9986310746064335,437162405.76071966,0.583727697544959,-0.012893558747037348,0.7443277700461675,10.0,0.6892228970051042,0.029269361759577988,0.15024936372583986,0.14485696895922093,0.2761455902122549,0.15286641367079037,0.14059646987218502,0.3040714942564156,7,9,False,0.03810448963486701,0.0980205829542049,0.09017752250661193,False,0.7062643755919361,0.1695305100798268,0.1787308889189555,1.0247256419670365,1.1283276406359315,1.169196585614066,2.532339193104691,99.61538461538461,2.1467309282623015,1.6616739490268955,260.0,,204.41000366210938,196419005.0,40150009531.35788,39312009531.35788,657000000.0,-838000000.0,1897000000.0,247000000.0,397000000.0,179000000.0,-838000000.0,7391000000.0,1849000000.0,1650000000.0,1253000000.0,1321000000.0,2028000000.0,1418000000.0,1434289934.354486,0.22428884026258206,2.1830897022138296,21.261227437186523,31.374309282807566,0.03187321164542666,29.759280493079395,0.033602962955792993,28.314534225217123,1.16361071932299,-0.41321499013806706,2916000000.0,38000000.0,4.4961948249619486,4.0,0.8620842374347666,1.6737991565991628,100.0,2.2274465200999485,1.636443161610063,260.0,[],True,1.0,ig,Technology Hardware and Equipment,100.0,73.68421052631578,90.0,28.57142857142857,64.28571428571429,52.38095238095239,80.0,76.19047619047619,74.57627118644068,1.0,56.716597565356885,"{'profitability': 79.0, 'growth': 56.7, 'balance': 100.0, 'stability': 72.2}",32.67442549970702,False,-0.15781214922302,36.737628574017485,,44.69551153253195,,False,"{""floor"": false, ""depressed_arms"": {""self_pct"": false, ""self_z"": false, ""median_ratio"": false}, ""yield_arm"": false, ""residual_arm"": false, ""brakes"": {""gm"": true, ""fcf_margin"": true, ""roic"": true}, ""self_pct"": 100.0, ""self_z"": 2.2274465200999485, ""median_ratio"": 1.636443161610063, ""fcf_yield"": 0.03187321164542666, ""yield_threshold"": 0.0495, ""gs10"": 0.0495, ""residual_pct"": null, ""brake_values"": {""gm"": 1.0247256419670365, ""fcf_margin"": 1.1283276406359315, ""roic"": 2.532339193104691}}",False,"{""floor"": false, ""mom_sector_pct"": 74.57627118644068, ""eps_rev_proxy"": null}"
HUM,49071,Humana,Health Care,Managed Health Care,Health Care Equipment and Services,13.801505817932922,5.9986310746064335,430963108.7857253,0.4306964336275989,-0.049219091046791674,0.3882608122666822,10.0,,,0.4259986873714666,0.4928909952606635,0.5855981243119247,0.4576005348785343,0.45073649754500816,0.6745582849364038,7,9,False,0.26299918238784725,-0.3962600276820534,,False,,0.16661269430051814,0.12920984455958548,,0.39111081615900267,0.28236384075443227,0.5884924207848082,95.16908212560386,2.4469602353499105,3.367945533457853,207.0,,389.6300048828125,120061500.0,46779562831.23779,39417562831.23779,11218000000.0,-7362000000.0,1844000000.0,572000000.0,243000000.0,803000000.0,-7428000000.0,6176000000.0,2444000000.0,1272000000.0,1029000000.0,798000000.0,3247000000.0,1130000000.0,1889847915.7233043,0.22673980535053015,0.1684656726442596,16.128299030784696,38.30666941811253,0.02610511472780691,49.395442144408264,0.02024478285013597,41.39784321348477,1.1256637168141592,-2.287650138589467,10489000000.0,342000000.0,0.9655018719914423,9.0,0.2862665120131799,0.2312914271353627,82.02764976958525,0.7447976176423771,2.753669215372632,217.0,['fcf_cagr5 gate'],False,0.9,ig,Health Care Equipment and Services,88.88888888888889,100.0,,96.42857142857143,58.333333333333336,31.03448275862069,96.29629629629629,83.33333333333334,88.09523809523809,1.0,38.979931826612734,"{'profitability': 75.4, 'growth': 50.0, 'balance': 100.0, 'stability': 51.9}",40.32089612046974,False,0.3897064250542952,25.94340908570227,,39.650413973541234,,False,"{""floor"": false, ""depressed_arms"": {""self_pct"": false, ""self_z"": false, ""median_ratio"": false}, ""yield_arm"": false, ""residual_arm"": false, ""brakes"": {""gm"": false, ""fcf_margin"": false, ""roic"": false}, ""self_pct"": 82.02764976958525, ""self_z"": 0.7447976176423771, ""median_ratio"": 2.753669215372632, ""fcf_yield"": 0.02610511472780691, ""yield_threshold"": 0.0495, ""gs10"": 0.0495, ""residual_pct"": null, ""brake_values"": {""gm"": null, ""fcf_margin"": 0.39111081615900267, ""roic"": 0.5884924207848082}}",False,"{""floor"": false, ""mom_sector_pct"": 88.09523809523809, ""eps_rev_proxy"": null}"
TDG,1260221,TransDigm Group,Industrials,Aerospace & Defense,Capital Goods,10.321697467488022,5.9986310746064335,430428445.51921195,-0.09836821888797176,-0.23502070985991375,-0.13935894685546968,10.0,0.5735695454573323,0.04665988047904601,0.16695146611253345,0.16719817767653758,0.3520608333096397,0.14494112401039724,0.14760820045558087,0.4364712055351429,7,9,False,0.1159297693411061,0.10386310201805116,0.1265914817451428,False,0.5957425544673196,0.17799320407755348,,1.0386579259404503,1.0661374123997052,,1.97752852330618,1.153846153846154,-1.0443492494880753,0.7838999860425115,260.0,,1109.219970703125,55276525.0,61313825441.07056,78432825441.07056,7310000000.0,17119000000.0,2198000000.0,271000000.0,146000000.0,,17110000000.0,10006000000.0,4608000000.0,1927000000.0,1781000000.0,,,2129000000.0,3584747991.2344775,0.2220598977355734,0.49038960208405985,17.021012465510104,44.03864426786668,0.022707329360946334,,,28.79935436405381,0.9051197745420385,,12166000000.0,2474860000.0,2.0028536251709985,10.0,0.24798105124885375,0.15500459260529312,0.7692307692307693,-1.695405492074482,0.7670897030952314,260.0,[],True,0.9,ig,Capital Goods,81.08108108108108,87.8048780487805,93.75,87.8048780487805,64.28571428571429,28.205128205128204,,78.04878048780488,25.0,0.7,53.62938863435417,"{'profitability': 72.2, 'growth': 91.6, 'balance': None, 'stability': 66.6}",67.24810955037005,False,0.44600630154317455,28.192647746137187,,60.43874909236211,,False,"{""floor"": false, ""depressed_arms"": {""self_pct"": true, ""self_z"": true, ""median_ratio"": true}, ""yield_arm"": false, ""residual_arm"": false, ""brakes"": {""gm"": true, ""fcf_margin"": true, ""roic"": true}, ""self_pct"": 0.7692307692307693, ""self_z"": -1.695405492074482, ""median_ratio"": 0.7670897030952314, ""fcf_yield"": 0.022707329360946334, ""yield_threshold"": 0.0495, ""gs10"": 0.0495, ""residual_pct"": null, ""brake_values"": {""gm"": 1.0386579259404503, ""fcf_margin"": 1.0661374123997052, ""roic"": 1.97752852330618}}",False,"{""floor"": false, ""mom_sector_pct"": 25.0, ""eps_rev_proxy"": null}"
AKAM,1086222,Akamai Technologies,Information Technology,Internet Services & Infrastructure,Software and Services,19.21697467488022,5.9986310746064335,430300927.26268756,0.3566271858275041,-0.27763789543603645,0.4052346737302508,10.0,0.6075484009044092,0.02645663675265128,0.18812575594733774,0.1842468169718739,0.07738132725328861,0.12748649672990625,0.11960984854558866,0.20295428052406678,9,9,False,0.056425850397398225,0.07607765907051411,-0.08240707884008691,False,0.5745235648650862,0.10328502089138746,0.048383768611054694,0.9456424607649998,0.5490211607192167,0.37952073240792605,,98.84615384615385,3.826840313770027,2.2561919431186617,260.0,gm_derived,108.98999786376953,143716609.0,15663672907.898201,14084443907.898201,3169288000.0,-1579229000.0,1447190000.0,491087000.0,509619000.0,728416000.0,-1579229000.0,4322834000.0,455678000.0,956103000.0,446484000.0,209155000.0,1184094000.0,410965000.0,,,,30.908764320195843,31.545237696979513,0.03170050609876213,67.33974281225981,0.01485007156602833,38.11437204603361,2.326482790505274,-1.3337023918709157,3202854000.0,564281000.0,1.18863763722325,,,,92.6923076923077,2.0264302455475933,1.5869842633057734,260.0,[],True,0.8,ig,Software and Services,,50.0,16.666666666666664,,63.63636363636363,80.95238095238095,80.0,40.90909090909091,62.71186440677966,1.0,58.97849382824416,"{'profitability': 41.3, 'growth': 55.2, 'balance': 100.0, 'stability': 93.5}",24.421176974696337,False,,,,41.69983540147025,,False,"{""floor"": false, ""depressed_arms"": {""self_pct"": false, ""self_z"": false, ""median_ratio"": false}, ""yield_arm"": false, ""residual_arm"": false, ""brakes"": {""gm"": false, ""fcf_margin"": false, ""roic"": false}, ""self_pct"": 92.6923076923077, ""self_z"": 2.0264302455475933, ""median_ratio"": 1.5869842633057734, ""fcf_yield"": 0.03170050609876213, ""yield_threshold"": 0.0495, ""gs10"": 0.0495, ""residual_pct"": null, ""brake_values"": {""gm"": 0.9456424607649998, ""fcf_margin"": 0.5490211607192167, ""roic"": null}}",False,"{""floor"": false, ""mom_sector_pct"": 62.71186440677966, ""eps_rev_proxy"": null}"
TEL,1385157,TE Connectivity,Information Technology,Electronic Manufacturing Services,Technology Hardware and Equipment,14.951403148528405,5.9986310746064335,427752496.72613645,-0.04492504901939898,-0.12131227082438278,-0.0171859327298719,10.0,0.3322676863433084,0.041633202735549185,0.14226595239565437,0.14201072720469005,0.22373082283888815,0.13951758442944964,0.13814394411874767,0.24717286141209968,5,9,False,0.07237290827192866,0.17468868131492132,0.21164609717435856,False,0.3611944933236725,0.16256081151019564,0.16778801366318186,1.08705874260212,1.142654365101352,1.2026298645388878,1.0750258952346767,44.61538461538462,-0.26061210728066375,0.9544112291746731,260.0,,214.7100067138672,289513228.0,62161387127.63336,67050387127.63336,18135000000.0,4889000000.0,4418000000.0,1103000000.0,174000000.0,1002000000.0,4884000000.0,19322000000.0,3814000000.0,3315000000.0,3141000000.0,3242000000.0,4816000000.0,3016000000.0,3052413683.3731103,0.19968178202068418,0.1683161667148117,17.580070038708275,21.346828120863854,0.04684536711206407,20.681797386685183,0.04835169696826225,20.610539498552175,1.0991379310344827,1.0141196013289036,7403000000.0,2081000000.0,0.5229666390956713,9.0,0.15656940680305054,0.15899659510268593,47.69230769230769,-0.12411723804460184,0.9779206118147404,260.0,[],True,1.0,ig,Technology Hardware and Equipment,38.095238095238095,52.63157894736842,35.0,61.904761904761905,64.28571428571429,47.61904761904761,44.99999999999999,80.95238095238095,25.423728813559322,1.0,44.42741050967515,"{'profitability': 68.2, 'growth': 80.2, 'balance': 66.2, 'stability': 62.4}",57.74357973848244,False,-0.5064265518482061,35.42188022722401,,51.08549512407879,,False,"{""floor"": false, ""depressed_arms"": {""self_pct"": false, ""self_z"": false, ""median_ratio"": false}, ""yield_arm"": false, ""residual_arm"": false, ""brakes"": {""gm"": true, ""fcf_margin"": true, ""roic"": true}, ""self_pct"": 47.69230769230769, ""self_z"": -0.12411723804460184, ""median_ratio"": 0.9779206118147404, ""fcf_yield"": 0.04684536711206407, ""yield_threshold"": 0.0495, ""gs10"": 0.0495, ""residual_pct"": null, ""brake_values"": {""gm"": 1.08705874260212, ""fcf_margin"": 1.142654365101352, ""roic"": 1.0750258952346767}}",False,"{""floor"": false, ""mom_sector_pct"": 25.423728813559322, ""eps_rev_proxy"": null}"
CAH,721371,Cardinal Health,Health Care,Health Care Distributors,Health Care Equipment and Services,29.34154688569473,5.9986310746064335,426866169.3976065,0.6116635370306218,-0.1087871194531479,0.43633530330938863,10.0,0.03542393457570216,0.0590966061176067,0.012671440765937025,0.013799062721810014,0.3083342829792862,0.011493844321302446,0.012921742120647013,0.3323245863612733,8,9,False,0.09370066663339904,,,False,0.03695135956971141,0.021015804767996468,0.019846897696108683,1.0431184455454856,1.658517382213592,1.7267414749410575,-0.7643011554965274,46.15384615384615,-0.0037983023411130644,0.9599985220672335,247.0,,220.2899932861328,232575728.0,51234105559.63745,56616105559.63745,2499000000.0,5382000000.0,6103000000.0,597000000.0,364000000.0,883000000.0,5223000000.0,244673000000.0,2533000000.0,5506000000.0,5142000000.0,4856000000.0,3416000000.0,1662000000.0,1864430390.8651736,0.2639437856829161,0.7460705845799014,22.351403695079924,11.010522279198259,0.0908222130288279,11.6590003211774,0.08577064692104011,30.82677831506465,3.3128760529482553,1.5289812646370022,11442000000.0,2189000000.0,5.454581832733093,1.0,-0.9761473984626091,-0.2741708514126427,46.963562753036435,-0.04336186586033361,0.960100019796868,247.0,['fcf_cagr5 gate'],False,1.0,ig,Health Care Equipment and Services,3.7037037037037033,10.344827586206897,9.090909090909092,25.0,58.333333333333336,96.55172413793103,51.851851851851855,36.66666666666667,92.85714285714286,1.0,28.691003384343105,"{'profitability': 2.8, 'growth': 78.1, 'balance': 49.0, 'stability': 73.1}",57.821131993754754,False,,,,43.25606768904893,,False,"{""floor"": false, ""depressed_arms"": {""self_pct"": false, ""self_z"": false, ""median_ratio"": false}, ""yield_arm"": true, ""residual_arm"": false, ""brakes"": {""gm"": true, ""fcf_margin"": true, ""roic"": false}, ""self_pct"": 46.963562753036435, ""self_z"": -0.04336186586033361, ""median_ratio"": 0.960100019796868, ""fcf_yield"": 0.0908222130288279, ""yield_threshold"": 0.0495, ""gs10"": 0.0495, ""residual_pct"": null, ""brake_values"": {""gm"": 1.0431184455454856, ""fcf_margin"": 1.658517382213592, ""roic"": -0.7643011554965274}}",False,"{""floor"": false, ""mom_sector_pct"": 92.85714285714286, ""eps_rev_proxy"": null}"
HPQ,47217,HP Inc.,Information Technology,"Technology Hardware, Storage & Peripherals",Technology Hardware and Equipment,51.74537987679671,5.9986310746064335,423060509.9023907,0.27527313163095823,-0.1172491516652906,0.23559171108311627,10.0,0.20895880844983267,0.04602734468673726,0.05578757557854926,0.050505050505050504,0.3003924110547742,0.05318580476392014,0.046061352900539594,0.36841234757755,5,9,False,-0.004788030560913592,-0.05604730057855212,-0.07010630315908084,False,0.19874243602312294,0.05750312700720057,0.05508603495486968,0.9511081992546752,1.0307514963835593,1.0357281458724605,0.6510444804832353,33.46153846153846,-0.6194358887487941,0.7936476989459068,260.0,,31.31999969482422,901790969.0,28244092873.875237,34348092873.875237,6012000000.0,6104000000.0,4668000000.0,787000000.0,479000000.0,930000000.0,6104000000.0,59162000000.0,3222000000.0,3881000000.0,3402000000.0,3259000000.0,4152000000.0,2451000000.0,2824435622.3175964,0.12339055793991416,0.4697996710441777,10.660488166938311,10.096441173978612,0.09904480031808467,10.53945777044346,0.0948815415157666,11.52349770455946,1.5834353325173398,1.4701348747591523,8726000000.0,802000000.0,1.5848303393213572,10.0,0.7216091759129433,0.5151710444012921,30.76923076923077,-0.5905209534411248,0.8117219067922125,260.0,"['rev_cagr5 gate', 'fcf_cagr5 gate']",False,1.0,ig,Technology Hardware and Equipment,90.47619047619048,36.84210526315789,20.0,85.71428571428571,64.28571428571429,90.47619047619048,25.0,95.23809523809524,57.6271186440678,1.0,22.877793913895434,"{'profitability': 60.1, 'growth': 0.0, 'balance': 51.0, 'stability': 58.2}",82.88061334770504,False,-1.287815613502067,36.598183800695274,,52.879203630800234,,False,"{""floor"": false, ""depressed_arms"": {""self_pct"": false, ""self_z"": false, ""median_ratio"": false}, ""yield_arm"": true, ""residual_arm"": false, ""brakes"": {""gm"": false, ""fcf_margin"": true, ""roic"": false}, ""self_pct"": 30.76923076923077, ""self_z"": -0.5905209534411248, ""median_ratio"": 0.8117219067922125, ""fcf_yield"": 0.09904480031808467, ""yield_threshold"": 0.0495, ""gs10"": 0.0495, ""residual_pct"": null, ""brake_values"": {""gm"": 0.9511081992546752, ""fcf_margin"": 1.0307514963835593, ""roic"": 0.6510444804832353}}",False,"{""floor"": false, ""mom_sector_pct"": 57.6271186440678, ""eps_rev_proxy"": null}"
SWKS,4127,Skyworks Solutions,Information Technology,Semiconductors,Semiconductors and Semiconductor Equipment,11.550992470910336,5.9986310746064335,421559650.83656055,-0.008824187759231106,-0.019588091243941452,0.17288691842310477,10.0,0.4463051220706157,0.07287175184748614,0.2390373731300016,0.2137072108444053,0.23199280453409218,0.19644246972961774,0.22160757690051128,0.3058940837052957,4,9,False,0.04021275962874182,0.06290179014117925,-0.02400392191315781,False,0.40733912956827184,0.05027278842081662,0.005082085648090481,0.9126920338230433,0.2103135077269927,0.025870605552279165,0.3160905559829089,98.84615384615385,6.127838698386489,41.009637374432565,260.0,,87.58999633789062,150472782.0,13179910424.332214,13061810424.332214,5620200000.0,-118100000.0,716200000.0,282000000.0,232400000.0,463400000.0,-118100000.0,4014100000.0,305400000.0,434200000.0,201800000.0,20400000.0,768800000.0,290100000.0,271851917.76618594,0.10984964713102179,0.04837050599021137,42.76951677908387,64.72651350015964,0.015449619420603177,640.2848247221674,0.0015618049364732646,45.43230066988009,1.4967252671492588,-0.15361602497398544,2176700000.0,1631600000.0,0.6776093377459876,5.0,0.15302736850140747,0.1562759240789808,98.84615384615385,5.552047667324258,5.575530608616334,260.0,[],True,1.0,ig,Semiconductors and Semiconductor Equipment,28.57142857142857,75.0,18.75,50.0,65.625,86.66666666666667,57.142857142857146,43.75,30.508474576271187,1.0,27.600108930520175,"{'profitability': 22.1, 'growth': 43.0, 'balance': 100.0, 'stability': 53.3}",18.44073689001074,False,0.1728842690890562,54.45020639008991,,23.02042291026546,,False,"{""floor"": false, ""depressed_arms"": {""self_pct"": false, ""self_z"": false, ""median_ratio"": false}, ""yield_arm"": false, ""residual_arm"": false, ""brakes"": {""gm"": false, ""fcf_margin"": false, ""roic"": false}, ""self_pct"": 98.84615384615385, ""self_z"": 5.552047667324258, ""median_ratio"": 5.575530608616334, ""fcf_yield"": 0.015449619420603177, ""yield_threshold"": 0.0495, ""gs10"": 0.0495, ""residual_pct"": null, ""brake_values"": {""gm"": 0.9126920338230433, ""fcf_margin"": 0.2103135077269927, ""roic"": 0.3160905559829089}}",False,"{""floor"": false, ""mom_sector_pct"": 30.508474576271187, ""eps_rev_proxy"": null}"
P,1474432,Everpure,Information Technology,"Technology Hardware, Storage & Peripherals",Technology Hardware and Equipment,0.02190280629705681,5.9986310746064335,418398595.24126303,0.1453729889743478,0.0,0.48941065823288366,9.0,0.6961348695636436,0.01896186032689952,0.0470243700870481,0.03660790265921854,0.22059623005908702,0.07541092040768942,0.07142894194482265,0.4265449800572702,9,9,True,0.16811610382486464,0.1898029366327636,,False,0.6973438288187886,-0.09893926774045962,-0.06469856762432105,1.0017366738946762,-2.103999852785065,-0.8579469296296235,2.009344250741518,,,,,,129.39999389648438,333227251.0,43119604245.54227,42962110245.54227,1383344000.0,-157494000.0,427808000.0,299639000.0,549863000.0,153700000.0,-157494000.0,4262150000.0,224210000.0,128169000.0,-421694000.0,-275755000.0,377910000.0,253285000.0,203355403.02943495,0.093013679008809,0.14700277228905823,191.61549549771317,,-0.009815486194460264,,-0.006418562738747504,170.24144440271735,0.5060268077462148,-0.4167500198459951,466313000.0,20268000.0,0.3517425889728079,1.0,0.07315957543602053,0.06526216736414224,,,,,['tenure<1y'],False,0.9,ig,Technology Hardware and Equipment,14.285714285714285,26.31578947368421,95.0,7.142857142857142,26.190476190476193,9.523809523809524,85.0,0.0,49.152542372881356,1.0,57.92703960050794,"{'profitability': 16.3, 'growth': 100.0, 'balance': 100.0, 'stability': 87.1}",,False,,,,,,False,"{""floor"": false, ""depressed_arms"": {""self_pct"": false, ""self_z"": false, ""median_ratio"": false}, ""yield_arm"": false, ""residual_arm"": false, ""brakes"": {""gm"": true, ""fcf_margin"": false, ""roic"": true}, ""self_pct"": null, ""self_z"": null, ""median_ratio"": null, ""fcf_yield"": -0.009815486194460264, ""yield_threshold"": 0.0495, ""gs10"": 0.0495, ""residual_pct"": null, ""brake_values"": {""gm"": 1.0017366738946762, ""fcf_margin"": -2.103999852785065, ""roic"": 2.009344250741518}}",False,"{""floor"": false, ""mom_sector_pct"": 49.152542372881356, ""eps_rev_proxy"": null}"
WM,823768,Waste Management,Industrials,Environmental & Facilities Services,Commercial and Professional Services,28.079397672826833,5.9986310746064335,413330963.00892895,0.008679173837189413,-0.15025812101068725,-0.04492435707431097,10.0,0.38737342099328853,0.02652413532573754,0.10133498136166126,0.0946796629099401,0.15918003245613013,0.1255447249080493,0.12442139311806369,0.11920636875745502,8,9,False,0.1061712793131473,0.09145982426192112,0.12948214939635272,False,0.40877391202711655,0.1323878910663498,0.12977753535668368,1.0552451197579682,1.3064382041366516,1.0337155579554183,0.9569309641218683,4.615384615384616,-1.4938745881788011,0.8726979760629584,260.0,gm_derived,206.44000244140625,399715184.0,82517203560.82715,84432203560.82715,11840000000.0,1915000000.0,6517000000.0,2944000000.0,175000000.0,3011000000.0,1914000000.0,25667000000.0,4510000000.0,3573000000.0,3398000000.0,3331000000.0,7521000000.0,2853000000.0,3550769655.172414,0.21268965517241378,0.2998960857409133,18.7211094369905,24.847617292768437,0.04024530755675461,25.347404251224003,0.03945177147485274,28.92295953761905,1.252365930599369,0.2544874351814918,14001000000.0,4723000000.0,1.581418918918919,10.0,0.31339364801108116,0.3069041705473636,2.6923076923076925,-1.5807546594152084,0.6237255754420664,260.0,[],True,1.0,ig,Commercial and Professional Services,90.0,18.181818181818183,28.57142857142857,90.9090909090909,63.63636363636363,81.81818181818183,81.81818181818181,54.54545454545455,37.5,1.0,66.84291336489987,"{'profitability': 68.9, 'growth': 82.3, 'balance': 91.5, 'stability': 83.8}",61.628717992364884,True,0.08025642614538064,22.931360737288585,44.5945945945946,64.23581567863238,5.0,False,"{""floor"": true, ""depressed_arms"": {""self_pct"": true, ""self_z"": true, ""median_ratio"": true}, ""yield_arm"": false, ""residual_arm"": false, ""brakes"": {""gm"": true, ""fcf_margin"": true, ""roic"": true}, ""self_pct"": 2.6923076923076925, ""self_z"": -1.5807546594152084, ""median_ratio"": 0.6237255754420664, ""fcf_yield"": 0.04024530755675461, ""yield_threshold"": 0.0495, ""gs10"": 0.0495, ""residual_pct"": 44.5945945945946, ""brake_values"": {""gm"": 1.0552451197579682, ""fcf_margin"": 1.3064382041366516, ""roic"": 0.9569309641218683}}",False,"{""floor"": true, ""mom_sector_pct"": 37.5, ""eps_rev_proxy"": 5.0}"
FLEX,866374,Flex Ltd.,Information Technology,Electronic Manufacturing Services,Technology Hardware and Equipment,0.27104722792607805,5.9986310746064335,411084466.6365758,0.9510065927726814,-0.2559241556215712,1.0138962901203286,5.0,0.07755882592438015,0.11366491043602851,0.023950197492487335,0.024380087071739543,0.3760868269968893,0.02516475282334309,0.025477948135529057,0.38078232016510744,5,9,False,0.029614264794731948,,,False,0.09368913793692554,0.02822291317866539,0.035500734615778864,1.2079751958632334,1.1784000189358903,1.410732498149078,0.9167498120099786,88.84615384615384,1.3055111044784151,1.9867329671530207,260.0,sbc_unreported,113.04000091552734,369402978.0,41757312971.31853,44996312971.31853,8739000000.0,3239000000.0,1562000000.0,736000000.0,,523000000.0,3239000000.0,29267000000.0,1449000000.0,826000000.0,826000000.0,1039000000.0,1972000000.0,880000000.0,1043280000.0,0.28,0.11938208032955716,31.05335608786648,54.47495517108781,0.018357059622340778,43.3073272101237,0.023090780808247058,47.45149201286196,0.9386363636363636,1.6424949290060853,1831000000.0,736000000.0,0.2937407025975512,6.0,0.13022318495796725,0.13323109930558044,88.46153846153845,1.1806643353677464,2.446846762134432,260.0,"['tenure<1y', 'fcf_cagr5 gate']",False,1.0,ig,Technology Hardware and Equipment,28.57142857142857,10.526315789473683,5.0,42.857142857142854,4.761904761904762,28.57142857142857,20.0,38.095238095238095,83.05084745762711,1.0,16.59922405114426,"{'profitability': 34.7, 'growth': 24.7, 'balance': 45.3, 'stability': 47.6}",21.446327613146,False,0.4343506721226964,35.28261627279839,,19.02277583214513,,False,"{""floor"": false, ""depressed_arms"": {""self_pct"": false, ""self_z"": false, ""median_ratio"": false}, ""yield_arm"": false, ""residual_arm"": false, ""brakes"": {""gm"": true, ""fcf_margin"": true, ""roic"": true}, ""self_pct"": 88.46153846153845, ""self_z"": 1.1806643353677464, ""median_ratio"": 2.446846762134432, ""fcf_yield"": 0.018357059622340778, ""yield_threshold"": 0.0495, ""gs10"": 0.0495, ""residual_pct"": null, ""brake_values"": {""gm"": 1.2079751958632334, ""fcf_margin"": 1.1784000189358903, ""roic"": 0.9167498120099786}}",False,"{""floor"": false, ""mom_sector_pct"": 83.05084745762711, ""eps_rev_proxy"": null}"
UAL,100517,United Airlines Holdings,Industrials,Passenger Airlines,Transportation,11.071868583162217,5.9986310746064335,409248345.6370927,0.16836247890572098,-0.18073615725375425,0.1697262141445275,6.0,,,,,1.0594169742408996,0.06988956605364824,0.0803025247469692,0.6110840153868083,8,9,False,0.3092525547522449,,,False,,0.040443865059934504,0.09406696130488697,,,1.3459371207524713,1.6381808163719902,46.98275862068966,-0.013620094671883123,0.978140949929346,232.0,sbc_unreported,111.51000213623047,324583772.0,36194337109.10574,48501337109.10574,29004000000.0,12307000000.0,8913000000.0,6369000000.0,,2996000000.0,12307000000.0,62902000000.0,4874000000.0,2544000000.0,2544000000.0,5917000000.0,7870000000.0,3496000000.0,3806859696.1572833,0.21894548704200179,0.1312529201543678,9.951033465142746,19.064991002006973,0.05245216218013058,8.196947289015673,0.12199663664301597,10.35307125546503,0.7276887871853547,1.5637865311308767,4527000000.0,2581000000.0,0.2450696455661288,6.0,0.08012114343094805,0.11088867455611505,48.743718592964825,-0.003172490107087913,0.9931399342969028,199.0,['fcf_cagr5 gate'],False,0.8,ig,Transportation,9.090909090909092,,,22.727272727272727,9.090909090909092,18.181818181818183,55.55555555555556,90.9090909090909,64.0625,1.0,34.77719191057629,"{'profitability': 35.8, 'growth': 100.0, 'balance': 47.9, 'stability': 59.3}",61.90199294804304,False,-0.31545715813523056,26.135926954736487,,48.33959242930966,,False,"{""floor"": false, ""depressed_arms"": {""self_pct"": false, ""self_z"": false, ""median_ratio"": false}, ""yield_arm"": true, ""residual_arm"": false, ""brakes"": {""gm"": false, ""fcf_margin"": false, ""roic"": true}, ""self_pct"": 48.743718592964825, ""self_z"": -0.003172490107087913, ""median_ratio"": 0.9931399342969028, ""fcf_yield"": 0.05245216218013058, ""yield_threshold"": 0.0495, ""gs10"": 0.0495, ""residual_pct"": null, ""brake_values"": {""gm"": null, ""fcf_margin"": null, ""roic"": 1.6381808163719902}}",False,"{""floor"": false, ""mom_sector_pct"": 64.0625, ""eps_rev_proxy"": null}"
CTAS,723254,Cintas,Industrials,Diversified Support Services,Commercial and Professional Services,25.579739904175224,5.9986310746064335,403151102.396744,-0.0006134914723924245,-0.023354637159596847,-6.511453197366457e-05,10.0,0.48625418117325603,0.033846230868074784,0.15112972050591642,0.15562682599302374,0.1594886782882036,0.1408833110471567,0.145174673479535,0.18733790347359874,9,9,False,0.09620823052847349,0.09095906665122921,0.1369641160384938,False,0.5066945494893322,0.15562682599302374,0.145174673479535,1.0420363857165336,1.0297565923635204,1.0304604030135398,1.1271798957702177,82.3076923076923,1.9997923242057136,3.267740299776336,260.0,,200.5800018310547,400169561.0,80266011278.11235,82932758278.11235,7806634000.0,2666747000.0,2276280000.0,395105000.0,128076000.0,512846000.0,2666747000.0,11264761000.0,2606512000.0,1881175000.0,1753099000.0,1635358000.0,3119358000.0,1999968000.0,2080736776.6597188,0.20171601870249636,0.26653443425933876,31.817524062084637,47.30637475585369,0.021138800112267323,50.71229558183123,0.01971908367639093,40.13364777742061,0.9406025496407943,0.8549025151970373,3544212000.0,706674000.0,0.5445222614509659,9.0,0.23646130955628167,0.23899879577216646,71.53846153846153,1.8321555902054754,3.2697211469285996,260.0,[],True,1.0,ig,Commercial and Professional Services,40.0,54.54545454545454,57.14285714285714,72.72727272727273,63.63636363636363,18.181818181818183,63.63636363636363,0.0,32.8125,1.0,68.51681902770251,"{'profitability': 81.1, 'growth': 78.0, 'balance': 71.5, 'stability': 88.6}",18.767171948573814,True,0.730161952631629,22.793675488752335,82.43243243243244,43.641995488138164,8.0,False,"{""floor"": true, ""depressed_arms"": {""self_pct"": false, ""self_z"": false, ""median_ratio"": false}, ""yield_arm"": false, ""residual_arm"": false, ""brakes"": {""gm"": true, ""fcf_margin"": true, ""roic"": true}, ""self_pct"": 71.53846153846153, ""self_z"": 1.8321555902054754, ""median_ratio"": 3.2697211469285996, ""fcf_yield"": 0.021138800112267323, ""yield_threshold"": 0.0495, ""gs10"": 0.0495, ""residual_pct"": 82.43243243243244, ""brake_values"": {""gm"": 1.0420363857165336, ""fcf_margin"": 1.0297565923635204, ""roic"": 1.1271798957702177}}",False,"{""floor"": true, ""mom_sector_pct"": 32.8125, ""eps_rev_proxy"": 8.0}"
COR,1140859,Cencora,Health Care,Health Care Distributors,Health Care Equipment and Services,25.08145106091718,5.9986310746064335,396403334.9878662,0.10143999310976004,-0.18014668217555285,0.011114879211067574,10.0,0.034165500543773465,0.03192993086475941,0.010143002659928315,0.00969358953843701,0.18147270041525304,0.008879217246883292,0.00832806934669191,0.1492870759373557,9,9,False,0.11093539055828328,,,False,0.03973065311279843,0.01175392748611334,,1.1628880736547322,1.1588212958426267,,0.3914296659142165,75.30364372469636,0.21154066135354152,1.3236281709525677,247.0,,303.80999755859375,190827165.0,57975200532.76337,68741686532.76337,13817444000.0,10766486000.0,4820947000.0,760845000.0,148732000.0,,10578353000.0,332771323000.0,3041762000.0,4060102000.0,3911370000.0,,,2624793000.0,2225934382.522746,0.26820889256860136,0.16109595830623566,22.59929821358915,17.574836063262584,0.05689953501702027,,,22.087532438848843,1.5468275022068407,,16515457000.0,343629000.0,1.220130582761906,7.0,0.4115578668008789,0.4729403130453128,52.63157894736842,0.011194135327885667,1.0096000939593999,247.0,['fcf_cagr5 gate'],False,0.9,ig,Health Care Equipment and Services,92.5925925925926,6.896551724137931,4.545454545454546,76.78571428571429,58.333333333333336,75.86206896551724,,30.0,38.095238095238095,0.7,55.92241763865634,"{'profitability': 42.2, 'growth': 92.4, 'balance': None, 'stability': 87.7}",43.43156263276565,False,-0.3972111287614766,26.145556134575273,,49.676990135710994,,False,"{""floor"": false, ""depressed_arms"": {""self_pct"": false, ""self_z"": false, ""median_ratio"": false}, ""yield_arm"": true, ""residual_arm"": false, ""brakes"": {""gm"": true, ""fcf_margin"": true, ""roic"": false}, ""self_pct"": 52.63157894736842, ""self_z"": 0.011194135327885667, ""median_ratio"": 1.0096000939593999, ""fcf_yield"": 0.05689953501702027, ""yield_threshold"": 0.0495, ""gs10"": 0.0495, ""residual_pct"": null, ""brake_values"": {""gm"": 1.1628880736547322, ""fcf_margin"": 1.1588212958426267, ""roic"": 0.3914296659142165}}",False,"{""floor"": false, ""mom_sector_pct"": 38.095238095238095, ""eps_rev_proxy"": null}"
NOC,1133421,Northrop Grumman,Industrials,Aerospace & Defense,Capital Goods,69.57152635181383,5.9986310746064335,395204180.3865779,-0.141359297955457,-0.32506767219066346,-0.15666535965657757,10.0,,,0.056736892548627384,0.05770039532340819,0.26258040918493253,0.062286603901821315,0.06263492864552668,0.2424375061145355,8,9,False,0.026567406658034587,0.02767945767344271,0.014370676884596811,False,,0.0820199571015574,0.07987503497155647,,1.4456194799752333,1.2823790344623502,0.9649407969098219,0.7692307692307693,-0.29309573490665186,0.7259112286821787,260.0,gm_derived,505.79998779296875,142063026.0,71855476816.6322,87681476816.6322,33710000000.0,15826000000.0,5078000000.0,1432000000.0,128000000.0,1524000000.0,15826000000.0,42892000000.0,4598000000.0,3646000000.0,3518000000.0,3426000000.0,6122000000.0,4496000000.0,3929406576.6964455,0.14540961794335677,0.11656501265785955,19.06948169130757,24.92367163633661,0.040122499388977835,25.592958790610684,0.039073246988811275,15.982090039286522,0.8109430604982206,2.5851029075465535,17439000000.0,208000000.0,0.5234945120142391,9.0,0.12080017036397839,0.12044575587253604,0.38461538461538464,-0.257047462755879,0.6331470988702212,260.0,[],True,0.9,ig,Capital Goods,29.72972972972973,19.51219512195122,,70.73170731707317,64.28571428571429,17.94871794871795,21.621621621621628,68.29268292682927,20.3125,1.0,20.42550055214772,"{'profitability': 40.7, 'growth': 22.6, 'balance': 13.8, 'stability': 75.1}",71.41817171601872,False,-0.10786611539706747,27.76244298072534,,45.92183613408322,,False,"{""floor"": false, ""depressed_arms"": {""self_pct"": true, ""self_z"": false, ""median_ratio"": true}, ""yield_arm"": false, ""residual_arm"": false, ""brakes"": {""gm"": false, ""fcf_margin"": true, ""roic"": true}, ""self_pct"": 0.38461538461538464, ""self_z"": -0.257047462755879, ""median_ratio"": 0.6331470988702212, ""fcf_yield"": 0.040122499388977835, ""yield_threshold"": 0.0495, ""gs10"": 0.0495, ""residual_pct"": null, ""brake_values"": {""gm"": null, ""fcf_margin"": 1.4456194799752333, ""roic"": 0.9649407969098219}}",False,"{""floor"": false, ""mom_sector_pct"": 20.3125, ""eps_rev_proxy"": null}"
CRH,849395,CRH plc,Materials,Construction Materials,Materials,0.7693360711841205,5.9986310746064335,391554811.8903879,-0.20543065130861826,-0.35539100055539363,-0.2940252339828303,5.0,0.3455159901788413,0.03420603534254623,0.07440264353034395,0.07394450823831014,0.13290652729126243,0.08250644992461516,0.08619138648375127,0.17740943655079122,4,4,True,,0.04678214611088327,0.09439820199796811,True,0.36249741147235454,0.06771588320563264,,1.0491480040756538,0.9101273824768844,,0.9006038381744469,,,,,,83.75,665284511.0,55717577796.25,73570577796.25,41888000000.0,17853000000.0,5419000000.0,2653000000.0,150000000.0,,16788000000.0,38632000000.0,5528000000.0,2766000000.0,2616000000.0,,,3838000000.0,4149768601.4803276,0.2493182703544994,0.09906819617743334,13.308715230870115,28.123309555141436,0.03555769274022667,,,14.517347002670661,0.7206878582595102,,13150000000.0,2048000000.0,0.3628246753246753,3.0,0.11000196976536074,0.11050202812436151,,,,,"['tenure<1y', 'rev_cagr5 gate']",False,0.8,ig,Materials,41.66666666666667,64.28571428571429,71.42857142857143,46.42857142857143,21.428571428571427,27.27272727272727,,75.0,7.142857142857142,0.7,34.714071584445506,"{'profitability': 38.3, 'growth': 39.0, 'balance': None, 'stability': 89.9}",,False,-0.002681333601482816,28.198818717423823,,,,False,"{""floor"": false, ""depressed_arms"": {""self_pct"": false, ""self_z"": false, ""median_ratio"": false}, ""yield_arm"": false, ""residual_arm"": false, ""brakes"": {""gm"": true, ""fcf_margin"": false, ""roic"": true}, ""self_pct"": null, ""self_z"": null, ""median_ratio"": null, ""fcf_yield"": 0.03555769274022667, ""yield_threshold"": 0.0495, ""gs10"": 0.0495, ""residual_pct"": null, ""brake_values"": {""gm"": 1.0491480040756538, ""fcf_margin"": 0.9101273824768844, ""roic"": 0.9006038381744469}}",False,"{""floor"": false, ""mom_sector_pct"": 7.142857142857142, ""eps_rev_proxy"": null}"
CL,21665,Colgate-Palmolive,Consumer Staples,Household Products,Household and Personal Products,69.57152635181383,5.9986310746064335,390571565.8353983,0.16653623008811946,-0.1168369312164862,0.1369687341215271,10.0,0.5908186217430611,0.021703288911527906,0.14749718859481642,0.15056540956317088,0.21600903885523004,0.14963742550836723,0.15706429562625276,0.19704510974607448,9,9,False,0.043531026206107715,0.018852665164492688,0.02120926331663142,False,0.6042191286169051,0.17484677151137928,0.17275621228678673,1.0226812534011016,1.1854244353883503,1.154498693758446,0.8239514560940087,0.7692307692307693,-1.6036213328401752,0.8127143347020617,260.0,,86.5199966430664,797172829.0,68971390489.02374,77328390489.02374,8593000000.0,8357000000.0,4456000000.0,598000000.0,178000000.0,642000000.0,8027000000.0,21047000000.0,3130000000.0,3858000000.0,3680000000.0,3636000000.0,3772000000.0,2038000000.0,2301220258.327668,0.26478585995921144,0.26780172911994277,24.705556066780748,21.013149589408627,0.047589248615259254,21.26743412789432,0.04702024672964202,33.84268424387819,1.8930323846908734,2.1280487804878048,3100000000.0,1495000000.0,0.5347375770976376,10.0,0.3250212462630662,0.32485578534848497,0.7692307692307693,-1.4018648530129905,0.7906201853457951,260.0,[],True,1.0,sector,Consumer Staples,95.83333333333334,74.07407407407408,83.33333333333334,87.5,55.55555555555556,83.33333333333334,43.99999999999999,22.222222222222214,62.96296296296296,1.0,42.26374416973891,"{'profitability': 80.1, 'growth': 26.0, 'balance': 29.1, 'stability': 87.0}",57.964717846989124,False,-0.27276307588692905,27.6026418838449,,50.114231008364015,,False,"{""floor"": false, ""depressed_arms"": {""self_pct"": true, ""self_z"": true, ""median_ratio"": true}, ""yield_arm"": false, ""residual_arm"": false, ""brakes"": {""gm"": true, ""fcf_margin"": true, ""roic"": false}, ""self_pct"": 0.7692307692307693, ""self_z"": -1.4018648530129905, ""median_ratio"": 0.7906201853457951, ""fcf_yield"": 0.047589248615259254, ""yield_threshold"": 0.0495, ""gs10"": 0.0495, ""residual_pct"": null, ""brake_values"": {""gm"": 1.0226812534011016, ""fcf_margin"": 1.1854244353883503, ""roic"": 0.8239514560940087}}",False,"{""floor"": false, ""mom_sector_pct"": 62.96296296296296, ""eps_rev_proxy"": null}"
MSI,68505,Motorola Solutions,Information Technology,Communications Equipment,Technology Hardware and Equipment,69.57152635181383,5.9986310746064335,389926989.13987195,0.04274677868185117,-0.06738884045143556,0.009772404172976534,10.0,0.49656312234808075,0.03636943344333041,0.17210789220159584,0.17481741702875103,0.1961486709480565,0.1570318214814312,0.15542773222371803,0.217261391887528,8,9,False,0.09519871115386103,0.1299965282868849,0.1453665577446639,False,0.5198986679741767,0.18958895154041022,0.1689956688730898,1.0469941173153374,1.1015703528478418,1.0761874076145346,0.6677560232737089,57.692307692307686,0.08043585149801735,1.0212976123636879,260.0,,452.0799865722656,165493788.0,74816429456.83337,83465429456.83337,11321000000.0,8649000000.0,2974000000.0,297000000.0,357000000.0,549000000.0,8633000000.0,12237000000.0,3048000000.0,2677000000.0,2320000000.0,2068000000.0,3597000000.0,2134000000.0,2356224069.3892303,0.22696060715576435,0.2081286166760207,27.383671081638248,35.976478214152316,0.02779593917023882,40.36045911839138,0.02477672508795426,35.05924529373635,1.254451733833177,2.400055601890464,6883000000.0,2951000000.0,0.8686511792244501,10.0,0.3116836230928465,0.33887491738526315,41.53846153846154,-0.12855811811255996,0.9762348515502197,260.0,[],True,1.0,ig,Technology Hardware and Equipment,71.42857142857143,78.94736842105263,70.0,85.71428571428571,64.28571428571429,71.42857142857143,15.0,52.38095238095239,38.983050847457626,1.0,54.176632934889156,"{'profitability': 85.0, 'growth': 89.7, 'balance': 20.0, 'stability': 81.0}",45.925407890889275,False,0.0008154580285824053,35.9471528645734,,50.051020412889216,,False,"{""floor"": false, ""depressed_arms"": {""self_pct"": false, ""self_z"": false, ""median_ratio"": false}, ""yield_arm"": false, ""residual_arm"": false, ""brakes"": {""gm"": true, ""fcf_margin"": true, ""roic"": false}, ""self_pct"": 41.53846153846154, ""self_z"": -0.12855811811255996, ""median_ratio"": 0.9762348515502197, ""fcf_yield"": 0.02779593917023882, ""yield_threshold"": 0.0495, ""gs10"": 0.0495, ""residual_pct"": null, ""brake_values"": {""gm"": 1.0469941173153374, ""fcf_margin"": 1.1015703528478418, ""roic"": 0.6677560232737089}}",False,"{""floor"": false, ""mom_sector_pct"": 38.983050847457626, ""eps_rev_proxy"": null}"
KR,56873,Kroger,Consumer Staples,Food Retail,Consumer Staples Distribution and Retail,69.57152635181383,5.9986310746064335,387051727.71484524,-0.0962583524959223,-0.20084450942722454,-0.07929104697168332,10.0,,,0.0168133938372592,0.01807530042189031,0.3338569819052682,0.019456205552574875,0.022938906938964956,0.313202014654166,7,9,False,0.02188051774019617,,,False,,0.014793137162985682,0.022126086548893024,,0.8798424224265453,1.137225163925389,0.6562224636227117,28.076923076923077,-0.519267605981552,0.845664809464583,260.0,gm_derived,59.689998626708984,590588700.0,35252238691.949844,57801238691.949844,28389000000.0,22549000000.0,6708000000.0,4324000000.0,175000000.0,3229000000.0,22543000000.0,149326000000.0,2083000000.0,2384000000.0,2209000000.0,3304000000.0,5312000000.0,1084000000.0,1694959761.5499256,0.18628912071535023,0.059704806845958844,27.749034417642747,26.166246578519623,0.038217174060452344,17.49432163799935,0.057161404751351085,32.52051539847771,2.199261992619926,4.2437876506024095,2624000000.0,848000000.0,0.12230089119024974,3.0,0.09098257093540385,0.10069597900430077,48.46153846153846,-0.07503364522242241,0.9781023679960673,260.0,['fcf_cagr5 gate'],False,0.9,sector,Consumer Staples,29.166666666666668,3.7037037037037033,,20.833333333333336,55.55555555555556,91.66666666666666,16.0,18.51851851851852,11.11111111111111,1.0,7.944075862499506,"{'profitability': 17.9, 'growth': 18.2, 'balance': 0.0, 'stability': 62.9}",36.0845375609253,False,-0.02621920986513615,26.861377965091616,,22.0143067117124,,False,"{""floor"": false, ""depressed_arms"": {""self_pct"": false, ""self_z"": false, ""median_ratio"": false}, ""yield_arm"": false, ""residual_arm"": false, ""brakes"": {""gm"": false, ""fcf_margin"": false, ""roic"": false}, ""self_pct"": 48.46153846153846, ""self_z"": -0.07503364522242241, ""median_ratio"": 0.9781023679960673, ""fcf_yield"": 0.038217174060452344, ""yield_threshold"": 0.0495, ""gs10"": 0.0495, ""residual_pct"": null, ""brake_values"": {""gm"": null, ""fcf_margin"": 0.8798424224265453, ""roic"": 0.6562224636227117}}",False,"{""floor"": false, ""mom_sector_pct"": 11.11111111111111, ""eps_rev_proxy"": null}"
LHX,202058,L3Harris,Industrials,Aerospace & Defense,Capital Goods,18.017796030116358,5.9986310746064335,385575157.36848193,-0.12335657145563517,-0.34588104571310185,-0.1874512366118778,9.0,,,0.1015669715416766,0.10082032111561132,0.1658539930843871,0.06318530012290535,0.060060661461825385,0.2596662861622381,6,8,False,0.10651329188844394,0.02060320295194762,,False,0.2560218651817415,0.06881401823801374,0.050780351988556544,,0.6775235806826914,0.8036735109239137,1.2788613239969049,0.7692307692307693,-0.3552537609813074,0.5669747717773794,260.0,,237.6999969482422,186214616.0,44263213654.91809,53846213654.91809,29465000000.0,9583000000.0,3292000000.0,484000000.0,114000000.0,1190000000.0,9583000000.0,39149000000.0,2320000000.0,2808000000.0,2694000000.0,1988000000.0,3510000000.0,1874000000.0,1934021352.3131673,0.16637010676156583,0.06563792134102044,23.2095748512578,19.98745866923463,0.05003137299987185,27.085620550763625,0.03691995899173914,23.619644426317016,1.4983991462113126,2.73019943019943,19996000000.0,4737000000.0,0.8394026811471237,1.0,0.05132528453974834,0.05666588155543939,1.5384615384615385,-1.157863153429497,0.6935121538802099,260.0,[],True,0.9,ig,Capital Goods,8.108108108108109,48.78048780487805,,6.097560975609756,22.61904761904762,87.17948717948718,18.91891891891892,46.34146341463414,21.875,1.0,21.50893433999436,"{'profitability': 27.9, 'growth': 53.0, 'balance': 9.0, 'stability': 72.3}",63.379936030734775,False,-0.3102784897181441,27.25899340974673,,42.44443518536457,,False,"{""floor"": false, ""depressed_arms"": {""self_pct"": true, ""self_z"": true, ""median_ratio"": true}, ""yield_arm"": true, ""residual_arm"": false, ""brakes"": {""gm"": false, ""fcf_margin"": false, ""roic"": true}, ""self_pct"": 1.5384615384615385, ""self_z"": -1.157863153429497, ""median_ratio"": 0.6935121538802099, ""fcf_yield"": 0.05003137299987185, ""yield_threshold"": 0.0495, ""gs10"": 0.0495, ""residual_pct"": null, ""brake_values"": {""gm"": null, ""fcf_margin"": 0.6775235806826914, ""roic"": 1.2788613239969049}}",False,"{""floor"": false, ""mom_sector_pct"": 21.875, ""eps_rev_proxy"": null}"
KEYS,1601046,Keysight Technologies,Information Technology,Electronic Equipment & Instruments,Technology Hardware and Equipment,7.8959616700889805,5.9986310746064335,378544132.5401517,0.8875683872758868,-0.01080656377554301,1.0752234067967494,10.0,0.6308307209681002,0.015398758265781015,0.18466469989437542,0.19692532942898974,0.13372426929535355,0.16853360141180979,0.18213953488372092,0.16355134610388028,7,9,False,0.04952460179009255,0.07339084686143038,0.10287498996686062,False,0.6469158310543908,0.1906715284108174,0.15253722272865392,1.0254982985952328,1.0325282986942157,0.905084929360354,0.895154755279108,96.92307692307692,2.392192994954544,1.7230956621288065,260.0,gm_derived,359.739990234375,170244745.0,61243842903.75366,61381842903.75366,6709000000.0,138000000.0,1604000000.0,135000000.0,214000000.0,386000000.0,138000000.0,6582000000.0,1333000000.0,1469000000.0,1255000000.0,1004000000.0,1719000000.0,1260000000.0,1204881272.0848057,0.096113074204947,0.17959178299072973,46.047894151353084,48.909834983070645,0.020445785604186438,61.13729372883831,0.01635662848334915,48.60622452678862,1.165873015873016,0.08027923211169284,3462000000.0,1125000000.0,0.6837084513340289,8.0,0.20062651952816052,0.25155265733585574,95.0,2.1304064810238765,1.5422508972496396,260.0,[],True,1.0,ig,Technology Hardware and Equipment,52.38095238095239,84.21052631578947,80.0,52.38095238095239,64.28571428571429,57.14285714285714,70.0,19.04761904761905,81.35593220338984,1.0,62.73512079949467,"{'profitability': 83.0, 'growth': 51.2, 'balance': 97.3, 'stability': 80.7}",13.720361821073556,True,0.3173476107011015,35.61015642315884,60.810810810810814,38.22774131028412,9.0,False,"{""floor"": true, ""depressed_arms"": {""self_pct"": false, ""self_z"": false, ""median_ratio"": false}, ""yield_arm"": false, ""residual_arm"": false, ""brakes"": {""gm"": true, ""fcf_margin"": true, ""roic"": false}, ""self_pct"": 95.0, ""self_z"": 2.1304064810238765, ""median_ratio"": 1.5422508972496396, ""fcf_yield"": 0.020445785604186438, ""yield_threshold"": 0.0495, ""gs10"": 0.0495, ""residual_pct"": 60.810810810810814, ""brake_values"": {""gm"": 1.0254982985952328, ""fcf_margin"": 1.0325282986942157, ""roic"": 0.895154755279108}}",False,"{""floor"": true, ""mom_sector_pct"": 81.35593220338984, ""eps_rev_proxy"": 9.0}"
KVUE,1944048,Kenvue,Consumer Staples,Personal Care Products,Household and Personal Products,3.0965092402464065,3.4113620807665983,377631312.2044933,0.24236511507092606,-0.07740710216709612,0.199494957249865,5.0,0.5668158815640222,0.02003115551021558,0.09305441465499657,0.10486643745040994,0.565100684190723,0.07809993116168208,0.09944459137794234,0.8252884466639001,2,4,False,,,,False,0.5819055036344756,0.1166926272066459,0.10656801661474559,1.0266217347841708,1.2540256971073223,1.3645084576851805,1.1553878580943857,,,,,,17.8799991607666,1920773467.0,34343427977.982758,41846427977.98276,18056000000.0,7503000000.0,2325000000.0,411000000.0,116000000.0,567000000.0,7503000000.0,15408000000.0,2630000000.0,1914000000.0,1798000000.0,1642000000.0,3197000000.0,1658000000.0,1961556455.2406657,0.25416104363472786,0.10863737567792787,15.911189345240592,23.273875404884738,0.042966630292698024,25.485035309368307,0.03923871353760298,20.71376838237802,1.1544028950542822,2.346887707225524,9265000000.0,16716000000.0,1.4389122729286663,1.0,0.09402675899425376,0.09659779010689433,,,,,"['rev_cagr5 gate', 'fcf_cagr5 gate']",False,0.9,sector,Consumer Staples,33.33333333333333,51.85185185185185,75.0,8.333333333333332,3.7037037037037033,54.166666666666664,36.0,59.25925925925926,77.77777777777779,0.7,16.853911884777645,"{'profitability': 45.1, 'growth': None, 'balance': 21.8, 'stability': 48.0}",,False,-0.14406164697912827,26.88028588623702,,,,False,"{""floor"": false, ""depressed_arms"": {""self_pct"": false, ""self_z"": false, ""median_ratio"": false}, ""yield_arm"": false, ""residual_arm"": false, ""brakes"": {""gm"": true, ""fcf_margin"": true, ""roic"": true}, ""self_pct"": null, ""self_z"": null, ""median_ratio"": null, ""fcf_yield"": 0.042966630292698024, ""yield_threshold"": 0.0495, ""gs10"": 0.0495, ""residual_pct"": null, ""brake_values"": {""gm"": 1.0266217347841708, ""fcf_margin"": 1.2540256971073223, ""roic"": 1.1553878580943857}}",False,"{""floor"": false, ""mom_sector_pct"": 77.77777777777779, ""eps_rev_proxy"": null}"
KMB,55785,Kimberly-Clark,Consumer Staples,Household Products,Household and Personal Products,69.57152635181383,5.9986310746064335,375625159.3348849,-0.09990862552534108,-0.14504018898166116,-0.15299139852539423,10.0,0.34677418159080575,0.07325480715126438,0.11458444334209679,0.10069608305804625,0.21713934556905945,0.12199016177784343,0.11138809509333009,0.1486211422214273,5,9,False,-0.029872195796569856,-0.08185375224359281,-0.0804213673272477,False,0.3675672415872633,0.10185743577373055,0.1493788445302135,1.059961384382974,0.8889290099322714,1.2245155048015073,1.080464105039315,1.5384615384615385,-1.758135534728387,0.7350523247506024,260.0,,98.7699966430664,332579038.0,32848830466.814255,38927830466.814255,7829000000.0,6079000000.0,3333000000.0,1513000000.0,131000000.0,725000000.0,5955000000.0,16582000000.0,2514000000.0,1820000000.0,1689000000.0,2477000000.0,3239000000.0,1955000000.0,2013638058.4375381,0.1990302074631909,0.25720245988472834,15.48441943787361,23.04785699633763,0.043387981804941904,15.715716781111931,0.06363056893477863,16.802470827014965,0.9309462915601023,1.838530410620562,1831000000.0,40000000.0,0.23898326733937922,4.0,0.23804813013697432,0.22567360919888824,51.153846153846146,0.019965076082705337,1.003869210445018,260.0,"['rev_cagr5 gate', 'fcf_cagr5 gate']",False,1.0,sector,Consumer Staples,83.33333333333334,59.25925925925925,25.0,27.083333333333332,55.55555555555556,20.833333333333336,56.0,74.07407407407408,7.4074074074074066,1.0,23.641695300435217,"{'profitability': 70.1, 'growth': 0.0, 'balance': 38.7, 'stability': 59.6}",53.28116995519415,False,-0.17368046376526403,27.41946758533308,,38.46143262781469,,False,"{""floor"": false, ""depressed_arms"": {""self_pct"": false, ""self_z"": false, ""median_ratio"": false}, ""yield_arm"": false, ""residual_arm"": false, ""brakes"": {""gm"": true, ""fcf_margin"": false, ""roic"": true}, ""self_pct"": 51.153846153846146, ""self_z"": 0.019965076082705337, ""median_ratio"": 1.003869210445018, ""fcf_yield"": 0.043387981804941904, ""yield_threshold"": 0.0495, ""gs10"": 0.0495, ""residual_pct"": null, ""brake_values"": {""gm"": 1.059961384382974, ""fcf_margin"": 0.8889290099322714, ""roic"": 1.080464105039315}}",False,"{""floor"": false, ""mom_sector_pct"": 7.4074074074074066, ""eps_rev_proxy"": null}"
GD,40533,General Dynamics,Industrials,Aerospace & Defense,Capital Goods,69.57152635181383,5.9986310746064335,374338325.24861264,0.06434518482554452,-0.15569254461378002,-0.01037431101983255,10.0,,,0.07778792618250824,0.08374146725201106,0.07862697280855324,0.08196257563854983,0.08710910083443812,0.09205818333787459,8,9,False,0.06740547524230567,0.06489670198718422,0.066773781532812,False,,0.11148899791852512,0.11812369907820398,,1.4332429644280074,1.4411906673006787,1.1235188424844258,15.0,-0.7077193113150677,0.7095426129854608,260.0,gm_derived,334.1600036621094,270430187.0,90366952278.26492,96936952278.26492,32649000000.0,6570000000.0,7423000000.0,1222000000.0,202000000.0,865000000.0,6570000000.0,53808000000.0,5508000000.0,6201000000.0,5999000000.0,6356000000.0,6373000000.0,4341000000.0,4535323975.720789,0.17659332321699545,0.1389115738834509,17.599301430331323,16.15885185501999,0.06188558500146995,15.251251145101467,0.06556839111007551,20.817081842493646,1.4284727021423635,1.0309116585595481,20956000000.0,1328000000.0,0.6825323899660021,7.0,0.12363973671885838,0.12014230956715646,18.076923076923077,-0.7384060339117818,0.7040072588163131,260.0,[],True,0.9,ig,Capital Goods,37.83783783783784,36.58536585365854,,54.87804878048781,64.28571428571429,79.48717948717949,67.56756756756756,73.17073170731707,50.0,1.0,47.99245157479929,"{'profitability': 46.8, 'growth': 55.1, 'balance': 65.6, 'stability': 87.4}",68.94242692752972,False,-0.5417128916531211,27.776237629378546,,58.46743925116451,,False,"{""floor"": false, ""depressed_arms"": {""self_pct"": true, ""self_z"": false, ""median_ratio"": true}, ""yield_arm"": true, ""residual_arm"": false, ""brakes"": {""gm"": false, ""fcf_margin"": true, ""roic"": true}, ""self_pct"": 18.076923076923077, ""self_z"": -0.7384060339117818, ""median_ratio"": 0.7040072588163131, ""fcf_yield"": 0.06188558500146995, ""yield_threshold"": 0.0495, ""gs10"": 0.0495, ""residual_pct"": null, ""brake_values"": {""gm"": null, ""fcf_margin"": 1.4332429644280074, ""roic"": 1.1235188424844258}}",False,"{""floor"": false, ""mom_sector_pct"": 50.0, ""eps_rev_proxy"": null}"
CHTR,1091667,Charter Communications,Communication Services,Cable & Satellite,Media and Entertainment,10.056125941136209,5.9986310746064335,371344120.826692,-0.4571979565288281,-0.570696343911914,-0.6021570742448695,10.0,,,4.314533391456709,4.21259842519685,0.39759643355092417,5.79180532549616,5.426142401700319,0.11871341566820082,5,9,False,-0.041699278420998076,-0.091718672797517,0.08229749530423125,False,,7.285714285714286,13.841487279843443,,1.68864477909497,2.389839868911288,0.9770740688542587,0.38461538461538464,-2.3421276058125673,0.575945620774442,260.0,shares_was_proxy,111.4000015258789,120121017.0,13381481477.090126,114154481477.09012,117725000000.0,100773000000.0,16470000000.0,12112000000.0,635000000.0,8762000000.0,95824000000.0,511000000.0,12663000000.0,4358000000.0,3723000000.0,7073000000.0,21425000000.0,4924000000.0,9678222148.364796,0.23570858814145174,0.08221042385529663,9.014805455033573,30.661961181061002,0.032613699890066745,16.139471437450887,0.06195989774978299,2.7176038743074993,0.8850528025995126,4.472532088681447,29710000000.0,6882000000.0,0.3108260777235082,0.0,0.08413939789815383,0.08446107678707196,26.153846153846157,-0.41231231067736623,0.8394835386635169,260.0,"['rev_cagr5 gate', 'fcf_cagr5 gate']",False,0.9,ig,Media and Entertainment,25.0,100.0,,18.75,72.22222222222221,50.0,11.111111111111114,77.77777777777777,18.181818181818183,1.0,12.378861513359059,"{'profitability': 70.6, 'growth': 0.0, 'balance': 0.0, 'stability': 43.9}",59.33020925780017,False,-0.03595894101069819,31.784596253034874,,35.85453538557962,,False,"{""floor"": false, ""depressed_arms"": {""self_pct"": false, ""self_z"": false, ""median_ratio"": false}, ""yield_arm"": false, ""residual_arm"": false, ""brakes"": {""gm"": false, ""fcf_margin"": true, ""roic"": true}, ""self_pct"": 26.153846153846157, ""self_z"": -0.41231231067736623, ""median_ratio"": 0.8394835386635169, ""fcf_yield"": 0.032613699890066745, ""yield_threshold"": 0.0495, ""gs10"": 0.0495, ""residual_pct"": null, ""brake_values"": {""gm"": null, ""fcf_margin"": 1.68864477909497, ""roic"": 0.9770740688542587}}",False,"{""floor"": false, ""mom_sector_pct"": 18.181818181818183, ""eps_rev_proxy"": null}"
CARR,1783180,Carrier Global,Industrials,Building Products,Capital Goods,6.48870636550308,5.9986310746064335,367707135.4780177,0.016401588230362973,-0.23806347646302528,-0.048964050921189606,8.0,0.2623094391214494,0.03839485134879538,0.07345111941520929,0.0873720467666036,0.5150958130176503,0.05838010810957171,0.07739472466450717,0.8891258391260732,3,7,False,0.04493896559222432,0.08976364718415653,-0.018498254744406917,False,,0.0737997256515775,0.03433927754915409,,1.0047460983459977,0.5882016779534534,0.4887988804630752,77.57847533632287,0.6150762229743694,1.9599042934257258,223.0,gm_derived,55.869998931884766,830580423.0,46404527345.8544,58097527345.8544,25494000000.0,11693000000.0,2109000000.0,423000000.0,72000000.0,1286000000.0,11344000000.0,21870000000.0,1802000000.0,1686000000.0,1614000000.0,751000000.0,3088000000.0,1310000000.0,1760122535.2112677,0.02323943661971831,0.06904065800624726,32.24058121301576,35.995989681446346,0.027780872504123335,77.36022283069828,0.012926539808300263,35.423303317446106,1.2870229007633587,3.673575129533679,15313000000.0,5987000000.0,0.835490703694987,4.0,0.14124553219279054,0.12639183859223302,44.57831325301205,-0.03431589125670117,0.9645626189266288,249.0,[],True,1.0,ig,Capital Goods,51.35135135135135,29.268292682926827,28.125,37.80487804878049,15.476190476190476,64.1025641025641,8.108108108108098,19.51219512195121,39.0625,1.0,12.625905348380801,"{'profitability': 32.0, 'growth': 56.1, 'balance': 0.0, 'stability': 42.6}",34.78366496867343,False,0.2563803174763386,27.85541040645422,,23.704785158527116,,False,"{""floor"": false, ""depressed_arms"": {""self_pct"": false, ""self_z"": false, ""median_ratio"": false}, ""yield_arm"": false, ""residual_arm"": false, ""brakes"": {""gm"": false, ""fcf_margin"": true, ""roic"": false}, ""self_pct"": 44.57831325301205, ""self_z"": -0.03431589125670117, ""median_ratio"": 0.9645626189266288, ""fcf_yield"": 0.027780872504123335, ""yield_threshold"": 0.0495, ""gs10"": 0.0495, ""residual_pct"": null, ""brake_values"": {""gm"": null, ""fcf_margin"": 1.0047460983459977, ""roic"": 0.4887988804630752}}",False,"{""floor"": false, ""mom_sector_pct"": 39.0625, ""eps_rev_proxy"": null}"
DXCM,1093557,Dexcom,Health Care,Health Care Equipment,Health Care Equipment and Services,6.381930184804928,5.9986310746064335,361782090.20258814,0.31096193176943454,-0.06129517280901531,0.2927665378070903,10.0,0.6341916612389081,0.049219502726604226,0.0894685044055907,0.09968804350826822,0.6645102551449527,0.14186915265834052,0.133033198157949,0.5192382343732566,9,9,False,0.19330547815255028,0.31246833350776404,0.28913611778157544,False,0.6247283264911857,0.2500603718908476,0.26607904692908313,0.9850781154560821,2.794954197034972,1.8755243260659615,2.054392579181702,13.076923076923078,-0.9270170981622077,0.42499599867965243,260.0,,86.68000030517578,377360765.0,32709631225.361366,31769831225.361366,1681600000.0,-939800000.0,1748700000.0,343700000.0,162400000.0,264100000.0,-939800000.0,4969200000.0,1139100000.0,1405000000.0,1242600000.0,1322200000.0,1403200000.0,999700000.0,889654898.4375,0.218984375,0.5290526275199215,27.89029165601033,25.567222940094453,0.039112577941806996,24.028007279807415,0.041618099593318206,32.71944705947921,1.4054216264879464,-0.6697548460661346,24100000.0,70800000.0,0.05643434823977165,7.0,0.25752265310978284,0.2728602777404583,10.300429184549357,-0.4435290535572654,0.26689361021814845,233.0,[],True,1.0,ig,Health Care Equipment and Services,85.18518518518519,34.48275862068966,59.09090909090909,76.78571428571429,58.333333333333336,65.51724137931035,81.48148148148148,20.0,71.42857142857143,1.0,61.651194718026545,"{'profitability': 69.9, 'growth': 100.0, 'balance': 100.0, 'stability': 70.1}",48.201858488925076,True,-0.012344037190354484,25.884781636771667,39.189189189189186,54.92652660347581,15.0,False,"{""floor"": true, ""depressed_arms"": {""self_pct"": true, ""self_z"": false, ""median_ratio"": true}, ""yield_arm"": false, ""residual_arm"": false, ""brakes"": {""gm"": true, ""fcf_margin"": true, ""roic"": true}, ""self_pct"": 10.300429184549357, ""self_z"": -0.4435290535572654, ""median_ratio"": 0.26689361021814845, ""fcf_yield"": 0.039112577941806996, ""yield_threshold"": 0.0495, ""gs10"": 0.0495, ""residual_pct"": 39.189189189189186, ""brake_values"": {""gm"": 0.9850781154560821, ""fcf_margin"": 2.794954197034972, ""roic"": 2.054392579181702}}",False,"{""floor"": true, ""mom_sector_pct"": 71.42857142857143, ""eps_rev_proxy"": 15.0}"
TPR,1116132,"Tapestry, Inc.",Consumer Discretionary,"Apparel, Accessories & Luxury Goods",Consumer Durables and Apparel,22.075290896646134,5.9986310746064335,356866289.05555844,0.07651279747755568,-0.29859535282307703,-7.880957200079308e-05,10.0,0.7338186643650635,0.040987891255076674,0.14513857895101032,0.14358052690886788,0.33844371436159504,0.1391961870252844,0.13784643473547578,0.39258897281885374,7,9,False,0.06852804969049076,0.08458548952073475,0.10517268919803402,False,0.7782164363709053,0.2133879713150596,0.21403763024412184,1.060502374989681,1.470236052036075,1.537668773967514,1.9394583644217729,43.46153846153846,-0.1733881038125855,0.9216205197941234,260.0,,113.44999694824219,199391678.0,22620985260.60489,25439585260.60489,3510700000.0,2818600000.0,1978500000.0,166000000.0,104500000.0,160800000.0,2818600000.0,8004200000.0,1914400000.0,1812500000.0,1708000000.0,1713200000.0,2075200000.0,1527700000.0,1571874062.1304955,0.17892077824357733,0.44773807563463003,13.288542238092816,14.894370761478273,0.06713945933092574,14.849162538293772,0.06734386517900585,14.80721690162001,1.1864240361327485,1.358230531996916,957700000.0,716500000.0,0.4768849517190304,5.0,0.23085727636546505,0.20317811414335157,49.23076923076923,-0.022609057336133994,0.9899511956805804,260.0,[],True,1.0,ig,Consumer Durables and Apparel,87.5,80.0,100.0,38.88888888888889,70.0,55.55555555555556,20.0,66.66666666666667,54.54545454545454,1.0,45.50090905773695,"{'profitability': 78.7, 'growth': 63.8, 'balance': 54.7, 'stability': 67.9}",58.86524205459688,False,-0.6590630930579264,28.790527689759077,,52.18307555616691,,False,"{""floor"": false, ""depressed_arms"": {""self_pct"": false, ""self_z"": false, ""median_ratio"": false}, ""yield_arm"": true, ""residual_arm"": false, ""brakes"": {""gm"": true, ""fcf_margin"": true, ""roic"": true}, ""self_pct"": 49.23076923076923, ""self_z"": -0.022609057336133994, ""median_ratio"": 0.9899511956805804, ""fcf_yield"": 0.06713945933092574, ""yield_threshold"": 0.0495, ""gs10"": 0.0495, ""residual_pct"": null, ""brake_values"": {""gm"": 1.060502374989681, ""fcf_margin"": 1.470236052036075, ""roic"": 1.9394583644217729}}",False,"{""floor"": false, ""mom_sector_pct"": 54.54545454545454, ""eps_rev_proxy"": null}"
HAL,45012,Halliburton,Energy,Oil & Gas Equipment & Services,Energy,69.57152635181383,5.9986310746064335,352658859.9106944,0.555763182520058,-0.21649638266892024,0.361030507128683,9.0,,,,,0.2915042420724589,0.08779473359175705,0.08068878470970069,0.3597912517020693,5,9,False,0.08959339537251054,0.07716291557214183,,False,,0.07710186385375228,0.07079962454744558,,,0.8064222266071422,0.7718720275232221,56.53846153846154,0.14443981789245855,1.0983868216520072,260.0,sbc_unreported;gm_derived,32.43000030517578,833130367.0,27018418056.06121,33481418056.06121,17473000000.0,6463000000.0,2750000000.0,1025000000.0,,1166000000.0,6421000000.0,22373000000.0,2559000000.0,1725000000.0,1725000000.0,1584000000.0,3725000000.0,1602000000.0,1975346909.4393868,0.22807858169621467,0.11305138839577558,13.083789783533103,19.409517713658673,0.05152111529779485,21.137258873776016,0.04730982413432292,16.86542949816555,1.0767790262172285,1.723758389261745,3020000000.0,,0.1728380930578607,5.0,0.14646390122276373,0.14040666459845066,42.69230769230769,-0.10498917238735599,0.9377305606222683,260.0,[],True,0.8,ig,Energy,63.63636363636363,,,90.9090909090909,72.72727272727273,70.0,27.272727272727266,45.45454545454546,63.63636363636363,1.0,26.01861779907666,"{'profitability': 43.7, 'growth': 69.5, 'balance': 42.5, 'stability': 50.9}",50.45440035336167,False,0.003720430410723896,19.33744011668026,,38.236509076219164,,False,"{""floor"": false, ""depressed_arms"": {""self_pct"": false, ""self_z"": false, ""median_ratio"": false}, ""yield_arm"": true, ""residual_arm"": false, ""brakes"": {""gm"": false, ""fcf_margin"": false, ""roic"": false}, ""self_pct"": 42.69230769230769, ""self_z"": -0.10498917238735599, ""median_ratio"": 0.9377305606222683, ""fcf_yield"": 0.05152111529779485, ""yield_threshold"": 0.0495, ""gs10"": 0.0495, ""residual_pct"": null, ""brake_values"": {""gm"": null, ""fcf_margin"": null, ""roic"": 0.7718720275232221}}",False,"{""floor"": false, ""mom_sector_pct"": 63.63636363636363, ""eps_rev_proxy"": null}"
NSC,702165,Norfolk Southern,Industrials,Rail Transportation,Transportation,69.57152635181383,5.9986310746064335,350873943.5229558,0.1169981837486791,-0.10740765652549478,0.06136185532855687,10.0,,,0.16267952915802913,0.1770935960591133,0.3349688981010178,0.22648182573995249,0.23546488819144762,0.16166143898365332,5,9,False,0.044676419652051935,0.0013031785833279574,0.03632848470094219,False,,0.13006379585326955,0.1850877192982456,,0.7995092961384452,0.8172298977789247,0.8924957161320612,88.46153846153845,1.562567340042664,1.3859403864841304,260.0,sbc_unreported,313.04998779296875,224608373.0,70313648425.84857,80607648425.84857,26547000000.0,10294000000.0,3732000000.0,2101000000.0,,1411000000.0,10294000000.0,12540000000.0,4036000000.0,1631000000.0,1631000000.0,2321000000.0,5447000000.0,2636000000.0,3163513529.5866785,0.21617603330359797,0.11916651710500917,19.97216264267804,49.422224663303844,0.020233811950243978,34.729706344613774,0.028793793707244802,26.674373454419033,0.6187405159332322,1.88984762254452,,,0.0,6.0,0.1335205479993321,0.1345420065213395,68.84615384615384,0.43780755164823804,1.4071201266847986,260.0,[],True,0.9,ig,Transportation,36.36363636363637,77.77777777777779,,22.727272727272727,77.27272727272727,9.090909090909092,33.33333333333334,36.36363636363637,56.25,1.0,18.817269754467137,"{'profitability': 55.8, 'growth': 19.2, 'balance': 37.0, 'stability': 48.0}",29.745191940972614,False,0.6261700361980531,26.4228767582896,,24.281230847719875,,False,"{""floor"": false, ""depressed_arms"": {""self_pct"": false, ""self_z"": false, ""median_ratio"": false}, ""yield_arm"": false, ""residual_arm"": false, ""brakes"": {""gm"": false, ""fcf_margin"": false, ""roic"": false}, ""self_pct"": 68.84615384615384, ""self_z"": 0.43780755164823804, ""median_ratio"": 1.4071201266847986, ""fcf_yield"": 0.020233811950243978, ""yield_threshold"": 0.0495, ""gs10"": 0.0495, ""residual_pct"": null, ""brake_values"": {""gm"": null, ""fcf_margin"": 0.7995092961384452, ""roic"": 0.8924957161320612}}",False,"{""floor"": false, ""mom_sector_pct"": 56.25, ""eps_rev_proxy"": null}"
YUM,1041061,Yum! Brands,Consumer Discretionary,Restaurants,Consumer Services,28.980150581793293,5.9986310746064335,348501402.0093121,0.014440371724655732,-0.16949771679454595,-0.06453424017957998,9.0,0.7298263084733565,0.02613959142766898,0.18254109599548318,0.18055371572393694,0.11676701120753127,0.19835463402640796,0.19149236856981344,0.12169571447002071,6,9,False,0.07763207419433016,0.07437202978281343,0.10302388113102201,False,0.6812657647328595,0.18470534281128181,0.20396698005044714,0.9334628757874247,1.0118562168370688,1.028294504192385,-2.4223898574231817,20.0,-0.8278201331601103,0.9336870719499254,260.0,gm_derived,138.27999877929688,272901085.0,37736761700.66879,47031761700.66879,2188000000.0,9295000000.0,2083000000.0,404000000.0,68000000.0,236000000.0,9229000000.0,8722000000.0,2703000000.0,1679000000.0,1611000000.0,1779000000.0,2939000000.0,2216000000.0,2172441587.790231,0.19628502116528623,0.992889208313634,17.399837847084275,29.194141341197263,0.03425344792000618,26.437190388234285,0.03782550207926195,17.029224594164617,0.7576714801444043,3.1401837359646136,716000000.0,807000000.0,0.6960694698354661,0.0,-0.40988002210751506,-0.42271515920535374,22.30769230769231,-0.5948623937341516,0.9431508734651074,260.0,[],True,1.0,ig,Consumer Services,16.666666666666664,92.3076923076923,100.0,11.538461538461538,50.0,23.076923076923077,44.44444444444444,46.15384615384615,51.515151515151516,1.0,25.04381627016207,"{'profitability': 36.1, 'growth': 63.3, 'balance': 0.0, 'stability': 74.9}",51.86686907321953,False,,,,38.4553426716908,,False,"{""floor"": false, ""depressed_arms"": {""self_pct"": false, ""self_z"": false, ""median_ratio"": false}, ""yield_arm"": false, ""residual_arm"": false, ""brakes"": {""gm"": false, ""fcf_margin"": true, ""roic"": false}, ""self_pct"": 22.30769230769231, ""self_z"": -0.5948623937341516, ""median_ratio"": 0.9431508734651074, ""fcf_yield"": 0.03425344792000618, ""yield_threshold"": 0.0495, ""gs10"": 0.0495, ""residual_pct"": null, ""brake_values"": {""gm"": 0.9334628757874247, ""fcf_margin"": 1.0118562168370688, ""roic"": -2.4223898574231817}}",False,"{""floor"": false, ""mom_sector_pct"": 51.515151515151516, ""eps_rev_proxy"": null}"
FICO,814547,Fair Isaac,Information Technology,Application Software,Software and Services,3.5290896646132786,5.9986310746064335,345961293.1983624,-0.49625266935017087,-0.5442281089495646,-0.5456245083860882,10.0,0.7884302155000654,0.031081700435860518,0.26441342845974425,0.2763515661480525,0.22908115263801804,0.2570234255226193,0.2712830454449745,0.2768567424887982,9,9,False,0.08989325752163668,0.1755600958063408,0.20311963527135402,False,0.8509956863687163,0.34330823141117367,0.3388721890895418,1.0793544813968963,1.298376687640283,1.3184486526879606,1.5246749022878094,0.38461538461538464,-1.4013471768400245,0.4313975123843626,260.0,gm_derived,840.8900146484375,21597635.0,18161235611.521606,23527623611.521606,1269253000.0,5366388000.0,1001549000.0,5526000.0,174289000.0,16144000.0,5366388000.0,2393575000.0,1236298000.0,996023000.0,821734000.0,811116000.0,1252442000.0,815017000.0,946037648.9477766,0.23478186574128843,0.74534994122352,19.030705874733766,28.63167839169562,0.03492634928066396,29.00648441347675,0.03447504998349226,22.283259872519967,1.222088619010401,4.284739732458669,791815000.0,0.0,0.6238433157140459,7.0,0.48885827405245896,0.4628606525818475,0.38461538461538464,-1.3464800916987965,0.4382704306510095,260.0,[],True,1.0,ig,Software and Services,89.47368421052632,81.81818181818183,55.55555555555556,80.0,63.63636363636363,23.809523809523807,0.0,68.18181818181819,3.389830508474576,1.0,56.591124365535194,"{'profitability': 100.0, 'growth': 87.5, 'balance': 0.0, 'stability': 85.4}",69.82606726002123,False,-0.16174421550899787,33.658241905659594,,63.20859581277821,,False,"{""floor"": false, ""depressed_arms"": {""self_pct"": true, ""self_z"": true, ""median_ratio"": true}, ""yield_arm"": false, ""residual_arm"": false, ""brakes"": {""gm"": true, ""fcf_margin"": true, ""roic"": true}, ""self_pct"": 0.38461538461538464, ""self_z"": -1.3464800916987965, ""median_ratio"": 0.4382704306510095, ""fcf_yield"": 0.03492634928066396, ""yield_threshold"": 0.0495, ""gs10"": 0.0495, ""residual_pct"": null, ""brake_values"": {""gm"": 1.0793544813968963, ""fcf_margin"": 1.298376687640283, ""roic"": 1.5246749022878094}}",False,"{""floor"": false, ""mom_sector_pct"": 3.389830508474576, ""eps_rev_proxy"": null}"
EQT,33213,EQT Corporation,Energy,Oil & Gas Exploration & Production,Energy,3.9890485968514717,5.9986310746064335,344279525.72002536,-0.0037418018278542187,-0.2573296336310842,-0.0994490315808515,9.0,0.7158915877091989,0.08492974253602878,0.18301839434077882,0.16065875969380466,0.6070538951430415,0.16221704033317605,0.2021840451833086,0.7327384028999501,5,9,False,0.26673595375868553,0.4177006151182334,,False,0.8374337384448007,0.3863223019934941,0.3640140790270445,1.1697773138032364,2.110838658513007,2.243994085204609,1.1557025688113116,32.900432900432904,-0.43441933032212915,0.5428610475163687,231.0,gm_derived,49.869998931884766,625516000.0,31194482251.87683,40807320251.87683,34871714000.0,9612838000.0,6246145000.0,2487812000.0,74627000.0,2700528000.0,6008317000.0,9535318000.0,4049329000.0,3758333000.0,3683706000.0,3470990000.0,6749857000.0,2711615000.0,3147924314.952893,0.22260593916846647,0.09027156838212463,10.077551182400054,11.07778966396255,0.09027071557904068,11.756680443296244,0.08505802337854715,11.504023341026226,1.3860127636113533,0.8901398948155494,2062462000.0,193100000.0,0.06468170735743015,1.0,0.07810968913478553,0.08140954768869922,25.30612244897959,-0.04824319885831661,0.5927399628106479,245.0,[],True,1.0,ig,Energy,18.181818181818183,100.0,100.0,27.27272727272727,72.72727272727273,90.0,45.45454545454546,63.63636363636363,18.181818181818183,1.0,31.925914189779512,"{'profitability': 52.5, 'growth': 100.0, 'balance': 70.3, 'stability': 44.3}",72.55510248802554,False,-0.5436598455128974,19.07926261230418,,52.24050833890253,,False,"{""floor"": false, ""depressed_arms"": {""self_pct"": false, ""self_z"": false, ""median_ratio"": true}, ""yield_arm"": true, ""residual_arm"": false, ""brakes"": {""gm"": true, ""fcf_margin"": true, ""roic"": true}, ""self_pct"": 25.30612244897959, ""self_z"": -0.04824319885831661, ""median_ratio"": 0.5927399628106479, ""fcf_yield"": 0.09027071557904068, ""yield_threshold"": 0.0495, ""gs10"": 0.0495, ""residual_pct"": null, ""brake_values"": {""gm"": 1.1697773138032364, ""fcf_margin"": 2.110838658513007, ""roic"": 1.1557025688113116}}",False,"{""floor"": false, ""mom_sector_pct"": 18.181818181818183, ""eps_rev_proxy"": null}"
FAST,815556,Fastenal,Industrials,Trading Companies & Distributors,Capital Goods,18.036960985626283,5.9986310746064335,339518521.15801996,0.05842512567755498,-0.026041637155622244,0.07741709709675804,10.0,0.45604882678986564,0.010740026583842295,0.12640090375033794,0.12441028359395706,0.24120790474902407,0.12869548647266832,0.13118208322289954,0.2514467744639874,9,9,False,0.07745687030729775,0.023872804151259475,0.034880002371733054,False,0.4470135094977941,0.13102612750588613,0.13830662674011932,0.9801878291066524,1.0365916984635153,1.0746812536389314,1.0544623541883251,91.92307692307692,2.0573205164014112,1.9259567732142955,260.0,,50.4900016784668,1147497573.0,57937154386.80658,58146760386.80658,4278406000.0,209606000.0,1399200000.0,243300000.0,9500000.0,179600000.0,209606000.0,8749400000.0,1775100000.0,1155900000.0,1146400000.0,1210100000.0,1954700000.0,1352100000.0,1351719255.4629421,0.23851092588420816,0.3159399214246946,32.75689278733963,50.72117968144328,0.019715629768087932,48.051202699617036,0.020811133620344736,42.84975548170001,0.8548923896161527,0.10723180027625723,,,0.0,7.0,0.29962181216786077,0.30168585872621995,91.53846153846153,1.9874766671159216,2.270805596644801,260.0,[],True,1.0,ig,Capital Goods,89.1891891891892,70.73170731707317,87.5,54.87804878048781,64.28571428571429,25.64102564102564,86.48648648648648,17.07317073170732,46.875,1.0,62.14948389495933,"{'profitability': 74.9, 'growth': 42.2, 'balance': 96.4, 'stability': 86.9}",14.270682703130063,True,0.583237841689153,28.30690384089604,74.32432432432432,38.2100832990447,2.0,False,"{""floor"": true, ""depressed_arms"": {""self_pct"": false, ""self_z"": false, ""median_ratio"": false}, ""yield_arm"": false, ""residual_arm"": false, ""brakes"": {""gm"": true, ""fcf_margin"": true, ""roic"": true}, ""self_pct"": 91.53846153846153, ""self_z"": 1.9874766671159216, ""median_ratio"": 2.270805596644801, ""fcf_yield"": 0.019715629768087932, ""yield_threshold"": 0.0495, ""gs10"": 0.0495, ""residual_pct"": 74.32432432432432, ""brake_values"": {""gm"": 0.9801878291066524, ""fcf_margin"": 1.0365916984635153, ""roic"": 1.0544623541883251}}",False,"{""floor"": true, ""mom_sector_pct"": 46.875, ""eps_rev_proxy"": 2.0}"
KDP,1418135,Keurig Dr Pepper,Consumer Staples,Soft Drinks & Non-alcoholic Beverages,Food Beverage and Tobacco,4.27378507871321,5.9986310746064335,330329614.2985946,0.2920350542726611,-0.058083902777761875,0.24723600595923245,11.0,0.5428192640639168,0.021830910100845466,0.11976218223395219,0.10149175949449547,0.3335401210434496,0.11251242293474224,0.10201289818252883,0.3714618791287085,9,10,False,0.07401671198285564,-0.0548108666739644,-0.07058667963172871,False,0.49392732702837233,0.09238427078148333,0.08073668491786959,0.9099296206448055,0.7713976904747206,0.7175801819208645,0.7086703368284221,67.3076923076923,0.5866936515300512,1.2609932843372464,260.0,,31.459999084472656,1360826038.0,42811585909.60655,77657585909.60655,59878000000.0,34846000000.0,2527000000.0,557000000.0,114000000.0,791000000.0,30650000000.0,20090000000.0,3260000000.0,1970000000.0,1856000000.0,1622000000.0,4051000000.0,1427000000.0,2472704211.0603757,0.24150177574835108,0.041295704784067196,23.821345371044956,41.841371718538014,0.023899790062498007,47.87767318718036,0.020886562220566687,30.001111359219728,1.3805185704274703,7.566033078252284,29760000000.0,38113000000.0,1.1335214937038645,2.0,0.05827209442528904,0.058893988089081487,67.3076923076923,0.36533643471572635,1.1663787902372653,260.0,['fcf_cagr5 gate'],False,1.0,ig,Food Beverage and Tobacco,18.181818181818183,50.0,71.42857142857143,18.181818181818183,100.0,69.23076923076923,0.0,21.42857142857143,81.48148148148148,1.0,15.81608606490749,"{'profitability': 28.8, 'growth': 30.8, 'balance': 0.0, 'stability': 76.1}",27.385742489874026,False,0.758372868874746,19.59967011454766,,21.600914277390757,,False,"{""floor"": false, ""depressed_arms"": {""self_pct"": false, ""self_z"": false, ""median_ratio"": false}, ""yield_arm"": false, ""residual_arm"": false, ""brakes"": {""gm"": false, ""fcf_margin"": false, ""roic"": false}, ""self_pct"": 67.3076923076923, ""self_z"": 0.36533643471572635, ""median_ratio"": 1.1663787902372653, ""fcf_yield"": 0.023899790062498007, ""yield_threshold"": 0.0495, ""gs10"": 0.0495, ""residual_pct"": null, ""brake_values"": {""gm"": 0.9099296206448055, ""fcf_margin"": 0.7713976904747206, ""roic"": 0.7086703368284221}}",False,"{""floor"": false, ""mom_sector_pct"": 81.48148148148148, ""eps_rev_proxy"": null}"
MLM,916076,Martin Marietta Materials,Materials,Construction Materials,Materials,12.243668720054757,5.9986310746064335,329794599.0576327,-0.18448347315609837,-0.28569101707167066,-0.22250515427432982,10.0,0.27487298422544315,0.10767696042187586,0.11783543538828958,0.12404876246767639,0.2336379484486437,0.1361723808866464,0.14623807841752032,0.292983570773367,6,9,False,0.053912684057572546,0.07213040966121098,0.11953645731518026,False,0.28154904306220097,0.11363636363636363,0.11692583732057417,1.024287795526978,0.9643649489808458,0.8586604461142999,0.6671446954227355,59.23076923076923,0.20934192434769655,1.0571912331464395,260.0,,490.7699890136719,60065839.0,29478511146.126984,36015511146.12698,18083000000.0,6537000000.0,1519000000.0,709000000.0,50000000.0,687000000.0,6535000000.0,6688000000.0,1318000000.0,810000000.0,760000000.0,782000000.0,2005000000.0,2457610000.0,1052014479.6380091,0.20180995475113123,0.05817698831156385,27.325880990991642,47.388830455430245,0.021102018986109226,46.05564085182479,0.021712866904128176,11.994788085223849,0.3295885026509495,3.2593516209476308,3959000000.0,459000000.0,0.24431786761046287,1.0,0.08720295418777192,0.07610998809376278,40.38461538461539,-0.08592425111356508,0.9747656456622479,260.0,[],True,1.0,ig,Materials,25.0,92.85714285714286,57.14285714285714,28.57142857142857,71.42857142857143,9.090909090909092,18.181818181818173,25.0,14.285714285714285,1.0,18.669386728094644,"{'profitability': 37.3, 'growth': 52.5, 'balance': 0.0, 'stability': 60.9}",36.04337165327958,False,0.5240722799294719,28.059135819422284,,27.35637919068711,,False,"{""floor"": false, ""depressed_arms"": {""self_pct"": false, ""self_z"": false, ""median_ratio"": false}, ""yield_arm"": false, ""residual_arm"": false, ""brakes"": {""gm"": true, ""fcf_margin"": true, ""roic"": false}, ""self_pct"": 40.38461538461539, ""self_z"": -0.08592425111356508, ""median_ratio"": 0.9747656456622479, ""fcf_yield"": 0.021102018986109226, ""yield_threshold"": 0.0495, ""gs10"": 0.0495, ""residual_pct"": null, ""brake_values"": {""gm"": 1.024287795526978, ""fcf_margin"": 0.9643649489808458, ""roic"": 0.6671446954227355}}",False,"{""floor"": false, ""mom_sector_pct"": 14.285714285714285, ""eps_rev_proxy"": null}"
ECL,31462,Ecolab,Materials,Specialty Chemicals,Materials,37.659137577002056,5.9986310746064335,325160256.2259836,0.018037168533064696,-0.08384844081940024,0.024213966290955513,10.0,0.4122314531465502,0.058994399159062974,0.09832274117298731,0.10440505454288429,0.19004241455634815,0.09168585194894763,0.09092570593073197,0.28901504256194954,7,9,False,0.0640436792245791,0.06789096606222178,0.1377524450097658,False,0.44113997328187615,0.1032328929790708,0.11222799465637524,1.0701269151460135,1.0499391264676465,1.2240492101100382,1.5469909008737963,23.46153846153846,-0.5810948376401422,0.8603011195658254,260.0,gm_derived,280.2300109863281,280328603.0,78556487498.47202,80178487498.47202,11677500000.0,1622000000.0,3056800000.0,1182300000.0,135800000.0,1030800000.0,1593100000.0,16842500000.0,2852100000.0,1874500000.0,1738700000.0,1890200000.0,3882900000.0,2116400000.0,2314043639.9589305,0.18865269802639084,0.19816258959185876,28.112088460598162,46.11404353739692,0.021685367911600164,42.41799148157445,0.023574902183531737,37.11797746100549,0.8857021357021357,0.41028612634886297,9419300000.0,3419100000.0,1.0994134018411474,7.0,0.1280955107621702,0.11975987834425743,54.230769230769226,0.09492278328106496,1.0166118350343234,260.0,[],True,1.0,ig,Materials,50.0,85.71428571428571,92.85714285714286,71.42857142857143,71.42857142857143,45.45454545454545,90.9090909090909,16.666666666666657,35.714285714285715,1.0,46.020402164907935,"{'profitability': 50.6, 'growth': 55.0, 'balance': 86.3, 'stability': 73.5}",28.356674203267282,False,0.4885816871778861,28.29077694369064,,37.188538184087605,,False,"{""floor"": false, ""depressed_arms"": {""self_pct"": false, ""self_z"": false, ""median_ratio"": false}, ""yield_arm"": false, ""residual_arm"": false, ""brakes"": {""gm"": true, ""fcf_margin"": true, ""roic"": true}, ""self_pct"": 54.230769230769226, ""self_z"": 0.09492278328106496, ""median_ratio"": 1.0166118350343234, ""fcf_yield"": 0.021685367911600164, ""yield_threshold"": 0.0495, ""gs10"": 0.0495, ""residual_pct"": null, ""brake_values"": {""gm"": 1.0701269151460135, ""fcf_margin"": 1.0499391264676465, ""roic"": 1.5469909008737963}}",False,"{""floor"": false, ""mom_sector_pct"": 35.714285714285715, ""eps_rev_proxy"": null}"
GWW,277135,W. W. Grainger,Industrials,Industrial Machinery & Supplies & Components,Capital Goods,45.24845995893224,5.9986310746064335,319742336.8615084,0.3960365211121435,-0.09811244394005492,0.3235200192687697,10.0,0.38501363649632897,0.03073839873086191,0.0735323418550858,0.07061643072121279,0.2713268723028499,0.08411296839854662,0.09034667261174897,0.2931040678990064,9,9,False,0.08747643442914854,,,False,0.39395065003979834,0.0765189705492173,0.09418944016980632,1.023212200026984,1.0406165317027087,1.119796887009326,0.9642691974591847,,,,,,1255.68994140625,47100942.0,59144179100.15918,61734179100.15918,6721000000.0,2590000000.0,2175000000.0,665000000.0,68000000.0,332000000.0,2208000000.0,18845000000.0,2745000000.0,1510000000.0,1442000000.0,1775000000.0,3077000000.0,1870000000.0,2025268156.424581,0.2621973929236499,0.3013343485232229,22.489682732298427,42.811497295533414,0.023358211302372072,34.779819211357285,0.028752305868037748,31.627903262117208,0.8074866310160428,0.7175820604484888,354000000.0,288000000.0,0.09552149977681892,10.0,0.31250023262925775,0.3254863215931069,81.15384615384616,1.2343234542430432,1.2188443483149782,260.0,['fcf_cagr5 gate'],False,1.0,ig,Capital Goods,91.8918918918919,31.70731707317073,68.75,87.8048780487805,64.28571428571429,15.384615384615385,81.08108108108108,48.78048780487805,85.9375,1.0,58.63746434067693,"{'profitability': 64.1, 'growth': 72.9, 'balance': 76.1, 'stability': 83.4}",29.471396966217583,False,0.41280119223354816,28.332385170179855,,44.054430653447255,,False,"{""floor"": false, ""depressed_arms"": {""self_pct"": false, ""self_z"": false, ""median_ratio"": false}, ""yield_arm"": false, ""residual_arm"": false, ""brakes"": {""gm"": true, ""fcf_margin"": true, ""roic"": true}, ""self_pct"": 81.15384615384616, ""self_z"": 1.2343234542430432, ""median_ratio"": 1.2188443483149782, ""fcf_yield"": 0.023358211302372072, ""yield_threshold"": 0.0495, ""gs10"": 0.0495, ""residual_pct"": null, ""brake_values"": {""gm"": 1.023212200026984, ""fcf_margin"": 1.0406165317027087, ""roic"": 0.9642691974591847}}",False,"{""floor"": false, ""mom_sector_pct"": 85.9375, ""eps_rev_proxy"": null}"
JBL,898293,Jabil,Information Technology,Electronic Manufacturing Services,Technology Hardware and Equipment,2.7816563997262147,5.9986310746064335,318889522.39456505,0.5386389441997663,-0.1710438708222013,0.5800563339396112,7.0,0.08464506764772181,0.062153577068021645,,,0.5350708829097841,0.026355255314265073,0.023341594144429715,0.20462466395087145,8,9,False,0.01794613089068231,,,False,0.09225960107174755,0.03888061923191426,0.03453408752604942,1.089958383112364,,1.310330221212369,0.8919975841394582,81.92307692307692,1.3128961510906016,1.5092651431035544,260.0,sbc_unreported,318.92999267578125,104787089.0,33419745527.286438,36323145527.28644,4226400000.0,2903400000.0,1857000000.0,551000000.0,,697000000.0,2899400000.0,33590000000.0,1439000000.0,1306000000.0,1306000000.0,1160000000.0,2136000000.0,862000000.0,1063501287.553648,0.2609442060085837,0.2516328997618891,25.241935738211563,27.81251571767721,0.035955035860507044,31.313056489040033,0.03193556018237992,38.770006412165245,1.5150812064965198,1.3573970037453182,1228000000.0,627000000.0,0.43890781752791974,9.0,0.2821004274407854,0.23952776036879278,63.46153846153846,0.121064200830135,1.143993233672398,260.0,['fcf_cagr5 gate'],False,0.9,ig,Technology Hardware and Equipment,66.66666666666666,,10.0,61.904761904761905,9.523809523809524,85.71428571428571,35.0,61.904761904761905,72.88135593220339,1.0,27.835348583490738,"{'profitability': 57.8, 'growth': 15.0, 'balance': 54.8, 'stability': 63.2}",43.82602443596366,False,-0.2544315884405428,35.870589060277155,,35.8306865097272,,False,"{""floor"": false, ""depressed_arms"": {""self_pct"": false, ""self_z"": false, ""median_ratio"": false}, ""yield_arm"": false, ""residual_arm"": false, ""brakes"": {""gm"": true, ""fcf_margin"": false, ""roic"": false}, ""self_pct"": 63.46153846153846, ""self_z"": 0.121064200830135, ""median_ratio"": 1.143993233672398, ""fcf_yield"": 0.035955035860507044, ""yield_threshold"": 0.0495, ""gs10"": 0.0495, ""residual_pct"": null, ""brake_values"": {""gm"": 1.089958383112364, ""fcf_margin"": null, ""roic"": 0.8919975841394582}}",False,"{""floor"": false, ""mom_sector_pct"": 72.88135593220339, ""eps_rev_proxy"": null}"
KMI,1506307,Kinder Morgan,Energy,Oil & Gas Storage & Transportation,Energy,14.346338124572211,5.9986310746064335,317544866.4280366,0.1476559787738645,-0.08504602248519488,0.11951280553351862,10.0,,,,,0.17402457470255972,0.231313038682341,0.22786475463754768,0.13619847775554514,4,9,False,0.08527968679767972,0.0033541386493711745,0.07741120732456874,False,,0.19394460480255482,0.250383835902475,,,1.0824458375920765,1.2291928368168543,62.69230769230769,0.5457332877471065,1.100927654693168,260.0,sbc_unreported;gm_derived,30.6299991607666,2226802089.0,68206946117.26331,101830946117.2633,65255000000.0,33624000000.0,6557000000.0,3399000000.0,,2480000000.0,32376000000.0,16283000000.0,5217000000.0,3158000000.0,3158000000.0,4077000000.0,7697000000.0,3467000000.0,4050606785.558939,0.22357546759460636,0.06207350832210465,19.51906193545396,32.24539142408591,0.031012183627984843,24.97693061497751,0.040036945108072895,19.673188957964612,0.9108739544274589,4.206314148369494,20084000000.0,1872000000.0,0.33646463872500193,0.0,0.050499406165473285,0.0516922231007157,72.3076923076923,1.7263296879831107,1.6298109532612979,260.0,[],True,0.8,ig,Energy,9.090909090909092,,,9.090909090909092,95.45454545454545,40.0,9.090909090909093,9.090909090909093,27.27272727272727,1.0,16.314420856184977,"{'profitability': 51.7, 'growth': 36.9, 'balance': 0.0, 'stability': 51.4}",23.945821432689456,False,0.5340982250722526,18.90217332847772,,20.13012114443722,,False,"{""floor"": false, ""depressed_arms"": {""self_pct"": false, ""self_z"": false, ""median_ratio"": false}, ""yield_arm"": false, ""residual_arm"": false, ""brakes"": {""gm"": false, ""fcf_margin"": false, ""roic"": true}, ""self_pct"": 72.3076923076923, ""self_z"": 1.7263296879831107, ""median_ratio"": 1.6298109532612979, ""fcf_yield"": 0.031012183627984843, ""yield_threshold"": 0.0495, ""gs10"": 0.0495, ""residual_pct"": null, ""brake_values"": {""gm"": null, ""fcf_margin"": null, ""roic"": 1.2291928368168543}}",False,"{""floor"": false, ""mom_sector_pct"": 27.27272727272727, ""eps_rev_proxy"": null}"
LYV,1335258,Live Nation Entertainment,Communication Services,Movies & Entertainment,Media and Entertainment,6.767967145790554,5.9986310746064335,316180049.16732764,0.10990271155853226,-0.0879232024509925,0.09960332226147117,9.0,,,0.0786699019674674,0.04181243218440444,0.4196958479622363,0.07273742987591972,0.04601754433318038,0.26441659183633937,8,9,True,0.6839429426424875,-0.3269840566073986,,False,,0.04638958516945548,0.0668616484857666,,0.5896738652177183,0.9192192877837942,1.1119702071745268,48.046875,-0.031410158967909996,0.976469802894397,256.0,,171.88999938964844,235633860.0,40503104051.580505,43554864051.580505,3134090000.0,3051760000.0,2608702000.0,1226000000.0,163930000.0,688147000.0,2378527000.0,26272535000.0,801196000.0,1382702000.0,1218772000.0,1756625000.0,1489343000.0,134700000.0,589692373.1020703,0.2639848762324446,0.18815425629196045,54.3623084133976,35.73667925713793,0.02798245446379194,24.79462836495012,0.040331316335178787,300.69119563162957,10.26504825538233,1.5970310398612007,3063726000.0,1574955000.0,1.480072684575108,5.0,0.16920800132770925,0.21116699069120004,60.38461538461538,0.15594785286717447,1.2361926717194227,260.0,['fcf_cagr5 gate'],False,0.9,ig,Media and Entertainment,37.5,22.22222222222222,,50.0,33.33333333333333,87.5,33.33333333333334,0.0,90.9090909090909,1.0,33.07539879173548,"{'profitability': 55.4, 'growth': 50.0, 'balance': 46.8, 'stability': 64.6}",23.628778892329073,False,0.10225832185556172,32.262942148077464,,28.352088842032277,,False,"{""floor"": false, ""depressed_arms"": {""self_pct"": false, ""self_z"": false, ""median_ratio"": false}, ""yield_arm"": false, ""residual_arm"": false, ""brakes"": {""gm"": false, ""fcf_margin"": false, ""roic"": true}, ""self_pct"": 60.38461538461538, ""self_z"": 0.15594785286717447, ""median_ratio"": 1.2361926717194227, ""fcf_yield"": 0.02798245446379194, ""yield_threshold"": 0.0495, ""gs10"": 0.0495, ""residual_pct"": null, ""brake_values"": {""gm"": null, ""fcf_margin"": 0.5896738652177183, ""roic"": 1.1119702071745268}}",False,"{""floor"": false, ""mom_sector_pct"": 90.9090909090909, ""eps_rev_proxy"": null}"
ODFL,878927,Old Dominion,Industrials,Cargo Ground Transportation,Transportation,6.806297056810404,5.9986310746064335,315879558.72981143,0.3233223918100987,-0.27924852073912887,0.25910356279389624,10.0,,,0.14514518194104437,0.14385462031856797,0.12210334464329892,0.20344635911682984,0.21036873916666327,0.1524441185992953,5,9,False,0.06481850942440892,0.06172005206375064,0.08490900369337329,False,,0.1989769936922881,,,1.3708825262495405,,0.805290335379538,,,,,sbc_unreported,176.85000610351562,207356622.0,36671019866.30438,36508477866.30438,4384810000.0,-162542000.0,1394102000.0,279332000.0,,,-162542000.0,5602507000.0,1447737000.0,1114770000.0,1114770000.0,,,1089276000.0,1087130629.5296962,0.2490827895331154,0.24793106874179183,25.217617472168207,32.74978503754531,0.030534551565867405,,,33.665498795809675,1.0234045365912772,,19463000.0,,0.004438732807122771,7.0,0.30787786447845605,0.3093586046972486,43.46153846153846,-0.32404918404141886,0.9132453898160309,260.0,[],True,0.8,ig,Transportation,90.9090909090909,66.66666666666666,,54.54545454545454,77.27272727272727,63.63636363636363,,0.0,78.125,0.7,42.07263789285463,"{'profitability': 78.8, 'growth': 52.7, 'balance': None, 'stability': 62.2}",30.266748448483625,False,0.19680401928993385,26.899087901640094,,36.16969317066913,,False,"{""floor"": false, ""depressed_arms"": {""self_pct"": false, ""self_z"": false, ""median_ratio"": false}, ""yield_arm"": false, ""residual_arm"": false, ""brakes"": {""gm"": false, ""fcf_margin"": true, ""roic"": false}, ""self_pct"": 43.46153846153846, ""self_z"": -0.32404918404141886, ""median_ratio"": 0.9132453898160309, ""fcf_yield"": 0.030534551565867405, ""yield_threshold"": 0.0495, ""gs10"": 0.0495, ""residual_pct"": null, ""brake_values"": {""gm"": null, ""fcf_margin"": 1.3708825262495405, ""roic"": 0.805290335379538}}",False,"{""floor"": false, ""mom_sector_pct"": 78.125, ""eps_rev_proxy"": null}"
PAYX,723531,Paychex,Industrials,Human Resource & Employment Services,Commercial and Professional Services,27.994524298425734,5.9986310746064335,315308880.13468814,0.01974685780794716,-0.21835640478477858,-0.16801522591361107,10.0,0.7134709981142798,0.016067728499474694,0.31775762531684204,0.30810276679841897,0.17070918173415253,0.3060057175456143,0.29894239194669164,0.1414088914702114,9,9,False,0.09528106546435477,0.15249578779376405,0.14715628981229933,False,0.7353742135411776,0.3017654239834726,0.26921150655773624,1.0306995175484195,0.949671699247427,0.8797597270959704,0.6397975690248965,24.615384615384617,-0.8516034243664847,0.8532265515349209,260.0,gm_derived,99.30000305175781,355980473.0,35348862055.26619,39057562055.26619,7414200000.0,3708700000.0,2251800000.0,235100000.0,88600000.0,443100000.0,3708700000.0,6389400000.0,2587800000.0,2016700000.0,1928100000.0,1720100000.0,3030900000.0,1805900000.0,1965004540.8678102,0.24066599394550958,0.26503257814299724,15.092960064636443,20.25702093006908,0.04936560037392378,22.70656476673809,0.04404012717347975,19.574097156689845,1.11672850102442,1.2236299449008545,4534100000.0,105100000.0,0.6257182163955652,10.0,0.4142444281977008,0.5074994648857736,10.384615384615385,-1.2300887014189699,0.7792801825830833,260.0,[],True,1.0,ig,Commercial and Professional Services,100.0,90.9090909090909,100.0,90.9090909090909,63.63636363636363,36.36363636363637,36.36363636363637,72.72727272727273,40.625,1.0,76.0860171270722,"{'profitability': 100.0, 'growth': 89.7, 'balance': 59.2, 'stability': 89.9}",66.92573427078449,True,-0.12996903883709754,23.06855615638171,31.08108108108108,71.50587569892835,4.0,False,"{""floor"": true, ""depressed_arms"": {""self_pct"": true, ""self_z"": true, ""median_ratio"": true}, ""yield_arm"": false, ""residual_arm"": false, ""brakes"": {""gm"": true, ""fcf_margin"": false, ""roic"": false}, ""self_pct"": 10.384615384615385, ""self_z"": -1.2300887014189699, ""median_ratio"": 0.7792801825830833, ""fcf_yield"": 0.04936560037392378, ""yield_threshold"": 0.0495, ""gs10"": 0.0495, ""residual_pct"": 31.08108108108108, ""brake_values"": {""gm"": 1.0306995175484195, ""fcf_margin"": 0.949671699247427, ""roic"": 0.6397975690248965}}",False,"{""floor"": true, ""mom_sector_pct"": 40.625, ""eps_rev_proxy"": 4.0}"
EW,1099800,Edwards Lifesciences,Health Care,Health Care Equipment,Health Care Equipment and Services,15.496235455167694,5.9986310746064335,313133235.4394144,0.16647206282415894,-0.0798982801322472,0.12663814940803642,10.0,0.7957158320202075,0.03222141342043694,0.1510941901765252,0.18969534050179213,0.45261348512454663,0.1744031032184392,0.21103896103896103,0.49844766179386457,8,9,False,0.06704742515528728,0.15577988481103255,0.08426016693354588,False,0.7783885877493358,0.19433994134176866,0.2129508775701365,0.9782243313836294,1.2862171676801002,1.2210268833543425,0.6447446476090066,2.307692307692308,-0.545984620193697,0.583900895187962,260.0,,86.83000183105469,576400000.0,50048813055.41992,46607413055.41992,7176600000.0,-3441400000.0,1720300000.0,286700000.0,168000000.0,165500000.0,-3548300000.0,6512300000.0,1449000000.0,1433600000.0,1265600000.0,1386800000.0,1614500000.0,1004900000.0,1000276100.4514673,0.3096783295711061,0.13938022189497357,32.165226401255985,36.8263377492256,0.027154478591100966,33.607883656922354,0.02975492328550792,49.80476968396847,1.4266096128968055,-2.1977702074945804,1951200000.0,617700000.0,0.3579550204832372,7.0,0.21617895148390298,0.20166235272072994,2.307692307692308,-0.31388942152570093,0.5698403631352554,260.0,[],True,1.0,ig,Health Care Equipment and Services,77.77777777777779,82.75862068965517,90.9090909090909,76.78571428571429,58.333333333333336,68.96551724137932,92.5925925925926,13.333333333333329,50.0,1.0,56.584374467812104,"{'profitability': 72.8, 'growth': 77.9, 'balance': 100.0, 'stability': 68.6}",45.763364853926035,False,0.35629966741425445,25.788112281933287,,51.17386966086907,,False,"{""floor"": false, ""depressed_arms"": {""self_pct"": true, ""self_z"": false, ""median_ratio"": true}, ""yield_arm"": false, ""residual_arm"": false, ""brakes"": {""gm"": true, ""fcf_margin"": true, ""roic"": false}, ""self_pct"": 2.307692307692308, ""self_z"": -0.31388942152570093, ""median_ratio"": 0.5698403631352554, ""fcf_yield"": 0.027154478591100966, ""yield_threshold"": 0.0495, ""gs10"": 0.0495, ""residual_pct"": null, ""brake_values"": {""gm"": 0.9782243313836294, ""fcf_margin"": 1.2862171676801002, ""roic"": 0.6447446476090066}}",False,"{""floor"": false, ""mom_sector_pct"": 50.0, ""eps_rev_proxy"": null}"
A,1090872,Agilent Technologies,Health Care,Life Sciences Tools & Services,Pharmaceuticals Biotechnology and Life Sciences,26.316221765913756,5.9986310746064335,312265805.28049856,0.07148983496034944,0.0,0.24443683161672625,10.0,0.5314232302392261,0.026379493077951458,0.17132632313655516,0.187846178192752,0.1269690657751401,0.17429053705356717,0.16679854407342934,0.16761270621811228,7,9,False,0.05409554484855006,0.0751167353183495,0.16614907507492327,False,0.5382528486163863,0.1540965816603364,0.16372761801410743,1.012851561596368,0.8994331918132287,0.9393947645234848,0.926029450579723,76.53846153846153,0.9357283886193178,1.2193731851925167,260.0,gm_derived,175.2100067138672,281928854.0,49396756402.17288,50861756402.17288,8828000000.0,1465000000.0,1609000000.0,342000000.0,131000000.0,271000000.0,1465000000.0,7372000000.0,1639000000.0,1267000000.0,1136000000.0,1207000000.0,1910000000.0,1440000000.0,1423498190.5910738,0.13148371531966224,0.16124809589839983,31.032188164840075,44.772672889236695,0.02233505251013055,42.13898624869336,0.02373099329201371,34.303303057064504,0.8798611111111111,0.7670157068062827,5030000000.0,547000000.0,0.631739918441323,10.0,0.17412847485299043,0.17487574576827336,88.84615384615384,1.3826731463930229,1.2748572364502702,260.0,[],True,1.0,ig,Pharmaceuticals Biotechnology and Life Sciences,75.0,41.66666666666667,22.22222222222222,100.0,62.5,33.33333333333333,66.66666666666667,60.0,35.714285714285715,1.0,53.48186151907408,"{'profitability': 71.1, 'growth': 53.8, 'balance': 74.4, 'stability': 79.9}",28.955834901975336,False,0.2388549529996764,35.25978291144164,,41.21884821052471,,False,"{""floor"": false, ""depressed_arms"": {""self_pct"": false, ""self_z"": false, ""median_ratio"": false}, ""yield_arm"": false, ""residual_arm"": false, ""brakes"": {""gm"": true, ""fcf_margin"": false, ""roic"": true}, ""self_pct"": 88.84615384615384, ""self_z"": 1.3826731463930229, ""median_ratio"": 1.2748572364502702, ""fcf_yield"": 0.02233505251013055, ""yield_threshold"": 0.0495, ""gs10"": 0.0495, ""residual_pct"": null, ""brake_values"": {""gm"": 1.012851561596368, ""fcf_margin"": 0.8994331918132287, ""roic"": 0.926029450579723}}",False,"{""floor"": false, ""mom_sector_pct"": 35.714285714285715, ""eps_rev_proxy"": null}"
ROK,1024478,Rockwell Automation,Industrials,Electrical Components & Equipment,Capital Goods,26.548939082819988,5.9986310746064335,309118970.66725,0.25819389947379223,-0.0990077696474343,0.25068204495145996,10.0,0.4499093353035171,0.08029767995081916,0.11535190609472867,0.1241996025612718,0.28950350089635024,0.10332079278785075,0.1143740340030912,0.3472983741876739,7,9,False,0.05675920504497323,0.06171650501697035,0.04691204613327771,False,0.5453025743898362,0.15769530814666222,,1.2120276944730766,1.3670802112031033,,,47.30769230769231,-0.07442839836988092,0.9751386089061173,260.0,,431.2200012207031,111048676.0,47886410200.277466,51016410200.277466,6624000000.0,3130000000.0,1732000000.0,228000000.0,89000000.0,,3128000000.0,8973000000.0,,1504000000.0,1415000000.0,,,1201000000.0,,0.1703422053231939,,,36.05400014153884,0.027736173408616355,,,39.87211507100538,1.2522897585345545,,3814000000.0,743700000.0,0.6880585748792271,3.0,0.21526741675523128,0.20206275421266706,30.76923076923077,-0.5066463992597163,0.8655780746983058,260.0,[],True,0.8,ig,Capital Goods,72.97297297297297,63.41463414634146,84.375,28.04878048780488,64.28571428571429,56.41025641025641,,,71.875,0.7,42.433976177112115,"{'profitability': 74.8, 'growth': 49.4, 'balance': None, 'stability': 66.4}",,False,0.2489813041379314,28.107501959820322,,,,False,"{""floor"": false, ""depressed_arms"": {""self_pct"": false, ""self_z"": false, ""median_ratio"": false}, ""yield_arm"": false, ""residual_arm"": false, ""brakes"": {""gm"": true, ""fcf_margin"": true, ""roic"": false}, ""self_pct"": 30.76923076923077, ""self_z"": -0.5066463992597163, ""median_ratio"": 0.8655780746983058, ""fcf_yield"": 0.027736173408616355, ""yield_threshold"": 0.0495, ""gs10"": 0.0495, ""residual_pct"": null, ""brake_values"": {""gm"": 1.2120276944730766, ""fcf_margin"": 1.3670802112031033, ""roic"": null}}",False,"{""floor"": false, ""mom_sector_pct"": 71.875, ""eps_rev_proxy"": null}"
IR,1699150,Ingersoll Rand,Industrials,Industrial Machinery & Supplies & Components,Capital Goods,6.573579739904175,5.9986310746064335,308628626.15863097,-0.08950799730218073,-0.2241561334711849,-0.08926956378401363,10.0,0.4144792856455153,0.05197705480210092,0.1407452964663197,0.1525441451332523,0.2874609963247357,0.08624844939572326,0.10415768079572338,0.5112118859726508,8,9,False,0.140025116890367,0.1481530746442674,,False,0.42820629044849035,0.14649593311676865,0.09548991463322505,1.0331186751144787,1.0408584641535432,1.1071493493767093,,29.230769230769234,-0.05517933106572863,0.9129888181121723,260.0,,76.37999725341797,387999429.0,29635395321.34774,31550495321.34774,12092400000.0,1915100000.0,1349200000.0,129900000.0,55800000.0,535000000.0,1849400000.0,7942200000.0,1435700000.0,1219300000.0,1163500000.0,758400000.0,1970700000.0,959100000.0,1213977990.3881354,0.1544347771901264,0.10039181555258968,21.975688041615754,27.116884676706267,0.03687739251474607,41.601391510215905,0.024037657484472213,30.899171432955626,1.2712960066729226,0.9384482671132085,8541900000.0,4072300000.0,1.0431510700936124,2.0,,,12.307692307692308,-0.8657090330095027,0.838872799536028,260.0,[],True,0.9,ig,Capital Goods,,82.92682926829268,75.0,15.853658536585366,64.28571428571429,58.97435897435898,70.27027027027027,51.21951219512195,28.125,1.0,54.189363462259735,"{'profitability': 54.4, 'growth': 100.0, 'balance': 68.7, 'stability': 74.9}",55.62056077466253,False,,,,54.90496211846113,,False,"{""floor"": false, ""depressed_arms"": {""self_pct"": true, ""self_z"": false, ""median_ratio"": false}, ""yield_arm"": false, ""residual_arm"": false, ""brakes"": {""gm"": true, ""fcf_margin"": true, ""roic"": false}, ""self_pct"": 12.307692307692308, ""self_z"": -0.8657090330095027, ""median_ratio"": 0.838872799536028, ""fcf_yield"": 0.03687739251474607, ""yield_threshold"": 0.0495, ""gs10"": 0.0495, ""residual_pct"": null, ""brake_values"": {""gm"": 1.0331186751144787, ""fcf_margin"": 1.0408584641535432, ""roic"": null}}",False,"{""floor"": false, ""mom_sector_pct"": 28.125, ""eps_rev_proxy"": null}"
TSCO,916365,Tractor Supply,Consumer Discretionary,Other Specialty Retail,Consumer Discretionary Distribution and Retail,12.678986995208762,5.9986310746064335,308002567.59559816,-0.3581873693797428,-0.41645166131287714,-0.41174821718305543,10.0,0.3575460802672047,0.01601184912986224,0.03862698400979492,0.03729592078462387,0.1253834212458995,0.06496201953891194,0.06448089148585295,0.09398178637669168,8,8,False,0.07888014810034849,-0.07618568653399116,-0.010010203657942585,False,0.364612128305975,0.01541084714582009,,1.0197626220192084,0.39896584061319035,,0.7053193358074278,,,,,,32.06999969482422,521040137.0,16709757034.58117,23007247034.58117,8929055000.0,6297490000.0,1285820000.0,978839000.0,64249000.0,,6297490000.0,15750724000.0,1340986000.0,306981000.0,242732000.0,,,1011914000.0,1065742924.3977051,0.2052542499342237,0.11935674317133281,17.156962887443395,94.78456501236413,0.010550240958214616,,,16.513020903536436,0.3033666892641074,,425419000.0,80800000.0,0.05669345748234276,7.0,0.16922369359787492,0.1687901774323052,97.3076923076923,3.6156187136785607,4.24972251051781,260.0,['fcf_cagr5 gate'],False,0.9,ig,Consumer Discretionary Distribution and Retail,25.0,25.0,55.55555555555556,50.0,55.55555555555556,11.11111111111111,,33.33333333333334,12.121212121212121,0.7,30.308758437190633,"{'profitability': 32.9, 'growth': 32.9, 'balance': None, 'stability': 92.1}",14.611880798102687,False,1.1982004296451554,28.59998376117411,,22.46031961764666,,False,"{""floor"": false, ""depressed_arms"": {""self_pct"": false, ""self_z"": false, ""median_ratio"": false}, ""yield_arm"": false, ""residual_arm"": false, ""brakes"": {""gm"": true, ""fcf_margin"": false, ""roic"": false}, ""self_pct"": 97.3076923076923, ""self_z"": 3.6156187136785607, ""median_ratio"": 4.24972251051781, ""fcf_yield"": 0.010550240958214616, ""yield_threshold"": 0.0495, ""gs10"": 0.0495, ""residual_pct"": null, ""brake_values"": {""gm"": 1.0197626220192084, ""fcf_margin"": 0.39896584061319035, ""roic"": 0.7053193358074278}}",False,"{""floor"": false, ""mom_sector_pct"": 12.121212121212121, ""eps_rev_proxy"": null}"
TRGP,1389170,Targa Resources,Energy,Oil & Gas Storage & Transportation,Energy,3.9644079397672827,5.9986310746064335,306560370.920797,0.8255511837112572,-0.0724507288048486,0.7461219542880302,7.0,,,0.05472001113296334,0.04755826478957429,0.43922013435352114,0.1059187685610378,0.11329800813185308,0.24120204818309088,6,9,True,0.19892244153238936,-0.24487298872602725,0.1415505451960304,True,0.4319206761640235,0.039715676612012064,0.15269838425469642,,0.7257980360330617,1.4416555850222235,1.5979054727392372,87.3076923076923,1.5383972280088598,1.3523960577112042,260.0,,277.42999267578125,214431021.0,59489596585.490295,67834096585.490295,12001000000.0,8344500000.0,4285500000.0,3544600000.0,76000000.0,1653100000.0,8205300000.0,16741500000.0,3835700000.0,740900000.0,664900000.0,2556400000.0,5488800000.0,2267600000.0,3017963800.22531,0.21319086471170587,0.25147602701652444,17.68493275946771,102.02150185815957,0.009801855312719267,26.5350088348812,0.03768606244763955,26.234607772751055,0.3267331098959252,1.4949169217315261,118900000.0,2105200000.0,0.18532622281476543,4.0,0.15737853790902118,0.17407039063213398,67.3076923076923,0.6331552026247788,2.0004545919230936,260.0,['fcf_cagr5 gate'],False,0.9,ig,Energy,72.72727272727273,37.5,,68.18181818181817,36.36363636363637,20.0,36.36363636363637,27.272727272727266,81.81818181818183,1.0,24.55623023250498,"{'profitability': 51.5, 'growth': 50.0, 'balance': 50.2, 'stability': 48.5}",24.909608818187156,False,1.6616037592059718,19.36717910002596,,24.73291952534607,,False,"{""floor"": false, ""depressed_arms"": {""self_pct"": false, ""self_z"": false, ""median_ratio"": false}, ""yield_arm"": false, ""residual_arm"": false, ""brakes"": {""gm"": false, ""fcf_margin"": false, ""roic"": true}, ""self_pct"": 67.3076923076923, ""self_z"": 0.6331552026247788, ""median_ratio"": 2.0004545919230936, ""fcf_yield"": 0.009801855312719267, ""yield_threshold"": 0.0495, ""gs10"": 0.0495, ""residual_pct"": null, ""brake_values"": {""gm"": null, ""fcf_margin"": 0.7257980360330617, ""roic"": 1.5979054727392372}}",False,"{""floor"": false, ""mom_sector_pct"": 81.81818181818183, ""eps_rev_proxy"": null}"
OKE,1039684,Oneok,Energy,Oil & Gas Storage & Transportation,Energy,16.542094455852155,5.9986310746064335,306436606.8888246,0.38030286059529295,-0.08279859007024304,0.2818028178339591,8.0,,,,,0.20693149531227414,0.1438497802890443,0.12147253858277082,0.2759074348501827,6,9,False,0.3153108920107406,,,False,0.2721383935375705,0.07382004775694762,0.11751257430269776,,,0.8169117399176703,0.9648464884339715,44.230769230769226,-0.1459651836415545,0.9781044151384299,260.0,sbc_unreported,88.62000274658203,630369667.0,55863361620.902,89087606620.90201,56161245000.0,33224245000.0,6157000000.0,3251000000.0,,1531000000.0,33124245000.0,39366000000.0,6111000000.0,2906000000.0,2906000000.0,4626000000.0,7642000000.0,3656000000.0,4684332286.43216,0.23345896147403686,0.08340862611632203,14.578237051366717,30.6564372405031,0.03261957650704453,19.258021318828796,0.05192641463234274,15.279912916001642,0.7948577680525164,4.334499476576813,8058000000.0,489205000.0,0.15219044734496182,1.0,0.08644756146825117,0.07972214257423045,78.46153846153847,0.8709682756821064,1.2167726585104128,260.0,['fcf_cagr5 gate'],False,0.8,ig,Energy,27.27272727272727,,,27.27272727272727,50.0,30.0,0.0,36.36363636363637,45.45454545454545,1.0,28.074056834483933,"{'profitability': 34.7, 'growth': 100.0, 'balance': 0.0, 'stability': 64.0}",29.375814925034057,False,0.47207216383585937,19.120680550865806,,28.724935879758995,,False,"{""floor"": false, ""depressed_arms"": {""self_pct"": false, ""self_z"": false, ""median_ratio"": false}, ""yield_arm"": false, ""residual_arm"": false, ""brakes"": {""gm"": false, ""fcf_margin"": false, ""roic"": true}, ""self_pct"": 78.46153846153847, ""self_z"": 0.8709682756821064, ""median_ratio"": 1.2167726585104128, ""fcf_yield"": 0.03261957650704453, ""yield_threshold"": 0.0495, ""gs10"": 0.0495, ""residual_pct"": null, ""brake_values"": {""gm"": null, ""fcf_margin"": null, ""roic"": 0.9648464884339715}}",False,"{""floor"": false, ""mom_sector_pct"": 45.45454545454545, ""eps_rev_proxy"": null}"
CPRT,900075,Copart,Industrials,Diversified Support Services,Commercial and Professional Services,8.243668720054757,5.9986310746064335,303150643.7739533,-0.2524938868441232,-0.3905060589709832,-0.3965861461968543,10.0,,,0.21871024446332896,0.21864024057648856,0.2569036305429991,0.3042590579887912,0.3010863368512564,0.2089960254057535,9,9,False,0.16072427791153787,0.30441065555211777,0.14277972457173815,False,,0.2804824971269924,0.30725088690837654,,1.2824387710563818,1.0098331630268031,0.9894216878806683,29.615384615384617,-0.2612841144847023,0.8195420808343686,260.0,gm_derived,27.219999313354492,925811482.0,25200587904.335705,22047939904.335705,5621616000.0,-3152648000.0,1685427000.0,346194000.0,38112000.0,222019000.0,-3152648000.0,4638867000.0,1696277000.0,1339233000.0,1301121000.0,1425296000.0,1918296000.0,1553201000.0,1376519053.1258874,0.188505737491054,0.24486180719670061,12.997841687610988,16.945341674091576,0.05901326861581911,15.469025314275564,0.06464531408305031,16.22493669804211,0.8622406243622043,-1.643462739848282,522703000.0,46071000.0,0.10117624540701464,10.0,0.24747972497064646,0.22602713535124885,20.76923076923077,-0.3397475538414851,0.7234227799530861,260.0,[],True,0.9,ig,Commercial and Professional Services,70.0,81.81818181818183,,90.9090909090909,63.63636363636363,9.090909090909092,90.9090909090909,81.81818181818181,10.9375,1.0,80.79398713252475,"{'profitability': 93.7, 'growth': 100.0, 'balance': 100.0, 'stability': 82.9}",70.24943513020028,True,-0.29746388790142975,22.815881636301544,22.972972972972975,75.52171113136251,-2.0,False,"{""floor"": true, ""depressed_arms"": {""self_pct"": false, ""self_z"": false, ""median_ratio"": true}, ""yield_arm"": true, ""residual_arm"": false, ""brakes"": {""gm"": false, ""fcf_margin"": true, ""roic"": true}, ""self_pct"": 20.76923076923077, ""self_z"": -0.3397475538414851, ""median_ratio"": 0.7234227799530861, ""fcf_yield"": 0.05901326861581911, ""yield_threshold"": 0.0495, ""gs10"": 0.0495, ""residual_pct"": 22.972972972972975, ""brake_values"": {""gm"": null, ""fcf_margin"": 1.2824387710563818, ""roic"": 0.9894216878806683}}",False,"{""floor"": true, ""mom_sector_pct"": 10.9375, ""eps_rev_proxy"": -2.0}"
RSG,1060391,Republic Services,Industrials,Environmental & Facilities Services,Commercial and Professional Services,17.815195071868583,5.9986310746064335,297186679.56840163,0.002262718426387922,-0.07310871622855819,-0.04175031718298117,10.0,0.4069916631212635,0.02435463666813785,0.1269890658754349,0.12639224779291983,0.16395739385368735,0.1392949847701031,0.13828592814371257,0.16096989218755384,7,9,False,0.1031904727551265,0.13534847394906713,0.1281187586683934,False,0.42004617843822156,0.15446095553845243,0.15582262743472855,1.0320756332374024,1.2163327171015261,1.1186521014514859,1.1366463408611134,18.461538461538463,-0.9371233365557644,0.9214962319749423,260.0,gm_derived,212.92999267578125,306212978.0,65201927162.769165,79324927162.76917,26155000000.0,14123000000.0,4542000000.0,1889000000.0,44000000.0,1866000000.0,14122000000.0,16891000000.0,3368000000.0,2653000000.0,2609000000.0,2632000000.0,5234000000.0,2185883000.0,2871469578.783151,0.14742589703588144,0.10978664036639844,23.552531817924336,30.404341572544716,0.03289003965483026,30.13865013783023,0.03317998634400661,29.828644608503367,1.213697164944327,2.6981276270538785,17186000000.0,707000000.0,0.6841139361498757,3.0,0.09658821431055244,0.09257919528290706,7.307692307692308,-1.204505013273472,0.8742661668013508,260.0,[],True,1.0,ig,Commercial and Professional Services,20.0,45.45454545454545,42.857142857142854,22.727272727272727,63.63636363636363,63.63636363636363,9.090909090909093,9.090909090909093,35.9375,1.0,39.35223987712966,"{'profitability': 48.4, 'growth': 93.0, 'balance': 10.1, 'stability': 78.3}",43.743220793934576,False,0.3072447665116411,22.36149813223846,,41.54773033553212,,False,"{""floor"": false, ""depressed_arms"": {""self_pct"": true, ""self_z"": true, ""median_ratio"": false}, ""yield_arm"": false, ""residual_arm"": false, ""brakes"": {""gm"": true, ""fcf_margin"": true, ""roic"": true}, ""self_pct"": 7.307692307692308, ""self_z"": -1.204505013273472, ""median_ratio"": 0.8742661668013508, ""fcf_yield"": 0.03289003965483026, ""yield_threshold"": 0.0495, ""gs10"": 0.0495, ""residual_pct"": null, ""brake_values"": {""gm"": 1.0320756332374024, ""fcf_margin"": 1.2163327171015261, ""roic"": 1.1366463408611134}}",False,"{""floor"": false, ""mom_sector_pct"": 35.9375, ""eps_rev_proxy"": null}"
DLTR,935703,Dollar Tree,Consumer Staples,Consumer Staples Merchandise Retail,Consumer Staples Distribution and Retail,14.778918548939084,5.9986310746064335,296672467.87766385,0.46054671333615227,-0.17098964506605763,0.28939755850905113,10.0,0.3495958375040161,0.08194804963580872,0.044157082398457184,0.04474034772113994,0.31237948258613824,0.07330954723825153,0.07649633681692333,0.3483962712136354,8,9,False,-0.0533172843938553,-0.10278720660484053,-0.05278279136463293,False,0.35166638403144235,0.09526968388081439,0.11974921942801281,1.0059226864433202,2.157517632644657,1.6334737280375664,1.679704548837779,8.076923076923077,-0.43938988952495006,0.515629375991229,260.0,,116.0199966430664,187630299.0,21768866660.117546,28381566660.117546,10038000000.0,6612700000.0,3117000000.0,1138900000.0,68000000.0,648100000.0,6612700000.0,20049400000.0,2201400000.0,1978100000.0,1910100000.0,2400900000.0,2849500000.0,1612500000.0,1659408059.2564988,0.24620329823907575,0.165312617977336,12.892507795092916,14.858681042938876,0.06730072454682771,11.82121981761737,0.08459363884847844,13.500072347359719,1.2267286821705425,2.3206527460958064,422100000.0,2150000000.0,0.25623630205220166,2.0,0.09841767594885606,0.08822435245279006,1.2244897959183674,-0.13008941192464285,0.2206718864960534,245.0,"['rev_cagr5 gate', 'fcf_cagr5 gate']",False,1.0,sector,Consumer Staples,37.5,29.629629629629626,29.166666666666668,14.583333333333334,55.55555555555556,66.66666666666666,40.0,88.88888888888889,96.29629629629629,1.0,13.557651990834701,"{'profitability': 31.0, 'growth': 0.0, 'balance': 22.6, 'stability': 70.6}",81.92071381794902,False,-0.5937846974214458,26.90652907998001,,47.73918290439186,,False,"{""floor"": false, ""depressed_arms"": {""self_pct"": true, ""self_z"": false, ""median_ratio"": true}, ""yield_arm"": true, ""residual_arm"": false, ""brakes"": {""gm"": true, ""fcf_margin"": true, ""roic"": true}, ""self_pct"": 1.2244897959183674, ""self_z"": -0.13008941192464285, ""median_ratio"": 0.2206718864960534, ""fcf_yield"": 0.06730072454682771, ""yield_threshold"": 0.0495, ""gs10"": 0.0495, ""residual_pct"": null, ""brake_values"": {""gm"": 1.0059226864433202, ""fcf_margin"": 2.157517632644657, ""roic"": 1.679704548837779}}",False,"{""floor"": false, ""mom_sector_pct"": 96.29629629629629, ""eps_rev_proxy"": null}"
BBY,764478,Best Buy,Consumer Discretionary,Computer & Electronics Retail,Consumer Discretionary Distribution and Retail,27.252566735112936,5.9986310746064335,293164921.4122164,0.22417777363294733,-0.03166391879727548,0.23208981103929793,10.0,0.22215726981438438,0.01968312592407111,0.026280750494786436,0.02684032525005397,0.4732197638573075,0.023853587583195897,0.023794104243122016,0.5626666363040964,6,9,False,-0.024772266419715416,-0.21476938825639136,-0.2415674360022383,False,0.22677187744366248,0.03862467714035212,0.036468330134357005,1.020771805636312,1.4696946020629993,1.5288404734576613,,19.615384615384617,-0.5192798219775133,0.7758958064486694,260.0,,89.91000366210938,209727698.0,18856618095.22577,20812618095.22577,5139000000.0,1956000000.0,2475000000.0,707000000.0,138000000.0,798000000.0,1956000000.0,42201000000.0,1710000000.0,1768000000.0,1630000000.0,1539000000.0,2508000000.0,1272000000.0,,,,12.171121693114484,12.768477359034215,0.07831787392350738,13.523468547904983,0.07394552636090666,14.824385294988812,1.389937106918239,0.7799043062200957,790000000.0,18000000.0,0.15722903288577544,,,,23.846153846153847,-0.5199969252322739,0.8120639320116458,260.0,"['rev_cagr5 gate', 'fcf_cagr5 gate']",False,0.8,ig,Consumer Discretionary Distribution and Retail,,12.5,11.11111111111111,,55.55555555555556,100.0,50.0,77.77777777777777,81.81818181818183,1.0,15.288919420295976,"{'profitability': 10.7, 'growth': 0.0, 'balance': 74.0, 'stability': 57.7}",73.63720614868342,False,,,,44.46306278448969,,False,"{""floor"": false, ""depressed_arms"": {""self_pct"": false, ""self_z"": false, ""median_ratio"": false}, ""yield_arm"": true, ""residual_arm"": false, ""brakes"": {""gm"": true, ""fcf_margin"": true, ""roic"": false}, ""self_pct"": 23.846153846153847, ""self_z"": -0.5199969252322739, ""median_ratio"": 0.8120639320116458, ""fcf_yield"": 0.07831787392350738, ""yield_threshold"": 0.0495, ""gs10"": 0.0495, ""residual_pct"": null, ""brake_values"": {""gm"": 1.020771805636312, ""fcf_margin"": 1.4696946020629993, ""roic"": null}}",False,"{""floor"": false, ""mom_sector_pct"": 81.81818181818183, ""eps_rev_proxy"": null}"
BDX,10795,Becton Dickinson,Health Care,Health Care Equipment,Health Care Equipment and Services,53.9958932238193,5.9986310746064335,289503378.61635035,0.2367827584063198,-0.03690580561753909,0.23794821418204104,10.0,,,0.11139188640322129,0.11043956043956044,0.23944525150961024,0.04159239506718156,0.03250915750915751,0.7185980189169954,6,9,False,0.0632263568424074,0.04253440627462113,-0.1920320832387351,True,0.46428215602271594,0.12309455016439175,0.043489090365647104,,1.1050584933880072,1.0456019735194841,0.8022705811727483,52.293577981651374,0.0007079338788903677,1.0146030345155228,218.0,,183.8300018310547,272386800.0,50072865942.75513,67011865942.75513,41355000000.0,16939000000.0,3458000000.0,728000000.0,259000000.0,2326000000.0,16939000000.0,20074000000.0,1922000000.0,2730000000.0,2471000000.0,873000000.0,4248000000.0,942000000.0,1655584158.4158416,0.13861386138613863,0.04003347015876778,34.86569507947717,27.119330612203612,0.03687406648414851,76.7604420879211,0.013027543521109531,53.15590864411372,2.8980891719745223,3.9875235404896423,25944000000.0,8036000000.0,0.8216660621448434,0.0,0.04990020960290902,0.05123221744352186,51.92307692307693,0.0021206618335965354,1.0015139732289462,260.0,[],True,0.9,ig,Health Care Equipment and Services,22.22222222222222,58.620689655172406,,8.928571428571429,58.333333333333336,93.10344827586206,3.7037037037037095,10.0,61.904761904761905,1.0,16.108065788477415,"{'profitability': 32.1, 'growth': 44.1, 'balance': 0.0, 'stability': 61.8}",31.764347604819022,False,0.08167855133746338,24.992311285595168,,23.93620669664822,,False,"{""floor"": false, ""depressed_arms"": {""self_pct"": false, ""self_z"": false, ""median_ratio"": false}, ""yield_arm"": false, ""residual_arm"": false, ""brakes"": {""gm"": false, ""fcf_margin"": true, ""roic"": false}, ""self_pct"": 51.92307692307693, ""self_z"": 0.0021206618335965354, ""median_ratio"": 1.0015139732289462, ""fcf_yield"": 0.03687406648414851, ""yield_threshold"": 0.0495, ""gs10"": 0.0495, ""residual_pct"": null, ""brake_values"": {""gm"": null, ""fcf_margin"": 1.1050584933880072, ""roic"": 0.8022705811727483}}",False,"{""floor"": false, ""mom_sector_pct"": 61.904761904761905, ""eps_rev_proxy"": null}"
ULTA,1403568,Ulta Beauty,Consumer Discretionary,Other Specialty Retail,Consumer Discretionary Distribution and Retail,10.447638603696099,5.9986310746064335,289288749.54071325,0.013783777054357627,-0.20458593396777058,-0.013154833612431083,10.0,0.3913529370993555,0.006618747636700252,0.0921959589268388,0.08858090122128401,0.09326817349605666,0.09883270587857791,0.09397231622826765,0.16081649453052177,8,9,False,0.15035378713848258,0.10154073105170847,0.11844765353727826,True,0.39318237936780137,0.08872297415842224,0.09629326255370589,1.0046746608879582,0.9623304013663712,0.9743056379738112,0.7954824210325763,39.61538461538461,-0.32164332369366827,0.9327275171461799,260.0,sbc_unreported,549.1300048828125,42757471.0,23479410259.006714,26589990259.006714,5754321000.0,3110580000.0,1567827000.0,418375000.0,,320298000.0,3110580000.0,12955517000.0,1614258000.0,1149452000.0,1149452000.0,1247529000.0,1934556000.0,1209548000.0,1227205592.752063,0.2397710943652979,0.21326679424941067,16.47195817459583,23.132753920134736,0.043228748442683276,21.314125971425685,0.04691724170818114,19.41172260960848,0.9503153244021734,1.6079038290956684,223146000.0,200404000.0,0.07360555658956112,9.0,0.26809743196157576,0.26318731165336445,40.0,-0.22354506516313324,0.9647981677898542,260.0,[],True,1.0,ig,Consumer Discretionary Distribution and Retail,37.5,75.0,66.66666666666666,75.0,55.55555555555556,44.44444444444444,25.0,55.55555555555556,48.484848484848484,1.0,61.22488605862355,"{'profitability': 67.7, 'growth': 92.3, 'balance': 46.4, 'stability': 89.1}",52.103376305854624,True,-0.2219943560895019,28.882731423846927,25.675675675675674,56.66413118223909,2.0,False,"{""floor"": true, ""depressed_arms"": {""self_pct"": false, ""self_z"": false, ""median_ratio"": false}, ""yield_arm"": false, ""residual_arm"": false, ""brakes"": {""gm"": true, ""fcf_margin"": true, ""roic"": false}, ""self_pct"": 40.0, ""self_z"": -0.22354506516313324, ""median_ratio"": 0.9647981677898542, ""fcf_yield"": 0.043228748442683276, ""yield_threshold"": 0.0495, ""gs10"": 0.0495, ""residual_pct"": 25.675675675675674, ""brake_values"": {""gm"": 1.0046746608879582, ""fcf_margin"": 0.9623304013663712, ""roic"": 0.7954824210325763}}",False,"{""floor"": true, ""mom_sector_pct"": 48.484848484848484, ""eps_rev_proxy"": 2.0}"
EME,105634,Emcor,Industrials,Construction & Engineering,Capital Goods,1.0184804928131417,5.9986310746064335,288507257.8994516,0.15471368772512695,-0.16896462937458268,0.17210734626317126,10.0,0.16911207004900902,0.11586632706916226,0.05916719407776368,0.06526736779430262,0.49875317489495813,0.05770643472008337,0.06567851664111489,0.4822364533275853,8,9,False,0.14065119855596442,,,False,0.1942613027633682,0.06298506138503128,0.058348539005338006,1.1487134106221446,1.0645267595798065,1.011127082939178,1.1421570454243921,90.76923076923077,1.9915186018574473,1.6579605560390767,260.0,sbc_unreported,765.52001953125,44109901.0,33767012275.041504,33391666275.041504,3703561000.0,-375346000.0,1289818000.0,118436000.0,,204665000.0,-376383000.0,18597775000.0,1930635000.0,1171382000.0,1171382000.0,1085153000.0,2135300000.0,1439158000.0,1426963324.2139473,0.26088394532682396,0.3852949429519177,17.29569093849511,28.50621426233415,0.03508007028914115,30.771390094338315,0.03249771937290515,23.463033436941256,0.8139356484833493,-0.17626703507703836,1457924000.0,664690000.0,0.5731278626165466,7.0,0.33733972442358257,0.31441102579602564,90.76923076923077,1.931813667193321,1.5655261604249495,260.0,['fcf_cagr5 gate'],False,1.0,ig,Capital Goods,94.5945945945946,21.951219512195124,15.625,54.87804878048781,64.28571428571429,23.076923076923077,89.1891891891892,75.60975609756098,62.5,1.0,49.25460590756878,"{'profitability': 62.6, 'growth': 100.0, 'balance': 100.0, 'stability': 57.9}",36.61120323515958,False,0.004481319631486791,28.37875461176419,,42.932904571364176,,False,"{""floor"": false, ""depressed_arms"": {""self_pct"": false, ""self_z"": false, ""median_ratio"": false}, ""yield_arm"": false, ""residual_arm"": false, ""brakes"": {""gm"": true, ""fcf_margin"": true, ""roic"": true}, ""self_pct"": 90.76923076923077, ""self_z"": 1.931813667193321, ""median_ratio"": 1.5655261604249495, ""fcf_yield"": 0.03508007028914115, ""yield_threshold"": 0.0495, ""gs10"": 0.0495, ""residual_pct"": null, ""brake_values"": {""gm"": 1.1487134106221446, ""fcf_margin"": 1.0645267595798065, ""roic"": 1.1421570454243921}}",False,"{""floor"": false, ""mom_sector_pct"": 62.5, ""eps_rev_proxy"": null}"
CF,1324404,CF Industries,Materials,Fertilizers & Agricultural Chemicals,Materials,18.088980150581794,5.9986310746064335,288018207.07239956,0.5108203071887272,-0.14562709203922997,0.30869777970133416,9.0,0.4007495856359071,0.15766020103714848,0.30578153769123584,0.30046486679778295,0.25672502073807435,0.26383802638875736,0.2649740747362775,0.27355810220457405,6,9,False,0.11427395430219223,0.14341733759094755,-0.019203924804488848,True,0.42486109316449155,0.24124563897144333,0.26437524227936426,1.0601660198608176,0.7889476938108739,1.0020361579335624,1.0692012355529974,44.61538461538462,-0.12415820947030602,0.9228224212901637,260.0,,115.51000213623047,151338130.0,17481067719.593124,22781867719.593124,11048800000.0,5300800000.0,2977000000.0,1067000000.0,43000000.0,888000000.0,2128800000.0,7739000000.0,3181000000.0,1910000000.0,1867000000.0,2046000000.0,4069000000.0,,2562016752.5773196,0.19458762886597938,0.2318819014352074,7.161857189435122,12.202392993890264,0.08195113864146973,11.134832707523522,0.08980826441373704,,,0.523175227328582,2492000000.0,473000000.0,0.2683549344725219,5.0,0.2168739557388153,0.1725156042454646,75.76923076923077,0.46898971907623865,1.1625085552384489,260.0,[],True,0.9,ig,Materials,91.66666666666666,100.0,85.71428571428571,60.71428571428571,39.285714285714285,,81.81818181818181,91.66666666666667,92.85714285714286,1.0,49.588369342547836,"{'profitability': 91.4, 'growth': 97.6, 'balance': 82.6, 'stability': 54.7}",62.12789478393027,False,-0.8521614037619729,28.611063632141256,,55.858132063239054,,False,"{""floor"": false, ""depressed_arms"": {""self_pct"": false, ""self_z"": false, ""median_ratio"": false}, ""yield_arm"": true, ""residual_arm"": false, ""brakes"": {""gm"": true, ""fcf_margin"": false, ""roic"": true}, ""self_pct"": 75.76923076923077, ""self_z"": 0.46898971907623865, ""median_ratio"": 1.1625085552384489, ""fcf_yield"": 0.08195113864146973, ""yield_threshold"": 0.0495, ""gs10"": 0.0495, ""residual_pct"": null, ""brake_values"": {""gm"": 1.0601660198608176, ""fcf_margin"": 0.7889476938108739, ""roic"": 1.0692012355529974}}",False,"{""floor"": false, ""mom_sector_pct"": 92.85714285714286, ""eps_rev_proxy"": null}"
IDXX,874716,Idexx Laboratories,Health Care,Health Care Equipment,Health Care Equipment and Services,9.730321697467488,5.9986310746064335,287892861.29389745,-0.1517926411825381,-0.29728509971394024,-0.16180548565056418,10.0,0.6018803848819233,0.018079706416436945,0.18133480170273228,0.19186227903807154,0.29645515592718963,0.18406611049654878,0.19070803891321655,0.2812847440807529,9,9,False,0.09719004339104931,0.1433239155872983,0.13385520037224152,False,0.6244574447594594,0.26165202099699486,0.2535469929761841,1.0375108749921553,1.442922255077815,1.3774778653832536,1.1803092231252514,1.5384615384615385,-1.4552582804244616,0.5872007373236893,260.0,,529.0599975585938,78781116.0,41679937038.62329,42060085038.62329,1992723000.0,380148000.0,1371510000.0,117178000.0,62972000.0,154082000.0,380148000.0,4553223000.0,1458603000.0,1254332000.0,1191360000.0,1154456000.0,1612685000.0,1139656000.0,1167006099.0256379,0.19991519349292589,0.585633878379302,28.835869005221635,35.304261548669835,0.02832519237433752,36.432817741536525,0.02744778092911311,36.57238415681863,1.100623345992124,0.2357236534103064,410946000.0,109843000.0,0.2613454052570277,7.0,0.49616987388156336,0.5116134371495717,1.5384615384615385,-1.338424489479286,0.5651062172704663,260.0,[],True,1.0,ig,Health Care Equipment and Services,96.29629629629629,93.10344827586206,54.54545454545454,76.78571428571429,58.333333333333336,27.586206896551722,70.37037037037038,16.666666666666657,19.047619047619047,1.0,75.14947924346413,"{'profitability': 88.4, 'growth': 90.5, 'balance': 92.1, 'stability': 83.4}",47.96564281868423,True,0.29632697743980785,26.250281242264553,58.108108108108105,61.55756103107418,0.0,False,"{""floor"": true, ""depressed_arms"": {""self_pct"": true, ""self_z"": true, ""median_ratio"": true}, ""yield_arm"": false, ""residual_arm"": false, ""brakes"": {""gm"": true, ""fcf_margin"": true, ""roic"": true}, ""self_pct"": 1.5384615384615385, ""self_z"": -1.338424489479286, ""median_ratio"": 0.5651062172704663, ""fcf_yield"": 0.02832519237433752, ""yield_threshold"": 0.0495, ""gs10"": 0.0495, ""residual_pct"": 58.108108108108105, ""brake_values"": {""gm"": 1.0375108749921553, ""fcf_margin"": 1.442922255077815, ""roic"": 1.1803092231252514}}",False,"{""floor"": true, ""mom_sector_pct"": 19.047619047619047, ""eps_rev_proxy"": 0.0}"
AME,1037868,Ametek,Industrials,Electrical Components & Equipment,Capital Goods,13.015742642026009,5.9986310746064335,287311883.9436974,0.29973342031337724,-0.010805873086453088,0.37801027969770984,10.0,0.3544529687178088,0.018476239040815922,0.20611686486613917,0.21939231867194084,0.21998293967275948,0.17232143206166506,0.17986422588161027,0.2413487538388577,8,9,False,0.10267547865932358,0.06732421561729329,0.062280551821928265,False,0.3635780767436304,0.22582825391347297,,1.0257441997420154,1.0956321020122988,,1.0583903375298978,74.61538461538461,0.66352083617493,1.0918188533513806,260.0,gm_derived,251.6699981689453,229261244.0,57698176857.690125,59508421857.690125,13071008000.0,1810245000.0,1960339000.0,135389000.0,49054000.0,,1810245000.0,7863923000.0,2036991000.0,1824950000.0,1775896000.0,,,1576270000.0,1683451897.2212029,0.17355948199024798,0.1287928136239533,29.213885509405845,33.508956525432865,0.02984276753712139,,,36.60424727850567,1.1577648499305322,,7418304000.0,3634056000.0,0.8455629435771136,10.0,0.12168744276760286,0.12344316333949408,79.61538461538461,0.9111629617616507,1.1177399518794817,260.0,[],True,0.9,ig,Capital Goods,32.432432432432435,97.5609756097561,50.0,87.8048780487805,64.28571428571429,48.717948717948715,,26.829268292682926,75.0,0.7,59.61953090395761,"{'profitability': 74.7, 'growth': 70.8, 'balance': None, 'stability': 81.6}",25.001610748941292,False,0.18797216246613813,27.76678714911314,,42.31057082644945,,False,"{""floor"": false, ""depressed_arms"": {""self_pct"": false, ""self_z"": false, ""median_ratio"": false}, ""yield_arm"": false, ""residual_arm"": false, ""brakes"": {""gm"": true, ""fcf_margin"": true, ""roic"": true}, ""self_pct"": 79.61538461538461, ""self_z"": 0.9111629617616507, ""median_ratio"": 1.1177399518794817, ""fcf_yield"": 0.02984276753712139, ""yield_threshold"": 0.0495, ""gs10"": 0.0495, ""residual_pct"": null, ""brake_values"": {""gm"": 1.0257441997420154, ""fcf_margin"": 1.0956321020122988, ""roic"": 1.0583903375298978}}",False,"{""floor"": false, ""mom_sector_pct"": 75.0, ""eps_rev_proxy"": null}"
RMD,943819,ResMed|,Health Care,Health Care Equipment,Health Care Equipment and Services,9.177275838466803,5.9986310746064335,286089379.65038073,-0.17166471130153815,-0.17565375199679134,-0.19433646700982787,10.0,0.5788943443314525,0.03441301261241535,0.20006830259822542,0.2607339513375566,0.5418746007804023,0.18741030069548778,0.24421205315266034,0.588457133352212,9,9,False,0.12077602188982173,0.21074896733770743,0.23791494272180125,False,0.6105551961875267,0.2733194621401507,0.2653496285360974,1.054691935006963,1.3661307592988745,1.4158753683835594,1.1192305902693522,11.153846153846155,-0.187261874477048,0.6394674065935964,260.0,,222.10000610351562,144252306.0,32038438043.046204,32014597043.046204,6561552000.0,-23841000.0,1805829000.0,156285000.0,104348000.0,201342000.0,-23841000.0,5653443000.0,1886715000.0,1649544000.0,1545196000.0,1500139000.0,2088057000.0,1523293000.0,1497340728.896185,0.2063768354541173,0.22819917130827966,16.968432986988603,20.718793630740826,0.048265358390185566,21.341087087960652,0.046857969131485315,21.032354276587764,1.082880312585957,-0.01141779175568483,2909575000.0,452737000.0,0.512426328405231,10.0,0.20388932655366543,0.19063123432298504,11.153846153846155,-0.18651666431117686,0.6681823271122521,260.0,[],True,1.0,ig,Health Care Equipment and Services,74.07407407407408,96.55172413793103,50.0,100.0,58.333333333333336,24.137931034482758,74.07407407407408,70.0,16.666666666666664,1.0,70.88828205812294,"{'profitability': 97.7, 'growth': 100.0, 'balance': 100.0, 'stability': 71.6}",65.09662879365142,True,-0.21762105074658278,25.75586180171944,28.37837837837838,67.99245542588719,-5.0,False,"{""floor"": true, ""depressed_arms"": {""self_pct"": true, ""self_z"": false, ""median_ratio"": true}, ""yield_arm"": false, ""residual_arm"": false, ""brakes"": {""gm"": true, ""fcf_margin"": true, ""roic"": true}, ""self_pct"": 11.153846153846155, ""self_z"": -0.18651666431117686, ""median_ratio"": 0.6681823271122521, ""fcf_yield"": 0.048265358390185566, ""yield_threshold"": 0.0495, ""gs10"": 0.0495, ""residual_pct"": 28.37837837837838, ""brake_values"": {""gm"": 1.054691935006963, ""fcf_margin"": 1.3661307592988745, ""roic"": 1.1192305902693522}}",False,"{""floor"": true, ""mom_sector_pct"": 16.666666666666664, ""eps_rev_proxy"": -5.0}"
EXE,895126,Expand Energy,Energy,Oil & Gas Exploration & Production,Energy,1.516769336071184,5.634496919917864,282413624.94404954,-0.06815962386157193,-0.29339866665377545,-0.18807785476436856,6.0,,,0.11963604973204851,0.1478884856483009,0.7125499771774645,0.1065955675165667,0.12776311448366875,0.7841713824362575,5,9,True,0.18266822352216505,0.1268955987803806,0.15140189814334803,True,,0.1936741449062155,0.19683707245310775,,1.61886108192298,1.846578399449077,1.3920933224209076,31.47410358565737,-0.01991972255417441,0.6653858846239021,251.0,,85.30999755859375,231503789.0,19749587674.395203,23737587674.395203,23398000000.0,3988000000.0,5655000000.0,2976000000.0,46000000.0,2933000000.0,3988000000.0,13595000000.0,3662000000.0,2679000000.0,2633000000.0,2676000000.0,6595000000.0,2781000000.0,2881726655.3480473,0.21307300509337862,0.12316123836858053,6.482137540796068,9.015414992174403,0.1109211279644946,8.870548458294172,0.11273260099999527,7.101613690900828,0.9633225458468176,0.6047005307050796,15000000.0,,0.0006410804342251474,1.0,0.08847196979179389,0.08537725939458729,27.932960893854748,-0.3710102709321598,0.42656235331226316,179.0,[],True,0.9,ig,Energy,36.36363636363637,62.5,,27.27272727272727,27.27272727272727,60.0,54.54545454545455,81.81818181818181,9.090909090909092,1.0,27.526592401582228,"{'profitability': 50.9, 'growth': 100.0, 'balance': 79.8, 'stability': 37.0}",79.90715667311412,False,-0.7523295199590749,19.130145878700333,,53.716874537348176,,False,"{""floor"": false, ""depressed_arms"": {""self_pct"": false, ""self_z"": false, ""median_ratio"": true}, ""yield_arm"": true, ""residual_arm"": false, ""brakes"": {""gm"": false, ""fcf_margin"": true, ""roic"": true}, ""self_pct"": 27.932960893854748, ""self_z"": -0.3710102709321598, ""median_ratio"": 0.42656235331226316, ""fcf_yield"": 0.1109211279644946, ""yield_threshold"": 0.0495, ""gs10"": 0.0495, ""residual_pct"": null, ""brake_values"": {""gm"": null, ""fcf_margin"": 1.61886108192298, ""roic"": 1.3920933224209076}}",False,"{""floor"": false, ""mom_sector_pct"": 9.090909090909092, ""eps_rev_proxy"": null}"
DG,29534,Dollar General,Consumer Staples,Consumer Staples Merchandise Retail,Consumer Staples Distribution and Retail,13.820670773442847,5.9986310746064335,276958602.77291226,0.35630403870959215,-0.19612718069658808,0.26629778933831627,10.0,0.3067422078096451,0.02300031460122228,0.03398886933082311,0.04007253170639797,0.5236009511225581,0.04789209451277431,0.04839968710963189,0.25110230587365356,9,9,False,0.048307062204305806,-0.03420081889029303,-0.05039119803262415,False,0.3116120496636899,0.04379135358134441,0.04884829959431228,1.0158760083550902,1.2884027754824967,1.0199658229874018,0.8154188928965916,40.38461538461539,-0.565760114412219,0.7259706289244755,260.0,,124.37000274658203,220616790.0,27438110778.24211,44185199778.24211,26035737000.0,16747089000.0,3316350000.0,1305694000.0,99689000.0,1085019000.0,16747089000.0,43637998000.0,2439807000.0,2010656000.0,1910967000.0,2131642000.0,3524826000.0,1703399000.0,1861206724.222897,0.23715001874209843,0.07148661565535468,18.110120914581405,23.121906227706763,0.04324902930372191,20.728246008589675,0.04824334869364274,16.10785892104088,1.1803787603491607,4.7511817604613675,4338589000.0,1200659000.0,0.21275556747250904,4.0,0.08766857903109726,0.07828131682155728,39.23076923076923,-0.01725358853569842,0.604279909975592,260.0,[],True,1.0,sector,Consumer Staples,20.833333333333336,25.925925925925924,20.833333333333336,27.083333333333332,55.55555555555556,62.5,12.0,51.851851851851855,92.5925925925926,1.0,11.917594522795017,"{'profitability': 25.9, 'growth': 20.1, 'balance': 0.0, 'stability': 72.7}",51.33877498497,False,-0.14911569518992618,26.840077105717608,,31.628184753882508,,False,"{""floor"": false, ""depressed_arms"": {""self_pct"": false, ""self_z"": false, ""median_ratio"": true}, ""yield_arm"": false, ""residual_arm"": false, ""brakes"": {""gm"": true, ""fcf_margin"": true, ""roic"": false}, ""self_pct"": 39.23076923076923, ""self_z"": -0.01725358853569842, ""median_ratio"": 0.604279909975592, ""fcf_yield"": 0.04324902930372191, ""yield_threshold"": 0.0495, ""gs10"": 0.0495, ""residual_pct"": null, ""brake_values"": {""gm"": 1.0158760083550902, ""fcf_margin"": 1.2884027754824967, ""roic"": 0.8154188928965916}}",False,"{""floor"": false, ""mom_sector_pct"": 92.5925925925926, ""eps_rev_proxy"": null}"
SYY,96021,Sysco,Consumer Staples,Food Distributors,Consumer Staples Distribution and Retail,39.74537987679671,5.9986310746064335,273022657.4217626,-0.0044138671547157005,-0.12585549571833032,-0.02282074738649853,10.0,0.18330690211768047,0.011385605673041269,0.021431186529042284,0.021524960675552613,0.20518595253239147,0.022018547570645995,0.020058424893262213,0.23799248983552676,7,9,False,0.10511120778351901,,,False,0.18496091209064136,0.021524960675552613,,1.0090231734531143,1.0043755928484526,,1.0200732883784758,53.46153846153846,0.021458547370267627,1.0111257901723025,260.0,,78.56999969482422,479096016.0,37642573830.9115,48288757830.9115,13312184000.0,10646184000.0,2638000000.0,700000000.0,118000000.0,,10646184000.0,84553000000.0,3095000000.0,1938000000.0,1820000000.0,,,1757000000.0,2389242091.3884006,0.22803163444639718,0.1794778446112524,15.602183467176575,26.532284522478847,0.03768993202047015,,,21.424344809852872,1.1030165054069436,,5225000000.0,951000000.0,0.4639358951168343,9.0,0.17594602922752067,0.18002038521504493,39.61538461538461,-0.08414332421050794,0.9350304858755338,260.0,['fcf_cagr5 gate'],False,0.9,sector,Consumer Staples,66.66666666666666,11.11111111111111,12.5,66.66666666666666,55.55555555555556,45.83333333333333,,66.66666666666667,37.03703703703704,0.7,50.86465121202047,"{'profitability': 49.2, 'growth': 87.6, 'balance': None, 'stability': 77.5}",53.94527747848147,False,-0.026427783733314225,27.24282160555251,,52.404964345250974,,False,"{""floor"": false, ""depressed_arms"": {""self_pct"": false, ""self_z"": false, ""median_ratio"": false}, ""yield_arm"": false, ""residual_arm"": false, ""brakes"": {""gm"": true, ""fcf_margin"": true, ""roic"": true}, ""self_pct"": 39.61538461538461, ""self_z"": -0.08414332421050794, ""median_ratio"": 0.9350304858755338, ""fcf_yield"": 0.03768993202047015, ""yield_threshold"": 0.0495, ""gs10"": 0.0495, ""residual_pct"": null, ""brake_values"": {""gm"": 1.0090231734531143, ""fcf_margin"": 1.0043755928484526, ""roic"": 1.0200732883784758}}",False,"{""floor"": false, ""mom_sector_pct"": 37.03703703703704, ""eps_rev_proxy"": null}"
DPZ,1286681,Domino's,Consumer Discretionary,Restaurants,Consumer Services,6.381930184804928,5.9986310746064335,261897338.13423508,-0.18840005032763374,-0.3108153901032945,-0.3002425487994653,10.0,0.38574191087683113,0.031596855773516626,0.10553042709707043,0.1000040630822542,0.17749470211894217,,,,8,9,False,0.037099536577790415,0.05905650670180562,,False,0.4002102304877964,0.12113413083019164,,1.0375077719143282,1.1478597610409405,,,0.7692307692307693,-2.672774139204956,0.5756054032389942,260.0,ev_or_ic_nonpos,292.2699890136719,33081735.0,9668798325.003204,11405635325.003204,-2245594000.0,1736837000.0,777805000.0,124335000.0,44430000.0,,1736837000.0,5027815000.0,981231000.0,653470000.0,609040000.0,,,596523000.0,764657363.2785352,0.2207162602093338,,11.62380247363078,18.727235198021813,0.05339816526176975,,,16.20859266952524,1.0954648856791775,,7870000.0,100000.0,-0.0035491722902715275,0.0,-0.2848090658063545,-0.2757136595410137,0.7692307692307693,-2.5193208522023838,0.5679632894692296,260.0,['mktcap<10B'],False,0.9,ig,Consumer Services,25.0,76.92307692307693,80.0,11.538461538461538,80.76923076923077,38.46153846153847,,76.92307692307692,21.21212121212121,0.7,23.569067194524738,"{'profitability': 20.0, 'growth': 40.1, 'balance': None, 'stability': 82.4}",76.11764925119869,False,,,,49.84335822286171,,False,"{""floor"": false, ""depressed_arms"": {""self_pct"": true, ""self_z"": true, ""median_ratio"": true}, ""yield_arm"": true, ""residual_arm"": false, ""brakes"": {""gm"": true, ""fcf_margin"": true, ""roic"": false}, ""self_pct"": 0.7692307692307693, ""self_z"": -2.5193208522023838, ""median_ratio"": 0.5679632894692296, ""fcf_yield"": 0.05339816526176975, ""yield_threshold"": 0.0495, ""gs10"": 0.0495, ""residual_pct"": null, ""brake_values"": {""gm"": 1.0375077719143282, ""fcf_margin"": 1.1478597610409405, ""roic"": null}}",False,"{""floor"": false, ""mom_sector_pct"": 21.21212121212121, ""eps_rev_proxy"": null}"
ALB,915913,Albemarle Corporation,Materials,Specialty Chemicals,Materials,10.245037645448322,5.9986310746064335,261062951.53553233,0.44297260352937995,-0.4692076991348534,0.2312550291534543,3.0,0.19697345886094988,0.7342919869762679,-0.05161357333088827,-0.08989141645445146,,0.09048105444855464,0.08943286317237975,0.8917757858718727,6,9,False,0.10448598383827279,,0.0140198296164451,False,0.23812353755240437,0.22080724399042367,0.1896891012447054,1.208911794154479,-4.278084808716025,2.096451046031499,,17.408906882591094,-0.01935860510140822,0.2889436954513671,247.0,,107.38999938964844,118005057.0,12672562999.20543,15638451999.20543,13241058000.0,2965889000.0,1800328000.0,457956000.0,37864000.0,641799000.0,472099000.0,5907904000.0,252078000.0,1342372000.0,1304508000.0,1120665000.0,893877000.0,224177000.0,225745707.20312488,0.10446089225110927,0.017048917632044577,62.03814691962579,11.988007738707182,0.08341669623478593,13.954618016271972,0.07166086515832511,56.529273739970776,5.988000553134354,0.5281476086754665,1482672000.0,202079000.0,0.12723688696175184,2.0,,,,,,,['fcf_cagr5 gate'],False,0.8,ig,Materials,,7.142857142857142,21.428571428571427,35.714285714285715,7.142857142857142,100.0,72.72727272727273,0.0,85.71428571428571,1.0,23.353294060452438,"{'profitability': 4.3, 'growth': 87.1, 'balance': 82.4, 'stability': 44.4}",,False,,,,,,False,"{""floor"": false, ""depressed_arms"": {""self_pct"": false, ""self_z"": false, ""median_ratio"": false}, ""yield_arm"": true, ""residual_arm"": false, ""brakes"": {""gm"": true, ""fcf_margin"": false, ""roic"": false}, ""self_pct"": null, ""self_z"": null, ""median_ratio"": null, ""fcf_yield"": 0.08341669623478593, ""yield_threshold"": 0.0495, ""gs10"": 0.0495, ""residual_pct"": null, ""brake_values"": {""gm"": 1.208911794154479, ""fcf_margin"": -4.278084808716025, ""roic"": null}}",False,"{""floor"": false, ""mom_sector_pct"": 85.71428571428571, ""eps_rev_proxy"": null}"
TYL,860731,Tyler Technologies,Information Technology,Application Software,Software and Services,6.269678302532512,5.9986310746064335,259186276.8614807,-0.27590801239108154,-0.36299298808460956,-0.3554919136975452,10.0,0.44257870946283956,0.02996940542030094,0.1694487536317592,0.14639823097218027,0.2876884701282625,0.10623911518024161,0.08252469561077871,0.535240328227355,9,9,False,0.15870784367787483,0.139115892484327,0.12046132245506636,False,0.4720526395289541,0.22971596402290528,0.17715916279540692,1.0665959058488992,1.3556662949679579,1.6675511886073675,1.5633371200422344,1.153846153846154,-1.122082598402495,0.24323028129802293,260.0,,324.0199890136719,40952274.0,13269355371.56488,12943593371.56488,2711469000.0,-325762000.0,730747000.0,16481000.0,156135000.0,144176000.0,-325762000.0,2429657000.0,367814000.0,714266000.0,558131000.0,430436000.0,511990000.0,324616000.0,284574394.19593483,0.22630896541204287,0.10495211053341744,35.19059462544895,23.190959419141528,0.04312025138445167,30.070889450614914,0.033254752961075155,40.877083605136164,2.2003413263671536,-0.6362663333268228,2754742000.0,780414000.0,1.303778874108463,5.0,0.0671333835728164,0.061035780820580546,1.153846153846154,-1.8642950954244109,0.3702316333788563,260.0,[],True,1.0,ig,Software and Services,26.31578947368421,36.36363636363637,11.11111111111111,55.00000000000001,63.63636363636363,71.42857142857143,75.0,36.36363636363637,8.47457627118644,1.0,64.29005224548261,"{'profitability': 44.5, 'growth': 100.0, 'balance': 100.0, 'stability': 82.6}",59.4196344095328,False,-0.3300469939555817,32.25940138177761,,61.85484332750771,,False,"{""floor"": false, ""depressed_arms"": {""self_pct"": true, ""self_z"": true, ""median_ratio"": true}, ""yield_arm"": false, ""residual_arm"": false, ""brakes"": {""gm"": true, ""fcf_margin"": true, ""roic"": true}, ""self_pct"": 1.153846153846154, ""self_z"": -1.8642950954244109, ""median_ratio"": 0.3702316333788563, ""fcf_yield"": 0.04312025138445167, ""yield_threshold"": 0.0495, ""gs10"": 0.0495, ""residual_pct"": null, ""brake_values"": {""gm"": 1.0665959058488992, ""fcf_margin"": 1.3556662949679579, ""roic"": 1.5633371200422344}}",False,"{""floor"": false, ""mom_sector_pct"": 8.47457627118644, ""eps_rev_proxy"": null}"
VMC,1396009,Vulcan Materials Company,Materials,Construction Materials,Materials,27.249828884325805,5.9986310746064335,258320930.89211473,-0.13163177076643173,-0.24442006565598462,-0.18612180500426778,10.0,0.250820578839041,0.08604011794651709,0.09520825186891764,0.09471921040308347,0.29613182993386494,0.09948517641358534,0.09760437871577443,0.2626086603477724,7,9,False,0.10333168192433528,0.09898292065839542,0.09346309653898088,False,0.27684064298471917,0.1304450287755507,0.12471472514387776,1.103739750008216,1.370102131012204,1.2536010855065154,1.178209825955706,1.153846153846154,-1.6367571216936874,0.7354312411880297,260.0,,246.14999389648438,129754885.0,31939164150.789032,36964664150.78903,13476800000.0,5025500000.0,1802600000.0,686200000.0,64700000.0,732400000.0,5001100000.0,8062400000.0,1658600000.0,1116400000.0,1051700000.0,1005500000.0,2391000000.0,1113300000.0,1290201528.9457223,0.2221141149489193,0.09573500600630137,22.286665953689276,35.14753651306364,0.028451496156162177,36.76247056269421,0.027201653879453332,28.688730935766667,1.0027845145064223,2.0916352990380593,3780900000.0,1478800000.0,0.39027810756262615,0.0,0.08125463215233827,0.07950514684152611,1.153846153846154,-1.6292549119465671,0.6668146861576812,260.0,[],True,1.0,ig,Materials,16.666666666666664,78.57142857142857,50.0,14.285714285714285,71.42857142857143,54.54545454545454,36.36363636363637,50.0,21.428571428571427,1.0,32.674334911855084,"{'profitability': 38.8, 'growth': 84.3, 'balance': 30.3, 'stability': 65.5}",59.109916931955034,False,0.2267507869348755,28.01678357212182,,45.89212592190506,,False,"{""floor"": false, ""depressed_arms"": {""self_pct"": true, ""self_z"": true, ""median_ratio"": true}, ""yield_arm"": false, ""residual_arm"": false, ""brakes"": {""gm"": true, ""fcf_margin"": true, ""roic"": true}, ""self_pct"": 1.153846153846154, ""self_z"": -1.6292549119465671, ""median_ratio"": 0.6668146861576812, ""fcf_yield"": 0.028451496156162177, ""yield_threshold"": 0.0495, ""gs10"": 0.0495, ""residual_pct"": null, ""brake_values"": {""gm"": 1.103739750008216, ""fcf_margin"": 1.370102131012204, ""roic"": 1.178209825955706}}",False,"{""floor"": false, ""mom_sector_pct"": 21.428571428571427, ""eps_rev_proxy"": null}"
CHRW,1043277,C.H. Robinson,Industrials,Air Freight & Logistics,Transportation,19.578370978781656,5.9986310746064335,258172674.2731769,0.10702398266789559,-0.2859500714817482,0.1115229067337642,10.0,,,0.03341920967394243,0.03658625780221605,0.6752825287733719,0.03223730439982446,0.03487039965974942,0.825395432562774,6,9,False,0.00031641390725023477,,,False,,0.034107703980675565,0.032613397384122104,,1.0206017531069853,1.0116663905776095,0.9726858687940518,65.1063829787234,0.010029239795642953,1.2049895461703344,235.0,gm_derived,148.24000549316406,116851258.0,17322031127.80313,19140012127.80313,3445671000.0,1817981000.0,685357000.0,16598000.0,89047000.0,41996000.0,1817981000.0,16996512000.0,833618000.0,668759000.0,579712000.0,554314000.0,875614000.0,633327000.0,680088608.8960453,0.18417235604791962,0.19737479547410225,22.960171358827584,33.01641526793154,0.030287964089526345,34.52918765862513,0.02896100568268676,27.350848973442048,1.055945822616121,2.076235647214412,1508335000.0,32313000.0,0.44712568321235546,7.0,0.20291730537713065,0.20972890355387663,68.08510638297872,0.06589660367053221,1.1998013698573797,235.0,['fcf_cagr5 gate'],False,0.9,ig,Transportation,72.72727272727273,22.22222222222222,,54.54545454545454,77.27272727272727,72.72727272727273,22.222222222222214,18.181818181818173,54.6875,1.0,14.12570794245898,"{'profitability': 56.2, 'growth': 0.3, 'balance': 30.8, 'stability': 44.4}",27.817530426084204,False,0.21382607510862917,26.660386047336722,,20.971619184271592,,False,"{""floor"": false, ""depressed_arms"": {""self_pct"": false, ""self_z"": false, ""median_ratio"": false}, ""yield_arm"": false, ""residual_arm"": false, ""brakes"": {""gm"": false, ""fcf_margin"": true, ""roic"": true}, ""self_pct"": 68.08510638297872, ""self_z"": 0.06589660367053221, ""median_ratio"": 1.1998013698573797, ""fcf_yield"": 0.030287964089526345, ""yield_threshold"": 0.0495, ""gs10"": 0.0495, ""residual_pct"": null, ""brake_values"": {""gm"": null, ""fcf_margin"": 1.0206017531069853, ""roic"": 0.9726858687940518}}",False,"{""floor"": false, ""mom_sector_pct"": 54.6875, ""eps_rev_proxy"": null}"
EL,1001250,Estée Lauder Companies (The),Consumer Staples,Personal Care Products,Household and Personal Products,20.73100616016427,5.9986310746064335,256427236.10057276,0.1967443398293982,-0.17947615990511,0.10122140882097042,10.0,0.736336679740275,0.025248002338170334,0.0573941233182723,0.06684829556781181,0.399690911298311,0.05770944723058887,0.04525455688246386,0.657251062197244,5,9,False,-0.014814212841128271,-0.1515996897631844,-0.24128666573511692,False,0.7550003322479899,0.06684829556781181,0.04432188185261479,1.0253466288197106,1.1647236982279967,0.7680177852946405,0.9836077349813234,50.38461538461539,0.0011390946481392313,1.000860310265337,260.0,shares_was_proxy,95.56999969482422,362300000.0,34625010889.434814,34138910889.434814,3319900000.0,-486100000.0,1773000000.0,457000000.0,310000000.0,796000000.0,-486100000.0,15049000000.0,780000000.0,1316000000.0,1006000000.0,667000000.0,1576000000.0,,591270708.2481728,0.24196063045106056,0.1780989512479812,43.76783447363438,33.93529909486562,0.029467841058495314,51.18277494667888,0.019537823047729993,,,-0.30843908629441624,2107000000.0,1594000000.0,1.1147926142353686,9.0,0.1810670503230263,0.16986134867970318,23.46153846153846,-0.5899793926567726,0.6718053023476712,260.0,"['rev_cagr5 gate', 'fcf_cagr5 gate']",False,0.9,sector,Consumer Staples,70.83333333333334,33.33333333333333,100.0,66.66666666666666,55.55555555555556,,88.0,0.0,66.66666666666666,1.0,28.92418037029038,"{'profitability': 55.8, 'growth': 0.0, 'balance': 100.0, 'stability': 55.3}",35.904182104782635,False,0.21905227900248336,27.259537636256784,,32.41418123753651,,False,"{""floor"": false, ""depressed_arms"": {""self_pct"": false, ""self_z"": false, ""median_ratio"": true}, ""yield_arm"": false, ""residual_arm"": false, ""brakes"": {""gm"": true, ""fcf_margin"": true, ""roic"": true}, ""self_pct"": 23.46153846153846, ""self_z"": -0.5899793926567726, ""median_ratio"": 0.6718053023476712, ""fcf_yield"": 0.029467841058495314, ""yield_threshold"": 0.0495, ""gs10"": 0.0495, ""residual_pct"": null, ""brake_values"": {""gm"": 1.0253466288197106, ""fcf_margin"": 1.1647236982279967, ""roic"": 0.9836077349813234}}",False,"{""floor"": false, ""mom_sector_pct"": 66.66666666666666, ""eps_rev_proxy"": null}"
GEHC,1932393,GE HealthCare,Health Care,Health Care Equipment,Health Care Equipment and Services,3.7344284736481863,3.7946611909650922,255599413.49951783,-0.09886289775864354,-0.23407156754779623,-0.12608286299360716,5.0,0.4043097433798857,0.021075484483121177,0.07797945144186538,0.07295990901336366,0.10211472671538131,0.06513769162597298,0.06354209028060187,0.14724152949114921,4,4,True,,0.025821217351280623,,False,0.39148672482005814,0.06558939892273226,0.06144239477572811,0.968284171307296,0.8411113147112858,0.9432694533993679,0.8858697303362978,,,,,,66.77999877929688,454891786.0,30377672913.792175,38707672913.792175,18998000000.0,8330000000.0,2027000000.0,508000000.0,143000000.0,595000000.0,8318000000.0,20979000000.0,2649000000.0,1519000000.0,1376000000.0,1289000000.0,3244000000.0,1909000000.0,2029086788.066641,0.23401782254939946,0.10680528413867992,14.612183055414185,28.1305762454885,0.035548507477175376,30.029226465315883,0.033300891088720246,15.912872139231103,0.7957045573598743,2.5641183723797782,15060000000.0,1908000000.0,0.8931466470154753,4.0,0.1205654516473139,0.12076928291754095,,,,,['rev_cagr5 gate'],False,0.9,ig,Health Care Equipment and Services,51.85185185185185,31.03448275862069,31.818181818181817,51.78571428571429,10.0,17.24137931034483,33.33333333333334,86.66666666666667,21.428571428571427,1.0,24.812838683391373,"{'profitability': 39.8, 'growth': 21.5, 'balance': 14.5, 'stability': 92.8}",,False,0.09942779071340313,25.468166930819304,,,,False,"{""floor"": false, ""depressed_arms"": {""self_pct"": false, ""self_z"": false, ""median_ratio"": false}, ""yield_arm"": false, ""residual_arm"": false, ""brakes"": {""gm"": false, ""fcf_margin"": false, ""roic"": false}, ""self_pct"": null, ""self_z"": null, ""median_ratio"": null, ""fcf_yield"": 0.035548507477175376, ""yield_threshold"": 0.0495, ""gs10"": 0.0495, ""residual_pct"": null, ""brake_values"": {""gm"": 0.968284171307296, ""fcf_margin"": 0.8411113147112858, ""roic"": 0.8858697303362978}}",False,"{""floor"": false, ""mom_sector_pct"": 21.428571428571427, ""eps_rev_proxy"": null}"
OTIS,1781335,Otis Worldwide,Industrials,Industrial Machinery & Supplies & Components,Capital Goods,6.48870636550308,5.9986310746064335,253277235.31170374,-0.20532639333394975,-0.27553276512053493,-0.2597851079492077,8.0,,,0.09961699690981714,0.10028854951087339,0.03984593914185232,0.09598460729031846,0.09514066496163683,0.04797111488165476,5,7,False,0.024982341114742734,0.02170482285634856,0.018093492555780744,False,,0.10978472268794849,0.10891288310643149,,1.1020681820727456,1.1346911362257253,0.679005674028292,0.7692307692307693,-2.3913349544912172,0.6356923449900186,260.0,,66.33000183105469,380669339.0,25249797952.896378,33628797952.896378,2631000000.0,8379000000.0,1871000000.0,159000000.0,75000000.0,172000000.0,8191000000.0,14911000000.0,2289000000.0,1712000000.0,1637000000.0,1624000000.0,2461000000.0,1516000000.0,1741582449.3731918,0.2391513982642237,0.6619469590928133,14.691480101745906,20.54294315998557,0.04867851661819535,20.70738790202979,0.04829194318139844,16.65553954676542,1.129287598944591,3.328321820398212,1794000000.0,7000000.0,0.6845305967312809,6.0,0.9748769184294506,1.0305594912483578,0.7692307692307693,-2.2955126192550788,0.6625893183329501,260.0,[],True,0.9,ig,Capital Goods,100.0,46.34146341463415,,46.34146341463415,15.476190476190476,46.15384615384615,13.513513513513516,85.3658536585366,17.1875,1.0,26.51022148025381,"{'profitability': 70.1, 'growth': 19.5, 'balance': 0.0, 'stability': 78.3}",77.23458767876427,False,-0.34541605578280654,29.018499465478417,,51.87240457950904,,False,"{""floor"": false, ""depressed_arms"": {""self_pct"": true, ""self_z"": true, ""median_ratio"": true}, ""yield_arm"": false, ""residual_arm"": false, ""brakes"": {""gm"": false, ""fcf_margin"": true, ""roic"": false}, ""self_pct"": 0.7692307692307693, ""self_z"": -2.2955126192550788, ""median_ratio"": 0.6625893183329501, ""fcf_yield"": 0.04867851661819535, ""yield_threshold"": 0.0495, ""gs10"": 0.0495, ""residual_pct"": null, ""brake_values"": {""gm"": null, ""fcf_margin"": 1.1020681820727456, ""roic"": 0.679005674028292}}",False,"{""floor"": false, ""mom_sector_pct"": 17.1875, ""eps_rev_proxy"": null}"
JBHT,728535,J.B. Hunt,Industrials,Cargo Ground Transportation,Transportation,11.247091033538672,5.9986310746064335,251975713.72813344,1.0008024714693846,-0.22291165154910753,0.6521950817509445,9.0,,,0.026334025632322157,0.01765488726364615,0.9249098121711721,0.06437128796219554,0.07120474356721639,0.2055080611721831,6,9,False,0.044828913865963216,,,False,,0.08093590346192636,0.06339613787869125,,3.0734345212524716,0.9848511640146616,0.945199508543824,61.15384615384616,0.336144264879802,1.0879474893858634,260.0,,226.07000732421875,93914939.0,21231350947.583557,22626225947.583557,5051990000.0,1394875000.0,1595293000.0,495571000.0,71730000.0,718349000.0,1394875000.0,12701310000.0,955615000.0,1099722000.0,1027992000.0,805214000.0,1673964000.0,674505000.0,724336865.9481363,0.24202020065807217,0.14337654388629753,23.67713561170927,22.010118704798828,0.045433648650971235,28.09964301115425,0.03558764072565074,31.476936342330387,1.6304134142815843,0.8332765818141847,134057000.0,76300000.0,0.041638443464852466,10.0,0.1516891858176944,0.13459619356978,0.966183574879227,-0.2792154772149344,0.40501791202163534,207.0,['fcf_cagr5 gate'],False,0.9,ig,Transportation,45.45454545454545,11.11111111111111,,100.0,40.909090909090914,90.9090909090909,77.77777777777777,9.090909090909093,100.0,1.0,21.220654660630508,"{'profitability': 37.2, 'growth': 37.4, 'balance': 72.2, 'stability': 44.4}",52.44247370554282,False,-0.18545556215540193,26.495048087295256,,36.83156418308666,,False,"{""floor"": false, ""depressed_arms"": {""self_pct"": true, ""self_z"": false, ""median_ratio"": true}, ""yield_arm"": false, ""residual_arm"": false, ""brakes"": {""gm"": false, ""fcf_margin"": true, ""roic"": true}, ""self_pct"": 0.966183574879227, ""self_z"": -0.2792154772149344, ""median_ratio"": 0.40501791202163534, ""fcf_yield"": 0.045433648650971235, ""yield_threshold"": 0.0495, ""gs10"": 0.0495, ""residual_pct"": null, ""brake_values"": {""gm"": null, ""fcf_margin"": 3.0734345212524716, ""roic"": 0.945199508543824}}",False,"{""floor"": false, ""mom_sector_pct"": 100.0, ""eps_rev_proxy"": null}"
STLD,1022671,Steel Dynamics,Materials,Steel,Materials,3.7700205338809036,5.9986310746064335,250591390.45014367,0.6822203431492626,-0.1833622081160784,0.6011185149979077,8.0,0.2145537498204529,0.2903431347933774,0.0666518237053311,0.061936622874324034,0.8760939763107259,0.11170718326590054,0.09771213302297536,0.5328328879718944,5,9,True,0.13647433753701965,-0.19549357045616378,-0.175912207465717,True,0.1465219913375145,0.04314153033608103,0.043046003252984445,0.6829150805340384,0.6472670654416075,0.38534677891322827,0.46962876145011506,91.53846153846153,2.4559250397125636,4.394967706762334,260.0,,230.38999938964844,143328088.0,33021358106.839478,36607726106.83948,13005900000.0,3586368000.0,1571572000.0,616009000.0,69493000.0,617971000.0,3786088000.0,20538678000.0,2056470000.0,955563000.0,886070000.0,884108000.0,2674441000.0,1607241000.0,1627297341.6676233,0.20869385808320898,0.12511993338927896,17.80124490356751,41.31471114792226,0.024204453382709674,41.40639617200554,0.024150858139064278,20.545368184882964,0.5945362269877387,1.415655832377682,477471000.0,370790000.0,0.06522124574231696,9.0,0.266423063619304,0.24784885402396728,71.62162162162163,0.7949419157651868,2.7543234332564257,222.0,['fcf_cagr5 gate'],False,1.0,ig,Materials,100.0,42.857142857142854,28.57142857142857,92.85714285714286,28.57142857142857,18.181818181818183,54.54545454545455,66.66666666666667,100.0,1.0,13.001877067232655,"{'profitability': 39.9, 'growth': 50.0, 'balance': 52.8, 'stability': 27.8}",39.51665516374908,False,0.3630257299327053,28.737213162355214,,26.259266115490867,,False,"{""floor"": false, ""depressed_arms"": {""self_pct"": false, ""self_z"": false, ""median_ratio"": false}, ""yield_arm"": false, ""residual_arm"": false, ""brakes"": {""gm"": false, ""fcf_margin"": false, ""roic"": false}, ""self_pct"": 71.62162162162163, ""self_z"": 0.7949419157651868, ""median_ratio"": 2.7543234332564257, ""fcf_yield"": 0.024204453382709674, ""yield_threshold"": 0.0495, ""gs10"": 0.0495, ""residual_pct"": null, ""brake_values"": {""gm"": 0.6829150805340384, ""fcf_margin"": 0.6472670654416075, ""roic"": 0.46962876145011506}}",False,"{""floor"": false, ""mom_sector_pct"": 100.0, ""eps_rev_proxy"": null}"
VRSK,1442145,Verisk Analytics,Industrials,Research & Consulting Services,Commercial and Professional Services,10.976043805612594,5.9986310746064335,249885336.6840597,-0.2484894760893125,-0.30281941231632703,-0.31956028208328524,10.0,0.6764607538438451,0.022978356262502712,0.3183533421519252,0.30266856369504114,0.15427111091843573,0.3296381011945897,0.32254705646776133,0.13187621932710306,8,9,False,0.06248258905176751,0.07730090393612565,0.06266649912397004,False,0.6998033716919705,0.34500209521967573,0.34264900235309287,1.0345069802135392,1.0837080989557608,1.039470258781835,1.4388163815079134,1.9230769230769231,-2.2469695581637397,0.5811621251508828,260.0,gm_derived,167.77000427246094,131021840.0,21981534656.585693,26104134656.585693,2954900000.0,4122600000.0,1381700000.0,254400000.0,57000000.0,261700000.0,4121800000.0,3102300000.0,1366000000.0,1127300000.0,1070300000.0,1063000000.0,1627700000.0,910200000.0,1050644921.4128782,0.23086023322629712,0.3555602292506948,19.109908240545895,24.38954933811613,0.041001167595876575,24.557041069224546,0.04072151841018107,24.15022484792979,1.2385190068116898,2.532284819069853,1863100000.0,346600000.0,0.7478087244915226,7.0,0.2471199479102812,0.26901761551619463,2.307692307692308,-2.531236754586075,0.5305490307762977,260.0,[],True,1.0,ig,Commercial and Professional Services,50.0,100.0,85.71428571428571,50.0,63.63636363636363,72.72727272727273,18.181818181818173,45.45454545454546,12.5,1.0,52.47521727522039,"{'profitability': 100.0, 'growth': 58.2, 'balance': 15.6, 'stability': 84.4}",59.55373519172235,False,0.0667289829195461,22.81517196725494,,56.01447623347137,,False,"{""floor"": false, ""depressed_arms"": {""self_pct"": true, ""self_z"": true, ""median_ratio"": true}, ""yield_arm"": false, ""residual_arm"": false, ""brakes"": {""gm"": true, ""fcf_margin"": true, ""roic"": true}, ""self_pct"": 2.307692307692308, ""self_z"": -2.531236754586075, ""median_ratio"": 0.5305490307762977, ""fcf_yield"": 0.041001167595876575, ""yield_threshold"": 0.0495, ""gs10"": 0.0495, ""residual_pct"": null, ""brake_values"": {""gm"": 1.0345069802135392, ""fcf_margin"": 1.0837080989557608, ""roic"": 1.4388163815079134}}",False,"{""floor"": false, ""mom_sector_pct"": 12.5, ""eps_rev_proxy"": null}"
NCLH,1513761,Norwegian Cruise Line Holdings,Consumer Discretionary,"Hotels, Resorts & Cruise Lines",Consumer Services,8.960985626283367,5.9986310746064335,244406795.22426572,-0.35978618872524804,-0.4227511137099814,-0.411595370099361,5.0,-0.03520968147804673,20.771945373220845,-1.1321265783836587,-0.12803268593160969,,-1.0023248885535925,0.085396809309951,,7,9,False,0.5033277455063068,,,False,0.4245725483777475,-0.12543504938347835,0.07866898253125497,-12.058403557057707,0.11079595848952017,-0.07848651014221392,,38.20224719101123,-0.06780927424611559,0.9217742796943695,178.0,gm_derived,14.3100004196167,459187846.0,6570978268.942888,8647460268.942888,4649348000.0,2076482000.0,2109712000.0,3295106000.0,88312000.0,1222571000.0,2045110000.0,10154307000.0,1532360000.0,-1185394000.0,-1273706000.0,798829000.0,2754931000.0,760722000.0,1507832900.8734477,0.01600609460345628,0.32431061320285076,5.643230225888752,,-0.14729249518202234,10.825170679761111,0.0923772963570555,8.637818110877415,-1.5582486111877927,0.7423452710793845,135764000.0,4771000.0,0.03022681890019848,1.0,,,,,,,"['mktcap<10B', 'fcf_cagr5 gate']",False,0.8,ig,Consumer Services,,7.6923076923076925,20.0,26.923076923076923,15.384615384615385,7.6923076923076925,66.66666666666667,92.3076923076923,9.090909090909092,1.0,37.632283779588384,"{'profitability': 50.0, 'growth': 100.0, 'balance': 75.3, 'stability': 51.9}",,False,,,,,,False,"{""floor"": false, ""depressed_arms"": {""self_pct"": false, ""self_z"": false, ""median_ratio"": false}, ""yield_arm"": false, ""residual_arm"": false, ""brakes"": {""gm"": false, ""fcf_margin"": false, ""roic"": false}, ""self_pct"": null, ""self_z"": null, ""median_ratio"": null, ""fcf_yield"": -0.14729249518202234, ""yield_threshold"": 0.0495, ""gs10"": 0.0495, ""residual_pct"": null, ""brake_values"": {""gm"": -12.058403557057707, ""fcf_margin"": 0.11079595848952017, ""roic"": null}}",False,"{""floor"": false, ""mom_sector_pct"": 9.090909090909092, ""eps_rev_proxy"": null}"
STZ,16918,Constellation Brands,Consumer Staples,Distillers & Vintners,Food Beverage and Tobacco,21.245722108145106,5.9986310746064335,242792775.77430725,-0.07225145900769037,-0.3104473723468182,-0.18270112703878127,10.0,0.5155978845469453,0.021533819935070784,0.17540775927474656,0.18277547581964404,0.0810353579013169,0.24649287718491136,0.24346740579311513,0.06489247450289357,8,9,False,0.011881573321183447,-0.01571896922042826,-0.022518323864087253,False,0.5261850342840108,0.19454105800125873,0.2438967835966743,1.0205337338541804,1.1090789757854618,0.9894678758352536,1.3093880547692003,1.9230769230769231,-1.9423966233779335,0.6866721923759335,260.0,shares_was_proxy,112.91999816894531,170778434.0,19284300454.575348,30366800454.575348,19338100000.0,11082500000.0,2693600000.0,859400000.0,72300000.0,412400000.0,11082500000.0,9056700000.0,2852900000.0,1834200000.0,1761900000.0,2208900000.0,3265300000.0,1824400000.0,2151080276.2824574,0.24600221659278024,0.11123534764441477,10.644186776464421,17.23525765059047,0.05802060057777788,13.74747632512805,0.07274062354063997,10.570215114325448,1.0053716290287218,3.394021988791229,5248900000.0,3340900000.0,0.4441904840703068,5.0,0.08495216314159953,0.10475588141953707,1.153846153846154,-1.8646991323305326,0.5855165066085646,260.0,[],True,1.0,ig,Food Beverage and Tobacco,36.36363636363637,71.42857142857143,50.0,27.27272727272727,53.57142857142857,38.46153846153847,30.769230769230774,92.85714285714286,22.22222222222222,1.0,23.456495375883655,"{'profitability': 62.7, 'growth': 5.0, 'balance': 0.0, 'stability': 88.2}",80.8377911155826,False,-0.13661524495702126,19.758275062068044,,52.14714324573313,,False,"{""floor"": false, ""depressed_arms"": {""self_pct"": true, ""self_z"": true, ""median_ratio"": true}, ""yield_arm"": true, ""residual_arm"": false, ""brakes"": {""gm"": true, ""fcf_margin"": true, ""roic"": true}, ""self_pct"": 1.153846153846154, ""self_z"": -1.8646991323305326, ""median_ratio"": 0.5855165066085646, ""fcf_yield"": 0.05802060057777788, ""yield_threshold"": 0.0495, ""gs10"": 0.0495, ""residual_pct"": null, ""brake_values"": {""gm"": 1.0205337338541804, ""fcf_margin"": 1.1090789757854618, ""roic"": 1.3093880547692003}}",False,"{""floor"": false, ""mom_sector_pct"": 22.22222222222222, ""eps_rev_proxy"": null}"
HSY,47111,Hershey Company (The),Consumer Staples,Packaged Foods & Meats,Food Beverage and Tobacco,69.57152635181383,5.9986310746064335,240117224.77376804,-0.08588415796807691,-0.29331035849690945,-0.1320254447949354,10.0,0.4278744447530034,0.11229634950996795,0.15733348026206667,0.16722486187643806,0.08320591443086103,0.17220669102804403,0.1807115722044123,0.06697725161833572,9,9,False,0.0748639898139154,0.0769782050700687,0.04863373705692298,False,0.38377373989552044,0.1774801560550586,0.1691796191883006,0.8969307342415818,1.1280507858812636,0.9824218686180407,0.7953141090522835,4.230769230769231,-2.186899270623229,0.7631941631388699,260.0,shares_was_proxy,164.41000366210938,218731000.0,35961564511.016846,41169204511.016846,9770330000.0,5207640000.0,2656591000.0,428434000.0,69304000.0,529401000.0,5207640000.0,12163912000.0,2162830000.0,2228157000.0,2158853000.0,2057886000.0,2692231000.0,1489107000.0,1675331258.9360166,0.22539854776565127,0.171471307410908,19.034877688499257,19.069943396339095,0.05243854054606017,20.0055807323714,0.049986052061057225,24.149751838529298,1.4963041608158447,1.934321386240631,2985609000.0,331134000.0,0.3394709288222609,10.0,0.2156019935509978,0.2417870246745679,0.38461538461538464,-2.5068825403107886,0.6598894125917719,260.0,[],True,1.0,ig,Food Beverage and Tobacco,81.81818181818183,64.28571428571429,42.857142857142854,81.81818181818183,53.57142857142857,76.92307692307693,61.53846153846153,42.85714285714286,14.814814814814813,1.0,50.90326236707616,"{'profitability': 76.3, 'growth': 63.3, 'balance': 35.5, 'stability': 84.6}",67.48232204223751,False,-0.055371479600751616,20.155655742204228,,59.19279220465684,,False,"{""floor"": false, ""depressed_arms"": {""self_pct"": true, ""self_z"": true, ""median_ratio"": true}, ""yield_arm"": true, ""residual_arm"": false, ""brakes"": {""gm"": false, ""fcf_margin"": true, ""roic"": false}, ""self_pct"": 0.38461538461538464, ""self_z"": -2.5068825403107886, ""median_ratio"": 0.6598894125917719, ""fcf_yield"": 0.05243854054606017, ""yield_threshold"": 0.0495, ""gs10"": 0.0495, ""residual_pct"": null, ""brake_values"": {""gm"": 0.8969307342415818, ""fcf_margin"": 1.1280507858812636, ""roic"": 0.7953141090522835}}",False,"{""floor"": false, ""mom_sector_pct"": 14.814814814814813, ""eps_rev_proxy"": null}"
WAB,943452,Wabtec,Industrials,Construction Machinery & Heavy Transportation Equipment,Capital Goods,7.586584531143052,5.9986310746064335,240116126.23688212,0.42034020870770084,-0.032489980154712605,0.4680933373042815,10.0,0.3151459767033983,0.04788649358649496,0.11869470857543607,0.11467655331117362,0.2562618698468932,0.08503085807427482,0.06929174124264893,0.3943030410162603,8,9,False,0.08125695343398509,0.18262028879515158,,False,0.34974958263772954,0.1352253756260434,0.11469115191986644,1.1098018330943145,1.1392704632667032,1.3488179999275465,1.2358625124569798,47.30769230769231,-0.030233882646296423,0.9844929029106964,260.0,,292.3699951171875,168910851.0,49384464682.109985,55315464682.109985,17145000000.0,5931000000.0,1999000000.0,285000000.0,94000000.0,531000000.0,5901000000.0,11980000000.0,1964000000.0,1714000000.0,1620000000.0,1374000000.0,2495000000.0,1269000000.0,1471558426.3065178,0.2507339988256019,0.08583017942878494,28.164696884984718,34.1453485692037,0.029286565869235788,40.25870792002182,0.024839346607611095,38.9160478188416,1.350669818754925,2.3651302605210422,10603000000.0,3225000000.0,0.8065325167687373,3.0,0.0694496180308509,0.06845030014714407,75.76923076923077,1.1162873097710817,1.2780036591504813,260.0,[],True,1.0,ig,Capital Goods,13.513513513513514,65.85365853658537,37.5,28.04878048780488,64.28571428571429,74.35897435897436,27.02702702702703,29.268292682926827,89.0625,1.0,36.51947153544143,"{'profitability': 40.0, 'growth': 83.9, 'balance': 21.2, 'stability': 76.8}",27.609010757138144,False,0.21877705435413342,27.435816093511367,,32.06424114628979,,False,"{""floor"": false, ""depressed_arms"": {""self_pct"": false, ""self_z"": false, ""median_ratio"": false}, ""yield_arm"": false, ""residual_arm"": false, ""brakes"": {""gm"": true, ""fcf_margin"": true, ""roic"": true}, ""self_pct"": 75.76923076923077, ""self_z"": 1.1162873097710817, ""median_ratio"": 1.2780036591504813, ""fcf_yield"": 0.029286565869235788, ""yield_threshold"": 0.0495, ""gs10"": 0.0495, ""residual_pct"": null, ""brake_values"": {""gm"": 1.1098018330943145, ""fcf_margin"": 1.1392704632667032, ""roic"": 1.2358625124569798}}",False,"{""floor"": false, ""mom_sector_pct"": 89.0625, ""eps_rev_proxy"": null}"
EFX,33185,Equifax,Industrials,Research & Consulting Services,Commercial and Professional Services,29.27857631759069,5.9986310746064335,239290387.95782986,-0.24336125355099836,-0.3693487051857195,-0.3769963646854111,9.0,,,0.11303810284598677,0.12874267307387655,0.49393722693805325,0.09964525402578114,0.09897731073207654,0.46669331855268587,9,9,False,0.08035053389890412,0.16662229501691672,0.10487097450192295,False,,0.15714174877802778,0.1199006905112887,,1.3901661901751108,1.2032754764242648,1.0331362387307905,0.7692307692307693,-0.9108964680348588,0.44064139364441607,260.0,gm_derived,145.77999877929688,117484896.0,17126947995.46582,22442147995.46582,9695400000.0,5315200000.0,1612400000.0,507400000.0,92300000.0,747400000.0,5297000000.0,6444500000.0,1150400000.0,1105000000.0,1012700000.0,772700000.0,1897800000.0,691400000.0,851337570.4113083,0.25996386438516317,0.08780840093356729,19.50812586532147,22.160707016358074,0.04512491407705735,29.04380483430286,0.034430750575039214,24.771402943977176,1.5982065374602257,2.7911265676045947,6792800000.0,1319000000.0,0.8366648101161376,1.0,0.08499208298165985,0.08393549212194472,0.38461538461538464,-0.45981297599607335,0.3962069907517948,260.0,[],True,0.9,ig,Commercial and Professional Services,10.0,36.36363636363637,,9.090909090909092,18.181818181818183,100.0,0.0,27.272727272727266,15.625,1.0,30.735562541316504,"{'profitability': 46.7, 'growth': 83.5, 'balance': 7.0, 'stability': 67.1}",60.612909426211985,False,-0.006285357672819458,22.300433642148413,,45.67423598376425,,False,"{""floor"": false, ""depressed_arms"": {""self_pct"": true, ""self_z"": false, ""median_ratio"": true}, ""yield_arm"": false, ""residual_arm"": false, ""brakes"": {""gm"": false, ""fcf_margin"": true, ""roic"": true}, ""self_pct"": 0.38461538461538464, ""self_z"": -0.45981297599607335, ""median_ratio"": 0.3962069907517948, ""fcf_yield"": 0.04512491407705735, ""yield_threshold"": 0.0495, ""gs10"": 0.0495, ""residual_pct"": null, ""brake_values"": {""gm"": null, ""fcf_margin"": 1.3901661901751108, ""roic"": 1.0331362387307905}}",False,"{""floor"": false, ""mom_sector_pct"": 15.625, ""eps_rev_proxy"": null}"
LYB,1489393,LyondellBasell,Materials,Specialty Chemicals,Materials,14.064339493497604,5.9986310746064335,237989821.32121953,0.3649213768311068,-0.26056702380852104,0.25210907870891,10.0,0.13850326933221963,0.24168704280304712,0.07422233037564255,0.0824364234603873,0.5846947696839863,0.08426107431732625,0.09478503894868288,0.5510691146888592,5,9,True,0.022373159046871427,-0.4911011636856222,-0.16842407016118444,False,0.12759681969735825,0.04731982559630674,0.0463901000256476,0.9212549300283973,0.6375416314311203,0.550551964848478,0.37137761176619855,78.84615384615384,0.9002965894393955,1.668991515666523,260.0,gm_derived,58.27000045776367,323037952.0,18823421610.91504,20987421610.91504,12835000000.0,2164000000.0,2973000000.0,1395000000.0,102000000.0,1424000000.0,2155000000.0,31192000000.0,963000000.0,1578000000.0,1476000000.0,1447000000.0,2387000000.0,,797460525.1644281,0.17189976618439448,0.06213171212812062,21.79379191164594,14.219120332598266,0.07032783861512407,14.504092336499681,0.06894605858813314,,,0.902806870548806,705000000.0,450000000.0,0.08998831320607713,9.0,0.16730063999451789,0.16613580599496441,67.6923076923077,0.30064576001430865,1.5574223460380976,260.0,['fcf_cagr5 gate'],False,0.9,ig,Materials,75.0,57.14285714285714,7.142857142857142,92.85714285714286,71.42857142857143,,63.63636363636363,58.33333333333333,71.42857142857143,1.0,9.660521240809842,"{'profitability': 25.0, 'growth': 9.3, 'balance': 69.9, 'stability': 28.6}",52.04516009517552,False,-0.6936571995884226,28.452748408370258,,30.85284066799268,,False,"{""floor"": false, ""depressed_arms"": {""self_pct"": false, ""self_z"": false, ""median_ratio"": false}, ""yield_arm"": true, ""residual_arm"": false, ""brakes"": {""gm"": false, ""fcf_margin"": false, ""roic"": false}, ""self_pct"": 67.6923076923077, ""self_z"": 0.30064576001430865, ""median_ratio"": 1.5574223460380976, ""fcf_yield"": 0.07032783861512407, ""yield_threshold"": 0.0495, ""gs10"": 0.0495, ""residual_pct"": null, ""brake_values"": {""gm"": 0.9212549300283973, ""fcf_margin"": 0.6375416314311203, ""roic"": 0.37137761176619855}}",False,"{""floor"": false, ""mom_sector_pct"": 71.42857142857143, ""eps_rev_proxy"": null}"
DRI,940944,Darden Restaurants,Consumer Discretionary,Restaurants,Consumer Services,31.33196440793977,5.9986310746064335,237139374.9490798,0.1582942147337909,-0.12536620315649527,0.05222761894959471,10.0,0.199230317545572,0.026501449223354265,0.08347671135655174,0.08358208955223881,0.07634215600805352,0.09425722451180374,0.09206157311186003,0.11697399538565519,7,9,False,0.12919005107612413,0.03580420358021419,0.09507608928610467,False,0.20302174719360527,0.07872287277929589,0.09181055037885383,1.0190303850073723,0.9430519183134694,0.9740425824585625,1.0486921152895066,59.61538461538461,0.33715339452701815,1.0400337503194266,260.0,,197.02000427246094,114077969.0,22475641939.773666,29799841939.773666,9531700000.0,7324200000.0,1853100000.0,734000000.0,79100000.0,561100000.0,7324200000.0,13210900000.0,1582800000.0,1119100000.0,1040000000.0,1212900000.0,2143900000.0,1206700000.0,1383439694.6564887,0.12595419847328243,0.14514091868779846,18.827294629627033,28.653694172859293,0.03489951396728445,24.56908396386649,0.04070155816434549,18.62570807969973,0.9274053202950194,3.41629740193106,1658200000.0,14300000.0,0.1754671254865344,5.0,0.13840184032253378,0.13895180613002628,67.3076923076923,0.6524912430201789,1.0932569797994578,260.0,[],True,1.0,ig,Consumer Services,58.333333333333336,53.84615384615385,60.0,61.53846153846154,80.76923076923077,30.76923076923077,33.33333333333334,38.46153846153846,69.6969696969697,1.0,32.695456317820614,"{'profitability': 50.5, 'growth': 64.9, 'balance': 0.0, 'stability': 82.4}",35.79554977120007,False,0.21312698385460305,23.153718464617942,,34.24550304451034,,False,"{""floor"": false, ""depressed_arms"": {""self_pct"": false, ""self_z"": false, ""median_ratio"": false}, ""yield_arm"": false, ""residual_arm"": false, ""brakes"": {""gm"": true, ""fcf_margin"": false, ""roic"": true}, ""self_pct"": 67.3076923076923, ""self_z"": 0.6524912430201789, ""median_ratio"": 1.0932569797994578, ""fcf_yield"": 0.03489951396728445, ""yield_threshold"": 0.0495, ""gs10"": 0.0495, ""residual_pct"": null, ""brake_values"": {""gm"": 1.0190303850073723, ""fcf_margin"": 0.9430519183134694, ""roic"": 1.0486921152895066}}",False,"{""floor"": false, ""mom_sector_pct"": 69.6969696969697, ""eps_rev_proxy"": null}"
CDW,1402057,CDW Corporation,Information Technology,Technology Distributors,Technology Hardware and Equipment,7.017111567419575,5.9986310746064335,235465914.21123305,-0.023778304939802708,-0.16556537825512818,-0.16504153282737122,10.0,0.20457650910546005,0.09013765605118493,,,0.22242613210496784,0.04458437512985059,0.044015040823287166,0.24262197165446053,7,9,False,0.03958829916272788,,,False,0.21360061956392232,0.036603632278599516,0.0291143980527991,1.0441111762925346,,0.6530179680214051,0.9499696367135091,71.92307692307692,0.5416196290228337,1.123481206325557,260.0,sbc_unreported,130.3300018310547,125017426.0,16293521359.493744,21928921359.493744,8077500000.0,5635400000.0,981800000.0,121600000.0,,297600000.0,5635400000.0,23500400000.0,1678600000.0,860200000.0,860200000.0,684200000.0,1976200000.0,1080300000.0,1250269980.6949806,0.25517098731384447,0.15478427492355068,13.063815893895951,25.49281720471256,0.03922673559261005,32.05045507087656,0.031200805036577302,15.082404294634587,0.7962602980653523,2.851634449954458,4652100000.0,1186400000.0,0.722810275456515,10.0,0.16293602336495558,0.16188756039143823,55.38461538461539,0.07483748000468547,1.016503931554242,260.0,['fcf_cagr5 gate'],False,0.9,ig,Technology Hardware and Equipment,42.857142857142854,,15.0,85.71428571428571,64.28571428571429,19.047619047619047,0.0,90.47619047619048,28.8135593220339,1.0,20.480007642618073,"{'profitability': 46.0, 'growth': 33.0, 'balance': 4.9, 'stability': 68.8}",55.591728884469944,False,-0.32978516488640075,35.452079066886164,,38.03586826354401,,False,"{""floor"": false, ""depressed_arms"": {""self_pct"": false, ""self_z"": false, ""median_ratio"": false}, ""yield_arm"": false, ""residual_arm"": false, ""brakes"": {""gm"": true, ""fcf_margin"": false, ""roic"": true}, ""self_pct"": 55.38461538461539, ""self_z"": 0.07483748000468547, ""median_ratio"": 1.016503931554242, ""fcf_yield"": 0.03922673559261005, ""yield_threshold"": 0.0495, ""gs10"": 0.0495, ""residual_pct"": null, ""brake_values"": {""gm"": 1.0441111762925346, ""fcf_margin"": null, ""roic"": 0.9499696367135091}}",False,"{""floor"": false, ""mom_sector_pct"": 28.8135593220339, ""eps_rev_proxy"": null}"
GRMN,1121788,Garmin,Consumer Discretionary,Consumer Electronics,Consumer Durables and Apparel,13.796030116358658,5.9986310746064335,235211059.839717,0.09126764030787715,-0.05050450105819437,0.16279768585227394,10.0,0.5813631200164734,0.008753557192912046,0.15319511106563782,0.1651931352329626,0.3194510232230973,0.16811516279952407,0.17698897760119048,0.2696051643643785,8,9,False,0.11594339557461586,0.0748829109184983,0.0637569252425898,False,0.5913854255189874,0.17149244450863482,0.18610502887963934,1.0172393211014659,1.1194381029245597,1.1070091821614452,1.077267798842685,87.6923076923077,1.379084756332838,1.3528261889082345,260.0,,294.04998779296875,192856206.0,56709365020.09827,54388054020.09827,6949713000.0,-2321311000.0,1748559000.0,297001000.0,171554000.0,187934000.0,-2321311000.0,7463909000.0,1974917000.0,1451558000.0,1280004000.0,1389071000.0,2162851000.0,1736196000.0,1634349798.2026572,0.1724463366295104,0.2351679555979732,27.539412552577282,42.490534420281705,0.023534653391478103,39.154264987245625,0.025540001844645704,32.662997161667384,0.8360565281799981,-1.0732644088751375,750633000.0,,0.10800920843781607,10.0,0.21830036677102527,0.23261318568123762,82.6923076923077,0.7009510601206421,1.2941647242396255,260.0,[],True,1.0,ig,Consumer Durables and Apparel,62.5,100.0,62.5,100.0,70.0,11.11111111111111,60.0,11.111111111111114,57.57575757575758,1.0,67.56232686572459,"{'profitability': 83.0, 'growth': 79.5, 'balance': 100.0, 'stability': 77.6}",17.71287828694698,True,0.3904306548487382,28.756121800078752,66.21621621621621,42.63760257633578,3.0,False,"{""floor"": true, ""depressed_arms"": {""self_pct"": false, ""self_z"": false, ""median_ratio"": false}, ""yield_arm"": false, ""residual_arm"": false, ""brakes"": {""gm"": true, ""fcf_margin"": true, ""roic"": true}, ""self_pct"": 82.6923076923077, ""self_z"": 0.7009510601206421, ""median_ratio"": 1.2941647242396255, ""fcf_yield"": 0.023534653391478103, ""yield_threshold"": 0.0495, ""gs10"": 0.0495, ""residual_pct"": 66.21621621621621, ""brake_values"": {""gm"": 1.0172393211014659, ""fcf_margin"": 1.1194381029245597, ""roic"": 1.077267798842685}}",False,"{""floor"": true, ""mom_sector_pct"": 57.57575757575758, ""eps_rev_proxy"": 3.0}"
CRL,1100682,Charles River Laboratories,Health Care,Life Sciences Tools & Services,Pharmaceuticals Biotechnology and Life Sciences,5.377138945927447,5.9986310746064335,229243319.48951134,0.6269102634694543,-0.002032609839605626,0.6612529932670477,10.0,,,0.09496074369946848,0.10659757347489092,0.21444085952020764,0.07861432615046224,0.07209893716025707,0.20595312048383602,7,9,False,0.06549616324686203,0.0641150832577817,0.006144692963417908,False,,0.07190420974111694,0.05031399201847868,,0.7571993114194556,0.6400104724192544,0.2182226519264275,99.23076923076923,3.1012165327590444,1.8682172624430724,260.0,gm_derived,294.5899963378906,47738872.0,14063394127.65503,16000178127.65503,4776420000.0,1936784000.0,582148000.0,211543000.0,83061000.0,297882000.0,1930430000.0,3998987000.0,90144000.0,370605000.0,287544000.0,201205000.0,388026000.0,-238458000.0,73634153.8625793,0.18314969534767375,0.015416180709104162,177.49576375194167,55.644277493722804,0.017971299925905397,79.52177196220288,0.012575172500875677,,,4.97500167514548,3076851000.0,253174000.0,0.6971801056021036,3.0,0.07064427351154012,0.09347342300526175,85.38461538461539,1.019298536281723,1.3743866565886969,260.0,[],True,0.8,ig,Pharmaceuticals Biotechnology and Life Sciences,25.0,16.666666666666664,,29.166666666666668,62.5,,8.333333333333343,0.0,95.23809523809523,1.0,16.6556562673617,"{'profitability': 18.2, 'growth': 54.0, 'balance': 0.0, 'stability': 70.9}",11.43394316926098,False,0.4755242497009915,34.58620808826191,,14.044799718311339,,False,"{""floor"": false, ""depressed_arms"": {""self_pct"": false, ""self_z"": false, ""median_ratio"": false}, ""yield_arm"": false, ""residual_arm"": false, ""brakes"": {""gm"": false, ""fcf_margin"": false, ""roic"": false}, ""self_pct"": 85.38461538461539, ""self_z"": 1.019298536281723, ""median_ratio"": 1.3743866565886969, ""fcf_yield"": 0.017971299925905397, ""yield_threshold"": 0.0495, ""gs10"": 0.0495, ""residual_pct"": null, ""brake_values"": {""gm"": null, ""fcf_margin"": 0.7571993114194556, ""roic"": 0.2182226519264275}}",False,"{""floor"": false, ""mom_sector_pct"": 95.23809523809523, ""eps_rev_proxy"": null}"
GNRC,1474735,Generac,Industrials,Heavy Electrical Equipment,Capital Goods,5.522245037645448,5.9986310746064335,229018527.97692496,0.13086260743759826,-0.26487547483177065,0.2386672842514319,9.0,0.3614873028304954,0.06095382596077019,0.06630728926210988,0.07417617114918612,0.6649912494157956,0.05951821452239421,0.07897952040894962,0.8828530891345456,7,9,False,0.1111342884289317,-0.08775322776285444,-0.13409904030539777,False,0.39539422519764655,0.07394341447061908,0.06360870627016905,1.0937983771536517,1.1151626811092206,1.0687267214011564,0.7101852009954744,59.79381443298969,0.48426976868046007,1.540621027591398,194.0,,205.2100067138672,59006361.0,12108695736.970871,13248732736.970871,4017660000.0,1140037000.0,548133000.0,168884000.0,51034000.0,214757000.0,1140032000.0,4438732000.0,421488000.0,379249000.0,328215000.0,282342000.0,636245000.0,260041000.0,323490124.19659567,0.23250454533321074,0.08051704828098835,31.43323828192231,40.36601842381022,0.0247733127776145,46.92441343112562,0.021310868413257265,46.564563807133766,1.4584200183817166,1.7918129022624931,1651751000.0,721188000.0,0.5906271312156828,8.0,0.11337471995773316,0.1132596709722605,52.17391304347826,0.021264888087579384,1.0883134588274825,207.0,['fcf_cagr5 gate'],False,1.0,ig,Capital Goods,27.027027027027028,24.390243902439025,53.125,63.41463414634146,22.61904761904762,82.05128205128204,43.24324324324324,21.951219512195124,59.375,1.0,23.08320899880118,"{'profitability': 34.9, 'growth': 46.3, 'balance': 40.3, 'stability': 57.8}",31.549274580559906,False,0.37566052363841074,27.724812746592388,,27.316241789680543,,False,"{""floor"": false, ""depressed_arms"": {""self_pct"": false, ""self_z"": false, ""median_ratio"": false}, ""yield_arm"": false, ""residual_arm"": false, ""brakes"": {""gm"": true, ""fcf_margin"": true, ""roic"": false}, ""self_pct"": 52.17391304347826, ""self_z"": 0.021264888087579384, ""median_ratio"": 1.0883134588274825, ""fcf_yield"": 0.0247733127776145, ""yield_threshold"": 0.0495, ""gs10"": 0.0495, ""residual_pct"": null, ""brake_values"": {""gm"": 1.0937983771536517, ""fcf_margin"": 1.1151626811092206, ""roic"": 0.7101852009954744}}",False,"{""floor"": false, ""mom_sector_pct"": 59.375, ""eps_rev_proxy"": null}"
DOV,29905,Dover Corporation,Industrials,Industrial Machinery & Supplies & Components,Capital Goods,40.91170431211499,5.9986310746064335,224555587.20007628,0.1695244520628616,-0.17320359965944676,0.16103552164625912,10.0,0.37974150854078975,0.02567880190192772,0.1114150229008857,0.11550267412209385,0.21983569557604066,0.09475671352172418,0.10049612492903513,0.23767570986017078,6,9,False,0.03899422656407947,0.03543843341733166,0.02691420761036989,False,0.39583429328486786,0.134880038914258,0.11430196362143913,1.0423782609541867,1.2106090848650337,1.2062677078308963,0.911721059704058,12.692307692307692,-0.6458755583847222,0.8836499450759555,260.0,,191.47999572753906,134680225.0,25788568907.584,28230857907.584,10146293000.0,2442289000.0,1395359000.0,218730000.0,40863000.0,392009000.0,2442289000.0,8420564000.0,1420151000.0,1176629000.0,1135766000.0,962487000.0,1812160000.0,1134750000.0,1153085118.1254156,0.18805456734853157,0.11364595110011268,19.878771980996387,24.856227345759603,0.0402313668156321,29.331157623514915,0.03409343786684695,22.72621185951443,1.03690592641551,1.3477226072752957,5376664000.0,1642611000.0,0.6918068500485842,8.0,0.12464991335946744,0.1220213861711389,9.230769230769232,-0.7801095698242894,0.8711241978824348,260.0,[],True,1.0,ig,Capital Goods,43.24324324324324,60.97560975609756,65.625,63.41463414634146,64.28571428571429,38.46153846153847,62.16216216216216,58.53658536585366,65.625,1.0,32.397076277380414,"{'profitability': 51.5, 'growth': 31.0, 'balance': 55.1, 'stability': 69.8}",60.60910905870105,False,-0.11124655004236716,27.781070419563733,,46.503092668040736,,False,"{""floor"": false, ""depressed_arms"": {""self_pct"": true, ""self_z"": false, ""median_ratio"": false}, ""yield_arm"": false, ""residual_arm"": false, ""brakes"": {""gm"": true, ""fcf_margin"": true, ""roic"": true}, ""self_pct"": 9.230769230769232, ""self_z"": -0.7801095698242894, ""median_ratio"": 0.8711241978824348, ""fcf_yield"": 0.0402313668156321, ""yield_threshold"": 0.0495, ""gs10"": 0.0495, ""residual_pct"": null, ""brake_values"": {""gm"": 1.0423782609541867, ""fcf_margin"": 1.2106090848650337, ""roic"": 0.911721059704058}}",False,"{""floor"": false, ""mom_sector_pct"": 65.625, ""eps_rev_proxy"": null}"
HUBB,48898,Hubbell Incorporated,Industrials,Industrial Machinery & Supplies & Components,Capital Goods,2.948665297741273,5.9986310746064335,224389123.39721727,0.12915530140891684,-0.1527888377649771,0.14140954800573424,10.0,0.3226087042960694,0.09651001475307312,0.12101790171610449,0.1281617003852668,0.2609000632934075,0.11515707801918869,0.1311396080329059,0.28492618039602396,7,9,False,0.0967872864810233,0.1095693576106167,0.12617400413653557,False,0.35469721985957536,0.14614499424626007,0.13782291823018294,1.0994657463862387,1.2076312031016794,1.196825419686469,1.0255510959078005,49.23076923076923,-0.022262256758985115,0.9973978438814731,260.0,,465.7200012207031,52841777.0,24609472448.944122,26841872448.944122,6001000000.0,2232400000.0,1079000000.0,169700000.0,33000000.0,219600000.0,2221800000.0,5996100000.0,1233600000.0,909300000.0,876300000.0,826400000.0,1453200000.0,905700000.0,981904755.1954913,0.20403311025008805,0.16362352194559096,21.758975720609698,30.630916865165037,0.03264675374889769,32.48048457035833,0.030787718016762576,27.171770397420914,1.0039748261013581,1.5289017341040463,3059600000.0,53600000.0,0.5187802032994501,7.0,0.15954692320888625,0.16475793622887916,42.69230769230769,-0.1875244934085455,0.9807722556937136,260.0,[],True,1.0,ig,Capital Goods,62.16216216216216,68.29268292682927,40.625,54.87804878048781,64.28571428571429,35.8974358974359,54.05405405405405,53.65853658536585,57.8125,1.0,44.42922747130226,"{'profitability': 66.5, 'growth': 86.0, 'balance': 49.0, 'stability': 66.2}",47.25328922793864,False,0.0923776857915497,27.928066981748035,,45.841258349620446,,False,"{""floor"": false, ""depressed_arms"": {""self_pct"": false, ""self_z"": false, ""median_ratio"": false}, ""yield_arm"": false, ""residual_arm"": false, ""brakes"": {""gm"": true, ""fcf_margin"": true, ""roic"": true}, ""self_pct"": 42.69230769230769, ""self_z"": -0.1875244934085455, ""median_ratio"": 0.9807722556937136, ""fcf_yield"": 0.03264675374889769, ""yield_threshold"": 0.0495, ""gs10"": 0.0495, ""residual_pct"": null, ""brake_values"": {""gm"": 1.0994657463862387, ""fcf_margin"": 1.2076312031016794, ""roic"": 1.0255510959078005}}",False,"{""floor"": false, ""mom_sector_pct"": 57.8125, ""eps_rev_proxy"": null}"
WSM,719955,"Williams-Sonoma, Inc.",Consumer Discretionary,Homefurnishing Retail,Consumer Discretionary Distribution and Retail,1.516769336071184,5.9986310746064335,223649013.64017192,0.1564086413557424,-0.08241321828819637,0.1747651444545104,10.0,0.4433456988056802,0.038490248614738834,0.12706312368603515,0.1272614776539619,0.22871553051075788,0.13039290641401502,0.13095178036792912,0.18988302416064007,7,9,False,0.02850878391314704,-0.009193537164358001,-0.007229080269054777,False,0.4719449564755515,0.1527035825410523,0.15702729590778744,1.064507804512177,1.2017930782055468,1.2042625647840433,0.9687432205568355,74.61538461538461,1.7689669287226177,3.172064909860806,260.0,,231.02999877929688,117779173.0,27210522194.416595,27716805194.416595,2647197000.0,506283000.0,1609073000.0,265579000.0,121078000.0,230967000.0,506283000.0,8005156000.0,1537433000.0,1343494000.0,1222416000.0,1257028000.0,1768400000.0,1178646000.0,1150976245.328662,0.25136494056738606,0.4347905521684491,18.027975979712025,22.67379124162036,0.04410378438010775,22.049473197428057,0.04535255745323857,23.086255071002316,1.1398621808414062,0.2862943904094096,77369000.0,,0.029226763251847143,10.0,0.44881919474856363,0.41981016915734803,76.53846153846153,1.8271242522893685,3.2064637017907183,260.0,[],True,1.0,ig,Consumer Discretionary Distribution and Retail,87.5,87.5,77.77777777777779,93.75,55.55555555555556,88.88888888888889,75.0,22.222222222222214,66.66666666666666,1.0,44.81132574627202,"{'profitability': 75.5, 'growth': 11.9, 'balance': 90.5, 'stability': 73.6}",29.344610491337285,False,-0.2530508681149861,29.20268201012749,,37.07796811880465,,False,"{""floor"": false, ""depressed_arms"": {""self_pct"": false, ""self_z"": false, ""median_ratio"": false}, ""yield_arm"": false, ""residual_arm"": false, ""brakes"": {""gm"": true, ""fcf_margin"": true, ""roic"": true}, ""self_pct"": 76.53846153846153, ""self_z"": 1.8271242522893685, ""median_ratio"": 3.2064637017907183, ""fcf_yield"": 0.04410378438010775, ""yield_threshold"": 0.0495, ""gs10"": 0.0495, ""residual_pct"": null, ""brake_values"": {""gm"": 1.064507804512177, ""fcf_margin"": 1.2017930782055468, ""roic"": 0.9687432205568355}}",False,"{""floor"": false, ""mom_sector_pct"": 66.66666666666666, ""eps_rev_proxy"": null}"
XYL,1524472,Xylem Inc.,Industrials,Industrial Machinery & Supplies & Components,Capital Goods,14.910335386721425,5.9986310746064335,222229909.0443561,-0.2848078589048211,-0.32374240349641126,-0.31715356315715026,10.0,0.37725824070431696,0.013825168144425571,0.07755615633853155,0.06871265616512764,0.40858954143422394,0.05960558095440736,0.0584932995291561,0.3663197535199703,8,9,False,0.1405593869282733,0.07259723371599303,0.023044746725821685,False,0.39239535393381547,0.09938636861713784,0.07484111330265177,1.0401240094881388,1.2814762013645664,1.2556058024146792,,0.38461538461538464,-0.6042711189019623,0.6417731435115865,260.0,,100.91000366210938,233486812.0,23561155053.974243,25589155053.974243,12449000000.0,2028000000.0,1301000000.0,341000000.0,53000000.0,565000000.0,2025000000.0,9126000000.0,1321000000.0,960000000.0,907000000.0,683000000.0,1886000000.0,1018000000.0,,,,19.371048489003968,28.21296036821857,0.03544470296447456,37.46581999117752,0.026690994624846885,23.144553098206526,0.9430255402750491,1.0737009544008485,8256000000.0,168000000.0,0.6766808579002329,,,,0.38461538461538464,-0.5500752165099577,0.6210729038375112,260.0,[],True,0.8,ig,Capital Goods,,34.146341463414636,62.5,,64.28571428571429,30.76923076923077,64.86486486486487,63.41463414634146,7.8125,1.0,39.46242310104976,"{'profitability': 27.5, 'growth': 80.2, 'balance': 64.2, 'stability': 72.6}",68.5514181545214,False,,,,54.006920627785576,,False,"{""floor"": false, ""depressed_arms"": {""self_pct"": true, ""self_z"": false, ""median_ratio"": true}, ""yield_arm"": false, ""residual_arm"": false, ""brakes"": {""gm"": true, ""fcf_margin"": true, ""roic"": false}, ""self_pct"": 0.38461538461538464, ""self_z"": -0.5500752165099577, ""median_ratio"": 0.6210729038375112, ""fcf_yield"": 0.03544470296447456, ""yield_threshold"": 0.0495, ""gs10"": 0.0495, ""residual_pct"": null, ""brake_values"": {""gm"": 1.0401240094881388, ""fcf_margin"": 1.2814762013645664, ""roic"": null}}",False,"{""floor"": false, ""mom_sector_pct"": 7.8125, ""eps_rev_proxy"": null}"
DECK,910521,Deckers Brands,Consumer Discretionary,Footwear,Consumer Durables and Apparel,2.532511978097194,5.9986310746064335,222103943.3994791,-0.16729747678420848,-0.34338861224288353,-0.2395924474549066,10.0,0.5451392780020936,0.059427068706471076,0.1473557935506418,0.1846130424910723,0.5143436801086595,0.1521816236314129,0.18798634951937696,0.5174322271175997,9,9,False,0.1653985803329907,0.14238355335082042,0.14769983454089708,False,0.5780379857105354,0.1937606302113025,0.19409406672963908,1.0603491787071624,1.3149169472234747,1.2754106711316144,,53.07692307692308,0.2626668833300755,1.4701436352985306,260.0,,78.36000061035156,136414227.0,10689418910.980637,9590239910.980637,1202503000.0,-1099179000.0,1193713000.0,75905000.0,46837000.0,74062000.0,-1104821000.0,5527289000.0,1252917000.0,1117808000.0,1070971000.0,1072814000.0,1326979000.0,1014840000.0,,,,7.654329784798703,8.95471484380122,0.11167301443353458,8.939331432084813,0.11186518897943826,10.5331075942815,1.1014622994757794,-0.8325836354606968,13990000.0,15699000.0,0.024689335494381303,,,,52.69230769230769,0.2065646010352871,1.3559172092006162,260.0,[],True,0.8,ig,Consumer Durables and Apparel,,90.0,37.5,,70.0,44.44444444444444,50.0,77.77777777777777,27.27272727272727,1.0,61.832579062904,"{'profitability': 73.8, 'growth': 100.0, 'balance': 100.0, 'stability': 69.1}",70.52482269503545,True,,,,66.17870087896972,-5.0,False,"{""floor"": true, ""depressed_arms"": {""self_pct"": false, ""self_z"": false, ""median_ratio"": false}, ""yield_arm"": true, ""residual_arm"": false, ""brakes"": {""gm"": true, ""fcf_margin"": true, ""roic"": false}, ""self_pct"": 52.69230769230769, ""self_z"": 0.2065646010352871, ""median_ratio"": 1.3559172092006162, ""fcf_yield"": 0.11167301443353458, ""yield_threshold"": 0.0495, ""gs10"": 0.0495, ""residual_pct"": null, ""brake_values"": {""gm"": 1.0603491787071624, ""fcf_margin"": 1.3149169472234747, ""roic"": null}}",False,"{""floor"": true, ""mom_sector_pct"": 27.27272727272727, ""eps_rev_proxy"": -5.0}"
FFIV,1048695,"F5, Inc.",Information Technology,Communications Equipment,Technology Hardware and Equipment,15.775496235455167,5.9986310746064335,220356343.59654823,0.20152005668167128,-0.016927729971849104,0.34026704053781853,10.0,0.8031229335139299,0.0109350533114446,0.14842066001746476,0.14260725139585836,0.2540876570316046,0.12304448178940015,0.11004503314107311,0.5233864246278732,9,9,False,0.05607201474998624,0.08566473257280083,0.1150137046003683,False,0.8186552452277378,0.2172075814696138,0.21190197900966115,1.0193398931416997,1.4634592073910386,1.7221575151362518,1.4258809432378443,53.46153846153846,0.017456713727382733,1.0107803621666251,260.0,,435.55999755859375,56627182.0,24664535253.670044,23311133253.670044,2502327000.0,-1353402000.0,1049441000.0,79846000.0,250783000.0,97404000.0,-1353402000.0,3309332000.0,812125000.0,969595000.0,718812000.0,701254000.0,909529000.0,726510000.0,691366409.872429,0.14869458535024907,0.27628939378124,28.703873484586786,32.43008360137288,0.03083556651570477,33.2420681431693,0.030082364180625855,33.949340344482586,1.3345927791771621,-1.4880251206943373,2482495000.0,69552000.0,1.0198695054643139,7.0,0.19376750568939577,0.1685951130117355,68.46153846153847,0.5447577976476363,1.16004735124912,260.0,[],True,1.0,ig,Technology Hardware and Equipment,47.61904761904761,68.42105263157895,100.0,47.61904761904761,64.28571428571429,76.19047619047619,95.0,42.85714285714286,52.54237288135594,1.0,65.50083399016017,"{'profitability': 70.7, 'growth': 59.1, 'balance': 100.0, 'stability': 86.2}",35.21419579057769,True,-0.09280065234503576,35.58368159348538,33.78378378378378,50.35751489036893,4.0,False,"{""floor"": true, ""depressed_arms"": {""self_pct"": false, ""self_z"": false, ""median_ratio"": false}, ""yield_arm"": false, ""residual_arm"": false, ""brakes"": {""gm"": true, ""fcf_margin"": true, ""roic"": true}, ""self_pct"": 68.46153846153847, ""self_z"": 0.5447577976476363, ""median_ratio"": 1.16004735124912, ""fcf_yield"": 0.03083556651570477, ""yield_threshold"": 0.0495, ""gs10"": 0.0495, ""residual_pct"": 33.78378378378378, ""brake_values"": {""gm"": 1.0193398931416997, ""fcf_margin"": 1.4634592073910386, ""roic"": 1.4258809432378443}}",False,"{""floor"": true, ""mom_sector_pct"": 52.54237288135594, ""eps_rev_proxy"": 4.0}"
OMC,29989,Omnicom Group,Communication Services,Advertising,Media and Entertainment,28.744695414099933,5.9986310746064335,220121257.5023908,0.09742091037533007,-0.14055014006922917,0.007791940536888031,10.0,0.16772482089715476,0.247747676294742,0.09485015064372773,0.08567130858550796,0.4167021354166537,0.09465934836179912,0.08925942214658585,0.43578075114916864,5,9,False,0.0557075161852465,0.11075007077923482,0.12339290009419623,False,0.09459050463065721,0.14543693630072033,0.13519198563386534,0.5639624721296204,1.533333740786608,1.4281947633650056,,20.76923076923077,-0.35441245712668545,0.7800937688553893,260.0,gm_derived,75.0999984741211,285006196.0,21403964884.715057,29821964884.715057,17855100000.0,8418000000.0,3171800000.0,181500000.0,107100000.0,384600000.0,7783000000.0,19824400000.0,638300000.0,2990300000.0,2883200000.0,2680100000.0,1022900000.0,63000000.0,,,,46.72092258297831,10.343356300192514,0.0966804169727178,11.127183644160686,0.0898700005301682,339.74547436055644,47.46507936507936,7.608759409521947,18733900000.0,4945200000.0,1.3261813151424522,,,,10.76923076923077,-0.6647692281530202,0.6918246813417193,260.0,[],True,0.8,ig,Media and Entertainment,,33.33333333333333,25.0,,72.22222222222221,100.0,0.0,11.111111111111114,81.81818181818183,1.0,11.102625670280672,"{'profitability': 34.3, 'growth': 69.4, 'balance': 0.0, 'stability': 32.2}",62.38001161663803,False,,,,36.74131864345935,,False,"{""floor"": false, ""depressed_arms"": {""self_pct"": true, ""self_z"": false, ""median_ratio"": true}, ""yield_arm"": true, ""residual_arm"": false, ""brakes"": {""gm"": false, ""fcf_margin"": true, ""roic"": false}, ""self_pct"": 10.76923076923077, ""self_z"": -0.6647692281530202, ""median_ratio"": 0.6918246813417193, ""fcf_yield"": 0.0966804169727178, ""yield_threshold"": 0.0495, ""gs10"": 0.0495, ""residual_pct"": null, ""brake_values"": {""gm"": 0.5639624721296204, ""fcf_margin"": 1.533333740786608, ""roic"": null}}",False,"{""floor"": false, ""mom_sector_pct"": 81.81818181818183, ""eps_rev_proxy"": null}"
PODD,1145197,Insulet Corporation,Health Care,Health Care Equipment,Health Care Equipment and Services,3.542778918548939,5.9986310746064335,219793059.22005898,-0.5229037329933014,-0.5999098415195717,-0.5693905191739876,3.0,0.6798617974467656,0.049304298760763844,0.002716455016479327,0.01278651817806847,1.7933526908063109,0.03384511812113236,0.014436391491367627,1.7870425256672648,9,9,False,0.2452622671955278,,,False,0.7107486736097465,0.07067531276609682,0.10938625794196634,1.0454311100858693,26.01747952288783,3.231965613193333,1.4667004300967132,8.51063829787234,-0.19568326836458716,0.2955445550751521,188.0,,133.11000061035156,69354199.0,9231737471.220444,10136237471.220444,2326700000.0,904500000.0,511200000.0,217500000.0,77900000.0,99300000.0,904500000.0,3053400000.0,515700000.0,293700000.0,215800000.0,334000000.0,615000000.0,375300000.0,391231473.620376,0.24135839902971498,0.16814865415411354,19.65529856742378,46.9705165487509,0.02128995109010768,30.348016380899534,0.03295108278079687,24.59828795955354,0.7825739408473221,1.4707317073170731,51600000.0,115100000.0,0.07164653801521469,3.0,0.11464417048205675,0.13872106706596404,,,,,"['mktcap<10B', 'fcf_cagr5 gate']",False,0.9,ig,Health Care Equipment and Services,48.148148148148145,3.4482758620689653,77.27272727272727,41.07142857142857,5.0,13.793103448275861,55.55555555555556,53.333333333333336,2.380952380952381,1.0,42.17327042656028,"{'profitability': 37.2, 'growth': 100.0, 'balance': 51.0, 'stability': 70.1}",,False,0.6131674889091605,25.440759904554508,,,,False,"{""floor"": false, ""depressed_arms"": {""self_pct"": false, ""self_z"": false, ""median_ratio"": false}, ""yield_arm"": false, ""residual_arm"": false, ""brakes"": {""gm"": true, ""fcf_margin"": true, ""roic"": true}, ""self_pct"": null, ""self_z"": null, ""median_ratio"": null, ""fcf_yield"": 0.02128995109010768, ""yield_threshold"": 0.0495, ""gs10"": 0.0495, ""residual_pct"": null, ""brake_values"": {""gm"": 1.0454311100858693, ""fcf_margin"": 26.01747952288783, ""roic"": 1.4667004300967132}}",False,"{""floor"": false, ""mom_sector_pct"": 2.380952380952381, ""eps_rev_proxy"": null}"
TECH,842023,Bio-Techne,Health Care,Life Sciences Tools & Services,Pharmaceuticals Biotechnology and Life Sciences,5.08145106091718,5.9986310746064335,217172682.15051046,0.1571136127582582,-0.001377199742191415,0.15839169100441208,10.0,0.6662357724729555,0.01965704651584564,0.18028380645715947,0.17687012917799178,0.08887064216956629,0.12534396903105566,0.12620911756741965,0.1649814180818298,8,9,False,0.05469071323715702,-0.03084494017537176,-0.06572885157777075,False,0.6576504951692909,0.18259331593471484,0.12620911756741965,0.9871137551323648,1.0128104100026543,1.0069021951598616,0.930869024597259,53.07692307692308,0.01211741900738506,1.004756915288279,260.0,,72.51000213623047,156818238.0,11370890772.379898,11207006772.379898,1944337000.0,-163884000.0,292073000.0,28850000.0,41365000.0,97359000.0,-163125000.0,1215039000.0,251890000.0,263223000.0,221858000.0,153349000.0,349249000.0,109563000.0,190332471.2481303,0.24438258268239987,0.09789068008690381,44.491670063836985,50.51432345184712,0.019796365301284338,73.08170755844445,0.013683314654358427,103.78403998046693,2.402480764491662,-0.46707363514283506,975355000.0,326165000.0,0.6693901314432632,4.0,0.10516053010707524,0.09789068008690381,56.92307692307692,0.08732443323516093,1.031613696437057,260.0,[],True,1.0,ig,Pharmaceuticals Biotechnology and Life Sciences,41.66666666666667,50.0,55.55555555555556,45.83333333333333,62.5,88.88888888888889,75.0,20.0,47.61904761904761,1.0,53.50341287420881,"{'profitability': 59.8, 'growth': 22.8, 'balance': 100.0, 'stability': 88.0}",28.10912235634275,False,0.37029615418919004,34.88164552182476,,40.80626761527578,,False,"{""floor"": false, ""depressed_arms"": {""self_pct"": false, ""self_z"": false, ""median_ratio"": false}, ""yield_arm"": false, ""residual_arm"": false, ""brakes"": {""gm"": true, ""fcf_margin"": true, ""roic"": true}, ""self_pct"": 56.92307692307692, ""self_z"": 0.08732443323516093, ""median_ratio"": 1.031613696437057, ""fcf_yield"": 0.019796365301284338, ""yield_threshold"": 0.0495, ""gs10"": 0.0495, ""residual_pct"": null, ""brake_values"": {""gm"": 0.9871137551323648, ""fcf_margin"": 1.0128104100026543, ""roic"": 0.930869024597259}}",False,"{""floor"": false, ""mom_sector_pct"": 47.61904761904761, ""eps_rev_proxy"": null}"
RL,1037038,Ralph Lauren Corporation,Consumer Discretionary,"Apparel, Accessories & Luxury Goods",Consumer Durables and Apparel,19.655030800821354,5.9986310746064335,216338764.88470083,0.09977413037607175,-0.13064220161678564,0.12162544475749204,9.0,0.6731908040771881,0.026368850272516644,0.08590061516048361,0.0982996116029336,0.4852857448309943,0.08454448625420616,0.09984595477232115,0.49348678883700586,6,9,False,0.13017585944048937,0.16038850681605243,,False,0.702688146304098,0.09170337035618537,0.1156644963615473,1.0438172091006872,1.0675519632177344,1.3680903567592841,1.3061640378337958,58.189655172413794,0.1756227035466978,1.1152596963247636,232.0,shares_was_proxy,357.1600036621094,60100000.0,21465316220.092773,22527616220.092773,3783900000.0,1062300000.0,1317400000.0,436600000.0,114600000.0,236400000.0,1062300000.0,8355200000.0,1248000000.0,880800000.0,766200000.0,966400000.0,1484400000.0,982900000.0,987727836.3797407,0.20855141315725903,0.2610343392742252,18.05097453533075,29.401743957312416,0.034011587933418935,23.310861154897324,0.04289845807733758,21.83875899897525,0.8961237155356598,0.715642683912692,899500000.0,93300000.0,0.2623747984883321,7.0,0.19984805255175828,0.190698964556656,74.89878542510121,0.024621243461063983,1.773406876046641,247.0,[],True,1.0,ig,Consumer Durables and Apparel,50.0,50.0,75.0,72.22222222222221,25.0,22.22222222222222,30.0,33.33333333333334,60.60606060606061,1.0,44.7223404939789,"{'profitability': 66.0, 'growth': 100.0, 'balance': 76.1, 'stability': 56.4}",31.097093401302278,False,0.024091514865166364,28.70187569900811,,37.90971694764059,,False,"{""floor"": false, ""depressed_arms"": {""self_pct"": false, ""self_z"": false, ""median_ratio"": false}, ""yield_arm"": false, ""residual_arm"": false, ""brakes"": {""gm"": true, ""fcf_margin"": true, ""roic"": true}, ""self_pct"": 74.89878542510121, ""self_z"": 0.024621243461063983, ""median_ratio"": 1.773406876046641, ""fcf_yield"": 0.034011587933418935, ""yield_threshold"": 0.0495, ""gs10"": 0.0495, ""residual_pct"": null, ""brake_values"": {""gm"": 1.0438172091006872, ""fcf_margin"": 1.0675519632177344, ""roic"": 1.3061640378337958}}",False,"{""floor"": false, ""mom_sector_pct"": 60.60606060606061, ""eps_rev_proxy"": null}"
LVS,1300514,Las Vegas Sands,Consumer Discretionary,Casinos & Gaming,Consumer Services,6.9897330595482545,5.9986310746064335,214397778.2809481,-0.1106325455697128,-0.42107505689907965,-0.22268042309173341,7.0,,,-0.033700289625769264,0.1383575324575555,2.640444568868794,0.09702989786465398,0.22217100714450333,1.1621407839663513,6,9,False,0.34658172096858997,,,False,,0.19221517603323857,0.26160798892047527,,-5.703665403702029,2.696158551927877,2.403995642292418,,,,,,38.779998779296875,647701184.0,25117851124.86914,38171851124.86914,13635000000.0,13054000000.0,3732000000.0,1029000000.0,66000000.0,77000000.0,12738000000.0,13719000000.0,2948000000.0,2703000000.0,2637000000.0,3589000000.0,3025000000.0,1727000000.0,2458345004.269855,0.16609735269000853,0.18029666331278732,12.94838911969781,14.475483930553333,0.06908231909879745,10.635790227046291,0.09402216277799924,14.54421026338688,1.5651418645049218,4.210909090909091,103000000.0,488000000.0,0.04334433443344334,7.0,0.0749987479764559,0.1393881061823174,0.5988023952095809,-0.4120837791362207,0.5567659704196799,167.0,['fcf_cagr5 gate'],False,0.9,ig,Consumer Services,50.0,23.076923076923077,,76.92307692307693,30.76923076923077,69.23076923076923,11.111111111111114,69.23076923076923,45.45454545454545,1.0,24.44773920659385,"{'profitability': 62.5, 'growth': 100.0, 'balance': 0.0, 'stability': 44.4}",79.28116054142319,False,-0.4565993872518992,22.852393090972907,,51.86444987400852,,False,"{""floor"": false, ""depressed_arms"": {""self_pct"": true, ""self_z"": false, ""median_ratio"": true}, ""yield_arm"": true, ""residual_arm"": false, ""brakes"": {""gm"": false, ""fcf_margin"": false, ""roic"": true}, ""self_pct"": 0.5988023952095809, ""self_z"": -0.4120837791362207, ""median_ratio"": 0.5567659704196799, ""fcf_yield"": 0.06908231909879745, ""yield_threshold"": 0.0495, ""gs10"": 0.0495, ""residual_pct"": null, ""brake_values"": {""gm"": null, ""fcf_margin"": -5.703665403702029, ""roic"": 2.403995642292418}}",False,"{""floor"": false, ""mom_sector_pct"": 45.45454545454545, ""eps_rev_proxy"": null}"
ZBRA,877212,Zebra Technologies,Information Technology,Electronic Equipment & Instruments,Technology Hardware and Equipment,6.767967145790554,5.9986310746064335,213054264.85977313,0.18927241277461926,-0.01227122961306737,0.21920587263001257,9.0,0.46980986097445443,0.02398001504640197,0.09756189472170244,0.12379540400296515,0.6639099010213969,0.07645980771507294,0.10544848035581912,0.9339652698845281,7,9,False,0.03939693656763299,-0.014729232461778152,-0.05748088617015479,False,0.495809817000171,0.12485035060714897,0.1017615871387036,1.055341443816843,1.2797040377627706,1.3309160744677466,0.8657274000436184,60.57692307692307,0.07656800294288987,1.1346415046843987,208.0,,371.8699951171875,47310660.0,17593414903.190918,20398414903.190918,6240000000.0,2805000000.0,979000000.0,75000000.0,174000000.0,210000000.0,2805000000.0,5847000000.0,858000000.0,904000000.0,730000000.0,595000000.0,1068000000.0,539000000.0,652273624.8236954,0.2397743300423131,0.10453102961918195,23.774376344045358,27.943034113960163,0.035787094412213685,34.28305025746373,0.029168933116804303,32.640843976235466,1.6771799628942485,2.6264044943820224,4701000000.0,809000000.0,0.8830128205128205,5.0,0.12074358465946129,0.09327397055776941,50.0,-0.0014601294568060855,0.9961756313432314,234.0,[],True,1.0,ig,Technology Hardware and Equipment,23.809523809523807,42.10526315789473,65.0,35.714285714285715,26.190476190476193,95.23809523809523,5.0,71.42857142857143,50.847457627118644,1.0,17.150793269964186,"{'profitability': 48.1, 'growth': 16.4, 'balance': 12.5, 'stability': 61.5}",50.46257209266106,False,-0.23160650063594534,35.22564760694824,,33.80668268131262,,False,"{""floor"": false, ""depressed_arms"": {""self_pct"": false, ""self_z"": false, ""median_ratio"": false}, ""yield_arm"": false, ""residual_arm"": false, ""brakes"": {""gm"": true, ""fcf_margin"": true, ""roic"": false}, ""self_pct"": 50.0, ""self_z"": -0.0014601294568060855, ""median_ratio"": 0.9961756313432314, ""fcf_yield"": 0.035787094412213685, ""yield_threshold"": 0.0495, ""gs10"": 0.0495, ""residual_pct"": null, ""brake_values"": {""gm"": 1.055341443816843, ""fcf_margin"": 1.2797040377627706, ""roic"": 0.8657274000436184}}",False,"{""floor"": false, ""mom_sector_pct"": 50.847457627118644, ""eps_rev_proxy"": null}"
LH,920148,Labcorp,Health Care,Health Care Services,Health Care Equipment and Services,21.908281998631075,5.9986310746064335,211591211.91983265,0.1923032527413766,-0.07761868260467497,0.1291300135943203,10.0,0.3071127043945487,0.12585442907183025,0.10546711065494778,0.0774242565422135,0.4333340904458086,0.0933498405688397,0.0634642437100754,0.5362573579245019,7,9,False,-0.00038374040677147114,-0.07213807399036487,-0.09835784744759202,False,0.28882771117925843,0.07176609980485085,0.05691385558962922,0.9404616189638333,0.6804595229658364,0.6096834792948446,,91.92307692307692,1.0941140876877782,1.3466388613433156,260.0,,309.57000732421875,81100000.0,25106127593.99414,31750627593.99414,15251300000.0,6644500000.0,1638400000.0,483200000.0,125500000.0,696300000.0,6624300000.0,14348000000.0,1496600000.0,1155200000.0,1029700000.0,816600000.0,2192900000.0,1002800000.0,,,,21.215172787648097,30.834833052339654,0.03243085501071403,38.88149350231954,0.02571917665509282,25.036026719180434,1.1519744714798563,3.0207943818687584,7030100000.0,3136600000.0,0.6666120265157724,,,,83.46153846153847,1.0229410881193195,1.3386726797995825,260.0,"['rev_cagr5 gate', 'fcf_cagr5 gate']",False,0.8,ig,Health Care Equipment and Services,,48.275862068965516,18.181818181818183,,58.333333333333336,37.93103448275862,18.51851851851852,43.333333333333336,54.761904761904766,1.0,6.273705344941185,"{'profitability': 28.7, 'growth': 0.0, 'balance': 0.0, 'stability': 54.6}",29.79308629044825,False,,,,18.033395817694718,,False,"{""floor"": false, ""depressed_arms"": {""self_pct"": false, ""self_z"": false, ""median_ratio"": false}, ""yield_arm"": false, ""residual_arm"": false, ""brakes"": {""gm"": false, ""fcf_margin"": false, ""roic"": false}, ""self_pct"": 83.46153846153847, ""self_z"": 1.0229410881193195, ""median_ratio"": 1.3386726797995825, ""fcf_yield"": 0.03243085501071403, ""yield_threshold"": 0.0495, ""gs10"": 0.0495, ""residual_pct"": null, ""brake_values"": {""gm"": 0.9404616189638333, ""fcf_margin"": 0.6804595229658364, ""roic"": null}}",False,"{""floor"": false, ""mom_sector_pct"": 54.761904761904766, ""eps_rev_proxy"": null}"
APA,1841666,APA Corporation,Energy,Oil & Gas Exploration & Production,Energy,29.17180013689254,5.9986310746064335,209116298.2609044,0.8036549759696845,-0.05660791533973375,0.7850997806461026,4.0,0.4806949264706237,0.12787378975173047,0.14882482846329473,0.14634371934610071,0.5243235562296557,0.22930262358320685,0.22158228826838883,0.4127225259668044,1,3,False,,,,False,0.5148762207585738,0.2387008857597093,0.2657279127867363,1.0711080820821581,1.6039049950498083,1.1588524746656979,0.7028537535225448,,,,,sbc_unreported;facts_yf,42.33000183105469,350351510.0,14830380059.812775,19052380059.812775,11243000000.0,4222000000.0,4528000000.0,2426000000.0,,2188000000.0,3299000000.0,8806000000.0,3640000000.0,2102000000.0,2102000000.0,2340000000.0,5828000000.0,1677000000.0,2318493723.8493724,0.36305117476665594,0.20621664358706504,5.2341703461024105,9.063929619321016,0.1103274233140957,8.14204276060375,0.12281930093005897,8.843398962321272,1.2534287418008347,0.5660603980782429,,,0.0,4.0,0.2933990784762174,0.23483588338642075,,,,,"['rev_cagr5 gate', 'fcf_cagr5 gate']",False,0.9,ig,Energy,90.9090909090909,75.0,80.0,68.18181818181817,13.636363636363635,80.0,63.63636363636363,90.9090909090909,72.72727272727273,0.7,23.122776621902723,"{'profitability': 79.3, 'growth': None, 'balance': 81.1, 'stability': 28.9}",,False,-0.7725944882803111,19.626824885022014,,,,False,"{""floor"": false, ""depressed_arms"": {""self_pct"": false, ""self_z"": false, ""median_ratio"": false}, ""yield_arm"": true, ""residual_arm"": false, ""brakes"": {""gm"": true, ""fcf_margin"": true, ""roic"": false}, ""self_pct"": null, ""self_z"": null, ""median_ratio"": null, ""fcf_yield"": 0.1103274233140957, ""yield_threshold"": 0.0495, ""gs10"": 0.0495, ""residual_pct"": null, ""brake_values"": {""gm"": 1.0711080820821581, ""fcf_margin"": 1.6039049950498083, ""roic"": 0.7028537535225448}}",False,"{""floor"": false, ""mom_sector_pct"": 72.72727272727273, ""eps_rev_proxy"": null}"
WST,105770,West Pharmaceutical Services,Health Care,Health Care Supplies,Health Care Equipment and Services,6.354551676933607,5.9986310746064335,208278705.85929424,0.25121281351958125,0.0,0.3825281174049986,10.0,0.3791735860692516,0.06548686709520675,0.12279722051539388,0.13261916062105905,0.18545619442774117,0.18142161542250174,0.1820370189649003,0.13157355400857676,8,9,False,0.07443769129295252,0.0948223416998002,0.11181063049575268,False,0.3678610075748467,0.12152819526271492,0.13472405915594565,0.9701651726016094,0.9896656842284157,0.7426020259063123,0.8469307175296453,89.23076923076924,1.4579803983211563,1.4062027836563562,260.0,,375.6499938964844,70375762.0,26436654565.760437,26308854565.760437,2862400000.0,-127800000.0,662200000.0,225300000.0,32600000.0,181400000.0,-127800000.0,3326800000.0,680400000.0,436900000.0,404300000.0,448200000.0,861800000.0,564900000.0,538944290.6574394,0.20790080738177624,0.18828405906143075,38.66674686325755,65.07260590096571,0.015367449730258297,58.698916924945195,0.017036089461048155,46.79882203179401,0.7734112232253496,-0.14829426781155722,108700000.0,17700000.0,0.044158747903856904,4.0,0.2223134137944881,0.21302831719844637,64.23076923076924,0.14770523922872186,1.0368172845100603,260.0,[],True,1.0,ig,Health Care Equipment and Services,81.48148148148148,68.96551724137932,27.27272727272727,51.78571428571429,58.333333333333336,10.344827586206897,77.77777777777777,6.666666666666671,66.66666666666666,1.0,62.66890964252944,"{'profitability': 71.4, 'growth': 70.5, 'balance': 100.0, 'stability': 78.6}",20.908107259503016,True,0.9249917809823862,25.803544839735675,87.83783783783784,41.78850845101623,7.0,False,"{""floor"": true, ""depressed_arms"": {""self_pct"": false, ""self_z"": false, ""median_ratio"": false}, ""yield_arm"": false, ""residual_arm"": false, ""brakes"": {""gm"": true, ""fcf_margin"": true, ""roic"": false}, ""self_pct"": 64.23076923076924, ""self_z"": 0.14770523922872186, ""median_ratio"": 1.0368172845100603, ""fcf_yield"": 0.015367449730258297, ""yield_threshold"": 0.0495, ""gs10"": 0.0495, ""residual_pct"": 87.83783783783784, ""brake_values"": {""gm"": 0.9701651726016094, ""fcf_margin"": 0.9896656842284157, ""roic"": 0.8469307175296453}}",False,"{""floor"": true, ""mom_sector_pct"": 66.66666666666666, ""eps_rev_proxy"": 7.0}"
SW,2005951,Smurfit Westrock,Materials,Paper & Plastic Packaging Products & Materials,Materials,2.2258726899383983,5.9986310746064335,204832612.35614425,0.12410458742601649,-0.09993487289472958,0.10546348217492851,4.0,0.22182461030700198,0.11662156791952011,0.025978773487826887,0.03311503482748247,0.7169034564478736,0.03712011823201705,0.04092051571550309,0.7824427225351009,2,3,False,,,,False,0.17933984549575432,0.028730128327906532,0.014109685245482985,0.8084758731123234,1.1059078035908383,0.3801088444086102,,,,,,,45.06999969482422,524522908.0,23640247303.48831,37855247303.48831,32251000000.0,14215000000.0,3297000000.0,2282000000.0,115000000.0,2740000000.0,14191000000.0,31326000000.0,1477000000.0,1015000000.0,900000000.0,442000000.0,4217000000.0,497000000.0,1009181189.4882435,0.31673582295988933,0.03129146970600116,25.629822141833657,42.06138589276479,0.023774775337871486,85.64535589024504,0.011676056332599109,47.56588994665656,2.0422535211267605,3.3651885226464313,7175000000.0,1021000000.0,0.2541316548324083,0.0,,,,,,,"['rev_cagr5 gate', 'fcf_cagr5 gate']",False,0.8,ig,Materials,,14.285714285714285,35.714285714285715,14.285714285714285,14.285714285714285,90.9090909090909,9.090909090909093,33.33333333333334,50.0,0.7,3.6187211712666842,"{'profitability': 13.6, 'growth': None, 'balance': 0.0, 'stability': 46.7}",,False,,,,,,False,"{""floor"": false, ""depressed_arms"": {""self_pct"": false, ""self_z"": false, ""median_ratio"": false}, ""yield_arm"": false, ""residual_arm"": false, ""brakes"": {""gm"": false, ""fcf_margin"": true, ""roic"": false}, ""self_pct"": null, ""self_z"": null, ""median_ratio"": null, ""fcf_yield"": 0.023774775337871486, ""yield_threshold"": 0.0495, ""gs10"": 0.0495, ""residual_pct"": null, ""brake_values"": {""gm"": 0.8084758731123234, ""fcf_margin"": 1.1059078035908383, ""roic"": null}}",False,"{""floor"": false, ""mom_sector_pct"": 50.0, ""eps_rev_proxy"": null}"
VRSN,1014473,Verisign,Information Technology,Internet Services & Infrastructure,Software and Services,20.657084188911703,5.9986310746064335,200623064.8466515,0.08330055621311017,-0.08742570851633458,0.04617436960118382,10.0,0.8682134854161827,0.011527041004784615,0.5354074857934782,0.5229138886939434,0.1278082584331425,,,,9,9,False,0.05540357333639068,0.09237710284589173,0.11723272617923519,True,0.8846536682475554,0.5804203993208034,,1.0189356455612897,1.0840722528573086,,,,,,,gm_derived;ev_or_ic_nonpos,282.07000732421875,90300000.0,25470921661.376953,24497734661.376953,-3227287000.0,-973187000.0,1101300000.0,35200000.0,74800000.0,,-1025439000.0,1707900000.0,1159000000.0,1066100000.0,991300000.0,,,850000000.0,892507700.6704113,0.22993295886936038,,21.13695829281877,24.71273545987789,0.04046496599389168,,,29.965790189855237,1.2542352941176471,,52500000.0,0.0,-0.016267533690062272,0.0,-0.31470886620955224,-0.3239741215158847,38.07692307692307,-0.23574022245980034,0.9650703206450597,260.0,[],True,0.9,ig,Software and Services,5.263157894736842,100.0,88.88888888888889,15.0,63.63636363636363,28.57142857142857,,59.090909090909086,42.3728813559322,0.7,50.815074929702256,"{'profitability': 50.0, 'growth': 61.6, 'balance': None, 'stability': 92.5}",53.10080507863172,False,,,,51.957940004166986,,False,"{""floor"": false, ""depressed_arms"": {""self_pct"": false, ""self_z"": false, ""median_ratio"": false}, ""yield_arm"": false, ""residual_arm"": false, ""brakes"": {""gm"": true, ""fcf_margin"": true, ""roic"": false}, ""self_pct"": 38.07692307692307, ""self_z"": -0.23574022245980034, ""median_ratio"": 0.9650703206450597, ""fcf_yield"": 0.04046496599389168, ""yield_threshold"": 0.0495, ""gs10"": 0.0495, ""residual_pct"": null, ""brake_values"": {""gm"": 1.0189356455612897, ""fcf_margin"": 1.0840722528573086, ""roic"": null}}",False,"{""floor"": false, ""mom_sector_pct"": 42.3728813559322, ""eps_rev_proxy"": null}"
LII,1069202,Lennox International,Industrials,Building Products,Capital Goods,1.7659137577002053,5.9986310746064335,200595688.59584868,-0.28508899343529703,-0.353700709212568,-0.32558224113423195,10.0,0.30665839290725294,0.08210446337006892,0.09592610265844886,0.09165255954793639,0.39394069815478294,,,,6,9,False,0.07409513973577586,0.036527902202271534,,False,0.3368709346114344,0.12012628856175586,,1.0985218158151604,1.2522794654701372,,-0.44321335464834877,,,,,,368.4100036621094,34799968.0,12820656338.32129,13288656338.32129,1681900000.0,468000000.0,809500000.0,148800000.0,29100000.0,,468000000.0,5257800000.0,1063000000.0,660700000.0,631600000.0,,,813100000.0,856700664.0896026,0.19407275250272574,0.5093648041438864,12.50108780651109,21.0396712133016,0.047529259837852646,,,15.767625554447532,0.8125691796826958,,503700000.0,274000000.0,0.4623937213865271,9.0,-1.1492541883085248,0.7421120276314146,2.6923076923076925,-1.1845719596365238,0.6034735367694486,260.0,[],True,0.9,ig,Capital Goods,2.7027027027027026,43.90243902439025,34.375,70.73170731707317,64.28571428571429,20.51282051282051,,92.6829268292683,6.25,0.7,32.59046833573243,"{'profitability': 68.3, 'growth': 46.1, 'balance': None, 'stability': 55.4}",75.25514536183842,False,,,,53.92280684878543,,False,"{""floor"": false, ""depressed_arms"": {""self_pct"": true, ""self_z"": true, ""median_ratio"": true}, ""yield_arm"": false, ""residual_arm"": false, ""brakes"": {""gm"": true, ""fcf_margin"": true, ""roic"": false}, ""self_pct"": 2.6923076923076925, ""self_z"": -1.1845719596365238, ""median_ratio"": 0.6034735367694486, ""fcf_yield"": 0.047529259837852646, ""yield_threshold"": 0.0495, ""gs10"": 0.0495, ""residual_pct"": null, ""brake_values"": {""gm"": 1.0985218158151604, ""fcf_margin"": 1.2522794654701372, ""roic"": -0.44321335464834877}}",False,"{""floor"": false, ""mom_sector_pct"": 6.25, ""eps_rev_proxy"": null}"
ROL,84839,"Rollins, Inc.",Industrials,Environmental & Facilities Services,Commercial and Professional Services,7.994524298425736,5.9986310746064335,199574374.06456405,-0.3803282271931988,-0.5228643543484043,-0.47139544612158835,10.0,,,0.15599047261862312,0.15360318537233342,0.19436009138634167,0.13200388923725312,0.1314430389961468,0.1867714870330904,9,9,False,0.11717710237805679,0.09518855324042774,0.09476315183954398,False,,0.1472408772740397,0.12124635482142161,,0.943909424737913,0.9185059282874857,1.014417867699591,0.7692307692307693,-4.209389749524536,0.5993975905749069,260.0,gm_derived,30.59000015258789,481145404.0,14718237981.776962,15508537981.776962,2219897000.0,790300000.0,646966000.0,27797000.0,41393000.0,129800000.0,790300000.0,3924019000.0,731932000.0,619169000.0,577776000.0,475773000.0,861732000.0,531716000.0,556775507.6431818,0.23930705633421986,0.25081141496347886,21.188495627704434,26.841782943176874,0.03725534932299264,32.59650711952331,0.030678133590609818,27.6806377498081,1.1644731397964327,0.9171064785803474,1449382000.0,601532000.0,0.9238779997450333,7.0,0.24724664553893091,0.24928631278349161,0.7692307692307693,-4.363511095036383,0.5832020274729627,260.0,[],True,0.9,ig,Commercial and Professional Services,60.0,63.63636363636363,,50.0,63.63636363636363,54.54545454545454,54.54545454545455,18.181818181818173,3.125,1.0,68.89767125667868,"{'profitability': 79.4, 'growth': 88.5, 'balance': 69.4, 'stability': 87.0}",53.65242684718793,True,0.16252302781399264,22.81542199669475,55.4054054054054,61.27504905193331,-12.0,False,"{""floor"": true, ""depressed_arms"": {""self_pct"": true, ""self_z"": true, ""median_ratio"": true}, ""yield_arm"": false, ""residual_arm"": false, ""brakes"": {""gm"": false, ""fcf_margin"": false, ""roic"": true}, ""self_pct"": 0.7692307692307693, ""self_z"": -4.363511095036383, ""median_ratio"": 0.5832020274729627, ""fcf_yield"": 0.03725534932299264, ""yield_threshold"": 0.0495, ""gs10"": 0.0495, ""residual_pct"": 55.4054054054054, ""brake_values"": {""gm"": null, ""fcf_margin"": 0.943909424737913, ""roic"": 1.014417867699591}}",False,"{""floor"": true, ""mom_sector_pct"": 3.125, ""eps_rev_proxy"": -12.0}"
RVTY,31791,Revvity,Health Care,Health Care Equipment,Health Care Equipment and Services,41.3305954825462,5.9986310746064335,197721931.67867127,0.38841100105414883,-0.0005955683775205056,0.6101814878327119,10.0,,,0.16879454207147146,0.1703625040309154,0.7059295581750906,0.06291734015503388,0.05903428860562478,1.9349319814994428,6,9,False,0.014078223738904772,-0.09270053824079161,-0.25262367100314376,False,,0.18328250013479583,0.06558427040766039,,1.0858319107094698,1.0423878416674157,0.7649466114447454,78.97435897435898,0.0008939073689538861,1.1920234927733504,195.0,,151.02000427246094,111586401.0,16851778755.76854,19206924755.76854,9583904000.0,2355146000.0,627633000.0,69520000.0,24429000.0,412235000.0,2355146000.0,2911811000.0,358847000.0,558113000.0,533684000.0,190969000.0,771082000.0,237554000.0,326643134.9015217,0.08974260645477973,0.034082471496117,53.52399422530644,35.989320938548914,0.027786020239378262,100.57613935124832,0.009942716099965198,70.93872869229118,2.3494152908391355,3.0543392272157823,6607802000.0,2224001000.0,0.9215245686935094,1.0,0.04455535979399379,0.032756169303545066,74.35897435897436,0.10372974262572356,1.2300198907763424,234.0,['fcf_cagr5 gate'],False,0.9,ig,Health Care Equipment and Services,11.11111111111111,89.65517241379311,,25.0,58.333333333333336,86.20689655172413,14.81481481481481,0.0,83.33333333333334,1.0,8.295286764529259,"{'profitability': 42.3, 'growth': 5.9, 'balance': 0.0, 'stability': 44.4}",19.569848625004965,False,0.36707626810519,24.931847087574592,,13.932567694767112,,False,"{""floor"": false, ""depressed_arms"": {""self_pct"": false, ""self_z"": false, ""median_ratio"": false}, ""yield_arm"": false, ""residual_arm"": false, ""brakes"": {""gm"": false, ""fcf_margin"": true, ""roic"": false}, ""self_pct"": 74.35897435897436, ""self_z"": 0.10372974262572356, ""median_ratio"": 1.2300198907763424, ""fcf_yield"": 0.027786020239378262, ""yield_threshold"": 0.0495, ""gs10"": 0.0495, ""residual_pct"": null, ""brake_values"": {""gm"": null, ""fcf_margin"": 1.0858319107094698, ""roic"": 0.7649466114447454}}",False,"{""floor"": false, ""mom_sector_pct"": 83.33333333333334, ""eps_rev_proxy"": null}"
PNR,77360,Pentair,Industrials,Industrial Machinery & Supplies & Components,Capital Goods,13.99315537303217,5.9986310746064335,197672123.70421448,-0.45694486677925716,-0.5119114838941452,-0.5217038118305908,10.0,0.36959247297878706,0.07233596821297011,0.13105494969997536,0.1389715257118572,0.28869820587985057,0.12289573019555984,0.1343763280917977,0.29946139304120867,6,9,False,0.06712183699096541,0.0784390887112405,0.06659620029731594,False,0.4093948551983438,0.16079289912666872,0.1492516003141137,1.1076926212776017,1.226912066234603,1.2144571668732074,0.9558018760851027,0.38461538461538464,-1.158927960090161,0.6293700332300788,260.0,,53.029998779296875,161605541.0,8569941641.957611,10584041641.957611,5824200000.0,2014100000.0,786300000.0,70500000.0,40100000.0,119000000.0,2014100000.0,4202300000.0,864400000.0,715800000.0,675700000.0,627200000.0,983400000.0,671300000.0,742500340.7601572,0.14102228047182175,0.12748537837989032,12.244379502496079,15.663817732658888,0.06384139659101185,16.875066393427314,0.05925902610904636,12.7661874600888,1.066289289438403,2.048098434004474,3524700000.0,1057700000.0,0.7867861680574156,8.0,0.13338054838525895,0.13304199261865776,0.38461538461538464,-1.2274226884882429,0.6224920802737466,260.0,['mktcap<10B'],False,1.0,ig,Capital Goods,45.94594594594595,73.17073170731707,56.25,63.41463414634146,64.28571428571429,41.02564102564102,37.83783783783784,95.1219512195122,1.5625,1.0,31.806958637794878,"{'profitability': 59.7, 'growth': 60.7, 'balance': 31.7, 'stability': 61.7}",86.5826213644338,False,-0.5744488114319708,27.821309645944655,,59.19479000111434,,False,"{""floor"": false, ""depressed_arms"": {""self_pct"": true, ""self_z"": true, ""median_ratio"": true}, ""yield_arm"": true, ""residual_arm"": false, ""brakes"": {""gm"": true, ""fcf_margin"": true, ""roic"": true}, ""self_pct"": 0.38461538461538464, ""self_z"": -1.2274226884882429, ""median_ratio"": 0.6224920802737466, ""fcf_yield"": 0.06384139659101185, ""yield_threshold"": 0.0495, ""gs10"": 0.0495, ""residual_pct"": null, ""brake_values"": {""gm"": 1.1076926212776017, ""fcf_margin"": 1.226912066234603, ""roic"": 0.9558018760851027}}",False,"{""floor"": false, ""mom_sector_pct"": 1.5625, ""eps_rev_proxy"": null}"
TDY,1094285,Teledyne Technologies,Information Technology,Electronic Equipment & Instruments,Technology Hardware and Equipment,6.269678302532512,5.9986310746064335,195953839.50694486,0.03919204500909168,-0.11640383643001628,0.03949835295857751,10.0,0.423165097333821,0.028893507037725467,0.14558990468914032,0.15668682140302972,0.3275123620630468,0.10754271720589204,0.12138352512840518,0.44529316284586484,8,9,False,0.1465689073362828,0.14425819528975348,0.11184464266532967,False,0.4333898092369478,0.17916980421686746,0.14566076807228914,1.024162465117157,1.2306471702102288,1.3544456738378627,1.1450368233649644,16.923076923076923,-0.15536065974495217,0.8457532973936264,260.0,sbc_unreported;gm_derived,610.8300170898438,46355673.0,28315436530.80121,30169036530.80121,12772100000.0,1853600000.0,1271300000.0,129200000.0,,342800000.0,1853600000.0,6374400000.0,1239700000.0,1142100000.0,1142100000.0,928500000.0,1582500000.0,974800000.0,1011470711.2970711,0.18410041841004185,0.07919376698405674,24.335755852868605,26.41540717170231,0.037856694523007654,32.49223105094368,0.030776587745917704,29.047431812475594,1.171624948707427,1.1713112164297,8661900000.0,1193500000.0,0.7716350482692744,2.0,0.06916263771441597,0.07349148361525377,27.692307692307693,-0.23068451807883789,0.9070289471028143,260.0,[],True,1.0,ig,Technology Hardware and Equipment,9.523809523809524,63.1578947368421,50.0,16.666666666666664,64.28571428571429,61.904761904761905,40.0,66.66666666666667,37.28813559322034,1.0,51.25058673648843,"{'profitability': 49.7, 'growth': 100.0, 'balance': 61.0, 'stability': 75.2}",56.97402963349804,False,-0.2759136648403535,34.80848259300691,,54.11230818499324,,False,"{""floor"": false, ""depressed_arms"": {""self_pct"": false, ""self_z"": false, ""median_ratio"": false}, ""yield_arm"": false, ""residual_arm"": false, ""brakes"": {""gm"": true, ""fcf_margin"": true, ""roic"": true}, ""self_pct"": 27.692307692307693, ""self_z"": -0.23068451807883789, ""median_ratio"": 0.9070289471028143, ""fcf_yield"": 0.037856694523007654, ""yield_threshold"": 0.0495, ""gs10"": 0.0495, ""residual_pct"": null, ""brake_values"": {""gm"": 1.024162465117157, ""fcf_margin"": 1.2306471702102288, ""roic"": 1.1450368233649644}}",False,"{""floor"": false, ""mom_sector_pct"": 37.28813559322034, ""eps_rev_proxy"": null}"
PTC,857005,PTC Inc.,Information Technology,Application Software,Software and Services,5.4428473648186175,5.9986310746064335,190784345.84843892,-0.3053201759977294,-0.3179532048896072,-0.31187190915563423,10.0,0.8057464567813162,0.02092781505528905,0.17101329454036007,0.18148706780419951,0.32554111082893594,0.1347026950200695,0.1428871850163062,0.52006608375412,9,9,False,0.13435593739979002,0.3201990243696191,,False,0.8450063169183729,0.23521753083644664,0.20812045611806748,1.0487248312501263,1.3754341817029554,1.5450355769575312,1.7161441934482127,4.230769230769231,-1.267716636769549,0.40635661121891564,260.0,,139.69000244140625,108506261.0,15157239863.997864,16388405863.997864,4700909000.0,1231166000.0,955321000.0,19837000.0,240658000.0,99881000.0,1231166000.0,2953972000.0,1117008000.0,935484000.0,694826000.0,614782000.0,1216889000.0,1223814000.0,893288446.0894248,0.2002846478365196,0.1900246199382768,14.671699633304206,23.586345162670746,0.042397412278298366,26.65726365443013,0.03751322765019851,12.385247973955082,0.7644004726208394,1.011732376576664,3398303000.0,765799000.0,0.8858078299324662,3.0,0.11072765369235338,0.10829925101680227,4.230769230769231,-1.6393337245033957,0.4489668954076875,260.0,[],True,1.0,ig,Software and Services,42.10526315789473,40.909090909090914,77.77777777777779,40.0,63.63636363636363,9.523809523809524,25.0,72.72727272727273,6.779661016949152,1.0,61.41165053850497,"{'profitability': 63.4, 'growth': 100.0, 'balance': 66.3, 'stability': 81.6}",66.70761826762877,True,-0.3238401471364565,32.606383983491064,20.27027027027027,64.05963440306687,-1.0,False,"{""floor"": true, ""depressed_arms"": {""self_pct"": true, ""self_z"": true, ""median_ratio"": true}, ""yield_arm"": false, ""residual_arm"": false, ""brakes"": {""gm"": true, ""fcf_margin"": true, ""roic"": true}, ""self_pct"": 4.230769230769231, ""self_z"": -1.6393337245033957, ""median_ratio"": 0.4489668954076875, ""fcf_yield"": 0.042397412278298366, ""yield_threshold"": 0.0495, ""gs10"": 0.0495, ""residual_pct"": 20.27027027027027, ""brake_values"": {""gm"": 1.0487248312501263, ""fcf_margin"": 1.3754341817029554, ""roic"": 1.7161441934482127}}",False,"{""floor"": true, ""mom_sector_pct"": 6.779661016949152, ""eps_rev_proxy"": -1.0}"
GDDY,1609711,GoDaddy,Information Technology,Internet Services & Infrastructure,Software and Services,2.2642026009582477,5.9986310746064335,189952325.07639983,-0.24955557364004632,-0.2961015875650215,-0.3058518586335359,10.0,,,0.18812851670273298,0.1667332690815919,0.2541655865295747,0.15917315803795115,0.1363390611410169,0.3806254669801067,9,9,False,0.08342562059026815,0.1767932100472862,0.25756658595248716,False,,0.2744852177661096,0.26139769988832506,,1.4590303616746803,1.642222238412841,1.7930444307703832,,,,,gm_derived,93.70999908447266,126647704.0,11868156225.890564,14574356225.890564,2712900000.0,2706200000.0,1728800000.0,25900000.0,301900000.0,92700000.0,2706200000.0,5104100000.0,1266700000.0,1702900000.0,1401000000.0,1334200000.0,1359400000.0,910300000.0,994203319.5378515,0.21512329712019312,0.36647252738318825,11.505767921284095,10.402823858594264,0.09612774508085636,10.923666786007018,0.09154435223902824,13.03763179818803,1.8707019663847084,1.9907312049433574,3607700000.0,12500000.0,1.3344391610453759,5.0,0.20438563657105419,0.17158848674347216,,,,,[],True,0.8,ig,Software and Services,63.1578947368421,54.54545454545454,,55.00000000000001,63.63636363636363,61.904761904761905,20.0,81.81818181818181,11.864406779661017,1.0,54.831997030510394,"{'profitability': 76.2, 'growth': 84.8, 'balance': 33.6, 'stability': 83.1}",,False,-1.1555355921254287,33.036495885079816,,,,False,"{""floor"": false, ""depressed_arms"": {""self_pct"": false, ""self_z"": false, ""median_ratio"": false}, ""yield_arm"": true, ""residual_arm"": false, ""brakes"": {""gm"": false, ""fcf_margin"": true, ""roic"": true}, ""self_pct"": null, ""self_z"": null, ""median_ratio"": null, ""fcf_yield"": 0.09612774508085636, ""yield_threshold"": 0.0495, ""gs10"": 0.0495, ""residual_pct"": null, ""brake_values"": {""gm"": null, ""fcf_margin"": 1.4590303616746803, ""roic"": 1.7930444307703832}}",False,"{""floor"": false, ""mom_sector_pct"": 11.864406779661017, ""eps_rev_proxy"": null}"
ZBH,1136869,Zimmer Biomet,Health Care,Health Care Equipment,Health Care Equipment and Services,25.144421629021217,5.9986310746064335,189793993.32798144,-0.01905437747702632,-0.10358374897752942,-0.08357050158586155,10.0,,,0.16225729778036696,0.1610316193773498,0.07610686433161824,0.05808093534572608,0.05721148916848535,0.18014228079247144,7,9,False,0.060813730964938806,0.0885003861160647,,False,0.6987471793907484,0.1674501692365551,0.063075874388868,,1.0320039315779637,1.0859996316073355,1.0716703457247037,7.307692307692308,-0.6292125457142851,0.7316239532847828,260.0,,91.62000274658203,190737689.0,17475387590.05671,24753587590.05671,19902100000.0,7278200000.0,1743300000.0,220300000.0,98200000.0,1108400000.0,7269500000.0,8508800000.0,1205000000.0,1523000000.0,1424800000.0,536700000.0,2313400000.0,806700000.0,1041597043.7017994,0.13560411311053985,0.05233603708662902,20.542396340296023,17.373377028394657,0.057559333361937776,46.12183266267321,0.021681705653672098,21.662808466662586,1.8879385149373993,3.1423446010201435,9919500000.0,675400000.0,0.5323508574472041,0.0,0.048835947822403754,0.04698906006854681,3.8461538461538463,-1.18760573102021,0.7418771206480895,260.0,[],True,0.9,ig,Health Care Equipment and Services,18.51851851851852,86.20689655172413,,8.928571428571429,58.333333333333336,82.75862068965517,7.407407407407405,46.666666666666664,28.57142857142857,1.0,29.036935772278852,"{'profitability': 44.0, 'growth': 62.2, 'balance': 0.0, 'stability': 80.1}",63.8635446894324,False,-0.36316832062461923,24.980794241171814,,46.45024023085563,,False,"{""floor"": false, ""depressed_arms"": {""self_pct"": true, ""self_z"": true, ""median_ratio"": true}, ""yield_arm"": true, ""residual_arm"": false, ""brakes"": {""gm"": false, ""fcf_margin"": true, ""roic"": true}, ""self_pct"": 3.8461538461538463, ""self_z"": -1.18760573102021, ""median_ratio"": 0.7418771206480895, ""fcf_yield"": 0.057559333361937776, ""yield_threshold"": 0.0495, ""gs10"": 0.0495, ""residual_pct"": null, ""brake_values"": {""gm"": null, ""fcf_margin"": 1.0320039315779637, ""roic"": 1.0716703457247037}}",False,"{""floor"": false, ""mom_sector_pct"": 28.57142857142857, ""eps_rev_proxy"": null}"
ALLE,1579241,Allegion,Industrials,Building Products,Capital Goods,12.824093086926762,5.9986310746064335,187033767.05011925,-0.10674656168765029,-0.12573058018594852,-0.11350095849649244,10.0,0.43037068790934396,0.038978415420535525,0.14046451548924574,0.146404408174653,0.1956706211108801,0.13201571130915374,0.13461672595382576,0.2162657033730178,8,9,False,0.08380376143729995,0.09120633734178307,0.09782297082018387,False,0.4480121254517897,0.1564882826162994,0.14695114842019355,1.0409912618076858,1.1140769757489426,1.1131337850845955,0.8840218591718505,31.538461538461537,-0.26352656839082733,0.9525658147224496,260.0,sbc_unreported;gm_derived,155.3800048828125,85036786.0,13213016223.898682,15114716223.898682,4020300000.0,1901700000.0,769300000.0,98200000.0,,139100000.0,1901700000.0,4288500000.0,893400000.0,671100000.0,671100000.0,630200000.0,1032500000.0,,742733198.6872002,0.16864428174703358,0.18474571516732588,16.91819590765467,22.52230103397211,0.044400436637962684,23.98399908584367,0.04169446456451212,,,1.8418401937046005,1925600000.0,769200000.0,0.6702982364500162,10.0,0.20898319792724945,0.20571622248284407,30.0,-0.2927294101046117,0.9515373620357572,260.0,[],True,0.9,ig,Capital Goods,70.27027027027027,80.48780487804879,78.125,87.8048780487805,64.28571428571429,,40.54054054054054,80.48780487804878,23.4375,1.0,51.40148309795965,"{'profitability': 75.5, 'growth': 72.9, 'balance': 38.6, 'stability': 80.8}",62.31753628459067,False,-0.22089709788087974,28.089703151187084,,56.859509691275164,,False,"{""floor"": false, ""depressed_arms"": {""self_pct"": false, ""self_z"": false, ""median_ratio"": false}, ""yield_arm"": false, ""residual_arm"": false, ""brakes"": {""gm"": true, ""fcf_margin"": true, ""roic"": false}, ""self_pct"": 30.0, ""self_z"": -0.2927294101046117, ""median_ratio"": 0.9515373620357572, ""fcf_yield"": 0.044400436637962684, ""yield_threshold"": 0.0495, ""gs10"": 0.0495, ""residual_pct"": null, ""brake_values"": {""gm"": 1.0409912618076858, ""fcf_margin"": 1.1140769757489426, ""roic"": 0.8840218591718505}}",False,"{""floor"": false, ""mom_sector_pct"": 23.4375, ""eps_rev_proxy"": null}"
APTV,1521332,Aptiv,Consumer Discretionary,Automotive Parts & Equipment,Consumer Durables and Apparel,13.763175906913073,5.9986310746064335,186104783.8983833,-0.4549897825258429,-0.5078380479212373,-0.503978202721798,10.0,,,0.048052646964906014,0.043638721260784996,0.4628137493062764,0.04221185777336403,0.043339484314996755,0.468574647772139,6,9,False,0.09317322677777895,,,False,0.205506568292244,0.03868994061543998,0.020994541419231,,0.8051573234601658,0.4973612280215418,,67.94871794871796,0.2639402144583404,1.453974964674999,234.0,,43.63999938964844,207633331.0,9061118438.110672,13201118438.110672,12893000000.0,4140000000.0,1351000000.0,588000000.0,118000000.0,883000000.0,4140000000.0,16671000000.0,891000000.0,763000000.0,645000000.0,350000000.0,1774000000.0,220000000.0,798627615.0627615,0.10367271036727103,0.06194272978071524,14.816070076442953,20.46685029164445,0.048859496490686105,37.71748125174478,0.02651290507246533,41.18690199141214,3.4681818181818183,2.333709131905299,3937000000.0,1838000000.0,0.4479174745986194,1.0,,,38.034188034188034,-0.02346932282649968,0.9069058805052952,234.0,"['mktcap<10B', 'fcf_cagr5 gate']",False,0.8,ig,Consumer Durables and Apparel,,30.0,,11.11111111111111,70.0,88.88888888888889,0.0,44.44444444444444,3.0303030303030303,1.0,18.415459265041434,"{'profitability': 23.2, 'growth': 77.6, 'balance': 22.2, 'stability': 46.9}",51.650756748624275,False,,,,35.033108006832855,,False,"{""floor"": false, ""depressed_arms"": {""self_pct"": false, ""self_z"": false, ""median_ratio"": false}, ""yield_arm"": false, ""residual_arm"": false, ""brakes"": {""gm"": false, ""fcf_margin"": false, ""roic"": false}, ""self_pct"": 38.034188034188034, ""self_z"": -0.02346932282649968, ""median_ratio"": 0.9069058805052952, ""fcf_yield"": 0.048859496490686105, ""yield_threshold"": 0.0495, ""gs10"": 0.0495, ""residual_pct"": null, ""brake_values"": {""gm"": null, ""fcf_margin"": 0.8051573234601658, ""roic"": null}}",False,"{""floor"": false, ""mom_sector_pct"": 3.0303030303030303, ""eps_rev_proxy"": null}"
EXPD,746515,Expeditors International,Industrials,Air Freight & Logistics,Transportation,18.97056810403833,5.9986310746064335,181016804.75472766,0.5444697989375245,-0.020872295664935425,0.5426700890031333,10.0,,,0.08060546521210087,0.07987788247348972,0.4365150793233774,0.07970144164837252,0.07954650682820838,0.4854765825216912,7,9,False,0.029221442160778155,0.09435028171535054,0.0416561774780948,True,,0.07049068286961069,0.06997464772770892,,0.8745149312658306,0.8779596238224103,0.9186675475928318,86.92307692307692,0.9108096622400359,1.3415057000528836,260.0,,188.5800018310547,129990622.0,24513631734.779938,24051799734.779938,1656870000.0,-461832000.0,972541000.0,48677000.0,75438000.0,54888000.0,-464203000.0,12036002000.0,1183398000.0,923864000.0,848426000.0,842215000.0,1238286000.0,918799000.0,889926577.8641158,0.24799046655130758,0.5371130975056074,20.324353881601912,28.348730160061027,0.03527494862570053,28.557790747944335,0.03501671431190743,26.680080991359304,1.0055126311630727,-0.37487543265449175,7927000.0,2630000.0,0.006371652573828966,9.0,0.5846653655209606,0.49505661502604464,90.38461538461539,0.9603026602147153,1.3467220493461376,260.0,[],True,0.9,ig,Transportation,100.0,55.55555555555556,,86.36363636363636,77.27272727272727,54.54545454545454,88.88888888888889,27.272727272727266,92.1875,1.0,39.8678431498329,"{'profitability': 64.1, 'growth': 51.5, 'balance': 100.0, 'stability': 56.1}",22.338770854634724,False,0.038777833427134034,27.270469248573207,,31.103307002233812,,False,"{""floor"": false, ""depressed_arms"": {""self_pct"": false, ""self_z"": false, ""median_ratio"": false}, ""yield_arm"": false, ""residual_arm"": false, ""brakes"": {""gm"": false, ""fcf_margin"": false, ""roic"": true}, ""self_pct"": 90.38461538461539, ""self_z"": 0.9603026602147153, ""median_ratio"": 1.3467220493461376, ""fcf_yield"": 0.03527494862570053, ""yield_threshold"": 0.0495, ""gs10"": 0.0495, ""residual_pct"": null, ""brake_values"": {""gm"": null, ""fcf_margin"": 0.8745149312658306, ""roic"": 0.9186675475928318}}",False,"{""floor"": false, ""mom_sector_pct"": 92.1875, ""eps_rev_proxy"": null}"
PPG,79879,PPG Industries,Materials,Specialty Chemicals,Materials,69.57152635181383,5.9986310746064335,176166013.62471887,0.10576385892194584,-0.1700896143684043,0.051522209090911764,10.0,0.3964714810699771,0.051010158825329305,0.06418306008311253,0.06749196524223307,0.4500263677353527,0.06778121582646121,0.056183787644328055,0.43747504500703227,5,9,False,0.027905506355126564,-0.08627440941703046,-0.028176572571445346,False,0.4138701073134421,0.07400285342100366,0.08802183487376714,1.04388367656738,1.1529966524683488,1.2986169368682843,,9.230769230769232,-0.2286311930563319,0.6913400694025155,260.0,gm_derived,107.01000213623047,222900000.0,23852529476.16577,30115529476.16577,14367000000.0,6263000000.0,1992000000.0,765000000.0,34000000.0,539000000.0,6113000000.0,16121000000.0,,1227000000.0,1193000000.0,1419000000.0,,1585000000.0,,0.22718446601941747,,,25.243528479602492,0.039614113407641455,21.223065169954737,0.04711854729710246,15.048914496003642,0.7741324921135647,,6152000000.0,690000000.0,0.47623024987819307,8.0,0.13424041026516817,0.1345019449272278,25.0,-0.17436807498835716,0.8275882307102865,260.0,['fcf_cagr5 gate'],False,0.8,ig,Materials,66.66666666666666,35.714285714285715,78.57142857142857,78.57142857142857,71.42857142857143,36.36363636363637,,,42.857142857142854,0.7,16.01151445432576,"{'profitability': 47.1, 'growth': 11.6, 'balance': None, 'stability': 50.2}",,False,-0.11496782594965005,28.319132915990764,,,,False,"{""floor"": false, ""depressed_arms"": {""self_pct"": false, ""self_z"": false, ""median_ratio"": false}, ""yield_arm"": false, ""residual_arm"": false, ""brakes"": {""gm"": true, ""fcf_margin"": true, ""roic"": false}, ""self_pct"": 25.0, ""self_z"": -0.17436807498835716, ""median_ratio"": 0.8275882307102865, ""fcf_yield"": 0.039614113407641455, ""yield_threshold"": 0.0495, ""gs10"": 0.0495, ""residual_pct"": null, ""brake_values"": {""gm"": 1.04388367656738, ""fcf_margin"": 1.1529966524683488, ""roic"": null}}",False,"{""floor"": false, ""mom_sector_pct"": 42.857142857142854, ""eps_rev_proxy"": null}"
BR,1383312,Broadridge Financial Solutions,Industrials,Data Processing & Outsourced Services,Commercial and Professional Services,8.281998631074606,5.9986310746064335,172332233.77361006,-0.24653353049165105,-0.28433149387834766,-0.28994243194363767,10.0,,,0.10690486146074045,0.11744130409675131,0.3263373616749185,0.12135695547082456,0.13306079793446857,0.389344632540453,9,9,False,0.08407333722918064,0.16796101908543926,0.18630585941712852,False,0.3177963834795634,0.1709822383907554,0.1615530708324417,,1.5993869320297152,1.3312221801022412,,8.846153846153847,-0.8677276224838845,0.562992264241671,260.0,sbc_unreported,162.9199981689453,114021798.0,18576431121.379852,22090231121.379852,6354300000.0,3513800000.0,1345600000.0,67200000.0,,137700000.0,3513800000.0,7476800000.0,1300600000.0,1278400000.0,1278400000.0,1207900000.0,1438300000.0,1124300000.0,1003242603.3503332,0.22863093699036352,0.15788404755053007,16.984646410410466,17.27959255427085,0.05787173493004837,18.288129084675763,0.05468027895964129,16.522663987707777,1.1370630614604642,2.443023013279566,3787800000.0,1199900000.0,0.7849330374706891,4.0,,,9.615384615384617,-0.9736615621569891,0.5686922829212498,260.0,[],True,0.8,ig,Commercial and Professional Services,,27.27272727272727,,36.36363636363637,63.63636363636363,45.45454545454545,27.272727272727266,63.63636363636363,14.0625,1.0,44.02224377676959,"{'profitability': 63.0, 'growth': 85.0, 'balance': 18.6, 'stability': 78.2}",67.26094020822148,False,,,,55.641591992495535,,False,"{""floor"": false, ""depressed_arms"": {""self_pct"": true, ""self_z"": false, ""median_ratio"": true}, ""yield_arm"": true, ""residual_arm"": false, ""brakes"": {""gm"": false, ""fcf_margin"": true, ""roic"": false}, ""self_pct"": 9.615384615384617, ""self_z"": -0.9736615621569891, ""median_ratio"": 0.5686922829212498, ""fcf_yield"": 0.05787173493004837, ""yield_threshold"": 0.0495, ""gs10"": 0.0495, ""residual_pct"": null, ""brake_values"": {""gm"": null, ""fcf_margin"": 1.5993869320297152, ""roic"": null}}",False,"{""floor"": false, ""mom_sector_pct"": 14.0625, ""eps_rev_proxy"": null}"
COO,711404,Cooper Companies (The),Health Care,Health Care Supplies,Health Care Equipment and Services,10.015058179329227,5.9986310746064335,172187618.5721809,-0.01234747030778427,-0.3271083632666296,-0.1971331190764859,10.0,0.658777276675185,0.012331154277608565,0.09402358819929127,0.08874987782230476,0.2965957768935426,0.08425028961346048,0.08508454696510605,0.24673571533985322,8,9,True,0.10979355015450176,-0.04624421429162717,-0.025103169030716965,True,0.6592791899738016,0.16002265807547972,0.15324883759352356,1.0007618861736545,1.7019416206101134,1.8189710480121524,0.7733966539855072,44.230769230769226,-0.2762317021767429,0.6881975520864319,260.0,sbc_unreported,56.56999969482422,190155294.0,10757084923.54921,13425684923.54921,10996800000.0,2668600000.0,1033300000.0,355300000.0,,384000000.0,2668400000.0,4236900000.0,544200000.0,678000000.0,678000000.0,649300000.0,928200000.0,570300000.0,371509336.8358856,0.3173294067697803,0.03378340397532788,24.670497838201413,19.80189516747671,0.050500216850073686,20.677167601338688,0.0483625233049452,18.862151365157303,1.1888479747501315,2.874811463046757,3876300000.0,1445900000.0,0.4839771569911247,0.0,0.043681859497624556,0.0414129762223886,38.84615384615385,-0.23496370106860945,0.6378127388026146,260.0,[],True,1.0,ig,Health Care Equipment and Services,7.4074074074074066,37.93103448275862,68.18181818181817,8.928571428571429,58.333333333333336,44.827586206896555,22.222222222222214,26.66666666666667,30.952380952380953,1.0,19.951558413276388,"{'profitability': 26.2, 'growth': 45.7, 'balance': 4.2, 'stability': 78.4}",46.12878845927742,False,-0.22994501487221486,24.921295116138374,,33.0401734362769,,False,"{""floor"": false, ""depressed_arms"": {""self_pct"": false, ""self_z"": false, ""median_ratio"": true}, ""yield_arm"": true, ""residual_arm"": false, ""brakes"": {""gm"": true, ""fcf_margin"": true, ""roic"": false}, ""self_pct"": 38.84615384615385, ""self_z"": -0.23496370106860945, ""median_ratio"": 0.6378127388026146, ""fcf_yield"": 0.050500216850073686, ""yield_threshold"": 0.0495, ""gs10"": 0.0495, ""residual_pct"": null, ""brake_values"": {""gm"": 1.0007618861736545, ""fcf_margin"": 1.7019416206101134, ""roic"": 0.7733966539855072}}",False,"{""floor"": false, ""mom_sector_pct"": 30.952380952380953, ""eps_rev_proxy"": null}"
TSN,100493,Tyson Foods,Consumer Staples,Packaged Foods & Meats,Food Beverage and Tobacco,21.136208076659823,5.9986310746064335,166607667.71488342,-0.026730420860424542,-0.24160447888318193,-0.03562645730206482,9.0,0.08941420962719623,0.3973583891006285,0.021560752828898924,0.019782884223287597,0.7790825673783913,0.024212791336131644,0.020653173010185898,0.6139806687166007,8,9,False,0.04741462587264644,,,False,0.06135310805472762,0.020846051639314828,0.01127590045606349,0.6861673140156735,0.96685175164078,0.46570014582486313,0.5065989276173385,87.6923076923077,1.266274247100417,1.5364779187167996,260.0,shares_was_proxy;sbc_unreported,50.95000076293945,351801512.0,17924287304.803253,19750287304.803253,19905000000.0,1826000000.0,2004000000.0,843000000.0,,1376000000.0,1720000000.0,55694000000.0,1257000000.0,1161000000.0,1161000000.0,628000000.0,2633000000.0,574000000.0,916690243.902439,0.2707317073170732,0.04605326520484496,15.71224129260402,17.011444706979546,0.058783954991765905,31.449502077712186,0.0317970058008863,31.226981367253053,2.0226480836236935,0.653247246486897,9469000000.0,5624000000.0,0.7582516955538809,7.0,0.09090675620148861,0.05995256792272224,48.08510638297872,-0.004997661019705279,0.9852995900160203,235.0,['fcf_cagr5 gate'],False,1.0,ig,Food Beverage and Tobacco,45.45454545454545,7.142857142857142,7.142857142857142,50.0,7.142857142857142,84.61538461538461,84.61538461538461,57.142857142857146,25.925925925925924,1.0,18.44850722739562,"{'profitability': 15.5, 'growth': 39.5, 'balance': 78.2, 'stability': 44.4}",54.01208619357841,False,-0.15113449472159113,19.786914399951204,,36.23029671048702,,False,"{""floor"": false, ""depressed_arms"": {""self_pct"": false, ""self_z"": false, ""median_ratio"": false}, ""yield_arm"": true, ""residual_arm"": false, ""brakes"": {""gm"": false, ""fcf_margin"": true, ""roic"": false}, ""self_pct"": 48.08510638297872, ""self_z"": -0.004997661019705279, ""median_ratio"": 0.9852995900160203, ""fcf_yield"": 0.058783954991765905, ""yield_threshold"": 0.0495, ""gs10"": 0.0495, ""residual_pct"": null, ""brake_values"": {""gm"": 0.6861673140156735, ""fcf_margin"": 0.96685175164078, ""roic"": 0.5065989276173385}}",False,"{""floor"": false, ""mom_sector_pct"": 25.925925925925924, ""eps_rev_proxy"": null}"
LDOS,1336920,Leidos,Industrials,Diversified Support Services,Commercial and Professional Services,7.14031485284052,5.9986310746064335,162679669.9879857,-0.31406545980766165,-0.3774005935648943,-0.36718038595517033,10.0,0.15160309044989323,0.10532650451176659,0.06787180373843497,0.06330322391128736,0.24988450798576517,0.056523034665670366,0.050785579242453874,0.32750858626144,9,9,False,0.07000095748778401,0.07140978486624738,0.0663493077648547,False,0.17528588496330433,0.11736928941230017,0.10798202196051658,1.156215776625204,1.729279066526935,1.9104073693003636,1.393700259153297,0.38461538461538464,-2.093092513067027,0.38139953219143374,260.0,gm_derived,122.3499984741211,125492209.0,15353971579.664085,16529971579.664085,6460000000.0,1176000000.0,2300000000.0,137000000.0,100000000.0,302000000.0,1124000000.0,17577000000.0,2030000000.0,2163000000.0,2063000000.0,1898000000.0,2332000000.0,1376000000.0,1579392080.3123257,0.22197434467373117,0.24448793812884298,8.142843142691667,8.012589229114923,0.12480360235694508,8.709152570950518,0.11482173401526019,11.158409578244248,1.5719476744186047,0.48198970840480276,7663000000.0,947000000.0,1.3328173374613004,8.0,0.17542361531695105,0.15012565585799076,0.38461538461538464,-2.9190162434792994,0.414631744497177,260.0,[],True,1.0,ig,Commercial and Professional Services,30.0,9.090909090909092,14.285714285714285,63.63636363636363,63.63636363636363,90.9090909090909,72.72727272727273,90.9090909090909,4.6875,1.0,48.44170343953385,"{'profitability': 50.2, 'growth': 58.9, 'balance': 83.9, 'stability': 77.0}",96.16634429400386,False,-1.039085371983854,22.648629229020912,,72.30402386676886,,False,"{""floor"": false, ""depressed_arms"": {""self_pct"": true, ""self_z"": true, ""median_ratio"": true}, ""yield_arm"": true, ""residual_arm"": false, ""brakes"": {""gm"": true, ""fcf_margin"": true, ""roic"": true}, ""self_pct"": 0.38461538461538464, ""self_z"": -2.9190162434792994, ""median_ratio"": 0.414631744497177, ""fcf_yield"": 0.12480360235694508, ""yield_threshold"": 0.0495, ""gs10"": 0.0495, ""residual_pct"": null, ""brake_values"": {""gm"": 1.156215776625204, ""fcf_margin"": 1.729279066526935, ""roic"": 1.393700259153297}}",False,"{""floor"": false, ""mom_sector_pct"": 4.6875, ""eps_rev_proxy"": null}"
MAS,62996,Masco,Industrials,Building Products,Capital Goods,45.24845995893224,5.9986310746064335,161902265.38259748,0.052176686964280794,-0.17047499407719013,-0.01063546104020796,10.0,0.3452597123400786,0.05092328955910966,0.10364033840912305,0.11055276381909548,0.20541753633064722,0.10794256689783241,0.1116106850039672,0.2344769325627946,5,9,False,0.010196177670730222,0.006354947957538437,0.017204209673307602,False,0.35434301341320484,0.12280244823544732,0.12371402526370621,1.0263086040695628,1.1848904598389223,1.1461097213002307,0.8390811921768606,33.84615384615385,-0.35742033698070635,0.9535292561206553,260.0,sbc_unreported,68.36000061035156,201734437.0,13790566236.448929,17032566236.448929,3000000000.0,3242000000.0,1101000000.0,158000000.0,,151000000.0,2973000000.0,7679000000.0,1278000000.0,943000000.0,943000000.0,950000000.0,1429000000.0,837000000.0,968313993.1740614,0.24232081911262798,0.32277133105802047,13.327516616939693,18.062106295279882,0.05536452856892594,17.929017090998872,0.055775505981420614,16.47618427293779,1.1266427718040621,2.0804758572428272,618000000.0,198000000.0,0.272,10.0,0.38467234645153037,0.3827531560394655,27.307692307692307,-0.5541354587245244,0.9404469111910125,260.0,[],True,1.0,ig,Capital Goods,97.2972972972973,53.65853658536586,46.875,87.8048780487805,64.28571428571429,43.58974358974359,35.13513513513513,87.8048780487805,45.3125,1.0,25.033457011032166,"{'profitability': 72.1, 'growth': 6.9, 'balance': 30.7, 'stability': 62.4}",68.82316241084385,False,-0.4546318949812074,28.45853352681133,,46.92830971093801,,False,"{""floor"": false, ""depressed_arms"": {""self_pct"": false, ""self_z"": false, ""median_ratio"": false}, ""yield_arm"": true, ""residual_arm"": false, ""brakes"": {""gm"": true, ""fcf_margin"": true, ""roic"": false}, ""self_pct"": 27.307692307692307, ""self_z"": -0.5541354587245244, ""median_ratio"": 0.9404469111910125, ""fcf_yield"": 0.05536452856892594, ""yield_threshold"": 0.0495, ""gs10"": 0.0495, ""residual_pct"": null, ""brake_values"": {""gm"": 1.0263086040695628, ""fcf_margin"": 1.1848904598389223, ""roic"": 0.8390811921768606}}",False,"{""floor"": false, ""mom_sector_pct"": 45.3125, ""eps_rev_proxy"": null}"
CHD,313927,Church & Dwight,Consumer Staples,Household Products,Household and Personal Products,10.751540041067761,5.9986310746064335,161089704.7298091,0.13568050293276035,-0.0823508695372035,0.10191546876601798,10.0,0.439996949140412,0.028997976897450158,0.14663306093425782,0.15018584925742168,0.15003347754641566,0.13524224089775277,0.14047583959653517,0.12395170549278987,9,9,False,0.04847582950857543,0.04162047082912834,0.031548466068753056,False,0.4564864908253199,,,1.0374764909554992,,,1.067574893892673,31.92307692307692,-0.4366259748318659,0.941686763283426,260.0,,95.62000274658203,237203907.0,22681438238.83999,24835238238.83999,6501600000.0,2153800000.0,,145200000.0,70400000.0,241100000.0,2153800000.0,6229100000.0,1088000000.0,,,,1329100000.0,744800000.0,850485306.4651554,0.218303946263644,0.13081169350085445,22.82650573422793,,,,,30.453058859881832,,1.6204950718531337,2649900000.0,4032700000.0,1.027839301095115,9.0,0.12253163150350874,0.13546379047894302,22.692307692307693,-0.8230269975409888,0.8699824364492516,260.0,[],True,0.8,sector,Consumer Staples,41.66666666666667,70.37037037037037,50.0,66.66666666666666,55.55555555555556,,64.0,37.03703703703704,59.25925925925925,1.0,44.936461169610354,"{'profitability': 62.7, 'growth': 37.5, 'balance': 46.0, 'stability': 89.6}",,False,,,,,,False,"{""floor"": false, ""depressed_arms"": {""self_pct"": false, ""self_z"": false, ""median_ratio"": false}, ""yield_arm"": false, ""residual_arm"": false, ""brakes"": {""gm"": true, ""fcf_margin"": false, ""roic"": true}, ""self_pct"": 22.692307692307693, ""self_z"": -0.8230269975409888, ""median_ratio"": 0.8699824364492516, ""fcf_yield"": null, ""yield_threshold"": 0.0495, ""gs10"": 0.0495, ""residual_pct"": null, ""brake_values"": {""gm"": 1.0374764909554992, ""fcf_margin"": null, ""roic"": 1.067574893892673}}",False,"{""floor"": false, ""mom_sector_pct"": 59.25925925925925, ""eps_rev_proxy"": null}"
GEN,849399,Gen Digital,Information Technology,Systems Software,Software and Services,23.515400410677618,5.9986310746064335,160771465.28098327,0.123709907754602,-0.32785299568712944,-0.23558393810941758,8.0,0.8143068328750797,0.028575256982864214,0.3077289150565471,0.2726810673443456,0.34849427069936545,0.21482100746585883,0.17001270648030495,0.4648271384315235,7,9,False,0.1440681863736788,0.16820852899657845,0.11401951782545239,False,0.780074817877535,0.26048434731246306,0.16774955699940933,0.9579617736023638,0.8464734204928304,0.7808805990543988,0.8380228140315666,43.07692307692308,-0.2152855846952913,0.8243984699085936,260.0,,20.850000381469727,598587032.0,12480539845.542831,20152539845.54283,10328000000.0,7672000000.0,1570000000.0,22000000.0,225000000.0,493000000.0,7657000000.0,5079000000.0,2117000000.0,1548000000.0,1323000000.0,852000000.0,2610000000.0,1053000000.0,1453194915.2542372,0.3135593220338983,0.14070438761175805,9.519385850516217,15.232456421423153,0.06564929334664533,23.65321578115356,0.04227754945679654,11.8523645256817,1.4700854700854702,2.9337164750957854,10938000000.0,2054000000.0,1.2579395817195973,5.0,0.16790042616483947,0.10487380608451032,23.076923076923077,-0.5046678419563514,0.806254517540914,260.0,[],True,1.0,ig,Software and Services,52.63157894736842,90.9090909090909,83.33333333333334,55.00000000000001,15.909090909090908,42.857142857142854,5.0,90.9090909090909,45.76271186440678,1.0,41.953114357014414,"{'profitability': 76.2, 'growth': 100.0, 'balance': 2.2, 'stability': 68.6}",74.20155782991236,False,-0.7699802577554067,32.89789585652132,,58.07733609346339,,False,"{""floor"": false, ""depressed_arms"": {""self_pct"": false, ""self_z"": false, ""median_ratio"": false}, ""yield_arm"": true, ""residual_arm"": false, ""brakes"": {""gm"": false, ""fcf_margin"": false, ""roic"": false}, ""self_pct"": 23.076923076923077, ""self_z"": -0.5046678419563514, ""median_ratio"": 0.806254517540914, ""fcf_yield"": 0.06564929334664533, ""yield_threshold"": 0.0495, ""gs10"": 0.0495, ""residual_pct"": null, ""brake_values"": {""gm"": 0.9579617736023638, ""fcf_margin"": 0.8464734204928304, ""roic"": 0.8380228140315666}}",False,"{""floor"": false, ""mom_sector_pct"": 45.76271186440678, ""eps_rev_proxy"": null}"
TRMB,864749,Trimble Inc.,Information Technology,Application Software,Software and Services,5.686516084873374,5.9986310746064335,158593716.37559384,-0.26325569473046273,-0.3114224062135721,-0.2875371970784486,10.0,0.6168495428689483,0.08022675531299438,0.096124267109118,0.09209133114326827,0.26750226033136737,0.05511836382315675,0.03822659028588494,0.8577459847932467,6,9,False,0.026490354149407702,-0.10117713660786176,-0.3932029767528583,False,0.6979830288931772,0.16331385973723864,0.11676227233075154,1.1315288095163036,1.6989867870914281,2.118391480294567,1.137169847906564,6.926406926406926,-0.39461871691359063,0.4967868261561233,231.0,,57.5099983215332,233179848.0,13410172667.095367,15354372667.095367,7055000000.0,1944200000.0,799100000.0,26000000.0,155300000.0,202100000.0,1944200000.0,3782900000.0,642700000.0,773100000.0,617800000.0,441700000.0,844800000.0,-104700000.0,525798893.96285933,0.18189062709995443,0.07452854627397014,23.890419584713502,24.853306356580394,0.04023609517593343,34.76199381275836,0.028767049594059235,,,2.301373106060606,4826600000.0,850400000.0,0.804677533664068,0.0,0.06553862328584517,0.0636195186187638,0.38461538461538464,-0.6125177078042152,0.5435165609495772,260.0,['fcf_cagr5 gate'],False,0.9,ig,Software and Services,21.052631578947366,18.181818181818183,22.22222222222222,15.0,63.63636363636363,,15.0,54.54545454545455,10.16949152542373,1.0,14.88114282868958,"{'profitability': 34.3, 'growth': 11.0, 'balance': 23.3, 'stability': 61.9}",67.32808193769299,False,-0.2603046970591141,32.24282356392357,,41.10461238319128,,False,"{""floor"": false, ""depressed_arms"": {""self_pct"": true, ""self_z"": false, ""median_ratio"": true}, ""yield_arm"": false, ""residual_arm"": false, ""brakes"": {""gm"": true, ""fcf_margin"": true, ""roic"": true}, ""self_pct"": 0.38461538461538464, ""self_z"": -0.6125177078042152, ""median_ratio"": 0.5435165609495772, ""fcf_yield"": 0.04023609517593343, ""yield_threshold"": 0.0495, ""gs10"": 0.0495, ""residual_pct"": null, ""brake_values"": {""gm"": 1.1315288095163036, ""fcf_margin"": 1.6989867870914281, ""roic"": 1.137169847906564}}",False,"{""floor"": false, ""mom_sector_pct"": 10.16949152542373, ""eps_rev_proxy"": null}"
HAS,46080,Hasbro,Consumer Discretionary,Leisure Products,Consumer Durables and Apparel,41.9958932238193,5.9986310746064335,156015555.3718825,0.25859904709167036,-0.10702093998228723,0.21670466234351693,10.0,0.6942912349039847,0.035416387804924676,0.11069310878495457,0.1034717086722763,0.3292291294645613,0.0927964346091717,0.08844162852517339,0.48675713488416567,5,9,False,-0.029670572494690073,-0.004891835852933735,0.004701650739675767,False,0.7235381645620527,0.22482506233411084,0.21426847904769564,1.0421248723701841,2.0310664756094474,2.309016288719761,-158.99636819034535,1.9230769230769231,-0.04678252068836164,0.628047625427261,260.0,gm_derived,89.44999694824219,141044467.0,12616427142.716446,15639227142.716446,3753100000.0,3022800000.0,1288200000.0,74600000.0,95500000.0,127100000.0,2997700000.0,4973200000.0,1161400000.0,1213600000.0,1118100000.0,1065600000.0,1288500000.0,794100000.0,900539333.2685393,0.22460880552045875,0.2399454672853213,13.465840487959744,13.98732415948166,0.07149330269307619,14.676451898194863,0.06813635931467847,15.887705758363488,1.528270998614784,2.3265036864571207,1256200000.0,456700000.0,0.4563960459353601,5.0,-0.0015091254600109248,0.04887027736150304,3.4615384615384617,-0.12687348650362235,0.6425505551956762,260.0,['rev_cagr5 gate'],False,1.0,ig,Consumer Durables and Apparel,25.0,60.0,87.5,38.88888888888889,70.0,77.77777777777779,10.0,55.55555555555556,87.87878787878788,1.0,11.49700442403974,"{'profitability': 32.9, 'growth': 0.0, 'balance': 22.4, 'stability': 57.8}",70.96572130437676,False,,,,41.23136286420825,,False,"{""floor"": false, ""depressed_arms"": {""self_pct"": true, ""self_z"": false, ""median_ratio"": true}, ""yield_arm"": true, ""residual_arm"": false, ""brakes"": {""gm"": true, ""fcf_margin"": true, ""roic"": false}, ""self_pct"": 3.4615384615384617, ""self_z"": -0.12687348650362235, ""median_ratio"": 0.6425505551956762, ""fcf_yield"": 0.07149330269307619, ""yield_threshold"": 0.0495, ""gs10"": 0.0495, ""residual_pct"": null, ""brake_values"": {""gm"": 1.0421248723701841, ""fcf_margin"": 2.0310664756094474, ""roic"": -158.99636819034535}}",False,"{""floor"": false, ""mom_sector_pct"": 87.87878787878788, ""eps_rev_proxy"": null}"
SJM,91419,J.M. Smucker Company (The),Consumer Staples,Packaged Foods & Meats,Food Beverage and Tobacco,17.894592744695416,5.9986310746064335,153200446.61313453,0.21210612923585614,-0.08848420287525682,0.15971095270525248,10.0,0.3540396230197812,0.07080125736384568,0.09182262486592925,0.08707447274000175,0.22404220688259996,0.08789208237653849,0.08650283731182291,0.1125527827080354,5,9,False,0.024922544207570674,-0.016782151670354906,-0.03798805971145436,False,0.3865281918553222,0.17053806419203005,0.14566064934639453,1.0917653469361135,1.8572553816778128,1.6572670189149656,2.0903540520382666,3.8461538461538463,-1.6321514939487292,0.5486890705426497,260.0,,120.62999725341797,106823183.0,12886080271.891365,19783080271.891365,12647800000.0,6897000000.0,1909900000.0,321500000.0,26800000.0,549300000.0,6897000000.0,9156900000.0,826200000.0,1588400000.0,1561600000.0,1333800000.0,1375500000.0,229500000.0,617182072.188963,0.2529870828020298,0.04879758315192864,23.944662638454812,12.66846841181568,0.0789361403046414,14.832118962281726,0.0674212499605089,56.14849791673797,6.921132897603486,5.014176663031625,5200000000.0,3086600000.0,0.655181138221667,0.0,0.023344171339944538,0.021320415803670858,0.38461538461538464,-1.8562678969415758,0.5117591952407491,260.0,[],True,1.0,ig,Food Beverage and Tobacco,9.090909090909092,35.714285714285715,21.428571428571427,9.090909090909092,53.57142857142857,100.0,15.384615384615387,14.285714285714292,70.37037037037037,1.0,7.2663793615155345,"{'profitability': 22.7, 'growth': 10.4, 'balance': 0.0, 'stability': 59.5}",66.8601733983833,False,-0.4273532561015667,19.42322199124843,,37.063276379949414,,False,"{""floor"": false, ""depressed_arms"": {""self_pct"": true, ""self_z"": true, ""median_ratio"": true}, ""yield_arm"": true, ""residual_arm"": false, ""brakes"": {""gm"": true, ""fcf_margin"": true, ""roic"": true}, ""self_pct"": 0.38461538461538464, ""self_z"": -1.8562678969415758, ""median_ratio"": 0.5117591952407491, ""fcf_yield"": 0.0789361403046414, ""yield_threshold"": 0.0495, ""gs10"": 0.0495, ""residual_pct"": null, ""brake_values"": {""gm"": 1.0917653469361135, ""fcf_margin"": 1.8572553816778128, ""roic"": 2.0903540520382666}}",False,"{""floor"": false, ""mom_sector_pct"": 70.37037037037037, ""eps_rev_proxy"": null}"
WYNN,1174922,Wynn Resorts,Consumer Discretionary,Casinos & Gaming,Consumer Services,17.872689938398356,5.9986310746064335,148285250.70904613,-0.25281291239177284,-0.3697495161411306,-0.3428035033750465,4.0,,,0.010366684333990215,0.08409910220394613,1.9616381619454695,-0.03745847082940017,0.08548267065448215,17.459538429409132,6,9,False,0.2777382286479426,,,False,,0.09517112535703807,0.10619477501964342,,9.18047876166072,-2.835000272789938,2.166672817002169,,,,,,80.51499938964844,102973891.0,8290942771.014725,18438961771.014725,9978568000.0,10148019000.0,1459197000.0,667323000.0,86330000.0,585600000.0,10885235000.0,7413425000.0,1165387000.0,791874000.0,705544000.0,787267000.0,1750987000.0,448885000.0,981090311.1093489,0.1581420497145164,0.09831974999913304,15.822179045256833,26.13438959301578,0.03826375957398456,23.421484415090084,0.0426958420857269,18.470082027723638,1.764091025541063,6.216628107461677,18463000.0,224242000.0,0.024322628256880145,2.0,0.04537821734209471,0.04164157077037584,33.53658536585366,-0.19370704716521137,0.8818199362788763,164.0,"['mktcap<10B', 'fcf_cagr5 gate']",False,0.9,ig,Consumer Services,41.66666666666667,30.76923076923077,,42.30769230769231,7.6923076923076925,76.92307692307693,0.0,53.84615384615385,18.181818181818183,1.0,18.174260112601452,"{'profitability': 27.2, 'growth': 100.0, 'balance': 0.0, 'stability': 44.4}",51.97339955795642,False,0.1449385607857714,22.608218603316484,,35.073829835278936,,False,"{""floor"": false, ""depressed_arms"": {""self_pct"": false, ""self_z"": false, ""median_ratio"": false}, ""yield_arm"": false, ""residual_arm"": false, ""brakes"": {""gm"": false, ""fcf_margin"": true, ""roic"": true}, ""self_pct"": 33.53658536585366, ""self_z"": -0.19370704716521137, ""median_ratio"": 0.8818199362788763, ""fcf_yield"": 0.03826375957398456, ""yield_threshold"": 0.0495, ""gs10"": 0.0495, ""residual_pct"": null, ""brake_values"": {""gm"": null, ""fcf_margin"": 9.18047876166072, ""roic"": 2.166672817002169}}",False,"{""floor"": false, ""mom_sector_pct"": 18.181818181818183, ""eps_rev_proxy"": null}"
AMCR,1748790,Amcor,Materials,Paper & Plastic Packaging Products & Materials,Materials,7.312799452429843,5.9986310746064335,146429630.85409182,0.17102656106012337,-0.11453852190192859,0.10981674255644647,12.0,0.19330295592028762,0.028460083932397132,0.064078014995485,0.05843108504398827,0.16381555291242958,0.053249268919611396,0.05087976539589443,0.17077283456959685,9,11,False,0.12818624051338734,,,False,0.19952352590827874,0.04875350974219348,0.025057432144984258,1.0321804183406087,0.7608461302309177,0.4705685665433756,0.9957257559608156,1.5384615384615385,-1.920948252046407,0.4042998007921932,260.0,,42.790000915527344,462345690.0,19783772498.39012,25106172498.39012,17112400000.0,5322400000.0,2151000000.0,922000000.0,83000000.0,1479000000.0,5311400000.0,23506000000.0,1899000000.0,1229000000.0,1146000000.0,589000000.0,3378000000.0,1106000000.0,1582354849.004771,0.1667431021565187,0.09246831823734666,13.220733279826288,21.907654885157175,0.045646145388090704,42.62508064242805,0.02346036617241311,17.887678569972984,1.1112115732368897,1.5723505032563647,12075000000.0,6588000000.0,1.090612655150651,3.0,0.09286524696563693,0.0953044842066701,1.5384615384615385,-2.8011302867783385,0.23386337015763073,260.0,['fcf_cagr5 gate'],False,1.0,ig,Materials,33.33333333333333,28.57142857142857,14.285714285714285,46.42857142857143,100.0,72.72727272727273,45.45454545454546,83.33333333333334,64.28571428571429,1.0,45.865558906231215,"{'profitability': 32.9, 'growth': 100.0, 'balance': 47.6, 'stability': 79.9}",73.1619287228102,False,-0.24882323041540522,28.096902650363745,,59.51374381452071,,False,"{""floor"": false, ""depressed_arms"": {""self_pct"": true, ""self_z"": true, ""median_ratio"": true}, ""yield_arm"": false, ""residual_arm"": false, ""brakes"": {""gm"": true, ""fcf_margin"": false, ""roic"": true}, ""self_pct"": 1.5384615384615385, ""self_z"": -2.8011302867783385, ""median_ratio"": 0.23386337015763073, ""fcf_yield"": 0.045646145388090704, ""yield_threshold"": 0.0495, ""gs10"": 0.0495, ""residual_pct"": null, ""brake_values"": {""gm"": 1.0321804183406087, ""fcf_margin"": 0.7608461302309177, ""roic"": 0.9957257559608156}}",False,"{""floor"": false, ""mom_sector_pct"": 64.28571428571429, ""eps_rev_proxy"": null}"
DVA,927066,DaVita,Health Care,Health Care Services,Health Care Equipment and Services,18.16290212183436,5.9986310746064335,146056040.33113074,0.4027904876181143,-0.25831975492384973,0.3576547907314609,10.0,,,0.09650706657454272,0.10217942528817743,0.14521901066236892,0.0867985662218346,0.09385894479753112,0.16168697275946112,8,9,False,0.0338593890156329,0.0009409735461125557,-0.03962937117869003,False,,0.10551508582015563,0.09699359998104164,,1.0933405144861081,1.117456246145255,1.3857130036126917,12.692307692307692,-0.56556754158006,0.8461802104411671,260.0,,178.07000732421875,63800000.0,11360866467.285156,19322814467.285156,7196852000.0,7961948000.0,2193155000.0,583351000.0,131575000.0,702734000.0,7678830000.0,14009646000.0,2127730000.0,1609804000.0,1478229000.0,1358846000.0,2830464000.0,1179389000.0,1688113033.1528826,0.20661313552335936,0.2345626995181897,9.081422204549053,13.071597477309101,0.07650174370316201,14.220017917619183,0.07032339943545073,9.63284079068497,1.3649474431252115,2.7129226868810203,7590966000.0,1855807000.0,1.3126257146874774,8.0,0.16927220781407218,0.1548716560065859,12.307692307692308,-0.7116094651184663,0.8573366501335334,260.0,[],True,0.9,ig,Health Care Equipment and Services,62.96296296296296,41.37931034482759,,92.85714285714286,58.333333333333336,58.620689655172406,25.925925925925924,93.33333333333333,85.71428571428571,1.0,25.604955755490437,"{'profitability': 59.2, 'growth': 14.5, 'balance': 9.6, 'stability': 82.9}",80.14201247265072,False,-0.6742422665233034,25.653602534104387,,52.87348411407058,,False,"{""floor"": false, ""depressed_arms"": {""self_pct"": true, ""self_z"": false, ""median_ratio"": false}, ""yield_arm"": true, ""residual_arm"": false, ""brakes"": {""gm"": false, ""fcf_margin"": true, ""roic"": true}, ""self_pct"": 12.307692307692308, ""self_z"": -0.7116094651184663, ""median_ratio"": 0.8573366501335334, ""fcf_yield"": 0.07650174370316201, ""yield_threshold"": 0.0495, ""gs10"": 0.0495, ""residual_pct"": null, ""brake_values"": {""gm"": null, ""fcf_margin"": 1.0933405144861081, ""roic"": 1.3857130036126917}}",False,"{""floor"": false, ""mom_sector_pct"": 85.71428571428571, ""eps_rev_proxy"": null}"
VLTO,1967680,Veralto,Industrials,Environmental & Facilities Services,Commercial and Professional Services,2.9924709103353866,2.9897330595482545,144726446.70839772,-0.09723703361282998,-0.07681267875181397,-0.09826812570942112,5.0,0.5838307942666603,0.021884428131867428,0.16428976560761807,0.1700856403106951,0.08106556165967808,0.1570317607963617,0.16085106382978723,0.09110181475122846,4,4,True,,0.047532853252115315,0.051695440677989035,True,0.5986053996066512,0.17307348471303416,0.16896120150187735,1.0253063138927931,1.0534647978401448,1.075968330514906,0.9178991671949419,,,,,,96.19999694824219,245599266.0,23626648639.69052,25064648639.69052,4443000000.0,1438000000.0,1102000000.0,60000000.0,74000000.0,83000000.0,1437000000.0,5593000000.0,1293000000.0,1042000000.0,968000000.0,945000000.0,1376000000.0,969000000.0,1039765145.2282158,0.195850622406639,0.2340232152212955,19.384879071686406,25.893232065795992,0.03862013044408478,26.523437713958224,0.03770250337774805,24.38250633610993,1.0753353973168214,1.0443313953488371,3042000000.0,750000000.0,0.8534773801485482,3.0,0.2549552538940195,0.25636970674260423,,,,,['rev_cagr5 gate'],False,0.9,ig,Commercial and Professional Services,80.0,72.72727272727273,71.42857142857143,22.727272727272727,9.090909090909092,27.27272727272727,45.45454545454546,36.36363636363637,26.5625,1.0,60.986713960889816,"{'profitability': 84.0, 'growth': 39.6, 'balance': 65.2, 'stability': 93.8}",,True,0.12588850037304633,22.830403259950437,50.0,,7.0,False,"{""floor"": true, ""depressed_arms"": {""self_pct"": false, ""self_z"": false, ""median_ratio"": false}, ""yield_arm"": false, ""residual_arm"": false, ""brakes"": {""gm"": true, ""fcf_margin"": true, ""roic"": true}, ""self_pct"": null, ""self_z"": null, ""median_ratio"": null, ""fcf_yield"": 0.03862013044408478, ""yield_threshold"": 0.0495, ""gs10"": 0.0495, ""residual_pct"": 50.0, ""brake_values"": {""gm"": 1.0253063138927931, ""fcf_margin"": 1.0534647978401448, ""roic"": 0.9178991671949419}}",False,"{""floor"": true, ""mom_sector_pct"": 26.5625, ""eps_rev_proxy"": 7.0}"
MKC,63754,McCormick & Company,Consumer Staples,Packaged Foods & Meats,Food Beverage and Tobacco,23.529089664613277,5.9986310746064335,143646839.5970628,-0.21981841331087115,-0.3099034185141586,-0.2740476642200619,10.0,0.3785894246149789,0.03205303595736535,0.09113081411500469,0.08917708999509198,0.29534799571527426,0.09959509648684615,0.0990079866740039,0.2877314268575915,9,9,False,0.040775986020144206,-0.01925692501253995,-0.037827238833880394,False,0.3862140864902922,0.13187467843700074,0.12574128733515666,1.0201396589011102,1.4470920699839065,1.2625248809489704,,0.7692307692307693,-1.5046063394791196,0.5278616482350375,260.0,shares_was_proxy,48.459999084472656,269200000.0,13045431753.54004,18547031753.54004,12497200000.0,5501600000.0,1231500000.0,211600000.0,45900000.0,256900000.0,4923900000.0,7385800000.0,1103700000.0,1019900000.0,974000000.0,928700000.0,1360600000.0,1618400000.0,,,,16.80441401969742,19.04212705702263,0.05251514166487014,19.970961293787056,0.05007270232460462,8.06069683239004,0.6301903114186851,3.6189181243569015,6291900000.0,2816300000.0,0.728819255513235,,,,0.7692307692307693,-1.3982357258571998,0.46793588173783157,260.0,[],True,0.8,ig,Food Beverage and Tobacco,,28.57142857142857,35.714285714285715,,53.57142857142857,7.6923076923076925,23.076923076923066,50.0,3.7037037037037033,1.0,15.884858855395999,"{'profitability': 35.7, 'growth': 17.0, 'balance': 0.0, 'stability': 82.0}",67.77581909520573,False,,,,41.83033897530087,,False,"{""floor"": false, ""depressed_arms"": {""self_pct"": true, ""self_z"": true, ""median_ratio"": true}, ""yield_arm"": true, ""residual_arm"": false, ""brakes"": {""gm"": true, ""fcf_margin"": true, ""roic"": false}, ""self_pct"": 0.7692307692307693, ""self_z"": -1.3982357258571998, ""median_ratio"": 0.46793588173783157, ""fcf_yield"": 0.05251514166487014, ""yield_threshold"": 0.0495, ""gs10"": 0.0495, ""residual_pct"": null, ""brake_values"": {""gm"": 1.0201396589011102, ""fcf_margin"": 1.4470920699839065, ""roic"": null}}",False,"{""floor"": false, ""mom_sector_pct"": 3.7037037037037033, ""eps_rev_proxy"": null}"
VTRS,1792044,Viatris,Health Care,Pharmaceuticals,Pharmaceuticals Biotechnology and Life Sciences,22.43394934976044,5.9986310746064335,143108183.46707293,0.7152537064337947,0.0,0.8564980781849205,8.0,0.3733118085428981,0.09999887837575834,0.13808751878709008,0.1374511609107648,0.12761545459667076,-0.03932470133573536,-0.046321506764722395,,3,7,False,0.03810826926878108,0.1439544094903733,,False,0.3493378159495842,0.1213096680232479,-0.04390967618995767,0.9357802457766107,0.8784984268584689,1.1165927444706574,0.3894955265895008,,,,,,18.270000457763672,1148590864.0,20984755611.06317,33721955611.06317,26997600000.0,12737200000.0,2330800000.0,376000000.0,172300000.0,2803700000.0,12737200000.0,14693800000.0,-87300000.0,1954800000.0,1782500000.0,-645200000.0,2716400000.0,,-64503689.748329304,0.26112611972131383,-0.0023892379229386797,,18.918348168899396,0.052858737510917506,,-0.01913293545135707,,,4.689000147253718,6654400000.0,13676900000.0,0.7530780513823451,0.0,-0.0061341857860584825,0.007595043516924357,92.5,1.6877942768349463,1.3179351590298656,240.0,[],True,0.8,ig,Pharmaceuticals Biotechnology and Life Sciences,16.666666666666664,25.0,11.11111111111111,8.333333333333332,8.333333333333332,,16.666666666666657,,97.61904761904762,1.0,16.221687424953316,"{'profitability': 24.3, 'growth': 65.9, 'balance': 0.0, 'stability': 55.0}",,False,,,,,,False,"{""floor"": false, ""depressed_arms"": {""self_pct"": false, ""self_z"": false, ""median_ratio"": false}, ""yield_arm"": true, ""residual_arm"": false, ""brakes"": {""gm"": false, ""fcf_margin"": false, ""roic"": false}, ""self_pct"": 92.5, ""self_z"": 1.6877942768349463, ""median_ratio"": 1.3179351590298656, ""fcf_yield"": 0.052858737510917506, ""yield_threshold"": 0.0495, ""gs10"": 0.0495, ""residual_pct"": null, ""brake_values"": {""gm"": 0.9357802457766107, ""fcf_margin"": 0.8784984268584689, ""roic"": 0.3894955265895008}}",False,"{""floor"": false, ""mom_sector_pct"": 97.61904761904762, ""eps_rev_proxy"": null}"
STE,1757898,Steris,Health Care,Health Care Equipment,Health Care Equipment and Services,6.767967145790554,5.9986310746064335,141800139.00027043,-0.06589599821844905,-0.20784133105563518,-0.12241886286252568,10.0,0.43934986616900673,0.011104044184521556,0.11051984460992872,0.10829587249693502,0.3534709233134412,0.07370671082135634,0.06842197442933037,0.6754159051403761,9,9,False,0.1381894523048055,0.16641623661536342,0.1228312718733593,False,0.44433954451345753,0.14293995859213252,0.12173913043478261,1.0113569588354703,1.293342015604782,1.6516695573330211,1.3793115047297195,5.0,-0.28609467041283426,0.38804141341133663,260.0,,211.0,97500110.0,20572523210.0,22153523210.0,8787700000.0,1581000000.0,1288500000.0,362900000.0,62600000.0,490900000.0,1566500000.0,6037500000.0,1141600000.0,925600000.0,863000000.0,735000000.0,1632500000.0,805000000.0,847209991.7347782,0.2578749196436771,0.09640861564855174,19.405679055711282,25.670362931633836,0.03895542897711393,30.140847904761905,0.033177566973555894,25.555929453416148,1.1498136645962733,0.9595712098009188,4189200000.0,14300000.0,0.47833904207016625,1.0,0.06989618756746564,0.07066786227880759,5.0,-1.3143429461614307,0.5495042931737502,260.0,[],True,1.0,ig,Health Care Equipment and Services,29.629629629629626,55.172413793103445,36.36363636363637,25.0,58.333333333333336,34.48275862068966,62.96296296296296,60.0,23.809523809523807,1.0,53.712026310948254,"{'profitability': 39.3, 'growth': 100.0, 'balance': 68.0, 'stability': 81.2}",61.17599039526185,False,0.0195640137337163,25.173028391402205,,57.44400835310505,,False,"{""floor"": false, ""depressed_arms"": {""self_pct"": true, ""self_z"": true, ""median_ratio"": true}, ""yield_arm"": false, ""residual_arm"": false, ""brakes"": {""gm"": true, ""fcf_margin"": true, ""roic"": true}, ""self_pct"": 5.0, ""self_z"": -1.3143429461614307, ""median_ratio"": 0.5495042931737502, ""fcf_yield"": 0.03895542897711393, ""yield_threshold"": 0.0495, ""gs10"": 0.0495, ""residual_pct"": null, ""brake_values"": {""gm"": 1.0113569588354703, ""fcf_margin"": 1.293342015604782, ""roic"": 1.3793115047297195}}",False,"{""floor"": false, ""mom_sector_pct"": 23.809523809523807, ""eps_rev_proxy"": null}"
PKG,75677,Packaging Corporation of America,Materials,Paper & Plastic Packaging Products & Materials,Materials,9.177275838466803,5.9986310746064335,138387770.58347425,0.12657662910227674,-0.07812117058524826,0.12082080573213738,10.0,0.22590546458435962,0.0681208205655404,0.07384457185761927,0.07492333097428638,0.20286191058589645,0.09349072603502713,0.09561367403468568,0.1843677098896179,6,9,False,0.06187600584788355,0.03562932157398624,0.07712854976867134,False,0.2010676903068823,0.07268265055691901,0.08380005453820821,0.8900523529912124,0.98426531197255,0.8963461734890344,0.6903537149180389,58.46153846153847,0.00023772023770571375,1.052314305654943,260.0,,234.52000427246094,89098299.0,20895333462.149002,24857233462.149002,8623800000.0,3961900000.0,1624100000.0,881700000.0,49400000.0,775700000.0,3961500000.0,9534600000.0,1035500000.0,742400000.0,693000000.0,799000000.0,1811200000.0,691800000.0,779922591.1812738,0.2468154599891127,0.09043839040576936,24.00505404360116,35.86902375490477,0.02787920872430377,31.110429865017526,0.03214356099670809,30.204298152860655,1.0731425267418329,2.1872239399293285,1416300000.0,565600000.0,0.2298174818525476,9.0,0.13100297492642088,0.12833516745662293,61.92307692307693,0.00024240875458066908,1.051598387735526,260.0,[],True,1.0,ig,Materials,58.333333333333336,50.0,42.857142857142854,92.85714285714286,71.42857142857143,63.63636363636363,27.272727272727266,41.666666666666664,57.14285714285714,1.0,23.348103155544397,"{'profitability': 37.1, 'growth': 40.6, 'balance': 27.1, 'stability': 66.4}",35.75737963856773,False,0.2368583677987739,28.304355776654717,,29.55274139705606,,False,"{""floor"": false, ""depressed_arms"": {""self_pct"": false, ""self_z"": false, ""median_ratio"": false}, ""yield_arm"": false, ""residual_arm"": false, ""brakes"": {""gm"": false, ""fcf_margin"": true, ""roic"": false}, ""self_pct"": 61.92307692307693, ""self_z"": 0.00024240875458066908, ""median_ratio"": 1.051598387735526, ""fcf_yield"": 0.02787920872430377, ""yield_threshold"": 0.0495, ""gs10"": 0.0495, ""residual_pct"": null, ""brake_values"": {""gm"": 0.8900523529912124, ""fcf_margin"": 0.98426531197255, ""roic"": 0.6903537149180389}}",False,"{""floor"": false, ""mom_sector_pct"": 57.14285714285714, ""eps_rev_proxy"": null}"
ALGN,1097149,Align Technology,Health Care,Health Care Supplies,Health Care Equipment and Services,9.27857631759069,5.9986310746064335,136065092.04055083,0.2002723884952169,-0.23724358051286543,0.0970719679866745,10.0,0.7041128153004574,0.03208929039405078,0.1020101401042968,0.11226472938815887,0.2974345370149372,0.11936403855859909,0.10489941015430812,0.5647138623594249,8,9,False,0.10296139708637742,-0.0065838037320232745,-0.18418971003597528,False,0.6804646032450045,0.10977569445048377,0.07782425646184157,0.9664141717895564,1.0761253179168986,0.6519908123218829,0.7128283027285993,19.615384615384617,-0.5714714664821541,0.7301989344572144,260.0,,145.0,71039852.0,10300778540.0,9056927540.0,2988602000.0,-1243851000.0,755696000.0,122127000.0,179149000.0,254391000.0,-1243851000.0,4139532000.0,547590000.0,633569000.0,454420000.0,322156000.0,801981000.0,413227000.0,398080492.8389125,0.2730318434615087,0.13319956716849968,16.53961456564218,19.93074147264645,0.05017374799489673,28.11348396429059,0.03557012006303409,24.927651242537394,1.5332226597003584,-1.550973152730551,497301000.0,94927000.0,0.19816221765226685,7.0,0.18686066007568977,0.15774782930056896,4.230769230769231,-0.9407190218290419,0.4112732022456968,260.0,[],True,1.0,ig,Health Care Equipment and Services,66.66666666666666,44.827586206896555,86.36363636363636,76.78571428571429,58.333333333333336,72.41379310344827,88.88888888888889,76.66666666666667,57.14285714285714,1.0,49.61522343004857,"{'profitability': 55.3, 'growth': 42.9, 'balance': 100.0, 'stability': 76.4}",70.22233716442646,False,-0.2545342345285948,25.707880314062265,,59.91878029723752,,False,"{""floor"": false, ""depressed_arms"": {""self_pct"": true, ""self_z"": false, ""median_ratio"": true}, ""yield_arm"": true, ""residual_arm"": false, ""brakes"": {""gm"": false, ""fcf_margin"": true, ""roic"": false}, ""self_pct"": 4.230769230769231, ""self_z"": -0.9407190218290419, ""median_ratio"": 0.4112732022456968, ""fcf_yield"": 0.05017374799489673, ""yield_threshold"": 0.0495, ""gs10"": 0.0495, ""residual_pct"": null, ""brake_values"": {""gm"": 0.9664141717895564, ""fcf_margin"": 1.0761253179168986, ""roic"": 0.7128283027285993}}",False,"{""floor"": false, ""mom_sector_pct"": 57.14285714285714, ""eps_rev_proxy"": null}"
FTV,1659166,Fortive,Industrials,Industrial Machinery & Supplies & Components,Capital Goods,10.245037645448322,5.9986310746064335,133364409.52835874,0.13454344376775507,-0.1088925604961718,0.11103164815536193,10.0,0.6118634013940201,0.04975609584347539,0.23789454982111335,0.20708807193864057,0.16737134155537814,0.16139934391928218,0.12767564412860258,0.2673995991472709,7,9,False,-0.02140910787620065,-0.06393711288329884,-0.11789054489653683,False,0.6325494640411767,0.20321575293950986,0.12971620153940597,1.0338083019837878,0.8542261816940301,0.80369720464464,1.2171606156974826,81.53846153846153,1.155604780216198,1.2406051138571204,260.0,,55.7599983215332,304861021.0,16999050019.260899,20240950019.2609,9325000000.0,3241900000.0,1076300000.0,105000000.0,110600000.0,416300000.0,3233600000.0,4235400000.0,746600000.0,971300000.0,860700000.0,549400000.0,1162900000.0,497200000.0,657706449.3267187,0.11906449326718639,0.07053152271600201,27.110835814707873,23.516846775021378,0.042522707638770633,36.84191849155606,0.02714299474467362,34.18956158338877,1.9535398230088497,2.7806346203456873,7288500000.0,2093500000.0,1.0061126005361931,2.0,0.05794758868005647,0.057382385318106056,85.38461538461539,1.1244069670168724,1.151703398238901,260.0,"['rev_cagr5 gate', 'fcf_cagr5 gate']",False,1.0,ig,Capital Goods,10.81081081081081,100.0,100.0,15.853658536585366,64.28571428571429,100.0,16.21621621621621,34.14634146341463,60.9375,1.0,18.273625694201993,"{'profitability': 55.0, 'growth': 0.0, 'balance': 7.3, 'stability': 75.5}",29.043267922144935,False,-0.15026107871543948,27.32981216511972,,23.658446808173466,,False,"{""floor"": false, ""depressed_arms"": {""self_pct"": false, ""self_z"": false, ""median_ratio"": false}, ""yield_arm"": false, ""residual_arm"": false, ""brakes"": {""gm"": true, ""fcf_margin"": false, ""roic"": true}, ""self_pct"": 85.38461538461539, ""self_z"": 1.1244069670168724, ""median_ratio"": 1.151703398238901, ""fcf_yield"": 0.042522707638770633, ""yield_threshold"": 0.0495, ""gs10"": 0.0495, ""residual_pct"": null, ""brake_values"": {""gm"": 1.0338083019837878, ""fcf_margin"": 0.8542261816940301, ""roic"": 1.2171606156974826}}",False,"{""floor"": false, ""mom_sector_pct"": 60.9375, ""eps_rev_proxy"": null}"
IEX,832101,IDEX Corporation,Industrials,Industrial Machinery & Supplies & Components,Capital Goods,7.14031485284052,5.9986310746064335,132959498.54741351,0.3596764044293681,-0.03260236237267211,0.40470718185731314,10.0,0.4440925586597052,0.00549684319330994,0.16993627529802136,0.17078993055555555,0.1086815811461864,0.14566807570144608,0.14277410670582477,0.09316133570230765,7,9,False,0.08013924934357308,0.03565054967020065,-0.01058255745001846,False,0.4469918835243913,0.17044598778344908,0.13209494324045407,1.0065286499585502,1.0029994330788634,0.9068215022706085,0.8476819465327478,71.92307692307692,1.0241663611798615,1.1188100868428843,260.0,,231.14999389648438,73719896.0,17040353510.449463,18397253510.449463,5364900000.0,1356900000.0,716700000.0,75200000.0,30400000.0,212700000.0,1358300000.0,3585300000.0,741700000.0,641500000.0,611100000.0,473600000.0,954400000.0,519500000.0,565338044.9141347,0.23778071334214002,0.1053771822241113,24.80417083787173,30.105144019717663,0.03321691466896953,38.845552175780114,0.025742972978602473,32.80145045322322,1.2348411934552455,1.423197820620285,3382600000.0,1073600000.0,0.8306212604149192,6.0,0.1243121699773517,0.1288706123154617,53.46153846153846,0.08182381008402825,1.0109962114020652,260.0,[],True,1.0,ig,Capital Goods,40.54054054054054,90.2439024390244,81.25,46.34146341463415,64.28571428571429,53.84615384615385,59.45945945945946,43.90243902439024,79.6875,1.0,45.112943360903785,"{'profitability': 60.4, 'growth': 48.2, 'balance': 52.6, 'stability': 82.9}",40.15708270375261,False,0.0803991957696013,27.779458898727235,,42.635013032328196,,False,"{""floor"": false, ""depressed_arms"": {""self_pct"": false, ""self_z"": false, ""median_ratio"": false}, ""yield_arm"": false, ""residual_arm"": false, ""brakes"": {""gm"": true, ""fcf_margin"": true, ""roic"": false}, ""self_pct"": 53.46153846153846, ""self_z"": 0.08182381008402825, ""median_ratio"": 1.0109962114020652, ""fcf_yield"": 0.03321691466896953, ""yield_threshold"": 0.0495, ""gs10"": 0.0495, ""residual_pct"": null, ""brake_values"": {""gm"": 1.0065286499585502, ""fcf_margin"": 1.0029994330788634, ""roic"": 0.8476819465327478}}",False,"{""floor"": false, ""mom_sector_pct"": 79.6875, ""eps_rev_proxy"": null}"
HII,1501585,Huntington Ingalls Industries,Industrials,Aerospace & Defense,Capital Goods,8.736481861738536,5.9986310746064335,128649837.41555738,0.022663769829120328,-0.4165298623233046,-0.080629118019934,10.0,,,0.0398231930406463,0.04177594604720869,0.5463901099723378,0.04015490377694115,0.045569088618227636,0.5636679234910986,9,9,False,0.059269098321768965,0.014186339457962216,-0.0024420316034008405,False,,-0.010390595373530527,-0.0020477815699658703,,-0.2609181881253261,-0.05099704836403577,0.8081894009635096,,,,,gm_derived,257.04998779296875,39404598.0,10128951434.88684,13700951434.88684,8884000000.0,3572000000.0,347000000.0,432000000.0,52000000.0,322000000.0,3572000000.0,13185000000.0,698000000.0,-85000000.0,-137000000.0,-27000000.0,1020000000.0,661000000.0,546656398.1042655,0.21682464454976302,0.061532687765000614,19.628870250554215,,-0.009999305570207031,,-0.0019706660612816775,15.323678418890834,-0.12859304084720122,3.5019607843137255,2650000000.0,651000000.0,0.3715668617739757,5.0,0.0761364696092802,0.07251799099553727,,,,,[],True,0.8,ig,Capital Goods,18.91891891891892,12.195121951219512,,41.46341463414634,64.28571428571429,2.564102564102564,10.810810810810807,60.97560975609756,42.1875,1.0,10.22346566597764,"{'profitability': 15.4, 'growth': 30.6, 'balance': 0.0, 'stability': 66.7}",,False,,,,,,False,"{""floor"": false, ""depressed_arms"": {""self_pct"": false, ""self_z"": false, ""median_ratio"": false}, ""yield_arm"": false, ""residual_arm"": false, ""brakes"": {""gm"": false, ""fcf_margin"": false, ""roic"": false}, ""self_pct"": null, ""self_z"": null, ""median_ratio"": null, ""fcf_yield"": -0.009999305570207031, ""yield_threshold"": 0.0495, ""gs10"": 0.0495, ""residual_pct"": null, ""brake_values"": {""gm"": null, ""fcf_margin"": -0.2609181881253261, ""roic"": 0.8081894009635096}}",False,"{""floor"": false, ""mom_sector_pct"": 42.1875, ""eps_rev_proxy"": null}"
IFF,51253,International Flavors & Fragrances,Materials,Specialty Chemicals,Materials,50.496919917864474,5.9986310746064335,128282437.06460194,0.41293832559252075,-0.02074210117317543,0.40926861785275115,9.0,0.3391029035519759,0.053156405942039034,0.042248861604364016,0.04615116684082202,0.7822942925853421,-0.009200441377870138,-0.0019157088122605363,,6,9,False,0.16456696810652138,-0.13281073620242412,,False,0.3888220496554741,0.049436727551132015,0.013671661380290932,1.1466196413616891,1.170131588729613,-1.4859788589246858,-1.7611340758178622,,,,,,85.72000122070312,255149963.0,21871455139.822357,27682455139.822357,19787000000.0,5811000000.0,1161000000.0,621000000.0,88000000.0,948000000.0,5778000000.0,9143000000.0,734000000.0,540000000.0,452000000.0,125000000.0,1682000000.0,,557649350.6493506,0.24025974025974026,0.028182612354038038,37.714516539267514,61.244369778368046,0.01632803151732663,221.45964111857884,0.004515495441738559,,,3.435196195005945,8145000000.0,3732000000.0,0.6002425835144287,0.0,-0.016002536513837068,-0.016355477386741278,56.81818181818182,0.07912536293014392,1.0833898069895518,220.0,['fcf_cagr5 gate'],False,0.9,ig,Materials,8.333333333333332,21.428571428571427,64.28571428571429,14.285714285714285,39.285714285714285,,0.0,8.333333333333343,78.57142857142857,1.0,9.910116617364615,"{'profitability': 9.2, 'growth': 50.0, 'balance': 0.0, 'stability': 53.0}",23.738834987112888,False,,,,16.82447580223875,,False,"{""floor"": false, ""depressed_arms"": {""self_pct"": false, ""self_z"": false, ""median_ratio"": false}, ""yield_arm"": false, ""residual_arm"": false, ""brakes"": {""gm"": true, ""fcf_margin"": true, ""roic"": false}, ""self_pct"": 56.81818181818182, ""self_z"": 0.07912536293014392, ""median_ratio"": 1.0833898069895518, ""fcf_yield"": 0.01632803151732663, ""yield_threshold"": 0.0495, ""gs10"": 0.0495, ""residual_pct"": null, ""brake_values"": {""gm"": 1.1466196413616891, ""fcf_margin"": 1.170131588729613, ""roic"": -1.7611340758178622}}",False,"{""floor"": false, ""mom_sector_pct"": 78.57142857142857, ""eps_rev_proxy"": null}"
UHS,352915,Universal Health Services,Health Care,Health Care Facilities,Health Care Equipment and Services,12.02464065708419,5.9986310746064335,127809305.26418081,-0.17781868322104633,-0.26834567704291434,-0.13987184297673572,10.0,,,0.029651855390810722,0.030599547289534724,0.7057506794638717,0.050699682468984354,0.04512519836190734,0.5620056985846631,9,9,False,0.08480286480142118,-0.12213094292578985,-0.0833885508301867,False,,0.04140365664233274,,,1.3963260004014442,,1.288180279220817,19.230769230769234,-0.42113731340006766,0.7157782001934012,260.0,shares_was_proxy,177.47999572753906,59657000.0,10587924105.117798,15870243105.117798,12796131000.0,5282319000.0,1800302000.0,954902000.0,95394000.0,,5214496000.0,18114487000.0,2058455000.0,845400000.0,750006000.0,,,1526027000.0,1574600199.1295638,0.23505726424451165,0.12305283519913666,7.7097838452226535,21.160154858918194,0.04725863334495108,,,6.938228553700425,0.5539875768908413,,3981713000.0,75876000.0,0.31709498753959303,3.0,0.09552454511535277,0.09713264136732536,28.205128205128204,-0.14987113275776143,0.68113368618125,234.0,['fcf_cagr5 gate'],False,0.8,ig,Health Care Equipment and Services,37.03703703703704,13.793103448275861,,41.07142857142857,58.333333333333336,6.896551724137931,,96.66666666666667,9.523809523809524,0.7,21.677700971498062,"{'profitability': 30.4, 'growth': 35.3, 'balance': None, 'stability': 66.7}",68.36907936518745,False,-0.1803318321763081,25.34171260402143,,45.02339016834276,,False,"{""floor"": false, ""depressed_arms"": {""self_pct"": false, ""self_z"": false, ""median_ratio"": true}, ""yield_arm"": false, ""residual_arm"": false, ""brakes"": {""gm"": false, ""fcf_margin"": true, ""roic"": true}, ""self_pct"": 28.205128205128204, ""self_z"": -0.14987113275776143, ""median_ratio"": 0.68113368618125, ""fcf_yield"": 0.04725863334495108, ""yield_threshold"": 0.0495, ""gs10"": 0.0495, ""residual_pct"": null, ""brake_values"": {""gm"": null, ""fcf_margin"": 1.3963260004014442, ""roic"": 1.288180279220817}}",False,"{""floor"": false, ""mom_sector_pct"": 9.523809523809524, ""eps_rev_proxy"": null}"
J,52988,Jacobs Solutions,Industrials,Construction & Engineering,Capital Goods,18.926762491444215,5.9986310746064335,110830329.94681677,-0.044062678926609866,-0.12372846781658298,-0.0954452142929818,9.0,0.24479021776876628,0.06398820513893612,0.05228839435626618,0.045429913407415576,0.30284276723000336,0.04803221828878799,0.03908856876304419,0.3858079703136637,7,9,False,-0.023763696704604875,,,False,0.22067032387720956,0.04037655803245411,0.03659414133662503,0.9014670843001543,0.7721896709497149,0.7618665687394889,0.9482567388850125,60.192307692307686,0.24520847895731437,1.198997343049915,260.0,,138.3699951171875,117038611.0,16194632032.592407,19114170032.592407,6184027000.0,2919538000.0,735843000.0,91299000.0,70421000.0,145082000.0,2933379000.0,14219216000.0,649643000.0,644544000.0,574123000.0,520340000.0,794725000.0,338427000.0,410025020.5939171,0.3688456266073566,0.0663038858973153,29.42257521837749,33.2928136176262,0.030036512127967773,36.734000908237704,0.02722273575639149,47.85265960633285,1.9045288939712257,3.6910616880052847,4756461000.0,604199000.0,0.8668558529902926,1.0,0.06992187155482524,0.05868170577027504,62.11538461538461,0.2765510741665134,1.1563755225380168,260.0,"['rev_cagr5 gate', 'fcf_cagr5 gate']",False,1.0,ig,Capital Goods,16.216216216216218,17.073170731707318,25.0,6.097560975609756,22.61904761904762,97.43589743589743,5.4054054054054035,24.390243902439025,29.6875,1.0,6.127513496933432,"{'profitability': 22.7, 'growth': 0.0, 'balance': 0.0, 'stability': 67.3}",30.966324681462467,False,0.1933473565236281,27.4397916498822,,18.54691908919795,,False,"{""floor"": false, ""depressed_arms"": {""self_pct"": false, ""self_z"": false, ""median_ratio"": false}, ""yield_arm"": false, ""residual_arm"": false, ""brakes"": {""gm"": false, ""fcf_margin"": false, ""roic"": true}, ""self_pct"": 62.11538461538461, ""self_z"": 0.2765510741665134, ""median_ratio"": 1.1563755225380168, ""fcf_yield"": 0.030036512127967773, ""yield_threshold"": 0.0495, ""gs10"": 0.0495, ""residual_pct"": null, ""brake_values"": {""gm"": 0.9014670843001543, ""fcf_margin"": 0.7721896709497149, ""roic"": 0.9482567388850125}}",False,"{""floor"": false, ""mom_sector_pct"": 29.6875, ""eps_rev_proxy"": null}"
MGM,789570,MGM Resorts,Consumer Discretionary,Casinos & Gaming,Consumer Services,9.177275838466803,5.9986310746064335,109258256.73589055,0.21485413645620577,-0.3523073490583033,-0.06100794801668352,8.0,,,0.08051335687434653,0.07811636234957606,0.2522421921184583,0.08992908021706693,0.12547578977346713,0.9241762408317052,8,9,False,0.277113404785333,,0.1992826380306052,True,,0.07873105122883604,,,0.9778632302179121,,0.6862095320138739,,,,,,31.860000610351562,251592756.0,8015745359.720032,37155933359.72003,31653963000.0,29140188000.0,2463036000.0,968489000.0,96170000.0,,28286309000.0,17761442000.0,1017036000.0,1494547000.0,1398377000.0,,,425926000.0,938657258.0395802,0.07706584817097897,0.029653704278342026,36.53354783873927,26.570755497065548,0.03763536193430552,,,18.8195727889822,3.5089358245329,,4768737000.0,1356676000.0,0.19351172553022825,1.0,0.043213774940308584,0.04202766631619687,4.296875,-0.09958632537788516,0.8189711021874292,256.0,"['mktcap<10B', 'fcf_cagr5 gate']",False,0.8,ig,Consumer Services,33.33333333333333,38.46153846153847,,26.923076923076923,38.46153846153847,100.0,,7.692307692307693,78.78787878787878,0.7,42.45070078369601,"{'profitability': 23.0, 'growth': 100.0, 'balance': None, 'stability': 75.8}",45.428088122026516,False,0.16254261983317297,22.584607129250333,,43.939394452861265,,False,"{""floor"": false, ""depressed_arms"": {""self_pct"": true, ""self_z"": false, ""median_ratio"": false}, ""yield_arm"": false, ""residual_arm"": false, ""brakes"": {""gm"": false, ""fcf_margin"": true, ""roic"": false}, ""self_pct"": 4.296875, ""self_z"": -0.09958632537788516, ""median_ratio"": 0.8189711021874292, ""fcf_yield"": 0.03763536193430552, ""yield_threshold"": 0.0495, ""gs10"": 0.0495, ""residual_pct"": null, ""brake_values"": {""gm"": null, ""fcf_margin"": 0.9778632302179121, ""roic"": 0.6862095320138739}}",False,"{""floor"": false, ""mom_sector_pct"": 78.78787878787878, ""eps_rev_proxy"": null}"
NDSN,72331,Nordson Corporation,Industrials,Industrial Machinery & Supplies & Components,Capital Goods,4.618754277891855,5.9986310746064335,105852046.6326031,0.37656192416655965,0.0,0.43690227061972187,10.0,0.5515110513763457,0.01052251518027549,0.1999210543180704,0.20525999181274815,0.13821767513675173,0.18625867436321228,0.1774978420622392,0.1816045396712159,7,9,False,0.056479601334163076,0.07907001567409888,0.10538966928464055,False,0.5528561528561529,0.2351879911201945,0.2261655583689482,1.002438938397427,1.1764043158056536,1.2142551703547284,0.9835044012205103,21.53846153846154,-1.0572746949161653,0.9056283430861112,260.0,gm_derived,331.32000732421875,55699366.0,18454314351.07434,19966802351.07434,4781547000.0,1512488000.0,773384000.0,49371000.0,23201000.0,76256000.0,1512488000.0,2979795000.0,800961000.0,724013000.0,700812000.0,673927000.0,877217000.0,555178000.0,659254789.8380016,0.17692023726748038,0.1378747902797989,24.92855750913508,28.490953852209067,0.03509885998156795,29.627544750506125,0.033752374974740935,33.24035597785637,1.3041096729337258,1.7241891117021215,3315820000.0,626343000.0,0.8244534666291056,10.0,0.1401872631263255,0.12266630092557447,57.692307692307686,0.14701857010240307,1.0127672630090483,260.0,[],True,1.0,ig,Capital Goods,48.64864864864865,95.1219512195122,90.625,87.8048780487805,64.28571428571429,66.66666666666666,45.945945945945944,41.463414634146346,82.8125,1.0,47.25193286090637,"{'profitability': 71.7, 'growth': 56.5, 'balance': 42.5, 'stability': 80.9}",38.71336323577812,False,0.02272020487953874,27.850931791437453,,42.98264804834224,,False,"{""floor"": false, ""depressed_arms"": {""self_pct"": false, ""self_z"": false, ""median_ratio"": false}, ""yield_arm"": false, ""residual_arm"": false, ""brakes"": {""gm"": true, ""fcf_margin"": true, ""roic"": true}, ""self_pct"": 57.692307692307686, ""self_z"": 0.14701857010240307, ""median_ratio"": 1.0127672630090483, ""fcf_yield"": 0.03509885998156795, ""yield_threshold"": 0.0495, ""gs10"": 0.0495, ""residual_pct"": null, ""brake_values"": {""gm"": 1.002438938397427, ""fcf_margin"": 1.1764043158056536, ""roic"": 0.9835044012205103}}",False,"{""floor"": false, ""mom_sector_pct"": 82.8125, ""eps_rev_proxy"": null}"
HSIC,1000228,Henry Schein,Health Care,Health Care Distributors,Health Care Equipment and Services,11.537303216974674,5.9986310746064335,96136701.7196329,0.33984781730792424,-0.04253423670713252,0.28285841309501425,10.0,0.3080539601006563,0.024171537990602482,0.039688483712754,0.04050364077669903,0.21457814490906063,0.02914355891642152,0.027457524271844662,0.26754432872366896,7,9,False,0.054343001644374,,,False,0.31318923687692984,0.0389648581091016,0.024555212468754594,1.0166700560336754,0.9817673658462327,0.8425605307565395,,59.61538461538461,0.42922663009358664,1.1637640379906027,260.0,,85.98999786376953,111446542.0,9583287908.504501,11919833908.504501,5493546000.0,2336546000.0,700000000.0,131000000.0,39000000.0,327000000.0,1676546000.0,13602000000.0,680000000.0,569000000.0,530000000.0,334000000.0,1007000000.0,424000000.0,,,,17.52916751250662,22.49025265755566,0.04446370679895618,35.68812547456437,0.028020524661983705,22.60209412383137,1.3419811320754718,1.664891757696127,4272000000.0,1043059000.0,0.9675096922825439,,,,46.53846153846154,-0.15184627948780105,0.9678016186672647,260.0,"['mktcap<10B', 'fcf_cagr5 gate']",False,0.8,ig,Health Care Equipment and Services,,24.137931034482758,22.727272727272727,,58.333333333333336,55.172413793103445,48.14814814814815,66.66666666666667,73.80952380952381,1.0,25.124812583865147,"{'profitability': 15.6, 'growth': 45.3, 'balance': 44.5, 'stability': 75.7}",53.083792890750686,False,,,,39.10430273730792,,False,"{""floor"": false, ""depressed_arms"": {""self_pct"": false, ""self_z"": false, ""median_ratio"": false}, ""yield_arm"": false, ""residual_arm"": false, ""brakes"": {""gm"": true, ""fcf_margin"": true, ""roic"": false}, ""self_pct"": 46.53846153846154, ""self_z"": -0.15184627948780105, ""median_ratio"": 0.9678016186672647, ""fcf_yield"": 0.04446370679895618, ""yield_threshold"": 0.0495, ""gs10"": 0.0495, ""residual_pct"": null, ""brake_values"": {""gm"": 1.0166700560336754, ""fcf_margin"": 0.9817673658462327, ""roic"": null}}",False,"{""floor"": false, ""mom_sector_pct"": 73.80952380952381, ""eps_rev_proxy"": null}"
HRL,48465,Hormel Foods,Consumer Staples,Packaged Foods & Meats,Food Beverage and Tobacco,17.571526351813826,5.9986310746064335,93262357.44145496,-0.07994151729477894,-0.23766732133399526,-0.14700248435809238,10.0,0.16682132833702906,0.035594130283219394,0.06383424041884073,0.06541029663217429,0.19524254570376157,0.06596444905635719,0.06743968504299375,0.17985095183844876,5,9,False,0.04729856026370727,-0.06815746663983346,-0.09187039915676254,False,0.1567837288015035,0.062185439573896606,0.06540164820504571,0.93983023852174,0.9741705887917564,0.9914681186705486,0.4609207233650294,0.7692307692307693,-1.2988446163636675,0.7059264688893817,260.0,shares_was_proxy,19.969999313354492,550675000.0,10996979371.881485,13285974371.881485,10132439000.0,2288995000.0,1091658000.0,310789000.0,25508000.0,271722000.0,2272785000.0,12146911000.0,573886000.0,780869000.0,755361000.0,794428000.0,845608000.0,342711000.0,376571452.4740182,0.3438218522946749,0.03716493654430273,23.15089472801477,17.588906988686848,0.05685401603653929,16.7239502785419,0.05979448535452034,32.08820076356314,2.2785057964290614,2.6877524810550515,4867763000.0,1572850000.0,0.6356429088790961,6.0,0.08063194961809017,0.08001175529317855,1.9230769230769231,-0.9749457334826986,0.6974572580840878,260.0,['fcf_cagr5 gate'],False,1.0,ig,Food Beverage and Tobacco,27.27272727272727,14.285714285714285,14.285714285714285,36.36363636363637,53.57142857142857,92.3076923076923,38.46153846153846,28.57142857142857,18.51851851851852,1.0,11.425592606208756,"{'profitability': 21.7, 'growth': 19.7, 'balance': 10.4, 'stability': 64.5}",59.499973807922274,False,-0.11518806138842042,19.736238822021523,,35.46278320706551,,False,"{""floor"": false, ""depressed_arms"": {""self_pct"": true, ""self_z"": false, ""median_ratio"": true}, ""yield_arm"": true, ""residual_arm"": false, ""brakes"": {""gm"": false, ""fcf_margin"": true, ""roic"": false}, ""self_pct"": 1.9230769230769231, ""self_z"": -0.9749457334826986, ""median_ratio"": 0.6974572580840878, ""fcf_yield"": 0.05685401603653929, ""yield_threshold"": 0.0495, ""gs10"": 0.0495, ""residual_pct"": null, ""brake_values"": {""gm"": 0.93983023852174, ""fcf_margin"": 0.9741705887917564, ""roic"": 0.4609207233650294}}",False,"{""floor"": false, ""mom_sector_pct"": 18.51851851851852, ""eps_rev_proxy"": null}"
AOS,91142,A. O. Smith,Industrials,Building Products,Capital Goods,9.177275838466803,5.9986310746064335,85294031.0631221,-0.15707658307436034,-0.2658781299423456,-0.1863447362281745,10.0,0.37594040956193764,0.03313037334138961,0.13345055553018087,0.1425513028040311,0.19702988229748036,0.13342765054945965,0.13881781630202078,0.1953671815539953,6,9,False,0.05756136403417389,0.015613976621913883,0.019778627439967167,False,0.38592341454440326,0.16804646639859128,0.15766511603458697,1.0265547537017856,1.2592414151515936,1.1816524939569617,0.7774915923471257,5.0,-1.5999012031137174,0.7294703888020186,260.0,shares_was_proxy;sbc_unreported,58.380001068115234,137147703.0,8006683047.629551,8689883047.62955,2525100000.0,683200000.0,692300000.0,52900000.0,,92400000.0,664200000.0,3804900000.0,666300000.0,639400000.0,639400000.0,599900000.0,758700000.0,500300000.0,516741419.9348938,0.22446132382576345,0.20464196266876314,13.041997670162916,13.59068352772842,0.07357981649412615,14.485552671494501,0.06903430077389158,16.003763836956928,1.2780331800919449,0.8754448398576512,915200000.0,93300000.0,0.3993901231634391,10.0,0.2632079429321943,0.2721726536780593,4.230769230769231,-1.9195239395831718,0.673935949893306,260.0,['mktcap<10B'],False,1.0,ig,Capital Goods,83.78378378378379,75.60975609756098,59.375,87.8048780487805,64.28571428571429,61.53846153846154,72.97297297297297,90.2439024390244,18.75,1.0,43.361915165787565,"{'profitability': 78.5, 'growth': 30.5, 'balance': 70.8, 'stability': 70.2}",81.3173284459026,False,-0.7309508035865799,28.22859092325165,,62.339621805845084,,False,"{""floor"": false, ""depressed_arms"": {""self_pct"": true, ""self_z"": true, ""median_ratio"": true}, ""yield_arm"": true, ""residual_arm"": false, ""brakes"": {""gm"": true, ""fcf_margin"": true, ""roic"": false}, ""self_pct"": 4.230769230769231, ""self_z"": -1.9195239395831718, ""median_ratio"": 0.673935949893306, ""fcf_yield"": 0.07357981649412615, ""yield_threshold"": 0.0495, ""gs10"": 0.0495, ""residual_pct"": null, ""brake_values"": {""gm"": 1.0265547537017856, ""fcf_margin"": 1.2592414151515936, ""roic"": 0.7774915923471257}}",False,"{""floor"": false, ""mom_sector_pct"": 18.75, ""eps_rev_proxy"": null}"
SOLV,1964738,Solventum,Health Care,Health Care Technology,Health Care Equipment and Services,2.4941820670773445,2.510609171800137,82602284.48229194,0.23905408704603048,-0.02344859274328026,0.21000001237199117,3.0,0.5602823597059503,0.029831750034154086,0.10699972109162445,0.1275270017056846,0.6627905418282916,0.08007538786941634,0.09681537983298419,0.9356442657316714,3,3,False,,,,False,0.5468110709987967,-0.03429602888086643,-0.05583634175691937,0.9759562504980102,-0.320524469886221,-0.6972971751067255,,,,,,,89.54000091552734,170223729.0,15241832850.504478,20336832850.50448,9895000000.0,5095000000.0,209000000.0,327000000.0,167000000.0,506000000.0,5095000000.0,8310000000.0,2076000000.0,-118000000.0,-285000000.0,-464000000.0,2582000000.0,1434000000.0,1755107964.60177,0.15457227138643068,0.17737321521998686,9.79616225939522,,-0.014013981532671655,,-0.022815745372489992,10.628893201188617,-0.08228730822873083,1.9732765298218435,5626000000.0,2544000000.0,0.8256695300656898,1.0,,,,,,,"['rev_cagr5 gate', 'fcf_cagr5 gate']",False,0.8,ig,Health Care Equipment and Services,,51.724137931034484,45.45454545454545,25.0,5.0,3.4482758620689653,37.03703703703704,90.0,64.28571428571429,0.7,28.81141749535709,"{'profitability': 44.3, 'growth': None, 'balance': 34.2, 'stability': 72.0}",,False,,,,,,False,"{""floor"": false, ""depressed_arms"": {""self_pct"": false, ""self_z"": false, ""median_ratio"": false}, ""yield_arm"": false, ""residual_arm"": false, ""brakes"": {""gm"": true, ""fcf_margin"": false, ""roic"": false}, ""self_pct"": null, ""self_z"": null, ""median_ratio"": null, ""fcf_yield"": -0.014013981532671655, ""yield_threshold"": 0.0495, ""gs10"": 0.0495, ""residual_pct"": null, ""brake_values"": {""gm"": 0.9759562504980102, ""fcf_margin"": -0.320524469886221, ""roic"": null}}",False,"{""floor"": false, ""mom_sector_pct"": 64.28571428571429, ""eps_rev_proxy"": null}"
BF-B,14693,Brown–Forman,Consumer Staples,Distillers & Vintners,Food Beverage and Tobacco,43.912388774811774,5.9986310746064335,58303989.67447736,-0.011136222369099835,-0.13118607862262177,-0.03703235123296633,10.0,0.5994472994507823,0.013465347238644223,0.14355978573978317,0.10383159886471145,0.3391977793070172,,,,6,9,False,0.025637699680790327,0.03414372589540915,0.05833783074022758,False,0.6066411238825032,0.2280970625798212,,1.0120007620992069,1.5888646072046284,,0.7975207561404152,3.4615384615384617,-1.5518432731785892,0.5658049741971898,260.0,shares_was_proxy,26.030000686645508,458824000.0,11943189035.049438,14192189035.049438,6218000000.0,2249000000.0,1013000000.0,88000000.0,32000000.0,,2249000000.0,3915000000.0,993000000.0,925000000.0,893000000.0,,,721000000.0,800842281.8791946,0.1935123042505593,0.12879419136043657,14.292234677793996,15.892708885833638,0.06292193528388197,,,16.564755943203103,1.2829403606102636,,1513000000.0,936000000.0,0.3938565455130267,7.0,0.1614932155292526,0.14726582917289982,0.7692307692307693,-0.8727167380652516,0.38687094076399553,260.0,[],True,0.9,ig,Food Beverage and Tobacco,63.63636363636363,57.14285714285714,85.71428571428571,50.0,53.57142857142857,61.53846153846154,,71.42857142857143,29.629629629629626,0.7,26.62259763074485,"{'profitability': 53.0, 'growth': 24.9, 'balance': None, 'stability': 65.0}",77.3264286094807,False,-0.2314461755917887,20.031511707718387,,51.974513120112775,,False,"{""floor"": false, ""depressed_arms"": {""self_pct"": true, ""self_z"": false, ""median_ratio"": true}, ""yield_arm"": true, ""residual_arm"": false, ""brakes"": {""gm"": true, ""fcf_margin"": true, ""roic"": false}, ""self_pct"": 0.7692307692307693, ""self_z"": -0.8727167380652516, ""median_ratio"": 0.38687094076399553, ""fcf_yield"": 0.06292193528388197, ""yield_threshold"": 0.0495, ""gs10"": 0.0495, ""residual_pct"": null, ""brake_values"": {""gm"": 1.0120007620992069, ""fcf_margin"": 1.5888646072046284, ""roic"": 0.7975207561404152}}",False,"{""floor"": false, ""mom_sector_pct"": 29.629629629629626, ""eps_rev_proxy"": null}"
MU,723125,Micron Technology,Information Technology,Semiconductors,Semiconductors and Semiconductor Equipment,32.00547570157426,5.9986310746064335,29308120267.189156,4.417581872492498,-0.07041319125080736,4.616839320979593,8.0,0.271675862383062,0.7236685441326504,-0.056565969486111624,0.0186205789501846,13.616582641589419,0.04712893595768157,0.21209168020212957,1.929702928078838,6,9,False,0.11763119291842661,,0.08716558604518232,True,0.7256906750559408,0.2765801892017635,0.4565766444380442,2.671163601692076,-4.889515581796418,9.687819917004227,,65.57377049180327,0.28281212800561084,1.2906591023251264,183.0,,1053.97998046875,1129393151.0,1190357771232.52,1172603771232.52,82970000000.0,-17754000000.0,51432000000.0,25260000000.0,1204000000.0,9011000000.0,-17754000000.0,90274000000.0,59243000000.0,26172000000.0,24968000000.0,41217000000.0,68254000000.0,50469000000.0,,,,19.79311937667775,46.96426510863986,0.021292785007638357,28.449517704649054,0.03514998076176827,23.58591949974281,0.5185757593770434,-0.2601166232015706,1150000000.0,453000000.0,0.019320236229962637,,,,,,,,"['fcf_cagr5 gate', 'coverage<80%']",False,0.7,,,,,,,,,,,,,,,,,,,,,,,,,
SNDK,2023554,Sandisk,Information Technology,"Technology Hardware, Storage & Peripherals",Technology Hardware and Equipment,0.8350444900752909,1.6290212183436004,18991339783.09303,12.550346159778446,-0.21597893825451997,12.339225650640403,1.0,0.3117568742990426,0.7912611640002911,0.06031032921610818,-0.06735600569436236,2.089060200858698,0.05046661989408037,-0.06892117993244347,2.319027121857016,3,3,False,,,,False,0.7147372580007902,0.5562030817858554,,2.2926110598453135,9.22235194228222,,,,,,,,1712.8900146484375,146419001.0,250799644767.6996,246238644767.6996,11175000000.0,-4561000000.0,11671000000.0,177000000.0,232000000.0,,-4561000000.0,20248000000.0,12389000000.0,11494000000.0,11262000000.0,,,11433000000.0,10881419451.486519,0.12168702466005993,0.9737288099764223,19.875586792130083,21.864557340410194,0.045736119164498,,,21.93646853561616,1.0053354325198984,,4994000000.0,,0.4468903803131991,1.0,,,,,,,"['tenure<1y', 'rev_cagr5 gate', 'fcf_cagr5 gate', 'coverage<80%']",False,0.7,,,,,,,,,,,,,,,,,,,,,,,,,
INTC,50863,Intel,Information Technology,Semiconductors,Semiconductors and Semiconductor Equipment,49.74401095140315,5.9986310746064335,10087413600.70398,1.6011403282358843,-0.134039898332443,2.150420662794036,6.0,0.41104004759759505,0.19477074278616033,-0.18210652988854154,-0.19886129349446507,,-0.009076877278101308,-0.02507929482923951,15.110477781828079,5,9,False,-0.07457071162960704,,,False,0.38604643007434425,0.0076798990040678914,0.0028755786225277036,0.939194203413193,-0.04217256244885002,-0.31680263315504625,-0.023881797577247715,,,,,,116.02999877929688,5044000000.0,585255313842.7734,638519313842.7734,140806000000.0,53264000000.0,14936000000.0,12105000000.0,2393000000.0,12379000000.0,37663000000.0,57032000000.0,-77000000.0,2831000000.0,438000000.0,164000000.0,12302000000.0,-11289000000.0,-68386759.5455941,0.11186026564163509,-0.0004856807206056141,,1457.8066526090718,0.0006859620226113497,3893.410450260814,0.00025684422764443227,,,3.061534709803284,20465000000.0,4840000000.0,0.179715353038933,6.0,0.020336857769380143,0.007872824926945434,,,,,"['rev_cagr5 gate', 'fcf_cagr5 gate', 'coverage<80%']",False,0.7,,,,,,,,,,,,,,,,,,,,,,,,,
AMZN,1018724,Amazon,Consumer Discretionary,Broadline Retail,Broadline Retail,20.862422997946613,5.9986310746064335,9381321924.976212,0.17766851731015154,-0.10321340700928083,0.12136121386864152,28.0,,,-0.014042908857436014,-0.0010821926664167985,2.857810092979188,0.03316522033754214,0.04285422996575114,1.3319269758744086,8,8,False,0.13178194800406007,,,False,0.5076964727722773,-0.03988629331683168,0.0862327248349835,,2.84031561564334,2.6000950380350814,,11.76470588235294,-0.012397829855994712,0.7268219523345268,170.0,,246.14999389648438,10786313572.0,2655051019913.3667,2774383019913.3667,670952000000.0,119332000000.0,161403000000.0,173028000000.0,19314000000.0,75200000000.0,119332000000.0,775680000000.0,93712000000.0,-11625000000.0,-30939000000.0,66889000000.0,168912000000.0,135281000000.0,,,,29.605418942220492,,-0.011151668597281894,41.477418109305965,0.02410950453484562,19.626193034597367,-0.08593224473503301,0.7064743771904898,23504000000.0,9197000000.0,0.04873821078109909,,,,,,,,"['fcf_cagr5 gate', 'coverage<80%']",False,0.6,,,,,,,,,,,,,,,,,,,,,,,,,
ORCL,1341439,Oracle Corporation,Information Technology,Application Software,Software and Services,37.07871321013005,5.9986310746064335,4217270372.471897,-0.43877229176963584,-0.5430127080299925,-0.5313087409690058,8.0,,,-0.041602494487030794,0.05690386427898209,51.542104679270196,0.16813605105218637,0.16162836804441003,0.4860544724465163,8,9,False,0.10721151086579872,,0.0992700300941678,False,,-0.46720352206865806,0.43531263932233616,,11.230180493487104,2.589049978265655,,0.38461538461538464,-2.6801130232891066,0.3285461155499213,260.0,,132.60000610351562,3023736000.0,400947412055.4199,543729412055.4199,209554000000.0,142782000000.0,46940000000.0,75660000000.0,4814000000.0,10881000000.0,137404000000.0,71776000000.0,23057000000.0,-28720000000.0,-33534000000.0,31245000000.0,33938000000.0,18920000000.0,18330739313.414387,0.20498159719762385,0.08747501509593893,23.581966953871706,,-0.06167405929584333,17.402125525857574,0.057464244727698004,21.191723681576107,-1.517970401691332,4.048676999233897,62267000000.0,3244000000.0,0.3126210905065043,4.0,,,,,,,"['fcf_cagr5 gate', 'coverage<80%']",False,0.7,,,,,,,,,,,,,,,,,,,,,,,,,
LITE,1633978,Lumentum,Information Technology,Communications Equipment,Technology Hardware and Equipment,0.5201916495550992,5.9986310746064335,3636630891.763644,4.37973883167658,-0.050870510211017406,4.624320988068318,7.0,0.3327565488970501,0.29481760690012027,-0.04058523255034342,-0.05495189586870402,1.972219203371944,-0.07068895010449733,-0.11482739105829089,,7,9,False,0.1157814561822057,-0.14424207131315925,-0.07540695559983868,False,0.4166887856668879,0.04309887193098872,0.10507631055076311,1.2522331627973615,-1.0619348275885148,-1.486460194916348,,,,,,,921.3200073242188,89700000.0,82642404656.98242,83172204656.98242,5173700000.0,529800000.0,751400000.0,451300000.0,170200000.0,264500000.0,529800000.0,3014000000.0,524800000.0,300100000.0,129900000.0,316700000.0,789300000.0,-6935100000.0,503158762.88659793,0.041237113402061855,0.09725317720134487,158.48362167870127,640.278711755061,0.0015618198475768636,262.6214229775258,0.0038077624767328157,,,0.6712276700874192,1069300000.0,326900000.0,0.269864893596459,1.0,,,,,,,"['tenure<1y', 'fcf_cagr5 gate', 'coverage<80%']",False,0.7,,,,,,,,,,,,,,,,,,,,,,,,,
BE,1664703,Bloom Energy,Industrials,Electrical Components & Equipment,Capital Goods,0.02190280629705681,5.9986310746064335,3367899944.7958055,1.8006422920935088,-0.2007844328528391,1.9113965273200173,3.0,0.21571488574062653,0.30113368148991726,-0.1403296159713175,-0.12183936184055276,,-0.12665183402115926,-0.12585763151452597,,9,9,False,0.223111300072111,,,False,0.2981929409865886,0.09451722756492735,0.10144382734679072,1.3823475369480662,-0.6735372780058494,-0.8009661141570431,,,,,,sbc_unreported,262.8699951171875,284443868.0,74771758192.27393,75047697192.27393,1197408000.0,275939000.0,298241000.0,68682000.0,,51859000.0,249400000.0,2428753000.0,164062000.0,229559000.0,229559000.0,246382000.0,215921000.0,,128578673.22060558,0.2162799842705466,0.10738083695833466,457.43497697378996,326.92117142988917,0.0030588413580747795,304.598944696747,0.003283005464761479,,,1.1550520792326824,1957000.0,,0.0016343635586199524,,,,,,,,"['tenure<1y', 'fcf_cagr5 gate', 'coverage<80%']",False,0.6,,,,,,,,,,,,,,,,,,,,,,,,,
LLY,59478,Lilly (Eli),Health Care,Pharmaceuticals,Pharmaceuticals Biotechnology and Life Sciences,55.74537987679671,5.9986310746064335,2726438199.5218563,0.3771283986202034,-0.05625298211233365,0.4195676248148976,,0.7890977638403605,0.04005281419640179,,,,0.1627529909512464,0.19335485055652862,0.5908489210118519,9,9,False,0.21575855656690868,,0.23860692158425345,False,0.8339940099766776,,0.31802354335235444,1.0568956702117838,,1.9540258000396455,,3.8461538461538463,-0.27433923666876453,0.551104224209181,260.0,gm_derived,1184.780029296875,941357065.0,1115301051049.5203,1162556951049.5203,81134900000.0,47255900000.0,28083500000.0,,649200000.0,2098700000.0,47198400000.0,79665800000.0,,,,25335600000.0,,26711200000.0,,0.20491732523701092,,,,,45.886300346134306,0.021792996873940505,41.75406013393334,,,8849000000.0,5354400000.0,0.17505906829243642,,,,,,,,"['fcf_cagr5 gate', 'coverage<80%']",False,0.1,,,,,,,,,,,,,,,,,,,,,,,,,
MRNA,1682852,Moderna,Health Care,Biotechnology,Pharmaceuticals Biotechnology and Life Sciences,5.190965092402464,5.9986310746064335,2156769736.467364,4.108810256969873,-0.008045082784759572,5.924534937318257,4.0,0.5985871300693586,0.3054523497458655,-0.4718133376705834,-0.6030957943925234,4.174140859339719,-0.41651375786138656,-0.5899532710280374,4.463448777996849,4,9,False,0.19342778041847408,,,False,0.23384201077199285,-0.7657091561938959,-0.7917414721723519,0.3906565962166568,1.622906974131597,1.9008771192519385,-2.513410876170363,,,,,ebitda_nonpositive;gm_derived,197.27999877929688,399235889.0,78761255694.5715,78325255694.5715,6325000000.0,-436000000.0,-1073000000.0,171000000.0,462000000.0,229000000.0,-436000000.0,2228000000.0,-3320000000.0,-1244000000.0,-1706000000.0,-1764000000.0,-3091000000.0,-3151000000.0,-2949389885.06967,0.11162955268985843,-0.4663067011967858,,,-0.021780969431527027,,-0.022521471323102973,,,,52000000.0,109000000.0,0.025454545454545455,2.0,0.18552744623564635,-0.3115430994398627,,,,,"['fcf_cagr5 gate', 'coverage<80%']",False,0.6,,,,,,,,,,,,,,,,,,,,,,,,,
CAT,18230,Caterpillar Inc.,Industrials,Construction Machinery & Heavy Transportation Equipment,Capital Goods,69.57152635181383,5.9986310746064335,2107127682.5881734,0.6496269083438897,-0.1764452771092122,0.6618075037182991,10.0,0.8585401405021356,0.32339139763827013,0.136788648804193,0.13194454718963144,0.2345188804444848,0.1282558045954994,0.14021512376274245,0.2981573719474643,6,9,False,0.10115402157081044,0.10764087497839547,0.194627983733606,False,0.9416023230606592,0.14315727495349864,0.1497410643792905,1.0967481642849488,1.04655814795292,1.167518810174343,,85.0,1.4678020874261544,1.5491791431469928,260.0,sbc_unreported;gm_derived,819.9500122070312,459674889.0,376910430846.81573,406756430846.81573,49240000000.0,29846000000.0,13569000000.0,2871000000.0,,2379000000.0,29847000000.0,74729000000.0,13092000000.0,10698000000.0,10698000000.0,11190000000.0,15471000000.0,,,,,31.069082710572545,38.021726570089335,0.026300751970234643,36.34999382009077,0.02751032104570253,,,1.9292224161334108,5859000000.0,438000000.0,0.1278838342810723,,,,88.46153846153845,1.9079073516983438,1.8491813249932483,260.0,['coverage<80%'],True,0.7,,,,,,,,,,,,,,,,,,,,,,,,,
CRWD,1535527,CrowdStrike,Information Technology,Systems Software,Software and Services,2.2642026009582477,5.9986310746064335,1937821019.685166,0.7400179960763471,0.0,1.1168449205189908,7.0,0.7431215415468153,0.0105377119731134,0.0816809227012403,0.08008259728114309,0.328189295920868,0.14803250669094636,0.16335035697279218,0.22173360018116497,8,8,False,0.40643417090854195,0.33955983909505494,,False,0.7524562442262023,0.07008317975147073,0.13342932778863428,1.0125614750178775,0.8580116070408511,0.9013515394101935,0.09260128981934233,,,,,ebitda_nonpositive;share_jump_gt20pct,259.25,1023934842.0,265455107788.5,261299240788.5,945857000.0,-4155867000.0,2016615000.0,407897000.0,1230539000.0,66072000.0,-4193668000.0,5396145000.0,-119489000.0,1608718000.0,378179000.0,720004000.0,-53417000.0,59797000.0,-83042203.357591,0.3050221915189598,-0.08779572742770948,,690.940641306101,0.001447302329921825,362.91359601960545,0.0027554768158809285,4439.271331145375,26.902988444236332,,2251426000.0,273235000.0,2.6691783218816374,1.0,-0.9481048006889741,0.038592068489530194,,,,,['coverage<80%'],True,0.7,,,,,,,,,,,,,,,,,,,,,,,,,
KLAC,319201,KLA Corporation,Information Technology,Semiconductor Materials & Equipment,Semiconductors and Semiconductor Equipment,28.996577686516083,5.9986310746064335,1904177918.8803089,0.6939880291892528,-0.27036598686858937,0.726571669406191,10.0,0.6059831245679101,0.009826117327548007,0.28829135284142665,0.28724266725042696,0.09815102483658607,0.28190607976787535,0.28156946246685427,0.09817342455706492,8,9,False,0.14438267834282237,0.14036548966752482,0.14599324059225793,False,0.6130145227989652,0.25457263593970786,0.2532446760095898,1.0116032904976828,0.8830394440576037,0.8983299552039258,,99.61538461538461,5.861023712228393,20.984200549618517,260.0,gm_derived;share_jump_gt20pct,189.1699981689453,1306546783.0,247159452547.7514,248469958547.7514,7660326000.0,1310506000.0,4143079000.0,375945000.0,310171000.0,393978000.0,1310506000.0,13579476000.0,,3767134000.0,3456963000.0,3438930000.0,,4830771000.0,,0.1382740582508685,,,71.87521490619119,0.013913001878396638,72.25211288038763,0.013840425700151997,51.1635622031662,0.7798204468810466,,1788758000.0,230788000.0,0.2636370828082251,,,,99.61538461538461,5.864772617573111,21.720945585687055,260.0,['coverage<80%'],True,0.6,,,,,,,,,,,,,,,,,,,,,,,,,
IBM,51143,IBM,Information Technology,IT Consulting & Other Services,Software and Services,69.57152635181383,5.9986310746064335,1765132704.699267,-0.16428058780353272,-0.2718753886238624,-0.21487418945740877,10.0,0.5583809342770133,0.0260590604563556,0.16422352218774233,0.17004359197907584,0.11717911791446448,0.10425690582486706,0.0956096838676242,0.2095889765265551,6,9,False,0.041240412922473046,-0.0492561730972797,-0.09378289144913798,False,0.5810261234532166,0.17241479122946668,0.11301830812649251,1.0405550902369618,1.049878780655794,1.084036661478742,,50.38461538461539,0.016578846440278027,1.004957334474938,260.0,,220.6699981689453,942134390.0,207900794116.2004,271496794116.2004,98048000000.0,63596000000.0,14888000000.0,1098000000.0,1877000000.0,5202000000.0,63507000000.0,69095000000.0,,13790000000.0,11913000000.0,7809000000.0,,10725000000.0,,0.11704592341717036,,,22.789960053403878,0.043878971163472544,34.7671653369446,0.028762770571271475,19.384689428083956,1.2857808857808857,,74599000000.0,13955000000.0,0.9031698759791122,,,,59.61538461538461,0.3365420698910968,1.0826713966207195,260.0,['coverage<80%'],True,0.6,,,,,,,,,,,,,,,,,,,,,,,,,
COHR,820318,Coherent Corp.,Information Technology,Electronic Components,Technology Hardware and Equipment,0.5201916495550992,5.9986310746064335,1743239754.7644305,1.4815987040642682,-0.27496982083643084,1.486793516935872,8.0,0.3462190574588253,0.08696861560732114,-0.026320632928828185,0.007774792137528131,,-0.030795242713235516,-0.02972138340518743,,8,9,False,0.18042001127353102,,,False,0.3749609626391911,-0.169968001656603,-0.08829713658587778,1.0830165311849824,6.45759553412723,2.867233014141125,,,,,,gm_derived;capex_gt_2x_cfo,282.45001220703125,195832246.0,55312820273.23035,57198941273.23035,12789616000.0,1886121000.0,79514000.0,1102909000.0,186468000.0,521561000.0,1551416000.0,7118181000.0,,-1023395000.0,-1209863000.0,-628515000.0,,804998000.0,,0.07177849629541377,,,,-0.021151842552831087,,-0.01098822785893331,68.71174869158725,-1.2713012951584972,,4375597000.0,3097313000.0,0.5842951031524324,0.0,0.031214114111488292,0.008996982675030574,,,,,"['tenure<1y', 'fcf_cagr5 gate', 'coverage<80%']",False,0.7,,,,,,,,,,,,,,,,,,,,,,,,,
JNJ,200406,Johnson & Johnson,Health Care,Pharmaceuticals,Pharmaceuticals Biotechnology and Life Sciences,53.24845995893224,5.9986310746064335,1694867649.5137393,0.49190260680321796,-0.011917300615374438,0.4741231549490834,10.0,0.6906005595176778,0.011172971178056155,0.20853273789673366,0.20063645651076223,0.055937879214138786,0.17248789922352653,0.16639240707908232,0.06799553419276018,8,9,False,0.02665503872479502,-0.004912054981440983,0.004828953651687673,False,0.6790736145574855,0.21270512309938833,0.1883303209468084,0.9833088102792114,1.0200082981921086,1.0918465689164185,,86.92307692307692,1.3879282858794784,1.3029997734644279,260.0,,271.95001220703125,2409898597.0,655371952871.8574,687894952871.8574,117494000000.0,32523000000.0,27608000000.0,5364000000.0,1414000000.0,7751000000.0,31263000000.0,97929000000.0,,22244000000.0,20830000000.0,18443000000.0,,21037000000.0,,0.16506588347356724,,,33.024241616507794,0.03028078620585585,37.298430454473646,0.02681077964448389,31.15329908598457,1.0573751010125019,,48479000000.0,26216000000.0,0.6357345907025039,,,,93.07692307692308,1.8891831385803124,1.4335357140718745,260.0,['coverage<80%'],True,0.6,,,,,,,,,,,,,,,,,,,,,,,,,
CVX,93410,Chevron Corporation,Energy,Integrated Oil & Gas,Energy,69.57152635181383,5.9986310746064335,1576469874.298181,0.4120470742610123,-0.03592451896249926,0.39695177034595885,9.0,0.3963725881773958,0.030735177692233082,0.1127249390407999,0.1004504527380112,0.3673135191205665,0.09095076347012668,0.07486227986466557,0.43397205045789816,4,9,True,0.14316140269739064,-0.05862503806451547,0.05221820016558776,True,0.4364551940242728,0.1294229820181974,0.10428774717192674,1.1011235565788877,1.1481308672196646,1.1466396013946674,,60.9375,0.23814352577310782,1.1548226688134433,256.0,sbc_unreported;gm_derived,206.3699951171875,1975771274.0,407739908168.0593,443862908168.0593,226006000000.0,36123000000.0,45321000000.0,18309000000.0,,23555000000.0,30448000000.0,208711000000.0,,27012000000.0,27012000000.0,21766000000.0,,20592000000.0,,,,,16.432063829707513,0.06085662825822895,20.392488659747283,0.04903766365573121,19.800889091300473,1.3117715617715617,,4568000000.0,,0.020211852782669487,,,,64.23076923076924,0.16296177830706807,1.0602693082222585,260.0,"['fcf_cagr5 gate', 'coverage<80%']",False,0.6,,,,,,,,,,,,,,,,,,,,,,,,,
GLW,24741,Corning Inc.,Information Technology,Electronic Components,Technology Hardware and Equipment,31.586584531143053,5.9986310746064335,1529783550.6133747,0.8626807359576485,-0.3129362787359402,0.8299660425007529,,0.33500094740918773,0.0613409022559631,,,,0.06370205640930096,0.06795060464521083,0.5665662215091974,7,9,False,0.06695841428340232,,-0.11617115649227316,True,0.36377033718462626,,0.12143362414524876,1.0858785325770977,,1.9062747890744478,1.7739119809112294,35.0,-0.3757740758678489,0.8056128446826157,260.0,,151.58999633789062,861388331.0,130577853941.79172,135586853941.79172,17569000000.0,5009000000.0,3915000000.0,,419000000.0,1436000000.0,2142000000.0,16964000000.0,2598000000.0,,,2060000000.0,4034000000.0,1900000000.0,2239506234.413965,0.13798836242726517,0.12746919200944648,52.18893531246794,,,65.8188611367921,0.01519321335447735,68.72518628515354,,0.5309866137828458,2476000000.0,657000000.0,0.17832545961636975,1.0,0.0718576757928923,0.06418452049712484,,,,,"['fcf_cagr5 gate', 'coverage<80%']",False,0.5,,,,,,,,,,,,,,,,,,,,,,,,,
SMCI,1375365,Supermicro,Information Technology,"Technology Hardware, Storage & Peripherals",Technology Hardware and Equipment,2.532511978097194,5.9986310746064335,1487943210.4551065,-0.23806772805701082,-0.2096103235550265,-0.19591994773952748,5.0,0.13808110937007195,0.196114475775482,-0.06853656782630588,-0.09984394061775959,,-0.06487485066506368,-0.095921382560263,,8,9,False,0.6148277410083174,,,False,0.10821604097086886,-0.18902763203057865,-0.18623729848999074,0.7837135830132885,2.7580551233559962,2.8707164113794716,,,,,,,41.779998779296875,656965384.0,27448012941.560303,20732420941.560303,7763860000.0,-6715592000.0,-6809886000.0,161999000.0,412115000.0,53000000.0,-6715756000.0,39063072000.0,2770486000.0,-6971885000.0,-7384000000.0,-7275001000.0,2823486000.0,2230453000.0,,,,7.483315541591007,,-0.35615715216345045,,-0.35089973431016447,12.306026148751085,-3.1257708635869035,-2.3785334866190233,,,0.0,,,,,,,,"['fcf_cagr5 gate', 'coverage<80%']",False,0.7,,,,,,,,,,,,,,,,,,,,,,,,,
MRK,310158,Merck & Co.,Health Care,Pharmaceuticals,Pharmaceuticals Biotechnology and Life Sciences,69.57152635181383,5.9986310746064335,1274369861.6868625,0.7248147590480793,-0.01954974670107712,0.7160683042715266,10.0,0.7339051213104868,0.027335597866452805,0.19924757865358825,0.17750842165172048,0.27971374478964256,0.19728492857883606,0.19433722076215507,0.2627242763251946,8,9,True,0.09383063963833482,0.09250503157236656,0.21479422273940196,False,0.7296639576980276,0.22789887184725624,0.19633763463473988,0.9942211009443754,1.1437974473129289,0.9951983461133087,,85.38461538461539,1.544567805197251,1.4621805949653235,260.0,gm_derived,148.69000244140625,2467171638.0,366843756877.58826,417354756877.58826,92444000000.0,50511000000.0,19967000000.0,3904000000.0,892000000.0,6005000000.0,47960000000.0,66569000000.0,,16063000000.0,15171000000.0,13070000000.0,,3173000000.0,,0.14176416557667743,,,27.51003604756366,0.0363503703983173,31.932269080152125,0.0313162837720656,115.61416857156894,5.0624015127639455,,21582000000.0,39456000000.0,0.6602700012980831,,,,78.46153846153847,0.5077272354948908,1.147686606355628,260.0,['coverage<80%'],True,0.6,,,,,,,,,,,,,,,,,,,,,,,,,
GE,40545,GE Aerospace,Industrials,Aerospace & Defense,Capital Goods,69.57152635181383,5.9986310746064335,1250747023.4036808,0.13945612859737033,-0.155974007326809,0.07564224160383626,7.0,,,0.11962693923081102,0.12241145185017539,0.3579642689856936,0.11974048830686597,0.12425031119158085,0.4118721587572139,3,9,False,-0.0459869626385655,,,False,,0.16580106242224374,0.17601058472718656,,1.3859843233332525,1.469933747690371,,48.84615384615385,-0.00166498549876707,0.9885177468363572,260.0,sbc_unreported;gm_derived,318.239990234375,1037562513.0,330193884004.6736,341305884004.6736,28752000000.0,11112000000.0,9800000000.0,1404000000.0,,887000000.0,10885000000.0,50639000000.0,,8396000000.0,8396000000.0,8913000000.0,,8971000000.0,,0.13429811866859623,,,40.65101048173816,0.024599634502301845,38.293042073900324,0.026114404754527913,36.80680905190877,0.9359045814290492,,8954000000.0,6467000000.0,0.5363452977184195,,,,56.15384615384615,0.02918232213546426,1.035512849642461,260.0,"['rev_cagr5 gate', 'fcf_cagr5 gate', 'coverage<80%']",False,0.5,,,,,,,,,,,,,,,,,,,,,,,,,
UBER,1543151,Uber,Industrials,Passenger Ground Transportation,Transportation,2.7816563997262147,5.9986310746064335,1219474894.7530353,-0.21573495514571472,-0.29367871852736394,-0.29440988883276975,4.0,,,0.030662297875314926,0.03827687025562619,1.0009563348972361,0.012556856153484081,0.022182881360478527,2.3182426834505425,7,8,False,0.3610053095492587,,,False,,0.14806163651836965,0.14014884024118637,,4.828784754503626,11.161140856288304,,,,,,,68.16000366210938,2042560121.0,139220905327.43857,148782905327.43857,36878000000.0,9562000000.0,10424000000.0,308000000.0,1939000000.0,745000000.0,9562000000.0,55227000000.0,6700000000.0,10116000000.0,8177000000.0,7740000000.0,7445000000.0,9579000000.0,,,,22.20640378021471,18.19529232327731,0.05495927090551307,19.222597587524362,0.05202210551653066,14.533970699179305,1.0560601315377387,1.284351914036266,9472000000.0,1132000000.0,0.28754270838982593,,,,,,,,"['fcf_cagr5 gate', 'coverage<80%']",False,0.6,,,,,,,,,,,,,,,,,,,,,,,,,
MCD,63908,McDonald's,Consumer Discretionary,Restaurants,Consumer Services,56.24914442162902,5.9986310746064335,1177400971.3228078,-0.12862474146411673,-0.30165040703885126,-0.2039060433773473,10.0,,,0.26379163827057617,0.2611493397805468,0.09766688355766677,0.34680145034968657,0.3551816113595356,0.11619331491663687,5,9,False,0.06956327691923625,0.09216024512251142,0.11076179693949428,False,,0.2738430438235506,0.38647029095372176,,1.0381035790932256,1.1143848751613823,,0.38461538461538464,-2.46391329151975,0.7475280922156616,260.0,,233.60000610351562,707641531.0,165305065960.70114,223544565960.70114,57216500000.0,58239500000.0,11347000000.0,3586000000.0,175000000.0,466000000.0,58239500000.0,27702000000.0,12805000000.0,7761000000.0,7586000000.0,10706000000.0,13271000000.0,8787000000.0,,,,17.457599840741988,29.468041914144628,0.03393506779016767,20.880306927022335,0.04789201631446546,18.812457717161845,0.8832365995220212,4.388478637630924,3347000000.0,,0.05849711184710704,,,,2.6923076923076925,-1.8779729450840776,0.7933374129591052,260.0,['coverage<80%'],True,0.7,,,,,,,,,,,,,,,,,,,,,,,,,
BKNG,1075531,Booking Holdings,Consumer Discretionary,"Hotels, Resorts & Cruise Lines",Consumer Services,16.895277207392198,5.9986310746064335,1136293490.6314518,-0.10212368007157469,-0.24867504920096484,-0.23694793498025613,9.0,,,,,0.3410602646154019,0.30966111552138564,0.32570874931547245,0.342057778356195,8,9,True,0.3169056376027688,0.3782628172317084,0.3830687522857248,True,,0.33777132537799653,0.3288835381183386,,,1.0620756744500761,,91.92307692307692,3.038167828460573,14.592544742412654,260.0,sbc_unreported;ev_or_ic_nonpos,163.8699951171875,751380500.0,123128718866.1499,126829718866.1499,-7082000000.0,3701000000.0,9859000000.0,320000000.0,,571000000.0,3701000000.0,28241000000.0,9284000000.0,9539000000.0,9539000000.0,9288000000.0,9855000000.0,,7203568614.788505,0.22408782692928642,,13.661107159214767,13.29591349891497,0.07521107895908064,13.655223822798224,0.07323204752824625,,,0.37554540842212075,2672000000.0,1613000000.0,-0.6050550691894945,3.0,-3.39825488462711,-2.136648401551531,91.92307692307692,3.0588310229100686,14.52636563893331,260.0,['coverage<80%'],True,0.7,,,,,,,,,,,,,,,,,,,,,,,,,
VZ,732712,Verizon,Communication Services,Integrated Telecommunication Services,Telecommunication Services,42.83093771389459,5.9986310746064335,992564765.7041728,0.22658606324842467,-0.07765264291207996,0.14194332875444204,3.0,,,,,,0.14926598939335872,0.14646837431943582,0.08086757910339055,7,9,False,0.014976616276052734,-0.04462029513981125,-0.05589238762322879,False,,,0.14649915403722236,,,0.981463725478381,0.905582519915608,80.76923076923077,1.060806770331131,1.140375638380753,260.0,gm_derived,46.68000030517578,4154775202.0,193944907697.29675,330738907697.29675,241990000000.0,136794000000.0,38799000000.0,,,18451000000.0,135518000000.0,138895000000.0,28530000000.0,,,20348000000.0,46981000000.0,16606000000.0,21875899390.2439,0.23323170731707318,0.09040001400985123,11.592671142562102,,,16.25412363363951,0.06152284937284477,11.679206774496974,,2.8845277878291222,30664000000.0,12317000000.0,0.1776147774701434,8.0,0.09982526387355145,0.10240343971437954,71.92307692307692,0.9048135964750343,1.096393965643237,260.0,['coverage<80%'],True,0.6,,,,,,,,,,,,,,,,,,,,,,,,,
NKE,320187,"Nike, Inc.",Consumer Discretionary,"Apparel, Accessories & Luxury Goods",Consumer Durables and Apparel,37.828884325804246,5.9986310746064335,940250673.6044029,-0.4485454919167944,-0.45608670847109223,-0.4774107183552403,10.0,0.43943336459472615,0.02738456314588682,0.07233247350111024,0.08038346642716286,0.35096976797054263,0.07184749068215826,0.08205951616356241,0.44480511866594485,7,9,False,0.008216289449518577,-0.1819645349191309,-0.2331522997876183,False,0.42913487650329757,0.03166084745032113,0.030303030303030304,0.9765641643962868,0.4377127715649758,0.4217688052194618,,59.61538461538461,0.14641305195883036,1.1022589731228423,260.0,shares_was_proxy,36.38999938964844,1479800000.0,53849921096.80176,54736921096.80176,15752000000.0,887000000.0,2868000000.0,684000000.0,715000000.0,747000000.0,887000000.0,46398000000.0,,2184000000.0,1469000000.0,1406000000.0,,3108000000.0,,0.20307692307692307,,,37.2613486023157,0.026837461270466538,38.93095383840808,0.025686501392972058,17.326229439125406,0.7027027027027027,,240000000.0,103000000.0,0.021775012696800405,,,,45.76923076923077,-0.04230269022052013,0.9481253920470409,260.0,"['fcf_cagr5 gate', 'coverage<80%']",False,0.6,,,,,,,,,,,,,,,,,,,,,,,,,
LIN,1707925,Linde plc,Materials,Industrial Gases,Materials,34.24503764544832,5.9986310746064335,915080747.458428,0.03710615234889514,-0.13362635887875474,0.0250970318670114,10.0,,,,,0.10785402155375838,0.16589333388187538,0.167072502587204,0.12651323207866239,7,9,False,0.04522316072101629,0.04782085172873507,0.19794058996486497,False,,0.14034246382126436,,,,,,32.69230769230769,-0.5295627779187728,0.9143864839493492,260.0,sbc_unreported,472.0400085449219,460980163.0,217601080081.55948,243332080081.55948,64812000000.0,25731000000.0,10489000000.0,5514000000.0,,,24195000000.0,35449000000.0,9378000000.0,4975000000.0,4975000000.0,,,7244000000.0,,,,25.94711879735119,48.910970870665224,0.020445310779953433,,,30.03880177823847,0.6867752622860298,,27927000000.0,11871000000.0,0.6140529531568228,,,,86.15384615384616,0.7851297160962507,1.1878762716430826,260.0,['coverage<80%'],True,0.5,,,,,,,,,,,,,,,,,,,,,,,,,
PFE,78003,Pfizer,Health Care,Pharmaceuticals,Pharmaceuticals Biotechnology and Life Sciences,69.57152635181383,5.9986310746064335,907452769.6925421,0.11235888190138565,0.0,0.12291548216854298,10.0,0.6571327036422661,0.10285038180747899,0.19659039914300083,0.1407892875665991,0.630936162650095,0.15267229258772924,0.07628836814559857,0.8596777169307774,5,9,False,0.08482737844510346,-0.057109488132706554,-0.13617362986119574,False,0.731804194925898,0.1575923134890731,0.09215649334338107,1.1136322859443046,0.8016277202552484,0.6036229087895938,,78.07692307692308,0.16831703549323862,1.4471189030063205,260.0,gm_derived,28.719999313354492,5699673589.0,163694621562.42474,201105621562.42474,122601000000.0,37411000000.0,13401000000.0,2416000000.0,947000000.0,6584000000.0,37109000000.0,63696000000.0,,10985000000.0,10038000000.0,5870000000.0,,4334000000.0,,0.085565309380174,,,20.034431317236972,0.049914069641678945,34.25990145867542,0.029188642039913868,37.769871149613465,2.534610059990771,,71419000000.0,47053000000.0,0.9663216450110521,,,,63.84615384615384,0.19992598462292197,1.124564883625205,260.0,"['fcf_cagr5 gate', 'coverage<80%']",False,0.6,,,,,,,,,,,,,,,,,,,,,,,,,
TJX,109198,TJX Companies,Consumer Discretionary,Apparel Retail,Consumer Discretionary Distribution and Retail,40.99657768651608,5.9986310746064335,907343789.4959896,-0.05404792535192371,-0.22414963401878385,-0.06715433059645282,10.0,0.2953514981950169,0.04330860968845772,0.06277146286077358,0.07123846699787083,0.3052861646388147,0.07382035835871362,0.08568133427963094,0.31998750166112166,8,9,False,0.13439955145745608,0.042457671185629486,0.08307476574883577,False,0.3199813992271058,0.09064669756105383,0.10410018761124384,1.0833918269675615,1.444074957470837,1.4101826369548645,,22.692307692307693,-0.3761742864128806,0.7637645707075703,260.0,gm_derived,130.25,1099974061.0,143271621445.25,151584621445.25,18964000000.0,8313000000.0,8034000000.0,2158000000.0,223000000.0,1319000000.0,8313000000.0,62363000000.0,,5876000000.0,5653000000.0,6492000000.0,,6066706000.0,,0.24586699813548787,,,26.81489853975765,0.03729270123910146,23.349448774684227,0.042827563496240346,23.616048222091198,0.9685651488633206,,97000000.0,,0.005114954650917528,3.0,,,21.53846153846154,-0.27701515880362,0.7276985068073542,260.0,['coverage<80%'],True,0.7,,,,,,,,,,,,,,,,,,,,,,,,,
RDDT,1713445,Reddit,Communication Services,Interactive Media & Services,Media and Entertainment,0.11498973305954825,2.529774127310062,870523785.3364809,-0.25453663615424305,-0.4149492833684938,-0.3094594404516543,2.0,0.8803758874591268,0.032840777885715,-0.1734487804263477,-0.19902471755285145,1.7785038557564858,-0.17820374522317284,-0.20282369067421294,,3,3,False,,,,False,0.9144238194868783,0.2449462616334765,0.2416812231317164,1.0386743123167743,-1.4122109191623233,-1.3562073166815196,,,,,,shares_was_proxy;gm_derived,143.0800018310547,192345684.0,27520820818.915466,26054849818.915466,1819729000.0,-1465971000.0,1026095000.0,7446000.0,337984000.0,16519000.0,-1465971000.0,2778834000.0,784998000.0,1018649000.0,680665000.0,671592000.0,801517000.0,871374000.0,778861668.565011,0.007817002635661386,0.4280097028541124,33.1909760520606,38.27852147372858,0.02612431101045328,38.795652448086734,0.025776084094425805,31.583247628361033,1.1690146825588095,-1.828995517250414,42174000.0,10539000.0,0.02896750010578498,,,,,,,,"['tenure<1y', 'rev_cagr5 gate', 'fcf_cagr5 gate', 'coverage<80%']",False,0.7,,,,,,,,,,,,,,,,,,,,,,,,,
FCX,831259,Freeport-McMoRan,Materials,Copper,Materials,15.247091033538672,5.9986310746064335,861140981.2571417,0.853084667012096,-0.06130973588721311,0.8334657608527147,9.0,0.31766252041894655,0.12812041396940582,0.09138574379433743,0.06768080443470414,0.8010065676543123,0.1674351315479975,0.1366339250319341,0.26714807590544587,6,9,True,0.12633189095015696,-0.33167314496480027,0.1847861813212779,False,0.25295957556321025,0.05760779189927545,0.14265352179593777,0.7963154583977884,0.630380511307334,0.8519927716307509,,96.92307692307692,2.0216202701912285,1.69950537846378,260.0,gm_derived,71.95999908447266,1436017523.0,103335819640.3667,122662819640.3667,39436000000.0,19327000000.0,5900000000.0,4295000000.0,150000000.0,2147000000.0,6382000000.0,25257000000.0,6923000000.0,1605000000.0,1455000000.0,3603000000.0,9070000000.0,,,,,17.718159705383027,84.30434339544102,0.011861785048361785,34.04463492655196,0.02937320380017011,,,0.703638368246968,0.0,433000000.0,0.010979815397099097,,,,72.6923076923077,0.4753442968260037,1.6086116140609399,260.0,"['fcf_cagr5 gate', 'coverage<80%']",False,0.7,,,,,,,,,,,,,,,,,,,,,,,,,
ETN,1551182,Eaton Corporation,Industrials,Electrical Components & Equipment,Capital Goods,69.57152635181383,5.9986310746064335,819138685.9423513,0.11238335359619356,-0.04451729899398993,0.16804989538613269,10.0,0.35521609428530854,0.06676608727887066,0.11372855930226111,0.12359889636144163,0.29934085140325606,0.10376229255899472,0.11631315744093809,0.37092037354345014,7,9,False,0.0897718296066381,0.0681711907707716,0.10196433944938676,False,0.35902218077666026,0.13101978285485913,0.12542463198561246,1.0107148480955221,1.1520394143624242,1.2087688975675002,,69.23076923076923,0.20891891760741116,1.048376183300946,260.0,sbc_unreported;gm_derived,431.4100036621094,388400000.0,167559645422.36328,169989645422.36328,22684000000.0,2430000000.0,4950000000.0,1016000000.0,,1184000000.0,2385000000.0,30026000000.0,,3934000000.0,3934000000.0,3766000000.0,,3829000000.0,,0.20477178423236514,,,43.21038266963988,0.023142586068848024,45.13798338352716,0.022154290578363413,43.760680444597355,1.0274223034734917,,20229000000.0,1215000000.0,0.9453359195909011,2.0,,,80.38461538461539,0.8141754778959275,1.1138932305996625,260.0,['coverage<80%'],True,0.7,,,,,,,,,,,,,,,,,,,,,,,,,
NEM,1164727,Newmont,Materials,Gold,Materials,57.24845995893224,5.9986310746064335,791726381.0341933,0.4885031851764374,-0.11619111167820251,0.34858930533967003,10.0,,,,,0.8779945174735306,0.169944167715495,0.16003927344133528,0.8579943940643354,6,9,False,0.14543267087660494,0.15312414918389394,0.2478785432756867,False,,0.37773120658206233,0.39135328132883146,,,2.302834434330217,,6.153846153846154,-0.7401858607302587,0.4547262188542584,260.0,sbc_unreported,116.05000305175781,1053692271.0,122280991265.16362,118629991265.16362,31592000000.0,-3651000000.0,12628000000.0,2895000000.0,,2544000000.0,-3822000000.0,25767000000.0,,9733000000.0,9733000000.0,10084000000.0,,8597000000.0,,0.39092613423322087,,,12.188430213209044,0.08204501994984258,11.764180014395441,0.08500379956582889,14.223681663971574,1.1321391182970804,,2658000000.0,62000000.0,0.08609774626487718,,,,6.538461538461539,-0.008848773640586826,0.5591119402831651,260.0,['coverage<80%'],True,0.4,,,,,,,,,,,,,,,,,,,,,,,,,
DASH,1792789,DoorDash,Consumer Discretionary,Specialized Consumer Services,Consumer Services,1.516769336071184,5.806981519507187,774410498.6289479,-0.21934225066518798,-0.32941129705677785,-0.3422682745123764,6.0,,,0.026347771988085883,0.0535031847133758,0.6079973363545961,-0.005229869702709372,0.010229132569558102,7.788594047184248,7,7,False,0.3658171522120788,,,False,,0.09319740733748663,0.0450569504751117,,3.5372025907780467,-8.61531033015404,,,,,,shares_was_proxy,178.38999938964844,434425000.0,77497075484.84802,73651075484.84802,6075000000.0,-3846000000.0,2830000000.0,235000000.0,1114000000.0,1000000000.0,-3846000000.0,15891000000.0,712000000.0,2595000000.0,1481000000.0,716000000.0,1712000000.0,841000000.0,687391705.0691245,0.03456221198156682,0.11315089795376534,103.44252174838205,49.730638409755585,0.020108328225358785,102.8646305654302,0.00972151452353605,92.14872233632344,3.0856123662306776,-2.246495327102804,5495000000.0,2005000000.0,1.2345679012345678,1.0,,,,,,,"['fcf_cagr5 gate', 'coverage<80%']",False,0.7,,,,,,,,,,,,,,,,,,,,,,,,,
COP,1163165,ConocoPhillips,Energy,Oil & Gas Exploration & Production,Energy,69.57152635181383,5.9986310746064335,771757278.6519306,0.4708234499613022,-0.08234440979539781,0.38077310118065544,6.0,0.525993993260456,0.10913166204623066,,,,0.24758594391369662,0.24102468983141667,0.3626674732797656,6,9,True,0.3055795231251637,0.3087348210945504,-0.04047568153846626,True,0.5729684614291803,,0.17971302741866743,1.0893060924090514,,0.7258611881509385,,83.07692307692308,0.775165473465113,1.4015503145921173,260.0,gm_derived,126.04000091552734,1201337479.0,151416576953.0173,166521576953.0173,80454000000.0,15105000000.0,21925000000.0,,,11805000000.0,15105000000.0,56312000000.0,,,,10120000000.0,,9282000000.0,,0.3650294157887536,,,,,16.454701279942423,0.06077290514042678,16.312925765246423,,,0.0,745000000.0,0.009259949784970294,,,,71.53846153846153,0.5017987606668378,1.151321083521169,260.0,['coverage<80%'],True,0.3,,,,,,,,,,,,,,,,,,,,,,,,,
WBD,1437107,Warner Bros. Discovery,Communication Services,Broadcasting,Media and Entertainment,4.468172484599589,5.9986310746064335,747279427.9393086,0.4876250837541001,0.0,0.6271721954165579,10.0,,,0.11356386721569989,0.09842069123369192,0.33697888390184927,-0.030102820924211036,-0.0564329493146156,,6,9,False,0.28437376883638876,0.05731335015126526,,False,,0.037851308320642395,-0.06825418801052194,,0.3333041507713781,2.2673685028510597,0.37952413454110395,,,,,gm_derived,30.899999618530273,2510703314.0,77580731444.8427,94660731444.8427,49918000000.0,17080000000.0,3423000000.0,1243000000.0,813000000.0,5075000000.0,15923000000.0,36115000000.0,-1272000000.0,2180000000.0,1367000000.0,-2465000000.0,3803000000.0,-3167000000.0,-1062721691.1331075,0.1645269723796324,-0.02128934835396265,,69.2470603107847,0.014441046240980391,,-0.02604036502122653,,,4.186957665001315,25861000000.0,27928000000.0,1.0775471773708882,2.0,-0.05609484724786832,-0.06122546636310646,100.0,3.4878773061764554,4.196025498695124,260.0,['coverage<80%'],True,0.7,,,,,,,,,,,,,,,,,,,,,,,,,
ABNB,1559720,Airbnb,Consumer Discretionary,"Hotels, Resorts & Cruise Lines",Consumer Services,3.030800821355236,5.806981519507187,734774817.8697444,0.5133921193978019,-0.17605443770357265,0.298286476844388,3.0,0.8234615058430332,0.010689373180236656,,,,0.26334893269086407,0.2755873752142785,0.25409424258373203,5,6,False,0.29369366217901005,,0.22946885288142727,True,0.8290143627935254,,,1.0067433109029271,,,,,,,,shares_was_proxy;gm_derived;ev_or_ic_nonpos,156.0800018310547,592000000.0,92399361083.98438,83030361083.98438,-1570000000.0,-9369000000.0,4860000000.0,,1707000000.0,,-9369000000.0,13159000000.0,2738000000.0,,,,,2691277000.0,2190888492.4174843,0.19982158786797502,,30.325186663252147,,,,,34.3329063058111,,,754000000.0,16000000.0,-0.49044585987261147,2.0,5.061676468662535,1.3167269689405097,53.75,0.03623301928044674,1.013591220022565,240.0,"['fcf_cagr5 gate', 'coverage<80%']",False,0.6,,,,,,,,,,,,,,,,,,,,,,,,,
DE,315189,Deere & Company,Industrials,Agricultural & Farm Machinery,Capital Goods,69.57152635181383,5.9986310746064335,714010479.6315271,0.5117818790736388,-0.005681084127533431,0.5031933190361408,11.0,,,0.12143306457006293,0.13019875667629804,0.22795050399230832,0.10577243399616294,0.11117677961649593,0.2733396521801118,7,10,False,0.0515001521854499,-0.017533470075129065,-0.007882567302485155,False,,0.12208490507054581,0.09865994206281391,,1.005367899614415,0.9327566581893441,,79.61538461538461,1.0922029779067723,1.6504306982091788,260.0,gm_derived,689.5900268554688,269625412.0,185930995101.99683,226683995101.99683,68743000000.0,40753000000.0,7245000000.0,1224000000.0,163000000.0,2348000000.0,40746000000.0,47983000000.0,,6021000000.0,5858000000.0,4734000000.0,,4873000000.0,,,,,38.69648260532551,0.025842142041674284,47.884240621461096,0.020883697580280997,38.15534477775432,1.2355838292632875,,4466000000.0,940000000.0,0.07864073432931352,,,,82.3076923076923,1.2446730082808573,1.4796389720046272,260.0,['coverage<80%'],True,0.5,,,,,,,,,,,,,,,,,,,,,,,,,
BMY,14272,Bristol Myers Squibb,Health Care,Pharmaceuticals,Pharmaceuticals Biotechnology and Life Sciences,69.57152635181383,5.9986310746064335,637988700.3558395,0.5198647047196645,-0.04670946080186633,0.4529925082954347,10.0,,,0.2735192820957631,0.26958627738523755,0.08626648406100176,0.10817118523959328,0.10523809523809524,0.48108327498397646,6,9,False,0.025378080148594995,-0.006922769238850601,0.2709022462419326,False,0.701581750904729,0.221343471719595,0.18405643882405562,,0.8092426611521283,1.7015292789515122,,21.53846153846154,-0.6697413399878459,0.5358459153669861,260.0,,63.880001068115234,2042714656.0,130488614407.13464,166648614407.13464,58479000000.0,36160000000.0,12782000000.0,1342000000.0,553000000.0,3176000000.0,36160000000.0,49186000000.0,,11440000000.0,10887000000.0,9053000000.0,,9282000000.0,,0.22115869017632242,,,15.30711990512856,0.0653290760246123,18.408109400986927,0.054323884013117954,14.058243310400199,1.2324929971988796,,21740000000.0,1802000000.0,0.40257186340395695,,,,98.46153846153847,2.4025131885439177,1.353262701183165,260.0,['coverage<80%'],True,0.5,,,,,,,,,,,,,,,,,,,,,,,,,
PSX,1534701,Phillips 66,Energy,Oil & Gas Refining & Marketing,Energy,14.412046543463381,5.9986310746064335,633160872.6459835,0.9746170613205063,-0.07168748025122895,0.9626961821767825,,0.10965243669007525,0.16640064475556476,,,,0.03071478156021267,0.034274316650723544,0.6142859649144061,4,9,False,0.15598169539945306,,,False,0.1309810931410884,,0.04033726103557276,1.1945114681883182,,1.3132849718138597,,59.756097560975604,0.040056537454065046,1.330793640065406,246.0,gm_derived,253.5500030517578,399020916.0,101171754469.5152,119994754469.5152,50329000000.0,18823000000.0,8925000000.0,,,2787000000.0,17626000000.0,152167000000.0,,,,6138000000.0,,7093000000.0,,0.1981951576600833,,,,,19.54948753169032,0.05115223600511109,14.26360559276966,,,1433000000.0,977000000.0,0.047884917244530985,,,,,,,,"['fcf_cagr5 gate', 'coverage<80%']",False,0.1,,,,,,,,,,,,,,,,,,,,,,,,,
SLB,87347,Schlumberger,Energy,Oil & Gas Equipment & Services,Energy,69.57152635181383,5.9986310746064335,599184206.205849,0.7196724935460528,-0.10467739208422766,0.539661661682671,10.0,,,0.11611447328736808,0.12498599753556626,0.2627975902396158,0.09300135544501179,0.0984093200403271,0.35687405703139424,6,9,False,0.08634313500805857,0.2127254286211202,0.12322119707675916,True,,0.12272452290601112,0.09412638178518397,,1.0569270085933562,1.0120968811130648,,46.53846153846154,-0.0796216742717944,0.9460300385192097,260.0,gm_derived,51.4900016784668,1484143231.0,76418537455.27513,87391537455.27513,37047000000.0,10973000000.0,6533000000.0,1727000000.0,343000000.0,2767000000.0,9793000000.0,36366000000.0,,4806000000.0,4463000000.0,3423000000.0,,3101000000.0,,0.19601837672281777,,,19.581343817000924,0.05106901800742498,25.530685788862147,0.039168552238273736,24.64319169792813,1.5498226378587552,,17001000000.0,4876000000.0,0.5905201500796285,3.0,0.14010324005706312,0.14993702716012994,48.07692307692308,-0.039422763713961,0.9820647881741557,260.0,['coverage<80%'],True,0.7,,,,,,,,,,,,,,,,,,,,,,,,,
HCA,860730,HCA Healthcare,Health Care,Health Care Facilities,Health Care Equipment and Services,11.671457905544148,5.9986310746064335,569861318.9605159,-0.052428605682703244,-0.19503938080987615,0.014012831892084687,10.0,,,0.0772589284349481,0.07477019390110902,0.22073630227103805,0.0977770616758424,0.09643927015250545,0.18866891898717986,9,9,False,0.07966065216727913,0.03755848171451159,0.07216758929977862,False,,0.09868042100853537,0.11804210085353721,,1.2772688284386982,1.2072576004061049,,9.01639344262295,-0.04109659937753852,0.8479305268271229,244.0,,432.6000061035156,221839800.0,95967898834.00269,149307898834.0027,47037000000.0,53340000000.0,12999000000.0,5072000000.0,389000000.0,3593000000.0,50015000000.0,76388000000.0,,7927000000.0,7538000000.0,9017000000.0,,6794000000.0,,0.2020016339869281,,,19.807362540992663,0.05048627740974767,16.558489390484937,0.06039198240961723,14.125389878422533,1.1667647924639388,,2701000000.0,,0.05742287986053533,,,,8.19672131147541,-0.08454164007897558,0.7966202644013982,244.0,['coverage<80%'],True,0.5,,,,,,,,,,,,,,,,,,,,,,,,,
ADP,8670,Automatic Data Processing,Industrials,Human Resource & Employment Services,Commercial and Professional Services,45.497604380561256,5.9986310746064335,555773554.6471502,-0.025572044557280127,-0.08349987997103925,-0.07521835742865868,,0.4505497437344613,0.029502281572005087,,,,0.18380128568638116,0.19086508033444,0.21054446594252485,9,9,False,0.07901405164575914,,0.1388984419535153,False,0.46416432014726117,,0.21017068080957196,1.030217698716135,,1.1434668698029933,,9.230769230769232,-1.3035674638588235,0.7524241738740728,260.0,gm_derived,261.79998779296875,397262737.0,104003379697.20135,105148679697.20135,7176500000.0,1145300000.0,5441200000.0,,242600000.0,585900000.0,1145300000.0,21947400000.0,,,,4612700000.0,,4413500000.0,,0.22979599671919446,,,,,22.79547330136392,0.04386835872103463,23.564830564676868,,,3284400000.0,1653300000.0,0.6880373441092454,,,,,,,,"['fcf_cagr5 gate', 'coverage<80%']",False,0.1,,,,,,,,,,,,,,,,,,,,,,,,,
CVNA,1690820,Carvana,Consumer Discretionary,Automotive Retail,Consumer Discretionary Distribution and Retail,0.7693360711841205,5.9986310746064335,550265266.9094417,-0.0073725230915496764,-0.3612009086734209,-0.1952783524958286,3.0,0.16376181191276745,0.2644106369821125,-0.04728620188879999,0.03902174982777286,,-0.027655317840001536,0.04556638126168684,,8,9,False,0.2946654403024904,,,False,0.1937105914278873,0.03320296911166094,0.04050602601963445,1.1828801181747608,-0.7021703538326528,-1.4646740367975535,,,,,,shares_was_proxy;share_jump_gt20pct,60.470001220703125,717691000.0,43398775646.08765,47439775646.08765,8069000000.0,4041000000.0,1120000000.0,191000000.0,97000000.0,8000000.0,2931000000.0,25058000000.0,2237000000.0,929000000.0,832000000.0,1015000000.0,2245000000.0,1568000000.0,,,,21.206873333074494,57.018961113086114,0.01753802560549451,46.73869521782034,0.021395548064395347,27.67779059061712,0.5924744897959183,1.3055679287305122,12000000.0,17000000.0,0.0035940017350353202,,,,,,,,"['tenure<1y', 'fcf_cagr5 gate', 'coverage<80%']",False,0.7,,,,,,,,,,,,,,,,,,,,,,,,,
TTWO,946581,Take-Two Interactive,Communication Services,Interactive Home Entertainment,Media and Entertainment,8.531143052703628,5.9986310746064335,492725337.3803452,-0.16683480074631163,-0.22575090347092341,-0.2147236422886858,7.0,0.5048075571903464,0.13348742202613095,-0.05711786125827408,-0.09223119485569015,,-0.052797938330684316,-0.0820576085534309,,8,9,False,0.14564420997425698,-0.11360433846070306,-0.3055733803152364,False,0.5604127720032902,-0.0019591714648919466,-0.006984221939729305,1.110151312160283,0.03430050463607198,0.1322820958649122,0.11748018626934786,,,,,,202.35000610351562,186980443.0,37835493782.288055,39093736782.288055,4866643000.0,1258243000.0,500200000.0,162700000.0,350600000.0,196300000.0,1245868000.0,6686500000.0,-161300000.0,337500000.0,-13100000.0,-46700000.0,35000000.0,-320400000.0,-143273653.52013257,0.11175664277661142,-0.029439934986012446,,,-0.0003350920397544379,,-0.001194564752407042,,,35.59622857142857,1060900000.0,1653200000.0,0.5576944928978764,3.0,-0.25059489536827295,-0.2293079035745501,,,,,"['fcf_cagr5 gate', 'coverage<80%']",False,0.7,,,,,,,,,,,,,,,,,,,,,,,,,
DVN,1090012,Devon Energy,Energy,Oil & Gas Exploration & Production,Energy,26.080766598220396,5.9986310746064335,489374539.1846117,0.41689440040441395,-0.09031744904882022,0.38660603023618845,8.0,,,0.2061894746588305,0.17991183128797808,0.3514490681796659,0.22936933096718953,0.2039072806080784,0.3350264998902011,6,9,True,0.29142826541130273,0.01747897083552785,0.03371486295441217,True,,0.23123001167571958,0.2195542920960455,,1.1214443029079062,0.9572085822033982,,90.0,1.3337124013241735,1.6852625701168098,260.0,gm_derived;share_jump_gt20pct,46.72999954223633,1100000000.0,51402999496.45996,62973999496.45996,53318000000.0,11571000000.0,8553000000.0,3859000000.0,139000000.0,4089000000.0,11571000000.0,19699000000.0,,4694000000.0,4555000000.0,4325000000.0,,3280000000.0,,0.2192919933475885,,,13.825246870792528,0.07233143894975348,14.560462311320222,0.06867913797095143,15.67164618794511,1.4310975609756098,,753000000.0,1466000000.0,0.041618215236880605,,,,88.84615384615384,0.25180843538304853,1.3685346486018999,260.0,['coverage<80%'],True,0.5,,,,,,,,,,,,,,,,,,,,,,,,,
CCL,815097,Carnival Corporation,Consumer Discretionary,"Hotels, Resorts & Cruise Lines",Consumer Services,27.770020533880903,5.9986310746064335,456714646.2229146,-0.16388526149997606,-0.33816477950772894,-0.21260826797758703,7.0,-0.1734960737501054,4.282059953923919,-0.8943298352548883,0.04371787153244107,,,,,7,9,False,0.36611769802331207,,,False,0.4189154553110468,0.11339753212991102,,-2.4145529420707845,-0.12679609654036889,,,9.411764705882353,-0.1788526179167053,0.8101669780664305,170.0,gm_derived,22.139999389648438,1369649119.0,30324030658.69252,54267030658.69252,36911000000.0,23943000000.0,6794000000.0,3594000000.0,103000000.0,,23927000000.0,27311000000.0,4464000000.0,3200000000.0,3097000000.0,,,3069000000.0,4444675324.675324,0.004329004329004329,0.12041600944637978,12.156592889492051,17.522450971486123,0.057069641777127915,,,9.88075290279978,1.0426849136526557,,579000000.0,1180000000.0,0.04765517054536588,1.0,,,,,,,"['fcf_cagr5 gate', 'coverage<80%']",False,0.7,,,,,,,,,,,,,,,,,,,,,,,,,
BKR,1701605,Baker Hughes,Energy,Oil & Gas Equipment & Services,Energy,9.229295003422314,5.9986310746064335,455867152.39682627,0.3297509346759713,-0.16779739598235122,0.19614759005298033,8.0,,,0.06235973613394001,0.06433780286991296,0.30914475451921003,0.061957810189492556,0.06970908805771191,0.41169617007879244,6,9,True,0.06019151313311255,0.1369045557927311,,False,,0.1055004508566276,0.10593327321911632,,1.6918039972142818,1.7097646429905873,,,,,,,57.119998931884766,992674071.0,56701541875.229706,58018541875.229706,21225000000.0,1317000000.0,4436000000.0,1308000000.0,203000000.0,1296000000.0,1141000000.0,27725000000.0,,3128000000.0,2925000000.0,2937000000.0,,3096000000.0,,0.1109846328969835,,,19.835398931702464,0.0504149174636323,19.754355422277733,0.050621747894252334,18.314451510087114,1.0103359173126616,,5566000000.0,3997000000.0,0.45055359246171967,1.0,,,,,,,['coverage<80%'],True,0.5,,,,,,,,,,,,,,,,,,,,,,,,,
OXY,797468,Occidental Petroleum,Energy,Oil & Gas Exploration & Production,Energy,69.57152635181383,5.9986310746064335,455860163.2768098,0.35910369379706464,-0.13322512899412642,0.27574244924560776,10.0,0.8828303408155032,0.022128418725598488,0.2668140235727488,0.2846319414550151,0.39677408420483845,0.18764150951829134,0.1976221928665786,0.5460864986904461,5,9,False,0.04716358074234517,0.23653087118924065,0.10831716102802247,True,0.846770346340998,0.25341093407117643,0.17436313328880831,0.9591541060525908,0.9497661729990818,0.9292354007193241,,73.4375,0.08003959878714555,1.1486569279581715,256.0,sbc_unreported;gm_derived,56.099998474121094,999637371.0,56079654987.77442,77217654987.77441,62884000000.0,21138000000.0,10976000000.0,5664000000.0,,7321000000.0,12216000000.0,20962000000.0,,5312000000.0,5312000000.0,3655000000.0,,,,0.26720119336192427,,,14.53645613474669,0.06879255787864873,21.126581392003942,0.04733373476025247,,,,668000000.0,2387000000.0,0.048581515170790665,,,,50.76923076923077,0.06792321883386376,1.021141815927063,260.0,['coverage<80%'],True,0.5,,,,,,,,,,,,,,,,,,,,,,,,,
URI,1067701,United Rentals,Industrials,Trading Companies & Distributors,Capital Goods,12.02464065708419,5.9986310746064335,449936849.626416,0.03803714375232681,-0.100717645110323,0.07304754762171539,9.0,1.7589098525280948,0.06870009461928543,0.17891421700901577,0.19231426064613166,0.2802752519711112,1.3718345586735414,1.3039242219215155,0.11540007049391314,7,9,False,0.1313001839740795,-0.09199824733073192,0.15559181678464862,False,0.6199346081442584,,,0.3524538834399168,,,0.9760191692728603,78.46153846153847,0.8251607700591356,1.1248378924354794,260.0,,1043.9200439453125,62646557.0,65397996536.462524,81324996536.46252,24895000000.0,15927000000.0,5279000000.0,,134000000.0,,15927000000.0,10093000000.0,4038000000.0,,,,,2507000000.0,3020968666.06983,0.25186511489107727,0.1213484099646447,20.139919895112065,,,,,26.086157373937983,,,7285000000.0,547000000.0,0.314601325567383,6.0,0.12432994533811252,0.12529217794238443,39.31623931623932,-0.024292514554847915,0.9222518504781593,234.0,"['fcf_cagr5 gate', 'coverage<80%']",False,0.7,,,,,,,,,,,,,,,,,,,,,,,,,
JCI,833444,Johnson Controls,Industrials,Building Products,Capital Goods,16.09034907597536,5.9986310746064335,442726219.6949533,0.3400964397699915,-0.028203414435105545,0.38047149479521347,9.0,0.34991336453004573,0.023401079079083294,0.059447199025038734,0.058349379785947786,0.3573894084227978,0.04560536704960276,0.04495992118579553,0.45593610564014764,7,9,False,0.01120804194605829,0.008118576350585105,-0.004333029115990983,False,0.36561208202021855,0.10309826873490771,0.0854581917897925,1.0448645838699449,1.7342830347899731,1.8738626025494705,,52.307692307692314,0.03860040083065614,1.0189869160052558,260.0,,148.88999938964844,610115603.0,90840111758.28499,100672111758.28499,23350000000.0,9832000000.0,3038000000.0,372000000.0,147000000.0,803000000.0,9807000000.0,24433000000.0,,2666000000.0,2519000000.0,2088000000.0,,3531000000.0,,0.17956903431763768,,,39.965109868314805,0.025021825369553694,48.21461291105603,0.020740599988736844,25.72645476020532,0.7550269045596149,,16547000000.0,3662000000.0,0.8654817987152035,,,,56.15384615384615,0.09305587148999803,1.0322661545797558,260.0,['coverage<80%'],True,0.6,,,,,,,,,,,,,,,,,,,,,,,,,
FANG,1539838,Diamondback Energy,Energy,Oil & Gas Exploration & Production,Energy,7.822039698836414,5.9986310746064335,422896565.7230668,0.3834584506252756,-0.12096623645358862,0.28630660239107075,,,,,,,0.38989151420320384,0.38516992790937177,0.20034958824232252,7,9,False,0.4038245538628422,,0.09173495759527772,True,,,0.2821892176353643,,,0.723763424838974,0.12361404415894112,58.84615384615385,0.5716363683074762,1.4249760655515329,260.0,,185.22999572753906,280024353.0,51868909709.79689,70118909709.79689,56150000000.0,18250000000.0,10143000000.0,,77000000.0,5240000000.0,12165000000.0,17102000000.0,1082000000.0,,,4826000000.0,6322000000.0,1350000000.0,887614718.6147187,0.17965367965367965,0.015807920189042184,64.80490731034833,,,14.529405244466824,0.0688259418175996,38.42141459984955,,1.9242328377095856,,7000000.0,0.00012466607301869992,3.0,0.12788126378841383,0.1527048785846811,,,,,"['fcf_cagr5 gate', 'coverage<80%']",False,0.4,,,,,,,,,,,,,,,,,,,,,,,,,
CI,1739940,Cigna,Health Care,Health Care Services,Health Care Equipment and Services,50.247775496235455,5.9986310746064335,421073209.8343952,-0.07611652305399363,-0.08275404710870049,-0.10613880705244494,4.0,0.285461010196494,0.1406729581316688,,,,0.03133816199868723,0.03070560575588477,0.23325439278674373,9,9,False,0.11376491684986534,,,False,0.20629501880431478,,0.026747455574363806,0.7226731898073009,,0.8535106677757383,1.1321915750892864,18.076923076923077,-0.4940489764596279,0.7883695440876088,260.0,gm_derived,271.8299865722656,264240486.0,71828487761.22894,107732487761.22894,78524000000.0,35904000000.0,10277000000.0,,,2724000000.0,35614000000.0,282382000000.0,9957000000.0,,,7553000000.0,12681000000.0,,8048354091.908785,0.19168885287649035,0.10249546752469035,10.81977380347785,,,14.263536046766708,0.07010884234605222,,,2.8084535919880134,45534000000.0,47403000000.0,1.183548978656207,2.0,0.09052837857109775,0.08868275102459855,18.846153846153847,-0.5677171248235839,0.8301529824440228,260.0,"['fcf_cagr5 gate', 'coverage<80%']",False,0.7,,,,,,,,,,,,,,,,,,,,,,,,,
EOG,821189,EOG Resources,Energy,Oil & Gas Exploration & Production,Energy,25.905544147843944,5.9986310746064335,403622929.53346884,0.3555640875323838,-0.08114993741454002,0.31298974476963304,,,,,,,0.2882306800978,0.2886156719321454,0.1833550051690913,5,9,False,0.1545526335723717,,0.297050377806088,False,,,0.30637164212240064,,,1.0629390390309776,0.8318485428789568,51.153846153846146,0.00355654117610202,1.0012183517935638,260.0,,140.6300048828125,524529176.0,73764540582.05762,77951540582.05762,36051000000.0,4187000000.0,13358000000.0,,231000000.0,4847000000.0,4187000000.0,27026000000.0,8905000000.0,,,8280000000.0,13752000000.0,6876000000.0,6967544378.698224,0.21756941283568504,0.19326910151447182,8.75368226637368,,,9.414437268364447,0.10621983783994433,10.727827309781503,,0.3044648051192554,,,0.0,7.0,0.2323368877290858,0.22329124872282605,,,,,"['fcf_cagr5 gate', 'coverage<80%']",False,0.4,,,,,,,,,,,,,,,,,,,,,,,,,
CTSH,1058290,Cognizant,Information Technology,IT Consulting & Other Services,Software and Services,19.865845311430526,5.9986310746064335,396908255.6426394,-0.05829133149367738,-0.32478928077421154,-0.14232120430282091,10.0,,,0.10021868444015392,0.10165740168828495,0.11782968269320332,0.08716611318275602,0.08945851348569075,0.14323059420281245,7,9,False,0.04856688163062173,-0.022047127468793892,-0.03015362478470396,False,,0.10674577221339811,0.09422591796692516,,1.0651284519419317,1.0809925385724986,,8.076923076923077,-0.9006156465995595,0.7028611596124668,260.0,,56.75,473869469.0,26892092365.75,26489092365.75,14665000000.0,-403000000.0,2757000000.0,287000000.0,185000000.0,555000000.0,-403000000.0,21406000000.0,3379000000.0,2470000000.0,2285000000.0,2017000000.0,3934000000.0,2229000000.0,,,,7.839328903743711,11.592600597702408,0.08626192126365458,13.132916393529994,0.07614454931675767,12.064644399170032,1.10812023328847,-0.10244026436197255,7681000000.0,953749000.0,0.588799795431299,,,,7.307692307692308,-1.0137987109223934,0.7045193239650185,260.0,['coverage<80%'],True,0.7,,,,,,,,,,,,,,,,,,,,,,,,,
KHC,1637459,Kraft Heinz,Consumer Staples,Packaged Foods & Meats,Food Beverage and Tobacco,11.233401779603012,5.9986310746064335,388195623.9406688,0.018848915732409877,-0.07509047317859896,-0.03404106470633961,9.0,0.3310439732667877,0.039943543628061746,0.116731114307929,0.11804534550800898,0.3022762004822465,0.11620372264927503,0.12098583920142382,0.3106729305343735,4,9,False,-0.009679568109466907,-0.03314308432771251,-0.02226281767810001,False,0.3336947791164659,0.14943775100401607,0.1415261044176707,1.0080074131044274,1.2801878221586158,1.2179136880564785,-2.5881368230459483,12.307692307692308,-0.5157998200514239,0.7611075133503582,260.0,ebitda_nonpositive,23.559999465942383,1185823758.0,27938007105.18179,48037007105.18179,56105000000.0,20099000000.0,4621000000.0,805000000.0,95000000.0,1002000000.0,11668000000.0,24900000000.0,-3177000000.0,3816000000.0,3721000000.0,3524000000.0,-2175000000.0,-3396000000.0,-2504673625.058675,0.21162303271681623,-0.04464260983974111,,12.909703602575059,0.07746111225981463,13.631386806237739,0.07336010739145035,,,,19714000000.0,32372000000.0,0.9283664557526067,0.0,0.01724893732132822,0.03658314644049438,8.461538461538462,-0.6005039415138157,0.7155051510504374,260.0,"['rev_cagr5 gate', 'coverage<80%']",False,0.7,,,,,,,,,,,,,,,,,,,,,,,,,
VEEV,1393052,Veeva Systems,Health Care,Health Care Technology,Health Care Equipment and Services,0.39698836413415467,5.9986310746064335,387475210.09379274,-0.07152019214496819,-0.05053243789156081,-0.055083054514171725,4.0,0.7318139357563659,0.022003489322575096,,,,0.23784078015669374,0.2307203875018705,0.30953705770173723,9,9,False,0.16877526262793308,,0.22452973572986812,False,0.7496085998719527,,0.3348285676114442,1.0243158311780374,,1.4077845161408113,0.9663533014648779,,,,,,279.9599914550781,161908850.0,45328000262.501526,43668304262.501526,5771753000.0,-1659696000.0,1665459000.0,,494589000.0,13000000.0,-1659696000.0,3458098000.0,1034859000.0,,,1157870000.0,1047859000.0,1014772000.0,791140113.4020851,0.23550926899018595,0.13707102736414484,42.197346945334125,,,37.71434121490454,0.026515112495317943,44.6681621709128,,-1.583892489352098,492991000.0,55647000.0,0.09505569625034196,9.0,0.14184359608060665,0.11838183717958636,,,,,"['tenure<1y', 'fcf_cagr5 gate', 'coverage<80%']",False,0.6,,,,,,,,,,,,,,,,,,,,,,,,,
PCAR,75362,Paccar,Industrials,Construction Machinery & Heavy Transportation Equipment,Capital Goods,45.74401095140315,5.9986310746064335,385178822.3484348,0.30262229529200146,-0.15899902522384168,0.16630140189466935,10.0,0.21312026350695662,0.08179084337974808,0.09951420451184875,0.09949498112584478,0.2758854591847002,0.10994467926782545,0.10746596673821575,0.2654207459493208,6,9,False,0.087176303639803,0.08551412442533901,0.07974037320182403,False,0.19988639550183707,0.132884907139108,0.14148074116149814,0.9379042246506627,1.335336073789204,1.2868357259640621,,87.6923076923077,1.0364065717046782,1.2425355203109913,260.0,sbc_unreported;gm_derived,111.6500015258789,526364953.0,58768647805.61918,55549247805.61918,17101900000.0,-3219400000.0,4344700000.0,648400000.0,,409300000.0,-3219400000.0,27815800000.0,,3696300000.0,3696300000.0,3935400000.0,,2504200000.0,,0.21897514268783333,,,15.028338556291205,0.06654095502668705,14.115273620373832,0.07084524373346975,23.468032827098146,1.4760402523760083,,114200000.0,,0.006677620615253276,,,,84.61538461538461,1.0458439090905982,1.2335408198508062,260.0,['coverage<80%'],True,0.6,,,,,,,,,,,,,,,,,,,,,,,,,
ZTS,1555280,Zoetis,Health Care,Pharmaceuticals,Pharmaceuticals Biotechnology and Life Sciences,13.273100616016427,5.9986310746064335,384616946.0503797,-0.47229892344725033,-0.5011520025268289,-0.5027873727331155,10.0,0.7050023439006223,0.010626254265348538,0.20551837928721048,0.21579218106995884,0.20596901529622128,0.2211455872986224,0.2195216049382716,0.19884906966532398,9,9,False,0.0723886810840868,0.06414790435222728,0.07496930162906157,False,0.7153514763055584,0.2386256173163812,0.24261847220762844,1.0146795716276298,1.1610913736474322,1.0970984100171544,,1.153846153846154,-2.2085250209019187,0.3536041950624463,260.0,gm_derived,71.43000030517578,413223602.0,29516562016.965836,37137562016.965836,10769000000.0,7621000000.0,2887000000.0,521000000.0,95000000.0,483000000.0,7621000000.0,9517000000.0,,2366000000.0,2271000000.0,2309000000.0,,2616000000.0,,0.20048899755501223,,,16.352955533670556,0.061151025448642045,16.08382937070846,0.06217424824346741,11.283089456026696,0.904434250764526,,2771000000.0,918000000.0,0.3425573405144396,,,,1.153846153846154,-2.2162553879333013,0.3296200544931261,260.0,['coverage<80%'],True,0.6,,,,,,,,,,,,,,,,,,,,,,,,,
EMR,32604,Emerson Electric,Industrials,Electrical Components & Equipment,Capital Goods,61.497604380561256,5.9986310746064335,353315187.16294205,0.1518270246597324,-0.023166015944812823,0.20134602773572974,10.0,0.5135417468550725,0.08314553297598619,0.13952461461026325,0.1516693345529385,0.44913309322656053,0.09045917657825657,0.07906471529842214,0.8305953158788716,7,10,False,0.014255579608092983,0.00940870521967585,-0.09073397540951889,False,0.5107855763039278,0.17246190169564285,0.1170852114187594,0.994633015586321,1.2360679309337923,1.29434310423408,,49.75845410628019,-0.037766777632140085,0.9877374398250807,207.0,,159.38999938964844,557800000.0,88907741659.5459,100445741659.5459,31917000000.0,11538000000.0,3912000000.0,452000000.0,246000000.0,1484000000.0,11523000000.0,18636000000.0,,3460000000.0,3214000000.0,2182000000.0,,2577000000.0,,0.21402439024390243,,,31.252564299796482,0.03199737437246108,46.033795444338175,0.02172317077806785,34.50048182364994,1.3426464881645324,,18122000000.0,8686000000.0,0.8399285647147289,,,,45.38461538461539,-0.0007576574009568224,0.9829311380803563,260.0,['coverage<80%'],True,0.6,,,,,,,,,,,,,,,,,,,,,,,,,
CTVA,1755672,Corteva,Materials,Fertilizers & Agricultural Chemicals,Materials,7.323750855578371,5.9986310746064335,339757105.4148053,0.3994871740964283,-0.12710704218474733,0.2382896559166534,6.0,0.4293242650057961,0.05753334901292499,0.09487353968099595,0.09155429382540808,0.5436766798336031,0.05759475669929144,0.05429382540809084,0.8940444772692911,4,7,False,0.04124576663707025,0.12116853340175271,0.10373747652226784,True,0.49539636200314396,0.03531327195149338,-0.0017403997305187515,1.1538978864762182,0.3722141291474018,-0.030218023831675683,,,,,,sbc_unreported;gm_derived,77.73999786376953,667196000.0,51867815614.715576,53354815614.715576,26646000000.0,1487000000.0,1211000000.0,582000000.0,,1242000000.0,1243000000.0,17812000000.0,,629000000.0,629000000.0,-31000000.0,,1009000000.0,,0.30701200252684774,,,84.82482609652715,0.011789001475370445,,-0.0005810159709642032,51.40516909287966,0.6233894945490585,,10437000000.0,8006000000.0,0.6921489154094423,,,,91.81818181818183,1.9383539915754038,3.3682734864573893,220.0,['coverage<80%'],True,0.6,,,,,,,,,,,,,,,,,,,,,,,,,
ECHO,1415404,EchoStar,Communication Services,Wireless Telecommunication Services,Telecommunication Services,0.5201916495550992,5.9986310746064335,329935893.3711515,0.1644190852383982,-0.3498505866177869,0.15689831487535022,7.0,,,0.007981082226128849,-0.02076159791566986,4.627877747986992,0.036737321139162026,0.046028943561078485,2.3018911670685407,4,9,False,0.5137390581525174,,,False,,-0.05245645791144693,-0.07302712413227173,,-6.572599608072257,-1.9878184328041475,15.927107162479329,,,,,ebitda_nonpositive;shares_was_proxy;gm_derived,89.22000122070312,290141000.0,25886380374.176025,27200651374.176025,15469369000.0,1314271000.0,-85317000.0,639864000.0,43512000.0,941305000.0,1267965000.0,14653925000.0,-16515821000.0,-725181000.0,-768693000.0,-1070134000.0,-15574516000.0,,-12518621711.09669,0.24202243950835442,-0.8092522526999446,,,-0.028260095297930547,,-0.03934221961375427,,,,0.0,493574000.0,0.03190653736425836,2.0,-0.050809744948935885,-0.009319415267764695,,,,,"['tenure<1y', 'fcf_cagr5 gate', 'coverage<80%']",False,0.5,,,,,,,,,,,,,,,,,,,,,,,,,
IQV,1478242,IQVIA,Health Care,Life Sciences Tools & Services,Pharmaceuticals Biotechnology and Life Sciences,9.084188911704311,5.9986310746064335,326673773.2952247,0.2958911227124741,0.0,0.31137780001689586,10.0,,,0.11407117266726204,0.11060698957694666,0.16355347202582649,0.07911238849483127,0.07743715511955855,0.22694070968696273,9,9,False,0.07503541699279603,0.08837342636672774,-0.04332664602101821,True,,0.1127946127946128,0.07798220298220299,,0.9888090931056448,0.9857141778407801,,61.15384615384616,0.24353499502068832,1.0901738397881724,260.0,gm_derived,270.9700012207031,166900000.0,45224893203.73535,59625893203.73535,20622000000.0,14401000000.0,2704000000.0,588000000.0,240000000.0,1167000000.0,14273000000.0,16632000000.0,2200000000.0,2116000000.0,1876000000.0,1297000000.0,3367000000.0,1385000000.0,,,,27.102678728970613,31.78352516190584,0.03146284104440846,45.97216129817683,0.021752294687951902,32.65335249367173,1.527797833935018,4.239085239085239,16544000000.0,4962000000.0,1.0428668412375133,,,,56.92307692307692,0.25074764403758976,1.0619372325478642,260.0,['coverage<80%'],True,0.7,,,,,,,,,,,,,,,,,,,,,,,,,
DHI,882184,D. R. Horton,Consumer Discretionary,Homebuilding,Consumer Durables and Apparel,21.270362765229294,5.9986310746064335,325418733.53607976,-0.1742587846720982,-0.1640325434318345,-0.19352126984911566,10.0,0.27140711799274053,0.0951791906209741,0.055938868370035665,0.05180237708348052,0.7259600536854297,0.05737727281397449,0.053927296244164626,0.7460198360873915,8,9,False,0.11016221220279032,,,False,0.22611694152923534,0.09189805097451274,0.09304347826086956,0.833128265763772,1.6428299973214877,1.6216085864263734,,18.614718614718615,-0.13703346110787776,0.812314040616739,231.0,gm_derived,139.4199981689453,279701267.0,38995950132.991684,37504250132.991684,22327800000.0,-1491700000.0,3352600000.0,150400000.0,137400000.0,112200000.0,-2078700000.0,33350000000.0,,3202200000.0,3064800000.0,3103000000.0,,3052900000.0,,0.2444829606483742,,,12.237095449292509,0.08171873825318697,12.086448640989907,0.08273728948043564,12.77341220904441,1.0489043204821644,,163500000.0,,0.007322709805713057,,,,18.614718614718615,-0.1263635861577576,0.8074590763174667,231.0,"['fcf_cagr5 gate', 'coverage<80%']",False,0.6,,,,,,,,,,,,,,,,,,,,,,,,,
ITW,49826,Illinois Tool Works,Industrials,Industrial Machinery & Supplies & Components,Capital Goods,40.58316221765914,5.9986310746064335,322044157.34412986,0.05861965263566482,-0.07695684220326093,0.07315937548643792,10.0,0.4252634274778516,0.033547897792921416,0.15939481026372157,0.1644228371977063,0.16116792891027337,0.16649549566557253,0.17078035402642733,0.16694871283723092,6,9,False,0.04994811807277366,0.010362539523898429,0.019155623020066015,False,0.4416175845527962,0.17287024105895926,0.17778857246948812,1.0384565330998192,1.0845412141897364,1.0678281220688346,,54.61538461538461,0.0835864820569827,1.009965867882193,260.0,gm_derived,273.8299865722656,284800000.0,77986780175.78125,87084780175.78125,11993000000.0,9098000000.0,3330000000.0,409000000.0,74000000.0,328000000.0,9097000000.0,16469000000.0,4364000000.0,2921000000.0,2847000000.0,2928000000.0,4692000000.0,,,,,19.955265851462247,30.588261389456008,0.03269227980197355,29.742069732165728,0.03362240788906869,,,1.9388320545609548,5074000000.0,370000000.0,0.45393146001834406,,,,52.69230769230769,0.08286916664199169,1.0095072374727543,260.0,['coverage<80%'],True,0.7,,,,,,,,,,,,,,,,,,,,,,,,,
GIS,40704,General Mills,Consumer Staples,Packaged Foods & Meats,Food Beverage and Tobacco,69.57152635181383,5.9986310746064335,318996081.4131276,-0.19236829218720553,-0.2856077344795138,-0.2912921519634293,10.0,0.3387463216533253,0.024006425581009714,0.11146351865482465,0.11295967485348907,0.17063175021946228,0.11581854733017574,0.11738835918015457,0.18400817425575708,6,9,False,0.0032621470033440403,-0.07886799785365306,-0.0774579963077463,False,0.33862575560486646,0.07979624629712624,0.07786146059923701,0.9996440816010329,0.7158956334783919,0.6722710860573083,,91.15384615384615,1.2058870477179984,1.1610544430575722,260.0,gm_derived,33.599998474121094,534687144.0,17965487222.532166,31619387222.532166,21104300000.0,13653900000.0,2067000000.0,520900000.0,86100000.0,556300000.0,13640500000.0,18296600000.0,-206400000.0,1546100000.0,1460000000.0,1424600000.0,349900000.0,-892200000.0,,,,,21.657114535980934,0.046174202862463924,22.195273917262504,0.045054636573880896,,,38.98399542726493,14113100000.0,239300000.0,0.6800699383537951,,,,79.61538461538461,0.8307974843365121,1.1011080623873113,260.0,"['fcf_cagr5 gate', 'coverage<80%']",False,0.6,,,,,,,,,,,,,,,,,,,,,,,,,
CASY,726958,Casey's,Consumer Staples,Food Retail,Consumer Staples Distribution and Retail,0.4736481861738535,5.9986310746064335,317871878.52486104,0.3370033946979336,-0.3222349937580966,0.07202171190646078,9.0,,,0.029966808147086004,0.03275714501666616,0.25299711666247054,,,,6,9,False,0.15062751164414712,,,,,0.031266048143640986,,,1.0433559687163854,,,,,,,,606.239990234375,36960167.0,22406731281.14087,24785017281.14087,6472199000.0,2378286000.0,1389195000.0,740269000.0,65116000.0,,2378286000.0,18672331000.0,,648926000.0,583810000.0,,,772813000.0,,,,,42.453910143952434,0.023554956342282884,,,28.993729765338923,0.8396934316581114,,1284216000.0,,0.19842035141379305,,,,68.46153846153847,0.43515587520561,1.1076848002519144,260.0,"['tenure<1y', 'fcf_cagr5 gate', 'coverage<80%']",False,0.5,,,,,,,,,,,,,,,,,,,,,,,,,
NUE,73309,Nucor,Materials,Steel,Materials,41.4154688569473,5.9986310746064335,314180493.1298882,0.9088612323136329,-0.10321680990962145,0.7876335085648645,9.0,0.21626547408283878,0.3636449480509451,0.09288134141876017,0.12260222230938386,0.8248173168319766,0.13109949754458042,0.143361576171915,0.5365106229265209,5,9,False,0.10039907578586948,,-0.024762322282568583,False,0.15470485582116844,0.03980499155148057,0.07659067615855517,0.7153469895148865,0.42855745775696513,0.5842179229749563,,78.07692307692308,1.592795910284059,2.7159466359765023,260.0,gm_derived,244.49000549316406,226875676.0,55468835271.50531,58749143271.50531,25389308000.0,3280308000.0,4424000000.0,2841000000.0,146000000.0,1513000000.0,2123308000.0,36101000000.0,,1583000000.0,1437000000.0,2765000000.0,,2884000000.0,,0.20682095006090134,,,40.88318947216793,0.024459931157787253,21.247429754613133,0.04706451611084325,19.23329933131252,0.5488904299583911,,4289000000.0,2754000000.0,0.2774002347759931,,,,81.44796380090497,0.8442506633394241,4.426449791339855,221.0,"['fcf_cagr5 gate', 'coverage<80%']",False,0.6,,,,,,,,,,,,,,,,,,,,,,,,,
APD,2969,Air Products,Materials,Industrial Gases,Materials,41.4154688569473,5.9986310746064335,297654071.27988845,0.13186986176349458,-0.11279799537229229,0.04726237418973733,7.0,,,-0.12132977792642055,-0.1175079365079365,,0.1567470470170756,0.14186507936507936,0.09548041657608015,4,9,False,0.06329887156173086,,-0.0442098329578996,False,0.3205630762882671,-0.02783640951579883,0.23626827061941566,,0.22942768042219605,1.5073219886156914,-0.22650696748443516,0.7692307692307693,-1.6766168397726426,0.702366015603044,260.0,,278.75,222685530.0,62073591487.5,68296591487.5,20106800000.0,6223000000.0,4570800000.0,4872200000.0,49400000.0,1543900000.0,3510400000.0,12602200000.0,-593100000.0,-301400000.0,-350800000.0,2977500000.0,950800000.0,-47300000.0,-479048800.408176,0.19229674522310566,-0.023825213380954502,,,-0.005136420315561506,22.93756221242653,0.04359661199995548,,,3.692048801009676,957400000.0,258400000.0,0.06046710565579804,8.0,0.10518534438721712,0.12863653421506022,,,,,"['fcf_cagr5 gate', 'coverage<80%']",False,0.6,,,,,,,,,,,,,,,,,,,,,,,,,
FOXA,1754301,Fox Corporation (Class A),Communication Services,Broadcasting,Media and Entertainment,7.531827515400411,5.9986310746064335,295608722.63694406,0.06570942439936212,-0.1433472346536513,0.027264439729904,10.0,,,0.11024009069158129,0.10050071530758226,0.3345550208636239,0.13083878711876776,0.12195994277539342,0.2872880439161257,8,9,False,0.05816323382679833,-0.07390453775549266,-0.05807301381284713,False,,0.07801004320915567,,,0.7076376907871418,,,,,,,shares_was_proxy,63.060001373291016,424000000.0,26737440582.27539,30200440582.27539,15091000000.0,3463000000.0,1970000000.0,502000000.0,132000000.0,,3363000000.0,17126000000.0,,1468000000.0,1336000000.0,,,,,0.24187884108867427,,,22.605120196313916,0.0442377652193623,,,,,,3647000000.0,2870000000.0,0.4318467961036379,,,,96.92307692307692,2.489846445005999,1.563976963879205,260.0,"['fcf_cagr5 gate', 'coverage<80%']",False,0.4,,,,,,,,,,,,,,,,,,,,,,,,,
ROP,882835,Roper Technologies,Information Technology,Electronic Equipment & Instruments,Technology Hardware and Equipment,16.76659822039699,5.9986310746064335,288620330.41932094,-0.17955633370536572,-0.29956515800595596,-0.28688602745334657,3.0,0.697245642258544,0.006485145223274085,,,,0.16694986017808455,0.18718637702742077,0.5271671337254958,7,9,False,0.1446055560688868,0.12686829535166222,0.0978888548288519,False,0.6952525874666377,,0.18778305133871961,0.9971415313755847,,1.1247871135586003,1.160480892192626,3.79746835443038,-0.448924948684858,0.6215126354572447,237.0,,354.0,98900874.0,35010909396.0,46198909396.0,29888300000.0,11188000000.0,2669100000.0,,191800000.0,922400000.0,11188000000.0,8280300000.0,2315600000.0,,,1554900000.0,3238000000.0,2504000000.0,1948705249.0086699,0.15844478795617986,0.06519960148314458,19.9511614251166,,,29.71182030741527,0.03365663865941014,13.98199257028754,,3.455219271155034,21330700000.0,3475218000.0,0.8299541292077501,0.0,0.05618326154423422,0.05765566815566838,3.8461538461538463,-0.6329037150503075,0.5958218361778972,260.0,['coverage<80%'],True,0.7,,,,,,,,,,,,,,,,,,,,,,,,,
WAT,1000697,Waters Corporation,Health Care,Life Sciences Tools & Services,Pharmaceuticals Biotechnology and Life Sciences,24.739219712525667,5.9986310746064335,284870865.44707596,0.24662744487246346,0.0,0.3488229930365021,3.0,,,0.16162507159176795,0.15344047899621077,0.1359325541666642,0.15899112526347906,0.1477474767459545,0.16060642392622507,6,9,False,0.059992904419617465,,-0.08980564477311936,False,0.7224907622308796,,-0.029392265574046526,,,-0.18486733473543165,0.04184527722517189,,,,,,442.94000244140625,98248111.0,43518018526.20355,48432084526.20355,20109066000.0,4914066000.0,549861000.0,,73152000.0,613214000.0,4914066000.0,4644249000.0,328630000.0,,,-136505000.0,941844000.0,166137000.0,265940586.02045783,0.1907598636142231,0.013224909899865953,147.3757250591959,,,,-0.0028184828577044983,261.9405582513441,,5.2174946169429335,9421000000.0,13923000.0,0.46918752964458915,10.0,0.31604307049280467,0.22313148652953216,,,,,"['fcf_cagr5 gate', 'coverage<80%']",False,0.6,,,,,,,,,,,,,,,,,,,,,,,,,
ADM,7084,Archer Daniels Midland,Consumer Staples,Agricultural Products & Services,Materials,69.57152635181383,5.9986310746064335,281508567.1597589,0.42664012610518753,-0.07310890080766708,0.35531649439464963,5.0,0.21512458130186216,0.3667630457113621,0.0916339048133175,0.0728827066579729,0.46391194824264026,0.1015342051801266,0.0834238933565167,0.40633313289296435,4,9,True,-0.17259424658437517,-0.06175838461230476,-0.06316894759314584,True,0.2256361017762842,0.06112978076492239,0.058289326292206754,1.048862479642307,0.6671087616473392,0.5740856117285664,,84.43579766536965,1.3308718943900952,2.7379532920670058,257.0,,80.37999725341797,481959583.0,38739909957.79847,46595909957.79847,31436000000.0,7856000000.0,2795000000.0,1118000000.0,149000000.0,1189000000.0,7849000000.0,24996000000.0,,1677000000.0,1528000000.0,1457000000.0,,1770000000.0,,0.15083532219570406,,,30.494705469763396,0.03279257774735802,31.980720629923454,0.03126883885988261,21.886954778417213,0.9474576271186441,,4653000000.0,1845000000.0,0.20670568774653264,,,,75.87548638132296,0.3544202689301119,2.3617329994940706,257.0,"['rev_cagr5 gate', 'fcf_cagr5 gate', 'coverage<80%']",False,0.6,,,,,,,,,,,,,,,,,,,,,,,,,
CNC,1071739,Centene Corporation,Health Care,Managed Health Care,Health Care Equipment and Services,10.499657768651609,5.9986310746064335,275051346.5384071,0.7322997311082051,-0.0785440875790625,0.6157622105056366,9.0,0.11445106008136907,0.14674413594193672,0.02645559228842089,0.026207165439088683,0.6531658957342503,0.022997002607396455,0.022604951560818085,0.8068496953233133,9,9,False,0.10958333315636093,,,False,0.09050964148778372,0.04878117041224707,0.0462735439814167,0.7908152307495957,1.8438888035630054,2.0121554435330578,24.55577613976432,0.8547008547008548,-0.45580460026697767,0.2810434760623962,234.0,ebitda_nonpositive,62.529998779296875,493995000.0,30889506746.97876,20770506746.97876,12443000000.0,-10119000000.0,9749000000.0,798000000.0,236000000.0,1246000000.0,-10191000000.0,178655000000.0,-5640000000.0,8951000000.0,8715000000.0,8267000000.0,-4394000000.0,-5100000000.0,-4203888960.863721,0.2546296168681346,-0.33785172071556063,,2.3833054213400757,0.41958533348097865,2.5124599911671415,0.39801628822573154,,,,10835000000.0,4530000000.0,1.2348308285783172,0.0,-0.013758543765532278,0.037621047825129456,0.796812749003984,-0.012169086590242784,0.27067538317444395,251.0,"['fcf_cagr5 gate', 'coverage<80%']",False,0.7,,,,,,,,,,,,,,,,,,,,,,,,,
DOW,1751788,Dow Inc.,Materials,Commodity Chemicals,Materials,7.496235455167693,5.9986310746064335,252688259.06032094,0.2969366576392485,-0.31158096733887175,0.22865359829482035,6.0,,,0.045273807913581855,0.06364573528752633,1.1437665385332243,0.03440303114160255,0.05793106539375196,1.2805699115311064,4,9,False,0.00729257790550264,,,False,0.06361394320002034,-0.005898655004957921,-0.01967913350791996,,-0.130288466484136,-0.572017431455991,,,,,,sbc_unreported,27.889999389648438,720741438.0,20101478265.914337,36009478265.91434,31157000000.0,15908000000.0,2065000000.0,2297000000.0,,2839000000.0,14394000000.0,39331000000.0,,-232000000.0,-232000000.0,-774000000.0,,,,0.2562482955352814,,,,-0.00644274816443551,,-0.02149434085893571,,,,7947000000.0,2466000000.0,0.33421061077767433,,,,,,,,"['fcf_cagr5 gate', 'coverage<80%']",False,0.3,,,,,,,,,,,,,,,,,,,,,,,,,
CLX,21076,Clorox,Consumer Staples,Household Products,Household and Personal Products,57.497604380561256,5.9986310746064335,250353676.3371725,-0.2093738790470816,-0.3440587550869507,-0.30826586063710504,10.0,0.4138854364302942,0.08178782435313346,0.09184911660592388,0.09572072072072071,0.26407414894349174,0.09504132857144602,0.09586148648648649,0.3286543568375744,7,9,False,0.011145867999568182,-0.10045182122408514,-0.12344687068014382,False,0.43846153846153846,0.046449704142011834,0.042011834319526625,1.0593789968625371,0.5057174838306069,0.4420375319979329,,87.3076923076923,1.3782757734511275,1.3822094924116857,260.0,,81.41999816894531,120921351.0,9845416177.006393,11950416177.006393,2038000000.0,2105000000.0,576000000.0,196000000.0,66000000.0,226000000.0,1946000000.0,6760000000.0,,380000000.0,314000000.0,284000000.0,,756000000.0,,0.22064777327935223,,,38.05865024524329,0.026275235552395443,42.07893020072674,0.02376486272891817,13.023037271172479,0.5026455026455027,,1229000000.0,929000000.0,1.0588812561334642,,,,83.46153846153847,0.9288543796619231,1.224537729622215,260.0,"['mktcap<10B', 'fcf_cagr5 gate', 'coverage<80%']",False,0.6,,,,,,,,,,,,,,,,,,,,,,,,,
LEN,920760,Lennar,Consumer Discretionary,Homebuilding,Consumer Durables and Apparel,20.985626283367555,5.9986310746064335,241711570.64094704,-0.3444842241767426,-0.36537026771017,-0.3566408577103868,10.0,,,0.07470777770040757,0.08599052231503557,0.6262216899608015,0.07495030370702446,0.08522452592040095,0.6553815228121059,8,9,False,0.08737305172284682,-0.6309724733073294,,False,,0.017640127518405265,0.018506327733542556,,0.23612170059649665,0.24691464634863264,,89.1891891891892,0.3625539880184261,3.0490151614080356,222.0,shares_was_proxy,82.02999877929688,240776000.0,19750854986.083984,23597159986.083984,25466943000.0,3846305000.0,882991000.0,166218000.0,139284000.0,137861000.0,3701217000.0,32737235000.0,,716773000.0,577489000.0,605846000.0,,1615359000.0,,0.25127022029940843,,,40.86166141014631,0.024472817929808675,38.949105855421976,0.025674530339976808,12.226913637206332,0.44372365523700924,,3632058000.0,0.0,0.14261853101096586,5.0,,,89.1891891891892,0.3655662762930356,3.150502310340451,222.0,"['fcf_cagr5 gate', 'coverage<80%']",False,0.6,,,,,,,,,,,,,,,,,,,,,,,,,
MTD,1037646,Mettler Toledo,Health Care,Life Sciences Tools & Services,Pharmaceuticals Biotechnology and Life Sciences,10.061601642710473,5.9986310746064335,236815792.76579404,0.023758766685221255,0.0,0.17596113042954808,10.0,0.5917680916443541,0.009225112683172115,0.20782799755957995,0.21023795499108375,0.05833703385392214,0.21668198618955622,0.2210229885984943,0.04739977308256945,8,9,False,0.05469611164747934,0.06065448604980528,0.056578812967068126,False,0.6025641800973662,0.2034744640319313,0.2105213631278159,1.0182437826666404,0.9790522279059126,0.9715683653723254,,69.23076923076923,0.4990340939920146,1.0804174666428508,260.0,,1545.260009765625,20036559.0,30961693356.00952,33151754356.00952,2202884000.0,2190061000.0,975167000.0,111198000.0,22831000.0,82067000.0,2190061000.0,4133875000.0,,863969000.0,841138000.0,870269000.0,,905611000.0,,0.1747411529061407,,,39.41297903080056,0.025372352574985955,38.09368638433579,0.02625106926934754,34.18873374551493,0.9540177846779688,,735214000.0,266258000.0,0.45461858182273784,,,,66.53846153846153,0.47403757929507623,1.0848730513156997,260.0,['coverage<80%'],True,0.6,,,,,,,,,,,,,,,,,,,,,,,,,
DGX,1022079,Quest Diagnostics,Health Care,Health Care Services,Health Care Equipment and Services,23.797399041752225,5.9986310746064335,217103671.23691875,0.3396258389789637,-0.03582877638626669,0.3423373793385227,10.0,,,0.11417611372192123,0.11517897598550068,0.27998009672808366,0.11058850715893935,0.11128228364295424,0.32334111821480077,7,9,False,0.03178135709578789,-0.030543100079809316,-0.045135800771224366,False,0.3311418685121107,0.10908304498269897,0.10683391003460208,,0.955392870074151,0.9660489392542291,,70.76923076923077,0.37479304165588545,1.1147421491222,260.0,,237.6199951171875,110373360.0,26226917264.26758,32307917264.26758,13597000000.0,6081000000.0,1903000000.0,554000000.0,88000000.0,580000000.0,5778000000.0,11560000000.0,1630000000.0,1349000000.0,1261000000.0,1235000000.0,2210000000.0,1062000000.0,,,,19.82080813758747,25.62087015405835,0.039030680612602064,26.16025689414379,0.0382259243113113,24.69577896823689,1.2702448210922788,2.61447963800905,9112000000.0,879000000.0,0.7347944399499889,,,,78.84615384615384,0.34415473421189086,1.1038657093688644,260.0,['coverage<80%'],True,0.7,,,,,,,,,,,,,,,,,,,,,,,,,
LUV,92380,Southwest Airlines,Industrials,Passenger Airlines,Transportation,32.24640657084189,5.9986310746064335,215400235.64471483,0.2400705299669379,-0.2103240383378132,0.32332614605524945,5.0,,,,,,,,,8,9,False,0.2540541822088387,,0.06574263385622459,False,,-0.01519635553486516,,,,,-0.09658344782714115,,,,,sbc_unreported,42.279998779296875,489208201.0,20683722141.10202,20788722141.10202,7187000000.0,105000000.0,2528000000.0,2985000000.0,,,105000000.0,30073000000.0,1041000000.0,-457000000.0,-457000000.0,,,837000000.0,816604498.5941893,0.2155576382380506,0.11362244310479884,19.969954026034603,,-0.02198307317295137,,,24.711734935605758,-0.5459976105137395,,970000000.0,166000000.0,0.1580631696117991,2.0,-1.1764173433542462,0.04195076023720525,,,,,"['fcf_cagr5 gate', 'coverage<80%']",False,0.6,,,,,,,,,,,,,,,,,,,,,,,,,
IT,749251,Gartner,Information Technology,IT Consulting & Other Services,Software and Services,9.483915126625599,5.9986310746064335,208170511.22814918,-0.27519444276352556,-0.26475596659363554,-0.27787718929796523,,0.6875238355263287,0.008255360190949003,,,,0.1652320313068053,0.1495494942699265,0.12063444697322256,8,9,False,0.09648191203252598,,0.08483153810077826,False,0.700840828352383,,0.16146494243324103,1.019369499845572,,0.9772012191354744,1.3768893876670023,7.307692307692308,-1.483498335935658,0.4188967448025004,260.0,,185.72999572753906,63148976.0,11728659042.678467,13569537042.678467,1673533000.0,1840878000.0,1382615000.0,,149542000.0,189424000.0,1840878000.0,6463626000.0,1115195000.0,,,1043649000.0,1304619000.0,775120000.0,839196273.1619874,0.2474892075717813,0.5014518824319493,12.167860367629398,,,13.002012211652065,0.07691117218793457,15.131410675351516,,1.4110464434444079,2738631000.0,294434000.0,1.8123723882349496,6.0,0.3641918420778941,0.39126344838939947,,,,,"['fcf_cagr5 gate', 'coverage<80%']",False,0.5,,,,,,,,,,,,,,,,,,,,,,,,,
BIIB,875045,Biogen,Health Care,Biotechnology,Pharmaceuticals Biotechnology and Life Sciences,22.87748117727584,5.9986310746064335,207805471.46252254,0.3812233868326236,0.0,0.4303852605523093,10.0,,,0.18102490432611182,0.17794673730612906,0.40330897854311304,0.14354886883199214,0.11464420763148848,0.5759831468178508,4,9,False,-0.059551646346515,-0.11628194195307018,-0.20516542437657026,False,0.7548755207599573,0.21425121259081853,0.1505323324008292,,1.183545509323128,1.048648684072951,,50.38461538461539,0.0015734930171371025,1.001117358765393,260.0,,228.69000244140625,147637117.0,33763132647.17218,37021032647.17218,21909600000.0,3257900000.0,2590800000.0,167900000.0,293800000.0,801100000.0,3257900000.0,9937400000.0,,2422900000.0,2129100000.0,1495900000.0,,1372000000.0,,0.15471349353049907,,,17.388113591269637,0.05751055137470968,24.748333877379626,0.04040676050980612,24.608697264702755,1.7659620991253644,,6488700000.0,7318500000.0,0.6301895059699858,,,,43.84615384615385,-0.06710119196836635,0.9512640923945223,260.0,"['rev_cagr5 gate', 'fcf_cagr5 gate', 'coverage<80%']",False,0.5,,,,,,,,,,,,,,,,,,,,,,,,,
NVR,906163,"NVR, Inc.",Consumer Discretionary,Homebuilding,Consumer Durables and Apparel,7.008898015058179,5.9986310746064335,204993080.04084283,-0.2297811081369222,-0.21747622187358417,-0.2335668700515101,10.0,,,0.13260168065937378,0.1302961392689664,0.18513144297838577,0.13295898615221685,0.13011872941925645,0.19010515522886295,7,9,False,0.06495299325159976,0.03824376104954341,0.03807186415746644,False,,0.10293968266227554,0.10230554868801532,,0.7763075260464175,0.7694519313714665,,73.46153846153847,0.6483645861545633,1.1554393932227245,260.0,,6267.89013671875,2664860.0,16703049709.736328,16105905709.736328,2794052000.0,-597144000.0,1066590000.0,20169000.0,65454000.0,26212000.0,-597144000.0,9529532000.0,,1046421000.0,980967000.0,974924000.0,,1141320000.0,,,,,16.41839706099831,0.06090728566770304,16.520165376723035,0.060532081682971715,14.634852372460246,0.9168515403217328,,441000.0,1813000.0,0.0008067136903679674,,,,71.92307692307692,0.5951846762262986,1.1445489868532832,260.0,['coverage<80%'],True,0.5,,,,,,,,,,,,,,,,,,,,,,,,,
TKO,1973266,TKO Group Holdings,Communication Services,Movies & Entertainment,Media and Entertainment,1.516769336071184,5.9986310746064335,193301544.10238153,-0.04640840825650672,-0.1791161128656219,-0.06530730191275391,,,,,,,0.10652544871729985,0.08584153069222807,1.0243372819308199,3,4,False,,,0.21420901373914703,True,,,0.21378768180166105,,,2.006916510335635,,,,,,shares_was_proxy,181.5800018310547,74797769.0,13581779031.978806,17942871031.978806,7757024000.0,4361092000.0,1795136000.0,,134303000.0,527360000.0,4361092000.0,5301863000.0,997631000.0,,,1133473000.0,1524991000.0,580442539.0,876309989.7844464,0.12160910217861476,0.11296986960262677,17.9854786308553,,,15.829994214223722,0.06317121702429115,23.399006997967124,,2.859749336225591,8445011000.0,3120324000.0,1.4909500086631162,1.0,,,,,,,"['rev_cagr5 gate', 'fcf_cagr5 gate', 'coverage<80%']",False,0.3,,,,,,,,,,,,,,,,,,,,,,,,,
PHM,822416,PulteGroup,Consumer Discretionary,Homebuilding,Consumer Durables and Apparel,42.41478439425051,5.9986310746064335,183384972.1046618,-0.08991119894011745,-0.15895485431805012,-0.12690716734717244,10.0,,,0.08140523789487442,0.0840008469405665,0.40652268284506815,0.08255473952124977,0.08563962121697559,0.4068468953315719,8,9,False,0.09422398249785235,0.0025988733351183235,0.0021879655970853396,False,,0.0886438266026195,0.08884032718566062,,1.0889204293843218,1.076138422831471,,60.38461538461538,0.01290535218737133,1.052769743461701,260.0,,119.12999725341797,187452540.0,22331220575.346222,21039411575.346222,11721922000.0,-1291809000.0,1626318000.0,113875000.0,58057000.0,110651000.0,-1291809000.0,16407076000.0,,1512443000.0,1454386000.0,1457610000.0,,1906446000.0,,,,,14.466181313176985,0.06912674315018559,14.434184435717524,0.06927997937489912,11.713534280722465,0.7933311512626111,,40377000.0,49585000.0,0.007674679971424481,,,,58.536585365853654,0.21307276778878986,1.0673991587088887,246.0,['coverage<80%'],True,0.5,,,,,,,,,,,,,,,,,,,,,,,,,
INCY,879169,Incyte,Health Care,Biotechnology,Pharmaceuticals Biotechnology and Life Sciences,9.582477754962355,5.9986310746064335,177658396.0972709,0.4594128062969167,-0.02339408435086454,0.43719058017044343,5.0,0.9347004003410522,0.009181738019249925,,,,0.12753999513132375,0.17032569425305907,0.774742017879292,9,9,False,0.14029891744294387,,0.20441527705224205,True,0.9247410007797023,,0.21816109620930346,0.9893448215516802,,1.7105308494380147,2.1638383778039683,16.289592760180994,-0.07471957631243271,0.7181288086525422,221.0,gm_derived,124.81999969482422,199782155.0,24936808526.131325,21475275526.131325,2161314000.0,-3461533000.0,1516782000.0,,252490000.0,94726000.0,-3461533000.0,5361020000.0,1610808000.0,,,1169566000.0,1705534000.0,1431827000.0,1300168302.8241785,0.19284712838266357,0.6015638185030858,13.331989613989577,,,18.3617474568612,0.05446104747652065,17.41607647162075,,-2.0295889733068937,133000000.0,12298000.0,0.0672266963523116,5.0,0.2780077406306102,0.2627357227737236,92.3076923076923,1.541773614701188,1.4093759906676822,260.0,"['fcf_cagr5 gate', 'coverage<80%']",False,0.7,,,,,,,,,,,,,,,,,,,,,,,,,
IP,51434,International Paper,Materials,Paper & Plastic Packaging Products & Materials,Materials,69.57152635181383,5.9986310746064335,174848656.69756916,-0.1714027322149274,-0.28211067883497765,-0.24349339863261932,9.0,,,0.04460571860964188,0.04780549415850963,0.7120681892952062,0.0304927658745629,0.04818468212570366,1.5625390291589858,5,9,False,0.061152533817306676,,,False,0.33520637937445774,0.02032805850514399,-0.001074246994174276,,0.4557276317649082,-0.035229568829320726,,,,,,sbc_unreported,34.0,529569895.0,18005376430.0,27885376430.0,24335000000.0,9880000000.0,2647000000.0,2155000000.0,,2673000000.0,9880000000.0,24203000000.0,,492000000.0,492000000.0,-26000000.0,,-3438000000.0,,,,,56.6775943699187,0.017643656388683007,,-0.0009323883457434108,,,,5290000000.0,4022000000.0,0.3826587220053421,,,,96.63461538461539,3.0263369535547864,3.274406358651841,208.0,"['fcf_cagr5 gate', 'coverage<80%']",False,0.4,,,,,,,,,,,,,,,,,,,,,,,,,
DD,1666700,DuPont,Industrials,Industrial Conglomerates,Capital Goods,7.323750855578371,5.9986310746064335,170928746.65335554,0.33815327511055937,-0.12313491725822179,0.33195011121301365,7.0,,,0.05087839341330548,0.05121890417654004,0.46632508154244795,0.01712376314178441,0.011013543682095549,1.5796976166547658,5,9,False,-0.09250966195399901,-0.3992474461837586,,False,0.23422897196261683,0.07272196261682243,0.008177570093457943,,1.4293289889496494,0.47755683290803713,,,,,,share_jump_gt20pct,130.97999572753906,135042975.0,17687928288.534164,25452928288.534164,21534000000.0,7765000000.0,429000000.0,146000000.0,34000000.0,367000000.0,7653000000.0,3424000000.0,,283000000.0,249000000.0,28000000.0,,922000000.0,,0.2328859368543487,,,102.22059553628179,0.009782764371051467,909.0331531619345,0.001100069889114221,19.184304000579353,0.306941431670282,,7840000000.0,2789000000.0,0.4935915296740039,,,,,,,,"['rev_cagr5 gate', 'fcf_cagr5 gate', 'coverage<80%']",False,0.4,,,,,,,,,,,,,,,,,,,,,,,,,
MOS,1285785,Mosaic Company (The),Materials,Fertilizers & Agricultural Chemicals,Materials,15.008898015058179,5.9986310746064335,169279724.81689984,-0.2303943661036214,-0.2399602851603152,-0.3319661978128656,8.0,0.20301327034398797,0.3192291999922398,0.046976507475192344,0.07031414375192192,1.3303719704163997,0.07360938677830545,0.10321186323113879,0.9764229539535237,3,7,False,0.06780943144483076,,,False,0.10983107308191609,-0.07986675266780428,-0.06050016737563174,0.5410044027950345,-1.7001424107567134,-0.8219083193539479,-0.08997533136229668,,,,,capex_gt_2x_cfo,22.25,317895646.0,7073178123.5,11183678123.5,15574400000.0,4110500000.0,444000000.0,1391100000.0,31100000.0,1153900000.0,3939500000.0,12247900000.0,-169800000.0,-947100000.0,-978200000.0,-741000000.0,984100000.0,-638200000.0,-138440566.14513743,0.1846845338920058,-0.0088889823136132,,,-0.08746675192167158,,-0.0662572716969522,,,4.003150086373336,969200000.0,,0.06223032668995274,2.0,0.09879354906536131,0.07099601202522265,,,,,"['mktcap<10B', 'fcf_cagr5 gate', 'coverage<80%']",False,0.7,,,,,,,,,,,,,,,,,,,,,,,,,
BG,1996862,Bunge Global,Consumer Staples,Agricultural Products & Services,Materials,3.542778918548939,5.9986310746064335,166522978.80246723,0.44998215893393834,-0.1469049182355,0.3321123067384808,2.0,0.21317491272892122,0.15196740951310792,-0.07622263969438871,-0.051876770538243626,,-0.04388064497814168,0.008321529745042492,,2,4,False,,,,False,0.08045692698612579,-0.02610690112657687,-0.005239369476737649,0.3774221176224283,0.3425084887016683,0.11940046640945097,,,,,,sbc_unreported;capex_gt_2x_cfo,109.05999755859375,194018115.0,21159615148.22296,37310615148.22296,32196000000.0,16151000000.0,588000000.0,1749000000.0,,821000000.0,14770000000.0,44471000000.0,,-1161000000.0,-1161000000.0,-233000000.0,,683000000.0,,0.21295279912184412,,,,-0.031117149781308185,,-0.006244871575404657,30.98040285244943,-1.6998535871156661,,3291000000.0,309000000.0,0.11181513231457324,,,,,,,,"['rev_cagr5 gate', 'fcf_cagr5 gate', 'coverage<80%']",False,0.5,,,,,,,,,,,,,,,,,,,,,,,,,
GPC,40987,Genuine Parts Company,Consumer Discretionary,Distributors,Consumer Discretionary Distribution and Retail,52.74469541409993,5.9986310746064335,160603141.27755737,0.024049030989746534,-0.11298930617532565,-0.0497435863196396,10.0,0.3583495154085159,0.018679526597185737,0.03614163379410677,0.037491820268065676,0.3011738047422127,0.03800459648796302,0.044513982090555425,0.33685896426104445,7,9,False,0.08001090137708289,-0.25716812742553985,-0.29289208751905005,False,0.36903587645879565,0.028119096642575336,0.022578670682269274,1.0298210562335974,0.7780250556121903,0.5941036813644499,,72.3076923076923,0.5088125196759614,1.7829972647224195,260.0,,128.1300048828125,137859758.0,17663971465.68335,24169951465.68335,11031992000.0,6505980000.0,1185761000.0,426407000.0,54365000.0,565314000.0,6488203000.0,25071538000.0,,759354000.0,704989000.0,566082000.0,,32766000.0,,0.23892757032299447,,,34.28415403032295,0.0291679940276648,42.696908691114274,0.02342089932632785,539.0945329208128,23.175059512909723,,3190572000.0,1774401000.0,0.4500522661727819,3.0,,,69.23076923076923,0.12341936430046732,1.2764337091259361,260.0,"['fcf_cagr5 gate', 'coverage<80%']",False,0.7,,,,,,,,,,,,,,,,,,,,,,,,,
SWK,93556,Stanley Black & Decker,Industrials,Industrial Machinery & Supplies & Components,Capital Goods,43.997262149212865,5.9986310746064335,151568917.92883465,0.3346709860633099,-0.13849062767485076,0.2269514694539696,9.0,,,0.0018043026642233049,0.03924549251837361,11.934886794410382,0.0023820807191881122,0.03380611219795908,384.27309271352783,4,9,False,0.03482769922221651,-0.16294504580710234,-0.1974675263873752,False,0.3190054893524925,0.07914636305803498,0.07220105327360848,,43.865347331903976,30.310078366369073,,,,,,,88.7300033569336,151016641.0,13399707062.882835,17698307062.882835,13257400000.0,4298600000.0,1551200000.0,262100000.0,82300000.0,368000000.0,4298600000.0,15247700000.0,,1289100000.0,1206800000.0,1100900000.0,,620500000.0,,0.2677602076941232,,,14.66548480517305,0.06818731281541157,16.0762167888844,0.062203689657347204,21.595015411575883,2.0775181305398873,,7265600000.0,3892900000.0,0.841680872569282,,,,,,,,"['fcf_cagr5 gate', 'coverage<80%']",False,0.4,,,,,,,,,,,,,,,,,,,,,,,,,
BAX,10456,Baxter International,Health Care,Health Care Equipment,Health Care Equipment and Services,53.9958932238193,5.9986310746064335,149329752.09968567,0.08465142780619495,-0.14703948398192512,-0.013609683849550303,10.0,0.36343314547245137,0.09694963268626282,0.0718231383165144,0.06900666202644924,0.4866144550210326,0.025761997483542638,-9.943323058566172e-05,1.8277128358061923,8,9,False,-0.007460794983869423,-0.2212269221838118,,False,0.3007846556233653,,0.02188317349607672,0.8276203185385168,,0.8494362096749757,1.3976066884028984,,,,,,23.489999771118164,516995999.0,12144235898.179007,18485235898.17901,12547000000.0,6341000000.0,1319000000.0,,115000000.0,953000000.0,6368000000.0,11470000000.0,-274000000.0,,,251000000.0,679000000.0,-1063000000.0,-213048547.5478144,0.2224505563948379,-0.016980038857720123,,,,73.64635816007574,0.013578403942614881,,,9.378497790868925,4886000000.0,867000000.0,0.4585159799155177,5.0,-0.012149368630400517,0.0006674411959370003,3.4615384615384617,-0.6514424971987492,0.4899974268111916,260.0,"['rev_cagr5 gate', 'fcf_cagr5 gate', 'coverage<80%']",False,0.7,,,,,,,,,,,,,,,,,,,,,,,,,
AVY,8818,Avery Dennison,Materials,Paper & Plastic Packaging Products & Materials,Materials,38.7460643394935,5.9986310746064335,144923966.88260686,0.0955776038576539,-0.11202963216373052,0.07573881117742531,10.0,0.27797900710324475,0.0321230436754061,0.0763621137475974,0.07729659533623172,0.10964090507660251,0.06959374420153117,0.06828694450472264,0.15263666862383626,6,9,False,0.049004548094291556,0.05314467995366812,0.0012611826382393776,False,0.28977844097706557,0.11220683167353294,0.09358679080027249,1.0424472120998631,1.4694044751617859,1.3447586686708752,,1.5384615384615385,-1.805987320772219,0.6513111438754253,260.0,,171.88999938964844,75788142.0,13027223682.12259,14491523682.12259,3787100000.0,1464300000.0,1233600000.0,170500000.0,25400000.0,342700000.0,1464300000.0,9248100000.0,,1063100000.0,1037700000.0,865500000.0,,704900000.0,,0.27006316661489077,,,13.965041613301135,0.07160737702689983,16.74352822891114,0.059724568581268005,18.4809528757591,1.5081571854163711,,2262000000.0,827500000.0,0.8157957276015949,,,,1.5384615384615385,-2.1968275987664727,0.5604378836752762,260.0,['coverage<80%'],True,0.6,,,,,,,,,,,,,,,,,,,,,,,,,
PSKY,2041610,Paramount Skydance Corporation,Communication Services,Movies & Entertainment,Media and Entertainment,31.99726214921287,5.9986310746064335,133314760.90178998,-0.42322898610486803,-0.38407762270495316,-0.4515096641279591,2.0,,,,,,,,,0,1,False,,,,False,,0.013419277017603377,,,,,,,,,,share_jump_gt20pct,10.279999732971191,1071666977.0,11016736237.394043,11758736237.394043,12513000000.0,742000000.0,989000000.0,312000000.0,321000000.0,,-297000000.0,26529000000.0,996000000.0,677000000.0,356000000.0,,,-377000000.0,,,,11.805960077704862,33.03015797020799,0.03027536231894392,,,,,,2034000000.0,6238000000.0,0.6610724846159993,,,,,,,,"['rev_cagr5 gate', 'fcf_cagr5 gate', 'coverage<80%']",False,0.3,,,,,,,,,,,,,,,,,,,,,,,,,
TXT,217346,Textron,Industrials,Aerospace & Defense,Capital Goods,47.74537987679671,5.9986310746064335,131440566.89596955,-0.08897658828293964,-0.23168623468530558,-0.1083383436526274,10.0,,,0.07204960716595323,0.06314404735803551,0.2112925253055583,0.07073536907841277,0.06365563107505665,0.20954077954962128,6,9,True,0.04899600344582322,-0.06629748290325388,-0.06797902841660897,True,,0.049611085691875285,0.05470945813451859,,0.6885684411520125,0.7734385053377065,,38.46153846153847,-0.31511208944463537,0.9039100449723576,260.0,sbc_unreported;gm_derived,77.37000274658203,171986917.0,13306628240.666176,12195628240.666176,6943000000.0,-1111000000.0,1236000000.0,477000000.0,,399000000.0,-1111000000.0,15299000000.0,,759000000.0,759000000.0,837000000.0,,937000000.0,,0.1946826758147513,,,16.068021397452142,0.06223541625097456,14.570643059338323,0.0686311507273593,14.201310822482577,0.8100320170757738,,,276000000.0,0.03975226847184214,,,,46.15384615384615,-0.10474896666157248,0.9701665505508208,260.0,"['fcf_cagr5 gate', 'coverage<80%']",False,0.5,,,,,,,,,,,,,,,,,,,,,,,,,
TPL,1811074,Texas Pacific Land Corporation,Energy,Oil & Gas Exploration & Production,Energy,1.839835728952772,5.9986310746064335,124013897.58889678,0.1565249731655114,-0.36134142003144276,0.0790764806784865,5.0,,,,,,0.6074335466458701,0.6225318439822988,0.1977276434071605,5,7,True,0.21410935617420757,0.3049035690618971,0.1943857672565239,False,,,0.5781084095322665,,,0.9517228884121871,0.3720849235368813,83.51063829787235,1.5689587525194644,3.3082542020914114,188.0,,338.1499938964844,68974683.0,23323788635.461945,23090689635.461945,1439299000.0,-233099000.0,603151000.0,,16700000.0,67575000.0,-233099000.0,897541000.0,672482000.0,,,518876000.0,740057000.0,541416000.0,532138733.8199314,0.2086944575171805,0.369720769499549,34.336517015268726,,,44.5013637853012,0.022471221439966296,43.0792378419957,,-0.31497438710802006,,31675000.0,0.022007241024971185,6.0,0.9936461977151355,1.1934642407692715,83.51063829787235,1.5341518309924762,3.118235559754061,188.0,['coverage<80%'],True,0.6,,,,,,,,,,,,,,,,,,,,,,,,,
SNA,91440,Snap-on,Industrials,Industrial Machinery & Supplies & Components,Capital Goods,43.997262149212865,5.9986310746064335,116874660.70967455,0.13227990107144927,-0.10772011925510983,0.09151188668236676,,,,,,,0.18813009878816753,0.2026415815513983,0.21796898961695357,5,9,False,0.03619988745258418,,0.013503079081576885,False,,,0.2203607446830541,,,1.1713210491170685,1.02129046266041,60.76923076923077,0.2961789010949473,1.0566823572969766,260.0,,369.2099914550781,51727124.0,19098171010.035767,18500771010.035767,5443900000.0,-597400000.0,1186200000.0,,32100000.0,90000000.0,-622400000.0,4828900000.0,1342200000.0,,,1064100000.0,1432200000.0,1033700000.0,1049585328.0141845,0.2180112293144208,0.1928002586407143,13.783915221305145,,,17.38630862704235,0.05751652184780719,18.475545138856308,,-0.43457617651166036,1231500000.0,130300000.0,0.2501515457668216,4.0,0.18878102331287747,0.18802101810379235,,,,,"['fcf_cagr5 gate', 'coverage<80%']",False,0.4,,,,,,,,,,,,,,,,,,,,,,,,,
BALL,9389,Ball Corporation,Materials,"Metal, Glass & Plastic Containers",Materials,41.91101984941821,5.9986310746064335,107483693.90299992,0.26459055552322597,-0.14260133982003442,0.15280137064963606,7.0,,,-0.00041794169935035347,0.0024618058069654624,,0.033142048985262164,0.048628523668414254,1.6322177108797833,5,9,False,0.022401190765954704,,-0.03479997812017066,False,,0.057727209269859,0.05479547675554935,,-138.12263614659625,1.6533521141048395,,25.139664804469277,-0.21687533845896403,0.6974160233048653,179.0,sbc_unreported,57.130001068115234,264703357.0,15122503068.143688,23391503068.14369,14015000000.0,8269000000.0,1426000000.0,599000000.0,,641000000.0,8249000000.0,14326000000.0,,827000000.0,827000000.0,785000000.0,,,,,,,28.284767917948837,0.035354718232120406,29.79809308043782,0.033559194452496395,,,,4397000000.0,29000000.0,0.3158044951837317,,,,,,,,"['fcf_cagr5 gate', 'coverage<80%']",False,0.3,,,,,,,,,,,,,,,,,,,,,,,,,
NWSA,1564708,News Corp (Class A),Communication Services,Publishing,Media and Entertainment,13.160848733744011,5.9986310746064335,104569306.78330353,0.07529942239415632,-0.05721939191044689,0.033119481234801684,10.0,,,0.07054194206303736,0.0675579744439186,0.21078207856885378,0.06282561523338678,0.06140558447704685,0.244748477351698,6,9,False,-0.007154431028680852,-0.008648909226673163,0.061872879820496385,False,,0.08983163491360213,,,1.273449982895668,,,,,,,shares_was_proxy;sbc_unreported,29.100000381469727,556500000.0,16194150212.287903,17740150212.287903,10072000000.0,1546000000.0,1237000000.0,426000000.0,,,836000000.0,9028000000.0,,811000000.0,811000000.0,,,573000000.0,,0.28967495219885275,,,21.874414565089893,0.04571550918651479,,,28.26204225530175,1.4153577661431065,,4542000000.0,1837000000.0,0.6333399523431295,,,,28.076923076923077,-0.6909133756496364,0.865700557896496,260.0,"['rev_cagr5 gate', 'coverage<80%']",False,0.5,,,,,,,,,,,,,,,,,,,,,,,,,
