ticker,cik,name,sector,sub_industry,ig_name,index_tenure_y,trading_history_y,adv_usd,mom_12_1,dd_52w,ret_12m,fcf_pos_years,gm,gm_stability,fcf_margin,fcf_margin_median_5y,fcf_cov,fcf_owner_margin,fcf_owner_margin_median_5y,fcf_owner_cov,rev_pos_years,rev_yoy_n,fcf_cagr5_base_fallback,rev_cagr5,fcf_cagr5,fcf_owner_cagr5,fcf_owner_cagr5_base_fallback,gm_ttm,fcf_margin_ttm,fcf_owner_margin_ttm,brake_gm,brake_fcf_margin,brake_fcf_owner_margin,brake_roic,ev_fcf_owner_self_pct,ev_fcf_owner_self_z,ev_fcf_owner_self_ratio,ev_fcf_owner_self_n,dq_flags,price,shares_cover,mktcap,ev,ic,stack,cfo_ttm,capex_ttm,sbc_ttm,dna_ttm,net_debt,revenue_ttm,ebit_ttm,fcf_ttm,fcf_adj_ttm,fcf_owner_ttm,ebitda_ttm,ni_ttm,nopat_ttm,t_eff,roic_ttm,ev_ebit,ev_fcf,fcf_yield,ev_fcf_owner,fcf_owner_yield,pe_ttm,fcf_ni,nd_ebitda,goodwill,intangibles,goodwill_share_ic,roic_years,roic,roic_median_5y,ev_fcf_self_pct,ev_fcf_self_z,ev_fcf_self_ratio,ev_fcf_self_n,gate_fail_reasons,gates_pass,input_coverage,peer_level,peer_set,pct_roic,pct_fcf_margin,pct_gm,pct_roic_years,pct_fcf_pos_years,pct_fcf_ni,pct_nd_ebitda,pct_ev_ebit,pct_mom_sector,quality_weight_used,quality_score,quality_component_values,cheapness_score,quality_floor_pass,residual,residual_fitted,residual_pct,composite,eps_rev_proxy,flag_derated_quality,evidence_derated,flag_beaten_but_delivering,evidence_beaten
NVDA,1045810,Nvidia,Information Technology,Semiconductors,Semiconductors and Semiconductor Equipment,24.8186173853525,5.9986310746064335,25574649745.883965,0.22244492229107604,-0.02400026684351897,0.2633596078403433,5.0,0.6812645648281168,0.09567708242734539,0.30037149871533764,0.38527953776960705,0.8916069834336632,0.304667380432823,0.37807360231115195,0.9581204512587501,8,9,False,0.6689858183148778,,,False,0.7467439020365053,0.3953031653299007,0.4074066739281117,1.0961144034034838,1.316047517892268,1.3372178975948559,0.9734364233761907,58.46153846153847,0.1787435844535796,1.0941874040027726,260.0,,224.5800018310547,24100000000.0,5412378044128.418,5379673044128.418,196279000000.0,-32705000000.0,134360000000.0,7354000000.0,7241000000.0,3687000000.0,-32705000000.0,302970000000.0,197579000000.0,127006000000.0,119765000000.0,123432000000.0,201266000000.0,192880000000.0,165876816790.93597,0.16045320205621064,0.8451073053711093,27.22795967247743,44.918574242294646,0.022262505363725798,43.58410334539194,0.022944145301677474,28.06085671986944,0.6584715885524679,-0.16249639780191388,21125000000.0,2998000000.0,0.12290158396975734,7.0,0.8681689785553793,1.0155847417253008,,,,,['fcf_cagr5 gate'],False,0.9,ig,Semiconductors and Semiconductor Equipment,100.0,87.5,100.0,66.66666666666666,12.5,20.0,64.28571428571428,75.0,55.932203389830505,1.0,59.8767362017099,"{'profitability': 100.0, 'growth': 100.0, 'balance': 100.0, 'stability': 59.9}",,False,-0.21617584741693863,55.75835345381966,,,,False,"{""floor"": false, ""depressed_arms"": {""self_pct"": false, ""self_z"": false, ""median_ratio"": false}, ""yield_arm"": false, ""residual_arm"": false, ""brakes"": {""gm"": true, ""fcf_margin"": true, ""roic"": true}, ""self_pct"": null, ""self_z"": null, ""median_ratio"": null, ""fcf_yield"": 0.022262505363725798, ""yield_threshold"": 0.0495, ""gs10"": 0.0495, ""residual_pct"": null, ""brake_values"": {""gm"": 1.0961144034034838, ""fcf_margin"": 1.316047517892268, ""roic"": 0.9734364233761907}}",False,"{""floor"": false, ""mom_sector_pct"": 55.932203389830505, ""eps_rev_proxy"": null}"
AAPL,320193,Apple Inc.,Information Technology,"Technology Hardware, Storage & Peripherals",Technology Hardware and Equipment,43.81930184804928,5.9986310746064335,14667084388.093868,0.2560909005342258,-0.0006247328474925373,0.31981875527946,10.0,0.4446632673722596,0.04224771564223663,0.2357035364187658,0.23248509500651965,0.06674528697417795,0.23456852980922305,0.23194110716560465,0.06912796148743436,7,9,False,0.08677354924090741,0.061266824126846364,0.06720592945686343,False,0.4865291555900202,0.2634338925031543,0.2568810876927658,1.094151892656138,1.1176493000729568,1.0951217023941353,1.0844822458532013,88.46153846153845,1.11332695530314,1.2087172873111627,260.0,,335.9200134277344,14594180000.0,4902477141566.772,4936145141566.772,141188000000.0,33668000000.0,146724000000.0,10041000000.0,13706000000.0,13100000000.0,33668000000.0,466823000000.0,154859000000.0,136683000000.0,122977000000.0,119918000000.0,167959000000.0,128930000000.0,128064159621.82341,0.17302733698510642,0.907047055145079,31.875093740543154,40.138766936636706,0.02491357050351362,41.16267067134852,0.024293856149038815,38.024332130355795,1.0601334057240364,0.2004536821486196,5889000000.0,2149000000.0,0.05693118395331048,10.0,0.8363871871701066,0.8223395142877403,86.92307692307692,0.9909166285329633,1.1867473987466663,260.0,[],True,1.0,ig,Technology Hardware and Equipment,95.23809523809523,94.73684210526315,60.0,85.71428571428571,64.28571428571429,42.857142857142854,65.0,33.33333333333334,57.6271186440678,1.0,69.20859678610759,"{'profitability': 96.5, 'growth': 61.7, 'balance': 93.3, 'stability': 81.3}",22.750666895734938,True,0.09082682833879607,36.65375194835903,47.2972972972973,45.979631840921265,1.0,False,"{""floor"": true, ""depressed_arms"": {""self_pct"": false, ""self_z"": false, ""median_ratio"": false}, ""yield_arm"": false, ""residual_arm"": false, ""brakes"": {""gm"": true, ""fcf_margin"": true, ""roic"": true}, ""self_pct"": 86.92307692307692, ""self_z"": 0.9909166285329633, ""median_ratio"": 1.1867473987466663, ""fcf_yield"": 0.02491357050351362, ""yield_threshold"": 0.0495, ""gs10"": 0.0495, ""residual_pct"": 47.2972972972973, ""brake_values"": {""gm"": 1.094151892656138, ""fcf_margin"": 1.1176493000729568, ""roic"": 1.0844822458532013}}",False,"{""floor"": true, ""mom_sector_pct"": 57.6271186440678, ""eps_rev_proxy"": 1.0}"
TSLA,1318605,"Tesla, Inc.",Consumer Discretionary,Automobile Manufacturers,Consumer Durables and Apparel,5.760438056125941,5.9986310746064335,13213919715.99173,-0.2081062560550957,-0.21458854352896084,-0.14182559564194563,7.0,0.21003124827237202,0.17260253220457197,0.04115824860039773,0.03580203950351693,0.26305793138250977,0.10326066690731647,0.09012181390111577,0.15969004107452936,8,9,False,0.24630713363610557,,-0.018107452001611013,True,0.18851754987019756,0.018954052828149277,0.0911705382217547,0.8975690589893789,0.4605165057476745,0.8829164187326671,0.27268896330441955,84.61538461538461,1.24360579491024,1.7067358040891534,260.0,,377.94000244140625,3949547394.0,1492691951730.8096,1458731551730.8096,52897600000.0,-33960400000.0,18685000000.0,12923000000.0,3798000000.0,5440000000.0,-34567400000.0,103619000000.0,4372000000.0,5762000000.0,1964000000.0,9447000000.0,9812000000.0,3804000000.0,3238146060.9545717,0.2593444508338125,0.06121536820110122,333.6531454096088,742.7350059729173,0.0013463752104831631,154.4121468964549,0.006476174446758881,392.40061822576484,1.5147213459516298,-3.5229718711781493,257000000.0,228000000.0,0.00916865793533166,5.0,0.2244878834086245,0.18126594999483106,97.00854700854701,2.6979367645573626,3.55715526836296,234.0,['fcf_cagr5 gate'],False,1.0,ig,Consumer Durables and Apparel,75.0,20.0,25.0,38.88888888888889,10.0,66.66666666666666,90.0,0.0,21.21212121212121,1.0,43.30939810484206,"{'profitability': 19.1, 'growth': 100.0, 'balance': 100.0, 'stability': 64.0}",2.1060402227194155,False,1.8265586051575888,28.705933092012803,,22.707719163780737,,False,"{""floor"": false, ""depressed_arms"": {""self_pct"": false, ""self_z"": false, ""median_ratio"": false}, ""yield_arm"": false, ""residual_arm"": false, ""brakes"": {""gm"": false, ""fcf_margin"": false, ""roic"": false}, ""self_pct"": 97.00854700854701, ""self_z"": 2.6979367645573626, ""median_ratio"": 3.55715526836296, ""fcf_yield"": 0.0013463752104831631, ""yield_threshold"": 0.0495, ""gs10"": 0.0495, ""residual_pct"": null, ""brake_values"": {""gm"": 0.8975690589893789, ""fcf_margin"": 0.4605165057476745, ""roic"": 0.27268896330441955}}",False,"{""floor"": false, ""mom_sector_pct"": 21.21212121212121, ""eps_rev_proxy"": null}"
MSFT,789019,Microsoft,Information Technology,Systems Software,Software and Services,32.31759069130732,5.9986310746064335,12943470560.434317,0.012308309441383836,-0.04122005650842964,-0.01844363455056841,10.0,0.687708079904994,0.008802118348736152,0.23212217229294924,0.2353018899086898,0.07566316835758023,0.3475709904518274,0.3414263605514617,0.2717266509976591,9,9,False,0.1457190738095313,0.03604273274160441,0.1710571643865748,False,0.6794409337058032,0.16448337898800322,0.396366912870398,0.9879786984612235,0.7086069260993187,1.1403912402330758,0.7249715515875705,20.384615384615383,-1.3490436042100864,0.8176242480407152,260.0,,497.92999267578125,7425545491.0,3697401811947.3105,3677384811947.3105,422370000000.0,-20017000000.0,182935000000.0,115948000000.0,12405000000.0,39000000000.0,-20017000000.0,331839000000.0,155237000000.0,66987000000.0,54582000000.0,131530000000.0,194237000000.0,133749000000.0,125126818572.44446,0.19396265985271252,0.29624930409935474,23.688842298854723,67.37358125292789,0.014842613104473237,27.958525142152443,0.03576726579515893,27.644332383399583,0.5008411277841329,-0.10305451587493629,119651000000.0,18609000000.0,0.32734332457324145,7.0,0.40863576432843,0.353169746630197,98.84615384615385,2.022921195830855,1.403225848129282,260.0,[],True,1.0,ig,Software and Services,84.21052631578947,77.27272727272727,27.77777777777778,80.0,63.63636363636363,4.761904761904762,44.99999999999999,54.54545454545455,33.89830508474576,1.0,78.80908297051678,"{'profitability': 82.9, 'growth': 65.0, 'balance': 100.0, 'stability': 95.3}",21.412164975829395,True,0.6797064114764644,34.14262351037863,79.72972972972973,50.11062397317309,9.0,False,"{""floor"": true, ""depressed_arms"": {""self_pct"": false, ""self_z"": false, ""median_ratio"": false}, ""yield_arm"": false, ""residual_arm"": false, ""brakes"": {""gm"": true, ""fcf_margin"": false, ""roic"": false}, ""self_pct"": 98.84615384615385, ""self_z"": 2.022921195830855, ""median_ratio"": 1.403225848129282, ""fcf_yield"": 0.014842613104473237, ""yield_threshold"": 0.0495, ""gs10"": 0.0495, ""residual_pct"": 79.72972972972973, ""brake_values"": {""gm"": 0.9879786984612235, ""fcf_margin"": 0.7086069260993187, ""roic"": 0.7249715515875705}}",False,"{""floor"": true, ""mom_sector_pct"": 33.89830508474576, ""eps_rev_proxy"": 9.0}"
AMD,2488,Advanced Micro Devices,Information Technology,Semiconductors,Semiconductors and Semiconductor Equipment,9.516769336071183,5.9986310746064335,12080114577.111416,1.9197288785249826,0.0,2.94619329782646,8.0,0.4763207320578323,0.03812796112130483,0.08666218676539891,0.08618278886487861,0.5618169170892288,0.03518273970825582,0.08664887081055887,3.0874254692211225,8,9,True,0.2882389065515516,0.2021430186788593,0.033671549650546195,True,0.5320421256506476,0.157559617479724,0.13083161844812977,1.11698292734831,1.8180895654785378,3.7186307698894017,0.5737176178274888,78.97435897435898,0.027734000690893688,2.403379864606139,195.0,,629.260009765625,1632475042.0,1027251260871.0591,1019449260871.0591,59422000000.0,-7802000000.0,10080000000.0,1677000000.0,1895000000.0,2781000000.0,-7802000000.0,41305000000.0,6488000000.0,8403000000.0,6508000000.0,5404000000.0,9269000000.0,6434000000.0,5371098507.438584,0.17214881204707402,0.09038905636697829,157.12843108370208,156.64555329917934,0.006383839048977581,188.64716152314196,0.005300901386090174,159.6598167346999,1.3060304631644388,-0.8417304995145107,25470000000.0,15635000000.0,0.6917471643499041,3.0,0.15754973101446118,0.028160566330584183,78.84615384615384,0.14210527127104547,1.6350449021972362,208.0,[],True,1.0,ig,Semiconductors and Semiconductor Equipment,35.714285714285715,12.5,43.75,20.0,25.0,80.0,85.71428571428572,0.0,94.91525423728814,1.0,45.752268178498305,"{'profitability': 24.3, 'growth': 100.0, 'balance': 100.0, 'stability': 65.6}",10.170470863629447,False,1.0684388646524612,53.81470549337739,,27.961369521063876,,False,"{""floor"": false, ""depressed_arms"": {""self_pct"": false, ""self_z"": false, ""median_ratio"": false}, ""yield_arm"": false, ""residual_arm"": false, ""brakes"": {""gm"": true, ""fcf_margin"": true, ""roic"": false}, ""self_pct"": 78.84615384615384, ""self_z"": 0.14210527127104547, ""median_ratio"": 1.6350449021972362, ""fcf_yield"": 0.006383839048977581, ""yield_threshold"": 0.0495, ""gs10"": 0.0495, ""residual_pct"": null, ""brake_values"": {""gm"": 1.11698292734831, ""fcf_margin"": 1.8180895654785378, ""roic"": 0.5737176178274888}}",False,"{""floor"": false, ""mom_sector_pct"": 94.91525423728814, ""eps_rev_proxy"": null}"
META,1326801,Meta Platforms,Communication Services,Interactive Media & Services,Media and Entertainment,12.75564681724846,5.9986310746064335,11779921697.530315,-0.22080892394481244,0.0,0.04904563047757393,10.0,0.8071268312398934,0.015834172340424366,0.1786484268578379,0.2226875806140754,0.28802439886762765,0.33623101990695897,0.34386792052845355,0.3212957934039315,8,9,False,0.18511415178759827,0.14349336092767184,0.24804841242061948,False,0.817474052232888,0.0693985024994852,0.3611701358615885,1.0128198203708574,0.3884641119997663,1.0741725613583502,0.7434791527554472,64.23076923076924,0.22911618091280772,1.0623764039872856,260.0,shares_was_proxy;gm_derived,777.5900268554688,2543000000.0,1977411438293.457,2000653438293.457,284463000000.0,23242000000.0,130301000000.0,89325000000.0,25136000000.0,22729000000.0,23242000000.0,228247000000.0,86926000000.0,40976000000.0,15840000000.0,82436000000.0,109655000000.0,68098000000.0,67632726429.32224,0.22195055070609204,0.23775579400246163,23.0155930135225,126.30387868014249,0.007917413229505359,24.269171700391297,0.041204537688605034,29.037731479536212,0.6017210490763312,0.21195567917559618,23406000000.0,3692000000.0,0.09526019201091179,10.0,0.31978811123526785,0.3066290976575339,96.15384615384616,2.926490148865069,3.048374062274345,260.0,[],True,1.0,ig,Media and Entertainment,75.0,77.77777777777779,100.0,93.75,72.22222222222221,25.0,55.55555555555556,33.33333333333334,36.36363636363637,1.0,65.46084014447328,"{'profitability': 63.9, 'growth': 100.0, 'balance': 92.9, 'stability': 78.5}",14.24756439438352,True,1.3382861861226671,33.128851618379855,95.94594594594594,39.8542022694284,,False,"{""floor"": true, ""depressed_arms"": {""self_pct"": false, ""self_z"": false, ""median_ratio"": false}, ""yield_arm"": false, ""residual_arm"": false, ""brakes"": {""gm"": true, ""fcf_margin"": false, ""roic"": false}, ""self_pct"": 96.15384615384616, ""self_z"": 2.926490148865069, ""median_ratio"": 3.048374062274345, ""fcf_yield"": 0.007917413229505359, ""yield_threshold"": 0.0495, ""gs10"": 0.0495, ""residual_pct"": 95.94594594594594, ""brake_values"": {""gm"": 1.0128198203708574, ""fcf_margin"": 0.3884641119997663, ""roic"": 0.7434791527554472}}",False,"{""floor"": true, ""mom_sector_pct"": 36.36363636363637, ""eps_rev_proxy"": null}"
GOOGL,1652044,Alphabet Inc. (Class A),Communication Services,Interactive Media & Services,Media and Entertainment,20.479123887748116,5.9986310746064335,9043103882.520061,0.40856718150755156,-0.14474882220922647,0.3922704057967148,10.0,0.573594087762007,0.025384626097333184,0.1519742783299251,0.14371579289765093,0.0703608442286252,0.24525129852446045,0.24913861572833398,0.27272951812309715,9,9,False,0.1715483907713573,0.1132802934679571,0.15773364508798515,True,0.6089654739316297,0.05635325411670771,0.2954833963567529,1.0616662321392316,0.3708078415372955,1.2048188863199127,0.5986386231562422,,,,,gm_derived,342.3599853515625,12230000000.0,4187062620849.6094,4065379620849.6094,518797000000.0,-121683000000.0,185675000000.0,132402000000.0,28147000000.0,25782000000.0,-121683000000.0,445866000000.0,147628000000.0,53273000000.0,25126000000.0,131746000000.0,173410000000.0,244205000000.0,120465185969.81311,0.183995001152809,0.23220100727223386,27.537998352952076,161.7997142740432,0.006180480629936597,30.857708172161654,0.032406813701807965,17.145687520114695,0.21814868655432934,-0.701706937316187,57828000000.0,9105000000.0,0.12901578073890174,8.0,0.3878817675478155,0.3755948568568398,97.6923076923077,3.482199645548994,4.4304222695651365,260.0,[],True,1.0,ig,Media and Entertainment,100.0,66.66666666666666,50.0,75.0,72.22222222222221,12.5,88.88888888888889,22.222222222222214,100.0,1.0,78.60092257046284,"{'profitability': 61.3, 'growth': 97.2, 'balance': 100.0, 'stability': 93.9}",9.967619366285943,True,1.5819414210983909,33.26207362072442,98.64864864864865,44.28427096837439,1.0,False,"{""floor"": true, ""depressed_arms"": {""self_pct"": false, ""self_z"": false, ""median_ratio"": false}, ""yield_arm"": false, ""residual_arm"": false, ""brakes"": {""gm"": true, ""fcf_margin"": false, ""roic"": false}, ""self_pct"": 97.6923076923077, ""self_z"": 3.482199645548994, ""median_ratio"": 4.4304222695651365, ""fcf_yield"": 0.006180480629936597, ""yield_threshold"": 0.0495, ""gs10"": 0.0495, ""residual_pct"": 98.64864864864865, ""brake_values"": {""gm"": 1.0616662321392316, ""fcf_margin"": 0.3708078415372955, ""roic"": 0.5986386231562422}}",False,"{""floor"": true, ""mom_sector_pct"": 100.0, ""eps_rev_proxy"": 1.0}"
AVGO,1730168,Broadcom,Information Technology,Semiconductors,Semiconductors and Semiconductor Equipment,12.383299110198495,5.9986310746064335,8155685357.986826,0.1085905445054327,-0.21312197662271115,0.05510728588200964,10.0,0.6552755817864064,0.04380219303284204,0.37358333341981426,0.4232058287795993,0.2433527600609242,0.2926460483585944,0.33962422178173596,0.3181120242924162,9,9,False,0.21743712435641926,0.18336584083850394,0.03558850045624995,False,0.687702011133058,0.34702145807146706,0.19679251212066798,1.0494851788285027,0.9288997314061164,0.6724591472341628,1.5254562175210302,83.84615384615385,1.6201962888859123,16.061124138698077,260.0,,350.3599853515625,4773629865.0,1672488889575.1812,1709267889575.1812,136469000000.0,36779000000.0,40653000000.0,1250000000.0,8482000000.0,14636000000.0,36779000000.0,89104000000.0,42814000000.0,39403000000.0,30921000000.0,17535000000.0,57450000000.0,,40482287924.09004,0.05446143962045022,0.2966409069025936,39.9231066841496,55.27854498803988,0.018090201184136828,97.47749584118512,0.010258778104325192,,,0.6401914708442124,97801000000.0,26325000000.0,0.9095545508503763,5.0,0.1944604528766189,0.19356110283314357,60.76923076923077,1.3188551451477273,9.135928650082063,260.0,[],True,0.9,ig,Semiconductors and Semiconductor Equipment,50.0,100.0,93.75,50.0,65.625,,35.71428571428571,56.25,45.76271186440678,1.0,77.57226793089508,"{'profitability': 98.4, 'growth': 100.0, 'balance': 78.7, 'stability': 83.5}",37.195677376517644,True,0.022462138148118704,54.050712173620994,41.891891891891895,57.383972653706365,2.0,False,"{""floor"": true, ""depressed_arms"": {""self_pct"": false, ""self_z"": false, ""median_ratio"": false}, ""yield_arm"": false, ""residual_arm"": false, ""brakes"": {""gm"": true, ""fcf_margin"": false, ""roic"": true}, ""self_pct"": 60.76923076923077, ""self_z"": 1.3188551451477273, ""median_ratio"": 9.135928650082063, ""fcf_yield"": 0.018090201184136828, ""yield_threshold"": 0.0495, ""gs10"": 0.0495, ""residual_pct"": 41.891891891891895, ""brake_values"": {""gm"": 1.0494851788285027, ""fcf_margin"": 0.9288997314061164, ""roic"": 1.5254562175210302}}",False,"{""floor"": true, ""mom_sector_pct"": 45.76271186440678, ""eps_rev_proxy"": 2.0}"
PLTR,1321655,Palantir Technologies,Information Technology,Application Software,Software and Services,2.004106776180698,5.979466119096509,5605792710.816793,0.049107313184892476,-0.03930765119384205,0.08458629494927838,5.0,0.7995814556998394,0.01950015320188748,0.015295451418841144,0.09939991334878194,0.7776150853707844,0.01422133685402201,0.09120220475215414,2.7418460051889,7,7,True,0.3257731580149814,0.5986147953294314,,False,0.8479613433592037,0.4098070465587633,0.4120879326166381,1.0605065153956321,26.79273957576417,28.976736635001608,1.6640543855668235,,,,,,192.58999633789062,2402897000.0,462773924430.32837,453732779430.32837,733049000.0,-9041145000.0,3400291000.0,42019000.0,835524000.0,27978000.0,-9151835000.0,6155941000.0,2634652000.0,3358272000.0,2522748000.0,2536789000.0,2662630000.0,3016692000.0,2599391852.6702323,0.01338322758746415,3.546000134602506,172.2173476536288,179.85656095271045,0.005559986217366456,178.86106390020154,0.005590931744417926,153.40443254741564,1.1132299883448493,-3.4371410973360925,37938000.0,14611000.0,0.07168552170455181,3.0,2.130940049411089,2.5811810115618212,,,,,[],True,0.9,ig,Software and Services,100.0,4.545454545454546,72.22222222222221,40.0,4.545454545454546,14.285714285714285,95.0,9.090909090909093,37.28813559322034,1.0,64.24891746169146,"{'profitability': 69.9, 'growth': 100.0, 'balance': 100.0, 'stability': 73.0}",,False,1.635425192418619,34.752004092829985,,,,False,"{""floor"": false, ""depressed_arms"": {""self_pct"": false, ""self_z"": false, ""median_ratio"": false}, ""yield_arm"": false, ""residual_arm"": false, ""brakes"": {""gm"": true, ""fcf_margin"": true, ""roic"": true}, ""self_pct"": null, ""self_z"": null, ""median_ratio"": null, ""fcf_yield"": 0.005559986217366456, ""yield_threshold"": 0.0495, ""gs10"": 0.0495, ""residual_pct"": null, ""brake_values"": {""gm"": 1.0605065153956321, ""fcf_margin"": 26.79273957576417, ""roic"": 1.6640543855668235}}",False,"{""floor"": false, ""mom_sector_pct"": 37.28813559322034, ""eps_rev_proxy"": null}"
MRVL,1835632,Marvell Technology,Information Technology,Semiconductors,Semiconductors and Semiconductor Equipment,0.2600958247775496,5.9986310746064335,5031642913.578517,1.6100939485471795,-0.16603160328564093,2.120136068104653,7.0,0.46138421412244135,0.08995587537354624,0.08918983351507066,0.0895668626258531,0.24861914685275566,-0.07183347378316172,-0.08071491316980878,,5,6,False,0.22514202663068583,0.14469332824590087,,False,0.5221104091933589,0.09536205199834925,0.027194903865485752,1.1316174095518625,1.0692031618405886,-0.37858260826389867,,,,,,,258.95001220703125,876900000.0,227073265704.3457,228426565704.3457,19884900000.0,1353300000.0,2200300000.0,470200000.0,828900000.0,1114400000.0,1353300000.0,9450300000.0,1561300000.0,1730100000.0,901200000.0,257000000.0,2675700000.0,2639900000.0,1368353945.381737,0.1235803846911311,0.06881372022900477,146.30536457077162,253.46933611223446,0.003945250401244618,888.8193218067926,0.001125088052729546,86.01585882205603,0.6553657335505133,0.5057741899316067,13873900000.0,2078600000.0,0.8022419021468552,0.0,,,92.40506329113924,2.052418227801239,2.207051638740105,237.0,['tenure<1y'],False,0.9,ig,Semiconductors and Semiconductor Equipment,,18.75,25.0,6.666666666666667,18.75,13.333333333333334,50.0,6.25,89.83050847457628,1.0,48.45794296286093,"{'profitability': 35.1, 'growth': 100.0, 'balance': 83.1, 'stability': 70.2}",6.462830439522325,False,,,,27.46038670119163,,False,"{""floor"": false, ""depressed_arms"": {""self_pct"": false, ""self_z"": false, ""median_ratio"": false}, ""yield_arm"": false, ""residual_arm"": false, ""brakes"": {""gm"": true, ""fcf_margin"": true, ""roic"": false}, ""self_pct"": 92.40506329113924, ""self_z"": 2.052418227801239, ""median_ratio"": 2.207051638740105, ""fcf_yield"": 0.003945250401244618, ""yield_threshold"": 0.0495, ""gs10"": 0.0495, ""residual_pct"": null, ""brake_values"": {""gm"": 1.1316174095518625, ""fcf_margin"": 1.0692031618405886, ""roic"": null}}",False,"{""floor"": false, ""mom_sector_pct"": 89.83050847457628, ""eps_rev_proxy"": null}"
AMAT,6951,Applied Materials,Information Technology,Semiconductor Materials & Equipment,Semiconductors and Semiconductor Equipment,31.529089664613277,5.9986310746064335,3916258445.1612563,1.276498163249475,-0.2426183893698296,1.3385301676953265,10.0,0.47333616555642843,0.01605670875141984,0.21086539993485376,0.19199583748861812,0.21314037597492405,0.23976176182245545,0.24326706147772137,0.22452264656185733,8,9,False,0.10522310397599743,0.10996623630665936,0.17198931365326797,False,0.49398449914064274,0.1596134513733502,,1.0436229789455054,0.7569447212423769,,0.7701852739955846,94.61538461538461,2.4747498477353322,2.388018222499655,260.0,,474.25,793597443.0,376363587342.75,375761587342.75,25024000000.0,-602000000.0,8396000000.0,2773000000.0,701000000.0,,-602000000.0,30837000000.0,9141000000.0,5623000000.0,4922000000.0,,,9267000000.0,7896862776.172276,0.13610515521581057,0.31557156234703787,41.10727353054917,76.34327251985981,0.013098731125782716,,,40.61331470192619,0.6067767346498327,,3873000000.0,262000000.0,0.165241368286445,7.0,0.4097346093231679,0.41686122684368854,95.0,2.8484130801072833,3.2162158451921496,260.0,[],True,0.9,ig,Semiconductors and Semiconductor Equipment,78.57142857142857,62.5,31.25,66.66666666666666,65.625,6.666666666666667,,50.0,86.4406779661017,0.7,70.05142679946076,"{'profitability': 81.9, 'growth': 89.7, 'balance': None, 'stability': 82.2}",21.057278912202896,True,0.3298231035705701,54.89470032002849,63.51351351351351,45.55435285583182,10.0,False,"{""floor"": true, ""depressed_arms"": {""self_pct"": false, ""self_z"": false, ""median_ratio"": false}, ""yield_arm"": false, ""residual_arm"": false, ""brakes"": {""gm"": true, ""fcf_margin"": false, ""roic"": false}, ""self_pct"": 95.0, ""self_z"": 2.8484130801072833, ""median_ratio"": 3.2162158451921496, ""fcf_yield"": 0.013098731125782716, ""yield_threshold"": 0.0495, ""gs10"": 0.0495, ""residual_pct"": 63.51351351351351, ""brake_values"": {""gm"": 1.0436229789455054, ""fcf_margin"": 0.7569447212423769, ""roic"": 0.7701852739955846}}",False,"{""floor"": true, ""mom_sector_pct"": 86.4406779661017, ""eps_rev_proxy"": 10.0}"
STX,1137789,Seagate Technology,Information Technology,"Technology Hardware, Storage & Peripherals",Technology Hardware and Equipment,14.231348391512663,5.9986310746064335,3648748759.473479,2.8463115009195077,-0.15292417815754844,3.1993472909888245,10.0,0.30448868205163937,0.31100654151911605,0.11064934470739585,0.08197221798198748,0.7186799392256592,0.10892064517464925,0.08044573347580522,0.9173098652262911,6,9,False,0.0268664811857644,0.22447663070396695,0.23313678378976377,False,0.4557605576055761,0.23714637146371464,0.2611726117261173,1.4968062344211597,2.1432243642366884,2.3978246851856135,2.448375965427523,66.92307692307692,0.38097824889998516,1.1731621731091537,260.0,gm_derived,905.9199829101562,226644518.0,205321797873.2406,207515797873.2406,4361000000.0,2194000000.0,3674000000.0,569000000.0,213000000.0,276000000.0,2194000000.0,12195000000.0,4094000000.0,3105000000.0,2892000000.0,3185000000.0,4370000000.0,3184000000.0,3532600542.0054197,0.13712737127371274,0.8100436922736574,50.68778648589169,71.7551168303045,0.013936288367628549,65.15409666349784,0.015348229063242368,64.48548928179667,0.9751884422110553,0.5020594965675057,1221000000.0,0.0,0.27998165558358173,9.0,0.3308493890284582,0.36995539367065217,85.38461538461539,1.1048047133702676,1.546708687295785,260.0,[],True,1.0,ig,Technology Hardware and Equipment,85.71428571428571,47.368421052631575,30.0,61.904761904761905,64.28571428571429,38.095238095238095,60.0,14.285714285714292,98.30508474576271,1.0,23.29849754036816,"{'profitability': 66.4, 'growth': 61.2, 'balance': 83.3, 'stability': 33.3}",14.424047604513492,False,0.6910242363724421,35.953805374634825,,18.861272572440825,,False,"{""floor"": false, ""depressed_arms"": {""self_pct"": false, ""self_z"": false, ""median_ratio"": false}, ""yield_arm"": false, ""residual_arm"": false, ""brakes"": {""gm"": true, ""fcf_margin"": true, ""roic"": true}, ""self_pct"": 85.38461538461539, ""self_z"": 1.1048047133702676, ""median_ratio"": 1.546708687295785, ""fcf_yield"": 0.013936288367628549, ""yield_threshold"": 0.0495, ""gs10"": 0.0495, ""residual_pct"": null, ""brake_values"": {""gm"": 1.4968062344211597, ""fcf_margin"": 2.1432243642366884, ""roic"": 2.448375965427523}}",False,"{""floor"": false, ""mom_sector_pct"": 98.30508474576271, ""eps_rev_proxy"": null}"
DELL,1571996,Dell Technologies,Information Technology,"Technology Hardware, Storage & Peripherals",Technology Hardware and Equipment,2.004106776180698,5.9986310746064335,3564508451.6412225,2.5336026264350022,-0.0564024542566719,3.151503132954999,10.0,0.21973990606195087,0.05595260899355222,0.038380842049271134,0.05702007350862313,0.6424246803315292,0.03169277608856077,0.04085101336996156,0.8864832984922548,7,9,False,0.05549088853532669,-0.01715785665831515,,False,0.19798673254098956,0.05180658346395762,0.0554508356647288,0.9010049020644048,1.349803201228657,1.749636431651795,2.010012006474551,78.54077253218884,0.5455110995545478,1.5608148183706883,233.0,,536.02001953125,640000000.0,343052812500.0,366754812500.0,22275000000.0,23702000000.0,12152000000.0,3592000000.0,727000000.0,3041000000.0,23702000000.0,151197000000.0,14252000000.0,8560000000.0,7833000000.0,8384000000.0,17293000000.0,11378000000.0,11734514509.009335,0.1766408567913742,0.5268019981597906,25.733568095705866,46.82175571300906,0.021357592955920653,43.74461026956107,0.022859959063250192,30.150537220952717,0.7523290560731236,1.3706123865147748,19448000000.0,2727000000.0,0.9955106621773289,5.0,0.2620889807935884,0.2603436488016159,84.8,0.06742211690413541,1.773381719919265,250.0,[],True,1.0,ig,Technology Hardware and Equipment,57.14285714285714,21.052631578947366,25.0,35.714285714285715,64.28571428571429,14.285714285714285,30.0,57.142857142857146,96.61016949152543,1.0,27.61646861647702,"{'profitability': 60.4, 'growth': 23.1, 'balance': 54.3, 'stability': 58.3}",30.188432901973766,False,0.2689565741549784,35.780082592288295,,28.902450759225395,,False,"{""floor"": false, ""depressed_arms"": {""self_pct"": false, ""self_z"": false, ""median_ratio"": false}, ""yield_arm"": false, ""residual_arm"": false, ""brakes"": {""gm"": false, ""fcf_margin"": true, ""roic"": true}, ""self_pct"": 84.8, ""self_z"": 0.06742211690413541, ""median_ratio"": 1.773381719919265, ""fcf_yield"": 0.021357592955920653, ""yield_threshold"": 0.0495, ""gs10"": 0.0495, ""residual_pct"": null, ""brake_values"": {""gm"": 0.9010049020644048, ""fcf_margin"": 1.349803201228657, ""roic"": 2.010012006474551}}",False,"{""floor"": false, ""mom_sector_pct"": 96.61016949152543, ""eps_rev_proxy"": null}"
WDC,106040,Western Digital,Information Technology,"Technology Hardware, Storage & Peripherals",Technology Hardware and Equipment,17.234770704996578,5.9986310746064335,3443798506.4617515,3.3053844098586787,-0.39635959100359763,3.2210902354363418,8.0,0.3383873831499854,0.2722429349151652,-0.006435341815301354,0.022987282498802747,2.3777900600368187,0.0024608161619531,0.03325706380035119,3.306722947212123,7,9,False,-0.05255187314310028,0.36095134072981216,,False,0.4885053022679774,0.25597956498180974,,1.4436274122296526,-39.777151288710954,,3.293748804392054,,,,,,450.30999755859375,360540944.0,162355191612.4131,161944191612.4131,8453000000.0,-411000000.0,3929000000.0,418000000.0,204000000.0,,-411000000.0,12919000000.0,4453000000.0,3511000000.0,3307000000.0,,,9424000000.0,4236756385.663806,0.04856133266027259,0.5012133426787893,36.3674357988801,48.97012144312461,0.02042061507160913,,,17.22784291303195,0.3725594227504245,,4321000000.0,72000000.0,0.5196971489412043,2.0,0.15217108906740112,0.09893463865635733,,,,,['rev_cagr5 gate'],False,0.8,ig,Technology Hardware and Equipment,33.33333333333333,5.263157894736842,45.0,16.666666666666664,16.666666666666664,4.761904761904762,,28.57142857142857,100.0,0.7,14.851359147522201,"{'profitability': 29.3, 'growth': 50.0, 'balance': None, 'stability': 38.9}",,False,0.32512181956298436,35.377942265850514,,,,False,"{""floor"": false, ""depressed_arms"": {""self_pct"": false, ""self_z"": false, ""median_ratio"": false}, ""yield_arm"": false, ""residual_arm"": false, ""brakes"": {""gm"": true, ""fcf_margin"": false, ""roic"": true}, ""self_pct"": null, ""self_z"": null, ""median_ratio"": null, ""fcf_yield"": 0.02042061507160913, ""yield_threshold"": 0.0495, ""gs10"": 0.0495, ""residual_pct"": null, ""brake_values"": {""gm"": 1.4436274122296526, ""fcf_margin"": -39.777151288710954, ""roic"": 3.293748804392054}}",False,"{""floor"": false, ""mom_sector_pct"": 100.0, ""eps_rev_proxy"": null}"
LRCX,707549,Lam Research,Information Technology,Semiconductor Materials & Equipment,Semiconductors and Semiconductor Equipment,14.239561943874058,5.9986310746064335,3068792660.895171,1.3608866559339097,-0.20962807043994935,1.4045721425527535,10.0,0.47361484816849553,0.04403542890938855,0.22398496048547453,0.2519302274502316,0.22405296020770388,0.23868774637910128,0.2615276022353251,0.23980833792677111,7,9,False,0.09696783854733271,0.08592547483092305,0.10646848811249732,False,0.5046900724797688,0.19390225583003948,,1.0656128591226468,0.8656931939080529,,1.0181825683867596,98.07692307692307,3.423183086574778,36.88983904479515,260.0,,307.1600036621094,1251321000.0,384355762942.47437,380326680942.47437,8441839000.0,-4029082000.0,5857657000.0,966405000.0,386381000.0,,-4029082000.0,23232690000.0,8199795000.0,4891252000.0,4504871000.0,,,7265396000.0,7210281690.944104,0.12067537164720538,0.8541126750870401,46.38246211551318,84.42565412915805,0.011844740918088195,,,52.902245513179786,0.6732257952629148,,1630000000.0,147645000.0,0.21057556297863533,7.0,0.8388600449527663,0.8541126750870401,98.46153846153847,3.514965188036042,41.242918657987225,260.0,[],True,0.9,ig,Semiconductors and Semiconductor Equipment,92.85714285714286,68.75,37.5,66.66666666666666,65.625,26.666666666666668,,25.0,88.13559322033898,0.7,61.11132610042564,"{'profitability': 88.8, 'growth': 76.2, 'balance': None, 'stability': 73.3}",11.989592488192413,True,0.4155580440724371,55.71855805794016,68.91891891891892,36.55045929430903,4.0,False,"{""floor"": true, ""depressed_arms"": {""self_pct"": false, ""self_z"": false, ""median_ratio"": false}, ""yield_arm"": false, ""residual_arm"": false, ""brakes"": {""gm"": true, ""fcf_margin"": false, ""roic"": true}, ""self_pct"": 98.46153846153847, ""self_z"": 3.514965188036042, ""median_ratio"": 41.242918657987225, ""fcf_yield"": 0.011844740918088195, ""yield_threshold"": 0.0495, ""gs10"": 0.0495, ""residual_pct"": 68.91891891891892, ""brake_values"": {""gm"": 1.0656128591226468, ""fcf_margin"": 0.8656931939080529, ""roic"": 1.0181825683867596}}",False,"{""floor"": true, ""mom_sector_pct"": 88.13559322033898, ""eps_rev_proxy"": 4.0}"
CRM,1108524,Salesforce,Information Technology,Application Software,Software and Services,18.026009582477755,5.9986310746064335,2737406269.771332,0.05869430488875205,-0.09856662032853036,-0.013102136561197741,10.0,0.7543583833559248,0.02397220797771279,0.1780533061037523,0.19252947757982614,0.36299656798405766,0.17086567660694313,0.18208681183119602,0.5002099126931402,9,9,False,0.14335729427517552,0.2862300905601418,0.417854733938382,True,0.772816241066958,0.2614820883972871,,1.0244682873794277,1.4685607030791135,,1.714042535507176,11.923076923076923,-1.0581607654527334,0.4993385001490997,260.0,,238.22000122070312,823000000.0,196055061004.63867,229943282004.63867,72266221000.0,33888221000.0,15750000000.0,596000000.0,3665000000.0,,33888221000.0,43938000000.0,8735000000.0,15154000000.0,11489000000.0,,,9662000000.0,6799127527.59204,0.221622492548135,0.0940844482180968,26.324359702877924,20.014212029300953,0.04996449515654139,,,20.291353860964467,1.5684123369902712,,59250000000.0,6142000000.0,0.9048764290580519,0.0,0.0548903812298087,0.06475740190396975,11.923076923076923,-1.0129486307632378,0.4752512589012432,260.0,[],True,0.9,ig,Software and Services,15.789473684210526,45.45454545454545,38.88888888888889,15.0,63.63636363636363,47.61904761904761,,45.45454545454546,38.983050847457626,0.7,58.8838285667734,"{'profitability': 54.7, 'growth': 100.0, 'balance': None, 'stability': 79.5}",57.73209516204946,False,-0.4923691054376831,32.74701222337786,,58.30796186441143,,False,"{""floor"": false, ""depressed_arms"": {""self_pct"": true, ""self_z"": true, ""median_ratio"": true}, ""yield_arm"": true, ""residual_arm"": false, ""brakes"": {""gm"": true, ""fcf_margin"": true, ""roic"": true}, ""self_pct"": 11.923076923076923, ""self_z"": -1.0129486307632378, ""median_ratio"": 0.4752512589012432, ""fcf_yield"": 0.04996449515654139, ""yield_threshold"": 0.0495, ""gs10"": 0.0495, ""residual_pct"": null, ""brake_values"": {""gm"": 1.0244682873794277, ""fcf_margin"": 1.4685607030791135, ""roic"": 1.714042535507176}}",False,"{""floor"": false, ""mom_sector_pct"": 38.983050847457626, ""eps_rev_proxy"": null}"
NFLX,1065280,Netflix,Communication Services,Movies & Entertainment,Media and Entertainment,15.764544832306639,5.9986310746064335,2677446201.197514,-0.3249683775986032,-0.4121696993709226,-0.40757136491113677,5.0,,,0.1164012209587683,0.17048905916843188,0.7274362431016872,0.1210680691508905,0.17332550173244426,0.7749736536114266,9,9,False,0.12569512175392594,,,False,0.49117872109690064,0.22047776628047472,0.22970677080891258,,1.8941190175193476,1.89733570891118,1.367695307751628,72.97297297297297,0.1622488433587025,3.7177894418661093,222.0,,71.72000122070312,4163939676.0,298637758645.6542,306149575645.6542,37663869000.0,7511817000.0,11970833000.0,818828000.0,487327000.0,372414000.0,7511817000.0,48370764000.0,14354517000.0,11152005000.0,10664678000.0,11111092000.0,14726931000.0,13649441000.0,11879956398.787157,0.1723889839841245,0.3154205001824735,21.327751790300862,28.706874754742167,0.0348348612847453,27.5535092001447,0.03629301780532363,21.879120078665064,0.8170301626271728,0.510073483742132,,33837573000.0,0.8984093747777213,7.0,0.23062190708323574,0.1991989984775381,77.88461538461539,0.7221906416656411,3.9194262137145244,208.0,['fcf_cagr5 gate'],False,0.9,ig,Media and Entertainment,62.5,44.44444444444444,,62.5,11.11111111111111,37.5,44.44444444444444,44.44444444444444,27.27272727272727,1.0,58.972193162538034,"{'profitability': 83.9, 'growth': 100.0, 'balance': 83.0, 'stability': 66.7}",32.97528108045905,False,-0.13647223626681448,32.904481649390206,,45.973737121498544,,False,"{""floor"": false, ""depressed_arms"": {""self_pct"": false, ""self_z"": false, ""median_ratio"": false}, ""yield_arm"": false, ""residual_arm"": false, ""brakes"": {""gm"": false, ""fcf_margin"": true, ""roic"": true}, ""self_pct"": 77.88461538461539, ""self_z"": 0.7221906416656411, ""median_ratio"": 3.9194262137145244, ""fcf_yield"": 0.0348348612847453, ""yield_threshold"": 0.0495, ""gs10"": 0.0495, ""residual_pct"": null, ""brake_values"": {""gm"": null, ""fcf_margin"": 1.8941190175193476, ""roic"": 1.367695307751628}}",False,"{""floor"": false, ""mom_sector_pct"": 27.27272727272727, ""eps_rev_proxy"": null}"
WMT,104169,Walmart,Consumer Staples,Consumer Staples Merchandise Retail,Consumer Staples Distribution and Retail,44.068446269678304,5.9986310746064335,2505582903.1113997,0.007735246031358889,-0.19131271826386487,0.05172407878170371,10.0,0.2399505174184396,0.014630526268597002,0.02054147379976837,0.01977946164345804,0.1222654914322255,0.03280632628644076,0.03479418505703163,0.23092713764768005,9,9,False,0.049341097880894136,,,False,0.24473757182902156,0.018544448196621394,0.038203567496629905,1.0199501733194183,0.9027808022631028,1.1645183054958486,1.0970919331898368,70.0,0.728690790233613,1.3373396149821337,260.0,sbc_unreported;gm_derived,107.58999633789062,7933746241.0,853591729014.9435,922085729014.9435,166732000000.0,68494000000.0,42923000000.0,29414000000.0,,15093000000.0,62226000000.0,728466000000.0,32280000000.0,13509000000.0,13509000000.0,27830000000.0,47373000000.0,22076000000.0,24773765861.64552,0.23253513439759857,0.1485843501046321,28.565233240859463,68.25714183247787,0.014650481592890015,33.13279658695449,0.030181575448229265,38.66605041741907,0.6119315093314006,1.313533025140903,28260000000.0,4300000000.0,0.1952834488880359,7.0,0.13543473031710063,0.14185582959684043,89.23076923076924,1.1553872314283609,1.6568106528703723,260.0,['fcf_cagr5 gate'],False,1.0,sector,Consumer Staples,45.83333333333333,7.4074074074074066,16.666666666666664,52.083333333333336,55.55555555555556,4.166666666666666,68.0,11.111111111111114,25.925925925925924,1.0,41.46965449260149,"{'profitability': 39.2, 'growth': 41.1, 'balance': 56.2, 'stability': 92.4}",11.813584194179061,False,0.9365960851744202,26.754053261294075,,26.641619343390275,,False,"{""floor"": false, ""depressed_arms"": {""self_pct"": false, ""self_z"": false, ""median_ratio"": false}, ""yield_arm"": false, ""residual_arm"": false, ""brakes"": {""gm"": true, ""fcf_margin"": false, ""roic"": true}, ""self_pct"": 89.23076923076924, ""self_z"": 1.1553872314283609, ""median_ratio"": 1.6568106528703723, ""fcf_yield"": 0.014650481592890015, ""yield_threshold"": 0.0495, ""gs10"": 0.0495, ""residual_pct"": null, ""brake_values"": {""gm"": 1.0199501733194183, ""fcf_margin"": 0.9027808022631028, ""roic"": 1.0970919331898368}}",False,"{""floor"": false, ""mom_sector_pct"": 25.925925925925924, ""eps_rev_proxy"": null}"
GEV,1996810,GE Vernova,Industrials,Heavy Electrical Equipment,Capital Goods,2.4804928131416837,2.4914442162902124,2313759583.3959255,0.5103207525674893,-0.16852040671008728,0.5817186735069027,3.0,0.15841942273393206,0.1929980071217351,0.034568188873811315,0.030979716393012665,1.235447050882942,0.022805023948241368,0.023534097847272745,2.264697566736727,3,3,False,,,,False,0.2020692822781444,0.3006744506490681,0.31273720598544735,1.2755335096601317,8.698009946273395,13.713522366617132,,,,,,sbc_unreported,955.0399780273438,266333581.0,254359217346.18378,243582217346.18378,1180000000.0,-10777000000.0,14139000000.0,1701000000.0,,1202000000.0,-11935000000.0,41367000000.0,1800000000.0,12438000000.0,12438000000.0,12937000000.0,3002000000.0,9529000000.0,1123378702.96237,0.3759007205764612,0.9520158499681101,135.3234540812132,19.583712602201622,0.0510628408572325,18.828338667866102,0.05311143046872623,26.693170043675494,1.305278623150383,-3.975682878081279,9689000000.0,727000000.0,8.827118644067797,1.0,,,,,,,"['rev_cagr5 gate', 'fcf_cagr5 gate']",False,0.8,ig,Capital Goods,,7.317073170731707,12.5,6.097560975609756,2.380952380952381,69.23076923076923,97.29729729729729,2.439024390243901,90.625,0.7,41.75794392212882,"{'profitability': 56.2, 'growth': None, 'balance': 100.0, 'stability': 55.7}",,False,,,,,,False,"{""floor"": false, ""depressed_arms"": {""self_pct"": false, ""self_z"": false, ""median_ratio"": false}, ""yield_arm"": true, ""residual_arm"": false, ""brakes"": {""gm"": true, ""fcf_margin"": true, ""roic"": false}, ""self_pct"": null, ""self_z"": null, ""median_ratio"": null, ""fcf_yield"": 0.0510628408572325, ""yield_threshold"": 0.0495, ""gs10"": 0.0495, ""residual_pct"": null, ""brake_values"": {""gm"": 1.2755335096601317, ""fcf_margin"": 8.698009946273395, ""roic"": null}}",False,"{""floor"": false, ""mom_sector_pct"": 90.625, ""eps_rev_proxy"": null}"
NOW,1373715,ServiceNow,Information Technology,Systems Software,Software and Services,6.844626967830253,5.9986310746064335,2203739199.8787866,-0.22697644725989397,-0.25938268644063067,-0.2639957210181427,10.0,0.7812806860861385,0.009663407531349569,0.1383626386143415,0.12261732248355812,0.33567166111186414,0.1490236812961451,0.1373314011815851,0.526454882936996,9,9,False,0.24056083043090437,0.2733374147765524,,False,0.7476920988324736,0.1625712734184089,0.13928862340483303,0.9570082969516006,1.1749651137511492,0.9346744235101385,0.9694415986861162,99.23076923076923,3.744020719897903,2.7566103475475257,260.0,,137.77999877929688,1034000000.0,142464518737.79297,144463518737.79297,14515000000.0,1999000000.0,5308000000.0,728000000.0,2185000000.0,1071000000.0,1999000000.0,14732000000.0,1680000000.0,4580000000.0,2395000000.0,2052000000.0,2751000000.0,1670000000.0,1195907928.3887467,0.28815004262574595,0.08239117660273833,85.99018972487677,60.31879696776324,0.016578579982860726,70.40132492095174,0.014204278131453115,85.30809505257064,2.7425149700598803,0.7266448564158487,9837000000.0,3781000000.0,0.9382018601446779,2.0,0.08498828265096428,0.08026680453609913,99.23076923076923,3.1855213466986356,2.1670496956570187,260.0,[],True,1.0,ig,Software and Services,31.57894736842105,27.27272727272727,50.0,30.0,63.63636363636363,90.47619047619048,30.0,18.181818181818173,10.16949152542373,1.0,58.043564316381165,"{'profitability': 44.6, 'growth': 100.0, 'balance': 75.8, 'stability': 82.3}",10.598332215361113,False,0.601743352422202,33.04599658573474,,34.32094826587114,,False,"{""floor"": false, ""depressed_arms"": {""self_pct"": false, ""self_z"": false, ""median_ratio"": false}, ""yield_arm"": false, ""residual_arm"": false, ""brakes"": {""gm"": false, ""fcf_margin"": true, ""roic"": true}, ""self_pct"": 99.23076923076923, ""self_z"": 3.1855213466986356, ""median_ratio"": 2.1670496956570187, ""fcf_yield"": 0.016578579982860726, ""yield_threshold"": 0.0495, ""gs10"": 0.0495, ""residual_pct"": null, ""brake_values"": {""gm"": 0.9570082969516006, ""fcf_margin"": 1.1749651137511492, ""roic"": 0.9694415986861162}}",False,"{""floor"": false, ""mom_sector_pct"": 10.16949152542373, ""eps_rev_proxy"": null}"
CSCO,858877,Cisco,Information Technology,Communications Equipment,Technology Hardware and Equipment,32.81587953456537,5.9986310746064335,2195214214.814655,0.6692389009404043,-0.11908094414997972,0.6242926114395109,10.0,0.6389395685235996,0.016210277008174703,0.18949024147046223,0.17027923888869276,0.2143838302515839,0.19161465824524232,0.1738976947788329,0.29969409795918445,7,9,False,0.04915047605967504,-0.028620952708283687,-0.056357137883215724,False,0.645242795104619,0.14112909593367548,0.15234109751283065,1.0098651373174217,0.7447829230597857,0.7950388498872225,0.7144654137237557,92.6923076923077,2.3305315857130253,2.6791883718368776,260.0,,106.97000122070312,3942586873.0,421738522617.5381,437005522617.5381,65552000000.0,15267000000.0,14177000000.0,1410000000.0,3830000000.0,700000000.0,15267000000.0,63325000000.0,15368000000.0,12767000000.0,8937000000.0,9647000000.0,16068000000.0,13267000000.0,12735789618.339684,0.17127865575613718,0.19428529439742012,28.436069925659687,48.898458388445576,0.02045054247019563,45.299629171508045,0.022075235896830844,31.788537168729786,0.9623125047109369,0.9501493651979089,59477000000.0,7557000000.0,1.0226080058579448,10.0,0.27193099996935544,0.19428529439742012,92.6923076923077,2.4565284025704326,2.971104848018005,260.0,[],True,1.0,ig,Technology Hardware and Equipment,61.904761904761905,89.47368421052632,85.0,85.71428571428571,64.28571428571429,33.33333333333333,50.0,47.61904761904761,74.57627118644068,1.0,43.90921481872899,"{'profitability': 76.8, 'growth': 20.5, 'balance': 68.3, 'stability': 76.5}",23.399600431028293,False,0.31158808993729314,35.807514737512186,,33.654407624878644,,False,"{""floor"": false, ""depressed_arms"": {""self_pct"": false, ""self_z"": false, ""median_ratio"": false}, ""yield_arm"": false, ""residual_arm"": false, ""brakes"": {""gm"": true, ""fcf_margin"": false, ""roic"": false}, ""self_pct"": 92.6923076923077, ""self_z"": 2.4565284025704326, ""median_ratio"": 2.971104848018005, ""fcf_yield"": 0.02045054247019563, ""yield_threshold"": 0.0495, ""gs10"": 0.0495, ""residual_pct"": null, ""brake_values"": {""gm"": 1.0098651373174217, ""fcf_margin"": 0.7447829230597857, ""roic"": 0.7144654137237557}}",False,"{""floor"": false, ""mom_sector_pct"": 74.57627118644068, ""eps_rev_proxy"": null}"
PANW,1327567,Palo Alto Networks,Information Technology,Systems Software,Software and Services,3.266255989048597,5.9986310746064335,2160420200.0250545,0.8361911612574382,0.0,0.9267679143933429,10.0,0.7183577778958825,0.028313735439498337,0.21191159452547717,0.22584763590465276,0.25902955783433673,0.19222723874043474,0.20613112423288407,0.3158396888919708,9,9,False,0.21951181689477006,0.2428435124901247,0.2915334401172134,True,0.7035714285714286,0.20374564459930314,0.167595818815331,0.9794164554495893,0.9614652990344411,0.8718630091838148,0.17956216266539698,100.0,4.203494762358367,5.907862829871699,260.0,,389.9200134277344,818000000.0,318954570983.8867,318668070983.8867,27205500000.0,-286500000.0,4553000000.0,440000000.0,1774000000.0,855000000.0,-286500000.0,11480000000.0,695000000.0,4113000000.0,2339000000.0,1924000000.0,1550000000.0,307000000.0,516722039.18324864,0.25651505153489407,0.018993293237883832,458.51521004875787,136.24115903543682,0.0073399258130202516,165.62789552177065,0.006037630296815291,1038.9399706315528,13.397394136807817,-0.18483870967741936,22010000000.0,7017000000.0,1.0669533733987613,3.0,0.10577558743974733,0.11304825377531981,98.07692307692307,3.5979431224813068,5.36009599266257,260.0,[],True,1.0,ig,Software and Services,36.84210526315789,63.63636363636363,33.33333333333333,40.0,63.63636363636363,100.0,55.0,4.545454545454547,77.96610169491525,1.0,65.8569519133851,"{'profitability': 45.5, 'growth': 100.0, 'balance': 100.0, 'stability': 84.2}",4.7571034692445675,False,1.411977220197925,33.1966618249789,,35.307027691314836,,False,"{""floor"": false, ""depressed_arms"": {""self_pct"": false, ""self_z"": false, ""median_ratio"": false}, ""yield_arm"": false, ""residual_arm"": false, ""brakes"": {""gm"": true, ""fcf_margin"": true, ""roic"": false}, ""self_pct"": 98.07692307692307, ""self_z"": 3.5979431224813068, ""median_ratio"": 5.36009599266257, ""fcf_yield"": 0.0073399258130202516, ""yield_threshold"": 0.0495, ""gs10"": 0.0495, ""residual_pct"": null, ""brake_values"": {""gm"": 0.9794164554495893, ""fcf_margin"": 0.9614652990344411, ""roic"": 0.17956216266539698}}",False,"{""floor"": false, ""mom_sector_pct"": 77.96610169491525, ""eps_rev_proxy"": null}"
QCOM,804328,Qualcomm,Information Technology,Semiconductors,Semiconductors and Semiconductor Equipment,27.17864476386037,5.9986310746064335,2140657224.929418,-0.01476375424730314,-0.21903172868802723,0.17201797637206462,10.0,0.5653804415454701,0.017113839777244726,0.1935039362198669,0.20809747959244473,0.20819332165269014,0.19031991938475704,0.20142703146655716,0.18806940225394744,6,9,False,0.13480513327048627,0.23808081787161428,0.2457309396155174,False,0.5422632689645783,0.16279016996074339,0.17213914543102862,0.9591121820243713,0.8412757545964062,0.904472563815175,0.513630288850838,91.92307692307692,1.2878065746332785,1.2150330748254072,260.0,gm_derived,194.25999450683594,1050000000.0,203972994232.17773,213800994232.17773,37486000000.0,9828000000.0,12401000000.0,1985000000.0,3242000000.0,1573000000.0,9828000000.0,44069000000.0,10220000000.0,10416000000.0,7174000000.0,7586000000.0,11793000000.0,9260000000.0,8440706386.014984,0.17409917945058864,0.2251695669320542,20.91986244933246,29.802201593556976,0.033554568002660344,28.18362697497729,0.03548159365321737,22.027321191379883,1.1248380129589632,0.8333757313660646,14274000000.0,74000000.0,0.38275622899215705,10.0,0.4383884124821251,0.43661223362610413,92.6923076923077,1.5352388883124821,1.31903072216644,260.0,[],True,1.0,ig,Semiconductors and Semiconductor Equipment,85.71428571428571,56.25,62.5,93.33333333333333,65.625,66.66666666666666,14.285714285714292,81.25,30.508474576271187,1.0,60.309295510733314,"{'profitability': 82.6, 'growth': 100.0, 'balance': 72.2, 'stability': 71.2}",37.420093805053426,True,-0.6122398272268579,54.971897328623,14.864864864864865,48.86469465789337,-8.0,False,"{""floor"": true, ""depressed_arms"": {""self_pct"": false, ""self_z"": false, ""median_ratio"": false}, ""yield_arm"": false, ""residual_arm"": true, ""brakes"": {""gm"": false, ""fcf_margin"": false, ""roic"": false}, ""self_pct"": 92.6923076923077, ""self_z"": 1.5352388883124821, ""median_ratio"": 1.31903072216644, ""fcf_yield"": 0.033554568002660344, ""yield_threshold"": 0.0495, ""gs10"": 0.0495, ""residual_pct"": 14.864864864864865, ""brake_values"": {""gm"": 0.9591121820243713, ""fcf_margin"": 0.8412757545964062, ""roic"": 0.513630288850838}}",False,"{""floor"": true, ""mom_sector_pct"": 30.508474576271187, ""eps_rev_proxy"": -8.0}"
XOM,2115436,ExxonMobil,Energy,Integrated Oil & Gas,Energy,69.56057494866529,5.9986310746064335,2127182421.0862548,0.3756345391840943,-0.03913953039399687,0.4233001964637857,4.0,0.2390187961271401,0.06815941121822523,0.10246022683555203,0.09524142024927004,0.35890465282497397,0.10234458088807989,0.09842401821550431,0.2765190996376004,1,3,False,,,,False,0.20630920068686645,0.08462028471722151,0.08330194427518972,0.8631505305429009,0.8258842219140944,0.8139360535980458,0.700491076313704,,,,,sbc_unreported;facts_yf,162.13999938964844,4111911960.0,666705402684.6881,705216402684.6881,297891000000.0,38511000000.0,59727000000.0,29174000000.0,,29650000000.0,31780000000.0,361060000000.0,38723000000.0,30553000000.0,30553000000.0,30077000000.0,68373000000.0,32757000000.0,28798491643.515457,0.25629492437271245,0.09667459454470077,18.211822500443873,23.081740015209245,0.04332429008129674,23.44703270554537,0.04264931996122024,20.35306660209079,0.9327166712458406,0.4648033580506925,,,0.0,2.0,0.13800974461151674,0.12177360310836151,,,,,"['rev_cagr5 gate', 'fcf_cagr5 gate']",False,0.9,ig,Energy,45.45454545454545,50.0,60.0,45.45454545454545,13.636363636363635,50.0,72.72727272727273,18.181818181818173,54.54545454545454,0.7,25.01700973866813,"{'profitability': 41.1, 'growth': None, 'balance': 84.5, 'stability': 41.9}",,False,0.16215615878830736,19.62659767639199,,,,False,"{""floor"": false, ""depressed_arms"": {""self_pct"": false, ""self_z"": false, ""median_ratio"": false}, ""yield_arm"": false, ""residual_arm"": false, ""brakes"": {""gm"": false, ""fcf_margin"": false, ""roic"": false}, ""self_pct"": null, ""self_z"": null, ""median_ratio"": null, ""fcf_yield"": 0.04332429008129674, ""yield_threshold"": 0.0495, ""gs10"": 0.0495, ""residual_pct"": null, ""brake_values"": {""gm"": 0.8631505305429009, ""fcf_margin"": 0.8258842219140944, ""roic"": 0.700491076313704}}",False,"{""floor"": false, ""mom_sector_pct"": 54.54545454545454, ""eps_rev_proxy"": null}"
APP,1751008,AppLovin,Communication Services,Advertising,Media and Entertainment,1.0075290896646132,5.4428473648186175,2053616434.832943,-0.525632196706219,-0.5668380951027192,-0.5335293821787108,6.0,0.7447791581884224,0.166146677211224,0.26788585997665004,0.22913579295030198,0.712417358367512,0.1946952220104903,0.11369275726179603,1.5961773375733628,5,6,False,0.304454229088547,,,False,0.8846386447222221,,0.6020021015872606,1.1877865203344162,,3.0920229853140637,3.3624458943326534,1.8404907975460123,-1.1871480472477722,0.2868496215348657,163.0,gm_derived,312.4700012207031,335291000.0,104768379179.29077,105584552179.29077,3979189000.0,816173000.0,4527589000.0,,282376000.0,134066000.0,816173000.0,6829124000.0,5288460000.0,,,4111147000.0,5422526000.0,4410201000.0,4475303690.81872,0.15376051046642694,1.124677337723521,19.965084765563276,,,25.682504707151256,0.03893701223469654,23.7559193286861,,0.15051527645971638,1518587000.0,355661000.0,0.4710125605996599,3.0,0.33448191378161535,0.16355620741106636,4.641350210970464,-0.7156645202253884,0.5419540610606212,237.0,['fcf_cagr5 gate'],False,0.8,ig,Media and Entertainment,87.5,88.88888888888889,75.0,37.5,22.22222222222222,,66.66666666666667,55.55555555555556,9.090909090909092,1.0,46.63911901604545,"{'profitability': 86.7, 'growth': 100.0, 'balance': 95.0, 'stability': 50.1}",,False,,,,,,False,"{""floor"": false, ""depressed_arms"": {""self_pct"": true, ""self_z"": false, ""median_ratio"": true}, ""yield_arm"": false, ""residual_arm"": false, ""brakes"": {""gm"": true, ""fcf_margin"": false, ""roic"": true}, ""self_pct"": 4.641350210970464, ""self_z"": -0.7156645202253884, ""median_ratio"": 0.5419540610606212, ""fcf_yield"": null, ""yield_threshold"": 0.0495, ""gs10"": 0.0495, ""residual_pct"": null, ""brake_values"": {""gm"": 1.1877865203344162, ""fcf_margin"": null, ""roic"": 3.3624458943326534}}",False,"{""floor"": false, ""mom_sector_pct"": 9.090909090909092, ""eps_rev_proxy"": null}"
UNH,731766,UnitedHealth Group,Health Care,Managed Health Care,Health Care Equipment and Services,32.23545516769336,5.9986310746064335,1886102166.767629,0.1652651793145019,-0.11818654392028527,0.11891302249603464,10.0,0.8907926977881928,0.00559426179482579,0.056981498442376356,0.06625818708257315,0.15416652476341944,0.0585865788802515,0.06725730796913737,0.15147023396074094,9,9,False,0.11721651214881779,,,False,0.8857127623414621,0.050194499798946524,,0.994297286608496,0.8808911869825025,,0.720563516050539,,,,,gm_derived,375.010009765625,897594847.0,336607052339.0447,385201052339.0447,153107000000.0,48594000000.0,27017000000.0,3400000000.0,1023000000.0,,42528000000.0,450129000000.0,21676000000.0,23617000000.0,22594000000.0,,,14122000000.0,18533974311.926605,0.14495412844036698,0.12105242942469388,17.770854970430186,17.04882058683919,0.05865508378755234,,,23.835650215199312,1.6723551904829344,,110645000000.0,2795000000.0,0.7409197489337522,7.0,0.16799688955692765,0.18845202378848547,26.153846153846157,-0.1674621689413774,0.8309313543044857,260.0,['fcf_cagr5 gate'],False,0.9,ig,Health Care Equipment and Services,59.25925925925925,27.586206896551722,95.45454545454545,76.78571428571429,58.333333333333336,79.3103448275862,,63.333333333333336,35.714285714285715,0.7,59.527585908042745,"{'profitability': 40.3, 'growth': 97.7, 'balance': None, 'stability': 91.7}",62.468865561797614,False,-0.40181403799455895,25.480031463617323,,60.99822573492018,,False,"{""floor"": false, ""depressed_arms"": {""self_pct"": false, ""self_z"": false, ""median_ratio"": false}, ""yield_arm"": true, ""residual_arm"": false, ""brakes"": {""gm"": true, ""fcf_margin"": false, ""roic"": false}, ""self_pct"": 26.153846153846157, ""self_z"": -0.1674621689413774, ""median_ratio"": 0.8309313543044857, ""fcf_yield"": 0.05865508378755234, ""yield_threshold"": 0.0495, ""gs10"": 0.0495, ""residual_pct"": null, ""brake_values"": {""gm"": 0.994297286608496, ""fcf_margin"": 0.8808911869825025, ""roic"": 0.720563516050539}}",False,"{""floor"": false, ""mom_sector_pct"": 35.714285714285715, ""eps_rev_proxy"": null}"
COST,909832,Costco,Consumer Staples,Consumer Staples Merchandise Retail,Consumer Staples Distribution and Retail,32.982888432580424,5.9986310746064335,1841901667.6631572,0.038251325832153515,-0.14399608921786455,-0.015546175822518604,10.0,,,0.021816050527772142,0.024013800917679365,0.24614911652656876,0.03144516513801062,0.033236529559177046,0.23676064149093223,9,9,False,0.10540604135545939,,,False,0.12875910718117622,0.026891517676191384,0.039252419214747244,,1.2326483036862286,1.2482815416128723,1.155863064441664,31.92307692307692,-0.5643332610829044,0.875563553130725,260.0,,896.47998046875,443478804.0,397569869548.2246,387432869548.2246,23372000000.0,-10137000000.0,15000000000.0,6194000000.0,911000000.0,2565000000.0,-10137000000.0,293587000000.0,11225000000.0,8806000000.0,7895000000.0,11524000000.0,13790000000.0,8838000000.0,8405258662.1750765,0.251201900919815,0.3596294139215761,34.515177688037824,49.07319436962946,0.020377723782719195,33.61965199134195,0.029744507773534642,44.98414455173395,0.9963792713283548,-0.735097897026831,994000000.0,,0.04252952250556221,10.0,0.31113496484576564,0.30592835813443564,35.0,-0.3493535953624239,0.8940228450351885,260.0,['fcf_cagr5 gate'],False,0.9,sector,Consumer Staples,87.5,18.51851851851852,,87.5,55.55555555555556,33.33333333333333,92.0,3.7037037037037095,48.148148148148145,1.0,65.42812448840766,"{'profitability': 54.8, 'growth': 87.8, 'balance': 100.0, 'stability': 83.6}",30.79889633103326,True,0.5893354821258057,27.220693216575466,74.32432432432432,48.11351040972046,-1.0,False,"{""floor"": true, ""depressed_arms"": {""self_pct"": false, ""self_z"": false, ""median_ratio"": false}, ""yield_arm"": false, ""residual_arm"": false, ""brakes"": {""gm"": false, ""fcf_margin"": true, ""roic"": true}, ""self_pct"": 35.0, ""self_z"": -0.3493535953624239, ""median_ratio"": 0.8940228450351885, ""fcf_yield"": 0.020377723782719195, ""yield_threshold"": 0.0495, ""gs10"": 0.0495, ""residual_pct"": 74.32432432432432, ""brake_values"": {""gm"": null, ""fcf_margin"": 1.2326483036862286, ""roic"": 1.155863064441664}}",False,"{""floor"": true, ""mom_sector_pct"": 48.148148148148145, ""eps_rev_proxy"": -1.0}"
TXN,97476,Texas Instruments,Information Technology,Semiconductors,Semiconductors and Semiconductor Equipment,25.53867214236824,5.9986310746064335,1810975670.4327347,0.43775675694015614,-0.15741881875627994,0.5045191596490395,10.0,0.6285770394545432,0.07540584222462968,0.17255260217388493,0.12351543942992874,0.6084619884103073,0.3249072764760771,0.2827824307908702,0.24105572457726998,6,9,False,0.041038070937830184,-0.13864859842051325,-0.006834353545900451,False,0.5832519405747185,0.2542024366421632,0.31321647046728013,0.9278925318061948,1.4731880796906092,0.9640180234324246,0.6195148921453446,86.92307692307692,1.0554265626456898,1.3663843267179667,260.0,,270.6499938964844,913247686.0,247170480641.87848,254952480641.87848,25789000000.0,7782000000.0,8667000000.0,3312000000.0,410000000.0,2164000000.0,7782000000.0,19453000000.0,7254000000.0,5355000000.0,4945000000.0,6093000000.0,9418000000.0,6052000000.0,6355125651.418645,0.1239143022582513,0.24642776576907383,35.146468243986554,51.55763005902497,0.019395771272945735,41.84350576758222,0.023898571155926866,40.841123701566175,0.8848314606741573,0.8262900828201316,4330000000.0,314000000.0,0.18007677692039242,10.0,0.39777537052532924,0.3199069778528573,43.84615384615385,-0.47100571676087793,0.6027180840590586,260.0,['fcf_cagr5 gate'],False,1.0,ig,Semiconductors and Semiconductor Equipment,71.42857142857143,50.0,87.5,93.33333333333333,65.625,53.333333333333336,21.42857142857143,68.75,67.79661016949152,1.0,28.823916600937615,"{'profitability': 74.7, 'growth': 17.1, 'balance': 72.5, 'stability': 50.8}",47.20968882869224,False,-0.06210076443484214,54.860904715774424,,38.01680271481493,,False,"{""floor"": false, ""depressed_arms"": {""self_pct"": false, ""self_z"": false, ""median_ratio"": true}, ""yield_arm"": false, ""residual_arm"": false, ""brakes"": {""gm"": false, ""fcf_margin"": true, ""roic"": false}, ""self_pct"": 43.84615384615385, ""self_z"": -0.47100571676087793, ""median_ratio"": 0.6027180840590586, ""fcf_yield"": 0.019395771272945735, ""yield_threshold"": 0.0495, ""gs10"": 0.0495, ""residual_pct"": null, ""brake_values"": {""gm"": 0.9278925318061948, ""fcf_margin"": 1.4731880796906092, ""roic"": 0.6195148921453446}}",False,"{""floor"": false, ""mom_sector_pct"": 67.79661016949152, ""eps_rev_proxy"": null}"
VRT,1674101,Vertiv,Industrials,Electrical Components & Equipment,Capital Goods,0.5092402464065708,5.9986310746064335,1393645316.9009686,0.8560860532695709,-0.33840731950527825,0.7714702592425711,6.0,0.33355499729356763,0.09946548629009941,0.08063688618481042,0.1089287795780394,1.0194836544018606,0.058729996629034296,0.08807844737148852,1.375996812062986,7,8,False,0.18540311841994384,,,False,0.38038781839088465,0.25067075507857417,0.2539112861075299,1.1404050950437377,3.1086363442167864,4.323366263944309,2.3920058108698354,3.048780487804878,-1.3269783486642948,0.6109161339033281,164.0,gm_derived,245.3000030517578,384988173.0,94437600011.79066,94910400011.79066,5230400000.0,472800000.0,3354200000.0,424400000.0,52200000.0,387200000.0,472800000.0,11479600000.0,2174600000.0,2929800000.0,2877600000.0,2914800000.0,2561800000.0,1732000000.0,1781902445.9478638,0.18058381037990254,0.3406818686807632,43.644992187892335,32.98248540860115,0.03031912203133184,32.561547966169435,0.030711070648083837,54.52517321696921,1.6915704387990762,0.184557732844094,2283300000.0,1894800000.0,0.7988107984092995,3.0,0.14242518439237267,0.17186136474685,11.627906976744185,-1.2632403943356487,0.7267822518564798,172.0,"['tenure<1y', 'fcf_cagr5 gate']",False,1.0,ig,Capital Goods,54.054054054054056,39.02439024390244,43.75,28.04878048780488,11.904761904761903,92.3076923076923,83.78378378378378,9.756097560975604,96.875,1.0,49.42715961444846,"{'profitability': 64.8, 'growth': 100.0, 'balance': 93.8, 'stability': 58.8}",41.299161622373084,False,0.17386466233711761,27.718831313918358,,45.363160618410774,,False,"{""floor"": false, ""depressed_arms"": {""self_pct"": true, ""self_z"": true, ""median_ratio"": true}, ""yield_arm"": false, ""residual_arm"": false, ""brakes"": {""gm"": true, ""fcf_margin"": true, ""roic"": true}, ""self_pct"": 11.627906976744185, ""self_z"": -1.2632403943356487, ""median_ratio"": 0.7267822518564798, ""fcf_yield"": 0.03031912203133184, ""yield_threshold"": 0.0495, ""gs10"": 0.0495, ""residual_pct"": null, ""brake_values"": {""gm"": 1.1404050950437377, ""fcf_margin"": 3.1086363442167864, ""roic"": 2.3920058108698354}}",False,"{""floor"": false, ""mom_sector_pct"": 96.875, ""eps_rev_proxy"": null}"
ADI,6281,Analog Devices,Information Technology,Semiconductors,Semiconductors and Semiconductor Equipment,26.954140999315538,5.9986310746064335,1351173686.2149453,0.47516604326657697,-0.11666042656375875,0.5648540270231224,10.0,0.6141865157382538,0.03807054903158704,0.3015783770617116,0.2934815611196392,0.18601321592356143,0.1824887497070502,0.18078915519263317,0.219258481727963,6,9,False,0.14485112925375,0.18349369163147533,0.18912213329543337,False,0.6579962143085192,0.3304622243429932,0.23226353979730502,1.071329632689194,1.0957755909515063,1.2727553899632633,1.8521335720334082,57.30769230769231,0.14791690309576752,1.0333480749292447,260.0,,382.6099853515625,484565465.0,185399585465.52307,191000727465.52307,39152039000.0,5601142000.0,5545325000.0,607830000.0,350103000.0,1970999000.0,5601142000.0,13881744000.0,4934886000.0,4937495000.0,4587392000.0,3224223000.0,6905885000.0,4135004000.0,4338176901.522546,0.12091649097414901,0.11080334542787276,38.70418231860332,41.63601616463626,0.024017667685732012,59.2393043116196,0.016880684397298926,44.8366157482612,1.1940726054920383,0.8110679514645842,27988737000.0,12200000.0,0.7151846421076563,2.0,0.059824705464533376,0.06268121327146056,81.92307692307692,0.9171728620263693,1.1909318851720154,260.0,[],True,1.0,ig,Semiconductors and Semiconductor Equipment,7.142857142857142,93.75,75.0,13.333333333333334,65.625,73.33333333333333,28.57142857142857,62.5,71.1864406779661,1.0,54.88654623975974,"{'profitability': 65.7, 'growth': 100.0, 'balance': 73.0, 'stability': 70.2}",33.27444924188982,False,-0.2364501641297272,52.74219134478078,,44.08049774082478,,False,"{""floor"": false, ""depressed_arms"": {""self_pct"": false, ""self_z"": false, ""median_ratio"": false}, ""yield_arm"": false, ""residual_arm"": false, ""brakes"": {""gm"": true, ""fcf_margin"": true, ""roic"": true}, ""self_pct"": 81.92307692307692, ""self_z"": 0.9171728620263693, ""median_ratio"": 1.1909318851720154, ""fcf_yield"": 0.024017667685732012, ""yield_threshold"": 0.0495, ""gs10"": 0.0495, ""residual_pct"": null, ""brake_values"": {""gm"": 1.071329632689194, ""fcf_margin"": 1.0957755909515063, ""roic"": 1.8521335720334082}}",False,"{""floor"": false, ""mom_sector_pct"": 71.1864406779661, ""eps_rev_proxy"": null}"
KO,21344,Coca-Cola Company (The),Consumer Staples,Soft Drinks & Non-alcoholic Beverages,Food Beverage and Tobacco,69.56057494866529,5.9986310746064335,1291281080.2434847,0.39329288418860653,-0.027160203642343617,0.3772200888473842,10.0,0.6012535520477675,0.020293105333908545,0.18054797425150276,0.20747912750797745,0.32079410373034606,0.1929482019291689,0.2186308250395312,0.26293096547435896,6,9,False,0.07746156826284567,-0.09381715561220638,-0.05768840811094755,False,0.6174417660904148,0.24937099261423587,0.27010794578362146,1.0269241054585256,1.3811896458437294,1.3998987452745366,1.1793067151687637,69.36170212765957,0.18513033594872125,1.0953924902870575,235.0,,88.0999984741211,4302482418.0,379048694460.73285,408818694460.73285,63403000000.0,29770000000.0,14631000000.0,2069000000.0,272000000.0,1047000000.0,27669000000.0,49284000000.0,14462000000.0,12562000000.0,12290000000.0,13312000000.0,15509000000.0,13701000000.0,12029532141.13098,0.16819719671338812,0.1897312767713039,28.268475623062706,33.26433640852179,0.030062226034481058,30.710538946869956,0.03256211171448428,27.66576851767994,0.9168673819429238,1.7840608678831646,15411000000.0,355000000.0,0.24866331246155546,10.0,0.16088374154992627,0.16375180460192806,70.2127659574468,0.20353214512071258,1.1459316226395164,235.0,['fcf_cagr5 gate'],False,1.0,ig,Food Beverage and Tobacco,54.54545454545454,78.57142857142857,92.85714285714286,81.81818181818183,53.57142857142857,23.076923076923077,69.23076923076923,7.142857142857139,92.5925925925926,1.0,35.775025990113384,"{'profitability': 82.4, 'growth': 32.3, 'balance': 40.5, 'stability': 65.3}",24.097695165967412,False,0.5039394444449208,20.096514657616257,,29.9363605780404,,False,"{""floor"": false, ""depressed_arms"": {""self_pct"": false, ""self_z"": false, ""median_ratio"": false}, ""yield_arm"": false, ""residual_arm"": false, ""brakes"": {""gm"": true, ""fcf_margin"": true, ""roic"": true}, ""self_pct"": 70.2127659574468, ""self_z"": 0.20353214512071258, ""median_ratio"": 1.1459316226395164, ""fcf_yield"": 0.030062226034481058, ""yield_threshold"": 0.0495, ""gs10"": 0.0495, ""residual_pct"": null, ""brake_values"": {""gm"": 1.0269241054585256, ""fcf_margin"": 1.3811896458437294, ""roic"": 1.1793067151687637}}",False,"{""floor"": false, ""mom_sector_pct"": 92.5925925925926, ""eps_rev_proxy"": null}"
T,732717,AT&T,Communication Services,Integrated Telecommunication Services,Telecommunication Services,42.81998631074607,5.9986310746064335,1275259652.1811738,-0.03791936734666235,-0.10444326183513719,-0.05863311727893372,10.0,,,0.15370786034816727,0.15473385967146314,0.09604759728421368,0.1508263958082061,0.14869703112738686,0.037869400793008524,4,9,False,-0.02560837254106174,-0.03131164492179361,0.05331741929027234,False,,0.13850313190138244,0.153184165232358,,0.9010803454530937,1.0156323394954694,1.7289420288730555,71.15384615384616,0.5722584131917727,1.0702052992676114,260.0,sbc_unreported;gm_derived,25.450000762939453,6852385650.0,174393220020.45535,264457220020.45535,216498000000.0,90064000000.0,39868000000.0,22245000000.0,,20377000000.0,74074000000.0,127239000000.0,25603000000.0,17623000000.0,17623000000.0,19491000000.0,45980000000.0,21558000000.0,22617387328.793327,0.11661182952023873,0.10446926682368117,10.329149709817418,15.006367815948213,0.06663837727189634,13.56817095174467,0.07370190157218019,8.089489749534064,0.8174691529826514,1.6110047846889952,63865000000.0,130711000000.0,0.8987427135585548,0.0,0.060423811255126615,0.07282192055979697,93.07692307692308,1.5932634588421577,1.3100171646073104,260.0,['rev_cagr5 gate'],False,0.9,sector,Communication Services,20.0,72.72727272727273,,25.0,72.72727272727273,40.0,36.36363636363637,72.72727272727273,63.63636363636363,1.0,18.241886685846342,"{'profitability': 45.9, 'growth': 0.0, 'balance': 46.3, 'stability': 56.6}",44.53309925506987,False,-0.757288722819899,32.000878479322765,,31.387492970458105,,False,"{""floor"": false, ""depressed_arms"": {""self_pct"": false, ""self_z"": false, ""median_ratio"": false}, ""yield_arm"": true, ""residual_arm"": false, ""brakes"": {""gm"": false, ""fcf_margin"": false, ""roic"": true}, ""self_pct"": 93.07692307692308, ""self_z"": 1.5932634588421577, ""median_ratio"": 1.3100171646073104, ""fcf_yield"": 0.06663837727189634, ""yield_threshold"": 0.0495, ""gs10"": 0.0495, ""residual_pct"": null, ""brake_values"": {""gm"": null, ""fcf_margin"": 0.9010803454530937, ""roic"": 1.7289420288730555}}",False,"{""floor"": false, ""mom_sector_pct"": 63.63636363636363, ""eps_rev_proxy"": null}"
ADBE,796343,Adobe Inc.,Information Technology,Application Software,Software and Services,29.39082819986311,5.9986310746064335,1269126369.220828,-0.19105365884062164,-0.32965800413682167,-0.33698699693884226,10.0,0.8841245778690814,0.0070930560183759955,0.3178719147729066,0.33278640245698177,0.14014141101557284,0.290673095844474,0.30590264630400943,0.15169398338179332,9,9,False,0.13057654594156753,0.13166711980319734,0.12354955232939746,False,0.8925298421255294,0.3281093569503273,0.30685406237966883,1.0095068777261078,1.0322061865224377,1.055667231561921,1.2704153499398687,3.4615384615384617,-1.5130460501255543,0.3490014637181142,260.0,,238.92999267578125,389200000.0,92991553149.41406,91248553149.41406,10021000000.0,-1743000000.0,10806000000.0,214000000.0,2071000000.0,766000000.0,-1743000000.0,25970000000.0,9271000000.0,10592000000.0,8521000000.0,7969000000.0,10037000000.0,7284000000.0,7276151707.790109,0.21517077901088244,0.7260903809789551,9.842363623062676,10.70866719274898,0.09338230257796384,11.450439597115581,0.08733289159063419,12.766550404916812,1.4541460735859417,-0.17365746737072832,14037000000.0,975000000.0,1.498054086418521,10.0,0.5715377896003243,0.48167714097804204,3.8461538461538463,-1.55863564648296,0.3557812223899523,260.0,[],True,1.0,ig,Software and Services,94.73684210526315,95.45454545454545,94.44444444444444,97.5,63.63636363636363,33.33333333333333,50.0,90.9090909090909,15.254237288135593,1.0,92.28362384738375,"{'profitability': 100.0, 'growth': 100.0, 'balance': 100.0, 'stability': 92.3}",87.45763081207386,True,-1.1664681721521961,34.38160227569568,6.756756756756757,89.8706273297288,10.0,True,"{""floor"": true, ""depressed_arms"": {""self_pct"": true, ""self_z"": true, ""median_ratio"": true}, ""yield_arm"": true, ""residual_arm"": true, ""brakes"": {""gm"": true, ""fcf_margin"": true, ""roic"": true}, ""self_pct"": 3.8461538461538463, ""self_z"": -1.55863564648296, ""median_ratio"": 0.3557812223899523, ""fcf_yield"": 0.09338230257796384, ""yield_threshold"": 0.0495, ""gs10"": 0.0495, ""residual_pct"": 6.756756756756757, ""brake_values"": {""gm"": 1.0095068777261078, ""fcf_margin"": 1.0322061865224377, ""roic"": 1.2704153499398687}}",True,"{""floor"": true, ""mom_sector_pct"": 15.254237288135593, ""eps_rev_proxy"": 10.0}"
ABBV,1551152,AbbVie,Health Care,Biotechnology,Pharmaceuticals Biotechnology and Life Sciences,13.73305954825462,5.9986310746064335,1251929606.407542,0.19398806292692772,0.0,0.23904068696931335,10.0,0.6832078081522587,0.04369912314226034,0.3507154787673492,0.3789882022172002,0.12284161298632312,0.2182905189828226,0.24136519743046783,0.191413511132184,8,9,False,0.05952891709050534,0.011933332554763254,-0.00839927482346392,False,0.714767185412978,0.26766688410524025,0.1655950051253378,1.0461929399578613,0.7632023686151586,0.75859916361447,1.323093335819506,93.84615384615384,2.153858793156558,2.0858853715277825,260.0,gm_derived,265.1199951171875,1767117285.0,468498125970.69763,527375125970.69763,52942000000.0,58877000000.0,19507000000.0,1297000000.0,976000000.0,7869000000.0,58830000000.0,64386000000.0,16870000000.0,18210000000.0,17234000000.0,10662000000.0,24739000000.0,6310000000.0,12248640073.571674,0.27393953327968734,0.23135960246253776,31.261121871410648,30.600854472014486,0.03267882604110071,49.46305814769252,0.02021710823083531,74.2469296308554,2.885895404120444,2.378026597679777,35519000000.0,49139000000.0,1.599070681122738,7.0,0.17486264664709897,0.1721750032024096,100.0,2.675548699792777,2.042820713204297,260.0,[],True,1.0,ig,Pharmaceuticals Biotechnology and Life Sciences,83.33333333333334,100.0,66.66666666666666,87.5,62.5,100.0,41.666666666666664,50.0,45.23809523809524,1.0,43.9554378912908,"{'profitability': 93.0, 'growth': 29.8, 'balance': 20.7, 'stability': 83.9}",24.973860578287656,False,-0.13956105297587662,35.183913857499185,,34.46464923478923,,False,"{""floor"": false, ""depressed_arms"": {""self_pct"": false, ""self_z"": false, ""median_ratio"": false}, ""yield_arm"": false, ""residual_arm"": false, ""brakes"": {""gm"": true, ""fcf_margin"": false, ""roic"": true}, ""self_pct"": 100.0, ""self_z"": 2.675548699792777, ""median_ratio"": 2.042820713204297, ""fcf_yield"": 0.03267882604110071, ""yield_threshold"": 0.0495, ""gs10"": 0.0495, ""residual_pct"": null, ""brake_values"": {""gm"": 1.0461929399578613, ""fcf_margin"": 0.7632023686151586, ""roic"": 1.323093335819506}}",False,"{""floor"": false, ""mom_sector_pct"": 45.23809523809524, ""eps_rev_proxy"": null}"
HD,354950,Home Depot (The),Consumer Discretionary,Home Improvement Retail,Consumer Discretionary Distribution and Retail,38.48596851471595,5.9986310746064335,1230201731.49406,-0.17809088408837437,-0.23947211285054593,-0.26734577279697236,10.0,0.3345460743662461,0.0033366901363473347,0.08979467774211614,0.09001237124314454,0.16312581627119477,0.0904167998030245,0.08805414238176201,0.16650976215620117,8,9,False,0.04506334520303379,-0.05038171248203038,-0.05152684703979871,False,0.33206246748947843,0.08594008606421714,0.08621790324868776,0.9925761888509003,0.9570732723272408,0.9535606594849171,0.5133106092118068,20.384615384615383,-0.9841737082403544,0.8442251929526438,260.0,,292.17999267578125,997689626.0,291504947617.38293,313277947617.38293,38390000000.0,21773000000.0,18779000000.0,3680000000.0,560000000.0,3633000000.0,21773000000.0,169176000000.0,21022000000.0,15099000000.0,14539000000.0,14586000000.0,24655000000.0,14231000000.0,15953485571.024698,0.24110524350562756,0.4155635730925944,14.902385482703023,21.547420566571493,0.046409267267535144,21.477989004345464,0.04655929378666123,20.48379928447635,1.0609936055090998,0.8831068748732509,22899000000.0,9833000000.0,0.8526178692367804,7.0,0.8095752661934965,0.8942910717646713,21.53846153846154,-1.00832889545939,0.8415700541537723,260.0,['fcf_cagr5 gate'],False,1.0,ig,Consumer Discretionary Distribution and Retail,100.0,62.5,44.44444444444444,50.0,55.55555555555556,77.77777777777779,37.5,66.66666666666667,27.27272727272727,1.0,46.13783708901644,"{'profitability': 67.2, 'growth': 18.8, 'balance': 70.6, 'stability': 86.0}",61.7525674143031,False,-0.3135142855554913,29.481719687343485,,53.94520225165977,,False,"{""floor"": false, ""depressed_arms"": {""self_pct"": false, ""self_z"": true, ""median_ratio"": false}, ""yield_arm"": false, ""residual_arm"": false, ""brakes"": {""gm"": true, ""fcf_margin"": true, ""roic"": false}, ""self_pct"": 21.53846153846154, ""self_z"": -1.00832889545939, ""median_ratio"": 0.8415700541537723, ""fcf_yield"": 0.046409267267535144, ""yield_threshold"": 0.0495, ""gs10"": 0.0495, ""residual_pct"": null, ""brake_values"": {""gm"": 0.9925761888509003, ""fcf_margin"": 0.9570732723272408, ""roic"": 0.5133106092118068}}",False,"{""floor"": false, ""mom_sector_pct"": 27.27272727272727, ""eps_rev_proxy"": null}"
PG,80424,Procter & Gamble,Consumer Staples,Personal Care Products,Household and Personal Products,69.56057494866529,5.9986310746064335,1201169975.1319637,-0.029455115587628367,-0.11559407577744718,-0.016629761767183338,10.0,0.4960308374217678,0.03342660756789801,0.1686010061597643,0.1626074051903675,0.07520314878990104,0.17640154633406457,0.17196620948222677,0.08143540413946149,9,9,False,0.02716052126592894,-0.005672302269087881,0.010075770660538996,False,0.5017694641051567,0.16801865980329075,0.1823697030977112,1.0115690925854866,0.9965460090082634,1.0338327916488004,0.9874143293530108,12.307692307692308,-1.2576997804377605,0.8837796864757964,260.0,gm_derived,145.67999267578125,2324433060.0,338623391156.1438,364695391156.1438,80383000000.0,26072000000.0,19556000000.0,4409000000.0,524000000.0,3160000000.0,25083000000.0,87032000000.0,19748000000.0,15147000000.0,14623000000.0,15872000000.0,22908000000.0,16046000000.0,15712886429.749765,0.20433023953059726,0.19547524264769622,18.467459548113418,24.93984757957627,0.04009647600328238,22.97728018876914,0.04352125194037461,21.103289988541928,0.9439735759690888,1.0949449973808276,41276000000.0,19544000000.0,0.7566276451488498,5.0,0.1979667874333752,0.19599836678114885,23.076923076923077,-0.3773980450789461,0.9698044482003804,260.0,[],True,1.0,sector,Consumer Staples,75.0,81.48148148148148,54.166666666666664,35.41666666666667,55.55555555555556,25.0,76.0,48.14814814814815,18.51851851851852,1.0,51.0950588452932,"{'profitability': 81.4, 'growth': 11.3, 'balance': 63.5, 'stability': 92.9}",53.62232341564193,False,-0.07811108534399835,26.966029686368493,,52.35869113046756,,False,"{""floor"": false, ""depressed_arms"": {""self_pct"": false, ""self_z"": false, ""median_ratio"": false}, ""yield_arm"": false, ""residual_arm"": false, ""brakes"": {""gm"": true, ""fcf_margin"": true, ""roic"": true}, ""self_pct"": 23.076923076923077, ""self_z"": -0.3773980450789461, ""median_ratio"": 0.9698044482003804, ""fcf_yield"": 0.04009647600328238, ""yield_threshold"": 0.0495, ""gs10"": 0.0495, ""residual_pct"": null, ""brake_values"": {""gm"": 1.0115690925854866, ""fcf_margin"": 0.9965460090082634, ""roic"": 0.9874143293530108}}",False,"{""floor"": false, ""mom_sector_pct"": 18.51851851851852, ""eps_rev_proxy"": null}"
INTU,896878,Intuit,Information Technology,Application Software,Software and Services,25.804243668720055,5.9986310746064335,1200599054.6300273,-0.4814503837508737,-0.5904902052212725,-0.5986548101911758,10.0,,,0.22112985155290388,0.21742761692650334,0.304118191663643,0.19187676557713212,0.1872912026726058,0.4467168983603445,9,9,False,0.17361336924030368,0.22063308046324348,0.22833818765975522,False,,0.308047370384185,0.2848750466243939,,1.3930609920863022,1.484677135178608,1.3593111099141546,0.38461538461538464,-2.703359516904917,0.21643672547046874,260.0,gm_derived,277.1300048828125,267236000.0,74059113984.86328,78020113984.86328,22953000000.0,3961000000.0,8838000000.0,175000000.0,2056000000.0,672000000.0,3961000000.0,21448000000.0,5884000000.0,8663000000.0,6607000000.0,6110000000.0,6556000000.0,4566000000.0,4465072959.946817,0.24115007478810038,0.19453112708346698,13.259706659562081,11.808705007547038,0.08468329078937038,12.769249424691209,0.07831313859891827,16.21969206852021,1.8972842750766534,0.6041793776693105,13981000000.0,4642000000.0,0.8113536356903237,9.0,0.14311008397169087,0.14001441060057837,0.38461538461538464,-2.6690950034687924,0.23681364764006002,260.0,[],True,0.9,ig,Software and Services,47.368421052631575,68.18181818181817,,90.0,63.63636363636363,66.66666666666666,35.0,77.27272727272728,1.694915254237288,1.0,68.04874961607848,"{'profitability': 78.5, 'growth': 100.0, 'balance': 79.9, 'stability': 79.7}",87.31020967394845,True,-1.0398969310271644,33.405945830841816,12.162162162162163,77.67947964501346,-12.0,False,"{""floor"": true, ""depressed_arms"": {""self_pct"": true, ""self_z"": true, ""median_ratio"": true}, ""yield_arm"": true, ""residual_arm"": true, ""brakes"": {""gm"": false, ""fcf_margin"": true, ""roic"": true}, ""self_pct"": 0.38461538461538464, ""self_z"": -2.6690950034687924, ""median_ratio"": 0.23681364764006002, ""fcf_yield"": 0.08468329078937038, ""yield_threshold"": 0.0495, ""gs10"": 0.0495, ""residual_pct"": 12.162162162162163, ""brake_values"": {""gm"": null, ""fcf_margin"": 1.3930609920863022, ""roic"": 1.3593111099141546}}",False,"{""floor"": true, ""mom_sector_pct"": 1.694915254237288, ""eps_rev_proxy"": -12.0}"
BA,12927,Boeing,Industrials,Aerospace & Defense,Capital Goods,69.56057494866529,5.9986310746064335,1200391776.0403736,-0.05170382114541605,-0.21951216412660113,-0.11054863989125885,5.0,0.043849103906464355,0.948203502115392,-0.05186714378442213,-0.025742485720353665,,-0.05534079014685596,-0.0146876362295027,,6,9,False,0.0899505600378272,,,False,0.04677908399382946,-0.006872705994999734,0.01071333581573488,1.0668196114934325,0.13250596608066734,-0.19358841439208344,,,,,,,196.8000030517578,790370020.0,155544822348.01788,183511822348.01788,34067000000.0,27967000000.0,3639000000.0,3849000000.0,436000000.0,2196000000.0,27952000000.0,93995000000.0,4600000000.0,-210000000.0,-646000000.0,1007000000.0,6796000000.0,2435000000.0,4045882775.979863,0.12046026609133405,0.11876252020958297,39.893874423482146,,-0.003520209170910549,182.23616916387078,0.005487384884066444,63.878777144976546,-0.08624229979466119,4.113007651559741,17554000000.0,1531000000.0,0.560219567323216,2.0,,,,,,,['fcf_cagr5 gate'],False,0.8,ig,Capital Goods,,4.878048780487805,3.125,15.853658536585366,8.333333333333332,5.128205128205128,2.7027027027026946,12.195121951219505,28.125,1.0,15.27284090240671,"{'profitability': 29.7, 'growth': 75.0, 'balance': 0.0, 'stability': 44.4}",,False,,,,,,False,"{""floor"": false, ""depressed_arms"": {""self_pct"": false, ""self_z"": false, ""median_ratio"": false}, ""yield_arm"": false, ""residual_arm"": false, ""brakes"": {""gm"": true, ""fcf_margin"": false, ""roic"": false}, ""self_pct"": null, ""self_z"": null, ""median_ratio"": null, ""fcf_yield"": -0.003520209170910549, ""yield_threshold"": 0.0495, ""gs10"": 0.0495, ""residual_pct"": null, ""brake_values"": {""gm"": 1.0668196114934325, ""fcf_margin"": 0.13250596608066734, ""roic"": null}}",False,"{""floor"": false, ""mom_sector_pct"": 28.125, ""eps_rev_proxy"": null}"
ANET,1596532,Arista Networks,Information Technology,Communications Equipment,Technology Hardware and Equipment,8.0766598220397,5.9986310746064335,1198713494.5143843,0.3710877535635966,0.0,0.4435087505139803,10.0,0.6300117588715485,0.019905546914760246,0.2994003639006137,0.29057028770349136,0.6558627821344996,0.2985025388847603,0.2843930241288693,0.7205658387430762,8,9,False,0.31189506024306746,0.4265693890376421,0.4697088222955339,False,0.6300375683060109,0.4414275956284153,0.4469869459623558,1.0000409665916532,1.474372274894588,1.497430968702478,0.9344576314583829,96.53846153846153,2.1109492259361207,2.7658399448993034,260.0,,205.6999969482422,1261224648.0,259433906244.64783,257205660244.64783,12569454000.0,-2228246000.0,5306600000.0,151300000.0,502300000.0,92700000.0,-2228246000.0,10540800000.0,4546900000.0,5155300000.0,4653000000.0,4711600000.0,4639600000.0,533203511.0,3685301539.0164723,0.18949140315017435,0.29319503766961336,56.56725686613909,55.277382386556596,0.018090581659727777,54.5898761025231,0.01831841490392723,486.55701039569453,9.66854098603263,-0.48026683334770237,416100000.0,258200000.0,0.05364592606806946,10.0,0.3137595839546323,0.305047720091394,98.46153846153847,2.241865474445638,2.926983814965692,260.0,[],True,1.0,ig,Technology Hardware and Equipment,76.19047619047619,100.0,75.0,85.71428571428571,64.28571428571429,100.0,90.0,9.523809523809518,61.016949152542374,1.0,67.45388975296842,"{'profitability': 100.0, 'growth': 100.0, 'balance': 100.0, 'stability': 67.5}",9.220487567827144,True,0.4312314977252707,35.91418449377541,71.62162162162163,38.337188660397786,15.0,False,"{""floor"": true, ""depressed_arms"": {""self_pct"": false, ""self_z"": false, ""median_ratio"": false}, ""yield_arm"": false, ""residual_arm"": false, ""brakes"": {""gm"": true, ""fcf_margin"": true, ""roic"": true}, ""self_pct"": 98.46153846153847, ""self_z"": 2.241865474445638, ""median_ratio"": 2.926983814965692, ""fcf_yield"": 0.018090581659727777, ""yield_threshold"": 0.0495, ""gs10"": 0.0495, ""residual_pct"": 71.62162162162163, ""brake_values"": {""gm"": 1.0000409665916532, ""fcf_margin"": 1.474372274894588, ""roic"": 0.9344576314583829}}",False,"{""floor"": true, ""mom_sector_pct"": 61.016949152542374, ""eps_rev_proxy"": 15.0}"
TMO,97745,Thermo Fisher Scientific,Health Care,Life Sciences Tools & Services,Pharmaceuticals Biotechnology and Life Sciences,22.143737166324435,5.9986310746064335,1144796282.754205,0.3438915439036161,0.0,0.466426852264455,10.0,,,0.15323784555708894,0.1551438504795016,0.046097538448707814,0.12522589345535068,0.12169653790493154,0.12156390462963886,8,9,False,0.06699288544037874,-0.015811300096795544,-0.03898438743251165,False,,0.15104886049723756,0.12413674033149172,,0.9857151146187586,0.9913024926889638,0.8126193081402059,68.46153846153847,0.5940768473972705,1.099243176180325,260.0,gm_derived,678.3900146484375,369747286.0,250832866765.76,270386866765.76,72233000000.0,19554000000.0,9013000000.0,1695000000.0,319000000.0,2942000000.0,19547000000.0,46336000000.0,8145000000.0,7318000000.0,6999000000.0,5752000000.0,11087000000.0,6984000000.0,7261616721.04174,0.10845712448842972,0.10053046005346228,33.19666872507796,38.63221413998571,0.025885132971577844,47.00745249752434,0.021273222582156845,35.91535892980527,1.047823596792669,1.7630558311536033,54832000000.0,15839000000.0,0.9783755347278944,6.0,0.12371163107549148,0.12228683158899688,78.46153846153847,0.8627338060513109,1.1210722285387078,260.0,[],True,0.9,ig,Pharmaceuticals Biotechnology and Life Sciences,50.0,33.33333333333333,,70.83333333333334,62.5,44.44444444444444,50.0,40.0,69.04761904761905,1.0,38.386382792639296,"{'profitability': 55.3, 'growth': 27.9, 'balance': 41.2, 'stability': 89.5}",28.361284572324422,False,0.10069169490824992,34.93170245639024,,33.37383368248186,,False,"{""floor"": false, ""depressed_arms"": {""self_pct"": false, ""self_z"": false, ""median_ratio"": false}, ""yield_arm"": false, ""residual_arm"": false, ""brakes"": {""gm"": false, ""fcf_margin"": true, ""roic"": false}, ""self_pct"": 78.46153846153847, ""self_z"": 0.8627338060513109, ""median_ratio"": 1.1210722285387078, ""fcf_yield"": 0.025885132971577844, ""yield_threshold"": 0.0495, ""gs10"": 0.0495, ""residual_pct"": null, ""brake_values"": {""gm"": null, ""fcf_margin"": 0.9857151146187586, ""roic"": 0.8126193081402059}}",False,"{""floor"": false, ""mom_sector_pct"": 69.04761904761905, ""eps_rev_proxy"": null}"
TER,97210,Teradyne,Information Technology,Semiconductor Materials & Equipment,Semiconductors and Semiconductor Equipment,6.009582477754963,5.9986310746064335,1107323604.4520948,1.6274555442028182,-0.11433840437700027,1.870822356122507,10.0,0.5857841672566705,0.01292909404255615,0.15401353414029612,0.1374686227019562,0.38614895420570244,0.17294492727986716,0.1556863249159847,0.35140962049366264,6,9,False,0.004354396137920213,-0.08015437579846507,-0.071021693580818,False,0.5924161368951066,0.16263327920437828,0.19229794775170692,1.0113215242219584,1.055967451900884,1.1119027934281174,0.9825840134449219,88.46153846153845,1.396304231430275,1.9422836105903816,260.0,,387.70001220703125,156340750.0,60613310683.45642,60269333683.45642,3093185000.0,-343977000.0,1064951000.0,265019000.0,73932000.0,132595000.0,-380128000.0,4464031000.0,1349317000.0,799932000.0,726000000.0,858424000.0,1481912000.0,1150220000.0,1167561123.5007112,0.13470213189286787,0.37746242901756966,44.66654884171505,83.01561113423749,0.012045927101385604,70.2092831554761,0.014243130752176083,52.697145488216535,0.6954599989567213,-0.2565118576541657,663817000.0,101910000.0,0.2475529268375477,9.0,0.38415282953179053,0.24870590404398574,88.07692307692308,1.35509432275807,2.0424089633766758,260.0,['fcf_cagr5 gate'],False,1.0,ig,Semiconductors and Semiconductor Equipment,64.28571428571429,37.5,68.75,80.0,65.625,33.33333333333333,71.42857142857143,31.25,91.52542372881356,1.0,38.60699606713908,"{'profitability': 77.5, 'growth': 1.8, 'balance': 100.0, 'stability': 62.7}",17.754735577224192,False,0.41495215416918274,54.82117486118774,,28.180865822181637,,False,"{""floor"": false, ""depressed_arms"": {""self_pct"": false, ""self_z"": false, ""median_ratio"": false}, ""yield_arm"": false, ""residual_arm"": false, ""brakes"": {""gm"": true, ""fcf_margin"": true, ""roic"": true}, ""self_pct"": 88.07692307692308, ""self_z"": 1.35509432275807, ""median_ratio"": 2.0424089633766758, ""fcf_yield"": 0.012045927101385604, ""yield_threshold"": 0.0495, ""gs10"": 0.0495, ""residual_pct"": null, ""brake_values"": {""gm"": 1.0113215242219584, ""fcf_margin"": 1.055967451900884, ""roic"": 0.9825840134449219}}",False,"{""floor"": false, ""mom_sector_pct"": 91.52542372881356, ""eps_rev_proxy"": null}"
PEP,77476,PepsiCo,Consumer Staples,Soft Drinks & Non-alcoholic Beverages,Food Beverage and Tobacco,69.56057494866529,5.9986310746064335,1079251705.0747266,0.03413976953829767,-0.22546199179242798,-0.05053699292778524,10.0,0.5385972080414163,0.010617562470375602,0.07609798619323727,0.0786159169550173,0.11413243911489646,0.09894583364186303,0.09781827683062251,0.09127622347234332,9,9,False,0.0594397460523417,0.03779825265584025,0.013646283752731359,False,0.5395649302402378,0.09249360191529761,0.09842730950218773,1.0017967456651706,1.2154540026910383,0.9947595151752209,0.9680616484220023,0.7692307692307693,-1.571507237819821,0.8294661836671428,260.0,,128.14999389648438,1364891558.0,174910844827.06305,222735844827.06305,69923000000.0,47825000000.0,13456000000.0,4174000000.0,319000000.0,3599000000.0,47653000000.0,96904000000.0,14362000000.0,9282000000.0,8963000000.0,9538000000.0,17961000000.0,10451000000.0,11481519805.367598,0.2005626092906561,0.1642023340727314,15.50869271877615,24.850590742727107,0.04024049208136691,23.352468528733805,0.042822025379011225,16.736278330022298,0.8881446751507033,2.653137353154056,19093000000.0,15177000000.0,0.49011055017662286,10.0,0.16961970793945916,0.17256964776665804,0.38461538461538464,-1.9470859768938167,0.6669851292423346,260.0,[],True,1.0,ig,Food Beverage and Tobacco,72.72727272727273,21.428571428571427,57.14285714285714,81.81818181818183,53.57142857142857,15.384615384615385,46.15384615384615,64.28571428571428,44.44444444444444,1.0,35.738368568404326,"{'profitability': 56.8, 'growth': 40.5, 'balance': 11.6, 'stability': 93.2}",70.08126616544351,False,0.2112358347531922,20.11861870114142,,52.90981736692392,,False,"{""floor"": false, ""depressed_arms"": {""self_pct"": true, ""self_z"": true, ""median_ratio"": true}, ""yield_arm"": false, ""residual_arm"": false, ""brakes"": {""gm"": true, ""fcf_margin"": true, ""roic"": true}, ""self_pct"": 0.38461538461538464, ""self_z"": -1.9470859768938167, ""median_ratio"": 0.6669851292423346, ""fcf_yield"": 0.04024049208136691, ""yield_threshold"": 0.0495, ""gs10"": 0.0495, ""residual_pct"": null, ""brake_values"": {""gm"": 1.0017967456651706, ""fcf_margin"": 1.2154540026910383, ""roic"": 0.9680616484220023}}",False,"{""floor"": false, ""mom_sector_pct"": 44.44444444444444, ""eps_rev_proxy"": null}"
ISRG,1035267,Intuitive Surgical,Health Care,Health Care Equipment,Health Care Equipment and Services,18.313483915126625,5.9986310746064335,1058228472.8410404,-0.15533185929481375,-0.31850437420015254,-0.09430541930538472,10.0,0.6732046156419665,0.017161202901436936,0.11311518254304347,0.07507094024257373,0.42795596900743005,0.15280313263776174,0.15355419595071898,0.3209482740394754,8,9,False,0.182210329592003,0.16850948894019702,0.14755946849101176,False,0.6667875009062568,0.2171753788153411,0.20322808671065032,0.9904678093604715,1.9199489753084193,1.329999478429719,1.1146826316116072,6.923076923076923,-0.7053186412820731,0.5932649895720984,260.0,,399.5199890136719,353278038.0,141141637860.53156,136225637860.53156,13252400000.0,-4916000000.0,3706400000.0,483800000.0,826200000.0,637700000.0,-5045300000.0,11034400000.0,3451200000.0,3222600000.0,2396400000.0,2242500000.0,4088900000.0,3138800000.0,2863667160.649535,0.17024015975616164,0.21608668321583527,39.471962755137795,56.84595136894156,0.01759140230602881,60.747218666903706,0.016461659018223003,44.96675094320491,1.0266981011851664,-1.2339015383110372,580600000.0,192000000.0,0.058298874166188765,7.0,0.1938548938395293,0.1983429177606938,5.47945205479452,-0.44769665042732126,0.4327205771854309,219.0,[],True,1.0,ig,Health Care Equipment and Services,70.37037037037037,62.06896551724138,72.72727272727273,76.78571428571429,58.333333333333336,20.689655172413794,85.18518518518519,3.3333333333333286,7.142857142857142,1.0,61.23009972195189,"{'profitability': 64.6, 'growth': 100.0, 'balance': 100.0, 'stability': 71.3}",37.25614409606396,True,0.7994736046039024,25.55598145378523,85.13513513513513,49.243121909007925,-19.0,False,"{""floor"": true, ""depressed_arms"": {""self_pct"": true, ""self_z"": false, ""median_ratio"": true}, ""yield_arm"": false, ""residual_arm"": false, ""brakes"": {""gm"": true, ""fcf_margin"": true, ""roic"": true}, ""self_pct"": 5.47945205479452, ""self_z"": -0.44769665042732126, ""median_ratio"": 0.4327205771854309, ""fcf_yield"": 0.01759140230602881, ""yield_threshold"": 0.0495, ""gs10"": 0.0495, ""residual_pct"": 85.13513513513513, ""brake_values"": {""gm"": 0.9904678093604715, ""fcf_margin"": 1.9199489753084193, ""roic"": 1.1146826316116072}}",False,"{""floor"": true, ""mom_sector_pct"": 7.142857142857142, ""eps_rev_proxy"": -19.0}"
HPE,1645590,Hewlett Packard Enterprise,Information Technology,"Technology Hardware, Storage & Peripherals",Technology Hardware and Equipment,10.896646132785763,5.9986310746064335,1030063996.2458607,1.2132870465284977,0.0,1.694390907212421,8.0,,,0.0472835377783387,0.040226531662948345,0.49563092787570834,0.04865802903424363,0.047503003260683026,0.7818303083367093,6,9,True,0.0491410171503146,-0.342998158475206,,False,,0.08027035418308615,0.05753385398008168,,1.697638500726974,1.182412340203743,1.4864785814972894,90.45454545454545,1.4417613886343832,2.1491053031567673,220.0,gm_derived,63.52000045776367,1327464779.0,84320563369.74515,100148563369.74515,42342000000.0,15828000000.0,6694000000.0,2538000000.0,795000000.0,3490000000.0,15771000000.0,41871000000.0,2602000000.0,4156000000.0,3361000000.0,2409000000.0,6092000000.0,2791000000.0,2346585113.072043,0.098160986521121,0.055419798617732816,38.48907124125486,29.797251820810814,0.03356014192226902,41.57267055614162,0.024054264174574853,30.211595617966733,1.4890720171981369,2.5888049901510177,23907000000.0,5469000000.0,0.6937792263001276,1.0,0.037282608244452446,0.03252455646083665,74.0909090909091,0.14217946904562817,1.2451643001025394,220.0,['fcf_cagr5 gate'],False,0.9,ig,Technology Hardware and Equipment,4.761904761904762,31.57894736842105,,7.142857142857142,16.666666666666664,80.95238095238095,10.0,23.80952380952381,84.7457627118644,1.0,7.482118016394577,"{'profitability': 16.2, 'growth': 20.5, 'balance': 13.7, 'stability': 44.7}",28.444942272729335,False,-0.14292330698610156,34.37534098381505,,17.963530144561958,,False,"{""floor"": false, ""depressed_arms"": {""self_pct"": false, ""self_z"": false, ""median_ratio"": false}, ""yield_arm"": false, ""residual_arm"": false, ""brakes"": {""gm"": false, ""fcf_margin"": true, ""roic"": true}, ""self_pct"": 74.0909090909091, ""self_z"": 0.14217946904562817, ""median_ratio"": 1.2451643001025394, ""fcf_yield"": 0.03356014192226902, ""yield_threshold"": 0.0495, ""gs10"": 0.0495, ""residual_pct"": null, ""brake_values"": {""gm"": null, ""fcf_margin"": 1.697638500726974, ""roic"": 1.4864785814972894}}",False,"{""floor"": false, ""mom_sector_pct"": 84.7457627118644, ""eps_rev_proxy"": null}"
ACN,1467373,Accenture,Information Technology,IT Consulting & Other Services,Software and Services,15.222450376454484,5.9986310746064335,1022055673.4344769,-0.19020298101008326,-0.3673672666046517,-0.24230741183425175,10.0,0.3224575194765293,0.008049117648886508,0.11897095117754213,0.11597406610887159,0.09736445034724285,0.10703331309743261,0.10621361828824921,0.1153000163334282,9,9,False,0.09465969836955224,0.07382899430159862,0.05972356766465903,False,0.3201307502371321,0.1436051668745674,0.1324547239657177,0.9927842611852427,1.2070607610782507,1.2375093336141425,0.8693360224451271,4.615384615384616,-2.030577368695448,0.38565108192512165,260.0,shares_was_proxy;gm_derived,177.41000366210938,612213453.0,108612790938.72263,103835858938.72263,27113634000.0,-4776932000.0,13182094000.0,600406000.0,2084065000.0,1415510000.0,-5900205000.0,73100594000.0,10592234000.0,12581688000.0,10497623000.0,9682519000.0,12007744000.0,7789752000.0,7896376163.061968,0.2545126775841652,0.2912326751575229,9.803017846728332,9.891368640188604,0.1010982439717192,10.72405424029869,0.09324831613049989,13.943035790962616,1.615158993508394,-0.49136665471882146,25322800000.0,2498992000.0,1.0261181514805429,7.0,0.33500587533275217,0.32839133682714733,4.615384615384616,-2.0338069557194793,0.3985672496477638,260.0,[],True,1.0,ig,Software and Services,68.42105263157895,22.727272727272727,5.555555555555555,80.0,63.63636363636363,52.38095238095239,65.0,95.45454545454545,16.94915254237288,1.0,75.78127184803738,"{'profitability': 73.2, 'growth': 70.2, 'balance': 100.0, 'stability': 94.3}",90.12572533849129,True,-1.2347536403672157,34.001891747311596,1.3513513513513513,82.95349859326433,3.0,False,"{""floor"": true, ""depressed_arms"": {""self_pct"": true, ""self_z"": true, ""median_ratio"": true}, ""yield_arm"": true, ""residual_arm"": true, ""brakes"": {""gm"": true, ""fcf_margin"": true, ""roic"": false}, ""self_pct"": 4.615384615384616, ""self_z"": -2.0338069557194793, ""median_ratio"": 0.3985672496477638, ""fcf_yield"": 0.1010982439717192, ""yield_threshold"": 0.0495, ""gs10"": 0.0495, ""residual_pct"": 1.3513513513513513, ""brake_values"": {""gm"": 0.9927842611852427, ""fcf_margin"": 1.2070607610782507, ""roic"": 0.8693360224451271}}",True,"{""floor"": true, ""mom_sector_pct"": 16.94915254237288, ""eps_rev_proxy"": 3.0}"
MPWR,1280452,Monolithic Power Systems,Information Technology,Semiconductors,Semiconductors and Semiconductor Equipment,5.61533196440794,5.9986310746064335,1003825136.6552397,0.42532866075822184,-0.18042975049116194,0.5152896276837748,10.0,0.5635248689538707,0.021088396592173132,0.13823752228634945,0.1572135623565872,0.45479670607615164,0.17195902902029758,0.20003805825493226,0.5867483076513033,9,9,False,0.27004800152081065,0.2571099993861663,0.35017191186391794,True,0.551953190160695,0.11507785447570817,0.16905722241333904,0.9794655401550293,0.8324646779861431,0.9831250116757985,0.8470964980641138,71.53846153846153,0.19363148399739114,1.3049378443772703,260.0,,1335.550048828125,49143000.0,65632936049.56055,64242240049.56055,2504728000.0,-1390696000.0,822337000.0,236800000.0,208869000.0,60117000.0,-1390696000.0,3273158000.0,940165000.0,585537000.0,376668000.0,553351000.0,1000282000.0,801946000.0,766019473.6243205,0.18522868472627632,0.3058294048792206,68.33081432467763,170.5540158695736,0.005863245112708,116.09672712177361,0.008613507243413521,81.84208918002028,0.7301451718694276,-1.3903039342905301,25944000.0,111000.0,0.010402327118952637,10.0,0.36103254538076657,0.42917691706248634,81.15384615384616,0.029660524184173673,1.5009142905278203,260.0,[],True,1.0,ig,Semiconductors and Semiconductor Equipment,57.14285714285714,25.0,56.25,93.33333333333333,65.625,40.0,92.85714285714286,12.5,66.10169491525424,1.0,67.03966262658942,"{'profitability': 73.0, 'growth': 100.0, 'balance': 100.0, 'stability': 75.2}",12.998335235940061,True,1.1362659927745735,54.750475982052784,93.24324324324324,40.01899893126474,3.0,False,"{""floor"": true, ""depressed_arms"": {""self_pct"": false, ""self_z"": false, ""median_ratio"": false}, ""yield_arm"": false, ""residual_arm"": false, ""brakes"": {""gm"": true, ""fcf_margin"": false, ""roic"": false}, ""self_pct"": 81.15384615384616, ""self_z"": 0.029660524184173673, ""median_ratio"": 1.5009142905278203, ""fcf_yield"": 0.005863245112708, ""yield_threshold"": 0.0495, ""gs10"": 0.0495, ""residual_pct"": 93.24324324324324, ""brake_values"": {""gm"": 0.9794655401550293, ""fcf_margin"": 0.8324646779861431, ""roic"": 0.8470964980641138}}",False,"{""floor"": true, ""mom_sector_pct"": 66.10169491525424, ""eps_rev_proxy"": 3.0}"
DDOG,1561550,Datadog,Information Technology,Application Software,Software and Services,1.212867898699521,5.9986310746064335,994875545.7572209,0.7040338192767859,-0.04123591350760136,0.8474149701363558,9.0,0.7960431954942917,0.016433439691962922,0.07279577792730438,0.07291347524683718,0.4320728751267351,0.07036331274504795,0.0730237707161444,0.5556103703899132,8,8,True,0.4153252804745149,0.3788155747941202,,False,0.7951226767673585,0.09052102174968016,0.08672065746932293,0.9988436321896306,1.243492745418239,1.2324697926537886,2.6360107516720643,56.91056910569105,0.04710154599115228,1.147709527216483,246.0,shares_was_proxy,256.9200134277344,356253000.0,91528525543.67065,91385824543.67065,4224459000.0,-142701000.0,1229034000.0,46925000.0,823037000.0,62000000.0,-142701000.0,3966725000.0,16329000.0,1182109000.0,359072000.0,343997000.0,78329000.0,177543000.0,14513359.03903904,0.1111911911911912,0.003435554479056144,5596.53527733913,254.50557142765422,0.003929187068049157,265.65878348843347,0.003764227129510811,515.5287763734456,6.658156052336617,-1.8218156749096759,706721000.0,23157000.0,0.172774312639796,0.0,0.0013033158066130483,-0.010378670736420537,54.87804878048781,0.03697602817080297,1.1121473087148013,246.0,[],True,1.0,ig,Software and Services,10.526315789473683,13.636363636363635,66.66666666666666,15.0,22.727272727272727,95.23809523809523,90.0,0.0,76.27118644067797,1.0,50.528870453155804,"{'profitability': 14.6, 'growth': 100.0, 'balance': 100.0, 'stability': 76.8}",17.859607184244535,False,1.702401281104097,32.50068458925094,,34.19423881870017,,False,"{""floor"": false, ""depressed_arms"": {""self_pct"": false, ""self_z"": false, ""median_ratio"": false}, ""yield_arm"": false, ""residual_arm"": false, ""brakes"": {""gm"": true, ""fcf_margin"": true, ""roic"": true}, ""self_pct"": 54.87804878048781, ""self_z"": 0.03697602817080297, ""median_ratio"": 1.1121473087148013, ""fcf_yield"": 0.003929187068049157, ""yield_threshold"": 0.0495, ""gs10"": 0.0495, ""residual_pct"": null, ""brake_values"": {""gm"": 0.9988436321896306, ""fcf_margin"": 1.243492745418239, ""roic"": 2.6360107516720643}}",False,"{""floor"": false, ""mom_sector_pct"": 76.27118644067797, ""eps_rev_proxy"": null}"
AMGN,318154,Amgen,Health Care,Biotechnology,Pharmaceuticals Biotechnology and Life Sciences,34.729637234770706,5.9986310746064335,983457871.8595299,0.6280145963093304,-0.07577442707036308,0.5286967301923233,10.0,0.6992395922218686,0.07511966676368191,0.27516480161656653,0.29511728099569173,0.11727636373980152,0.17102572124203272,0.16060315940641456,0.14877409690317264,7,9,False,0.07647774623365566,-0.03912580906510643,-0.08130173740024371,False,0.6951568447302796,0.2541803386271164,0.19212495078094238,0.9941611608710316,0.9237385637037571,1.1233687505346075,1.088209060857111,65.0,0.4988636200236216,1.1740017284392108,260.0,gm_derived,406.0400085449219,540632005.0,219518223929.85825,263664223929.85825,55834000000.0,44146000000.0,12478000000.0,2303000000.0,492000000.0,4667000000.0,44146000000.0,38095000000.0,11426000000.0,10175000000.0,9683000000.0,7319000000.0,16093000000.0,8743000000.0,9908577614.569862,0.13280433970156985,0.1774649427690988,23.07581165148418,27.229600736327402,0.03672473973024091,36.02462411939585,0.027758790672894062,25.107883327217003,1.1637881733958595,2.743180264711365,18668000000.0,21279000000.0,0.7154601139090877,5.0,0.163079824596683,0.14191731200885857,74.23076923076923,1.4531724236517105,1.390351653069438,260.0,[],True,1.0,ig,Pharmaceuticals Biotechnology and Life Sciences,66.66666666666666,83.33333333333334,77.77777777777779,58.333333333333336,62.5,66.66666666666666,33.33333333333334,80.0,92.85714285714286,1.0,34.977403097245954,"{'profitability': 85.5, 'growth': 31.9, 'balance': 8.6, 'stability': 75.5}",46.08125170630631,False,-0.2548340385333159,35.13292350654516,,40.52932740177613,,False,"{""floor"": false, ""depressed_arms"": {""self_pct"": false, ""self_z"": false, ""median_ratio"": false}, ""yield_arm"": false, ""residual_arm"": false, ""brakes"": {""gm"": true, ""fcf_margin"": false, ""roic"": true}, ""self_pct"": 74.23076923076923, ""self_z"": 1.4531724236517105, ""median_ratio"": 1.390351653069438, ""fcf_yield"": 0.03672473973024091, ""yield_threshold"": 0.0495, ""gs10"": 0.0495, ""residual_pct"": null, ""brake_values"": {""gm"": 0.9941611608710316, ""fcf_margin"": 0.9237385637037571, ""roic"": 1.088209060857111}}",False,"{""floor"": false, ""mom_sector_pct"": 92.85714285714286, ""eps_rev_proxy"": null}"
APH,820313,Amphenol,Information Technology,Electronic Components,Technology Hardware and Equipment,17.984941820670773,5.9986310746064335,973853461.7499586,0.2936007018423361,-0.01632742287635014,0.3647652588043615,10.0,0.33272634672800655,0.05957262415458759,0.14342933551978476,0.1347777865800523,0.4649387036090449,0.14396569744529666,0.14009722130986008,0.4903446263239141,8,9,False,0.21847048472093156,,,False,0.38496616905476716,0.15705968929990796,0.15203071842933416,1.157005367445293,1.095031840806674,1.056020434917158,1.2162254390722969,84.23076923076923,1.6147072406509246,1.8383207647386748,260.0,,83.08000183105469,1232983457.0,102436267865.22014,100944052865.22014,13999385000.0,-1492215000.0,5871700000.0,1158000000.0,157100000.0,1303900000.0,-1613715000.0,29011900000.0,7841400000.0,4713700000.0,4556600000.0,4410700000.0,9145300000.0,5143100000.0,5554440989.650182,0.2916518747098501,0.3967632142162089,12.873218158137595,22.15337156327528,0.04513985589704768,22.886175179726607,0.04369450081313001,19.917222660500503,0.9165094981625868,-0.17645293210720261,17554700000.0,5019800000.0,1.612535122078577,10.0,0.3262250578468815,0.2189957525932241,80.76923076923077,1.4873468592151826,1.8338737093730648,260.0,['fcf_cagr5 gate'],False,1.0,ig,Technology Hardware and Equipment,80.95238095238095,57.89473684210527,40.0,85.71428571428571,64.28571428571429,23.809523809523807,75.0,90.47619047619048,59.32203389830508,1.0,59.22654633177201,"{'profitability': 77.0, 'growth': 100.0, 'balance': 100.0, 'stability': 65.2}",48.34438838005655,False,-0.48395260128940354,35.94328578096129,,53.78546735591428,,False,"{""floor"": false, ""depressed_arms"": {""self_pct"": false, ""self_z"": false, ""median_ratio"": false}, ""yield_arm"": false, ""residual_arm"": false, ""brakes"": {""gm"": true, ""fcf_margin"": true, ""roic"": true}, ""self_pct"": 80.76923076923077, ""self_z"": 1.4873468592151826, ""median_ratio"": 1.8338737093730648, ""fcf_yield"": 0.04513985589704768, ""yield_threshold"": 0.0495, ""gs10"": 0.0495, ""residual_pct"": null, ""brake_values"": {""gm"": 1.157005367445293, ""fcf_margin"": 1.095031840806674, ""roic"": 1.2162254390722969}}",False,"{""floor"": false, ""mom_sector_pct"": 59.32203389830508, ""eps_rev_proxy"": null}"
ABT,1800,Abbott Laboratories,Health Care,Health Care Equipment,Health Care Equipment and Services,69.56057494866529,5.9986310746064335,965899479.6311995,-0.13837811779481557,-0.2316953401026769,-0.22571243508174077,10.0,0.5602537985573318,0.011679804718473043,0.14925237279273162,0.15184533477711604,0.1759181212699683,0.12047627368739491,0.1289487549538405,0.20266572647129205,8,9,False,0.05075224605174555,0.05256205756552523,0.07512211055170948,False,0.5626135507599592,0.1481366597243763,0.1242743829485532,1.0042119343210234,0.9925246543992656,1.031525786322155,0.5693851351505428,41.15384615384615,-0.35720497238359655,0.8996390188039732,260.0,gm_derived,101.06999969482422,1741812429.0,176044981667.47104,204643981667.47104,80660000000.0,28599000000.0,9464000000.0,2086000000.0,692000000.0,3163000000.0,27959000000.0,45134000000.0,7705000000.0,7378000000.0,6686000000.0,5609000000.0,10868000000.0,6276000000.0,5942802015.484822,0.22870836917782966,0.07367718838934816,26.55989379201441,30.607834529983702,0.032671373697488834,36.484931657598686,0.027408575391746164,28.050506957850708,1.175589547482473,2.5725984541774016,35221000000.0,1200000000.0,0.4515373171336474,6.0,0.12939780798785386,0.11731647172692065,45.0,-0.3133228799732425,0.9255003488572958,260.0,[],True,1.0,ig,Health Care Equipment and Services,55.55555555555556,79.3103448275862,40.909090909090914,60.71428571428571,58.333333333333336,41.37931034482759,29.629629629629633,23.33333333333333,11.904761904761903,1.0,30.756798724752155,"{'profitability': 48.0, 'growth': 43.0, 'balance': 14.2, 'stability': 84.5}",37.226944024140266,False,0.1887881496654482,25.34212059114696,,33.99187137444621,,False,"{""floor"": false, ""depressed_arms"": {""self_pct"": false, ""self_z"": false, ""median_ratio"": false}, ""yield_arm"": false, ""residual_arm"": false, ""brakes"": {""gm"": true, ""fcf_margin"": true, ""roic"": false}, ""self_pct"": 45.0, ""self_z"": -0.3133228799732425, ""median_ratio"": 0.9255003488572958, ""fcf_yield"": 0.032671373697488834, ""yield_threshold"": 0.0495, ""gs10"": 0.0495, ""residual_pct"": null, ""brake_values"": {""gm"": 1.0042119343210234, ""fcf_margin"": 0.9925246543992656, ""roic"": 0.5693851351505428}}",False,"{""floor"": false, ""mom_sector_pct"": 11.904761904761903, ""eps_rev_proxy"": null}"
VLO,1035002,Valero Energy,Energy,Oil & Gas Refining & Marketing,Energy,23.76454483230664,5.9986310746064335,941172644.6303072,1.0487997730127572,-0.07360630448506056,1.2261422513720466,8.0,0.05865570886822978,0.4778365143891965,0.04221953922401318,0.042312082297149764,0.395140153597486,0.036137934599664474,0.02953227405529186,0.5189869050087139,4,9,False,0.13578129304273,,,False,0.08032454070030204,,0.055080094980523256,1.3694240893201266,,1.524162783255318,1.3978606685765236,66.015625,0.2559515825575192,1.269888298270034,256.0,gm_derived,382.8599853515625,287927461.0,110235903500.77258,118171903500.77258,32937000000.0,7936000000.0,10908000000.0,,,3230000000.0,4669000000.0,139397000000.0,10011000000.0,,,7678000000.0,13241000000.0,7212000000.0,7739000000.0,0.22695035460992907,0.23496371861432433,11.804205723781099,,,15.390974667982883,0.0649731431291517,15.285067041149832,,0.35261687183747453,260000000.0,123000000.0,0.011628260011537177,4.0,0.16808808194996555,0.08872031432067749,92.578125,0.13563845607434558,2.5486866048189825,256.0,['fcf_cagr5 gate'],False,0.8,ig,Energy,81.81818181818183,12.5,20.0,68.18181818181817,50.0,,81.81818181818181,54.54545454545455,100.0,1.0,18.877069723283675,"{'profitability': 30.6, 'growth': 100.0, 'balance': 88.2, 'stability': 27.5}",,False,,,,,,False,"{""floor"": false, ""depressed_arms"": {""self_pct"": false, ""self_z"": false, ""median_ratio"": false}, ""yield_arm"": false, ""residual_arm"": false, ""brakes"": {""gm"": true, ""fcf_margin"": false, ""roic"": true}, ""self_pct"": 92.578125, ""self_z"": 0.13563845607434558, ""median_ratio"": 2.5486866048189825, ""fcf_yield"": null, ""yield_threshold"": 0.0495, ""gs10"": 0.0495, ""residual_pct"": null, ""brake_values"": {""gm"": 1.3694240893201266, ""fcf_margin"": null, ""roic"": 1.3978606685765236}}",False,"{""floor"": false, ""mom_sector_pct"": 100.0, ""eps_rev_proxy"": null}"
DIS,1744489,Walt Disney Company (The),Communication Services,Movies & Entertainment,Media and Entertainment,50.23682409308692,5.9986310746064335,928667132.5322173,-0.033530407721343414,-0.0820775995636207,-0.056239322465729935,10.0,,,0.04696478487902189,0.04222817161240973,0.6653792386657661,0.04762362424298669,0.03772863281513645,1.021189226100107,7,9,False,0.07626145769160764,,,False,,0.06852044790159921,0.10055532515349834,,1.4589750187955348,2.111458897803366,1.2007256868832439,22.916666666666664,-0.012448753012520207,0.7396170445566821,192.0,,105.55999755859375,1726686902.0,182269065159.5758,233332065159.5758,161095000000.0,51063000000.0,16989000000.0,8696000000.0,1519000000.0,5529000000.0,44253000000.0,98861000000.0,18238000000.0,8293000000.0,6774000000.0,9941000000.0,23767000000.0,8600000000.0,13211464156.862747,0.2756078431372549,0.0820103923576942,12.793730955125332,34.44524138759608,0.029031586358982685,23.471689483912666,0.042604517271131806,21.194077344136723,0.9643023255813954,1.8619514452812724,74682000000.0,7480000000.0,0.5100220366864273,0.0,0.06830068953598452,0.06510317640628185,34.41295546558704,-0.010557448903155887,0.8577900646313282,247.0,['fcf_cagr5 gate'],False,0.9,ig,Media and Entertainment,12.5,11.11111111111111,,18.75,72.22222222222221,62.5,22.222222222222214,66.66666666666667,72.72727272727273,1.0,20.91414439836823,"{'profitability': 24.7, 'growth': 63.6, 'balance': 37.9, 'stability': 51.9}",52.539263141737365,False,0.0710600149876841,32.082504228807196,,36.726703770052794,,False,"{""floor"": false, ""depressed_arms"": {""self_pct"": false, ""self_z"": false, ""median_ratio"": false}, ""yield_arm"": false, ""residual_arm"": false, ""brakes"": {""gm"": false, ""fcf_margin"": true, ""roic"": true}, ""self_pct"": 34.41295546558704, ""self_z"": -0.010557448903155887, ""median_ratio"": 0.8577900646313282, ""fcf_yield"": 0.029031586358982685, ""yield_threshold"": 0.0495, ""gs10"": 0.0495, ""residual_pct"": null, ""brake_values"": {""gm"": null, ""fcf_margin"": 1.4589750187955348, ""roic"": 1.2007256868832439}}",False,"{""floor"": false, ""mom_sector_pct"": 72.72727272727273, ""eps_rev_proxy"": null}"
BSX,885725,Boston Scientific,Health Care,Health Care Equipment,Health Care Equipment and Services,31.583846680355922,5.9986310746064335,892531053.2295618,-0.5229170909860079,-0.5649040876138874,-0.5449174967784108,9.0,0.6894320910981699,0.004411551642505278,0.11397261407507511,0.10948033707865168,0.47236973500304247,0.07882838797324879,0.07542134831460674,0.731699236223419,8,9,False,0.15155785671653277,0.2643853490752126,,False,0.699323680701086,0.15741093541626977,0.13316822251857496,1.0143474458625215,1.3811294642463963,1.689343470575181,1.764287430472952,1.2987012987012987,-0.7732063957127367,0.24365579945541435,231.0,,44.68000030517578,1449229526.0,64751575663.94975,69921575663.94975,30100000000.0,5170000000.0,4529000000.0,904000000.0,320000000.0,1413000000.0,4928000000.0,20996000000.0,4152000000.0,3625000000.0,3305000000.0,2796000000.0,5565000000.0,,3944453768.4537687,0.04998704998704999,0.1310449756961385,16.840456566461885,21.156301259894025,0.04726724145754621,25.00771661800778,0.03998765722096799,,,0.8855345911949686,18640000000.0,770000000.0,0.6448504983388704,1.0,0.0742764321916692,0.07833883656686005,1.153846153846154,-0.947119550577691,0.3294186400179181,260.0,[],True,0.9,ig,Health Care Equipment and Services,33.33333333333333,65.51724137931035,81.81818181818183,25.0,13.333333333333334,,66.66666666666667,73.33333333333333,4.761904761904762,1.0,47.67652885170147,"{'profitability': 41.5, 'growth': 100.0, 'balance': 70.5, 'stability': 70.4}",71.15889584151918,False,-0.16898980411420705,25.051346965008324,,59.41771234661033,,False,"{""floor"": false, ""depressed_arms"": {""self_pct"": true, ""self_z"": false, ""median_ratio"": true}, ""yield_arm"": false, ""residual_arm"": false, ""brakes"": {""gm"": true, ""fcf_margin"": true, ""roic"": true}, ""self_pct"": 1.153846153846154, ""self_z"": -0.947119550577691, ""median_ratio"": 0.3294186400179181, ""fcf_yield"": 0.04726724145754621, ""yield_threshold"": 0.0495, ""gs10"": 0.0495, ""residual_pct"": null, ""brake_values"": {""gm"": 1.0143474458625215, ""fcf_margin"": 1.3811294642463963, ""roic"": 1.764287430472952}}",False,"{""floor"": false, ""mom_sector_pct"": 4.761904761904762, ""eps_rev_proxy"": null}"
DHR,313616,Danaher Corporation,Health Care,Life Sciences Tools & Services,Pharmaceuticals Biotechnology and Life Sciences,27.852156057494867,5.9986310746064335,886226693.1910686,0.17550425013556148,-0.05729648149918298,0.21739520599186268,10.0,0.5991216904491218,0.017070404912784474,0.2374381052701874,0.22917538719129343,0.14775899253474936,0.19809131737571067,0.19640016743407285,0.20648799664036563,6,9,False,0.019706835895877406,-0.005864959565540895,-0.028683248018713026,False,0.5851356195483332,0.2058788385709165,0.1516310192376628,0.9766557093095658,0.8670842379602096,0.765460199096315,0.7745957558763628,84.61538461538461,1.2444734278142127,1.2432120841840004,260.0,,223.77000427246094,702986054.0,157307192307.06046,180806192307.06046,76080000000.0,23499000000.0,6635000000.0,1169000000.0,297000000.0,2531000000.0,23488000000.0,25107000000.0,5127000000.0,5466000000.0,5169000000.0,3807000000.0,7658000000.0,4004000000.0,4295827383.452332,0.1621167576648467,0.056464608089541686,35.26549489117622,34.978949953000665,0.028588622624282495,47.49308965249815,0.02105569478248084,39.28751056619892,1.3651348651348651,3.0671193523113085,47414000000.0,21358000000.0,0.9039432176656151,1.0,0.07289558154841516,0.06481671277570224,73.07692307692307,0.8582105112571514,1.1479369458304045,260.0,[],True,1.0,ig,Pharmaceuticals Biotechnology and Life Sciences,33.33333333333333,66.66666666666666,33.33333333333333,16.666666666666664,62.5,77.77777777777779,25.0,30.0,38.095238095238095,1.0,18.24787561640629,"{'profitability': 55.3, 'growth': 8.2, 'balance': 0.0, 'stability': 74.2}",29.15105487239113,False,0.012347798631994422,34.54969256848711,,23.69946524439871,,False,"{""floor"": false, ""depressed_arms"": {""self_pct"": false, ""self_z"": false, ""median_ratio"": false}, ""yield_arm"": false, ""residual_arm"": false, ""brakes"": {""gm"": true, ""fcf_margin"": false, ""roic"": false}, ""self_pct"": 73.07692307692307, ""self_z"": 0.8582105112571514, ""median_ratio"": 1.1479369458304045, ""fcf_yield"": 0.028588622624282495, ""yield_threshold"": 0.0495, ""gs10"": 0.0495, ""residual_pct"": null, ""brake_values"": {""gm"": 0.9766557093095658, ""fcf_margin"": 0.8670842379602096, ""roic"": 0.7745957558763628}}",False,"{""floor"": false, ""mom_sector_pct"": 38.095238095238095, ""eps_rev_proxy"": null}"
NXPI,1413447,NXP Semiconductors,Information Technology,Semiconductors,Semiconductors and Semiconductor Equipment,5.51129363449692,5.9986310746064335,877021164.7760563,0.002078570043832828,-0.27810813154601544,0.03621192305203347,10.0,0.5596697637860223,0.01745413666574701,0.16427159456798573,0.17136185598071707,0.11161907704946696,0.1380571013467178,0.13215221910874084,0.19987088589380053,4,9,False,0.07334918054419859,0.030009963166075515,0.010761302236520276,True,0.5504558065794689,0.17970669837495046,0.1428458184700753,0.9835367965133165,1.0939608813535728,1.0346864962152946,,69.61538461538461,0.5421494083078117,1.2416259298515357,260.0,,230.16000366210938,252471079.0,58108744467.216705,66768744467.216705,19587000000.0,8660000000.0,3048000000.0,337000000.0,444000000.0,802000000.0,8313000000.0,12615000000.0,3829000000.0,2711000000.0,2267000000.0,1802000000.0,4631000000.0,2653000000.0,,,,17.437645460228964,29.452467784392017,0.03395301226778484,37.05257739579174,0.026988675829972775,21.903032215309725,1.0218620429702223,1.7950766573094363,10280000000.0,1505000000.0,0.6016745800786236,,,,71.53846153846153,0.5689427861986386,1.1965413522356019,260.0,[],True,0.8,ig,Semiconductors and Semiconductor Equipment,,43.75,50.0,,65.625,60.0,7.142857142857139,87.5,32.20338983050847,1.0,33.997006554979436,"{'profitability': 68.5, 'growth': 43.1, 'balance': 40.2, 'stability': 64.9}",48.77632921225034,False,,,,41.38666788361489,,False,"{""floor"": false, ""depressed_arms"": {""self_pct"": false, ""self_z"": false, ""median_ratio"": false}, ""yield_arm"": false, ""residual_arm"": false, ""brakes"": {""gm"": true, ""fcf_margin"": true, ""roic"": false}, ""self_pct"": 71.53846153846153, ""self_z"": 0.5689427861986386, ""median_ratio"": 1.1965413522356019, ""fcf_yield"": 0.03395301226778484, ""yield_threshold"": 0.0495, ""gs10"": 0.0495, ""residual_pct"": null, ""brake_values"": {""gm"": 0.9835367965133165, ""fcf_margin"": 1.0939608813535728, ""roic"": null}}",False,"{""floor"": false, ""mom_sector_pct"": 32.20338983050847, ""eps_rev_proxy"": null}"
RTX,101829,RTX Corporation,Industrials,Aerospace & Defense,Capital Goods,69.56057494866529,5.9986310746064335,870787932.0666176,0.3152884806165821,-0.15410145051908075,0.17177532126370054,10.0,,,0.06901587274362934,0.07091383487606387,0.21992982481569692,0.04259072079525541,0.039359513373289204,0.399775724597179,8,9,True,0.09382123755404659,0.12203084425734056,,False,,0.11567914438502674,0.09855614973262032,,1.6761237638004767,2.314028687290952,1.6782490454237171,5.0,-0.10243157922777936,0.44203700891329545,260.0,gm_derived,188.61000061035156,1347758144.0,254200664362.4463,289924664362.4463,102101000000.0,35724000000.0,14206000000.0,2799000000.0,591000000.0,4400000000.0,33985000000.0,93500000000.0,10485000000.0,11407000000.0,10816000000.0,9215000000.0,14885000000.0,7738000000.0,8521618985.695708,0.18725617685305593,0.08346263979486693,27.65137476036684,26.8051649743386,0.03730624306760769,31.46225332202347,0.031784118885725306,32.85095171393723,1.4741535280434221,2.283170977494122,52928000000.0,8466000000.0,0.6013065493971655,1.0,0.04973197513352057,0.04773358455168937,10.0,-0.7051881405043938,0.7100565769283995,260.0,[],True,0.9,ig,Capital Goods,5.405405405405405,26.82926829268293,,6.097560975609756,64.28571428571429,84.61538461538461,29.729729729729726,31.707317073170728,70.3125,1.0,34.556308189815844,"{'profitability': 26.1, 'growth': 89.1, 'balance': 23.9, 'stability': 77.9}",50.831727616701606,False,-0.011643254039595874,27.11908831790747,,42.694017903258725,,False,"{""floor"": false, ""depressed_arms"": {""self_pct"": true, ""self_z"": false, ""median_ratio"": true}, ""yield_arm"": false, ""residual_arm"": false, ""brakes"": {""gm"": false, ""fcf_margin"": true, ""roic"": true}, ""self_pct"": 10.0, ""self_z"": -0.7051881405043938, ""median_ratio"": 0.7100565769283995, ""fcf_yield"": 0.03730624306760769, ""yield_threshold"": 0.0495, ""gs10"": 0.0495, ""residual_pct"": null, ""brake_values"": {""gm"": null, ""fcf_margin"": 1.6761237638004767, ""roic"": 1.6782490454237171}}",False,"{""floor"": false, ""mom_sector_pct"": 70.3125, ""eps_rev_proxy"": null}"
PM,1413329,Philip Morris International,Consumer Staples,Tobacco,Food Beverage and Tobacco,18.48596851471595,5.9986310746064335,843106008.2930523,0.20589215352819523,-0.007772020725388629,0.2034412847734206,10.0,0.6548753062561236,0.027533589284085537,0.2868657064721064,0.2844131157928085,0.11826061086101033,0.280923737864036,0.2753577274407308,0.11074922317837099,8,9,False,0.07213535484188793,0.029750712780618693,0.029988945737428052,False,0.6751439652133036,0.29902456222822893,0.28710776824538725,1.030950409587215,1.0423851840139866,1.0220131998398236,,86.53846153846155,1.406719562415194,1.4433778616432917,260.0,sbc_unreported,191.5,1558613439.0,298474473568.5,315315473568.5,8258000000.0,16841000000.0,14264000000.0,1542000000.0,,2049000000.0,14915000000.0,42545000000.0,16059000000.0,12722000000.0,12722000000.0,12215000000.0,18108000000.0,10874000000.0,,,,19.63481372242979,24.785055303293507,0.04034689403606524,25.813792351084732,0.03873898055734452,27.448452599641346,1.1699466617620011,0.8236690965319196,16917000000.0,10178000000.0,3.281060789537418,,,,76.92307692307693,0.9584186267106558,1.277735378675975,260.0,[],True,0.8,ig,Food Beverage and Tobacco,,92.85714285714286,100.0,,53.57142857142857,53.84615384615385,76.92307692307692,35.71428571428571,66.66666666666666,1.0,63.90385106378418,"{'profitability': 100.0, 'growth': 42.5, 'balance': 72.5, 'stability': 85.8}",32.43537520170103,True,,,,48.169613132742604,7.0,False,"{""floor"": true, ""depressed_arms"": {""self_pct"": false, ""self_z"": false, ""median_ratio"": false}, ""yield_arm"": false, ""residual_arm"": false, ""brakes"": {""gm"": true, ""fcf_margin"": true, ""roic"": false}, ""self_pct"": 76.92307692307693, ""self_z"": 0.9584186267106558, ""median_ratio"": 1.277735378675975, ""fcf_yield"": 0.04034689403606524, ""yield_threshold"": 0.0495, ""gs10"": 0.0495, ""residual_pct"": null, ""brake_values"": {""gm"": 1.030950409587215, ""fcf_margin"": 1.0423851840139866, ""roic"": null}}",False,"{""floor"": true, ""mom_sector_pct"": 66.66666666666666, ""eps_rev_proxy"": 7.0}"
GILD,882095,Gilead Sciences,Health Care,Biotechnology,Pharmaceuticals Biotechnology and Life Sciences,22.234086242299796,5.9986310746064335,830064243.2640803,0.3242123055138195,-0.01675747633773461,0.36832629323162713,10.0,0.7764249748288283,0.018483065643030375,0.30410705427176765,0.2907991712801005,0.1342563168718781,0.23730170832644365,0.23136981782192734,0.2028325133159393,5,9,False,0.03584723676709367,0.0469381568096201,0.01031982684091437,False,0.7959089864398989,0.3951144236136192,0.32412910004268314,1.0250945194226475,1.299260961110498,1.3658945075810223,-0.39028374604315247,64.23076923076924,0.4633867692141901,1.1594310865827884,260.0,gm_derived,149.69000244140625,1239955155.0,185608890179.18427,209196890179.18427,35417000000.0,23588000000.0,13552000000.0,609000000.0,909000000.0,2771000000.0,23672000000.0,30457000000.0,-2497000000.0,12943000000.0,12034000000.0,9872000000.0,274000000.0,-3240000000.0,-1981885461.7985902,0.2062933673213495,-0.05595859225226841,,17.38382002486158,0.057524755696379944,21.190932959803916,0.04718999403645195,,,86.39416058394161,8314000000.0,14032000000.0,0.6309399440946438,4.0,0.14337925373423377,0.1512377202400723,72.6923076923077,0.7382664727955897,1.1877633098107512,260.0,[],True,0.8,ig,Pharmaceuticals Biotechnology and Life Sciences,58.333333333333336,91.66666666666666,88.88888888888889,45.83333333333333,62.5,,0.0,,64.28571428571429,1.0,21.00599114505035,"{'profitability': 50.0, 'growth': 34.5, 'balance': 0.0, 'stability': 69.2}",,False,-0.7009222030726852,35.039012831507385,,,,False,"{""floor"": false, ""depressed_arms"": {""self_pct"": false, ""self_z"": false, ""median_ratio"": false}, ""yield_arm"": true, ""residual_arm"": false, ""brakes"": {""gm"": true, ""fcf_margin"": true, ""roic"": false}, ""self_pct"": 72.6923076923077, ""self_z"": 0.7382664727955897, ""median_ratio"": 1.1877633098107512, ""fcf_yield"": 0.057524755696379944, ""yield_threshold"": 0.0495, ""gs10"": 0.0495, ""residual_pct"": null, ""brake_values"": {""gm"": 1.0250945194226475, ""fcf_margin"": 1.299260961110498, ""roic"": -0.39028374604315247}}",False,"{""floor"": false, ""mom_sector_pct"": 64.28571428571429, ""eps_rev_proxy"": null}"
MPC,1510295,Marathon Petroleum,Energy,Oil & Gas Refining & Marketing,Energy,15.236139630390143,5.9986310746064335,825460020.3972685,0.887314593892637,-0.07987950121512954,1.0005034579157437,9.0,0.1105474730531378,0.2210653449589253,0.0519947956857167,0.04317173637515843,0.5400458367519454,0.045217912186809664,0.03738189883627146,0.6273465141348971,5,9,False,0.13717834715373045,,,False,0.1249601177259616,0.08399044127701413,0.08992231909726066,1.1303751616818591,1.6153624640568947,1.9886437641296393,1.4187522776248285,48.77049180327869,-0.018368949028934992,0.978627745131186,244.0,sbc_unreported;gm_derived,390.95001220703125,280824763.0,109788444522.88666,116258444522.88666,25547000000.0,6470000000.0,17126000000.0,4227000000.0,,3316000000.0,-173000000.0,153577000000.0,14133000000.0,12899000000.0,12899000000.0,13810000000.0,17449000000.0,8554000000.0,11411539780.736101,0.19256068911511354,0.44668805655208443,8.226027348962475,9.012981201867328,0.11095108018119665,8.418424657703596,0.11878707010639009,12.834749184344945,1.5079494973111995,-0.009914608287007852,9335000000.0,2714000000.0,0.47164050573452854,6.0,0.314845701816174,0.24577882683491659,50.0,-0.001150394007348224,0.9978052056789077,260.0,['fcf_cagr5 gate'],False,1.0,ig,Energy,100.0,25.0,40.0,100.0,72.72727272727273,100.0,90.9090909090909,72.72727272727273,90.9090909090909,1.0,25.596299288919322,"{'profitability': 58.6, 'growth': 100.0, 'balance': 100.0, 'stability': 30.7}",69.1798839458414,False,-0.7953661734240409,19.966024766103914,,47.38809161738036,,False,"{""floor"": false, ""depressed_arms"": {""self_pct"": false, ""self_z"": false, ""median_ratio"": false}, ""yield_arm"": true, ""residual_arm"": false, ""brakes"": {""gm"": true, ""fcf_margin"": true, ""roic"": true}, ""self_pct"": 50.0, ""self_z"": -0.001150394007348224, ""median_ratio"": 0.9978052056789077, ""fcf_yield"": 0.11095108018119665, ""yield_threshold"": 0.0495, ""gs10"": 0.0495, ""residual_pct"": null, ""brake_values"": {""gm"": 1.1303751616818591, ""fcf_margin"": 1.6153624640568947, ""roic"": 1.4187522776248285}}",False,"{""floor"": false, ""mom_sector_pct"": 90.9090909090909, ""eps_rev_proxy"": null}"
TMUS,1283699,T-Mobile US,Communication Services,Wireless Telecommunication Services,Telecommunication Services,7.197809719370294,5.9986310746064335,821319469.3249624,-0.22010593883420038,-0.2667605941819794,-0.28899216383316706,6.0,,,0.09912887591457693,0.10299396624150309,0.6981245189098858,0.06405330663676487,0.06458922070317473,1.041571301549262,7,9,False,0.05243088054913425,,,False,,0.19018538003449437,0.147002353860005,,1.918566898694425,2.295000236188113,1.3585829438241543,0.49019607843137253,-0.22436811166965226,0.4641719044547279,204.0,gm_derived,165.35000610351562,1072671613.0,177366257756.61795,298326257756.6179,177225000000.0,120960000000.0,28833000000.0,10434000000.0,866000000.0,14415000000.0,120960000000.0,92189000000.0,18253000000.0,18399000000.0,17533000000.0,13552000000.0,32668000000.0,10560000000.0,13942255334.53888,0.23616636528028934,0.07866980016667445,16.343957582677803,17.015129057013514,0.058771226280402926,22.01344877188739,0.04542677571163067,16.796047136043367,1.7423295454545455,3.7027060119995103,13667000000.0,3295000000.0,0.09570884468895471,0.0,0.057905776400544104,0.06197752167107899,0.39215686274509803,-0.18214573995687797,0.4723398359161826,255.0,['fcf_cagr5 gate'],False,0.9,sector,Communication Services,10.0,36.36363636363637,,25.0,22.727272727272727,70.0,18.181818181818173,54.54545454545455,45.45454545454545,1.0,14.282587201924594,"{'profitability': 36.1, 'growth': 43.7, 'balance': 0.0, 'stability': 51.9}",71.44181275839554,False,-0.6307755297232149,31.972572392806523,,42.86219998016007,,False,"{""floor"": false, ""depressed_arms"": {""self_pct"": true, ""self_z"": false, ""median_ratio"": true}, ""yield_arm"": true, ""residual_arm"": false, ""brakes"": {""gm"": false, ""fcf_margin"": true, ""roic"": true}, ""self_pct"": 0.39215686274509803, ""self_z"": -0.18214573995687797, ""median_ratio"": 0.4723398359161826, ""fcf_yield"": 0.058771226280402926, ""yield_threshold"": 0.0495, ""gs10"": 0.0495, ""residual_pct"": null, ""brake_values"": {""gm"": null, ""fcf_margin"": 1.918566898694425, ""roic"": 1.3585829438241543}}",False,"{""floor"": false, ""mom_sector_pct"": 45.45454545454545, ""eps_rev_proxy"": null}"
CIEN,936395,Ciena,Information Technology,Communications Equipment,Technology Hardware and Equipment,0.6242299794661191,5.9986310746064335,819628997.8474703,1.6663849923947947,-0.3859766357075013,1.5253999237114262,11.0,0.4364211147441573,0.045500614881491735,0.02892076328800175,0.05516549998692389,1.2403009453572813,0.024702121881756873,0.05870875265102598,2.809379526940817,9,11,False,0.061907524784472256,0.1011255584819819,0.09762853026243157,False,0.44071827207055964,0.1000441130503211,0.11535811791405064,1.0098463552317387,3.45924870841241,4.669967967377145,2.128685578118145,63.18681318681318,0.4976146487059674,1.3734596568345243,182.0,,358.42999267578125,141808525.0,50828428577.11334,51522907577.11334,3751217000.0,694479000.0,1054683000.0,240321000.0,212007000.0,148117000.0,694479000.0,6020894000.0,738953000.0,814362000.0,602355000.0,694559000.0,887070000.0,654410000.0,666403317.1869789,0.0981790219581233,0.17764989793631744,69.72420110225325,85.53578467367805,0.01169101334388916,74.18075005451422,0.01348058626079025,77.670617162197,1.2444216928225424,0.782890865433393,513340000.0,224210000.0,0.1966161914919878,3.0,0.08345520811644153,0.06785878177919694,71.42857142857143,0.4880669226298547,1.4421553249362324,182.0,['tenure<1y'],False,1.0,ig,Technology Hardware and Equipment,19.047619047619047,15.789473684210526,55.00000000000001,23.809523809523807,100.0,66.66666666666666,55.0,4.761904761904773,93.22033898305084,1.0,32.98007636968152,"{'profitability': 28.0, 'growth': 67.9, 'balance': 73.9, 'stability': 61.4}",17.53162011258925,False,0.8953345137007145,34.93888208358944,,25.255848241135382,,False,"{""floor"": false, ""depressed_arms"": {""self_pct"": false, ""self_z"": false, ""median_ratio"": false}, ""yield_arm"": false, ""residual_arm"": false, ""brakes"": {""gm"": true, ""fcf_margin"": true, ""roic"": true}, ""self_pct"": 71.42857142857143, ""self_z"": 0.4880669226298547, ""median_ratio"": 1.4421553249362324, ""fcf_yield"": 0.01169101334388916, ""yield_threshold"": 0.0495, ""gs10"": 0.0495, ""residual_pct"": null, ""brake_values"": {""gm"": 1.0098463552317387, ""fcf_margin"": 3.45924870841241, ""roic"": 2.128685578118145}}",False,"{""floor"": false, ""mom_sector_pct"": 93.22033898305084, ""eps_rev_proxy"": null}"
MCK,927653,McKesson Corporation,Health Care,Health Care Distributors,Health Care Equipment and Services,27.698836413415467,5.9986310746064335,797463012.3015832,0.17803556981130986,-0.11687569441688817,0.14756768175536128,10.0,0.04181892019331979,0.12015224907476518,,,0.15652509207595816,0.015414434245121612,0.015615647469749892,0.15959459784668628,9,9,False,0.11110493647209152,,,False,0.03639079961944898,0.015611351321100872,0.015900901010504086,0.8701994085744493,,1.0315591709463117,2.3821310566266685,86.53846153846155,1.5308106412974767,1.46370507800242,260.0,sbc_unreported,869.3599853515625,116590363.0,101358996269.81335,108434996269.81335,2836000000.0,7076000000.0,6853000000.0,437000000.0,,318000000.0,6700000000.0,410983000000.0,6495000000.0,6416000000.0,6416000000.0,6535000000.0,6813000000.0,4592000000.0,5330365438.2161665,0.17931248064416228,1.879536473277915,16.69514954115679,16.900716376217794,0.05916908950718631,16.59296040854068,0.060266521186013486,22.072952149349597,1.397212543554007,0.9834140613532951,11278000000.0,4013000000.0,5.3917489421720735,7.0,0.7890147219437722,0.8310921139778324,86.53846153846155,1.5308106412974765,1.4637050780024197,260.0,['fcf_cagr5 gate'],False,0.9,ig,Health Care Equipment and Services,100.0,,13.636363636363635,76.78571428571429,58.333333333333336,62.06896551724138,59.25925925925926,76.66666666666667,40.476190476190474,1.0,55.46248320204898,"{'profitability': 53.1, 'growth': 92.6, 'balance': 67.2, 'stability': 80.2}",46.28264174577291,False,-0.4426972296708711,26.31274019170603,,50.872562473910946,,False,"{""floor"": false, ""depressed_arms"": {""self_pct"": false, ""self_z"": false, ""median_ratio"": false}, ""yield_arm"": true, ""residual_arm"": false, ""brakes"": {""gm"": false, ""fcf_margin"": false, ""roic"": true}, ""self_pct"": 86.53846153846155, ""self_z"": 1.5308106412974765, ""median_ratio"": 1.4637050780024197, ""fcf_yield"": 0.05916908950718631, ""yield_threshold"": 0.0495, ""gs10"": 0.0495, ""residual_pct"": null, ""brake_values"": {""gm"": 0.8701994085744493, ""fcf_margin"": null, ""roic"": 2.3821310566266685}}",False,"{""floor"": false, ""mom_sector_pct"": 40.476190476190474, ""eps_rev_proxy"": null}"
ON,1097864,ON Semiconductor,Information Technology,Semiconductors,Semiconductors and Semiconductor Equipment,4.262833675564682,5.9986310746064335,786369094.6839793,0.44756779966572724,-0.3985364259668651,0.45833336818985093,10.0,0.42959479994248556,0.13311514584373776,0.15321524320112506,0.17970983161586318,0.3340603585970165,0.17280096020779312,0.1591855753074566,0.2887236353021681,4,9,False,0.026713065370281175,0.23156254615801708,-0.037686773338911794,True,0.37716609119364936,0.21777082190454677,0.11809029010293975,0.877957766816881,1.4213391393353718,0.6833890851123524,0.4240673760364165,91.92307692307692,1.0183418963470965,1.7211774793128218,260.0,,73.1500015258789,389311721.0,28478152985.192543,29342452985.192543,8083000000.0,864300000.0,1672000000.0,171600000.0,150700000.0,789400000.0,844500000.0,6197800000.0,669700000.0,1500400000.0,1349700000.0,731900000.0,1459100000.0,630200000.0,593850918.2790439,0.11325829732858905,0.07346912263751626,43.81432430221374,21.739981466394415,0.04599819928760272,40.09079517036828,0.024943381535597862,45.18907169976602,2.3808314820691843,0.5787814406140772,1687600000.0,311900000.0,0.24737102560930346,4.0,0.1732487024213038,0.1723682283347282,35.38461538461539,-0.15090248906685932,0.8570598870111727,260.0,[],True,1.0,ig,Semiconductors and Semiconductor Equipment,42.857142857142854,31.25,12.5,33.33333333333333,65.625,100.0,42.85714285714286,37.5,69.49152542372882,1.0,27.128999970711302,"{'profitability': 54.3, 'growth': 61.1, 'balance': 80.7, 'stability': 42.2}",48.36860872245103,False,-0.9083684783906674,53.921080619799106,,37.74880434658117,,False,"{""floor"": false, ""depressed_arms"": {""self_pct"": false, ""self_z"": false, ""median_ratio"": false}, ""yield_arm"": false, ""residual_arm"": false, ""brakes"": {""gm"": false, ""fcf_margin"": true, ""roic"": false}, ""self_pct"": 35.38461538461539, ""self_z"": -0.15090248906685932, ""median_ratio"": 0.8570598870111727, ""fcf_yield"": 0.04599819928760272, ""yield_threshold"": 0.0495, ""gs10"": 0.0495, ""residual_pct"": null, ""brake_values"": {""gm"": 0.877957766816881, ""fcf_margin"": 1.4213391393353718, ""roic"": 0.4240673760364165}}",False,"{""floor"": false, ""mom_sector_pct"": 69.49152542372882, ""eps_rev_proxy"": null}"
SYK,310764,Stryker Corporation,Health Care,Health Care Equipment,Health Care Equipment and Services,25.78507871321013,5.9986310746064335,773436821.1101675,-0.09474582407908194,-0.3000517250281035,-0.26156729217135855,10.0,0.6368841552583351,0.0075950343782137655,0.13986665078941377,0.144191192741757,0.2389333126678582,0.1037984383378537,0.10638297872340426,0.3156450055450918,8,9,False,0.11844250103109899,0.08950386245589304,0.09429930218380478,False,0.6497658396872702,0.17227232263807718,0.14146379223594072,1.0202261028517974,1.2316897678307468,1.3628701404494161,1.118869809346284,0.38461538461538464,-2.0582966181938955,0.5000288605753745,260.0,,269.75,383573046.0,103468829158.5,115532829158.5,36052000000.0,12064000000.0,5525000000.0,823000000.0,251000000.0,1619000000.0,12055000000.0,25837000000.0,5534000000.0,4702000000.0,4451000000.0,3655000000.0,7153000000.0,3729000000.0,4008602564.102564,0.27564102564102566,0.11118946422119616,20.876911665793276,25.956600574814647,0.038525846137582705,31.609529181532146,0.03163602957377326,27.74707137530169,1.2609278626977742,1.685306864252761,19584000000.0,5681000000.0,0.7007932985687341,4.0,0.09937658813598717,0.10108864956285928,0.38461538461538464,-2.4824497991205177,0.54646642291191,260.0,[],True,1.0,ig,Health Care Equipment and Services,40.74074074074074,72.41379310344827,63.63636363636363,51.78571428571429,58.333333333333336,48.275862068965516,44.44444444444444,43.333333333333336,19.047619047619047,1.0,49.684109768105436,"{'profitability': 54.1, 'growth': 86.6, 'balance': 43.8, 'stability': 81.7}",63.28115809659396,False,0.02944601001304248,25.203425672577758,,56.4826339323497,,False,"{""floor"": false, ""depressed_arms"": {""self_pct"": true, ""self_z"": true, ""median_ratio"": true}, ""yield_arm"": false, ""residual_arm"": false, ""brakes"": {""gm"": true, ""fcf_margin"": true, ""roic"": true}, ""self_pct"": 0.38461538461538464, ""self_z"": -2.4824497991205177, ""median_ratio"": 0.54646642291191, ""fcf_yield"": 0.038525846137582705, ""yield_threshold"": 0.0495, ""gs10"": 0.0495, ""residual_pct"": null, ""brake_values"": {""gm"": 1.0202261028517974, ""fcf_margin"": 1.2316897678307468, ""roic"": 1.118869809346284}}",False,"{""floor"": false, ""mom_sector_pct"": 19.047619047619047, ""eps_rev_proxy"": null}"
AZO,866787,AutoZone,Consumer Discretionary,Automotive Retail,Consumer Discretionary Distribution and Retail,29.727583846680357,5.9986310746064335,757955425.1603667,-0.29444046075836594,-0.3210686518503828,-0.3183111729890963,10.0,0.5251256824348962,0.007899391470498967,,,0.17976027941071257,0.15758567833070375,0.13995427333200858,0.09651671128038758,9,9,False,0.08436605609642212,-0.04575106342143098,0.015161635423842856,False,0.5175387987523318,0.08171665506794794,0.12062220500607337,0.9855522517059427,,0.7654388792421851,0.7217990892890791,51.153846153846146,0.03216132257346386,1.0064539872659368,260.0,sbc_unreported,2861.75,16325355.0,46719084671.25,60177376671.25,10673740000.0,13458292000.0,3072342000.0,1439120000.0,,661538000.0,13458292000.0,19986403000.0,3602447000.0,1633222000.0,1633222000.0,2410804000.0,4263985000.0,2478124000.0,2851784058.2373667,0.20837584612976492,0.26717758332481084,16.704583487626603,36.84580336981133,0.027140132892836434,24.9615384208961,0.040061633347200594,18.85260167418983,0.6590558018888482,3.1562709531107638,302645000.0,1443000.0,0.02848935799447991,10.0,0.37015505739687454,0.38597011526553093,71.53846153846153,0.6364789023170607,1.1826448587904133,260.0,[],True,0.9,ig,Consumer Discretionary Distribution and Retail,62.5,,100.0,93.75,55.55555555555556,22.22222222222222,0.0,44.44444444444444,15.151515151515152,1.0,33.45712231969425,"{'profitability': 66.3, 'growth': 35.2, 'balance': 0.0, 'stability': 90.2}",33.81579873309915,False,0.23924101451848667,29.005942230650966,,33.636460526396704,,False,"{""floor"": false, ""depressed_arms"": {""self_pct"": false, ""self_z"": false, ""median_ratio"": false}, ""yield_arm"": false, ""residual_arm"": false, ""brakes"": {""gm"": true, ""fcf_margin"": false, ""roic"": false}, ""self_pct"": 71.53846153846153, ""self_z"": 0.6364789023170607, ""median_ratio"": 1.1826448587904133, ""fcf_yield"": 0.027140132892836434, ""yield_threshold"": 0.0495, ""gs10"": 0.0495, ""residual_pct"": null, ""brake_values"": {""gm"": 0.9855522517059427, ""fcf_margin"": null, ""roic"": 0.7217990892890791}}",False,"{""floor"": false, ""mom_sector_pct"": 15.151515151515152, ""eps_rev_proxy"": null}"
FTNT,1262039,Fortinet,Information Technology,Systems Software,Software and Services,7.956194387405886,5.9986310746064335,742934160.7848421,0.9686907092124848,0.0,1.1189515988567127,10.0,0.7794200707206859,0.027473272153326362,0.2829603198027521,0.27944503091539735,0.2071513558095127,0.32190464658520185,0.3175333843167245,0.2053468088721978,9,9,False,0.21252104718544174,0.18370167203478394,0.21270028359210702,False,0.8020432021680793,0.374750910008768,0.39069266944761805,1.029025595179343,1.3243938594287774,1.213690680119491,,90.76923076923077,1.1238949044371174,1.4324668985668452,260.0,ev_or_ic_nonpos,178.6699981689453,733713653.0,131092617038.04018,127486217038.04018,-2055300000.0,-3606400000.0,3396100000.0,279100000.0,296100000.0,159100000.0,-3606400000.0,7527400000.0,2442200000.0,3117000000.0,2820900000.0,2940900000.0,2601300000.0,2120742685.0,,,,52.20138278521013,45.19345493921804,0.022127097858416187,43.349388635465395,0.02306837608274528,61.81448506943226,1.4697681251226384,-1.3863837312113174,257400000.0,85984000.0,-0.16707244684474287,,,,85.0,0.8278718931572805,1.3246349851181152,260.0,[],True,0.8,ig,Software and Services,,86.36363636363636,44.44444444444444,,63.63636363636363,38.095238095238095,85.0,27.272727272727266,83.05084745762711,1.0,86.89510499419173,"{'profitability': 100.0, 'growth': 100.0, 'balance': 100.0, 'stability': 86.9}",21.20292626274729,True,,,,54.049015628469505,22.0,False,"{""floor"": true, ""depressed_arms"": {""self_pct"": false, ""self_z"": false, ""median_ratio"": false}, ""yield_arm"": false, ""residual_arm"": false, ""brakes"": {""gm"": true, ""fcf_margin"": true, ""roic"": false}, ""self_pct"": 85.0, ""self_z"": 0.8278718931572805, ""median_ratio"": 1.3246349851181152, ""fcf_yield"": 0.022127097858416187, ""yield_threshold"": 0.0495, ""gs10"": 0.0495, ""residual_pct"": null, ""brake_values"": {""gm"": 1.029025595179343, ""fcf_margin"": 1.3243938594287774, ""roic"": null}}",False,"{""floor"": true, ""mom_sector_pct"": 83.05084745762711, ""eps_rev_proxy"": 22.0}"
UNP,100885,Union Pacific Corporation,Industrials,Rail Transportation,Transportation,69.56057494866529,5.9986310746064335,736844945.8957951,0.32839698490498326,-0.10617797066052392,0.18982248766867893,10.0,,,0.23195249432241727,0.22685427135678393,0.08169301494439866,0.2805714303134275,0.2820904522613065,0.05727256070513881,6,9,False,0.046441301388703726,-0.00409540654240681,0.01753018201731682,False,,0.25596221959858323,0.30499803227075956,,1.1035113907539709,1.087060189735088,0.9748196182432454,56.53846153846154,0.1996801364440622,1.0224257184649455,260.0,sbc_unreported,274.07000732421875,594075498.0,162818276087.9989,193965276087.9989,51820000000.0,31147000000.0,10263000000.0,3759000000.0,,2513000000.0,31147000000.0,25410000000.0,10171000000.0,6504000000.0,6504000000.0,7750000000.0,12684000000.0,7330000000.0,7839477392.218717,0.22923238696109358,0.1512828520304654,19.070423369186795,29.822459423124062,0.03353177502270685,25.027777559741793,0.03995560523154645,22.21258882510217,0.8873124147339699,2.455613371176285,,,0.0,7.0,0.15519061085690625,0.15382244592219566,57.692307692307686,0.3219405896816434,1.0441840217715304,260.0,[],True,0.9,ig,Transportation,54.54545454545454,100.0,,54.54545454545454,77.27272727272727,36.36363636363637,11.111111111111114,54.54545454545455,71.875,1.0,32.20610896553829,"{'profitability': 83.2, 'growth': 19.4, 'balance': 18.1, 'stability': 72.3}",42.25295610449097,False,0.12606788191017726,26.290138309641637,,37.22953253501463,,False,"{""floor"": false, ""depressed_arms"": {""self_pct"": false, ""self_z"": false, ""median_ratio"": false}, ""yield_arm"": false, ""residual_arm"": false, ""brakes"": {""gm"": false, ""fcf_margin"": true, ""roic"": true}, ""self_pct"": 57.692307692307686, ""self_z"": 0.3219405896816434, ""median_ratio"": 1.0441840217715304, ""fcf_yield"": 0.03353177502270685, ""yield_threshold"": 0.0495, ""gs10"": 0.0495, ""residual_pct"": null, ""brake_values"": {""gm"": null, ""fcf_margin"": 1.1035113907539709, ""roic"": 0.9748196182432454}}",False,"{""floor"": false, ""mom_sector_pct"": 71.875, ""eps_rev_proxy"": null}"
CMCSA,1166691,Comcast,Communication Services,Cable & Satellite,Media and Entertainment,23.849418206707735,5.9986310746064335,736429560.6886058,-0.04565754406858025,-0.2888637933538988,-0.21952704487569163,10.0,,,0.13684120459358895,0.12353173428091994,0.14409407456016202,0.10873036324231584,0.10630737340835061,0.13491370891090426,7,9,False,0.03618450068524881,0.07070616175279487,0.09102383187198626,False,,0.15270127457887658,0.12318260424005636,,1.1159012742718188,1.1329181708473863,0.8686864948629768,0.38461538461538464,-2.103729040699276,0.4801669696180668,260.0,shares_was_proxy,22.1299991607666,3564000000.0,78871317008.97217,83413317008.97217,94305000000.0,4542000000.0,32517000000.0,12073000000.0,1371000000.0,15760000000.0,4535000000.0,124904000000.0,18318000000.0,20444000000.0,19073000000.0,15386000000.0,34078000000.0,11199000000.0,14114771543.086172,0.22945891783567135,0.14967150780007604,4.553625778413155,4.3733716252803525,0.22865653451892407,5.4213776815918475,0.1844549593723151,7.042710689255484,1.8255201357264041,0.13307705851282353,53070000000.0,79925000000.0,1.4102645670961242,10.0,0.17229634475172156,0.15818887429972628,1.153846153846154,-2.0007318233277505,0.4952946473374932,260.0,[],True,0.9,ig,Media and Entertainment,50.0,55.55555555555556,,93.75,72.22222222222221,75.0,77.77777777777777,88.88888888888889,54.54545454545454,1.0,50.547367644746586,"{'profitability': 62.1, 'growth': 44.5, 'balance': 95.6, 'stability': 75.6}",91.64539007092199,False,-1.508083726599993,32.70563465800258,,71.09637885783428,,False,"{""floor"": false, ""depressed_arms"": {""self_pct"": true, ""self_z"": true, ""median_ratio"": true}, ""yield_arm"": true, ""residual_arm"": false, ""brakes"": {""gm"": false, ""fcf_margin"": true, ""roic"": false}, ""self_pct"": 1.153846153846154, ""self_z"": -2.0007318233277505, ""median_ratio"": 0.4952946473374932, ""fcf_yield"": 0.22865653451892407, ""yield_threshold"": 0.0495, ""gs10"": 0.0495, ""residual_pct"": null, ""brake_values"": {""gm"": null, ""fcf_margin"": 1.1159012742718188, ""roic"": 0.8686864948629768}}",False,"{""floor"": false, ""mom_sector_pct"": 54.54545454545454, ""eps_rev_proxy"": null}"
HON,773840,Honeywell Technologies,Industrials,Industrial Conglomerates,Capital Goods,69.56057494866529,5.9986310746064335,733910071.2366579,0.0772621838160572,-0.16391952203695226,0.049318669747721255,10.0,,,0.13661173049647984,0.1395758773569788,0.07242834065339265,0.12736324960003814,0.12883927140644197,0.08433565708029482,6,9,False,0.0278500503505279,0.004486161469561267,-0.008604211529697148,False,0.3933274552746096,0.11268807417730879,0.10389942831138542,,0.824878462250447,0.8157724354369356,0.7217397651105685,1.5384615384615385,-1.4230442594500428,0.7624100525393438,260.0,,211.7899932861328,316940010.0,67124722590.00687,90782722590.00687,42195000000.0,23658000000.0,5118000000.0,970000000.0,186000000.0,1279000000.0,23338000000.0,35159000000.0,7935000000.0,4148000000.0,3962000000.0,3653000000.0,9214000000.0,8213000000.0,6361022692.736299,0.19835882889271603,0.15075299662842276,11.440796797732434,22.913357544171344,0.04364266555314928,24.851552857926873,0.04023893419123027,8.17298460854826,0.5050529648118836,2.532884740612112,19967000000.0,6413000000.0,0.6251925583599952,4.0,0.20887445020481563,0.21060821526254975,1.5384615384615385,-1.6455961959476,0.7524041320801097,260.0,[],True,0.9,ig,Capital Goods,67.56756756756756,78.04878048780488,,37.80487804878049,64.28571428571429,7.6923076923076925,24.324324324324323,97.5609756097561,46.875,1.0,23.929915947002502,"{'profitability': 60.2, 'growth': 13.5, 'balance': 15.6, 'stability': 72.9}",76.1483263914248,False,-0.19835265471298236,27.940372729456968,,50.03912116921365,,False,"{""floor"": false, ""depressed_arms"": {""self_pct"": true, ""self_z"": true, ""median_ratio"": true}, ""yield_arm"": false, ""residual_arm"": false, ""brakes"": {""gm"": false, ""fcf_margin"": false, ""roic"": false}, ""self_pct"": 1.5384615384615385, ""self_z"": -1.6455961959476, ""median_ratio"": 0.7524041320801097, ""fcf_yield"": 0.04364266555314928, ""yield_threshold"": 0.0495, ""gs10"": 0.0495, ""residual_pct"": null, ""brake_values"": {""gm"": null, ""fcf_margin"": 0.824878462250447, ""roic"": 0.7217397651105685}}",False,"{""floor"": false, ""mom_sector_pct"": 46.875, ""eps_rev_proxy"": null}"
MCHP,827054,Microchip Technology,Information Technology,Semiconductors,Semiconductors and Semiconductor Equipment,19.04996577686516,5.9986310746064335,730608413.4452369,0.16175414760885642,-0.24687401072941484,0.18979048070922921,10.0,0.6239912727819514,0.07355780748229103,0.2532650122478004,0.3183092318977261,0.4895780190996826,0.1491342829316765,0.21829963787769943,0.8644354055059223,6,9,False,-0.028221913703690094,-0.13741197174832065,-0.5014421776466628,False,0.601936630029479,0.16270034945239442,0.04794721121371259,0.9646555269048142,0.6424114725061376,0.3215036158766985,0.533981680382873,87.98076923076923,0.23784934970530336,6.668378285167508,208.0,,74.69000244140625,543008691.0,40557320456.49481,45790720456.49481,11684400000.0,5233400000.0,1198000000.0,87100000.0,277500000.0,674900000.0,5233400000.0,5122300000.0,794800000.0,1110900000.0,833400000.0,245600000.0,1469700000.0,478400000.0,656478453.038674,0.17403314917127072,0.05618418173279535,57.61288431869,54.94446899027455,0.018200194093731345,186.44430153295934,0.005363532120734844,84.77700764317477,2.3221153846153846,3.560862761107709,6695500000.0,5939500000.0,1.0813563383656841,4.0,0.10521743310090795,0.11946060964878757,75.0,1.3405467762527792,2.525738818688413,260.0,"['rev_cagr5 gate', 'fcf_cagr5 gate']",False,1.0,ig,Semiconductors and Semiconductor Equipment,14.285714285714285,81.25,81.25,33.33333333333333,65.625,93.33333333333333,0.0,18.75,49.152542372881356,1.0,9.596488495418713,"{'profitability': 46.6, 'growth': 0.0, 'balance': 0.0, 'stability': 51.5}",21.638249717481113,False,0.02916926854125501,53.36492804045911,,15.617369106449914,,False,"{""floor"": false, ""depressed_arms"": {""self_pct"": false, ""self_z"": false, ""median_ratio"": false}, ""yield_arm"": false, ""residual_arm"": false, ""brakes"": {""gm"": false, ""fcf_margin"": false, ""roic"": false}, ""self_pct"": 75.0, ""self_z"": 1.3405467762527792, ""median_ratio"": 2.525738818688413, ""fcf_yield"": 0.018200194093731345, ""yield_threshold"": 0.0495, ""gs10"": 0.0495, ""residual_pct"": null, ""brake_values"": {""gm"": 0.9646555269048142, ""fcf_margin"": 0.6424114725061376, ""roic"": 0.533981680382873}}",False,"{""floor"": false, ""mom_sector_pct"": 49.152542372881356, ""eps_rev_proxy"": null}"
CDNS,813672,Cadence Design Systems,Information Technology,Application Software,Software and Services,9.018480492813142,5.9986310746064335,719822788.0748441,-0.027762620632955426,-0.16879633489722223,-0.08028901353195028,10.0,,,0.22198518524072827,0.2252398907966922,0.1596177471548714,0.2086427162941821,0.21473740985910464,0.15134805224098605,9,9,False,0.1457277629468552,0.14393610637353804,0.13224518533976393,False,,0.17077827657678335,0.15415493904167285,,0.7693228554490499,0.7388464921263651,0.5430436785927608,80.76923076923077,0.7357284922786962,1.2297739067383768,260.0,gm_derived,322.0,275816000.0,88812752000.0,87778823000.0,5527534000.0,-1033929000.0,1597542000.0,167630000.0,485745000.0,259534000.0,-1033929000.0,5528613000.0,1561851000.0,1429912000.0,944167000.0,852263000.0,1821385000.0,1170969000.0,1147025316.2643764,0.265598756690378,0.20751121861292512,56.2017906957834,92.96959436201435,0.010756204830862223,102.9949945028706,0.009709209703119396,75.84551939462104,1.22113565773304,-0.5676608734561885,4929581000.0,591028000.0,0.998747180930954,10.0,0.3821262023538661,0.37370047619423696,77.3076923076923,0.5344578242914846,1.161685738325001,260.0,[],True,0.9,ig,Software and Services,78.94736842105263,72.72727272727273,,97.5,63.63636363636363,19.047619047619047,70.0,22.727272727272734,28.8135593220339,1.0,83.69548927680673,"{'profitability': 84.2, 'growth': 100.0, 'balance': 100.0, 'stability': 89.4}",19.40674539510006,True,1.003120363948696,34.09504730448294,90.54054054054053,51.55111733595339,6.0,False,"{""floor"": true, ""depressed_arms"": {""self_pct"": false, ""self_z"": false, ""median_ratio"": false}, ""yield_arm"": false, ""residual_arm"": false, ""brakes"": {""gm"": false, ""fcf_margin"": false, ""roic"": false}, ""self_pct"": 77.3076923076923, ""self_z"": 0.5344578242914846, ""median_ratio"": 1.161685738325001, ""fcf_yield"": 0.010756204830862223, ""yield_threshold"": 0.0495, ""gs10"": 0.0495, ""residual_pct"": 90.54054054054053, ""brake_values"": {""gm"": null, ""fcf_margin"": 0.7693228554490499, ""roic"": 0.5430436785927608}}",False,"{""floor"": true, ""mom_sector_pct"": 28.8135593220339, ""eps_rev_proxy"": 6.0}"
SNPS,883241,Synopsys,Information Technology,Application Software,Software and Services,9.527720739219713,5.9986310746064335,702629919.8435134,-0.09256606427361214,-0.19092499792842132,-0.12885436453414023,10.0,0.7946476583909342,0.016588977037796018,0.16710025916525123,0.17870656226177667,0.0832666902490432,0.13673282658828487,0.16789387918121312,0.6220302268118992,9,9,False,0.13866287520721876,0.1002950225005994,,False,0.7237516414068337,0.19090922124172924,0.01881608437986017,0.9107830794749255,1.1424830948522497,0.137612048615927,0.10209136885058233,100.0,3.398485772664872,4.588751989233614,250.0,,424.9100036621094,191636646.0,81428327953.65436,88661287953.65436,38385499000.0,7232960000.0,2938341000.0,190635000.0,950016000.0,1811144000.0,7234120000.0,9416465000.0,802356000.0,2747706000.0,1797690000.0,177181000.0,2613500000.0,1076559000.0,664571500.458509,0.17172489461223076,0.017313087435922324,110.50118395531953,49.31956452650588,0.020275929230124664,500.3995233893835,0.001998403182374446,75.63758972211868,2.552304146823351,2.7679816338243732,26834774000.0,336723000.0,0.7078583764144892,6.0,0.16958424233944014,0.21763821244221634,24.615384615384617,-0.29927481845804693,0.6975978248757788,260.0,[],True,1.0,ig,Software and Services,57.89473684210527,31.818181818181817,61.111111111111114,67.5,63.63636363636363,85.71428571428571,10.0,13.63636363636364,22.033898305084744,1.0,43.21337004821303,"{'profitability': 40.1, 'growth': 91.8, 'balance': 7.7, 'stability': 94.2}",36.811985732286914,False,0.3860582093342164,33.52403483596308,,40.012677890249975,,False,"{""floor"": false, ""depressed_arms"": {""self_pct"": false, ""self_z"": false, ""median_ratio"": true}, ""yield_arm"": false, ""residual_arm"": false, ""brakes"": {""gm"": false, ""fcf_margin"": true, ""roic"": false}, ""self_pct"": 24.615384615384617, ""self_z"": -0.29927481845804693, ""median_ratio"": 0.6975978248757788, ""fcf_yield"": 0.020275929230124664, ""yield_threshold"": 0.0495, ""gs10"": 0.0495, ""residual_pct"": null, ""brake_values"": {""gm"": 0.9107830794749255, ""fcf_margin"": 1.1424830948522497, ""roic"": 0.10209136885058233}}",False,"{""floor"": false, ""mom_sector_pct"": 22.033898305084744, ""eps_rev_proxy"": null}"
WDAY,1327811,"Workday, Inc.",Information Technology,Application Software,Software and Services,1.754962354551677,5.9986310746064335,695396353.4677166,-0.170065258278838,-0.2132234583185827,-0.22572665135241043,7.0,,,0.0672192589275002,0.07435023053681358,0.2610073822841178,0.06765280566158013,0.07301281168204987,0.6366513802938552,9,9,False,0.17209392670406998,,,False,,0.11797144263909404,0.11619891678975874,,1.7550244456924606,1.7175772039820638,,12.145748987854251,-0.46764951953519374,0.3452530823469344,247.0,shares_was_proxy;gm_derived,190.99000549316406,245181000.0,46827120536.81946,47196120536.81946,6829000000.0,369000000.0,3081000000.0,237000000.0,1646000000.0,255000000.0,369000000.0,10155000000.0,1085000000.0,2844000000.0,1198000000.0,1180000000.0,1340000000.0,1251000000.0,1057114485.9813085,0.02570093457943925,0.15479784536261657,43.49872860536355,39.395760047428595,0.025383442248508442,39.99671231933852,0.025002054969315495,37.43175102863266,2.273381294964029,0.2753731343283582,5227000000.0,383000000.0,0.8214965587933811,0.0,,,12.550607287449392,-0.7419169465237899,0.2954086566014943,247.0,['fcf_cagr5 gate'],False,0.8,ig,Software and Services,,9.090909090909092,,15.0,9.090909090909092,76.19047619047619,40.0,31.818181818181827,18.64406779661017,1.0,64.9843959750395,"{'profitability': 53.6, 'growth': 100.0, 'balance': 90.8, 'stability': 82.6}",45.92644466681559,True,,,,55.455420320927544,19.0,False,"{""floor"": true, ""depressed_arms"": {""self_pct"": true, ""self_z"": false, ""median_ratio"": true}, ""yield_arm"": false, ""residual_arm"": false, ""brakes"": {""gm"": false, ""fcf_margin"": true, ""roic"": false}, ""self_pct"": 12.550607287449392, ""self_z"": -0.7419169465237899, ""median_ratio"": 0.2954086566014943, ""fcf_yield"": 0.025383442248508442, ""yield_threshold"": 0.0495, ""gs10"": 0.0495, ""residual_pct"": null, ""brake_values"": {""gm"": null, ""fcf_margin"": 1.7550244456924606, ""roic"": null}}",True,"{""floor"": true, ""mom_sector_pct"": 18.64406779661017, ""eps_rev_proxy"": 19.0}"
HWM,4281,Howmet Aerospace,Industrials,Aerospace & Defense,Capital Goods,9.927446954140999,5.9986310746064335,685813615.2425969,0.37406894042493266,-0.20679158070252268,0.19004694355492524,5.0,,,0.10216369093517774,0.09518072289156626,0.5188785099295833,0.10047309090255807,0.08719879518072289,0.6657987551961007,6,9,False,0.09428692393516935,,,False,,0.1964461994076999,0.21037622024788857,,1.922857304875015,2.0938563585340275,1.459947405338947,,,,,sbc_unreported;gm_derived,229.3800048828125,398801399.0,91477066849.89246,95578066849.89246,9833000000.0,4101000000.0,2221000000.0,430000000.0,,303000000.0,4101000000.0,9117000000.0,2495000000.0,1791000000.0,1791000000.0,1918000000.0,2798000000.0,1871000000.0,2045637598.5977213,0.1801051709027169,0.20803799436567896,38.307842424806594,53.365754801726666,0.018738608752286303,49.8321516422797,0.0200673654868147,48.89207207369987,0.9572421165152325,1.4656897784131522,5084000000.0,457000000.0,0.5635106274788976,3.0,0.14249691023450264,0.12899990538366923,,,,,['fcf_cagr5 gate'],False,0.8,ig,Capital Goods,56.75675675675676,51.21951219512195,,28.04878048780488,8.333333333333332,33.33333333333333,56.75675675675676,14.63414634146342,79.6875,1.0,26.41301403082357,"{'profitability': 51.3, 'growth': 78.6, 'balance': 51.1, 'stability': 44.4}",,False,0.6550467642770363,27.719121450738925,,,,False,"{""floor"": false, ""depressed_arms"": {""self_pct"": false, ""self_z"": false, ""median_ratio"": false}, ""yield_arm"": false, ""residual_arm"": false, ""brakes"": {""gm"": false, ""fcf_margin"": true, ""roic"": true}, ""self_pct"": null, ""self_z"": null, ""median_ratio"": null, ""fcf_yield"": 0.018738608752286303, ""yield_threshold"": 0.0495, ""gs10"": 0.0495, ""residual_pct"": null, ""brake_values"": {""gm"": null, ""fcf_margin"": 1.922857304875015, ""roic"": 1.459947405338947}}",False,"{""floor"": false, ""mom_sector_pct"": 79.6875, ""eps_rev_proxy"": null}"
CVS,64803,CVS Health,Health Care,Health Care Services,Health Care Equipment and Services,69.56057494866529,5.9986310746064335,682265712.8778919,0.2671731109422133,-0.21059954763227107,0.1581031568895439,10.0,,,0.03071697999167266,0.027411005768972766,0.3240091096033006,0.025839506839701393,0.023679620768301955,0.4104448589873081,9,9,False,0.08393742925077285,,,False,0.4449078022385723,0.026604125410155968,0.02299041644382128,,0.8661048520189263,0.889738979402556,0.9643303543684867,50.0,-0.004154893976359951,0.9964029505627375,246.0,,85.05000305175781,1278970369.0,108776433786.55782,182910433786.5578,153836000000.0,74134000000.0,14780000000.0,3022000000.0,715000000.0,4522000000.0,73937000000.0,415086000000.0,8288000000.0,11758000000.0,11043000000.0,9543000000.0,12810000000.0,4890000000.0,6996177639.536893,0.15586659754622428,0.04547815621530001,22.069309095868462,16.563473131083747,0.060373811222198065,19.166974094787573,0.0521730762015246,22.244669486003644,2.4044989775051127,5.771818891491023,85478000000.0,10498000000.0,0.6238851764216439,2.0,0.047160349157610415,0.04058011647135661,48.84615384615385,-0.013253929987837974,0.9800983143682331,260.0,['fcf_cagr5 gate'],False,0.9,ig,Health Care Equipment and Services,14.814814814814813,17.24137931034483,,35.714285714285715,58.333333333333336,89.65517241379311,0.0,36.66666666666667,57.14285714285714,1.0,21.30166300070467,"{'profitability': 15.5, 'growth': 69.9, 'balance': 0.0, 'stability': 78.4}",47.495122090063674,False,-0.4042842676199858,24.815888782147088,,34.39839254538417,,False,"{""floor"": false, ""depressed_arms"": {""self_pct"": false, ""self_z"": false, ""median_ratio"": false}, ""yield_arm"": true, ""residual_arm"": false, ""brakes"": {""gm"": false, ""fcf_margin"": false, ""roic"": true}, ""self_pct"": 48.84615384615385, ""self_z"": -0.013253929987837974, ""median_ratio"": 0.9800983143682331, ""fcf_yield"": 0.060373811222198065, ""yield_threshold"": 0.0495, ""gs10"": 0.0495, ""residual_pct"": null, ""brake_values"": {""gm"": null, ""fcf_margin"": 0.8661048520189263, ""roic"": 0.9643303543684867}}",False,"{""floor"": false, ""mom_sector_pct"": 57.14285714285714, ""eps_rev_proxy"": null}"
FIX,1035983,Comfort Systems USA,Industrials,Construction & Engineering,Capital Goods,0.758384668035592,5.9986310746064335,682160829.3727088,0.8919885888542343,-0.17488426751628272,1.0472863476311773,10.0,0.19659443124877105,0.08100351152728659,0.17252296145824347,0.10213472485768502,0.5853704711450496,0.1806172260737498,0.09774860846198549,0.6859689192105073,8,9,False,-0.08508751361229527,0.3149343608446671,0.38861010216781766,False,0.27509703312732825,0.536067569066539,0.6226427728038904,1.3993124392176695,3.107224479196561,3.4473055883919526,1.725476250779451,36.53846153846153,-0.19966277127066046,0.8982876228830704,260.0,,1643.3900146484375,35194329.0,57838008850.85193,56371907850.85193,1751168000.0,-1466101000.0,2550065000.0,390259000.0,38228000.0,47623000.0,-1484385000.0,3957669000.0,743811000.0,2159806000.0,2121578000.0,2464214000.0,791434000.0,1434401000.0,601318080.3392045,0.19157140679661291,0.34338114923251484,75.78794593095817,26.570744912914787,0.03763537692591927,22.87622254027123,0.043713510752905256,40.32206394923869,1.5057198091747008,-1.8755638499230511,1101475000.0,534580000.0,0.9342650162634311,6.0,0.19900659257257175,0.14350713819195393,56.15384615384615,0.2119453608966556,1.1044814099977303,260.0,"['tenure<1y', 'rev_cagr5 gate']",False,1.0,ig,Capital Goods,64.86486486486487,92.6829268292683,18.75,46.34146341463415,64.28571428571429,89.74358974358975,94.5945945945946,4.878048780487802,98.4375,1.0,41.42044692654132,"{'profitability': 56.3, 'growth': 50.0, 'balance': 100.0, 'stability': 61.3}",29.26466600979446,False,-0.04925577781438362,27.912275469714643,,35.342556468167885,,False,"{""floor"": false, ""depressed_arms"": {""self_pct"": false, ""self_z"": false, ""median_ratio"": false}, ""yield_arm"": false, ""residual_arm"": false, ""brakes"": {""gm"": true, ""fcf_margin"": true, ""roic"": true}, ""self_pct"": 56.15384615384615, ""self_z"": 0.2119453608966556, ""median_ratio"": 1.1044814099977303, ""fcf_yield"": 0.03763537692591927, ""yield_threshold"": 0.0495, ""gs10"": 0.0495, ""residual_pct"": null, ""brake_values"": {""gm"": 1.3993124392176695, ""fcf_margin"": 3.107224479196561, ""roic"": 1.725476250779451}}",False,"{""floor"": false, ""mom_sector_pct"": 98.4375, ""eps_rev_proxy"": null}"
SBUX,829224,Starbucks,Consumer Discretionary,Restaurants,Consumer Services,26.299794661190965,5.9986310746064335,667421161.1584158,0.3263248668220602,-0.13166432219885027,0.15169520221645327,10.0,,,0.0898828895044791,0.08319834587380653,0.23130852669390775,0.1057793537095246,0.11595745268989004,0.21597106099244498,8,9,True,0.09595337505976698,-0.14298220922492444,-0.1054818622589877,True,,0.08549414032442754,0.07706914495426245,,0.9511725846348891,0.7285840029416155,0.6130110097877871,70.38461538461539,0.6259402704271938,1.2069991262506563,260.0,gm_derived,93.6500015258789,1140000000.0,106761001739.50195,125592001739.50195,11156700000.0,18831000000.0,4985900000.0,1343800000.0,364400000.0,1666800000.0,18823800000.0,38338300000.0,2977500000.0,3642100000.0,3277700000.0,2954700000.0,4644300000.0,1982800000.0,1918601033.7429295,0.3556335738898641,0.17196850625569654,42.180353229051875,38.317113140159854,0.026097999511135096,42.5058387448817,0.023526179685618227,53.843555446591665,1.8368468831954812,4.053097345132743,1238800000.0,296200000.0,0.13758548674787346,9.0,0.2805308608000838,0.3004904593713034,37.30769230769231,-0.4174879973344562,0.874873711808004,260.0,['fcf_cagr5 gate'],False,0.9,ig,Consumer Services,91.66666666666666,61.53846153846154,,100.0,80.76923076923077,84.61538461538461,22.222222222222214,0.0,87.87878787878788,1.0,27.663770743832895,"{'profitability': 59.6, 'growth': 40.0, 'balance': 0.0, 'stability': 77.2}",30.808123257595845,False,0.4877178178870256,23.527708149563583,,29.23594700071437,,False,"{""floor"": false, ""depressed_arms"": {""self_pct"": false, ""self_z"": false, ""median_ratio"": false}, ""yield_arm"": false, ""residual_arm"": false, ""brakes"": {""gm"": false, ""fcf_margin"": true, ""roic"": false}, ""self_pct"": 37.30769230769231, ""self_z"": -0.4174879973344562, ""median_ratio"": 0.874873711808004, ""fcf_yield"": 0.026097999511135096, ""yield_threshold"": 0.0495, ""gs10"": 0.0495, ""residual_pct"": null, ""brake_values"": {""gm"": null, ""fcf_margin"": 0.9511725846348891, ""roic"": 0.6130110097877871}}",False,"{""floor"": false, ""mom_sector_pct"": 87.87878787878788, ""eps_rev_proxy"": null}"
MDT,1613103,Medtronic,Health Care,Health Care Equipment,Health Care Equipment and Services,39.90143737166324,5.9986310746064335,660187257.1139537,-0.0077786535604076334,-0.13889869693772383,-0.03736150102522995,10.0,,,0.14792446034464962,0.14181351939648745,0.08538024080072006,0.11322082245849044,0.11193607060858157,0.11287353506544918,7,9,False,0.038417474974348664,0.021228777171166335,0.04154819570596069,False,0.650098556283629,0.15012519311704225,0.12252943370092163,,1.0148774095052646,1.0822164248616368,1.1506337414540628,5.0,-0.9928966308638337,0.8403427018694637,260.0,,88.51000213623047,1279137890.0,113216497376.43333,130936499376.43333,67952002000.0,17720002000.0,8035000000.0,1903000000.0,496000000.0,2939000000.0,17102000000.0,37542000000.0,6786000000.0,6132000000.0,5636000000.0,4600000000.0,9725000000.0,430004801.0,5416056338.028169,0.20187793427230047,0.07970414673033722,19.29509274630612,23.23216809376035,0.04304376569436832,28.46445638618116,0.035131533391429076,263.29124026788094,14.26030589830554,1.758560411311054,43187000000.0,27262000000.0,1.036746496446124,0.0,0.06926978052078901,0.07582692183093777,13.846153846153847,-0.9136288811364167,0.8979996916415777,260.0,[],True,0.9,ig,Health Care Equipment and Services,25.925925925925924,75.86206896551724,,8.928571428571429,58.333333333333336,100.0,40.74074074074075,56.666666666666664,26.190476190476193,1.0,30.841720919308656,"{'profitability': 47.3, 'growth': 24.9, 'balance': 41.4, 'stability': 79.5}",58.508874389161555,False,-0.07393892170684291,25.015028787870687,,44.67529765423511,,False,"{""floor"": false, ""depressed_arms"": {""self_pct"": true, ""self_z"": false, ""median_ratio"": false}, ""yield_arm"": false, ""residual_arm"": false, ""brakes"": {""gm"": false, ""fcf_margin"": true, ""roic"": true}, ""self_pct"": 13.846153846153847, ""self_z"": -0.9136288811364167, ""median_ratio"": 0.8979996916415777, ""fcf_yield"": 0.04304376569436832, ""yield_threshold"": 0.0495, ""gs10"": 0.0495, ""residual_pct"": null, ""brake_values"": {""gm"": null, ""fcf_margin"": 1.0148774095052646, ""roic"": 1.1506337414540628}}",False,"{""floor"": false, ""mom_sector_pct"": 26.190476190476193, ""eps_rev_proxy"": null}"
F,37996,Ford Motor Company,Consumer Discretionary,Automobile Manufacturers,Consumer Durables and Apparel,69.56057494866529,5.9986310746064335,646761828.0763134,0.2095865290438612,-0.26969827151627923,0.09803966871128433,9.0,0.13324574356055613,0.24677735648354715,0.039700696966098556,0.03531394906663791,0.5843633148779162,0.03125951592536076,0.03841285877258203,0.6480181591880756,7,9,False,0.08052066341481323,-0.07617146693896004,-0.20695747901764305,False,0.08043779396505868,0.047650649685822784,0.012698763832487978,0.6036800262103844,1.2002471827261092,0.4062367396478301,1.5508184675126946,92.3076923076923,2.5692755943613483,8.985532708980632,247.0,shares_was_proxy;gm_derived,12.600000381469727,3991000000.0,50286601522.44568,23395601522.44568,10562000000.0,-26891000000.0,18919000000.0,9373000000.0,499000000.0,16009000000.0,-26922000000.0,189861000000.0,-7159000000.0,9546000000.0,9047000000.0,2411000000.0,8850000000.0,,-5918477228.325975,0.17328157168236133,-0.5603557307636788,,2.586006579246787,0.3866966186494642,9.703692045809074,0.1030535589216158,,,-3.0420338983050845,483000000.0,170000000.0,0.061825411853815564,5.0,-0.36132902883366774,0.46524879216498705,88.25910931174089,1.4426327735604332,2.843508356400339,247.0,['fcf_cagr5 gate'],False,0.8,ig,Consumer Durables and Apparel,12.5,10.0,12.5,38.88888888888889,25.0,,80.0,,78.78787878787878,1.0,16.817741597099186,"{'profitability': 7.1, 'growth': 33.6, 'balance': 100.0, 'stability': 39.2}",,False,,,,,,False,"{""floor"": false, ""depressed_arms"": {""self_pct"": false, ""self_z"": false, ""median_ratio"": false}, ""yield_arm"": true, ""residual_arm"": false, ""brakes"": {""gm"": false, ""fcf_margin"": true, ""roic"": true}, ""self_pct"": 88.25910931174089, ""self_z"": 1.4426327735604332, ""median_ratio"": 2.843508356400339, ""fcf_yield"": 0.3866966186494642, ""yield_threshold"": 0.0495, ""gs10"": 0.0495, ""residual_pct"": null, ""brake_values"": {""gm"": 0.6036800262103844, ""fcf_margin"": 1.2002471827261092, ""roic"": 1.5508184675126946}}",False,"{""floor"": false, ""mom_sector_pct"": 78.78787878787878, ""eps_rev_proxy"": null}"
PWR,1050915,Quanta Services,Industrials,Construction & Engineering,Capital Goods,17.234770704996578,5.9986310746064335,638873361.0766076,0.4877990717901872,-0.16414717492380637,0.588516149503765,10.0,0.1475346341239276,0.024182864034821915,0.039690042546249055,0.04857662068844642,0.508076692604365,0.03161097397375563,0.039947405339319446,0.600045286602893,8,9,False,0.2051545611518748,,,False,0.1545648187486818,0.06580795583911814,0.05840993230844786,1.047651079805769,1.6580469966096667,1.8477738888065114,1.2731317691937425,32.9059829059829,-0.04984911474428735,0.7621252882553675,234.0,,643.5,150343393.0,96745973395.5,99428351395.5,12320320000.0,2682378000.0,3178249000.0,787091000.0,225738000.0,1030524000.0,2578377000.0,32905140000.0,2035759000.0,2391158000.0,2165420000.0,1921987000.0,3066283000.0,1340415000.0,1565980503.6620963,0.230763315470006,0.12710550567372408,48.8409243901169,45.91642794261621,0.021778697621028888,51.73206238933978,0.019330371800643037,72.17613455198577,1.78389379408616,0.8408803101344526,7868886000.0,3217584000.0,0.899852438897691,3.0,0.09983688157763773,0.10345907512982935,38.05668016194332,-0.04499990053543165,0.9013326671737573,247.0,['fcf_cagr5 gate'],False,1.0,ig,Capital Goods,24.324324324324326,9.75609756097561,9.375,28.04878048780488,64.28571428571429,94.87179487179486,75.67567567567568,7.317073170731703,87.5,1.0,44.118784893228316,"{'profitability': 35.6, 'growth': 100.0, 'balance': 72.0, 'stability': 67.0}",31.19681634391116,False,0.5120970589605602,27.514851166463675,,37.65780061856974,,False,"{""floor"": false, ""depressed_arms"": {""self_pct"": false, ""self_z"": false, ""median_ratio"": false}, ""yield_arm"": false, ""residual_arm"": false, ""brakes"": {""gm"": true, ""fcf_margin"": true, ""roic"": true}, ""self_pct"": 38.05668016194332, ""self_z"": -0.04499990053543165, ""median_ratio"": 0.9013326671737573, ""fcf_yield"": 0.021778697621028888, ""yield_threshold"": 0.0495, ""gs10"": 0.0495, ""residual_pct"": null, ""brake_values"": {""gm"": 1.047651079805769, ""fcf_margin"": 1.6580469966096667, ""roic"": 1.2731317691937425}}",False,"{""floor"": false, ""mom_sector_pct"": 87.5, ""eps_rev_proxy"": null}"
RCL,884887,Royal Caribbean Group,Consumer Discretionary,"Hotels, Resorts & Cruise Lines",Consumer Services,11.80561259411362,5.9986310746064335,609850425.1170835,-0.133291707002689,-0.3019139808660749,-0.254297345697693,6.0,0.1746119317822866,2.7998895789112415,-0.5565378242521708,0.032661870503597125,,,,,7,9,False,0.52022825771937,,,,0.4906326945723156,-0.030350069585697463,,2.809846323583756,0.05453370510167815,,1.179325032433615,,,,,gm_derived,238.97999572753906,267452084.0,63915697891.64142,73578519891.64142,19898822000.0,9662822000.0,6786000000.0,7202000000.0,151000000.0,,9437822000.0,18682000000.0,5104000000.0,-416000000.0,-567000000.0,,,4398000000.0,5039521016.75698,0.012633029632253068,0.2532572539599068,14.415854210744792,,-0.007706053354090528,,,14.532900839390955,-0.09458844929513416,,808000000.0,390000000.0,0.06020456889357571,3.0,0.21474762851195797,0.22568721448521956,,,,,['fcf_cagr5 gate'],False,0.8,ig,Consumer Services,75.0,15.384615384615385,40.0,53.84615384615385,23.076923076923077,15.384615384615385,,61.53846153846153,42.42424242424242,0.7,37.037037037037045,"{'profitability': 50.0, 'growth': 100.0, 'balance': None, 'stability': 51.9}",,False,,,,,,False,"{""floor"": false, ""depressed_arms"": {""self_pct"": false, ""self_z"": false, ""median_ratio"": false}, ""yield_arm"": false, ""residual_arm"": false, ""brakes"": {""gm"": true, ""fcf_margin"": false, ""roic"": true}, ""self_pct"": null, ""self_z"": null, ""median_ratio"": null, ""fcf_yield"": -0.007706053354090528, ""yield_threshold"": 0.0495, ""gs10"": 0.0495, ""residual_pct"": null, ""brake_values"": {""gm"": 2.809846323583756, ""fcf_margin"": 0.05453370510167815, ""roic"": 1.179325032433615}}",False,"{""floor"": false, ""mom_sector_pct"": 42.42424242424242, ""eps_rev_proxy"": null}"
VRTX,875320,Vertex Pharmaceuticals,Health Care,Biotechnology,Pharmaceuticals Biotechnology and Life Sciences,13.00479123887748,5.9986310746064335,607767670.1985183,0.4042879041716061,-0.046838761941280005,0.3542282835788304,9.0,0.8710581185761932,0.009325386393999456,0.1994603070790299,0.2597037389100127,0.6932130193927832,0.20943781513893778,0.274147127165188,0.8916470902314352,9,9,False,0.14100488310526438,0.013024357577106516,0.0015571251147354914,False,0.8599529680945722,0.24683805770941908,0.268661815177323,0.9872509649530927,1.2375297186904322,1.2827760593238473,0.6352873450517654,84.05797101449275,1.0706660726611954,1.2481812909349397,207.0,gm_derived,522.3800048828125,253460924.0,132402918716.72217,126822618716.72217,14667600000.0,-5580300000.0,4292900000.0,496800000.0,689100000.0,222100000.0,-5580300000.0,12587200000.0,4777100000.0,3796100000.0,3107000000.0,3381700000.0,4999200000.0,4405200000.0,3989777404.493317,0.16481183050526116,0.2720129676629658,26.548035150346898,40.818351695114956,0.02449878445531836,37.50262256164715,0.02666480186435471,30.05605164730822,0.8617315899391628,-1.1162385981757081,1088000000.0,236300000.0,0.09028743625405657,6.0,0.428173124778365,0.43528024329737486,86.95652173913044,1.1599059063336417,1.2869628062953815,207.0,[],True,1.0,ig,Pharmaceuticals Biotechnology and Life Sciences,100.0,58.333333333333336,100.0,70.83333333333334,16.666666666666664,11.11111111111111,91.66666666666667,70.0,80.95238095238095,1.0,63.97583590275062,"{'profitability': 99.4, 'growth': 55.4, 'balance': 100.0, 'stability': 74.1}",33.45601831531891,True,0.12992514714159764,35.845091128303004,52.702702702702695,48.715927109034766,9.0,False,"{""floor"": true, ""depressed_arms"": {""self_pct"": false, ""self_z"": false, ""median_ratio"": false}, ""yield_arm"": false, ""residual_arm"": false, ""brakes"": {""gm"": true, ""fcf_margin"": true, ""roic"": false}, ""self_pct"": 86.95652173913044, ""self_z"": 1.1599059063336417, ""median_ratio"": 1.2869628062953815, ""fcf_yield"": 0.02449878445531836, ""yield_threshold"": 0.0495, ""gs10"": 0.0495, ""residual_pct"": 52.702702702702695, ""brake_values"": {""gm"": 0.9872509649530927, ""fcf_margin"": 1.2375297186904322, ""roic"": 0.6352873450517654}}",False,"{""floor"": true, ""mom_sector_pct"": 80.95238095238095, ""eps_rev_proxy"": 9.0}"
SHW,89800,Sherwin-Williams,Materials,Specialty Chemicals,Materials,62.23682409308692,5.9986310746064335,601224162.116641,0.018195638319621565,-0.13141877372051414,-0.054022240445021574,10.0,0.4578350353148436,0.061498395438229075,0.08856759496455152,0.08899150647293001,0.24455291392691372,0.09432119911976286,0.10351754442929195,0.2873580052044409,9,9,False,0.05124800274973418,-0.030889145816553554,-0.005935379353634751,False,0.489817822804308,0.12670880734771797,0.12453759273749196,1.0698565750160876,1.4306452308932196,1.320356334522023,,1.9230769230769231,-0.712964967516494,0.7348518108311278,260.0,,320.3999938964844,242758151.0,77779710098.72183,91911635098.72183,17986625000.0,14131925000.0,3886700000.0,673500000.0,120200000.0,726500000.0,14117300000.0,24410300000.0,,3213200000.0,3093000000.0,3040000000.0,,2688200000.0,,0.23013918322928004,,,29.7160152275208,0.033651887453398296,30.234090493000604,0.03307524664026215,28.933751245711566,1.1952979689011234,,8023200000.0,3966100000.0,0.6665675189203089,5.0,0.1892866797451632,0.1855246972080784,1.9230769230769231,-1.1548487074555553,0.6484494403626758,260.0,[],True,0.8,ig,Materials,83.33333333333334,71.42857142857143,100.0,60.71428571428571,71.42857142857143,81.81818181818183,,,28.57142857142857,0.7,37.40385621816257,"{'profitability': 64.2, 'growth': 21.4, 'balance': None, 'stability': 81.6}",,False,0.04275563582687969,28.472266205610623,,,,False,"{""floor"": false, ""depressed_arms"": {""self_pct"": true, ""self_z"": true, ""median_ratio"": true}, ""yield_arm"": false, ""residual_arm"": false, ""brakes"": {""gm"": true, ""fcf_margin"": true, ""roic"": false}, ""self_pct"": 1.9230769230769231, ""self_z"": -1.1548487074555553, ""median_ratio"": 0.6484494403626758, ""fcf_yield"": 0.033651887453398296, ""yield_threshold"": 0.0495, ""gs10"": 0.0495, ""residual_pct"": null, ""brake_values"": {""gm"": 1.0698565750160876, ""fcf_margin"": 1.4306452308932196, ""roic"": null}}",False,"{""floor"": false, ""mom_sector_pct"": 28.57142857142857, ""eps_rev_proxy"": null}"
LOW,60667,Lowe's,Consumer Discretionary,Home Improvement Retail,Consumer Discretionary Distribution and Retail,42.57084188911704,5.9986310746064335,594538448.0082386,-0.17422174433052728,-0.3369105865797096,-0.2518579876754332,10.0,0.33344918803430185,0.0024769973993624874,0.07900300700249838,0.08342857142857144,0.1016100183577127,0.07866094768509296,0.08312727272727273,0.10461578683148735,7,9,False,-0.007502609287254769,-0.03741252792524352,-0.044084943015242906,False,0.33082315994338285,0.07450902335456476,0.07228635881104034,0.9921246529151876,0.9431162962215919,0.918961199150914,,14.23076923076923,-0.4617723414320699,0.9081645016911888,260.0,ev_or_ic_nonpos,188.49000549316406,561054019.0,105753075123.27177,112661075123.27177,-529000000.0,6908000000.0,9263000000.0,2263000000.0,262000000.0,2464000000.0,6908000000.0,90432000000.0,10292000000.0,7000000000.0,6738000000.0,6537000000.0,12756000000.0,6643000000.0,7802094716.421316,0.2419262809540112,,10.946470571635423,16.720254544860754,0.05980770192923686,17.23436976032917,0.05802358971674404,15.919475406182714,1.053740779768177,0.5415490749451238,3957000000.0,5709000000.0,-18.272211720226842,6.0,-1.8871481937330075,-1.2449672419140838,12.307692307692308,-0.5050425286285591,0.8890092668616495,260.0,['rev_cagr5 gate'],False,1.0,ig,Consumer Discretionary Distribution and Retail,12.5,50.0,33.33333333333333,25.0,55.55555555555556,66.66666666666666,62.5,88.88888888888889,30.303030303030305,1.0,25.52380534473454,"{'profitability': 14.9, 'growth': 0.0, 'balance': 81.9, 'stability': 83.6}",73.54514745820367,False,,,,49.53447640146911,,False,"{""floor"": false, ""depressed_arms"": {""self_pct"": true, ""self_z"": false, ""median_ratio"": false}, ""yield_arm"": true, ""residual_arm"": false, ""brakes"": {""gm"": true, ""fcf_margin"": false, ""roic"": false}, ""self_pct"": 12.307692307692308, ""self_z"": -0.5050425286285591, ""median_ratio"": 0.8890092668616495, ""fcf_yield"": 0.05980770192923686, ""yield_threshold"": 0.0495, ""gs10"": 0.0495, ""residual_pct"": null, ""brake_values"": {""gm"": 0.9921246529151876, ""fcf_margin"": 0.9431162962215919, ""roic"": null}}",False,"{""floor"": false, ""mom_sector_pct"": 30.303030303030305, ""eps_rev_proxy"": null}"
LMT,936468,Lockheed Martin,Industrials,Aerospace & Defense,Capital Goods,69.56057494866529,5.9986310746064335,586155920.3835093,0.1793530566352417,-0.21046069750497765,0.10215026726527521,10.0,0.11705843553120325,0.1263162897999264,0.08951085687827204,0.0882627162540143,0.12540478673707614,0.09310330997879919,0.09212532003374228,0.13245777240079795,8,9,False,0.027909621535260998,0.014855145283984017,-0.008085231686713157,False,0.11797854935466279,0.1088892928558444,,1.0078602948970241,1.2164925759109373,,0.9836659938643754,61.15384615384616,0.10431963090714802,1.0255104944959055,260.0,,523.7000122070312,230790753.0,120865120163.36993,138434120163.36993,26337000000.0,17569000000.0,10402000000.0,1673000000.0,343000000.0,,17569000000.0,77014000000.0,9153000000.0,8729000000.0,8386000000.0,,,6287000000.0,7754333782.509096,0.15280959439428649,0.2944273752708773,15.124453202596955,16.507765342638915,0.06057755118538298,,,19.224609537676148,1.3884205503419755,,11298000000.0,1887000000.0,0.5006264950449937,10.0,0.2993164113706995,0.30658781076846797,20.0,-0.6789442147948254,0.7977206100837356,260.0,[],True,0.9,ig,Capital Goods,86.48648648648648,41.46341463414634,6.25,87.8048780487805,64.28571428571429,76.92307692307693,,82.92682926829268,60.9375,0.7,34.97255773039259,"{'profitability': 67.7, 'growth': 17.8, 'balance': None, 'stability': 75.5}",71.30663328503887,False,-0.5337212275043615,28.15013427417985,,53.139595507715725,,False,"{""floor"": false, ""depressed_arms"": {""self_pct"": true, ""self_z"": false, ""median_ratio"": true}, ""yield_arm"": true, ""residual_arm"": false, ""brakes"": {""gm"": true, ""fcf_margin"": true, ""roic"": true}, ""self_pct"": 20.0, ""self_z"": -0.6789442147948254, ""median_ratio"": 0.7977206100837356, ""fcf_yield"": 0.06057755118538298, ""yield_threshold"": 0.0495, ""gs10"": 0.0495, ""residual_pct"": null, ""brake_values"": {""gm"": 1.0078602948970241, ""fcf_margin"": 1.2164925759109373, ""roic"": 0.9836659938643754}}",False,"{""floor"": false, ""mom_sector_pct"": 60.9375, ""eps_rev_proxy"": null}"
HLT,1585689,Hilton Worldwide,Consumer Discretionary,"Hotels, Resorts & Cruise Lines",Consumer Services,9.267624914442163,5.9986310746064335,580279986.5212966,0.23202046393135145,-0.10482708678337493,0.19481294432206986,10.0,,,0.12342923101055385,0.1558081260068015,0.4829211664750461,0.11325903798919815,0.15133345265795597,0.620550569964594,8,9,False,0.22823963694173832,0.2509558783459027,,False,,0.14769723668402082,0.13872647176611935,,1.1966147360295223,1.224860057343504,,41.53846153846154,-0.10046798882063541,0.978472056202833,260.0,ev_or_ic_nonpos,312.1300048828125,225064910.0,70249511457.24976,70420511457.24976,-6132000000.0,171000000.0,2109000000.0,80000000.0,185000000.0,192000000.0,143000000.0,12485000000.0,2915000000.0,2029000000.0,1844000000.0,1732000000.0,3107000000.0,1584000000.0,2069636934.1102643,0.29000448229493503,,24.157979916723757,38.1889975364695,0.02618555250226262,40.65849391296175,0.024595106797136043,44.34943905129404,1.2809343434343434,0.04602510460251046,5068000000.0,5664000000.0,-1.7501630789302023,2.0,-0.7223651229167325,-0.7217832560752915,72.3076923076923,0.09935412471744569,1.1605100086812126,260.0,[],True,0.9,ig,Consumer Services,8.333333333333332,84.61538461538461,,42.30769230769231,80.76923076923077,61.53846153846154,77.77777777777777,23.076923076923066,81.81818181818183,1.0,43.097203388639905,"{'profitability': 29.5, 'growth': 100.0, 'balance': 98.5, 'stability': 60.4}",26.863849056734427,False,,,,34.98052622268717,,False,"{""floor"": false, ""depressed_arms"": {""self_pct"": false, ""self_z"": false, ""median_ratio"": false}, ""yield_arm"": false, ""residual_arm"": false, ""brakes"": {""gm"": false, ""fcf_margin"": true, ""roic"": false}, ""self_pct"": 72.3076923076923, ""self_z"": 0.09935412471744569, ""median_ratio"": 1.1605100086812126, ""fcf_yield"": 0.02618555250226262, ""yield_threshold"": 0.0495, ""gs10"": 0.0495, ""residual_pct"": null, ""brake_values"": {""gm"": null, ""fcf_margin"": 1.1966147360295223, ""roic"": null}}",False,"{""floor"": false, ""mom_sector_pct"": 81.81818181818183, ""eps_rev_proxy"": null}"
TGT,27419,Target Corporation,Consumer Staples,Consumer Staples Merchandise Retail,Consumer Staples Distribution and Retail,49.73305954825462,5.9986310746064335,579747447.5179148,0.9327002665328821,-0.056153339022175786,0.8494371146496216,9.0,,,0.02532634640431261,0.03318065020668082,0.7981763749446829,0.03690771201757144,0.03830490024961057,0.4358782256616723,6,9,False,0.02290831244420044,-0.18482759213389788,-0.16686354879050602,False,0.29303189266979246,0.038568311591848106,0.04872568590130449,,1.5228533550058618,1.320203373162406,0.9063930476274913,33.84615384615385,-0.0746639910570655,0.8894337392267472,260.0,,156.14999389648438,454296736.0,70938432553.59277,82518432553.59277,29423000000.0,11580000000.0,8723000000.0,4267000000.0,302000000.0,3173000000.0,11580000000.0,107705000000.0,6023000000.0,4456000000.0,4154000000.0,5248000000.0,9196000000.0,4393000000.0,4673677738.515902,0.22402826855123675,0.15884436456227785,13.700553304597838,19.864812843907746,0.05034026788259854,15.72378669085228,0.06359791185553133,16.148061132163164,1.0143409970407467,1.2592431491953022,631000000.0,37000000.0,0.022703327328960337,7.0,0.17524887793221422,0.15517606087705768,41.88034188034188,-0.014663740440328215,0.9377999683618364,234.0,['fcf_cagr5 gate'],False,0.9,sector,Consumer Staples,62.5,22.22222222222222,,52.083333333333336,9.25925925925926,41.66666666666667,72.0,85.18518518518519,100.0,1.0,17.08585140791656,"{'profitability': 45.4, 'growth': 9.5, 'balance': 58.0, 'stability': 44.4}",62.27465719693087,False,-0.30309385720098225,26.897781874855134,,39.68025430242371,,False,"{""floor"": false, ""depressed_arms"": {""self_pct"": false, ""self_z"": false, ""median_ratio"": false}, ""yield_arm"": true, ""residual_arm"": false, ""brakes"": {""gm"": false, ""fcf_margin"": true, ""roic"": true}, ""self_pct"": 41.88034188034188, ""self_z"": -0.014663740440328215, ""median_ratio"": 0.9377999683618364, ""fcf_yield"": 0.05034026788259854, ""yield_threshold"": 0.0495, ""gs10"": 0.0495, ""residual_pct"": null, ""brake_values"": {""gm"": null, ""fcf_margin"": 1.5228533550058618, ""roic"": 0.9063930476274913}}",False,"{""floor"": false, ""mom_sector_pct"": 100.0, ""eps_rev_proxy"": null}"
PH,76334,Parker Hannifin,Industrials,Industrial Machinery & Supplies & Components,Capital Goods,40.818617385352496,5.9986310746064335,568843086.0204327,0.3337707739189659,-0.09025895781073578,0.3095403693060992,10.0,,,0.14703505531196595,0.14194681384846963,0.1948327902266329,0.12365674814160402,0.11550426492724536,0.22138268026036703,7,9,False,0.0842453236413565,0.10549393088640535,0.11811683343024781,False,0.3768547374296479,0.17331038652960604,0.1510767942695009,,1.1787011346504506,1.2217432250158897,1.1157765075840544,81.15384615384616,1.0063173764768867,1.194459083098994,260.0,,974.97998046875,126047469.0,122893758863.75537,132199074863.75537,24709316000.0,9305316000.0,4364000000.0,459000000.0,179000000.0,937000000.0,9296316000.0,21499000000.0,5068000000.0,3905000000.0,3726000000.0,3248000000.0,6005000000.0,,4052845058.0758276,0.20030681569143108,0.16402093275571966,26.085058181482907,35.480159652108256,0.028184766072228744,40.70168561076212,0.02456900703236687,,,1.5480959200666111,11109000000.0,7280000000.0,0.7442132352024637,10.0,0.14700160080522534,0.14611933141342798,86.53846153846155,1.2974425301639148,1.2674166978644699,260.0,[],True,0.8,ig,Capital Goods,59.45945945945946,85.36585365853658,,87.8048780487805,64.28571428571429,,51.35135135135135,36.58536585365854,73.4375,1.0,46.35302419005974,"{'profitability': 64.9, 'growth': 79.1, 'balance': 48.4, 'stability': 72.2}",24.962954471383206,False,0.24620413905588379,27.737062580140307,,35.65798933072148,,False,"{""floor"": false, ""depressed_arms"": {""self_pct"": false, ""self_z"": false, ""median_ratio"": false}, ""yield_arm"": false, ""residual_arm"": false, ""brakes"": {""gm"": false, ""fcf_margin"": true, ""roic"": true}, ""self_pct"": 86.53846153846155, ""self_z"": 1.2974425301639148, ""median_ratio"": 1.2674166978644699, ""fcf_yield"": 0.028184766072228744, ""yield_threshold"": 0.0495, ""gs10"": 0.0495, ""residual_pct"": null, ""brake_values"": {""gm"": null, ""fcf_margin"": 1.1787011346504506, ""roic"": 1.1157765075840544}}",False,"{""floor"": false, ""mom_sector_pct"": 73.4375, ""eps_rev_proxy"": null}"
ORLY,898173,O'Reilly Automotive,Consumer Discretionary,Automotive Retail,Consumer Discretionary Distribution and Retail,17.49760438056126,5.9986310746064335,564383645.0548306,-0.16588123211343797,-0.17702073565884613,-0.1871819123088454,10.0,0.5158929378182571,0.0108552076334035,0.14335644687557894,0.12650375500007904,0.19235533434112342,0.1695985137681996,0.16427213078467645,0.08450450532450492,9,9,False,0.08910774866946913,-0.07643881962372256,-0.023799061709067426,False,0.5163568171154846,0.11427847165081478,0.1463400687530347,1.0008991774517972,0.7971631143313608,0.8628617403631639,0.9413561323683274,78.46153846153847,1.7662496940477452,6.398323394342163,260.0,,86.23999786376953,808960792.0,69764776973.95331,79389908973.95331,7789407000.0,9625132000.0,3289439000.0,1133180000.0,33815000.0,537714000.0,9625132000.0,18572562000.0,3632030000.0,2156259000.0,2122444000.0,2717910000.0,4169744000.0,2650374000.0,2832471895.6995807,0.2201408315185776,0.3636312617506802,21.85827456655185,37.404948716646146,0.026734430451310173,29.209910914619435,0.034234955489011926,26.322615968143857,0.81356782099432,2.3083268421274785,955211000.0,32591000.0,0.1268135045453396,7.0,0.3862844775184415,0.39560214787347137,78.46153846153847,1.58596837171445,6.29918372746869,260.0,['fcf_cagr5 gate'],False,1.0,ig,Consumer Discretionary Distribution and Retail,75.0,100.0,88.88888888888889,50.0,55.55555555555556,33.33333333333333,12.5,11.111111111111114,36.36363636363637,1.0,42.14579615193188,"{'profitability': 72.9, 'growth': 37.1, 'balance': 23.1, 'stability': 89.3}",19.949407149577453,False,0.25341558082188653,29.03167378554718,,31.047601650754668,,False,"{""floor"": false, ""depressed_arms"": {""self_pct"": false, ""self_z"": false, ""median_ratio"": false}, ""yield_arm"": false, ""residual_arm"": false, ""brakes"": {""gm"": true, ""fcf_margin"": false, ""roic"": true}, ""self_pct"": 78.46153846153847, ""self_z"": 1.58596837171445, ""median_ratio"": 6.29918372746869, ""fcf_yield"": 0.026734430451310173, ""yield_threshold"": 0.0495, ""gs10"": 0.0495, ""residual_pct"": null, ""brake_values"": {""gm"": 1.0008991774517972, ""fcf_margin"": 0.7971631143313608, ""roic"": 0.9413561323683274}}",False,"{""floor"": false, ""mom_sector_pct"": 36.36363636363637, ""eps_rev_proxy"": null}"
CMI,26172,Cummins,Industrials,Construction Machinery & Heavy Transportation Equipment,Capital Goods,61.48665297741273,5.9986310746064335,563680117.650216,0.37094329677830995,-0.270416010695401,0.26468525195975445,10.0,0.2437919266134933,0.023525407145051417,,,0.5603613446144116,0.05604860718501113,0.0648182840014987,0.5276056727591492,6,9,False,0.11190413083747286,0.016919940129568323,0.045100113668253394,False,0.2531981099458338,0.09700933502362567,0.10161922323383658,1.0385828335786238,,1.8130552807209137,0.9995529185568636,33.46153846153846,-0.06712890975517949,0.755130584816311,260.0,sbc_unreported,521.0700073242188,137664487.0,71732835249.37482,70976835249.37482,12091000000.0,-756000000.0,4647000000.0,1280000000.0,,1120000000.0,-1815000000.0,34708000000.0,3893000000.0,3367000000.0,3367000000.0,3527000000.0,5013000000.0,,2860060031.185031,0.2653326403326403,0.23654453983831206,18.231912470941385,21.08014114920547,0.04743801253141471,20.123854621314095,0.04969226914116415,,,-0.3620586475164572,2222000000.0,2519000000.0,0.3921098337606484,10.0,0.23665034181464928,0.252821063904166,34.146341463414636,-0.1783424418831732,0.7278060330950054,246.0,[],True,0.8,ig,Capital Goods,78.37837837837837,,21.875,87.8048780487805,64.28571428571429,,91.89189189189189,70.73170731707317,76.5625,1.0,41.34951588365143,"{'profitability': 69.4, 'growth': 53.7, 'balance': 100.0, 'stability': 56.0}",59.45091595454636,False,-0.28433686327272945,28.012988645321002,,50.4002159190989,,False,"{""floor"": false, ""depressed_arms"": {""self_pct"": false, ""self_z"": false, ""median_ratio"": true}, ""yield_arm"": false, ""residual_arm"": false, ""brakes"": {""gm"": true, ""fcf_margin"": false, ""roic"": true}, ""self_pct"": 34.146341463414636, ""self_z"": -0.1783424418831732, ""median_ratio"": 0.7278060330950054, ""fcf_yield"": 0.04743801253141471, ""yield_threshold"": 0.0495, ""gs10"": 0.0495, ""residual_pct"": null, ""brake_values"": {""gm"": 1.0385828335786238, ""fcf_margin"": null, ""roic"": 0.9995529185568636}}",False,"{""floor"": false, ""mom_sector_pct"": 76.5625, ""eps_rev_proxy"": null}"
MO,764180,Altria,Consumer Staples,Tobacco,Food Beverage and Tobacco,69.56057494866529,5.9986310746064335,546313858.5411062,0.09786484114002314,-0.05699917254599096,0.1191359180498841,10.0,0.5823659762021322,0.049983996525152244,0.351410809425052,0.35852277458572734,0.049232968819262035,0.34841730597675674,0.3525272712132567,0.048818545350079526,1,9,False,-0.023013503096606436,0.02161112490938999,0.021134802953271192,False,0.6296201560301828,0.3884554717142005,0.39101334356482076,1.081141724893024,1.1054169686748048,1.1222558031916636,0.9899827182641115,94.23076923076923,1.9949286838937157,1.344157161445407,260.0,sbc_unreported,68.87999725341797,1669743926.0,115011957036.79134,137271957036.79134,19592000000.0,22260000000.0,9408000000.0,296000000.0,,236000000.0,22210000000.0,23457000000.0,10973000000.0,9112000000.0,9112000000.0,9172000000.0,11209000000.0,7973000000.0,8431739494.988435,0.23159213569776407,0.4303664503362819,12.50997512410383,15.064964556276486,0.06637918039995468,14.966414853553351,0.06681626894516948,14.425179610785317,1.1428571428571428,1.9814434829155143,5787000000.0,11089000000.0,0.8613719885667619,10.0,0.43472117482102046,0.45077984625148976,94.23076923076923,2.1295334805119013,1.3679995324968872,260.0,['rev_cagr5 gate'],False,1.0,ig,Food Beverage and Tobacco,100.0,100.0,78.57142857142857,81.81818181818183,53.57142857142857,46.15384615384615,53.84615384615385,85.71428571428572,55.55555555555556,1.0,25.436249765808633,"{'profitability': 100.0, 'growth': 9.0, 'balance': 34.0, 'stability': 48.1}",48.01101855767638,False,-0.30883991709757064,20.516136789455302,,36.72363416174251,,False,"{""floor"": false, ""depressed_arms"": {""self_pct"": false, ""self_z"": false, ""median_ratio"": false}, ""yield_arm"": true, ""residual_arm"": false, ""brakes"": {""gm"": true, ""fcf_margin"": true, ""roic"": true}, ""self_pct"": 94.23076923076923, ""self_z"": 2.1295334805119013, ""median_ratio"": 1.3679995324968872, ""fcf_yield"": 0.06637918039995468, ""yield_threshold"": 0.0495, ""gs10"": 0.0495, ""residual_pct"": null, ""brake_values"": {""gm"": 1.081141724893024, ""fcf_margin"": 1.1054169686748048, ""roic"": 0.9899827182641115}}",False,"{""floor"": false, ""mom_sector_pct"": 55.55555555555556, ""eps_rev_proxy"": null}"
CMG,1058090,Chipotle Mexican Grill,Consumer Discretionary,Restaurants,Consumer Services,15.411362080766597,5.9986310746064335,538521391.7299323,-0.05114777839579421,-0.23530822133773577,-0.2013473837535782,10.0,,,0.10377713607376786,0.11130156673925501,0.2446467031958324,0.12778409252233064,0.13574905266587173,0.2608102282131376,9,9,True,0.14785897917720714,0.1457820899098703,0.17682451652961562,True,,0.11832763336764662,0.14893600238059995,,1.1402090850101687,1.1655285054716256,1.057928426396366,57.30769230769231,0.9213416911589745,4.096538905681295,260.0,,32.0099983215332,1265418000.0,40506028056.0379,45247367056.0379,6941130000.0,4741339000.0,2327527000.0,758542000.0,98911000.0,378271000.0,4741339000.0,12423759000.0,1820149000.0,1568985000.0,1470074000.0,1850345000.0,2198420000.0,1419645000.0,1381802784.2685463,0.24082985279307004,0.19907461526704534,24.85915551750868,30.778972389170818,0.03248971367061745,24.453476003684667,0.040893981691981926,28.532504996698403,1.1051953129127352,2.156702995787884,21939000.0,,0.0031607245506135168,7.0,0.18817399202057133,0.20301174370634995,57.692307692307686,0.8843677139690492,3.2933997040874003,260.0,[],True,0.9,ig,Consumer Services,66.66666666666666,69.23076923076923,,76.92307692307693,80.76923076923077,46.15384615384615,55.55555555555556,15.384615384615387,48.484848484848484,1.0,56.277117471033804,"{'profitability': 72.0, 'growth': 100.0, 'balance': 28.1, 'stability': 83.7}",30.1920859506124,False,0.2769545800564832,23.333198204528127,,43.2346017108231,,False,"{""floor"": false, ""depressed_arms"": {""self_pct"": false, ""self_z"": false, ""median_ratio"": false}, ""yield_arm"": false, ""residual_arm"": false, ""brakes"": {""gm"": false, ""fcf_margin"": true, ""roic"": true}, ""self_pct"": 57.692307692307686, ""self_z"": 0.8843677139690492, ""median_ratio"": 3.2933997040874003, ""fcf_yield"": 0.03248971367061745, ""yield_threshold"": 0.0495, ""gs10"": 0.0495, ""residual_pct"": null, ""brake_values"": {""gm"": null, ""fcf_margin"": 1.1402090850101687, ""roic"": 1.057928426396366}}",False,"{""floor"": false, ""mom_sector_pct"": 48.484848484848484, ""eps_rev_proxy"": null}"
CSX,277948,CSX Corporation,Industrials,Rail Transportation,Transportation,69.56057494866529,5.9986310746064335,536803914.4596572,0.5230037452409129,-0.11556393801619724,0.3982211156516806,10.0,,,0.20490478562937744,0.22221464146824044,0.21961645189638335,0.25725104914272806,0.266562052261718,0.10477196356120543,4,9,False,0.05894344821402786,-0.08287617441838413,0.0036537579282582833,False,,0.19266813671444322,0.2527563395810364,,0.9402812927118875,0.9825279252439592,0.8673858676634922,83.84615384615385,1.5083979641466156,1.3284471734899275,260.0,sbc_unreported,46.95000076293945,1852474917.0,86973698766.4762,95981698766.4762,23096000000.0,9008000000.0,5322000000.0,2526000000.0,,1654000000.0,9002000000.0,14512000000.0,4956000000.0,2796000000.0,2796000000.0,3668000000.0,6610000000.0,3223000000.0,3802234706.0223756,0.23280171387764817,0.16462741193377103,19.366767305584382,34.328218442945705,0.029130553386043704,26.1673115502934,0.038215618676683945,26.98532384935656,0.867514737821905,1.361875945537065,80000000.0,187000000.0,0.011560443366816765,9.0,0.18979720337989098,0.1980238448790183,76.92307692307693,0.9977695798574527,1.4267972371264894,260.0,['fcf_cagr5 gate'],False,0.9,ig,Transportation,63.63636363636363,88.88888888888889,,86.36363636363636,77.27272727272727,27.27272727272727,66.66666666666667,45.45454545454546,92.1875,1.0,26.879213804543408,"{'profitability': 79.7, 'growth': 24.6, 'balance': 54.6, 'stability': 48.3}",31.992550928772495,False,0.2625888225417561,26.400392792136486,,29.43588236665795,,False,"{""floor"": false, ""depressed_arms"": {""self_pct"": false, ""self_z"": false, ""median_ratio"": false}, ""yield_arm"": false, ""residual_arm"": false, ""brakes"": {""gm"": false, ""fcf_margin"": false, ""roic"": false}, ""self_pct"": 76.92307692307693, ""self_z"": 0.9977695798574527, ""median_ratio"": 1.4267972371264894, ""fcf_yield"": 0.029130553386043704, ""yield_threshold"": 0.0495, ""gs10"": 0.0495, ""residual_pct"": null, ""brake_values"": {""gm"": null, ""fcf_margin"": 0.9402812927118875, ""roic"": 0.8673858676634922}}",False,"{""floor"": false, ""mom_sector_pct"": 92.1875, ""eps_rev_proxy"": null}"
MAR,1048286,Marriott International,Consumer Discretionary,"Hotels, Resorts & Cruise Lines",Consumer Services,28.32580424366872,5.9986310746064335,533014739.5681716,0.3398563684525846,-0.12499544200405965,0.3414975024854021,10.0,,,0.08277690059028317,0.0885283781832186,0.29572841680558226,0.08854513580225425,0.08953930582968277,0.3161661447067047,8,9,False,0.1989211404768092,0.11637974983456112,,False,,0.10715878679750224,,,1.2945493976381275,,,45.490196078431374,-0.01627061945430755,0.9844093317086242,255.0,ev_or_ic_nonpos,351.510009765625,260766288.0,91661960441.42578,94804960441.42578,-1382000000.0,3143000000.0,3728000000.0,596000000.0,249000000.0,,3143000000.0,26904000000.0,4250000000.0,3132000000.0,2883000000.0,,,2587000000.0,3161227717.0787807,0.25618171362852216,,22.307049515629597,32.884134735145956,0.030409801202134674,,,35.43175896460216,1.210668728256668,,8876000000.0,10794000000.0,-14.232995658465992,8.0,2.7542213482599407,0.6779194338937296,48.23529411764706,-0.016927940268320896,0.9878099498266321,255.0,[],True,0.8,ig,Consumer Services,100.0,46.15384615384615,,92.3076923076923,80.76923076923077,53.84615384615385,,30.769230769230774,90.9090909090909,0.7,58.95751638255182,"{'profitability': 67.7, 'growth': 98.5, 'balance': None, 'stability': 72.9}",37.07711384672878,False,0.3093010260049809,24.135632814718058,,48.0173151146403,,False,"{""floor"": false, ""depressed_arms"": {""self_pct"": false, ""self_z"": false, ""median_ratio"": false}, ""yield_arm"": false, ""residual_arm"": false, ""brakes"": {""gm"": false, ""fcf_margin"": true, ""roic"": false}, ""self_pct"": 48.23529411764706, ""self_z"": -0.016927940268320896, ""median_ratio"": 0.9878099498266321, ""fcf_yield"": 0.030409801202134674, ""yield_threshold"": 0.0495, ""gs10"": 0.0495, ""residual_pct"": null, ""brake_values"": {""gm"": null, ""fcf_margin"": 1.2945493976381275, ""roic"": null}}",False,"{""floor"": false, ""mom_sector_pct"": 90.9090909090909, ""eps_rev_proxy"": null}"
REGN,872589,Regeneron Pharmaceuticals,Health Care,Biotechnology,Pharmaceuticals Biotechnology and Life Sciences,13.401779603011637,5.9986310746064335,531684134.06768703,0.41560977414120504,-0.04558529506705167,0.41887170147756625,10.0,,,0.26095768201918196,0.22797548257250022,0.22989873469777575,0.2816783246475902,0.2506632513036319,0.2923448028225207,7,9,False,0.11038413551359794,0.15288186330766362,0.12029842228815468,False,,0.17854866846479173,0.2038018114286082,,0.6842054507966825,0.7235267807119562,0.5066601667557883,78.07692307692308,0.42318736085136294,1.156566201827634,260.0,shares_was_proxy;gm_derived,796.02001953125,102800000.0,81830858007.8125,78309658007.8125,28190200000.0,-3521200000.0,4681300000.0,920900000.0,986700000.0,528600000.0,-3521200000.0,15534700000.0,3843100000.0,3760400000.0,2773700000.0,3166000000.0,4371700000.0,4328700000.0,3220214279.907085,0.16207897793263648,0.11423169328018548,20.37669017402943,28.23292281350272,0.035419641338789706,24.73457296519662,0.04042924053740787,18.904257169083674,0.8687134705569801,-0.8054532561703686,,915500000.0,0.03247582493206859,7.0,0.22546018174593446,0.19621632451876092,79.23076923076923,0.4919124113565545,1.193538338529547,260.0,[],True,0.9,ig,Pharmaceuticals Biotechnology and Life Sciences,91.66666666666666,75.0,,87.5,62.5,22.22222222222222,83.33333333333334,90.0,83.33333333333334,1.0,59.03406806530855,"{'profitability': 64.3, 'growth': 96.0, 'balance': 100.0, 'stability': 69.9}",45.62589240163691,False,-0.22538373941680634,35.37030095859272,,52.32998023347273,,False,"{""floor"": false, ""depressed_arms"": {""self_pct"": false, ""self_z"": false, ""median_ratio"": false}, ""yield_arm"": false, ""residual_arm"": false, ""brakes"": {""gm"": false, ""fcf_margin"": false, ""roic"": false}, ""self_pct"": 79.23076923076923, ""self_z"": 0.4919124113565545, ""median_ratio"": 1.193538338529547, ""fcf_yield"": 0.035419641338789706, ""yield_threshold"": 0.0495, ""gs10"": 0.0495, ""residual_pct"": null, ""brake_values"": {""gm"": null, ""fcf_margin"": 0.6842054507966825, ""roic"": 0.5066601667557883}}",False,"{""floor"": false, ""mom_sector_pct"": 83.33333333333334, ""eps_rev_proxy"": null}"
FERG,2011641,Ferguson Enterprises,Industrials,Trading Companies & Distributors,Capital Goods,0.13963039014373715,5.9986310746064335,528943943.40331095,0.02714128713532782,-0.1605460889606779,-0.010260011943502567,4.0,0.3055589452508955,0.0041359515992652855,0.05082573390328545,0.05009782567167161,0.32312704454435554,0.05149791265831892,0.049616827788172876,0.3602387430003011,2,3,False,,,,False,0.30837004405286345,0.036171530837004404,0.038443006607929514,1.0091998576564654,0.7116774920719093,0.7464964039026827,,,,,,,220.1699981689453,193452717.0,42592484347.667496,49042484347.667496,12651000000.0,6450000000.0,1575000000.0,419000000.0,105000000.0,353000000.0,6450000000.0,29056000000.0,2604000000.0,1156000000.0,1051000000.0,1117000000.0,2957000000.0,1866000000.0,2017046077.2104607,0.22540473225404734,0.15943767901434358,18.83351933474174,46.66268729559229,0.021430398846627487,43.905536569084596,0.02277617080084006,22.825554312790725,0.6195069667738478,2.181264795400744,2713000000.0,685000000.0,0.26859536795510236,2.0,,,,,,,"['tenure<1y', 'rev_cagr5 gate', 'fcf_cagr5 gate']",False,0.8,ig,Capital Goods,,14.634146341463413,31.25,15.853658536585366,4.761904761904762,10.256410256410255,32.432432432432435,68.29268292682927,37.5,0.7,25.77528548923823,"{'profitability': 47.1, 'growth': None, 'balance': 27.3, 'stability': 66.8}",,False,,,,,,False,"{""floor"": false, ""depressed_arms"": {""self_pct"": false, ""self_z"": false, ""median_ratio"": false}, ""yield_arm"": false, ""residual_arm"": false, ""brakes"": {""gm"": true, ""fcf_margin"": false, ""roic"": false}, ""self_pct"": null, ""self_z"": null, ""median_ratio"": null, ""fcf_yield"": 0.021430398846627487, ""yield_threshold"": 0.0495, ""gs10"": 0.0495, ""residual_pct"": null, ""brake_values"": {""gm"": 1.0091998576564654, ""fcf_margin"": 0.7116774920719093, ""roic"": null}}",False,"{""floor"": false, ""mom_sector_pct"": 37.5, ""eps_rev_proxy"": null}"
ROST,745732,Ross Stores,Consumer Discretionary,Apparel Retail,Consumer Discretionary Distribution and Retail,16.761122518822724,5.9986310746064335,528438249.99724215,0.5180009620171775,-0.07591206606108947,0.56651956827626,10.0,0.27155098618562346,0.03266644131950052,0.06848333640072797,0.07007291656165805,0.2686417432943078,0.0820247327056348,0.08300836864817389,0.2593256093226849,7,9,False,0.12667161297888763,0.03704410586443574,0.05641033216438118,False,0.2966845190222276,0.10573251297191663,0.11921757024923263,1.0925554835563134,1.5439159148617752,1.4534344254076772,1.1989407724381362,44.534412955465584,-0.006073739512297248,0.9756790346682394,247.0,gm_derived,235.39999389648438,319453110.0,75199260144.21295,75650287144.21295,7194211000.0,451027000.0,3660573000.0,870387000.0,198492000.0,539844000.0,451027000.0,24511798000.0,3370257000.0,2790186000.0,2591694000.0,2922237000.0,3910101000.0,2659063000.0,2558376910.8668685,0.24089560206629088,0.3556160516930722,22.446444631436997,29.18951355530898,0.03425887855599842,25.88780004640724,0.038628234079658,28.28036046690618,1.0493117312376579,0.11534919430469955,2889000.0,,0.0004015728757469026,4.0,0.29660852301310947,0.30185517711715315,40.825688073394495,-0.21799525879925935,0.9555711980474695,218.0,[],True,1.0,ig,Consumer Discretionary Distribution and Retail,50.0,37.5,22.22222222222222,12.5,55.55555555555556,55.55555555555556,87.5,0.0,100.0,1.0,53.48052949534306,"{'profitability': 64.0, 'growth': 65.4, 'balance': 96.2, 'stability': 72.2}",32.06489760935272,False,0.010913886290643493,28.872674640393022,,42.772713552347895,,False,"{""floor"": false, ""depressed_arms"": {""self_pct"": false, ""self_z"": false, ""median_ratio"": false}, ""yield_arm"": false, ""residual_arm"": false, ""brakes"": {""gm"": true, ""fcf_margin"": true, ""roic"": true}, ""self_pct"": 40.825688073394495, ""self_z"": -0.21799525879925935, ""median_ratio"": 0.9555711980474695, ""fcf_yield"": 0.03425887855599842, ""yield_threshold"": 0.0495, ""gs10"": 0.0495, ""residual_pct"": null, ""brake_values"": {""gm"": 1.0925554835563134, ""fcf_margin"": 1.5439159148617752, ""roic"": 1.1989407724381362}}",False,"{""floor"": false, ""mom_sector_pct"": 100.0, ""eps_rev_proxy"": null}"
GM,1467858,General Motors,Consumer Discretionary,Automobile Manufacturers,Consumer Durables and Apparel,13.30321697467488,5.9986310746064335,519999905.95442086,0.4179409617085088,-0.0914177131745697,0.3269939110534039,10.0,,,0.06735928063476104,0.06317471996346523,0.37226509816747677,0.05164806823071536,0.050540190902416,0.5018591228874549,4,9,False,0.09099442238405597,0.09086898109859298,,False,,0.08552318950769816,0.06577884432617373,,1.2696571088908506,1.2735973789442665,0.23488462929803205,61.15384615384616,0.011775106742457467,1.0937318263810827,260.0,sbc_unreported;gm_derived,80.56999969482422,877451541.0,70696270390.59305,46455270390.59305,37759000000.0,-24241000000.0,23202000000.0,8804000000.0,,12128000000.0,-25882000000.0,168352000000.0,1815000000.0,14398000000.0,14398000000.0,11074000000.0,13943000000.0,2032000000.0,1535131949.026476,0.1541972732636496,0.04065605415997447,25.59519029784741,3.2265085699814593,0.3099325411076613,4.194985587014001,0.23837984166038623,34.7914716489139,7.085629921259843,-1.856271964426594,1900000000.0,2550000000.0,0.1178526973701634,9.0,0.17308946218182825,0.18397730093493642,46.15384615384615,-0.03926243818986682,0.9744547356871399,260.0,[],True,0.9,ig,Consumer Durables and Apparel,37.5,40.0,,88.88888888888889,70.0,100.0,70.0,22.222222222222214,93.93939393939394,1.0,23.593818566399626,"{'profitability': 22.8, 'growth': 75.8, 'balance': 100.0, 'stability': 38.1}",56.58156028368794,False,-1.3722346098645362,28.551179822345123,,40.087689425043784,,False,"{""floor"": false, ""depressed_arms"": {""self_pct"": false, ""self_z"": false, ""median_ratio"": false}, ""yield_arm"": true, ""residual_arm"": false, ""brakes"": {""gm"": false, ""fcf_margin"": true, ""roic"": false}, ""self_pct"": 46.15384615384615, ""self_z"": -0.03926243818986682, ""median_ratio"": 0.9744547356871399, ""fcf_yield"": 0.3099325411076613, ""yield_threshold"": 0.0495, ""gs10"": 0.0495, ""residual_pct"": null, ""brake_values"": {""gm"": null, ""fcf_margin"": 1.2696571088908506, ""roic"": 0.23488462929803205}}",False,"{""floor"": false, ""mom_sector_pct"": 93.93939393939394, ""eps_rev_proxy"": null}"
ILMN,1110803,"Illumina, Inc.",Health Care,Life Sciences Tools & Services,Pharmaceuticals Biotechnology and Life Sciences,0.010951403148528405,5.9986310746064335,512202144.8417875,1.3512922957512368,0.0,1.9872394656278685,10.0,0.6539331947230078,0.04281692910952717,0.011639355398500126,-0.021536412078152753,0.6373149888801742,-0.021453551822351834,-0.0741563055062167,,5,9,False,0.060414789756396914,0.00882165341084118,-0.05242669726577276,False,0.6637739207832666,0.14797507788161993,0.12394303515798843,1.0150485189307863,12.713339597886009,-5.777273440981263,-1.2192731083179167,,,,,,273.8999938964844,151000000.0,41358899078.36914,42717899078.36914,4197000000.0,1359000000.0,1095000000.0,164000000.0,266000000.0,272000000.0,1359000000.0,4494000000.0,883000000.0,931000000.0,665000000.0,557000000.0,1155000000.0,824000000.0,716839408.866995,0.18817733990147784,0.17079804833619133,48.37814165160718,64.23744222311149,0.015567244980377157,76.69281701682073,0.013039030758000116,50.19283868734119,1.1298543689320388,1.1766233766233767,1284000000.0,410000000.0,0.40362163450083394,3.0,-0.14008186285008836,-0.12517632465494521,,,,,['tenure<1y'],False,0.9,ig,Pharmaceuticals Biotechnology and Life Sciences,8.333333333333332,8.333333333333332,44.44444444444444,29.166666666666668,62.5,55.55555555555556,58.33333333333333,10.0,100.0,1.0,13.039783276790123,"{'profitability': 0.0, 'growth': 28.8, 'balance': 60.8, 'stability': 48.5}",,False,,,,,,False,"{""floor"": false, ""depressed_arms"": {""self_pct"": false, ""self_z"": false, ""median_ratio"": false}, ""yield_arm"": false, ""residual_arm"": false, ""brakes"": {""gm"": true, ""fcf_margin"": true, ""roic"": false}, ""self_pct"": null, ""self_z"": null, ""median_ratio"": null, ""fcf_yield"": 0.015567244980377157, ""yield_threshold"": 0.0495, ""gs10"": 0.0495, ""residual_pct"": null, ""brake_values"": {""gm"": 1.0150485189307863, ""fcf_margin"": 12.713339597886009, ""roic"": -1.2192731083179167}}",False,"{""floor"": false, ""mom_sector_pct"": 100.0, ""eps_rev_proxy"": null}"
MMM,66740,3M,Industrials,Industrial Conglomerates,Capital Goods,69.56057494866529,5.9986310746064335,502566041.1766195,0.16195435756300025,-0.08008008855156024,0.11649996003271412,10.0,0.41296647974872014,0.0693256455399355,0.1100731211136183,0.13680669699170522,0.6045497957022045,0.09998630040882629,0.1336722602347005,0.7120790645005475,5,9,False,-0.04965970683619114,-0.2673264480198516,-0.334912769173619,False,0.3940428911834789,0.14964257347100873,0.13077839555202542,0.9541764537965508,1.3594833321437896,1.3079631411232908,3.1962386385818986,69.65811965811966,0.07262548312811697,1.858649223409102,234.0,gm_derived,167.52000427246094,515722417.0,86393821499.24388,95904821499.24388,12463000000.0,9511000000.0,4899000000.0,914000000.0,217000000.0,1389000000.0,9458000000.0,25180000000.0,4624000000.0,3985000000.0,3768000000.0,3293000000.0,6013000000.0,2997000000.0,3561297463.4896235,0.22982321291314373,0.28574961594235926,20.740662088936826,25.45244731933224,0.039288952746027554,29.123844973958057,0.03433612563499701,28.826767267014976,1.329662996329663,1.5729253284550142,6374000000.0,474000000.0,0.5494664206049907,9.0,0.0894018401795994,0.24317489092309505,69.65811965811966,0.179424232363316,1.7330644238990465,234.0,"['rev_cagr5 gate', 'fcf_cagr5 gate']",False,1.0,ig,Capital Goods,21.62162162162162,58.536585365853654,71.875,70.73170731707317,64.28571428571429,71.7948717948718,48.64864864864865,56.09756097560975,57.8125,1.0,20.729042660302106,"{'profitability': 77.4, 'growth': 0.0, 'balance': 47.6, 'stability': 45.8}",41.7223370952146,False,-0.07561890403413773,27.451774324098082,,31.225689877758352,,False,"{""floor"": false, ""depressed_arms"": {""self_pct"": false, ""self_z"": false, ""median_ratio"": false}, ""yield_arm"": false, ""residual_arm"": false, ""brakes"": {""gm"": false, ""fcf_margin"": true, ""roic"": true}, ""self_pct"": 69.65811965811966, ""self_z"": 0.179424232363316, ""median_ratio"": 1.7330644238990465, ""fcf_yield"": 0.039288952746027554, ""yield_threshold"": 0.0495, ""gs10"": 0.0495, ""residual_pct"": null, ""brake_values"": {""gm"": 0.9541764537965508, ""fcf_margin"": 1.3594833321437896, ""roic"": 3.1962386385818986}}",False,"{""floor"": false, ""mom_sector_pct"": 57.8125, ""eps_rev_proxy"": null}"
AXON,1069183,Axon Enterprise,Industrials,Aerospace & Defense,Capital Goods,3.3949349760438055,5.9986310746064335,500120409.6984582,-0.1525168476536416,-0.3953393673226595,-0.37221378147324247,9.0,0.6093822655525591,0.0207218869544195,-0.0860343916390448,-0.025486836658942073,0.5984350035736433,-0.06141784676480894,-0.010908387218214802,,9,9,False,0.3248437327961291,,,False,0.5940718194749525,-0.15540155801359323,-0.14818152532742856,0.9748754649698841,1.8062725272188438,2.412678612698179,0.034712620100238116,,,,,,445.0,81237415.0,36150649675.0,37317707675.0,4841595000.0,1167058000.0,265809000.0,132617000.0,633445000.0,109375000.0,1167058000.0,3219099000.0,23774000.0,133192000.0,-500253000.0,-477011000.0,133149000.0,199298000.0,20647919.84791281,0.13149155178292202,0.004264693731696437,1569.6856934045595,,-0.013405244618900617,,-0.01278243037204455,181.38992701883612,0.6683057531937099,8.76505268533748,1898827000.0,281583000.0,0.4503495232459551,3.0,0.12285715452712781,0.11062519310999416,,,,,['fcf_cagr5 gate'],False,0.9,ig,Capital Goods,35.13513513513514,2.4390243902439024,96.875,28.04878048780488,22.61904761904762,12.82051282051282,0.0,0.0,17.1875,1.0,22.189358171104303,"{'profitability': 1.1, 'growth': 100.0, 'balance': 0.0, 'stability': 72.9}",,False,,,,,,False,"{""floor"": false, ""depressed_arms"": {""self_pct"": false, ""self_z"": false, ""median_ratio"": false}, ""yield_arm"": false, ""residual_arm"": false, ""brakes"": {""gm"": true, ""fcf_margin"": true, ""roic"": false}, ""self_pct"": null, ""self_z"": null, ""median_ratio"": null, ""fcf_yield"": -0.013405244618900617, ""yield_threshold"": 0.0495, ""gs10"": 0.0495, ""residual_pct"": null, ""brake_values"": {""gm"": 0.9748754649698841, ""fcf_margin"": 1.8062725272188438, ""roic"": 0.034712620100238116}}",False,"{""floor"": false, ""mom_sector_pct"": 17.1875, ""eps_rev_proxy"": null}"
WMB,107263,Williams Companies,Energy,Oil & Gas Storage & Transportation,Energy,51.488021902806295,5.9986310746064335,491744849.0875716,0.17837417857535875,-0.08762130038390459,0.1362216333380497,10.0,,,0.17436660018904887,0.18223559214692844,0.32527315022869957,0.21487941429700794,0.21025965801139962,0.21094093435723785,6,9,False,0.1425233414783127,-0.14939701872876465,0.14949726502314897,False,,-0.012377681290907912,0.23187090920873565,,-0.070986538003769,1.0790745589442177,0.5557938690678091,76.92307692307693,1.7266133278816795,1.9783396214500508,260.0,gm_derived,70.58000183105469,1223167472.0,86331162413.44653,117179162413.44653,44038000000.0,30848000000.0,5994000000.0,6102000000.0,83000000.0,2333000000.0,28635000000.0,15431000000.0,4660000000.0,-108000000.0,-191000000.0,3578000000.0,6993000000.0,3073000000.0,3567022180.273714,0.2345445965077867,0.08099873246454685,25.14574300717737,,-0.0016299826357018096,32.74990564937019,0.030534439112780497,28.09344692920486,-0.03514480963228116,4.0948090948090945,466000000.0,9792000000.0,0.23293519233389345,4.0,0.1457352032335295,0.1570631848785377,,,,,['fcf_cagr5 gate'],False,0.8,ig,Energy,54.54545454545454,87.5,,68.18181818181817,95.45454545454545,10.0,18.181818181818173,0.0,36.36363636363637,1.0,12.957389053403883,"{'profitability': 20.2, 'growth': 50.0, 'balance': 0.0, 'stability': 56.1}",,False,,,,,,False,"{""floor"": false, ""depressed_arms"": {""self_pct"": false, ""self_z"": false, ""median_ratio"": false}, ""yield_arm"": false, ""residual_arm"": false, ""brakes"": {""gm"": false, ""fcf_margin"": false, ""roic"": false}, ""self_pct"": null, ""self_z"": null, ""median_ratio"": null, ""fcf_yield"": -0.0016299826357018096, ""yield_threshold"": 0.0495, ""gs10"": 0.0495, ""residual_pct"": null, ""brake_values"": {""gm"": null, ""fcf_margin"": -0.070986538003769, ""roic"": 0.5557938690678091}}",False,"{""floor"": false, ""mom_sector_pct"": 36.36363636363637, ""eps_rev_proxy"": null}"
MDLZ,1103982,Mondelez International,Consumer Staples,Packaged Foods & Meats,Food Beverage and Tobacco,13.979466119096509,5.9986310746064335,489548246.60546637,0.01840635879591157,-0.05570204046361149,-0.006090266015543189,10.0,0.36163219843891514,0.11254482211868928,0.09349258142386735,0.09264290222551522,0.0674752636359977,0.10007925980780627,0.10206574855619724,0.08922534978745367,7,9,False,0.07711312390360647,0.008496751782827605,0.026197861783298748,False,0.2877060858945654,0.06233462243028699,0.07012008955831467,0.7955765198357001,0.6667333544645697,0.7006455652547227,,75.0,1.0528146570277688,1.2076487625855172,260.0,,60.86000061035156,1283649766.0,78122925542.23764,107360925542.23764,54988000000.0,29238000000.0,3889000000.0,1314000000.0,125000000.0,1008000000.0,29184000000.0,39304000000.0,3676000000.0,2575000000.0,2450000000.0,2756000000.0,4684000000.0,2609000000.0,,,,29.20591010398195,43.8207859356072,0.02282022055627797,38.95534308499189,0.025670419531878402,29.94362803458706,0.9869681870448448,6.230572160546542,24226000000.0,19533000000.0,0.7957918091219902,,,,88.46153846153845,1.8043103554555386,1.2713729070528863,260.0,[],True,0.8,ig,Food Beverage and Tobacco,,42.857142857142854,28.57142857142857,,53.57142857142857,30.76923076923077,7.692307692307693,0.0,33.33333333333333,1.0,15.353220250452997,"{'profitability': 24.9, 'growth': 35.7, 'balance': 0.0, 'stability': 74.3}",11.271598081777007,False,,,,13.312409166115003,,False,"{""floor"": false, ""depressed_arms"": {""self_pct"": false, ""self_z"": false, ""median_ratio"": false}, ""yield_arm"": false, ""residual_arm"": false, ""brakes"": {""gm"": false, ""fcf_margin"": false, ""roic"": false}, ""self_pct"": 88.46153846153845, ""self_z"": 1.8043103554555386, ""median_ratio"": 1.2713729070528863, ""fcf_yield"": 0.02282022055627797, ""yield_threshold"": 0.0495, ""gs10"": 0.0495, ""residual_pct"": null, ""brake_values"": {""gm"": 0.7955765198357001, ""fcf_margin"": 0.6667333544645697, ""roic"": null}}",False,"{""floor"": false, ""mom_sector_pct"": 33.33333333333333, ""eps_rev_proxy"": null}"
DAL,27904,Delta Air Lines,Industrials,Passenger Airlines,Transportation,13.037645448323067,5.9986310746064335,488349850.7433934,0.415139224875106,-0.10550569659317632,0.4626817249919113,8.0,,,,,0.981211899766451,0.07600514198439237,0.08414060337669527,0.3861914741885194,8,9,False,0.29955509431200555,,,False,,0.05358267312958542,0.08213862082094689,,,1.0806982090476724,1.1224312751947048,65.97510373443983,0.1362082314469664,1.06326061296067,241.0,sbc_unreported,82.76000213623047,657623030.0,54424883367.63435,69501883367.63435,36892000000.0,15077000000.0,8134000000.0,4475000000.0,,2525000000.0,15077000000.0,68287000000.0,5516000000.0,3659000000.0,3659000000.0,5609000000.0,8041000000.0,3950000000.0,4285641227.380016,0.22305271439811172,0.116167223988399,12.600051371942413,18.994775448929857,0.052646055368679744,12.391136275206696,0.08070284901965692,13.778451485477051,0.9263291139240506,1.8750155453301829,9753000000.0,9774000000.0,0.5293017456359103,7.0,0.10349606836128815,0.127140256986967,22.37442922374429,-0.03948518014584713,0.47037778013750176,219.0,['fcf_cagr5 gate'],False,0.8,ig,Transportation,27.27272727272727,,,54.54545454545454,27.27272727272727,45.45454545454545,44.44444444444444,81.81818181818181,81.25,1.0,33.86855158275846,"{'profitability': 39.8, 'growth': 100.0, 'balance': 37.5, 'stability': 59.3}",67.7435264752074,False,-0.31660764198920166,26.069644903604942,,50.80603902898293,,False,"{""floor"": false, ""depressed_arms"": {""self_pct"": false, ""self_z"": false, ""median_ratio"": true}, ""yield_arm"": true, ""residual_arm"": false, ""brakes"": {""gm"": false, ""fcf_margin"": false, ""roic"": true}, ""self_pct"": 22.37442922374429, ""self_z"": -0.03948518014584713, ""median_ratio"": 0.47037778013750176, ""fcf_yield"": 0.052646055368679744, ""yield_threshold"": 0.0495, ""gs10"": 0.0495, ""residual_pct"": null, ""brake_values"": {""gm"": null, ""fcf_margin"": null, ""roic"": 1.1224312751947048}}",False,"{""floor"": false, ""mom_sector_pct"": 81.25, ""eps_rev_proxy"": null}"
FDX,1048911,FedEx,Industrials,Air Freight & Logistics,Transportation,45.73305954825462,5.9986310746064335,477566711.75503254,0.7490362378456814,-0.16735853725093164,0.4834531220646632,7.0,,,0.03532526732430481,0.03215203694015422,0.2576598765784919,0.046100894346754726,0.04623099662162162,0.23546210344111032,6,9,False,0.024412540775736513,,-0.06542743769998727,False,,0.05214315878378378,0.04623099662162162,,1.4760867428144775,1.002822120410253,0.7061930382033119,77.6923076923077,1.4034577322249042,1.5644887942386325,260.0,gm_derived,279.5400085449219,236581188.0,66133907315.08777,95603907315.08777,61117000000.0,29470000000.0,8925000000.0,3809000000.0,177000000.0,4369000000.0,29470000000.0,94720000000.0,5463000000.0,5116000000.0,4939000000.0,4379000000.0,9832000000.0,4433.0,4180472812.0145,0.23476609701363715,0.0684011455407579,17.500257608472957,19.356936083232995,0.051661068451127515,21.83236065656263,0.04580356727019384,14918544.397718875,1154071.734716896,2.9973555736371034,6733000000.0,153000000.0,0.11266914279169461,3.0,0.09685899157938924,0.09329093491793942,38.46153846153847,-0.18818852282922105,0.9600170854786545,260.0,['fcf_cagr5 gate'],False,0.9,ig,Transportation,18.181818181818183,33.33333333333333,,9.090909090909092,18.181818181818183,100.0,0.0,63.63636363636363,95.3125,1.0,9.418435675631308,"{'profitability': 23.5, 'growth': 20.3, 'balance': 0.1, 'stability': 60.6}",56.80199558369415,False,-0.29634291721019546,26.033748781607287,,33.11021562966273,,False,"{""floor"": false, ""depressed_arms"": {""self_pct"": false, ""self_z"": false, ""median_ratio"": false}, ""yield_arm"": true, ""residual_arm"": false, ""brakes"": {""gm"": false, ""fcf_margin"": true, ""roic"": false}, ""self_pct"": 38.46153846153847, ""self_z"": -0.18818852282922105, ""median_ratio"": 0.9600170854786545, ""fcf_yield"": 0.051661068451127515, ""yield_threshold"": 0.0495, ""gs10"": 0.0495, ""residual_pct"": null, ""brake_values"": {""gm"": null, ""fcf_margin"": 1.4760867428144775, ""roic"": 0.7061930382033119}}",False,"{""floor"": false, ""mom_sector_pct"": 95.3125, ""eps_rev_proxy"": null}"
UPS,1090727,United Parcel Service,Industrials,Air Freight & Logistics,Transportation,24.177960301163587,5.9986310746064335,476155454.6768942,0.34076275725370087,-0.20559251981413307,0.17171948876297294,9.0,,,0.07076790643341882,0.0679587130778522,0.33259306854290466,0.09544753463392393,0.07935530684491743,0.3497945322912425,7,9,False,0.00935446750891411,-0.011433429874150636,-0.10276163402623095,False,,0.059401756922050485,,,0.8393883600038098,,0.6526789216917918,,,,,shares_was_proxy,92.05000305175781,851000000.0,78334552597.0459,98600552597.0459,35333000000.0,20266000000.0,8867000000.0,3410000000.0,115000000.0,,20234000000.0,89930000000.0,6576000000.0,5457000000.0,5342000000.0,,,4570000000.0,5124884038.199182,0.22066848567530695,0.14504525622503556,14.994001307336664,18.457609995703088,0.05417819534776165,,,17.14103995558991,1.1940919037199125,,5770000000.0,3954000000.0,0.27521014349191975,7.0,0.22223064267046894,0.1839712773340012,26.53846153846154,-0.9336835432533722,0.8127685946074501,260.0,[],True,0.8,ig,Transportation,81.81818181818183,44.44444444444444,,54.54545454545454,40.909090909090914,81.81818181818183,,72.72727272727273,75.0,0.7,18.38697035924382,"{'profitability': 48.1, 'growth': 3.9, 'balance': None, 'stability': 63.0}",63.77376808208478,False,-0.36118189658127875,26.487121875743956,,41.080369220664295,,False,"{""floor"": false, ""depressed_arms"": {""self_pct"": false, ""self_z"": false, ""median_ratio"": false}, ""yield_arm"": true, ""residual_arm"": false, ""brakes"": {""gm"": false, ""fcf_margin"": false, ""roic"": false}, ""self_pct"": 26.53846153846154, ""self_z"": -0.9336835432533722, ""median_ratio"": 0.8127685946074501, ""fcf_yield"": 0.05417819534776165, ""yield_threshold"": 0.0495, ""gs10"": 0.0495, ""residual_pct"": null, ""brake_values"": {""gm"": null, ""fcf_margin"": 0.8393883600038098, ""roic"": 0.6526789216917918}}",False,"{""floor"": false, ""mom_sector_pct"": 75.0, ""eps_rev_proxy"": null}"
TT,1466258,Trane Technologies,Industrials,Building Products,Capital Goods,15.854893908282,5.9986310746064335,474896170.59897745,0.08629957434928381,-0.09436301108967504,0.06359603172059658,10.0,,,0.10843753475390101,0.11452912160021722,0.32914746735622985,0.10639678746575983,0.11184776213965697,0.3527954919317759,7,9,False,0.11352129327156257,0.16882774497590503,0.22247837793850223,True,,0.1555927761943998,0.1528957807104039,,1.434860876794346,1.4370338085593815,1.2191842829141593,5.769230769230769,-0.8406122951937193,0.8355361800198355,260.0,gm_derived,438.5400085449219,220023177.0,96488965921.66086,99809865921.66086,11943800000.0,3320900000.0,3876800000.0,330300000.0,90800000.0,390200000.0,3298700000.0,22209900000.0,3984700000.0,3546500000.0,3455700000.0,3395800000.0,4374900000.0,2949000000.0,3216920040.232697,0.19268199858641874,0.2693380699804666,25.048276136637853,28.88267671431573,0.03462282979833199,29.392150869209274,0.03402268872563468,32.71921530066492,1.202611054594778,0.7540058058469908,7031900000.0,3489500000.0,0.8809089234581959,10.0,0.22091661921418507,0.20922573048228546,9.615384615384617,-0.8648946204759057,0.8296979287949425,260.0,[],True,0.9,ig,Capital Goods,75.67567567567568,56.09756097560976,,87.8048780487805,64.28571428571429,51.28205128205128,78.37837837837839,39.02439024390244,48.4375,1.0,51.10741580955252,"{'profitability': 72.9, 'growth': 97.3, 'balance': 74.9, 'stability': 63.2}",52.39203835309587,False,0.03200400128047187,27.972950578035537,,51.749727081324195,,False,"{""floor"": false, ""depressed_arms"": {""self_pct"": true, ""self_z"": false, ""median_ratio"": false}, ""yield_arm"": false, ""residual_arm"": false, ""brakes"": {""gm"": false, ""fcf_margin"": true, ""roic"": true}, ""self_pct"": 9.615384615384617, ""self_z"": -0.8648946204759057, ""median_ratio"": 0.8296979287949425, ""fcf_yield"": 0.03462282979833199, ""yield_threshold"": 0.0495, ""gs10"": 0.0495, ""residual_pct"": null, ""brake_values"": {""gm"": null, ""fcf_margin"": 1.434860876794346, ""roic"": 1.2191842829141593}}",False,"{""floor"": false, ""mom_sector_pct"": 48.4375, ""eps_rev_proxy"": null}"
MNST,865752,Monster Beverage,Consumer Staples,Soft Drinks & Non-alcoholic Beverages,Food Beverage and Tobacco,14.242299794661191,5.9986310746064335,466161916.7132174,0.4343435334163763,-0.12561477794983,0.30609123233761215,10.0,0.5388470614259054,0.03907062059615697,0.184063703180795,0.19992767534352462,0.3179560952946162,0.19748124057024338,0.22129033965837944,0.30495918125757554,9,9,False,0.12520215032714033,0.08367261366855949,0.08479692949313788,False,0.5554644630623616,0.2128351395933401,0.21507248596560327,1.0308388090536913,1.1563123848719081,1.089078057969272,1.0413846028477818,86.15384615384616,0.9162722149858626,1.2435128818814143,260.0,,42.66999816894531,979525882.0,41796367591.37454,38637748591.37454,6205529000.0,-3158619000.0,2238762000.0,140846000.0,135798000.0,120220000.0,-3158619000.0,9218957000.0,2688388000.0,2097916000.0,1962118000.0,1982744000.0,2808608000.0,,2060354119.9536204,0.23360983609746047,0.33201909457737133,14.372087879939407,19.69185777378045,0.05078241024732019,19.487008202458078,0.0513162405234612,,,-1.1246208085998473,1331643000.0,1381827000.0,0.4372665086248086,10.0,0.31882466254007236,0.3055077528339857,78.84615384615384,0.43361671106501537,1.1135795934111474,260.0,[],True,0.9,ig,Food Beverage and Tobacco,90.9090909090909,85.71428571428571,64.28571428571429,81.81818181818183,53.57142857142857,,92.3076923076923,71.42857142857143,96.29629629629629,1.0,73.34108829929441,"{'profitability': 90.0, 'growth': 84.9, 'balance': 100.0, 'stability': 80.2}",44.91861365170365,True,-0.034560400676379555,20.384313113250972,36.486486486486484,59.12985097549903,10.0,False,"{""floor"": true, ""depressed_arms"": {""self_pct"": false, ""self_z"": false, ""median_ratio"": false}, ""yield_arm"": true, ""residual_arm"": false, ""brakes"": {""gm"": true, ""fcf_margin"": true, ""roic"": true}, ""self_pct"": 78.84615384615384, ""self_z"": 0.43361671106501537, ""median_ratio"": 1.1135795934111474, ""fcf_yield"": 0.05078241024732019, ""yield_threshold"": 0.0495, ""gs10"": 0.0495, ""residual_pct"": 36.486486486486484, ""brake_values"": {""gm"": 1.0308388090536913, ""fcf_margin"": 1.1563123848719081, ""roic"": 1.0413846028477818}}",False,"{""floor"": true, ""mom_sector_pct"": 96.29629629629629, ""eps_rev_proxy"": 10.0}"
ELV,1156039,Elevance Health,Health Care,Managed Health Care,Health Care Equipment and Services,24.16974674880219,5.9986310746064335,464542829.505865,0.25711692512025897,-0.04888708722064028,0.27481655626926527,10.0,0.9038632265521114,0.01434081668829116,0.034445804370759246,0.03779619470059531,0.2848302791382467,0.032356894924330956,0.035175674098284114,0.3134632077023055,9,9,False,0.10318394736699799,,,False,0.8913198052835968,0.030057728739564325,0.028377081541223093,0.9861224343462197,0.8726092854745491,0.8770026174509341,0.6661916423801303,47.30769230769231,-0.006731817144320245,0.9846403865145715,260.0,gm_derived,398.25,216869290.0,86368194742.5,107979194742.5,66494000000.0,21611000000.0,7464000000.0,1175000000.0,244000000.0,1513000000.0,21472000000.0,201113000000.0,5453000000.0,6289000000.0,6045000000.0,5707000000.0,6966000000.0,4963000000.0,4601840839.303992,0.15609007164790173,0.06920685835269336,19.80179621171832,17.862563232837054,0.05598300685993838,18.9204826953741,0.05285277421830742,17.402416833064677,1.2671771106185774,3.0824002296870514,28339000000.0,11200000000.0,0.5946250789544921,4.0,0.10388430888360467,0.10710716702037963,47.30769230769231,-0.0019397045943105973,0.9927082417930916,260.0,['fcf_cagr5 gate'],False,1.0,ig,Health Care Equipment and Services,44.44444444444444,20.689655172413794,100.0,51.78571428571429,58.333333333333336,51.724137931034484,11.111111111111114,53.333333333333336,54.761904761904766,1.0,29.61581942421735,"{'profitability': 23.3, 'growth': 86.0, 'balance': 0.0, 'stability': 84.3}",52.028944611173,False,-0.34519509534269366,25.2266803519802,,40.822382017695176,,False,"{""floor"": false, ""depressed_arms"": {""self_pct"": false, ""self_z"": false, ""median_ratio"": false}, ""yield_arm"": true, ""residual_arm"": false, ""brakes"": {""gm"": true, ""fcf_margin"": false, ""roic"": false}, ""self_pct"": 47.30769230769231, ""self_z"": -0.0019397045943105973, ""median_ratio"": 0.9927082417930916, ""fcf_yield"": 0.05598300685993838, ""yield_threshold"": 0.0495, ""gs10"": 0.0495, ""residual_pct"": null, ""brake_values"": {""gm"": 0.9861224343462197, ""fcf_margin"": 0.8726092854745491, ""roic"": 0.6661916423801303}}",False,"{""floor"": false, ""mom_sector_pct"": 54.761904761904766, ""eps_rev_proxy"": null}"
ADSK,769397,Autodesk,Information Technology,Application Software,Software and Services,36.81587953456537,5.9986310746064335,462752017.77220744,-0.19270317232336986,-0.33725302556098424,-0.34542243896389946,8.0,0.9062710530819889,0.002236139058699614,0.1917501387605624,0.20975832193342453,0.2340284241840348,0.1828330140487197,0.20155038759689922,0.3635527197598553,9,9,False,0.13713233616993747,0.12346189808598473,0.10541280375226147,False,0.9124518613607189,0.27381258023106547,0.2690629011553273,1.0068200438022497,1.4279654867576086,1.4716319290324111,1.5224068634011836,0.7692307692307693,-0.7589265685194145,0.4121299419301514,260.0,,211.35000610351562,209000000.0,44172151275.634766,43722151275.634766,2933000000.0,-450000000.0,2896000000.0,57000000.0,706000000.0,94000000.0,-450000000.0,7790000000.0,2041000000.0,2839000000.0,2133000000.0,2096000000.0,2135000000.0,1642000000.0,1592076959.6199527,0.2199524940617577,0.5428151925059505,21.421926151707382,20.497961216893938,0.048785339645184986,20.85980499791735,0.04793908668368858,26.901431958364658,1.7289890377588306,-0.2107728337236534,4331000000.0,423000000.0,1.6208660075008523,6.0,0.3565506735126352,0.3389969419116391,1.153846153846154,-0.8570597286170997,0.4225610188648851,260.0,[],True,1.0,ig,Software and Services,73.68421052631578,59.09090909090909,100.0,67.5,15.909090909090908,57.14285714285714,60.0,63.63636363636363,13.559322033898304,1.0,85.23953737882893,"{'profitability': 92.0, 'growth': 100.0, 'balance': 100.0, 'stability': 88.1}",68.7052343887199,True,-0.5073865147672834,34.045979291154474,17.56756756756757,76.97238588377442,6.0,True,"{""floor"": true, ""depressed_arms"": {""self_pct"": true, ""self_z"": false, ""median_ratio"": true}, ""yield_arm"": false, ""residual_arm"": true, ""brakes"": {""gm"": true, ""fcf_margin"": true, ""roic"": true}, ""self_pct"": 1.153846153846154, ""self_z"": -0.8570597286170997, ""median_ratio"": 0.4225610188648851, ""fcf_yield"": 0.048785339645184986, ""yield_threshold"": 0.0495, ""gs10"": 0.0495, ""residual_pct"": 17.56756756756757, ""brake_values"": {""gm"": 1.0068200438022497, ""fcf_margin"": 1.4279654867576086, ""roic"": 1.5224068634011836}}",True,"{""floor"": true, ""mom_sector_pct"": 13.559322033898304, ""eps_rev_proxy"": 6.0}"
EXPE,1324424,Expedia Group,Consumer Discretionary,"Hotels, Resorts & Cruise Lines",Consumer Services,18.981519507186857,5.9986310746064335,461985790.4495136,0.489145228798463,-0.21209734470107322,0.1831707162135663,9.0,,,0.18945391419276786,0.18407656281816331,0.1832335062561977,0.1817669594272266,0.17613520667888413,0.20344282701144809,8,9,True,0.23161302817574048,0.0028315207796696384,0.007753659335516527,True,,0.2577707006369427,0.24859872611464967,,1.3605984428205744,1.367678300269859,,26.53846153846154,-1.134376763342051,0.6312146738812034,260.0,gm_derived;ev_or_ic_nonpos,261.75,114473000.0,29963307750.0,28693080750.0,-61227000.0,-1270227000.0,5216000000.0,757000000.0,412000000.0,901000000.0,-1381000000.0,15700000000.0,2507000000.0,4459000000.0,4047000000.0,3903000000.0,3408000000.0,2043000000.0,2097567911.3664339,0.16331555190808372,,11.445185779816514,7.0899631208302445,0.14104445720768413,7.351545157571099,0.1360258256687895,14.666327826725404,2.182574645129711,-0.4052230046948357,7024000000.0,819000000.0,-128.09708135299786,7.0,0.2658984072776649,0.1734600993790101,25.769230769230766,-1.1231910235266478,0.6365511384829313,260.0,[],True,0.9,ig,Consumer Services,83.33333333333334,100.0,,76.92307692307693,50.0,92.3076923076923,88.88888888888889,84.61538461538461,96.96969696969697,1.0,62.2327761021278,"{'profitability': 80.2, 'growth': 51.2, 'balance': 100.0, 'stability': 80.4}",81.42716857610475,True,-1.1776014595960207,23.501520231392647,4.054054054054054,71.82997233911627,20.0,False,"{""floor"": true, ""depressed_arms"": {""self_pct"": false, ""self_z"": true, ""median_ratio"": true}, ""yield_arm"": true, ""residual_arm"": true, ""brakes"": {""gm"": false, ""fcf_margin"": true, ""roic"": false}, ""self_pct"": 25.769230769230766, ""self_z"": -1.1231910235266478, ""median_ratio"": 0.6365511384829313, ""fcf_yield"": 0.14104445720768413, ""yield_threshold"": 0.0495, ""gs10"": 0.0495, ""residual_pct"": 4.054054054054054, ""brake_values"": {""gm"": null, ""fcf_margin"": 1.3605984428205744, ""roic"": null}}",False,"{""floor"": true, ""mom_sector_pct"": 96.96969696969697, ""eps_rev_proxy"": 20.0}"
LULU,1397187,Lululemon Athletica,Consumer Discretionary,"Apparel, Accessories & Luxury Goods",Consumer Durables and Apparel,2.937713894592745,5.9986310746064335,459499055.31789434,-0.3147476150461178,-0.5178596813872738,-0.4234827133848139,10.0,0.5744094451198023,0.02324883408709348,0.11167683961691992,0.1410514004083442,0.4418406705287986,0.13924875545854123,0.16397405924334485,0.3652658539342016,9,9,False,0.2032540125801856,0.09930078781039131,0.12984266601111005,False,0.5610713221750043,0.113855248195977,0.12179164238542521,0.9767794156970798,1.019506359479097,0.874633615103917,0.6617015195867274,1.153846153846154,-0.5832677405689264,0.3100095916464432,260.0,,101.63999938964844,105594064.0,10732580600.510498,11483970600.510498,5542564000.0,751390000.0,1982033000.0,627697000.0,91231000.0,539651000.0,751390000.0,11093955000.0,1978775000.0,1354336000.0,1263105000.0,1351151000.0,2518426000.0,1417977000.0,1397038107.9055164,0.2939883979201696,0.2520562880113818,5.803575747879622,9.091857446934736,0.1099885260890385,8.49939836517939,0.11765538653851458,7.568938424608085,0.9551184539664607,0.2983569896435313,185840000.0,2530000.0,0.03398607575843959,7.0,0.380921428393887,0.4128981094833186,1.153846153846154,-0.037260521250041284,0.28512807469140156,260.0,[],True,1.0,ig,Consumer Durables and Apparel,100.0,70.0,50.0,72.22222222222221,70.0,33.33333333333333,40.0,88.88888888888889,12.121212121212121,1.0,63.140179041292356,"{'profitability': 72.8, 'growth': 91.4, 'balance': 90.1, 'stability': 75.6}",91.64539007092199,True,-1.160717548056295,29.02323670888388,9.45945945945946,77.39278455610717,-17.0,False,"{""floor"": true, ""depressed_arms"": {""self_pct"": true, ""self_z"": false, ""median_ratio"": true}, ""yield_arm"": true, ""residual_arm"": true, ""brakes"": {""gm"": true, ""fcf_margin"": true, ""roic"": false}, ""self_pct"": 1.153846153846154, ""self_z"": -0.037260521250041284, ""median_ratio"": 0.28512807469140156, ""fcf_yield"": 0.1099885260890385, ""yield_threshold"": 0.0495, ""gs10"": 0.0495, ""residual_pct"": 9.45945945945946, ""brake_values"": {""gm"": 0.9767794156970798, ""fcf_margin"": 1.019506359479097, ""roic"": 0.6617015195867274}}",False,"{""floor"": true, ""mom_sector_pct"": 12.121212121212121, ""eps_rev_proxy"": -17.0}"
FSLR,1274494,First Solar,Information Technology,Semiconductors,Semiconductors and Semiconductor Equipment,3.7672826830937716,5.9986310746064335,451043668.8381521,-0.07072083109009075,-0.4388343855178036,-0.21752567803373146,2.0,0.30324651097447314,0.5044477023523484,-0.04720805742572375,-0.07992341943218832,,0.1508680905571988,0.18220264941377068,0.8572590982999496,6,9,False,0.13995360646283728,,,False,0.44016172341346926,0.2745341219928112,0.2897241408676085,1.4514980634040056,-5.815408151982485,1.9203805111973964,1.5129364594506167,0.9615384615384616,-0.03531004725184419,0.3353972879503571,208.0,,172.16000366210938,107469788.0,18501999095.64612,16498698095.646118,8317037000.0,-2003301000.0,2155743000.0,655624000.0,23655000.0,573931000.0,-2003301000.0,5378071000.0,1809702000.0,1500119000.0,1476464000.0,1558157000.0,2383633000.0,1746014000.0,1731000597.0358245,0.043488598102989044,0.20812707663027405,9.116803813913075,11.174466899054849,0.08948972770097707,10.588598001129615,0.09444120929827705,10.596707183130329,0.8591677959054166,-0.8404402019941828,30142000.0,7848000.0,0.004567732474918652,4.0,0.13756498188023703,0.1645573850515877,,,,,['fcf_cagr5 gate'],False,0.9,ig,Semiconductors and Semiconductor Equipment,21.428571428571427,6.25,6.25,33.33333333333333,6.25,46.666666666666664,78.57142857142857,93.75,25.423728813559322,1.0,33.980328224515,"{'profitability': 41.1, 'growth': 100.0, 'balance': 100.0, 'stability': 44.4}",,False,-1.5690953312891462,53.66316178707532,,,,False,"{""floor"": false, ""depressed_arms"": {""self_pct"": false, ""self_z"": false, ""median_ratio"": false}, ""yield_arm"": true, ""residual_arm"": false, ""brakes"": {""gm"": true, ""fcf_margin"": false, ""roic"": true}, ""self_pct"": null, ""self_z"": null, ""median_ratio"": null, ""fcf_yield"": 0.08948972770097707, ""yield_threshold"": 0.0495, ""gs10"": 0.0495, ""residual_pct"": null, ""brake_values"": {""gm"": 1.4514980634040056, ""fcf_margin"": -5.815408151982485, ""roic"": 1.5129364594506167}}",False,"{""floor"": false, ""mom_sector_pct"": 25.423728813559322, ""eps_rev_proxy"": null}"
EBAY,1065088,eBay Inc.,Consumer Discretionary,Broadline Retail,Broadline Retail,24.177960301163587,5.9986310746064335,446257607.5732878,0.1736452275890823,-0.07715143916379374,0.19820264863640857,10.0,0.7252681620699765,0.015000980879488252,0.12918820021007876,0.133843797856049,0.13680776735883818,0.13242629596242905,0.1394382911392405,0.18273709734613897,6,9,False,0.04531015795011939,-0.060198659443529756,-0.08378608335143245,False,0.7248500999333778,0.1485676215856096,0.15872751499000667,0.9994235757772608,1.1500092217711608,1.1986102445623006,1.0926020301533335,67.3076923076923,0.42939840750587194,1.2318660951694946,260.0,,107.83000183105469,445000000.0,47984350814.819336,54627350814.819336,11308000000.0,6643000000.0,2971000000.0,543000000.0,644000000.0,421000000.0,6643000000.0,12008000000.0,2464000000.0,2428000000.0,1784000000.0,1906000000.0,2885000000.0,2222000000.0,2172772892.2952805,0.118192819685357,0.19214475524365762,22.17019107744291,30.620712340145367,0.03265763346363916,28.660729703472892,0.034890946962834214,21.59511737840654,1.0927092709270927,2.3025996533795494,4471000000.0,119000000.0,0.4059073222497347,10.0,0.17585978237354405,0.17915572606456678,62.69230769230769,0.3285774850172062,1.1926715842352125,260.0,['fcf_cagr5 gate'],False,1.0,sector,Consumer Discretionary,44.827586206896555,81.25,91.30434782608695,95.16129032258065,66.66666666666666,46.875,32.14285714285714,28.125,63.63636363636363,1.0,30.942685794539187,"{'profitability': 71.6, 'growth': 18.9, 'balance': 23.2, 'stability': 75.0}",32.87308791143217,False,0.06964828817402813,28.560606283772596,,31.90788685298568,,False,"{""floor"": false, ""depressed_arms"": {""self_pct"": false, ""self_z"": false, ""median_ratio"": false}, ""yield_arm"": false, ""residual_arm"": false, ""brakes"": {""gm"": true, ""fcf_margin"": true, ""roic"": true}, ""self_pct"": 62.69230769230769, ""self_z"": 0.3285774850172062, ""median_ratio"": 1.1926715842352125, ""fcf_yield"": 0.03265763346363916, ""yield_threshold"": 0.0495, ""gs10"": 0.0495, ""residual_pct"": null, ""brake_values"": {""gm"": 0.9994235757772608, ""fcf_margin"": 1.1500092217711608, ""roic"": 1.0926020301533335}}",False,"{""floor"": false, ""mom_sector_pct"": 63.63636363636363, ""eps_rev_proxy"": null}"
TDG,1260221,TransDigm Group,Industrials,Aerospace & Defense,Capital Goods,10.310746064339494,5.9986310746064335,446192517.40732795,-0.08470194369269768,-0.23773791082974138,-0.14697615666362496,10.0,0.5735695454573323,0.04665988047904601,0.16695146611253345,0.16719817767653758,0.3520608333096397,0.14494112401039724,0.14760820045558087,0.4364712055351429,7,9,False,0.1159297693411061,0.10386310201805116,0.1265914817451428,False,0.5957425544673196,0.17799320407755348,,1.0386579259404503,1.0661374123997052,,1.97752852330618,1.153846153846154,-1.0489804427374545,0.781302558740155,260.0,,1105.280029296875,55276525.0,61096039171.42944,78215039171.42944,7310000000.0,17119000000.0,2198000000.0,271000000.0,146000000.0,,17110000000.0,10006000000.0,4608000000.0,1927000000.0,1781000000.0,,,2129000000.0,3584747991.2344775,0.2220598977355734,0.49038960208405985,16.973749820188683,43.916361129382054,0.022770556901422195,,,28.697059263236,0.9051197745420385,,12166000000.0,2474860000.0,2.0028536251709985,10.0,0.24798105124885375,0.15500459260529312,0.7692307692307693,-1.7098443362916866,0.7642662930308693,260.0,[],True,0.9,ig,Capital Goods,81.08108108108108,87.8048780487805,93.75,87.8048780487805,64.28571428571429,28.205128205128204,,78.04878048780488,23.4375,0.7,53.62938863435417,"{'profitability': 72.2, 'growth': 91.6, 'balance': None, 'stability': 66.6}",66.75643951464046,False,0.4486463574920445,28.040238954112905,,60.19291407449732,,False,"{""floor"": false, ""depressed_arms"": {""self_pct"": true, ""self_z"": true, ""median_ratio"": true}, ""yield_arm"": false, ""residual_arm"": false, ""brakes"": {""gm"": true, ""fcf_margin"": true, ""roic"": true}, ""self_pct"": 0.7692307692307693, ""self_z"": -1.7098443362916866, ""median_ratio"": 0.7642662930308693, ""fcf_yield"": 0.022770556901422195, ""yield_threshold"": 0.0495, ""gs10"": 0.0495, ""residual_pct"": null, ""brake_values"": {""gm"": 1.0386579259404503, ""fcf_margin"": 1.0661374123997052, ""roic"": 1.97752852330618}}",False,"{""floor"": false, ""mom_sector_pct"": 23.4375, ""eps_rev_proxy"": null}"
FLEX,866374,Flex Ltd.,Information Technology,Electronic Manufacturing Services,Technology Hardware and Equipment,0.2600958247775496,5.9986310746064335,443096897.37033284,0.9437115737180033,-0.2601368952039974,0.9771328855363988,5.0,0.07755882592438015,0.11366491043602851,0.023950197492487335,0.024380087071739543,0.3760868269968893,0.02516475282334309,0.025477948135529057,0.38078232016510744,5,9,False,0.029614264794731948,,,False,0.09368913793692554,0.02822291317866539,0.035500734615778864,1.2079751958632334,1.1784000189358903,1.410732498149078,0.9167498120099786,89.23076923076924,1.3014649025412692,1.9885522777191216,260.0,sbc_unreported,112.4000015258789,369402978.0,41520895290.86421,44759895290.86421,8739000000.0,3239000000.0,1562000000.0,736000000.0,,523000000.0,3239000000.0,29267000000.0,1449000000.0,826000000.0,826000000.0,1039000000.0,1972000000.0,880000000.0,1043280000.0,0.28,0.11938208032955716,30.890196888105045,54.188735218963934,0.01845401993531008,43.0797837255671,0.023212744204342828,47.18283555780024,0.9386363636363636,1.6424949290060853,1831000000.0,736000000.0,0.2937407025975512,6.0,0.13022318495796725,0.13323109930558044,88.84615384615384,1.1751668536414521,2.4474122196260963,260.0,"['tenure<1y', 'fcf_cagr5 gate']",False,1.0,ig,Technology Hardware and Equipment,28.57142857142857,10.526315789473683,5.0,42.857142857142854,4.761904761904762,28.57142857142857,20.0,38.095238095238095,81.35593220338984,1.0,16.59922405114426,"{'profitability': 34.7, 'growth': 24.7, 'balance': 45.3, 'stability': 47.6}",21.220096558100625,False,0.42962262186045885,35.26357028133428,,18.90966030462244,,False,"{""floor"": false, ""depressed_arms"": {""self_pct"": false, ""self_z"": false, ""median_ratio"": false}, ""yield_arm"": false, ""residual_arm"": false, ""brakes"": {""gm"": true, ""fcf_margin"": true, ""roic"": true}, ""self_pct"": 88.84615384615384, ""self_z"": 1.1751668536414521, ""median_ratio"": 2.4474122196260963, ""fcf_yield"": 0.01845401993531008, ""yield_threshold"": 0.0495, ""gs10"": 0.0495, ""residual_pct"": null, ""brake_values"": {""gm"": 1.2079751958632334, ""fcf_margin"": 1.1784000189358903, ""roic"": 0.9167498120099786}}",False,"{""floor"": false, ""mom_sector_pct"": 81.35593220338984, ""eps_rev_proxy"": null}"
HUM,49071,Humana,Health Care,Managed Health Care,Health Care Equipment and Services,13.790554414784394,5.9986310746064335,440714054.9668738,0.5287027104535695,-0.07193748498509789,0.5080049103866535,10.0,,,0.4259986873714666,0.4928909952606635,0.5855981243119247,0.4576005348785343,0.45073649754500816,0.6745582849364038,7,9,False,0.26299918238784725,-0.3962600276820534,,False,,0.16661269430051814,0.12920984455958548,,0.39111081615900267,0.28236384075443227,0.5884924207848082,92.27053140096618,2.346086593885553,3.272440461247592,207.0,,380.32000732421875,120061500.0,45661790559.35669,38299790559.35669,11218000000.0,-7362000000.0,1844000000.0,572000000.0,243000000.0,803000000.0,-7428000000.0,6176000000.0,2444000000.0,1272000000.0,1029000000.0,798000000.0,3247000000.0,1130000000.0,1889847915.7233043,0.22673980535053015,0.1684656726442596,15.670945400718777,37.22039898868483,0.02686698765115346,47.99472501172517,0.020835623076404724,40.40866421182008,1.1256637168141592,-2.287650138589467,10489000000.0,342000000.0,0.9655018719914423,9.0,0.2862665120131799,0.2312914271353627,78.3410138248848,0.6892079470619509,2.6755828276359233,217.0,['fcf_cagr5 gate'],False,0.9,ig,Health Care Equipment and Services,88.88888888888889,100.0,,96.42857142857143,58.333333333333336,31.03448275862069,96.29629629629629,83.33333333333334,85.71428571428571,1.0,38.979931826612734,"{'profitability': 75.4, 'growth': 50.0, 'balance': 100.0, 'stability': 51.9}",41.91116012513327,False,0.3678815108291831,25.76393021525524,,40.445545975873,,False,"{""floor"": false, ""depressed_arms"": {""self_pct"": false, ""self_z"": false, ""median_ratio"": false}, ""yield_arm"": false, ""residual_arm"": false, ""brakes"": {""gm"": false, ""fcf_margin"": false, ""roic"": false}, ""self_pct"": 78.3410138248848, ""self_z"": 0.6892079470619509, ""median_ratio"": 2.6755828276359233, ""fcf_yield"": 0.02686698765115346, ""yield_threshold"": 0.0495, ""gs10"": 0.0495, ""residual_pct"": null, ""brake_values"": {""gm"": null, ""fcf_margin"": 0.39111081615900267, ""roic"": 0.5884924207848082}}",False,"{""floor"": false, ""mom_sector_pct"": 85.71428571428571, ""eps_rev_proxy"": null}"
NTAP,1002047,NetApp,Information Technology,"Technology Hardware, Storage & Peripherals",Technology Hardware and Equipment,27.252566735112936,5.9986310746064335,440171193.0404959,0.5873624556196695,-0.04751784938614467,0.6741063646321888,10.0,0.6892228970051042,0.029269361759577988,0.15024936372583986,0.14485696895922093,0.2761455902122549,0.15286641367079037,0.14059646987218502,0.3040714942564156,7,9,False,0.03810448963486701,0.0980205829542049,0.09017752250661193,False,0.7062643755919361,0.1695305100798268,0.1787308889189555,1.0247256419670365,1.1283276406359315,1.169196585614066,2.532339193104691,98.84615384615385,1.9840728353654322,1.6085787167940249,260.0,,197.24000549316406,196419005.0,38741685625.16182,37903685625.16182,657000000.0,-838000000.0,1897000000.0,247000000.0,397000000.0,179000000.0,-838000000.0,7391000000.0,1849000000.0,1650000000.0,1253000000.0,1321000000.0,2028000000.0,1418000000.0,1434289934.354486,0.22428884026258206,2.1830897022138296,20.499559559308718,30.2503476657317,0.03305747130743966,28.69317609777579,0.034851492096670225,27.321357986714965,1.16361071932299,-0.41321499013806706,2916000000.0,38000000.0,4.4961948249619486,4.0,0.8620842374347666,1.6737991565991628,98.84615384615385,2.067320979731397,1.5882097183274804,260.0,[],True,1.0,ig,Technology Hardware and Equipment,100.0,73.68421052631578,90.0,28.57142857142857,64.28571428571429,52.38095238095239,80.0,76.19047619047619,72.88135593220339,1.0,56.716597565356885,"{'profitability': 79.0, 'growth': 56.7, 'balance': 100.0, 'stability': 72.2}",33.37012893022582,False,-0.19263723915667486,36.67681885445641,,45.04336324779135,,False,"{""floor"": false, ""depressed_arms"": {""self_pct"": false, ""self_z"": false, ""median_ratio"": false}, ""yield_arm"": false, ""residual_arm"": false, ""brakes"": {""gm"": true, ""fcf_margin"": true, ""roic"": true}, ""self_pct"": 98.84615384615385, ""self_z"": 2.067320979731397, ""median_ratio"": 1.5882097183274804, ""fcf_yield"": 0.03305747130743966, ""yield_threshold"": 0.0495, ""gs10"": 0.0495, ""residual_pct"": null, ""brake_values"": {""gm"": 1.0247256419670365, ""fcf_margin"": 1.1283276406359315, ""roic"": 2.532339193104691}}",False,"{""floor"": false, ""mom_sector_pct"": 72.88135593220339, ""eps_rev_proxy"": null}"
TEL,1385157,TE Connectivity,Information Technology,Electronic Manufacturing Services,Technology Hardware and Equipment,14.940451745379876,5.9986310746064335,438739734.0978612,-0.05610196566212067,-0.12556844295462943,-0.004822423644544438,10.0,0.3322676863433084,0.041633202735549185,0.14226595239565437,0.14201072720469005,0.22373082283888815,0.13951758442944964,0.13814394411874767,0.24717286141209968,5,9,False,0.07237290827192866,0.17468868131492132,0.21164609717435856,False,0.3611944933236725,0.16256081151019564,0.16778801366318186,1.08705874260212,1.142654365101352,1.2026298645388878,1.0750258952346767,43.46153846153846,-0.31123852414728354,0.9456774526992634,260.0,,213.6699981689453,289513228.0,61860290896.64545,66749290896.64545,18135000000.0,4889000000.0,4418000000.0,1103000000.0,174000000.0,1002000000.0,4884000000.0,19322000000.0,3814000000.0,3315000000.0,3141000000.0,3242000000.0,4816000000.0,3016000000.0,3052413683.3731103,0.19968178202068418,0.1683161667148117,17.501125038449253,21.25096813010043,0.04705667967115219,20.58892378058157,0.048569804359718374,20.510706530717986,1.0991379310344827,1.0141196013289036,7403000000.0,2081000000.0,0.5229666390956713,9.0,0.15656940680305054,0.15899659510268593,47.69230769230769,-0.18930983768565382,0.9665473260074685,260.0,[],True,1.0,ig,Technology Hardware and Equipment,38.095238095238095,52.63157894736842,35.0,61.904761904761905,64.28571428571429,47.61904761904761,44.99999999999999,80.95238095238095,27.11864406779661,1.0,44.42741050967515,"{'profitability': 68.2, 'growth': 80.2, 'balance': 66.2, 'stability': 62.4}",57.46654797429399,False,-0.5102784501368136,35.39890556904017,,50.946979241984565,,False,"{""floor"": false, ""depressed_arms"": {""self_pct"": false, ""self_z"": false, ""median_ratio"": false}, ""yield_arm"": false, ""residual_arm"": false, ""brakes"": {""gm"": true, ""fcf_margin"": true, ""roic"": true}, ""self_pct"": 47.69230769230769, ""self_z"": -0.18930983768565382, ""median_ratio"": 0.9665473260074685, ""fcf_yield"": 0.04705667967115219, ""yield_threshold"": 0.0495, ""gs10"": 0.0495, ""residual_pct"": null, ""brake_values"": {""gm"": 1.08705874260212, ""fcf_margin"": 1.142654365101352, ""roic"": 1.0750258952346767}}",False,"{""floor"": false, ""mom_sector_pct"": 27.11864406779661, ""eps_rev_proxy"": null}"
CAH,721371,Cardinal Health,Health Care,Health Care Distributors,Health Care Equipment and Services,29.3305954825462,5.9986310746064335,427507984.2232431,0.5417949492334542,-0.0993607827750379,0.4633740336993937,10.0,0.03542393457570216,0.0590966061176067,0.012671440765937025,0.013799062721810014,0.3083342829792862,0.011493844321302446,0.012921742120647013,0.3323245863612733,8,9,False,0.09370066663339904,,,False,0.03695135956971141,0.021015804767996468,0.019846897696108683,1.0431184455454856,1.658517382213592,1.7267414749410575,-0.7643011554965274,46.558704453441294,-0.0029257814907764244,0.9691871617869401,247.0,,222.6199951171875,232575728.0,51776007431.73633,57158007431.73633,2499000000.0,5382000000.0,6103000000.0,597000000.0,364000000.0,883000000.0,5223000000.0,244673000000.0,2533000000.0,5506000000.0,5142000000.0,4856000000.0,3416000000.0,1662000000.0,1864430390.8651736,0.2639437856829161,0.7460705845799014,22.565340478379916,11.1159096522241,0.08996114859569027,11.770594611148338,0.08495747521988951,31.15283238973305,3.3128760529482553,1.5289812646370022,11442000000.0,2189000000.0,5.454581832733093,1.0,-0.9761473984626091,-0.2741708514126427,46.963562753036435,-0.03336074109048903,0.969289488077302,247.0,['fcf_cagr5 gate'],False,1.0,ig,Health Care Equipment and Services,3.7037037037037033,10.344827586206897,9.090909090909092,25.0,58.333333333333336,96.55172413793103,51.851851851851855,33.33333333333334,90.47619047619048,1.0,28.691003384343105,"{'profitability': 2.8, 'growth': 78.1, 'balance': 49.0, 'stability': 73.1}",56.39259989785602,False,,,,42.54180164109957,,False,"{""floor"": false, ""depressed_arms"": {""self_pct"": false, ""self_z"": false, ""median_ratio"": false}, ""yield_arm"": true, ""residual_arm"": false, ""brakes"": {""gm"": true, ""fcf_margin"": true, ""roic"": false}, ""self_pct"": 46.963562753036435, ""self_z"": -0.03336074109048903, ""median_ratio"": 0.969289488077302, ""fcf_yield"": 0.08996114859569027, ""yield_threshold"": 0.0495, ""gs10"": 0.0495, ""residual_pct"": null, ""brake_values"": {""gm"": 1.0431184455454856, ""fcf_margin"": 1.658517382213592, ""roic"": -0.7643011554965274}}",False,"{""floor"": false, ""mom_sector_pct"": 90.47619047619048, ""eps_rev_proxy"": null}"
UAL,100517,United Airlines Holdings,Industrials,Passenger Airlines,Transportation,11.06091718001369,5.9986310746064335,425521841.19793844,0.12960876659554943,-0.18308719460140888,0.13563474908168316,6.0,,,,,1.0594169742408996,0.06988956605364824,0.0803025247469692,0.6110840153868083,8,9,False,0.3092525547522449,,,False,,0.040443865059934504,0.09406696130488697,,,1.3459371207524713,1.6381808163719902,46.75324675324675,-0.01839584289156627,0.9705866377939473,231.0,sbc_unreported,111.19000244140625,324583772.0,36090470401.12085,48397470401.12085,29004000000.0,12307000000.0,8913000000.0,6369000000.0,,2996000000.0,12307000000.0,62902000000.0,4874000000.0,2544000000.0,2544000000.0,5917000000.0,7870000000.0,3496000000.0,3806859696.1572833,0.21894548704200179,0.1312529201543678,9.92972310240477,19.024162893522348,0.05256473073727182,8.179393341409641,0.12225845588539203,10.32336109871878,0.7276887871853547,1.5637865311308767,4527000000.0,2581000000.0,0.2450696455661288,6.0,0.08012114343094805,0.11088867455611505,48.484848484848484,-0.004009414571573751,0.9913078761364983,198.0,['fcf_cagr5 gate'],False,0.8,ig,Transportation,9.090909090909092,,,22.727272727272727,9.090909090909092,18.181818181818183,55.55555555555556,90.9090909090909,53.125,1.0,34.77719191057629,"{'profitability': 35.8, 'growth': 100.0, 'balance': 47.9, 'stability': 59.3}",61.59533798327052,False,-0.3097396950152871,25.931270546775952,,48.1862649469234,,False,"{""floor"": false, ""depressed_arms"": {""self_pct"": false, ""self_z"": false, ""median_ratio"": false}, ""yield_arm"": true, ""residual_arm"": false, ""brakes"": {""gm"": false, ""fcf_margin"": false, ""roic"": true}, ""self_pct"": 48.484848484848484, ""self_z"": -0.004009414571573751, ""median_ratio"": 0.9913078761364983, ""fcf_yield"": 0.05256473073727182, ""yield_threshold"": 0.0495, ""gs10"": 0.0495, ""residual_pct"": null, ""brake_values"": {""gm"": null, ""fcf_margin"": null, ""roic"": 1.6381808163719902}}",False,"{""floor"": false, ""mom_sector_pct"": 53.125, ""eps_rev_proxy"": null}"
SWKS,4127,Skyworks Solutions,Information Technology,Semiconductors,Semiconductors and Semiconductor Equipment,11.540041067761807,5.9986310746064335,425334231.8357809,-0.14573202191179802,-0.01070307069369636,0.14019255246135232,10.0,0.4463051220706157,0.07287175184748614,0.2390373731300016,0.2137072108444053,0.23199280453409218,0.19644246972961774,0.22160757690051128,0.3058940837052957,4,9,False,0.04021275962874182,0.06290179014117925,-0.02400392191315781,False,0.40733912956827184,0.05027278842081662,0.005082085648090481,0.9126920338230433,0.2103135077269927,0.025870605552279165,0.3160905559829089,99.23076923076923,6.627485687885962,41.11357481573724,260.0,,87.80999755859375,150472782.0,13213014620.05481,13094914620.05481,5620200000.0,-118100000.0,716200000.0,282000000.0,232400000.0,463400000.0,-118100000.0,4014100000.0,305400000.0,434200000.0,201800000.0,20400000.0,768800000.0,290100000.0,271851917.76618594,0.10984964713102179,0.04837050599021137,42.87791296678065,64.89055807757586,0.015410562485909156,641.9075794144514,0.00155785666359042,45.54641371959603,1.4967252671492588,-0.15361602497398544,2176700000.0,1631600000.0,0.6776093377459876,5.0,0.15302736850140747,0.1562759240789808,99.23076923076923,5.885003274308204,5.589660718950604,260.0,[],True,1.0,ig,Semiconductors and Semiconductor Equipment,28.57142857142857,75.0,18.75,50.0,65.625,86.66666666666667,57.142857142857146,43.75,20.33898305084746,1.0,27.600108930520175,"{'profitability': 22.1, 'growth': 43.0, 'balance': 100.0, 'stability': 53.3}",17.91838151173019,False,0.18776084695963524,53.78213140596907,,22.759245221125184,,False,"{""floor"": false, ""depressed_arms"": {""self_pct"": false, ""self_z"": false, ""median_ratio"": false}, ""yield_arm"": false, ""residual_arm"": false, ""brakes"": {""gm"": false, ""fcf_margin"": false, ""roic"": false}, ""self_pct"": 99.23076923076923, ""self_z"": 5.885003274308204, ""median_ratio"": 5.589660718950604, ""fcf_yield"": 0.015410562485909156, ""yield_threshold"": 0.0495, ""gs10"": 0.0495, ""residual_pct"": null, ""brake_values"": {""gm"": 0.9126920338230433, ""fcf_margin"": 0.2103135077269927, ""roic"": 0.3160905559829089}}",False,"{""floor"": false, ""mom_sector_pct"": 20.33898305084746, ""eps_rev_proxy"": null}"
HPQ,47217,HP Inc.,Information Technology,"Technology Hardware, Storage & Peripherals",Technology Hardware and Equipment,51.73442847364819,5.9986310746064335,423600341.9597794,0.189317930319449,-0.12232244105362633,0.225271179425524,10.0,0.20895880844983267,0.04602734468673726,0.05578757557854926,0.050505050505050504,0.3003924110547742,0.05318580476392014,0.046061352900539594,0.36841234757755,5,9,False,-0.004788030560913592,-0.05604730057855212,-0.07010630315908084,False,0.19874243602312294,0.05750312700720057,0.05508603495486968,0.9511081992546752,1.0307514963835593,1.0357281458724605,0.6510444804832353,33.07692307692307,-0.629135594616707,0.7898970880811065,260.0,,31.139999389648438,901790969.0,28081770224.250473,34185770224.250473,6012000000.0,6104000000.0,4668000000.0,787000000.0,479000000.0,930000000.0,6104000000.0,59162000000.0,3222000000.0,3881000000.0,3402000000.0,3259000000.0,4152000000.0,2451000000.0,2824435622.3175964,0.12339055793991416,0.4697996710441777,10.610108697781028,10.048727285200021,0.09951508998286988,10.489650268257279,0.09533206297888683,11.457270593329447,1.5834353325173398,1.4701348747591523,8726000000.0,802000000.0,1.5848303393213572,10.0,0.7216091759129433,0.5151710444012921,30.76923076923077,-0.6008591879428127,0.8078858611883765,260.0,"['rev_cagr5 gate', 'fcf_cagr5 gate']",False,1.0,ig,Technology Hardware and Equipment,90.47619047619048,36.84210526315789,20.0,85.71428571428571,64.28571428571429,90.47619047619048,25.0,95.23809523809524,52.54237288135594,1.0,22.877793913895434,"{'profitability': 60.1, 'growth': 0.0, 'balance': 51.0, 'stability': 58.2}",82.93659386416188,False,-1.2910010968182362,36.54144460331236,,52.907193889028655,,False,"{""floor"": false, ""depressed_arms"": {""self_pct"": false, ""self_z"": false, ""median_ratio"": false}, ""yield_arm"": true, ""residual_arm"": false, ""brakes"": {""gm"": false, ""fcf_margin"": true, ""roic"": false}, ""self_pct"": 30.76923076923077, ""self_z"": -0.6008591879428127, ""median_ratio"": 0.8078858611883765, ""fcf_yield"": 0.09951508998286988, ""yield_threshold"": 0.0495, ""gs10"": 0.0495, ""residual_pct"": null, ""brake_values"": {""gm"": 0.9511081992546752, ""fcf_margin"": 1.0307514963835593, ""roic"": 0.6510444804832353}}",False,"{""floor"": false, ""mom_sector_pct"": 52.54237288135594, ""eps_rev_proxy"": null}"
WM,823768,Waste Management,Industrials,Environmental & Facilities Services,Commercial and Professional Services,28.0684462696783,5.9986310746064335,422448386.940583,0.016715444164661974,-0.14400152698202107,-0.03318494361502833,10.0,0.38737342099328853,0.02652413532573754,0.10133498136166126,0.0946796629099401,0.15918003245613013,0.1255447249080493,0.12442139311806369,0.11920636875745502,8,9,False,0.1061712793131473,0.09145982426192112,0.12948214939635272,False,0.40877391202711655,0.1323878910663498,0.12977753535668368,1.0552451197579682,1.3064382041366516,1.0337155579554183,0.9569309641218683,6.153846153846154,-1.4397501507680825,0.8779767589240566,260.0,gm_derived,207.9600067138672,399715184.0,83124772348.27466,85039772348.27466,11840000000.0,1915000000.0,6517000000.0,2944000000.0,175000000.0,3011000000.0,1914000000.0,25667000000.0,4510000000.0,3573000000.0,3398000000.0,3331000000.0,7521000000.0,2853000000.0,3550769655.172414,0.21268965517241378,0.2998960857409133,18.855825354384624,25.026419172535213,0.039957773947038804,25.529802566278793,0.0391699073035863,29.135917402129216,1.252365930599369,0.2544874351814918,14001000000.0,4723000000.0,1.581418918918919,10.0,0.31339364801108116,0.3069041705473636,3.4615384615384617,-1.5619009218990723,0.6282138891509771,260.0,[],True,1.0,ig,Commercial and Professional Services,90.0,18.181818181818183,28.57142857142857,90.9090909090909,63.63636363636363,81.81818181818183,81.81818181818181,54.54545454545455,35.9375,1.0,66.84291336489987,"{'profitability': 68.9, 'growth': 82.3, 'balance': 91.5, 'stability': 83.8}",60.946713228599066,True,0.08080973297802041,23.083597509910764,44.5945945945946,63.89481329674947,5.0,False,"{""floor"": true, ""depressed_arms"": {""self_pct"": true, ""self_z"": true, ""median_ratio"": true}, ""yield_arm"": false, ""residual_arm"": false, ""brakes"": {""gm"": true, ""fcf_margin"": true, ""roic"": true}, ""self_pct"": 3.4615384615384617, ""self_z"": -1.5619009218990723, ""median_ratio"": 0.6282138891509771, ""fcf_yield"": 0.039957773947038804, ""yield_threshold"": 0.0495, ""gs10"": 0.0495, ""residual_pct"": 44.5945945945946, ""brake_values"": {""gm"": 1.0552451197579682, ""fcf_margin"": 1.3064382041366516, ""roic"": 0.9569309641218683}}",False,"{""floor"": true, ""mom_sector_pct"": 35.9375, ""eps_rev_proxy"": 5.0}"
NOC,1133421,Northrop Grumman,Industrials,Aerospace & Defense,Capital Goods,69.56057494866529,5.9986310746064335,421511845.149485,-0.07159685153729622,-0.3208242943571704,-0.12992328126238994,10.0,,,0.056736892548627384,0.05770039532340819,0.26258040918493253,0.062286603901821315,0.06263492864552668,0.2424375061145355,8,9,False,0.026567406658034587,0.02767945767344271,0.014370676884596811,False,,0.0820199571015574,0.07987503497155647,,1.4456194799752333,1.2823790344623502,0.9649407969098219,0.7692307692307693,-0.28912159543904586,0.7296513821841704,260.0,gm_derived,508.9800109863281,142063026.0,72307240534.23102,88133240534.23102,33710000000.0,15826000000.0,5078000000.0,1432000000.0,128000000.0,1524000000.0,15826000000.0,42892000000.0,4598000000.0,3646000000.0,3518000000.0,3426000000.0,6122000000.0,4496000000.0,3929406576.6964455,0.14540961794335677,0.11656501265785955,19.16773391349087,25.052086564590965,0.039916834768302954,25.724822105730013,0.0388729607493479,16.08257129320085,0.8109430604982206,2.5851029075465535,17439000000.0,208000000.0,0.5234945120142391,9.0,0.12080017036397839,0.12044575587253604,0.38461538461538464,-0.2547877416563304,0.6364092284333235,260.0,[],True,0.9,ig,Capital Goods,29.72972972972973,19.51219512195122,,70.73170731707317,64.28571428571429,17.94871794871795,21.621621621621628,65.85365853658536,25.0,1.0,20.42550055214772,"{'profitability': 40.7, 'growth': 22.6, 'balance': 13.8, 'stability': 75.1}",70.45455224678564,False,-0.09773127950231064,27.624095012033777,,45.44002639946668,,False,"{""floor"": false, ""depressed_arms"": {""self_pct"": true, ""self_z"": false, ""median_ratio"": true}, ""yield_arm"": false, ""residual_arm"": false, ""brakes"": {""gm"": false, ""fcf_margin"": true, ""roic"": true}, ""self_pct"": 0.38461538461538464, ""self_z"": -0.2547877416563304, ""median_ratio"": 0.6364092284333235, ""fcf_yield"": 0.039916834768302954, ""yield_threshold"": 0.0495, ""gs10"": 0.0495, ""residual_pct"": null, ""brake_values"": {""gm"": null, ""fcf_margin"": 1.4456194799752333, ""roic"": 0.9649407969098219}}",False,"{""floor"": false, ""mom_sector_pct"": 25.0, ""eps_rev_proxy"": null}"
COR,1140859,Cencora,Health Care,Health Care Distributors,Health Care Equipment and Services,25.07049965776865,5.9986310746064335,407536279.0480112,0.056951153160112344,-0.16379333915081273,0.017040182313243557,10.0,0.034165500543773465,0.03192993086475941,0.010143002659928315,0.00969358953843701,0.18147270041525304,0.008879217246883292,0.00832806934669191,0.1492870759373557,9,9,False,0.11093539055828328,,,False,0.03973065311279843,0.01175392748611334,,1.1628880736547322,1.1588212958426267,,0.3914296659142165,76.51821862348179,0.22761669658327408,1.349317696273249,247.0,,309.8699951171875,190827165.0,59131612686.77673,69898098686.77673,13817444000.0,10766486000.0,4820947000.0,760845000.0,148732000.0,,10578353000.0,332771323000.0,3041762000.0,4060102000.0,3911370000.0,,,2624793000.0,2225934382.522746,0.26820889256860136,0.16109595830623566,22.979476595071123,17.870490055089835,0.055958174449456805,,,22.5281051445873,1.5468275022068407,,16515457000.0,343629000.0,1.220130582761906,7.0,0.4115578668008789,0.4729403130453128,57.08502024291497,0.03777529348817907,1.032612259085199,247.0,['fcf_cagr5 gate'],False,0.9,ig,Health Care Equipment and Services,92.5925925925926,6.896551724137931,4.545454545454546,76.78571428571429,58.333333333333336,75.86206896551724,,30.0,33.33333333333333,0.7,55.92241763865634,"{'profitability': 42.2, 'growth': 92.4, 'balance': None, 'stability': 87.7}",41.957665100794486,False,-0.3733718814024365,25.95911066981999,,48.940041369725414,,False,"{""floor"": false, ""depressed_arms"": {""self_pct"": false, ""self_z"": false, ""median_ratio"": false}, ""yield_arm"": true, ""residual_arm"": false, ""brakes"": {""gm"": true, ""fcf_margin"": true, ""roic"": false}, ""self_pct"": 57.08502024291497, ""self_z"": 0.03777529348817907, ""median_ratio"": 1.032612259085199, ""fcf_yield"": 0.055958174449456805, ""yield_threshold"": 0.0495, ""gs10"": 0.0495, ""residual_pct"": null, ""brake_values"": {""gm"": 1.1628880736547322, ""fcf_margin"": 1.1588212958426267, ""roic"": 0.3914296659142165}}",False,"{""floor"": false, ""mom_sector_pct"": 33.33333333333333, ""eps_rev_proxy"": null}"
CTAS,723254,Cintas,Industrials,Diversified Support Services,Commercial and Professional Services,25.568788501026695,5.9986310746064335,404040189.0065636,0.009758049983745742,-0.03747509018500905,-0.022387251026801724,10.0,0.48625418117325603,0.033846230868074784,0.15112972050591642,0.15562682599302374,0.1594886782882036,0.1408833110471567,0.145174673479535,0.18733790347359874,9,9,False,0.09620823052847349,0.09095906665122921,0.1369641160384938,False,0.5066945494893322,0.15562682599302374,0.145174673479535,1.0420363857165336,1.0297565923635204,1.0304604030135398,1.1271798957702177,78.84615384615384,1.9665628568815432,3.233608984846901,260.0,,197.67999267578125,400169561.0,79105515887.5506,81772262887.5506,7806634000.0,2666747000.0,2276280000.0,395105000.0,128076000.0,512846000.0,2666747000.0,11264761000.0,2606512000.0,1881175000.0,1753099000.0,1635358000.0,3119358000.0,1999968000.0,2080736776.6597188,0.20171601870249636,0.26653443425933876,31.372294809135962,46.64440678338793,0.0214387976814434,50.00266784859988,0.01999893291749634,39.55339079802807,0.9406025496407943,0.8549025151970373,3544212000.0,706674000.0,0.5445222614509659,9.0,0.23646130955628167,0.23899879577216646,70.38461538461539,1.7987861888489909,3.231260006630095,260.0,[],True,1.0,ig,Commercial and Professional Services,40.0,54.54545454545454,57.14285714285714,72.72727272727273,63.63636363636363,18.181818181818183,63.63636363636363,0.0,32.8125,1.0,68.51681902770251,"{'profitability': 81.1, 'growth': 78.0, 'balance': 71.5, 'stability': 88.6}",19.197596751241534,True,0.7092866419549497,22.948816824462362,82.43243243243244,43.85720788947202,7.0,False,"{""floor"": true, ""depressed_arms"": {""self_pct"": false, ""self_z"": false, ""median_ratio"": false}, ""yield_arm"": false, ""residual_arm"": false, ""brakes"": {""gm"": true, ""fcf_margin"": true, ""roic"": true}, ""self_pct"": 70.38461538461539, ""self_z"": 1.7987861888489909, ""median_ratio"": 3.231260006630095, ""fcf_yield"": 0.0214387976814434, ""yield_threshold"": 0.0495, ""gs10"": 0.0495, ""residual_pct"": 82.43243243243244, ""brake_values"": {""gm"": 1.0420363857165336, ""fcf_margin"": 1.0297565923635204, ""roic"": 1.1271798957702177}}",False,"{""floor"": true, ""mom_sector_pct"": 32.8125, ""eps_rev_proxy"": 7.0}"
MSI,68505,Motorola Solutions,Information Technology,Communications Equipment,Technology Hardware and Equipment,69.56057494866529,5.9986310746064335,403762946.7551565,0.07415112284222003,-0.06155070207306357,0.008036367098711805,10.0,0.49656312234808075,0.03636943344333041,0.17210789220159584,0.17481741702875103,0.1961486709480565,0.1570318214814312,0.15542773222371803,0.217261391887528,8,9,False,0.09519871115386103,0.1299965282868849,0.1453665577446639,False,0.5198986679741767,0.18958895154041022,0.1689956688730898,1.0469941173153374,1.1015703528478418,1.0761874076145346,0.6677560232737089,60.0,0.10254099002177756,1.0272048643406713,260.0,,454.9100036621094,165493788.0,75284779705.13635,83933779705.13635,11321000000.0,8649000000.0,2974000000.0,297000000.0,357000000.0,549000000.0,8633000000.0,12237000000.0,3048000000.0,2677000000.0,2320000000.0,2068000000.0,3597000000.0,2134000000.0,2356224069.3892303,0.22696060715576435,0.2081286166760207,27.537329299585416,36.178353321179465,0.027640837909960428,40.58693409339282,0.024638471033533692,35.278715888067644,1.254451733833177,2.400055601890464,6883000000.0,2951000000.0,0.8686511792244501,10.0,0.3116836230928465,0.33887491738526315,42.69230769230769,-0.09853151340115233,0.9817127399235092,260.0,[],True,1.0,ig,Technology Hardware and Equipment,71.42857142857143,78.94736842105263,70.0,85.71428571428571,64.28571428571429,71.42857142857143,15.0,52.38095238095239,40.67796610169492,1.0,54.176632934889156,"{'profitability': 85.0, 'growth': 89.7, 'balance': 20.0, 'stability': 81.0}",45.36823921493342,False,0.007466646220205764,35.90922833695047,,49.77243607491128,,False,"{""floor"": false, ""depressed_arms"": {""self_pct"": false, ""self_z"": false, ""median_ratio"": false}, ""yield_arm"": false, ""residual_arm"": false, ""brakes"": {""gm"": true, ""fcf_margin"": true, ""roic"": false}, ""self_pct"": 42.69230769230769, ""self_z"": -0.09853151340115233, ""median_ratio"": 0.9817127399235092, ""fcf_yield"": 0.027640837909960428, ""yield_threshold"": 0.0495, ""gs10"": 0.0495, ""residual_pct"": null, ""brake_values"": {""gm"": 1.0469941173153374, ""fcf_margin"": 1.1015703528478418, ""roic"": 0.6677560232737089}}",False,"{""floor"": false, ""mom_sector_pct"": 40.67796610169492, ""eps_rev_proxy"": null}"
CHTR,1091667,Charter Communications,Communication Services,Cable & Satellite,Media and Entertainment,10.04517453798768,5.9986310746064335,402018607.3552321,-0.43811266076563404,-0.5801935682579706,-0.570043870972927,10.0,,,4.314533391456709,4.21259842519685,0.39759643355092417,5.79180532549616,5.426142401700319,0.11871341566820082,5,9,False,-0.041699278420998076,-0.091718672797517,0.08229749530423125,False,,7.285714285714286,13.841487279843443,,1.68864477909497,2.389839868911288,0.9770740688542587,0.38461538461538464,-2.318902932270343,0.5790959460869777,260.0,shares_was_proxy,117.55000305175781,120121017.0,14120225914.930252,114893225914.93025,117725000000.0,100773000000.0,16470000000.0,12112000000.0,635000000.0,8762000000.0,95824000000.0,511000000.0,12663000000.0,4358000000.0,3723000000.0,7073000000.0,21425000000.0,4924000000.0,9678222148.364796,0.23570858814145174,0.08221042385529663,9.073144271888987,30.86038837360469,0.03240399919449211,16.24391713769691,0.061561505856202715,2.8676332077437556,0.8850528025995126,4.472532088681447,29710000000.0,6882000000.0,0.3108260777235082,0.0,0.08413939789815383,0.08446107678707196,27.307692307692307,-0.39835205975824967,0.8449162101348554,260.0,"['rev_cagr5 gate', 'fcf_cagr5 gate']",False,0.9,ig,Media and Entertainment,25.0,100.0,,18.75,72.22222222222221,50.0,11.111111111111114,77.77777777777777,18.181818181818183,1.0,12.378861513359059,"{'profitability': 70.6, 'growth': 0.0, 'balance': 0.0, 'stability': 43.9}",58.41623521934054,False,-0.04317318628287481,32.221908782426524,,35.3975483663498,,False,"{""floor"": false, ""depressed_arms"": {""self_pct"": false, ""self_z"": false, ""median_ratio"": false}, ""yield_arm"": false, ""residual_arm"": false, ""brakes"": {""gm"": false, ""fcf_margin"": true, ""roic"": true}, ""self_pct"": 27.307692307692307, ""self_z"": -0.39835205975824967, ""median_ratio"": 0.8449162101348554, ""fcf_yield"": 0.03240399919449211, ""yield_threshold"": 0.0495, ""gs10"": 0.0495, ""residual_pct"": null, ""brake_values"": {""gm"": null, ""fcf_margin"": 1.68864477909497, ""roic"": 0.9770740688542587}}",False,"{""floor"": false, ""mom_sector_pct"": 18.181818181818183, ""eps_rev_proxy"": null}"
CRH,849395,CRH plc,Materials,Construction Materials,Materials,0.758384668035592,5.9986310746064335,398839022.5060712,-0.14722903233556894,-0.3537745986930807,-0.2530914958429614,5.0,0.3455159901788413,0.03420603534254623,0.07440264353034395,0.07394450823831014,0.13290652729126243,0.08250644992461516,0.08619138648375127,0.17740943655079122,4,4,True,,0.04678214611088327,0.09439820199796811,True,0.36249741147235454,0.06771588320563264,,1.0491480040756538,0.9101273824768844,,0.9006038381744469,,,,,,83.95999908447266,665284511.0,55857286934.47384,73710286934.47385,41888000000.0,17853000000.0,5419000000.0,2653000000.0,150000000.0,,16788000000.0,38632000000.0,5528000000.0,2766000000.0,2616000000.0,,,3838000000.0,4149768601.4803276,0.2493182703544994,0.09906819617743334,13.333988229825225,28.176715189019056,0.03549029733564248,,,14.553748549888963,0.7206878582595102,,13150000000.0,2048000000.0,0.3628246753246753,3.0,0.11000196976536074,0.11050202812436151,,,,,"['tenure<1y', 'rev_cagr5 gate']",False,0.8,ig,Materials,41.66666666666667,64.28571428571429,71.42857142857143,46.42857142857143,21.428571428571427,27.27272727272727,,75.0,7.142857142857142,0.7,34.714071584445506,"{'profitability': 38.3, 'growth': 39.0, 'balance': None, 'stability': 89.9}",,False,0.00084929140636536,28.152795105947696,,,,False,"{""floor"": false, ""depressed_arms"": {""self_pct"": false, ""self_z"": false, ""median_ratio"": false}, ""yield_arm"": false, ""residual_arm"": false, ""brakes"": {""gm"": true, ""fcf_margin"": false, ""roic"": true}, ""self_pct"": null, ""self_z"": null, ""median_ratio"": null, ""fcf_yield"": 0.03549029733564248, ""yield_threshold"": 0.0495, ""gs10"": 0.0495, ""residual_pct"": null, ""brake_values"": {""gm"": 1.0491480040756538, ""fcf_margin"": 0.9101273824768844, ""roic"": 0.9006038381744469}}",False,"{""floor"": false, ""mom_sector_pct"": 7.142857142857142, ""eps_rev_proxy"": null}"
LHX,202058,L3Harris,Industrials,Aerospace & Defense,Capital Goods,18.00684462696783,5.9986310746064335,397770215.9369615,-0.09420011483372515,-0.3449454207578738,-0.175672825126287,9.0,,,0.1015669715416766,0.10082032111561132,0.1658539930843871,0.06318530012290535,0.060060661461825385,0.2596662861622381,6,8,False,0.10651329188844394,0.02060320295194762,,False,0.2560218651817415,0.06881401823801374,0.050780351988556544,,0.6775235806826914,0.8036735109239137,1.2788613239969049,0.38461538461538464,-0.35472645234952016,0.5676414362827636,260.0,,238.0399932861328,186214616.0,44326525942.4198,53909525942.4198,29465000000.0,9583000000.0,3292000000.0,484000000.0,114000000.0,1190000000.0,9583000000.0,39149000000.0,2320000000.0,2808000000.0,2694000000.0,1988000000.0,3510000000.0,1874000000.0,1934021352.3131673,0.16637010676156583,0.06563792134102044,23.236864630353363,20.010959889539645,0.04997261528282466,27.117467777877163,0.036876599547979,23.65342899808954,1.4983991462113126,2.73019943019943,19996000000.0,4737000000.0,0.8394026811471237,1.0,0.05132528453974834,0.05666588155543939,1.5384615384615385,-1.1554831649786286,0.694327562754019,260.0,[],True,0.9,ig,Capital Goods,8.108108108108109,48.78048780487805,,6.097560975609756,22.61904761904762,87.17948717948718,18.91891891891892,46.34146341463414,20.3125,1.0,21.50893433999436,"{'profitability': 27.9, 'growth': 53.0, 'balance': 9.0, 'stability': 72.3}",62.68145765179082,False,-0.3046133366835613,27.136873657879413,,42.095195995892595,,False,"{""floor"": false, ""depressed_arms"": {""self_pct"": true, ""self_z"": true, ""median_ratio"": true}, ""yield_arm"": true, ""residual_arm"": false, ""brakes"": {""gm"": false, ""fcf_margin"": false, ""roic"": true}, ""self_pct"": 1.5384615384615385, ""self_z"": -1.1554831649786286, ""median_ratio"": 0.694327562754019, ""fcf_yield"": 0.04997261528282466, ""yield_threshold"": 0.0495, ""gs10"": 0.0495, ""residual_pct"": null, ""brake_values"": {""gm"": null, ""fcf_margin"": 0.6775235806826914, ""roic"": 1.2788613239969049}}",False,"{""floor"": false, ""mom_sector_pct"": 20.3125, ""eps_rev_proxy"": null}"
P,1474432,Everpure,Information Technology,"Technology Hardware, Storage & Peripherals",Technology Hardware and Equipment,0.010951403148528405,5.9986310746064335,396775100.5911484,0.1334951431590119,0.0,0.47912615286954585,9.0,0.6961348695636436,0.01896186032689952,0.0470243700870481,0.03660790265921854,0.22059623005908702,0.07541092040768942,0.07142894194482265,0.4265449800572702,9,9,True,0.16811610382486464,0.1898029366327636,,False,0.6973438288187886,-0.09893926774045962,-0.06469856762432105,1.0017366738946762,-2.103999852785065,-0.8579469296296235,2.009344250741518,,,,,,121.87999725341797,333227251.0,40613736436.64402,40456242436.64402,1383344000.0,-157494000.0,427808000.0,299639000.0,549863000.0,153700000.0,-157494000.0,4262150000.0,224210000.0,128169000.0,-421694000.0,-275755000.0,377910000.0,253285000.0,203355403.02943495,0.093013679008809,0.14700277228905823,180.4390635415192,,-0.010423459387272273,,-0.006816129808195672,160.34797337641004,0.5060268077462148,-0.4167500198459951,466313000.0,20268000.0,0.3517425889728079,1.0,0.07315957543602053,0.06526216736414224,,,,,['tenure<1y'],False,0.9,ig,Technology Hardware and Equipment,14.285714285714285,26.31578947368421,95.0,7.142857142857142,26.190476190476193,9.523809523809524,85.0,0.0,47.45762711864407,1.0,57.92703960050794,"{'profitability': 16.3, 'growth': 100.0, 'balance': 100.0, 'stability': 87.1}",,False,,,,,,False,"{""floor"": false, ""depressed_arms"": {""self_pct"": false, ""self_z"": false, ""median_ratio"": false}, ""yield_arm"": false, ""residual_arm"": false, ""brakes"": {""gm"": true, ""fcf_margin"": false, ""roic"": true}, ""self_pct"": null, ""self_z"": null, ""median_ratio"": null, ""fcf_yield"": -0.010423459387272273, ""yield_threshold"": 0.0495, ""gs10"": 0.0495, ""residual_pct"": null, ""brake_values"": {""gm"": 1.0017366738946762, ""fcf_margin"": -2.103999852785065, ""roic"": 2.009344250741518}}",False,"{""floor"": false, ""mom_sector_pct"": 47.45762711864407, ""eps_rev_proxy"": null}"
KEYS,1601046,Keysight Technologies,Information Technology,Electronic Equipment & Instruments,Technology Hardware and Equipment,7.885010266940451,5.9986310746064335,395828613.565987,0.8459098187413567,-0.016855953629596132,1.0626515293560481,10.0,0.6308307209681002,0.015398758265781015,0.18466469989437542,0.19692532942898974,0.13372426929535355,0.16853360141180979,0.18213953488372092,0.16355134610388028,7,9,False,0.04952460179009255,0.07339084686143038,0.10287498996686062,False,0.6469158310543908,0.1906715284108174,0.15253722272865392,1.0254982985952328,1.0325282986942157,0.905084929360354,0.895154755279108,96.92307692307692,2.3952955038309764,1.7182231728697928,260.0,gm_derived,357.5400085449219,170244745.0,60869307582.028046,61007307582.028046,6709000000.0,138000000.0,1604000000.0,135000000.0,214000000.0,386000000.0,138000000.0,6582000000.0,1333000000.0,1469000000.0,1255000000.0,1004000000.0,1719000000.0,1260000000.0,1204881272.0848057,0.096113074204947,0.17959178299072973,45.766922417125315,48.61140046376737,0.020571306122837432,60.764250579709206,0.016457044898269945,48.30897427145083,1.165873015873016,0.08027923211169284,3462000000.0,1125000000.0,0.6837084513340289,8.0,0.20062651952816052,0.25155265733585574,95.0,2.1241580917416796,1.5380979573722338,260.0,[],True,1.0,ig,Technology Hardware and Equipment,52.38095238095239,84.21052631578947,80.0,52.38095238095239,64.28571428571429,57.14285714285714,70.0,19.04761904761905,79.66101694915254,1.0,62.73512079949467,"{'profitability': 83.0, 'growth': 51.2, 'balance': 97.3, 'stability': 80.7}",14.013337125605027,True,0.31202248624806783,35.58184708955087,60.810810810810814,38.37422896254985,9.0,False,"{""floor"": true, ""depressed_arms"": {""self_pct"": false, ""self_z"": false, ""median_ratio"": false}, ""yield_arm"": false, ""residual_arm"": false, ""brakes"": {""gm"": true, ""fcf_margin"": true, ""roic"": false}, ""self_pct"": 95.0, ""self_z"": 2.1241580917416796, ""median_ratio"": 1.5380979573722338, ""fcf_yield"": 0.020571306122837432, ""yield_threshold"": 0.0495, ""gs10"": 0.0495, ""residual_pct"": 60.810810810810814, ""brake_values"": {""gm"": 1.0254982985952328, ""fcf_margin"": 1.0325282986942157, ""roic"": 0.895154755279108}}",False,"{""floor"": true, ""mom_sector_pct"": 79.66101694915254, ""eps_rev_proxy"": 9.0}"
CL,21665,Colgate-Palmolive,Consumer Staples,Household Products,Household and Personal Products,69.56057494866529,5.9986310746064335,394111044.859017,0.16873154510393307,-0.1290859737527944,0.09880082723525074,10.0,0.5908186217430611,0.021703288911527906,0.14749718859481642,0.15056540956317088,0.21600903885523004,0.14963742550836723,0.15706429562625276,0.19704510974607448,9,9,False,0.043531026206107715,0.018852665164492688,0.02120926331663142,False,0.6042191286169051,0.17484677151137928,0.17275621228678673,1.0226812534011016,1.1854244353883503,1.154498693758446,0.8239514560940087,0.38461538461538464,-1.6985024415018508,0.8025576357056783,260.0,,85.31999969482422,797172829.0,68014785527.00216,76371785527.00217,8593000000.0,8357000000.0,4456000000.0,598000000.0,178000000.0,642000000.0,8027000000.0,21047000000.0,3130000000.0,3858000000.0,3680000000.0,3636000000.0,3772000000.0,2038000000.0,2301220258.327668,0.26478585995921144,0.26780172911994277,24.39993147827545,20.753202588859285,0.048185334081247734,21.004341454071003,0.047609205086798036,33.37330006231706,1.8930323846908734,2.1280487804878048,3100000000.0,1495000000.0,0.5347375770976376,10.0,0.3250212462630662,0.32485578534848497,0.38461538461538464,-1.4726438861996802,0.7808396424904673,260.0,[],True,1.0,sector,Consumer Staples,95.83333333333334,74.07407407407408,83.33333333333334,87.5,55.55555555555556,83.33333333333334,43.99999999999999,22.222222222222214,59.25925925925925,1.0,42.26374416973891,"{'profitability': 80.1, 'growth': 26.0, 'balance': 29.1, 'stability': 87.0}",59.84567114636013,False,-0.27218463986642183,27.245414078933763,,51.05470765804952,,False,"{""floor"": false, ""depressed_arms"": {""self_pct"": true, ""self_z"": true, ""median_ratio"": true}, ""yield_arm"": false, ""residual_arm"": false, ""brakes"": {""gm"": true, ""fcf_margin"": true, ""roic"": false}, ""self_pct"": 0.38461538461538464, ""self_z"": -1.4726438861996802, ""median_ratio"": 0.7808396424904673, ""fcf_yield"": 0.048185334081247734, ""yield_threshold"": 0.0495, ""gs10"": 0.0495, ""residual_pct"": null, ""brake_values"": {""gm"": 1.0226812534011016, ""fcf_margin"": 1.1854244353883503, ""roic"": 0.8239514560940087}}",False,"{""floor"": false, ""mom_sector_pct"": 59.25925925925925, ""eps_rev_proxy"": null}"
KMB,55785,Kimberly-Clark,Consumer Staples,Household Products,Household and Personal Products,69.56057494866529,5.9986310746064335,390892875.09051746,-0.06902793399311868,-0.16628348619987654,-0.16389612717619395,10.0,0.34677418159080575,0.07325480715126438,0.11458444334209679,0.10069608305804625,0.21713934556905945,0.12199016177784343,0.11138809509333009,0.1486211422214273,5,9,False,-0.029872195796569856,-0.08185375224359281,-0.0804213673272477,False,0.3675672415872633,0.10185743577373055,0.1493788445302135,1.059961384382974,0.8889290099322714,1.2245155048015073,1.080464105039315,0.38461538461538464,-1.8084475843170127,0.7244656930107711,260.0,,97.22000122070312,332579038.0,32333334480.34027,38412334480.34027,7829000000.0,6079000000.0,3333000000.0,1513000000.0,131000000.0,725000000.0,5955000000.0,16582000000.0,2514000000.0,1820000000.0,1689000000.0,2477000000.0,3239000000.0,1955000000.0,2013638058.4375381,0.1990302074631909,0.25720245988472834,15.279369323922145,22.742649189070615,0.043970251296870363,15.507603746604874,0.06448449524117697,16.53879001551932,0.9309462915601023,1.838530410620562,1831000000.0,40000000.0,0.23898326733937922,4.0,0.23804813013697432,0.22567360919888824,45.76923076923077,-0.04128822889924989,0.9917664456139725,260.0,"['rev_cagr5 gate', 'fcf_cagr5 gate']",False,1.0,sector,Consumer Staples,83.33333333333334,59.25925925925925,25.0,27.083333333333332,55.55555555555556,20.833333333333336,56.0,74.07407407407408,14.814814814814813,1.0,23.641695300435217,"{'profitability': 70.1, 'growth': 0.0, 'balance': 38.7, 'stability': 59.6}",55.58351037724078,False,-0.17416898690147953,27.069590268651673,,39.612602838838,,False,"{""floor"": false, ""depressed_arms"": {""self_pct"": false, ""self_z"": false, ""median_ratio"": false}, ""yield_arm"": false, ""residual_arm"": false, ""brakes"": {""gm"": true, ""fcf_margin"": false, ""roic"": true}, ""self_pct"": 45.76923076923077, ""self_z"": -0.04128822889924989, ""median_ratio"": 0.9917664456139725, ""fcf_yield"": 0.043970251296870363, ""yield_threshold"": 0.0495, ""gs10"": 0.0495, ""residual_pct"": null, ""brake_values"": {""gm"": 1.059961384382974, ""fcf_margin"": 0.8889290099322714, ""roic"": 1.080464105039315}}",False,"{""floor"": false, ""mom_sector_pct"": 14.814814814814813, ""eps_rev_proxy"": null}"
KR,56873,Kroger,Consumer Staples,Food Retail,Consumer Staples Distribution and Retail,69.56057494866529,5.9986310746064335,387617253.30031246,-0.09825311688002103,-0.21115360823310125,-0.07950582850604304,10.0,,,0.0168133938372592,0.01807530042189031,0.3338569819052682,0.019456205552574875,0.022938906938964956,0.313202014654166,7,9,False,0.02188051774019617,,,False,,0.014793137162985682,0.022126086548893024,,0.8798424224265453,1.137225163925389,0.6562224636227117,26.923076923076923,-0.5457280880099169,0.8378157745353629,260.0,gm_derived,58.91999816894531,590588700.0,34797485122.59979,57346485122.59979,28389000000.0,22549000000.0,6708000000.0,4324000000.0,175000000.0,3229000000.0,22543000000.0,149326000000.0,2083000000.0,2384000000.0,2209000000.0,3304000000.0,5312000000.0,1084000000.0,1694959761.5499256,0.18628912071535023,0.059704806845958844,27.53071777369169,25.96038258153001,0.03852023354661454,17.356684359140374,0.05761469064645289,32.10100103560867,2.199261992619926,4.2437876506024095,2624000000.0,848000000.0,0.12230089119024974,3.0,0.09098257093540385,0.10069597900430077,48.07692307692308,-0.1265413221841712,0.9633274605987924,260.0,['fcf_cagr5 gate'],False,0.9,sector,Consumer Staples,29.166666666666668,3.7037037037037033,,20.833333333333336,55.55555555555556,91.66666666666666,16.0,18.51851851851852,7.4074074074074066,1.0,7.944075862499506,"{'profitability': 17.9, 'growth': 18.2, 'balance': 0.0, 'stability': 62.9}",36.00524264081651,False,-0.021843799170566225,26.533694827592992,,21.97465925165801,,False,"{""floor"": false, ""depressed_arms"": {""self_pct"": false, ""self_z"": false, ""median_ratio"": false}, ""yield_arm"": false, ""residual_arm"": false, ""brakes"": {""gm"": false, ""fcf_margin"": false, ""roic"": false}, ""self_pct"": 48.07692307692308, ""self_z"": -0.1265413221841712, ""median_ratio"": 0.9633274605987924, ""fcf_yield"": 0.03852023354661454, ""yield_threshold"": 0.0495, ""gs10"": 0.0495, ""residual_pct"": null, ""brake_values"": {""gm"": null, ""fcf_margin"": 0.8798424224265453, ""roic"": 0.6562224636227117}}",False,"{""floor"": false, ""mom_sector_pct"": 7.4074074074074066, ""eps_rev_proxy"": null}"
KVUE,1944048,Kenvue,Consumer Staples,Personal Care Products,Household and Personal Products,3.0855578370978782,3.3921971252566734,386706441.3630006,0.22365927740836522,-0.09133879997078964,0.1374937482401284,5.0,0.5668158815640222,0.02003115551021558,0.09305441465499657,0.10486643745040994,0.565100684190723,0.07809993116168208,0.09944459137794234,0.8252884466639001,2,4,False,,,,False,0.5819055036344756,0.1166926272066459,0.10656801661474559,1.0266217347841708,1.2540256971073223,1.3645084576851805,1.1553878580943857,,,,,,17.610000610351562,1920773467.0,33824821926.217087,41327821926.21709,18056000000.0,7503000000.0,2325000000.0,411000000.0,116000000.0,567000000.0,7503000000.0,15408000000.0,2630000000.0,1914000000.0,1798000000.0,1642000000.0,3197000000.0,1658000000.0,1961556455.2406657,0.25416104363472786,0.10863737567792787,15.714000732401933,22.9854404483966,0.04350580108504108,25.169197275406265,0.03973110421670604,20.40097824259173,1.1544028950542822,2.346887707225524,9265000000.0,16716000000.0,1.4389122729286663,1.0,0.09402675899425376,0.09659779010689433,,,,,"['rev_cagr5 gate', 'fcf_cagr5 gate']",False,0.9,sector,Consumer Staples,33.33333333333333,51.85185185185185,75.0,8.333333333333332,3.7037037037037033,54.166666666666664,36.0,62.96296296296296,74.07407407407408,0.7,16.853911884777645,"{'profitability': 45.1, 'growth': None, 'balance': 21.8, 'stability': 48.0}",,False,-0.1442386526531747,26.55185581606471,,,,False,"{""floor"": false, ""depressed_arms"": {""self_pct"": false, ""self_z"": false, ""median_ratio"": false}, ""yield_arm"": false, ""residual_arm"": false, ""brakes"": {""gm"": true, ""fcf_margin"": true, ""roic"": true}, ""self_pct"": null, ""self_z"": null, ""median_ratio"": null, ""fcf_yield"": 0.04350580108504108, ""yield_threshold"": 0.0495, ""gs10"": 0.0495, ""residual_pct"": null, ""brake_values"": {""gm"": 1.0266217347841708, ""fcf_margin"": 1.2540256971073223, ""roic"": 1.1553878580943857}}",False,"{""floor"": false, ""mom_sector_pct"": 74.07407407407408, ""eps_rev_proxy"": null}"
GD,40533,General Dynamics,Industrials,Aerospace & Defense,Capital Goods,69.56057494866529,5.9986310746064335,378685291.9369183,0.1685291408438867,-0.1503107545046738,0.035971388726404596,10.0,,,0.07778792618250824,0.08374146725201106,0.07862697280855324,0.08196257563854983,0.08710910083443812,0.09205818333787459,8,9,False,0.06740547524230567,0.06489670198718422,0.066773781532812,False,,0.11148899791852512,0.11812369907820398,,1.4332429644280074,1.4411906673006787,1.1235188424844258,15.0,-0.6977842927255352,0.7137589232591105,260.0,gm_derived,336.2900085449219,270430187.0,90942969897.03482,97512969897.03482,32649000000.0,6570000000.0,7423000000.0,1222000000.0,202000000.0,865000000.0,6570000000.0,53808000000.0,5508000000.0,6201000000.0,5999000000.0,6356000000.0,6373000000.0,4341000000.0,4535323975.720789,0.17659332321699545,0.1389115738834509,17.703879792489982,16.254870794638244,0.06152002145288386,15.341876950446007,0.0651810729045724,20.949774221846308,1.4284727021423635,1.0309116585595481,20956000000.0,1328000000.0,0.6825323899660021,7.0,0.12363973671885838,0.12014230956715646,18.076923076923077,-0.7281664786438148,0.7081906480836141,260.0,[],True,0.9,ig,Capital Goods,37.83783783783784,36.58536585365854,,54.87804878048781,64.28571428571429,79.48717948717949,67.56756756756756,73.17073170731707,59.375,1.0,47.99245157479929,"{'profitability': 46.8, 'growth': 55.1, 'balance': 65.6, 'stability': 87.4}",68.83275786295388,False,-0.5307788261156263,27.6374415468293,,58.41260471887659,,False,"{""floor"": false, ""depressed_arms"": {""self_pct"": true, ""self_z"": false, ""median_ratio"": true}, ""yield_arm"": true, ""residual_arm"": false, ""brakes"": {""gm"": false, ""fcf_margin"": true, ""roic"": true}, ""self_pct"": 18.076923076923077, ""self_z"": -0.7281664786438148, ""median_ratio"": 0.7081906480836141, ""fcf_yield"": 0.06152002145288386, ""yield_threshold"": 0.0495, ""gs10"": 0.0495, ""residual_pct"": null, ""brake_values"": {""gm"": null, ""fcf_margin"": 1.4332429644280074, ""roic"": 1.1235188424844258}}",False,"{""floor"": false, ""mom_sector_pct"": 59.375, ""eps_rev_proxy"": null}"
AKAM,1086222,Akamai Technologies,Information Technology,Internet Services & Infrastructure,Software and Services,19.20602327173169,5.9986310746064335,376525469.1222323,0.4131492032625115,-0.2682264045002909,0.4518080109341609,10.0,0.6075484009044092,0.02645663675265128,0.18812575594733774,0.1842468169718739,0.07738132725328861,0.12748649672990625,0.11960984854558866,0.20295428052406678,9,9,False,0.056425850397398225,0.07607765907051411,-0.08240707884008691,False,0.5745235648650862,0.10328502089138746,0.048383768611054694,0.9456424607649998,0.5490211607192167,0.37952073240792605,,99.23076923076923,4.039953738686802,2.29038921541449,260.0,gm_derived,110.41000366210938,143716609.0,15867751325.995941,14288522325.995941,3169288000.0,-1579229000.0,1447190000.0,491087000.0,509619000.0,728416000.0,-1579229000.0,4322834000.0,455678000.0,956103000.0,446484000.0,209155000.0,1184094000.0,410965000.0,,,,31.356620960406122,32.00231660260153,0.031247737856537176,68.31547094736412,0.014637972718807468,38.61095549741691,2.326482790505274,-1.3337023918709157,3202854000.0,564281000.0,1.18863763722325,,,,93.84615384615384,2.118553766729644,1.6099790822790545,260.0,[],True,0.8,ig,Software and Services,,50.0,16.666666666666664,,63.63636363636363,80.95238095238095,80.0,40.90909090909091,64.40677966101694,1.0,58.97849382824416,"{'profitability': 41.3, 'growth': 55.2, 'balance': 100.0, 'stability': 93.5}",24.20024011905012,False,,,,41.589366973647145,,False,"{""floor"": false, ""depressed_arms"": {""self_pct"": false, ""self_z"": false, ""median_ratio"": false}, ""yield_arm"": false, ""residual_arm"": false, ""brakes"": {""gm"": false, ""fcf_margin"": false, ""roic"": false}, ""self_pct"": 93.84615384615384, ""self_z"": 2.118553766729644, ""median_ratio"": 1.6099790822790545, ""fcf_yield"": 0.031247737856537176, ""yield_threshold"": 0.0495, ""gs10"": 0.0495, ""residual_pct"": null, ""brake_values"": {""gm"": 0.9456424607649998, ""fcf_margin"": 0.5490211607192167, ""roic"": null}}",False,"{""floor"": false, ""mom_sector_pct"": 64.40677966101694, ""eps_rev_proxy"": null}"
CARR,1783180,Carrier Global,Industrials,Building Products,Capital Goods,6.477754962354552,5.9986310746064335,370996628.78643596,0.014517495723759044,-0.25170114494528006,-0.053128541591182965,8.0,0.2623094391214494,0.03839485134879538,0.07345111941520929,0.0873720467666036,0.5150958130176503,0.05838010810957171,0.07739472466450717,0.8891258391260732,3,7,False,0.04493896559222432,0.08976364718415653,-0.018498254744406917,False,,0.0737997256515775,0.03433927754915409,,1.0047460983459977,0.5882016779534534,0.4887988804630752,78.02690582959642,0.6064013681936656,1.9609783517683357,223.0,gm_derived,54.869998931884766,830580423.0,45573946922.8544,57266946922.8544,25494000000.0,11693000000.0,2109000000.0,423000000.0,72000000.0,1286000000.0,11344000000.0,21870000000.0,1802000000.0,1686000000.0,1614000000.0,751000000.0,3088000000.0,1310000000.0,1760122535.2112677,0.02323943661971831,0.06904065800624726,31.779659779608437,35.48137975393705,0.02818379687979972,76.25425688795526,0.013114021968233946,34.7892724601942,1.2870229007633587,3.673575129533679,15313000000.0,5987000000.0,0.835490703694987,4.0,0.14124553219279054,0.12639183859223302,44.17670682730924,-0.047664649693541075,0.9507730788800216,249.0,[],True,1.0,ig,Capital Goods,51.35135135135135,29.268292682926827,28.125,37.80487804878049,15.476190476190476,64.1025641025641,8.108108108108098,19.51219512195121,34.375,1.0,12.625905348380801,"{'profitability': 32.0, 'growth': 56.1, 'balance': 0.0, 'stability': 42.6}",34.90454228137634,False,0.2470689410620328,27.714038887304284,,23.765223814878567,,False,"{""floor"": false, ""depressed_arms"": {""self_pct"": false, ""self_z"": false, ""median_ratio"": false}, ""yield_arm"": false, ""residual_arm"": false, ""brakes"": {""gm"": false, ""fcf_margin"": true, ""roic"": false}, ""self_pct"": 44.17670682730924, ""self_z"": -0.047664649693541075, ""median_ratio"": 0.9507730788800216, ""fcf_yield"": 0.02818379687979972, ""yield_threshold"": 0.0495, ""gs10"": 0.0495, ""residual_pct"": null, ""brake_values"": {""gm"": null, ""fcf_margin"": 1.0047460983459977, ""roic"": 0.4887988804630752}}",False,"{""floor"": false, ""mom_sector_pct"": 34.375, ""eps_rev_proxy"": null}"
TPR,1116132,"Tapestry, Inc.",Consumer Discretionary,"Apparel, Accessories & Luxury Goods",Consumer Durables and Apparel,22.064339493497606,5.9986310746064335,366981619.55271405,0.16117343930701367,-0.30681804245601185,0.04139216592212969,10.0,0.7338186643650635,0.040987891255076674,0.14513857895101032,0.14358052690886788,0.33844371436159504,0.1391961870252844,0.13784643473547578,0.39258897281885374,7,9,False,0.06852804969049076,0.08458548952073475,0.10517268919803402,False,0.7782164363709053,0.2133879713150596,0.21403763024412184,1.060502374989681,1.470236052036075,1.537668773967514,1.9394583644217729,43.84615384615385,-0.19425863566688764,0.9120133930186801,260.0,,112.12000274658203,199391678.0,22355795485.0056,25174395485.0056,3510700000.0,2818600000.0,1978500000.0,166000000.0,104500000.0,160800000.0,2818600000.0,8004200000.0,1914400000.0,1812500000.0,1708000000.0,1713200000.0,2075200000.0,1527700000.0,1571874062.1304955,0.17892077824357733,0.44773807563463003,13.150018535836606,14.739107426818267,0.06784671357917296,14.694370467549382,0.06805327266032736,14.633629302222687,1.1864240361327485,1.358230531996916,957700000.0,716500000.0,0.4768849517190304,5.0,0.23085727636546505,0.20317811414335157,49.61538461538461,-0.045715296727332225,0.9796317036279116,260.0,[],True,1.0,ig,Consumer Durables and Apparel,87.5,80.0,100.0,38.88888888888889,70.0,55.55555555555556,20.0,55.55555555555556,60.60606060606061,1.0,45.50090905773695,"{'profitability': 78.7, 'growth': 63.8, 'balance': 54.7, 'stability': 67.9}",54.72280839999303,False,-0.6671811489564585,28.722634756199568,,50.11185872886499,,False,"{""floor"": false, ""depressed_arms"": {""self_pct"": false, ""self_z"": false, ""median_ratio"": false}, ""yield_arm"": true, ""residual_arm"": false, ""brakes"": {""gm"": true, ""fcf_margin"": true, ""roic"": true}, ""self_pct"": 49.61538461538461, ""self_z"": -0.045715296727332225, ""median_ratio"": 0.9796317036279116, ""fcf_yield"": 0.06784671357917296, ""yield_threshold"": 0.0495, ""gs10"": 0.0495, ""residual_pct"": null, ""brake_values"": {""gm"": 1.060502374989681, ""fcf_margin"": 1.470236052036075, ""roic"": 1.9394583644217729}}",False,"{""floor"": false, ""mom_sector_pct"": 60.60606060606061, ""eps_rev_proxy"": null}"
DXCM,1093557,Dexcom,Health Care,Health Care Equipment,Health Care Equipment and Services,6.3709787816564,5.9986310746064335,363129687.28145236,0.35350226170051813,-0.05273982359028051,0.30357679895385203,10.0,0.6341916612389081,0.049219502726604226,0.0894685044055907,0.09968804350826822,0.6645102551449527,0.14186915265834052,0.133033198157949,0.5192382343732566,9,9,False,0.19330547815255028,0.31246833350776404,0.28913611778157544,False,0.6247283264911857,0.2500603718908476,0.26607904692908313,0.9850781154560821,2.794954197034972,1.8755243260659615,2.054392579181702,12.692307692307692,-0.9258269466131706,0.42827066030575034,260.0,,87.47000122070312,377360765.0,33007746575.195465,32067946575.195465,1681600000.0,-939800000.0,1748700000.0,343700000.0,162400000.0,264100000.0,-939800000.0,4969200000.0,1139100000.0,1405000000.0,1242600000.0,1322200000.0,1403200000.0,999700000.0,889654898.4375,0.218984375,0.5290526275199215,28.152002963037017,25.807135502330166,0.038748973124495295,24.253476459836232,0.041231202531150556,33.017651870756694,1.4054216264879464,-0.6697548460661346,24100000.0,70800000.0,0.05643434823977165,7.0,0.25752265310978284,0.2728602777404583,10.344827586206897,-0.45199395519290303,0.2648786881474642,232.0,[],True,1.0,ig,Health Care Equipment and Services,85.18518518518519,34.48275862068966,59.09090909090909,76.78571428571429,58.333333333333336,65.51724137931035,81.48148148148148,16.666666666666657,71.42857142857143,1.0,61.651194718026545,"{'profitability': 69.9, 'growth': 100.0, 'balance': 100.0, 'stability': 70.1}",46.582138745859226,True,0.0038754263555329516,25.707315396909866,39.189189189189186,54.116666731942885,15.0,False,"{""floor"": true, ""depressed_arms"": {""self_pct"": true, ""self_z"": false, ""median_ratio"": true}, ""yield_arm"": false, ""residual_arm"": false, ""brakes"": {""gm"": true, ""fcf_margin"": true, ""roic"": true}, ""self_pct"": 10.344827586206897, ""self_z"": -0.45199395519290303, ""median_ratio"": 0.2648786881474642, ""fcf_yield"": 0.038748973124495295, ""yield_threshold"": 0.0495, ""gs10"": 0.0495, ""residual_pct"": 39.189189189189186, ""brake_values"": {""gm"": 0.9850781154560821, ""fcf_margin"": 2.794954197034972, ""roic"": 2.054392579181702}}",False,"{""floor"": true, ""mom_sector_pct"": 71.42857142857143, ""eps_rev_proxy"": 15.0}"
NSC,702165,Norfolk Southern,Industrials,Rail Transportation,Transportation,69.56057494866529,5.9986310746064335,359392170.83408296,0.19273187583069684,-0.10706543015018721,0.07126266323204145,10.0,,,0.16267952915802913,0.1770935960591133,0.3349688981010178,0.22648182573995249,0.23546488819144762,0.16166143898365332,5,9,False,0.044676419652051935,0.0013031785833279574,0.03632848470094219,False,,0.13006379585326955,0.1850877192982456,,0.7995092961384452,0.8172298977789247,0.8924957161320612,88.46153846153845,1.5756588793409187,1.3882237079653168,260.0,sbc_unreported,313.1700134277344,224608373.0,70340607188.39157,80634607188.39157,26547000000.0,10294000000.0,3732000000.0,2101000000.0,,1411000000.0,10294000000.0,12540000000.0,4036000000.0,1631000000.0,1631000000.0,2321000000.0,5447000000.0,2636000000.0,3163513529.5866785,0.21617603330359797,0.11916651710500917,19.9788422171436,49.4387536409513,0.0202270471311331,34.74132149435225,0.028784167008804366,26.68460060257647,0.6187405159332322,1.88984762254452,,,0.0,6.0,0.1335205479993321,0.1345420065213395,68.84615384615384,0.4390208008164726,1.4088822206337521,260.0,[],True,0.9,ig,Transportation,36.36363636363637,77.77777777777779,,22.727272727272727,77.27272727272727,9.090909090909092,33.33333333333334,27.272727272727266,64.0625,1.0,18.817269754467137,"{'profitability': 55.8, 'growth': 19.2, 'balance': 37.0, 'stability': 48.0}",27.952059980732574,False,0.6346674329448931,26.208064542217944,,23.384664867599856,,False,"{""floor"": false, ""depressed_arms"": {""self_pct"": false, ""self_z"": false, ""median_ratio"": false}, ""yield_arm"": false, ""residual_arm"": false, ""brakes"": {""gm"": false, ""fcf_margin"": false, ""roic"": false}, ""self_pct"": 68.84615384615384, ""self_z"": 0.4390208008164726, ""median_ratio"": 1.4088822206337521, ""fcf_yield"": 0.0202270471311331, ""yield_threshold"": 0.0495, ""gs10"": 0.0495, ""residual_pct"": null, ""brake_values"": {""gm"": null, ""fcf_margin"": 0.7995092961384452, ""roic"": 0.8924957161320612}}",False,"{""floor"": false, ""mom_sector_pct"": 64.0625, ""eps_rev_proxy"": null}"
YUM,1041061,Yum! Brands,Consumer Discretionary,Restaurants,Consumer Services,28.969199178644764,5.9986310746064335,358411995.7838745,0.022011038116534154,-0.17514332122539789,-0.08312325788138208,9.0,0.7298263084733565,0.02613959142766898,0.18254109599548318,0.18055371572393694,0.11676701120753127,0.19835463402640796,0.19149236856981344,0.12169571447002071,6,9,False,0.07763207419433016,0.07437202978281343,0.10302388113102201,False,0.6812657647328595,0.18470534281128181,0.20396698005044714,0.9334628757874247,1.0118562168370688,1.028294504192385,-2.4223898574231817,19.230769230769234,-0.8901475420807087,0.9285944235517527,260.0,gm_derived,137.33999633789062,272901085.0,37480234014.50638,46775234014.50638,2188000000.0,9295000000.0,2083000000.0,404000000.0,68000000.0,236000000.0,9229000000.0,8722000000.0,2703000000.0,1679000000.0,1611000000.0,1779000000.0,2939000000.0,2216000000.0,2172441587.790231,0.19628502116528623,0.992889208313634,17.30493304273266,29.03490627840247,0.034441302837744894,26.29299270067812,0.03803294708153207,16.91346300293609,0.7576714801444043,3.1401837359646136,716000000.0,807000000.0,0.6960694698354661,0.0,-0.40988002210751506,-0.42271515920535374,21.153846153846153,-0.6455803428580081,0.9380067024766027,260.0,[],True,1.0,ig,Consumer Services,16.666666666666664,92.3076923076923,100.0,11.538461538461538,50.0,23.076923076923077,44.44444444444444,46.15384615384615,51.515151515151516,1.0,25.04381627016207,"{'profitability': 36.1, 'growth': 63.3, 'balance': 0.0, 'stability': 74.9}",52.263651080456036,False,,,,38.653733675309056,,False,"{""floor"": false, ""depressed_arms"": {""self_pct"": false, ""self_z"": false, ""median_ratio"": false}, ""yield_arm"": false, ""residual_arm"": false, ""brakes"": {""gm"": false, ""fcf_margin"": true, ""roic"": false}, ""self_pct"": 21.153846153846153, ""self_z"": -0.6455803428580081, ""median_ratio"": 0.9380067024766027, ""fcf_yield"": 0.034441302837744894, ""yield_threshold"": 0.0495, ""gs10"": 0.0495, ""residual_pct"": null, ""brake_values"": {""gm"": 0.9334628757874247, ""fcf_margin"": 1.0118562168370688, ""roic"": -2.4223898574231817}}",False,"{""floor"": false, ""mom_sector_pct"": 51.515151515151516, ""eps_rev_proxy"": null}"
HAL,45012,Halliburton,Energy,Oil & Gas Equipment & Services,Energy,69.56057494866529,5.9986310746064335,356187476.9704192,0.4632440143249956,-0.20852368340604488,0.33107623694753685,9.0,,,,,0.2915042420724589,0.08779473359175705,0.08068878470970069,0.3597912517020693,5,9,False,0.08959339537251054,0.07716291557214183,,False,,0.07710186385375228,0.07079962454744558,,,0.8064222266071422,0.7718720275232221,57.692307692307686,0.15740892697324743,1.1074061825252055,260.0,sbc_unreported;gm_derived,32.7599983215332,833130367.0,27293349424.53834,33756349424.53834,17473000000.0,6463000000.0,2750000000.0,1025000000.0,,1166000000.0,6421000000.0,22373000000.0,2559000000.0,1725000000.0,1725000000.0,1584000000.0,3725000000.0,1602000000.0,1975346909.4393868,0.22807858169621467,0.11305138839577558,13.191226816935655,19.568898217123674,0.05110149733033792,21.31082665690552,0.04692450537464073,17.03704708148461,1.0767790262172285,1.723758389261745,3020000000.0,,0.1728380930578607,5.0,0.14646390122276373,0.14040666459845066,42.69230769230769,-0.0961807415850233,0.9431021288443957,260.0,[],True,0.8,ig,Energy,63.63636363636363,,,90.9090909090909,72.72727272727273,70.0,27.272727272727266,45.45454545454546,63.63636363636363,1.0,26.01861779907666,"{'profitability': 43.7, 'growth': 69.5, 'balance': 42.5, 'stability': 50.9}",50.32851496312459,False,-0.004180229671627345,19.650871921177412,,38.17356638110063,,False,"{""floor"": false, ""depressed_arms"": {""self_pct"": false, ""self_z"": false, ""median_ratio"": false}, ""yield_arm"": true, ""residual_arm"": false, ""brakes"": {""gm"": false, ""fcf_margin"": false, ""roic"": false}, ""self_pct"": 42.69230769230769, ""self_z"": -0.0961807415850233, ""median_ratio"": 0.9431021288443957, ""fcf_yield"": 0.05110149733033792, ""yield_threshold"": 0.0495, ""gs10"": 0.0495, ""residual_pct"": null, ""brake_values"": {""gm"": null, ""fcf_margin"": null, ""roic"": 0.7718720275232221}}",False,"{""floor"": false, ""mom_sector_pct"": 63.63636363636363, ""eps_rev_proxy"": null}"
FICO,814547,Fair Isaac,Information Technology,Application Software,Software and Services,3.5181382614647503,5.9986310746064335,352370104.25606596,-0.24046278984645852,-0.5372004597466117,-0.4360737144632718,10.0,0.7884302155000654,0.031081700435860518,0.26441342845974425,0.2763515661480525,0.22908115263801804,0.2570234255226193,0.2712830454449745,0.2768567424887982,9,9,False,0.08989325752163668,0.1755600958063408,0.20311963527135402,False,0.8509956863687163,0.34330823141117367,0.3388721890895418,1.0793544813968963,1.298376687640283,1.3184486526879606,1.5246749022878094,0.38461538461538464,-1.3881039533093285,0.437571289306063,260.0,gm_derived,856.47998046875,21597635.0,18497942002.97119,23864330002.97119,1269253000.0,5366388000.0,1001549000.0,5526000.0,174289000.0,16144000.0,5366388000.0,2393575000.0,1236298000.0,996023000.0,821734000.0,811116000.0,1252442000.0,815017000.0,946037648.9477766,0.23478186574128843,0.74534994122352,19.303056385249505,29.041429468625115,0.03443356674575365,29.42159938032438,0.033988634916589454,22.696387931750124,1.222088619010401,4.284739732458669,791815000.0,0.0,0.6238433157140459,7.0,0.48885827405245896,0.4628606525818475,0.38461538461538464,-1.3328962410770178,0.4445425666567594,260.0,[],True,1.0,ig,Software and Services,89.47368421052632,81.81818181818183,55.55555555555556,80.0,63.63636363636363,23.809523809523807,0.0,68.18181818181819,8.47457627118644,1.0,56.591124365535194,"{'profitability': 100.0, 'growth': 87.5, 'balance': 0.0, 'stability': 85.4}",69.5080197335907,False,-0.1655496499151181,34.27009345098827,,63.04957204956295,,False,"{""floor"": false, ""depressed_arms"": {""self_pct"": true, ""self_z"": true, ""median_ratio"": true}, ""yield_arm"": false, ""residual_arm"": false, ""brakes"": {""gm"": true, ""fcf_margin"": true, ""roic"": true}, ""self_pct"": 0.38461538461538464, ""self_z"": -1.3328962410770178, ""median_ratio"": 0.4445425666567594, ""fcf_yield"": 0.03443356674575365, ""yield_threshold"": 0.0495, ""gs10"": 0.0495, ""residual_pct"": null, ""brake_values"": {""gm"": 1.0793544813968963, ""fcf_margin"": 1.298376687640283, ""roic"": 1.5246749022878094}}",False,"{""floor"": false, ""mom_sector_pct"": 8.47457627118644, ""eps_rev_proxy"": null}"
EQT,33213,EQT Corporation,Energy,Oil & Gas Exploration & Production,Energy,3.978097193702943,5.9986310746064335,349367394.814921,0.021333253750643655,-0.22754537927875118,-0.02920001690656182,9.0,0.7158915877091989,0.08492974253602878,0.18301839434077882,0.16065875969380466,0.6070538951430415,0.16221704033317605,0.2021840451833086,0.7327384028999501,5,9,False,0.26673595375868553,0.4177006151182334,,False,0.8374337384448007,0.3863223019934941,0.3640140790270445,1.1697773138032364,2.110838658513007,2.243994085204609,1.1557025688113116,35.21739130434783,-0.4184571491093742,0.5593172352477521,230.0,gm_derived,51.869998931884766,625516000.0,32445514251.87683,42058352251.87683,34871714000.0,9612838000.0,6246145000.0,2487812000.0,74627000.0,2700528000.0,6008317000.0,9535318000.0,4049329000.0,3758333000.0,3683706000.0,3470990000.0,6749857000.0,2711615000.0,3147924314.952893,0.22260593916846647,0.09027156838212463,10.386499158719094,11.4174020000176,0.08758559959599027,12.117105566964131,0.0825279597073399,11.96538382177294,1.3860127636113533,0.8901398948155494,2062462000.0,193100000.0,0.06468170735743015,1.0,0.07810968913478553,0.08140954768869922,26.93877551020408,-0.04006025925968131,0.6108931240154953,245.0,[],True,1.0,ig,Energy,18.181818181818183,100.0,100.0,27.27272727272727,72.72727272727273,90.0,45.45454545454546,63.63636363636363,18.181818181818183,1.0,31.925914189779512,"{'profitability': 52.5, 'growth': 100.0, 'balance': 70.3, 'stability': 44.3}",70.89850386332319,False,-0.5299133359883283,19.39571215525204,,51.41220902655135,,False,"{""floor"": false, ""depressed_arms"": {""self_pct"": false, ""self_z"": false, ""median_ratio"": true}, ""yield_arm"": true, ""residual_arm"": false, ""brakes"": {""gm"": true, ""fcf_margin"": true, ""roic"": true}, ""self_pct"": 26.93877551020408, ""self_z"": -0.04006025925968131, ""median_ratio"": 0.6108931240154953, ""fcf_yield"": 0.08758559959599027, ""yield_threshold"": 0.0495, ""gs10"": 0.0495, ""residual_pct"": null, ""brake_values"": {""gm"": 1.1697773138032364, ""fcf_margin"": 2.110838658513007, ""roic"": 1.1557025688113116}}",False,"{""floor"": false, ""mom_sector_pct"": 18.181818181818183, ""eps_rev_proxy"": null}"
KDP,1418135,Keurig Dr Pepper,Consumer Staples,Soft Drinks & Non-alcoholic Beverages,Food Beverage and Tobacco,4.262833675564682,5.9986310746064335,348654352.1204929,0.292790974149296,-0.07544916916125777,0.2405650658230729,11.0,0.5428192640639168,0.021830910100845466,0.11976218223395219,0.10149175949449547,0.3335401210434496,0.11251242293474224,0.10201289818252883,0.3714618791287085,9,10,False,0.07401671198285564,-0.0548108666739644,-0.07058667963172871,False,0.49392732702837233,0.09238427078148333,0.08073668491786959,0.9099296206448055,0.7713976904747206,0.7175801819208645,0.7086703368284221,65.38461538461539,0.5620747945464548,1.2507464425471368,260.0,,30.8799991607666,1360826038.0,42022306911.38934,76868306911.38934,59878000000.0,34846000000.0,2527000000.0,557000000.0,114000000.0,791000000.0,30650000000.0,20090000000.0,3260000000.0,1970000000.0,1856000000.0,1622000000.0,4051000000.0,1427000000.0,2472704211.0603757,0.24150177574835108,0.041295704784067196,23.579235248892438,41.41611363760202,0.024145191621555047,47.3910646802647,0.021101024143406404,29.448007646383562,1.3805185704274703,7.566033078252284,29760000000.0,38113000000.0,1.1335214937038645,2.0,0.05827209442528904,0.058893988089081487,65.76923076923077,0.3490311325467602,1.1598327385248135,260.0,['fcf_cagr5 gate'],False,1.0,ig,Food Beverage and Tobacco,18.181818181818183,50.0,71.42857142857143,18.181818181818183,100.0,69.23076923076923,0.0,21.42857142857143,85.18518518518519,1.0,15.81608606490749,"{'profitability': 28.8, 'growth': 30.8, 'balance': 0.0, 'stability': 76.1}",27.799788489506028,False,0.744236681862851,19.676663537244615,,21.807937277206758,,False,"{""floor"": false, ""depressed_arms"": {""self_pct"": false, ""self_z"": false, ""median_ratio"": false}, ""yield_arm"": false, ""residual_arm"": false, ""brakes"": {""gm"": false, ""fcf_margin"": false, ""roic"": false}, ""self_pct"": 65.76923076923077, ""self_z"": 0.3490311325467602, ""median_ratio"": 1.1598327385248135, ""fcf_yield"": 0.024145191621555047, ""yield_threshold"": 0.0495, ""gs10"": 0.0495, ""residual_pct"": null, ""brake_values"": {""gm"": 0.9099296206448055, ""fcf_margin"": 0.7713976904747206, ""roic"": 0.7086703368284221}}",False,"{""floor"": false, ""mom_sector_pct"": 85.18518518518519, ""eps_rev_proxy"": null}"
MLM,916076,Martin Marietta Materials,Materials,Construction Materials,Materials,12.232717316906228,5.9986310746064335,347362368.99011326,-0.13127363046557183,-0.30122103074617035,-0.21334703899503105,10.0,0.27487298422544315,0.10767696042187586,0.11783543538828958,0.12404876246767639,0.2336379484486437,0.1361723808866464,0.14623807841752032,0.292983570773367,6,9,False,0.053912684057572546,0.07213040966121098,0.11953645731518026,False,0.28154904306220097,0.11363636363636363,0.11692583732057417,1.024287795526978,0.9643649489808458,0.8586604461142999,0.6671446954227355,55.769230769230774,0.14228257643044495,1.0389611215872185,260.0,,480.1000061035156,60065839.0,28837609670.512787,35374609670.51279,18083000000.0,6537000000.0,1519000000.0,709000000.0,50000000.0,687000000.0,6535000000.0,6688000000.0,1318000000.0,810000000.0,760000000.0,782000000.0,2005000000.0,2457610000.0,1052014479.6380091,0.20180995475113123,0.05817698831156385,26.839612800085575,46.545539040148405,0.021484335999147806,45.2360737474588,0.022106250988596823,11.7340056683171,0.3295885026509495,3.2593516209476308,3959000000.0,459000000.0,0.24431786761046287,1.0,0.08720295418777192,0.07610998809376278,35.0,-0.14458863853112558,0.9574195433634848,260.0,[],True,1.0,ig,Materials,25.0,92.85714285714286,57.14285714285714,28.57142857142857,71.42857142857143,9.090909090909092,18.181818181818173,25.0,14.285714285714285,1.0,18.669386728094644,"{'profitability': 37.3, 'growth': 52.5, 'balance': 0.0, 'stability': 60.9}",37.51976888485073,False,0.5076131183661077,28.01718436348791,,28.094577806472685,,False,"{""floor"": false, ""depressed_arms"": {""self_pct"": false, ""self_z"": false, ""median_ratio"": false}, ""yield_arm"": false, ""residual_arm"": false, ""brakes"": {""gm"": true, ""fcf_margin"": true, ""roic"": false}, ""self_pct"": 35.0, ""self_z"": -0.14458863853112558, ""median_ratio"": 0.9574195433634848, ""fcf_yield"": 0.021484335999147806, ""yield_threshold"": 0.0495, ""gs10"": 0.0495, ""residual_pct"": null, ""brake_values"": {""gm"": 1.024287795526978, ""fcf_margin"": 0.9643649489808458, ""roic"": 0.6671446954227355}}",False,"{""floor"": false, ""mom_sector_pct"": 14.285714285714285, ""eps_rev_proxy"": null}"
FAST,815556,Fastenal,Industrials,Trading Companies & Distributors,Capital Goods,18.026009582477755,5.9986310746064335,346450897.6046113,0.04437999199679865,-0.02141204874776892,0.06431092436974795,10.0,0.45604882678986564,0.010740026583842295,0.12640090375033794,0.12441028359395706,0.24120790474902407,0.12869548647266832,0.13118208322289954,0.2514467744639874,9,9,False,0.07745687030729775,0.023872804151259475,0.034880002371733054,False,0.4470135094977941,0.13102612750588613,0.13830662674011932,0.9801878291066524,1.0365916984635153,1.0746812536389314,1.0544623541883251,91.92307692307692,2.083627660129533,1.936396400351306,260.0,,50.72999954223633,1147497573.0,58212551353.00729,58422157353.00729,4278406000.0,209606000.0,1399200000.0,243300000.0,9500000.0,179600000.0,209606000.0,8749400000.0,1775100000.0,1155900000.0,1146400000.0,1210100000.0,1954700000.0,1352100000.0,1351719255.4629421,0.23851092588420816,0.3159399214246946,32.912037267200326,50.9614073211857,0.019622692004902294,48.27878468970109,0.02071303174732403,43.053436397461205,0.8548923896161527,0.10723180027625723,,,0.0,7.0,0.29962181216786077,0.30168585872621995,91.92307692307692,2.0118541288609206,2.2823420527059692,260.0,[],True,1.0,ig,Capital Goods,89.1891891891892,70.73170731707317,87.5,54.87804878048781,64.28571428571429,25.64102564102564,86.48648648648648,17.07317073170732,42.1875,1.0,62.14948389495933,"{'profitability': 74.9, 'growth': 42.2, 'balance': 96.4, 'stability': 86.9}",14.583226906089266,True,0.5934953011598636,28.15073110242872,77.02702702702703,38.3663554005243,2.0,False,"{""floor"": true, ""depressed_arms"": {""self_pct"": false, ""self_z"": false, ""median_ratio"": false}, ""yield_arm"": false, ""residual_arm"": false, ""brakes"": {""gm"": true, ""fcf_margin"": true, ""roic"": true}, ""self_pct"": 91.92307692307692, ""self_z"": 2.0118541288609206, ""median_ratio"": 2.2823420527059692, ""fcf_yield"": 0.019622692004902294, ""yield_threshold"": 0.0495, ""gs10"": 0.0495, ""residual_pct"": 77.02702702702703, ""brake_values"": {""gm"": 0.9801878291066524, ""fcf_margin"": 1.0365916984635153, ""roic"": 1.0544623541883251}}",False,"{""floor"": true, ""mom_sector_pct"": 42.1875, ""eps_rev_proxy"": 2.0}"
LYV,1335258,Live Nation Entertainment,Communication Services,Movies & Entertainment,Media and Entertainment,6.757015742642026,5.9986310746064335,340436748.99013674,0.12275172405272472,-0.09232732959460899,0.057296524242179236,9.0,,,0.0786699019674674,0.04181243218440444,0.4196958479622363,0.07273742987591972,0.04601754433318038,0.26441659183633937,8,9,True,0.6839429426424875,-0.3269840566073986,,False,,0.04638958516945548,0.0668616484857666,,0.5896738652177183,0.9192192877837942,1.1119702071745268,47.84313725490196,-0.04777881568269691,0.9644309555569699,255.0,,171.05999755859375,235633860.0,40307527516.32202,43359287516.32202,3134090000.0,3051760000.0,2608702000.0,1226000000.0,163930000.0,688147000.0,2378527000.0,26272535000.0,801196000.0,1382702000.0,1218772000.0,1756625000.0,1489343000.0,134700000.0,589692373.1020703,0.2639848762324446,0.18815425629196045,54.11820268239235,35.576209099258946,0.028108672208721364,24.683291833101556,0.04051323489434051,299.2392540187233,10.26504825538233,1.5970310398612007,3063726000.0,1574955000.0,1.480072684575108,5.0,0.16920800132770925,0.21116699069120004,60.0,0.1515790432364776,1.2306417353335235,260.0,['fcf_cagr5 gate'],False,0.9,ig,Media and Entertainment,37.5,22.22222222222222,,50.0,33.33333333333333,87.5,33.33333333333334,0.0,81.81818181818183,1.0,33.07539879173548,"{'profitability': 55.4, 'growth': 50.0, 'balance': 46.8, 'stability': 64.6}",23.75175059878662,False,0.08450577948409199,32.693338816800676,,28.41357469526105,,False,"{""floor"": false, ""depressed_arms"": {""self_pct"": false, ""self_z"": false, ""median_ratio"": false}, ""yield_arm"": false, ""residual_arm"": false, ""brakes"": {""gm"": false, ""fcf_margin"": false, ""roic"": true}, ""self_pct"": 60.0, ""self_z"": 0.1515790432364776, ""median_ratio"": 1.2306417353335235, ""fcf_yield"": 0.028108672208721364, ""yield_threshold"": 0.0495, ""gs10"": 0.0495, ""residual_pct"": null, ""brake_values"": {""gm"": null, ""fcf_margin"": 0.5896738652177183, ""roic"": 1.1119702071745268}}",False,"{""floor"": false, ""mom_sector_pct"": 81.81818181818183, ""eps_rev_proxy"": null}"
ECL,31462,Ecolab,Materials,Specialty Chemicals,Materials,37.648186173853524,5.9986310746064335,336061240.82031435,0.06682804565559142,-0.09973721411846304,0.027211416379534725,10.0,0.4122314531465502,0.058994399159062974,0.09832274117298731,0.10440505454288429,0.19004241455634815,0.09168585194894763,0.09092570593073197,0.28901504256194954,7,9,False,0.0640436792245791,0.06789096606222178,0.1377524450097658,False,0.44113997328187615,0.1032328929790708,0.11222799465637524,1.0701269151460135,1.0499391264676465,1.2240492101100382,1.5469909008737963,20.0,-0.6498896398069575,0.8439474377096553,260.0,gm_derived,275.3699951171875,280328603.0,77194086039.318,78816086039.318,11677500000.0,1622000000.0,3056800000.0,1182300000.0,135800000.0,1030800000.0,1593100000.0,16842500000.0,2852100000.0,1874500000.0,1738700000.0,1890200000.0,3882900000.0,2116400000.0,2314043639.9589305,0.18865269802639084,0.19816258959185876,27.6344048383009,45.33046876362685,0.022060217493325367,41.69722042075865,0.023982413933331573,36.47424212781988,0.8857021357021357,0.41028612634886297,9419300000.0,3419100000.0,1.0994134018411474,7.0,0.1280955107621702,0.11975987834425743,49.61538461538461,-0.0008798113899825757,0.999845946666342,260.0,[],True,1.0,ig,Materials,50.0,85.71428571428571,92.85714285714286,71.42857142857143,71.42857142857143,45.45454545454545,90.9090909090909,16.666666666666657,35.714285714285715,1.0,46.020402164907935,"{'profitability': 50.6, 'growth': 55.0, 'balance': 86.3, 'stability': 73.5}",29.320192907572075,False,0.4731669667009366,28.24206234953093,,37.67029753624001,,False,"{""floor"": false, ""depressed_arms"": {""self_pct"": false, ""self_z"": false, ""median_ratio"": false}, ""yield_arm"": false, ""residual_arm"": false, ""brakes"": {""gm"": true, ""fcf_margin"": true, ""roic"": true}, ""self_pct"": 49.61538461538461, ""self_z"": -0.0008798113899825757, ""median_ratio"": 0.999845946666342, ""fcf_yield"": 0.022060217493325367, ""yield_threshold"": 0.0495, ""gs10"": 0.0495, ""residual_pct"": null, ""brake_values"": {""gm"": 1.0701269151460135, ""fcf_margin"": 1.0499391264676465, ""roic"": 1.5469909008737963}}",False,"{""floor"": false, ""mom_sector_pct"": 35.714285714285715, ""eps_rev_proxy"": null}"
GWW,277135,W. W. Grainger,Industrials,Industrial Machinery & Supplies & Components,Capital Goods,45.23750855578371,5.9986310746064335,329087292.17252856,0.37235933256246234,-0.08103266031004985,0.3441724637483219,10.0,0.38501363649632897,0.03073839873086191,0.0735323418550858,0.07061643072121279,0.2713268723028499,0.08411296839854662,0.09034667261174897,0.2931040678990064,9,9,False,0.08747643442914854,,,False,0.39395065003979834,0.0765189705492173,0.09418944016980632,1.023212200026984,1.0406165317027087,1.119796887009326,0.9642691974591847,,,,,,1279.469970703125,47100942.0,60264240880.82959,62854240880.82959,6721000000.0,2590000000.0,2175000000.0,665000000.0,68000000.0,332000000.0,2208000000.0,18845000000.0,2745000000.0,1510000000.0,1442000000.0,1775000000.0,3077000000.0,1870000000.0,2025268156.424581,0.2621973929236499,0.3013343485232229,22.89771981086688,43.58823916839778,0.02294196827122618,35.41083993286174,0.028239940139685487,32.22686678119229,0.8074866310160428,0.7175820604484888,354000000.0,288000000.0,0.09552149977681892,10.0,0.31250023262925775,0.3254863215931069,83.07692307692308,1.3553842748421512,1.2415552102315086,260.0,['fcf_cagr5 gate'],False,1.0,ig,Capital Goods,91.8918918918919,31.70731707317073,68.75,87.8048780487805,64.28571428571429,15.384615384615385,81.08108108108108,48.78048780487805,78.125,1.0,58.63746434067693,"{'profitability': 64.1, 'growth': 72.9, 'balance': 76.1, 'stability': 83.4}",28.58056661006531,False,0.43633913136241853,28.175371316129297,,43.60901547537112,,False,"{""floor"": false, ""depressed_arms"": {""self_pct"": false, ""self_z"": false, ""median_ratio"": false}, ""yield_arm"": false, ""residual_arm"": false, ""brakes"": {""gm"": true, ""fcf_margin"": true, ""roic"": true}, ""self_pct"": 83.07692307692308, ""self_z"": 1.3553842748421512, ""median_ratio"": 1.2415552102315086, ""fcf_yield"": 0.02294196827122618, ""yield_threshold"": 0.0495, ""gs10"": 0.0495, ""residual_pct"": null, ""brake_values"": {""gm"": 1.023212200026984, ""fcf_margin"": 1.0406165317027087, ""roic"": 0.9642691974591847}}",False,"{""floor"": false, ""mom_sector_pct"": 78.125, ""eps_rev_proxy"": null}"
KMI,1506307,Kinder Morgan,Energy,Oil & Gas Storage & Transportation,Energy,14.335386721423683,5.9986310746064335,327175245.10207546,0.163726334300472,-0.06652587069081528,0.1522955818213556,10.0,,,,,0.17402457470255972,0.231313038682341,0.22786475463754768,0.13619847775554514,4,9,False,0.08527968679767972,0.0033541386493711745,0.07741120732456874,False,,0.19394460480255482,0.250383835902475,,,1.0824458375920765,1.2291928368168543,65.76923076923077,0.6380651017108436,1.118634474358399,260.0,sbc_unreported;gm_derived,31.25,2226802089.0,69587565281.25,103211565281.25,65255000000.0,33624000000.0,6557000000.0,3399000000.0,,2480000000.0,32376000000.0,16283000000.0,5217000000.0,3158000000.0,3158000000.0,4077000000.0,7697000000.0,3467000000.0,4050606785.558939,0.22357546759460636,0.06207350832210465,19.78370045644048,32.68257291996517,0.030597346250824668,25.315566662067695,0.03950138716422171,20.071406195918662,0.9108739544274589,4.206314148369494,20084000000.0,1872000000.0,0.33646463872500193,0.0,0.050499406165473285,0.0516922231007157,76.15384615384615,1.7885720213420666,1.6533575074220945,260.0,[],True,0.8,ig,Energy,9.090909090909092,,,9.090909090909092,95.45454545454545,40.0,9.090909090909093,9.090909090909093,27.27272727272727,1.0,16.314420856184977,"{'profitability': 51.7, 'growth': 36.9, 'balance': 0.0, 'stability': 51.4}",22.034136176988213,False,0.5308574154529473,19.220637703630345,,19.174278516586597,,False,"{""floor"": false, ""depressed_arms"": {""self_pct"": false, ""self_z"": false, ""median_ratio"": false}, ""yield_arm"": false, ""residual_arm"": false, ""brakes"": {""gm"": false, ""fcf_margin"": false, ""roic"": true}, ""self_pct"": 76.15384615384615, ""self_z"": 1.7885720213420666, ""median_ratio"": 1.6533575074220945, ""fcf_yield"": 0.030597346250824668, ""yield_threshold"": 0.0495, ""gs10"": 0.0495, ""residual_pct"": null, ""brake_values"": {""gm"": null, ""fcf_margin"": null, ""roic"": 1.2291928368168543}}",False,"{""floor"": false, ""mom_sector_pct"": 27.27272727272727, ""eps_rev_proxy"": null}"
DLTR,935703,Dollar Tree,Consumer Staples,Consumer Staples Merchandise Retail,Consumer Staples Distribution and Retail,14.767967145790555,5.9986310746064335,326643321.4944956,0.34925308016948065,-0.18899605234020989,0.19398277840308253,10.0,0.3495958375040161,0.08194804963580872,0.044157082398457184,0.04474034772113994,0.31237948258613824,0.07330954723825153,0.07649633681692333,0.3483962712136354,8,9,False,-0.0533172843938553,-0.10278720660484053,-0.05278279136463293,False,0.35166638403144235,0.09526968388081439,0.11974921942801281,1.0059226864433202,2.157517632644657,1.6334737280375664,1.679704548837779,7.307692307692308,-0.4650524148093653,0.4975255222880031,260.0,,113.5,187630299.0,21296038936.5,27908738936.5,10038000000.0,6612700000.0,3117000000.0,1138900000.0,68000000.0,648100000.0,6612700000.0,20049400000.0,2201400000.0,1978100000.0,1910100000.0,2400900000.0,2849500000.0,1612500000.0,1659408059.2564988,0.24620329823907575,0.165312617977336,12.677722783910239,14.611140221192608,0.06844092828221293,11.624282117747512,0.08602681781726874,13.206845852093023,1.2267286821705425,2.3206527460958064,422100000.0,2150000000.0,0.25623630205220166,2.0,0.09841767594885606,0.08822435245279006,0.8163265306122449,-0.13070994145684087,0.21699556421942096,245.0,"['rev_cagr5 gate', 'fcf_cagr5 gate']",False,1.0,sector,Consumer Staples,37.5,29.629629629629626,29.166666666666668,14.583333333333334,55.55555555555556,66.66666666666666,40.0,88.88888888888889,88.88888888888889,1.0,13.557651990834701,"{'profitability': 31.0, 'growth': 0.0, 'balance': 22.6, 'stability': 70.6}",83.11383876835183,False,-0.5982642358702184,26.57706172187983,,48.33574537959326,,False,"{""floor"": false, ""depressed_arms"": {""self_pct"": true, ""self_z"": false, ""median_ratio"": true}, ""yield_arm"": true, ""residual_arm"": false, ""brakes"": {""gm"": true, ""fcf_margin"": true, ""roic"": true}, ""self_pct"": 0.8163265306122449, ""self_z"": -0.13070994145684087, ""median_ratio"": 0.21699556421942096, ""fcf_yield"": 0.06844092828221293, ""yield_threshold"": 0.0495, ""gs10"": 0.0495, ""residual_pct"": null, ""brake_values"": {""gm"": 1.0059226864433202, ""fcf_margin"": 2.157517632644657, ""roic"": 1.679704548837779}}",False,"{""floor"": false, ""mom_sector_pct"": 88.88888888888889, ""eps_rev_proxy"": null}"
JBL,898293,Jabil,Information Technology,Electronic Manufacturing Services,Technology Hardware and Equipment,2.7707049965776864,5.9986310746064335,326606199.3693566,0.39824712244238736,-0.1924610801346357,0.44110593562345124,7.0,0.08464506764772181,0.062153577068021645,,,0.5350708829097841,0.026355255314265073,0.023341594144429715,0.20462466395087145,8,9,False,0.01794613089068231,,,False,0.09225960107174755,0.03888061923191426,0.03453408752604942,1.089958383112364,,1.310330221212369,0.8919975841394582,78.07692307692308,1.2235742575720718,1.4733880099591585,260.0,sbc_unreported,310.69000244140625,104787089.0,32556300937.237854,35459700937.237854,4226400000.0,2903400000.0,1857000000.0,551000000.0,,697000000.0,2899400000.0,33590000000.0,1439000000.0,1306000000.0,1306000000.0,1160000000.0,2136000000.0,862000000.0,1063501287.553648,0.2609442060085837,0.2516328997618891,24.641904751381414,27.151378971851344,0.03683054186812133,30.56870770451539,0.03271319185836198,37.768330553640205,1.5150812064965198,1.3573970037453182,1228000000.0,627000000.0,0.43890781752791974,9.0,0.2821004274407854,0.23952776036879278,60.38461538461538,0.09521009713529963,1.1167990094433897,260.0,['fcf_cagr5 gate'],False,0.9,ig,Technology Hardware and Equipment,66.66666666666666,,10.0,61.904761904761905,9.523809523809524,85.71428571428571,35.0,61.904761904761905,62.71186440677966,1.0,27.835348583490738,"{'profitability': 57.8, 'growth': 15.0, 'balance': 54.8, 'stability': 63.2}",44.769527302077734,False,-0.27749322978660507,35.83485652737309,,36.30243794278424,,False,"{""floor"": false, ""depressed_arms"": {""self_pct"": false, ""self_z"": false, ""median_ratio"": false}, ""yield_arm"": false, ""residual_arm"": false, ""brakes"": {""gm"": true, ""fcf_margin"": false, ""roic"": false}, ""self_pct"": 60.38461538461538, ""self_z"": 0.09521009713529963, ""median_ratio"": 1.1167990094433897, ""fcf_yield"": 0.03683054186812133, ""yield_threshold"": 0.0495, ""gs10"": 0.0495, ""residual_pct"": null, ""brake_values"": {""gm"": 1.089958383112364, ""fcf_margin"": null, ""roic"": 0.8919975841394582}}",False,"{""floor"": false, ""mom_sector_pct"": 62.71186440677966, ""eps_rev_proxy"": null}"
CPRT,900075,Copart,Industrials,Diversified Support Services,Commercial and Professional Services,8.232717316906228,5.9986310746064335,323569026.6570098,-0.2647648213999846,-0.37840832329554663,-0.37508353949163953,10.0,,,0.21871024446332896,0.21864024057648856,0.2569036305429991,0.3042590579887912,0.3010863368512564,0.2089960254057535,9,9,False,0.16072427791153787,0.30441065555211777,0.14277972457173815,False,,0.2804824971269924,0.30725088690837654,,1.2824387710563818,1.0098331630268031,0.9894216878806683,31.92307692307692,-0.22010384327340937,0.8477610084275045,260.0,gm_derived,28.040000915527344,925811482.0,25959754802.885727,22807106802.885727,5621616000.0,-3152648000.0,1685427000.0,346194000.0,38112000.0,222019000.0,-3152648000.0,4638867000.0,1696277000.0,1339233000.0,1301121000.0,1425296000.0,1918296000.0,1553201000.0,1376519053.1258874,0.188505737491054,0.24486180719670061,13.44539058354604,17.52881307955657,0.05704892826806828,16.00166337580806,0.06249350311367248,16.713712393235472,0.8622406243622043,-1.643462739848282,522703000.0,46071000.0,0.10117624540701464,10.0,0.24747972497064646,0.22602713535124885,22.30769230769231,-0.3091227812828417,0.7483320744531776,260.0,[],True,0.9,ig,Commercial and Professional Services,70.0,81.81818181818183,,90.9090909090909,63.63636363636363,9.090909090909092,90.9090909090909,81.81818181818181,4.6875,1.0,80.79398713252475,"{'profitability': 93.7, 'growth': 100.0, 'balance': 100.0, 'stability': 82.9}",69.23460111098142,True,-0.27036723479249325,22.970556036415566,22.972972972972975,75.01429412175308,-3.0,False,"{""floor"": true, ""depressed_arms"": {""self_pct"": false, ""self_z"": false, ""median_ratio"": true}, ""yield_arm"": true, ""residual_arm"": false, ""brakes"": {""gm"": false, ""fcf_margin"": true, ""roic"": true}, ""self_pct"": 22.30769230769231, ""self_z"": -0.3091227812828417, ""median_ratio"": 0.7483320744531776, ""fcf_yield"": 0.05704892826806828, ""yield_threshold"": 0.0495, ""gs10"": 0.0495, ""residual_pct"": 22.972972972972975, ""brake_values"": {""gm"": null, ""fcf_margin"": 1.2824387710563818, ""roic"": 0.9894216878806683}}",False,"{""floor"": true, ""mom_sector_pct"": 4.6875, ""eps_rev_proxy"": -3.0}"
ROK,1024478,Rockwell Automation,Industrials,Electrical Components & Equipment,Capital Goods,26.537987679671456,5.9986310746064335,322910755.00823975,0.27080603952451043,-0.09543490890202999,0.2769114517208433,10.0,0.4499093353035171,0.08029767995081916,0.11535190609472867,0.1241996025612718,0.28950350089635024,0.10332079278785075,0.1143740340030912,0.3472983741876739,7,9,False,0.05675920504497323,0.06171650501697035,0.04691204613327771,False,0.5453025743898362,0.15769530814666222,,1.2120276944730766,1.3670802112031033,,,47.69230769230769,-0.06335613510746359,0.9787682933527397,260.0,,432.92999267578125,111048676.0,48076302487.335205,51206302487.335205,6624000000.0,3130000000.0,1732000000.0,228000000.0,89000000.0,,3128000000.0,8973000000.0,,1504000000.0,1415000000.0,,,1201000000.0,,0.1703422053231939,,,36.188199637692726,0.027633317214223196,,,40.03022688370958,1.2522897585345545,,3814000000.0,743700000.0,0.6880585748792271,3.0,0.21526741675523128,0.20206275421266706,31.538461538461537,-0.49289313506765786,0.8687999172297964,260.0,[],True,0.8,ig,Capital Goods,72.97297297297297,63.41463414634146,84.375,28.04878048780488,64.28571428571429,56.41025641025641,,,67.1875,0.7,42.433976177112115,"{'profitability': 74.8, 'growth': 49.4, 'balance': None, 'stability': 66.4}",,False,0.258033636136489,27.957890087392325,,,,False,"{""floor"": false, ""depressed_arms"": {""self_pct"": false, ""self_z"": false, ""median_ratio"": false}, ""yield_arm"": false, ""residual_arm"": false, ""brakes"": {""gm"": true, ""fcf_margin"": true, ""roic"": false}, ""self_pct"": 31.538461538461537, ""self_z"": -0.49289313506765786, ""median_ratio"": 0.8687999172297964, ""fcf_yield"": 0.027633317214223196, ""yield_threshold"": 0.0495, ""gs10"": 0.0495, ""residual_pct"": null, ""brake_values"": {""gm"": 1.2120276944730766, ""fcf_margin"": 1.3670802112031033, ""roic"": null}}",False,"{""floor"": false, ""mom_sector_pct"": 67.1875, ""eps_rev_proxy"": null}"
ODFL,878927,Old Dominion,Industrials,Cargo Ground Transportation,Transportation,6.795345653661875,5.9986310746064335,322532438.72656906,0.43989127610982504,-0.287073527640346,0.27005678258600896,10.0,,,0.14514518194104437,0.14385462031856797,0.12210334464329892,0.20344635911682984,0.21036873916666327,0.1524441185992953,5,9,False,0.06481850942440892,0.06172005206375064,0.08490900369337329,False,,0.1989769936922881,,,1.3708825262495405,,0.805290335379538,,,,,sbc_unreported,174.92999267578125,207356622.0,36272892367.73474,36110350367.73474,4384810000.0,-162542000.0,1394102000.0,279332000.0,,,-162542000.0,5602507000.0,1447737000.0,1114770000.0,1114770000.0,,,1089276000.0,1087130629.5296962,0.2490827895331154,0.24793106874179183,24.942617594034513,32.3926463465421,0.03087120420177555,,,33.30000143924473,1.0234045365912772,,19463000.0,,0.004438732807122771,7.0,0.30787786447845605,0.3093586046972486,43.46153846153846,-0.3609168541577886,0.9032863798694246,260.0,[],True,0.8,ig,Transportation,90.9090909090909,66.66666666666666,,54.54545454545454,77.27272727272727,63.63636363636363,,0.0,82.8125,0.7,42.07263789285463,"{'profitability': 78.8, 'growth': 52.7, 'balance': None, 'stability': 62.2}",30.197531473298625,False,0.19449563723077112,26.667238651160336,,36.13508468307663,,False,"{""floor"": false, ""depressed_arms"": {""self_pct"": false, ""self_z"": false, ""median_ratio"": false}, ""yield_arm"": false, ""residual_arm"": false, ""brakes"": {""gm"": false, ""fcf_margin"": true, ""roic"": false}, ""self_pct"": 43.46153846153846, ""self_z"": -0.3609168541577886, ""median_ratio"": 0.9032863798694246, ""fcf_yield"": 0.03087120420177555, ""yield_threshold"": 0.0495, ""gs10"": 0.0495, ""residual_pct"": null, ""brake_values"": {""gm"": null, ""fcf_margin"": 1.3708825262495405, ""roic"": 0.805290335379538}}",False,"{""floor"": false, ""mom_sector_pct"": 82.8125, ""eps_rev_proxy"": null}"
TRGP,1389170,Targa Resources,Energy,Oil & Gas Storage & Transportation,Energy,3.9534565366187544,5.9986310746064335,322004581.42414033,0.687863979934517,-0.053326686330829154,0.6604776021640368,7.0,,,0.05472001113296334,0.04755826478957429,0.43922013435352114,0.1059187685610378,0.11329800813185308,0.24120204818309088,6,9,True,0.19892244153238936,-0.24487298872602725,0.1415505451960304,True,0.4319206761640235,0.039715676612012064,0.15269838425469642,,0.7257980360330617,1.4416555850222235,1.5979054727392372,88.46153846153845,1.6484468648178179,1.3780346903721277,260.0,,283.1499938964844,214431021.0,60716142287.36691,69060642287.36691,12001000000.0,8344500000.0,4285500000.0,3544600000.0,76000000.0,1653100000.0,8205300000.0,16741500000.0,3835700000.0,740900000.0,664900000.0,2556400000.0,5488800000.0,2267600000.0,3017963800.22531,0.21319086471170587,0.25147602701652444,18.00470377958832,103.86620888459454,0.009627770289672334,27.014802960165433,0.037016742319925335,26.775508152834234,0.3267331098959252,1.4949169217315261,118900000.0,2105200000.0,0.18532622281476543,4.0,0.15737853790902118,0.17407039063213398,67.6923076923077,0.6571207829508873,2.04269331760933,260.0,['fcf_cagr5 gate'],False,0.9,ig,Energy,72.72727272727273,37.5,,68.18181818181817,36.36363636363637,20.0,36.36363636363637,27.272727272727266,72.72727272727273,1.0,24.55623023250498,"{'profitability': 51.5, 'growth': 50.0, 'balance': 50.2, 'stability': 48.5}",25.02759607723052,False,1.663487655887987,19.680257227260658,,24.79191315486775,,False,"{""floor"": false, ""depressed_arms"": {""self_pct"": false, ""self_z"": false, ""median_ratio"": false}, ""yield_arm"": false, ""residual_arm"": false, ""brakes"": {""gm"": false, ""fcf_margin"": false, ""roic"": true}, ""self_pct"": 67.6923076923077, ""self_z"": 0.6571207829508873, ""median_ratio"": 2.04269331760933, ""fcf_yield"": 0.009627770289672334, ""yield_threshold"": 0.0495, ""gs10"": 0.0495, ""residual_pct"": null, ""brake_values"": {""gm"": null, ""fcf_margin"": 0.7257980360330617, ""roic"": 1.5979054727392372}}",False,"{""floor"": false, ""mom_sector_pct"": 72.72727272727273, ""eps_rev_proxy"": null}"
PAYX,723531,Paychex,Industrials,Human Resource & Employment Services,Commercial and Professional Services,27.983572895277206,5.9986310746064335,321601553.6301593,0.03451687116087965,-0.20033063912333549,-0.1727285548226526,10.0,0.7134709981142798,0.016067728499474694,0.31775762531684204,0.30810276679841897,0.17070918173415253,0.3060057175456143,0.29894239194669164,0.1414088914702114,9,9,False,0.09528106546435477,0.15249578779376405,0.14715628981229933,False,0.7353742135411776,0.3017654239834726,0.26921150655773624,1.0306995175484195,0.949671699247427,0.8797597270959704,0.6397975690248965,1.153846153846154,-1.5347339055467304,0.7363432323985679,260.0,gm_derived,101.58999633789062,355980473.0,36164054948.43057,39872754948.43057,7414200000.0,3708700000.0,2251800000.0,235100000.0,88600000.0,443100000.0,3708700000.0,6389400000.0,2587800000.0,2016700000.0,1928100000.0,1720100000.0,3030900000.0,1805900000.0,1965004540.8678102,0.24066599394550958,0.26503257814299724,15.407973934782662,20.679816891463396,0.048356327584931316,23.180486569635818,0.043139732938561465,20.025502490963273,1.11672850102442,1.2236299449008545,4534100000.0,105100000.0,0.6257182163955652,10.0,0.4142444281977008,0.5074994648857736,1.153846153846154,-1.7843609891951273,0.6820848953715398,260.0,[],True,1.0,ig,Commercial and Professional Services,100.0,90.9090909090909,100.0,90.9090909090909,63.63636363636363,36.36363636363637,36.36363636363637,72.72727272727273,39.0625,1.0,76.0860171270722,"{'profitability': 100.0, 'growth': 89.7, 'balance': 59.2, 'stability': 89.9}",71.30380349791653,True,-0.1157643237331265,23.217876458287098,31.08108108108108,73.69491031249436,6.0,False,"{""floor"": true, ""depressed_arms"": {""self_pct"": true, ""self_z"": true, ""median_ratio"": true}, ""yield_arm"": false, ""residual_arm"": false, ""brakes"": {""gm"": true, ""fcf_margin"": false, ""roic"": false}, ""self_pct"": 1.153846153846154, ""self_z"": -1.7843609891951273, ""median_ratio"": 0.6820848953715398, ""fcf_yield"": 0.048356327584931316, ""yield_threshold"": 0.0495, ""gs10"": 0.0495, ""residual_pct"": 31.08108108108108, ""brake_values"": {""gm"": 1.0306995175484195, ""fcf_margin"": 0.949671699247427, ""roic"": 0.6397975690248965}}",False,"{""floor"": true, ""mom_sector_pct"": 39.0625, ""eps_rev_proxy"": 6.0}"
EW,1099800,Edwards Lifesciences,Health Care,Health Care Equipment,Health Care Equipment and Services,15.485284052019164,5.9986310746064335,320885192.59644085,0.18308195520619885,-0.09155451031245587,0.12432791287781764,10.0,0.7957158320202075,0.03222141342043694,0.1510941901765252,0.18969534050179213,0.45261348512454663,0.1744031032184392,0.21103896103896103,0.49844766179386457,8,9,False,0.06704742515528728,0.15577988481103255,0.08426016693354588,False,0.7783885877493358,0.19433994134176866,0.2129508775701365,0.9782243313836294,1.2862171676801002,1.2210268833543425,0.6447446476090066,1.153846153846154,-0.5570308058898207,0.575957609221967,260.0,,85.7300033569336,576400000.0,49414773934.93652,45973373934.93652,7176600000.0,-3441400000.0,1720300000.0,286700000.0,168000000.0,165500000.0,-3548300000.0,6512300000.0,1449000000.0,1433600000.0,1265600000.0,1386800000.0,1614500000.0,1004900000.0,1000276100.4514673,0.3096783295711061,0.13938022189497357,31.727656269797464,36.32535867172608,0.027528978007816677,33.150687867707326,0.03016528658441859,49.1738222061265,1.4266096128968055,-2.1977702074945804,1951200000.0,617700000.0,0.3579550204832372,7.0,0.21617895148390298,0.20166235272072994,1.5384615384615385,-0.3226164837041775,0.5599005308894314,260.0,[],True,1.0,ig,Health Care Equipment and Services,77.77777777777779,82.75862068965517,90.9090909090909,76.78571428571429,58.333333333333336,68.96551724137932,92.5925925925926,13.333333333333329,42.857142857142854,1.0,56.584374467812104,"{'profitability': 72.8, 'growth': 77.9, 'balance': 100.0, 'stability': 68.6}",46.04592744489819,False,0.349378689942637,25.613956876936925,,51.31515095635515,,False,"{""floor"": false, ""depressed_arms"": {""self_pct"": true, ""self_z"": false, ""median_ratio"": true}, ""yield_arm"": false, ""residual_arm"": false, ""brakes"": {""gm"": true, ""fcf_margin"": true, ""roic"": false}, ""self_pct"": 1.5384615384615385, ""self_z"": -0.3226164837041775, ""median_ratio"": 0.5599005308894314, ""fcf_yield"": 0.027528978007816677, ""yield_threshold"": 0.0495, ""gs10"": 0.0495, ""residual_pct"": null, ""brake_values"": {""gm"": 0.9782243313836294, ""fcf_margin"": 1.2862171676801002, ""roic"": 0.6447446476090066}}",False,"{""floor"": false, ""mom_sector_pct"": 42.857142857142854, ""eps_rev_proxy"": null}"
OKE,1039684,Oneok,Energy,Oil & Gas Storage & Transportation,Energy,16.531143052703626,5.9986310746064335,315822539.9463524,0.35206281738342105,-0.05630306651588968,0.30098232716799367,8.0,,,,,0.20693149531227414,0.1438497802890443,0.12147253858277082,0.2759074348501827,6,9,False,0.3153108920107406,,,False,0.2721383935375705,0.07382004775694762,0.11751257430269776,,,0.8169117399176703,0.9648464884339715,48.84615384615385,-0.06866336264118157,0.9897464366359965,260.0,sbc_unreported,91.18000030517578,630369667.0,57477106429.433556,90701351429.43356,56161245000.0,33224245000.0,6157000000.0,3251000000.0,,1531000000.0,33124245000.0,39366000000.0,6111000000.0,2906000000.0,2906000000.0,4626000000.0,7642000000.0,3656000000.0,4684332286.43216,0.23345896147403686,0.08340862611632203,14.842309184983401,31.211752040410722,0.03203921390587982,19.606863689890524,0.05100254766985548,15.721309198422745,0.7948577680525164,4.334499476576813,8058000000.0,489205000.0,0.15219044734496182,1.0,0.08644756146825117,0.07972214257423045,80.0,0.9601529703200883,1.2388134819845038,260.0,['fcf_cagr5 gate'],False,0.8,ig,Energy,27.27272727272727,,,27.27272727272727,50.0,30.0,0.0,36.36363636363637,45.45454545454545,1.0,28.074056834483933,"{'profitability': 34.7, 'growth': 100.0, 'balance': 0.0, 'stability': 64.0}",28.350642314897406,False,0.4736341109753166,19.436652367397688,,28.21234957469067,,False,"{""floor"": false, ""depressed_arms"": {""self_pct"": false, ""self_z"": false, ""median_ratio"": false}, ""yield_arm"": false, ""residual_arm"": false, ""brakes"": {""gm"": false, ""fcf_margin"": false, ""roic"": true}, ""self_pct"": 80.0, ""self_z"": 0.9601529703200883, ""median_ratio"": 1.2388134819845038, ""fcf_yield"": 0.03203921390587982, ""yield_threshold"": 0.0495, ""gs10"": 0.0495, ""residual_pct"": null, ""brake_values"": {""gm"": null, ""fcf_margin"": null, ""roic"": 0.9648464884339715}}",False,"{""floor"": false, ""mom_sector_pct"": 45.45454545454545, ""eps_rev_proxy"": null}"
TSCO,916365,Tractor Supply,Consumer Discretionary,Other Specialty Retail,Consumer Discretionary Distribution and Retail,12.668035592060233,5.9986310746064335,310824893.32908165,-0.3709146628091562,-0.42791517759407516,-0.43034439395542723,10.0,0.3575460802672047,0.01601184912986224,0.03862698400979492,0.03729592078462387,0.1253834212458995,0.06496201953891194,0.06448089148585295,0.09398178637669168,8,8,False,0.07888014810034849,-0.07618568653399116,-0.010010203657942585,False,0.364612128305975,0.01541084714582009,,1.0197626220192084,0.39896584061319035,,0.7053193358074278,,,,,,31.440000534057617,521040137.0,16381502185.545454,22678992185.545456,8929055000.0,6297490000.0,1285820000.0,978839000.0,64249000.0,,6297490000.0,15750724000.0,1340986000.0,306981000.0,242732000.0,,,1011914000.0,1065742924.3977051,0.2052542499342237,0.11935674317133281,16.912176700983796,93.43223054869344,0.010702944734674154,,,16.188630837744565,0.3033666892641074,,425419000.0,80800000.0,0.05669345748234276,7.0,0.16922369359787492,0.1687901774323052,97.6923076923077,3.618308298120029,4.205160956701026,260.0,['fcf_cagr5 gate'],False,0.9,ig,Consumer Discretionary Distribution and Retail,25.0,25.0,55.55555555555556,50.0,55.55555555555556,11.11111111111111,,33.33333333333334,6.0606060606060606,0.7,30.308758437190633,"{'profitability': 32.9, 'growth': 32.9, 'balance': None, 'stability': 92.1}",14.657691931040548,False,1.1860076835389197,28.537775991332513,,22.48322518411559,,False,"{""floor"": false, ""depressed_arms"": {""self_pct"": false, ""self_z"": false, ""median_ratio"": false}, ""yield_arm"": false, ""residual_arm"": false, ""brakes"": {""gm"": true, ""fcf_margin"": false, ""roic"": false}, ""self_pct"": 97.6923076923077, ""self_z"": 3.618308298120029, ""median_ratio"": 4.205160956701026, ""fcf_yield"": 0.010702944734674154, ""yield_threshold"": 0.0495, ""gs10"": 0.0495, ""residual_pct"": null, ""brake_values"": {""gm"": 1.0197626220192084, ""fcf_margin"": 0.39896584061319035, ""roic"": 0.7053193358074278}}",False,"{""floor"": false, ""mom_sector_pct"": 6.0606060606060606, ""eps_rev_proxy"": null}"
IR,1699150,Ingersoll Rand,Industrials,Industrial Machinery & Supplies & Components,Capital Goods,6.562628336755647,5.9986310746064335,307853117.4634418,-0.04425274594445017,-0.24040835330688926,-0.09047115263179828,10.0,0.4144792856455153,0.05197705480210092,0.1407452964663197,0.1525441451332523,0.2874609963247357,0.08624844939572326,0.10415768079572338,0.5112118859726508,8,9,False,0.140025116890367,0.1481530746442674,,False,0.42820629044849035,0.14649593311676865,0.09548991463322505,1.0331186751144787,1.0408584641535432,1.1071493493767093,,22.30769230769231,-0.06656077864930471,0.8950244979818881,260.0,,74.77999877929688,387999429.0,29014596826.987885,30929696826.987885,12092400000.0,1915100000.0,1349200000.0,129900000.0,55800000.0,535000000.0,1849400000.0,7942200000.0,1435700000.0,1219300000.0,1163500000.0,758400000.0,1970700000.0,959100000.0,1213977990.3881354,0.1544347771901264,0.10039181555258968,21.543286777869948,26.583323443908796,0.037617568853270535,40.78282809465702,0.024520123952144715,30.251899517243128,1.2712960066729226,0.9384482671132085,8541900000.0,4072300000.0,1.0431510700936124,2.0,,,7.6923076923076925,-0.9527713903403529,0.8223667281535253,260.0,[],True,0.9,ig,Capital Goods,,82.92682926829268,75.0,15.853658536585366,64.28571428571429,58.97435897435898,70.27027027027027,53.65853658536585,29.6875,1.0,54.189363462259735,"{'profitability': 54.4, 'growth': 100.0, 'balance': 68.7, 'stability': 74.9}",58.02112950393134,False,,,,56.10524648309554,,False,"{""floor"": false, ""depressed_arms"": {""self_pct"": true, ""self_z"": false, ""median_ratio"": false}, ""yield_arm"": false, ""residual_arm"": false, ""brakes"": {""gm"": true, ""fcf_margin"": true, ""roic"": false}, ""self_pct"": 7.6923076923076925, ""self_z"": -0.9527713903403529, ""median_ratio"": 0.8223667281535253, ""fcf_yield"": 0.037617568853270535, ""yield_threshold"": 0.0495, ""gs10"": 0.0495, ""residual_pct"": null, ""brake_values"": {""gm"": 1.0331186751144787, ""fcf_margin"": 1.0408584641535432, ""roic"": null}}",False,"{""floor"": false, ""mom_sector_pct"": 29.6875, ""eps_rev_proxy"": null}"
A,1090872,Agilent Technologies,Health Care,Life Sciences Tools & Services,Pharmaceuticals Biotechnology and Life Sciences,26.305270362765228,5.9986310746064335,307040799.7123343,0.25678326540755125,0.0,0.41200221113799995,10.0,0.5314232302392261,0.026379493077951458,0.17132632313655516,0.187846178192752,0.1269690657751401,0.17429053705356717,0.16679854407342934,0.16761270621811228,7,9,False,0.05409554484855006,0.0751167353183495,0.16614907507492327,False,0.5382528486163863,0.1540965816603364,0.16372761801410743,1.012851561596368,0.8994331918132287,0.9393947645234848,0.926029450579723,74.61538461538461,0.8656469768363368,1.2033542349668647,260.0,gm_derived,172.83999633789062,281928854.0,48728582092.9057,50193582092.9057,8828000000.0,1465000000.0,1609000000.0,342000000.0,131000000.0,271000000.0,1465000000.0,7372000000.0,1639000000.0,1267000000.0,1136000000.0,1207000000.0,1910000000.0,1440000000.0,1423498190.5910738,0.13148371531966224,0.16124809589839983,30.624516225079745,44.184491278966284,0.022632375547481813,41.58540355667415,0.024046899019199427,33.8392931200734,0.8798611111111111,0.7670157068062827,5030000000.0,547000000.0,0.631739918441323,10.0,0.17412847485299043,0.17487574576827336,85.38461538461539,1.301458137177687,1.2581093513272341,260.0,[],True,1.0,ig,Pharmaceuticals Biotechnology and Life Sciences,75.0,41.66666666666667,22.22222222222222,100.0,62.5,33.33333333333333,66.66666666666667,60.0,52.38095238095239,1.0,53.48186151907408,"{'profitability': 71.1, 'growth': 53.8, 'balance': 74.4, 'stability': 79.9}",30.747159472755182,False,0.2278723361964392,35.18083644838929,,42.11451049591463,,False,"{""floor"": false, ""depressed_arms"": {""self_pct"": false, ""self_z"": false, ""median_ratio"": false}, ""yield_arm"": false, ""residual_arm"": false, ""brakes"": {""gm"": true, ""fcf_margin"": false, ""roic"": true}, ""self_pct"": 85.38461538461539, ""self_z"": 1.301458137177687, ""median_ratio"": 1.2581093513272341, ""fcf_yield"": 0.022632375547481813, ""yield_threshold"": 0.0495, ""gs10"": 0.0495, ""residual_pct"": null, ""brake_values"": {""gm"": 1.012851561596368, ""fcf_margin"": 0.8994331918132287, ""roic"": 0.926029450579723}}",False,"{""floor"": false, ""mom_sector_pct"": 52.38095238095239, ""eps_rev_proxy"": null}"
IDXX,874716,Idexx Laboratories,Health Care,Health Care Equipment,Health Care Equipment and Services,9.71937029431896,5.9986310746064335,304228002.4531325,-0.12215681890412045,-0.31809848671921126,-0.18795666312554227,10.0,0.6018803848819233,0.018079706416436945,0.18133480170273228,0.19186227903807154,0.29645515592718963,0.18406611049654878,0.19070803891321655,0.2812847440807529,9,9,False,0.09719004339104931,0.1433239155872983,0.13385520037224152,False,0.6244574447594594,0.26165202099699486,0.2535469929761841,1.0375108749921553,1.442922255077815,1.3774778653832536,1.1803092231252514,1.153846153846154,-1.5381748666544925,0.5670919377348161,260.0,,513.3900146484375,78781116.0,40445438297.260254,40825586297.260254,1992723000.0,380148000.0,1371510000.0,117178000.0,62972000.0,154082000.0,380148000.0,4553223000.0,1458603000.0,1254332000.0,1191360000.0,1154456000.0,1612685000.0,1139656000.0,1167006099.0256379,0.19991519349292589,0.585633878379302,27.98951208605786,34.26805188797698,0.02918169971462113,35.36348401087634,0.028277756786985173,35.4891636575074,1.100623345992124,0.2357236534103064,410946000.0,109843000.0,0.2613454052570277,7.0,0.49616987388156336,0.5116134371495717,1.153846153846154,-1.4061869613650055,0.5464739541422879,260.0,[],True,1.0,ig,Health Care Equipment and Services,96.29629629629629,93.10344827586206,54.54545454545454,76.78571428571429,58.333333333333336,27.586206896551722,70.37037037037038,20.0,14.285714285714285,1.0,75.14947924346413,"{'profitability': 88.4, 'growth': 90.5, 'balance': 92.1, 'stability': 83.4}",49.733233318641666,True,0.27380384987214956,26.06021021940061,58.108108108108105,62.4413562810529,0.0,False,"{""floor"": true, ""depressed_arms"": {""self_pct"": true, ""self_z"": true, ""median_ratio"": true}, ""yield_arm"": false, ""residual_arm"": false, ""brakes"": {""gm"": true, ""fcf_margin"": true, ""roic"": true}, ""self_pct"": 1.153846153846154, ""self_z"": -1.4061869613650055, ""median_ratio"": 0.5464739541422879, ""fcf_yield"": 0.02918169971462113, ""yield_threshold"": 0.0495, ""gs10"": 0.0495, ""residual_pct"": 58.108108108108105, ""brake_values"": {""gm"": 1.0375108749921553, ""fcf_margin"": 1.442922255077815, ""roic"": 1.1803092231252514}}",False,"{""floor"": true, ""mom_sector_pct"": 14.285714285714285, ""eps_rev_proxy"": 0.0}"
ULTA,1403568,Ulta Beauty,Consumer Discretionary,Other Specialty Retail,Consumer Discretionary Distribution and Retail,10.43668720054757,5.9986310746064335,300942844.1073599,-0.0625,-0.20509287312852897,-0.0058332802592844235,10.0,0.3913529370993555,0.006618747636700252,0.0921959589268388,0.08858090122128401,0.09326817349605666,0.09883270587857791,0.09397231622826765,0.16081649453052177,8,9,False,0.15035378713848258,0.10154073105170847,0.11844765353727826,True,0.39318237936780137,0.08872297415842224,0.09629326255370589,1.0046746608879582,0.9623304013663712,0.9743056379738112,0.7954824210325763,38.84615384615385,-0.3536402345398566,0.9265153649880723,260.0,sbc_unreported,548.780029296875,42757471.0,23464446188.040283,26575026188.040283,5754321000.0,3110580000.0,1567827000.0,418375000.0,,320298000.0,3110580000.0,12955517000.0,1614258000.0,1149452000.0,1149452000.0,1247529000.0,1934556000.0,1209548000.0,1227205592.752063,0.2397710943652979,0.21326679424941067,16.46268823697345,23.11973548094247,0.04325309002018198,21.302131002998955,0.04694366023095145,19.399350987344267,0.9503153244021734,1.6079038290956684,223146000.0,200404000.0,0.07360555658956112,9.0,0.26809743196157576,0.26318731165336445,39.61538461538461,-0.22667531215425624,0.9642552075213298,260.0,[],True,1.0,ig,Consumer Discretionary Distribution and Retail,37.5,75.0,66.66666666666666,75.0,55.55555555555556,44.44444444444444,25.0,55.55555555555556,45.45454545454545,1.0,61.22488605862355,"{'profitability': 67.7, 'growth': 92.3, 'balance': 46.4, 'stability': 89.1}",51.6000404812319,True,-0.22010797801772908,28.81207530295815,25.675675675675674,56.41246326992773,2.0,False,"{""floor"": true, ""depressed_arms"": {""self_pct"": false, ""self_z"": false, ""median_ratio"": false}, ""yield_arm"": false, ""residual_arm"": false, ""brakes"": {""gm"": true, ""fcf_margin"": true, ""roic"": false}, ""self_pct"": 39.61538461538461, ""self_z"": -0.22667531215425624, ""median_ratio"": 0.9642552075213298, ""fcf_yield"": 0.04325309002018198, ""yield_threshold"": 0.0495, ""gs10"": 0.0495, ""residual_pct"": 25.675675675675674, ""brake_values"": {""gm"": 1.0046746608879582, ""fcf_margin"": 0.9623304013663712, ""roic"": 0.7954824210325763}}",False,"{""floor"": true, ""mom_sector_pct"": 45.45454545454545, ""eps_rev_proxy"": 2.0}"
BBY,764478,Best Buy,Consumer Discretionary,Computer & Electronics Retail,Consumer Discretionary Distribution and Retail,27.241615331964407,5.9986310746064335,300632701.725031,0.128416949156835,-0.019924593478983454,0.25865378080957857,10.0,0.22215726981438438,0.01968312592407111,0.026280750494786436,0.02684032525005397,0.4732197638573075,0.023853587583195897,0.023794104243122016,0.5626666363040964,6,9,False,-0.024772266419715416,-0.21476938825639136,-0.2415674360022383,False,0.22677187744366248,0.03862467714035212,0.036468330134357005,1.020771805636312,1.4696946020629993,1.5288404734576613,,20.0,-0.5106644932641231,0.7808060573239296,260.0,,91.0,209727698.0,19085220518.0,21041220518.0,5139000000.0,1956000000.0,2475000000.0,707000000.0,138000000.0,798000000.0,1956000000.0,42201000000.0,1710000000.0,1768000000.0,1630000000.0,1539000000.0,2508000000.0,1272000000.0,,,,12.304807320467836,12.908724244171779,0.07746698907535303,13.67200813385315,0.07314214489998055,15.00410418081761,1.389937106918239,0.7799043062200957,790000000.0,18000000.0,0.15722903288577544,,,,25.0,-0.5002179837673281,0.8196536617652967,260.0,"['rev_cagr5 gate', 'fcf_cagr5 gate']",False,0.8,ig,Consumer Discretionary Distribution and Retail,,12.5,11.11111111111111,,55.55555555555556,100.0,50.0,77.77777777777777,54.54545454545454,1.0,15.288919420295976,"{'profitability': 10.7, 'growth': 0.0, 'balance': 74.0, 'stability': 57.7}",72.9564087793435,False,,,,44.122664099819744,,False,"{""floor"": false, ""depressed_arms"": {""self_pct"": false, ""self_z"": false, ""median_ratio"": false}, ""yield_arm"": true, ""residual_arm"": false, ""brakes"": {""gm"": true, ""fcf_margin"": true, ""roic"": false}, ""self_pct"": 25.0, ""self_z"": -0.5002179837673281, ""median_ratio"": 0.8196536617652967, ""fcf_yield"": 0.07746698907535303, ""yield_threshold"": 0.0495, ""gs10"": 0.0495, ""residual_pct"": null, ""brake_values"": {""gm"": 1.020771805636312, ""fcf_margin"": 1.4696946020629993, ""roic"": null}}",False,"{""floor"": false, ""mom_sector_pct"": 54.54545454545454, ""eps_rev_proxy"": null}"
RSG,1060391,Republic Services,Industrials,Environmental & Facilities Services,Commercial and Professional Services,17.804243668720055,5.9986310746064335,299449864.0184636,-0.015513230363138453,-0.07402281596120952,-0.057133734350369836,10.0,0.4069916631212635,0.02435463666813785,0.1269890658754349,0.12639224779291983,0.16395739385368735,0.1392949847701031,0.13828592814371257,0.16096989218755384,7,9,False,0.1031904727551265,0.13534847394906713,0.1281187586683934,False,0.42004617843822156,0.15446095553845243,0.15582262743472855,1.0320756332374024,1.2163327171015261,1.1186521014514859,1.1366463408611134,18.076923076923077,-0.9517139641852098,0.9204689168241212,260.0,gm_derived,212.72000122070312,306212978.0,65137625053.95514,79260625053.95514,26155000000.0,14123000000.0,4542000000.0,1889000000.0,44000000.0,1866000000.0,14122000000.0,16891000000.0,3368000000.0,2653000000.0,2609000000.0,2632000000.0,5234000000.0,2185883000.0,2871469578.783151,0.14742589703588144,0.10978664036639844,23.53343974286079,30.37969530623041,0.03291672249902109,30.114219245423683,0.03320690441449732,29.799227613717267,1.213697164944327,2.6981276270538785,17186000000.0,707000000.0,0.6841139361498757,3.0,0.09658821431055244,0.09257919528290706,6.923076923076923,-1.214682195742299,0.8735575356678065,260.0,[],True,1.0,ig,Commercial and Professional Services,20.0,45.45454545454545,42.857142857142854,22.727272727272727,63.63636363636363,63.63636363636363,9.090909090909093,9.090909090909093,31.25,1.0,39.35223987712966,"{'profitability': 48.4, 'growth': 93.0, 'balance': 10.1, 'stability': 78.3}",43.41080011527693,False,0.29912159500829283,22.525609741869197,,41.381519996203295,,False,"{""floor"": false, ""depressed_arms"": {""self_pct"": true, ""self_z"": true, ""median_ratio"": false}, ""yield_arm"": false, ""residual_arm"": false, ""brakes"": {""gm"": true, ""fcf_margin"": true, ""roic"": true}, ""self_pct"": 6.923076923076923, ""self_z"": -1.214682195742299, ""median_ratio"": 0.8735575356678065, ""fcf_yield"": 0.03291672249902109, ""yield_threshold"": 0.0495, ""gs10"": 0.0495, ""residual_pct"": null, ""brake_values"": {""gm"": 1.0320756332374024, ""fcf_margin"": 1.2163327171015261, ""roic"": 1.1366463408611134}}",False,"{""floor"": false, ""mom_sector_pct"": 31.25, ""eps_rev_proxy"": null}"
EME,105634,Emcor,Industrials,Construction & Engineering,Capital Goods,1.0075290896646132,5.9986310746064335,298491919.3715032,0.15777884939345466,-0.18368512956958205,0.1762209075358503,10.0,0.16911207004900902,0.11586632706916226,0.05916719407776368,0.06526736779430262,0.49875317489495813,0.05770643472008337,0.06567851664111489,0.4822364533275853,8,9,False,0.14065119855596442,,,False,0.1942613027633682,0.06298506138503128,0.058348539005338006,1.1487134106221446,1.0645267595798065,1.011127082939178,1.1421570454243921,90.38461538461539,1.9368474046599122,1.6444852578604454,260.0,sbc_unreported,751.9600219726562,44109901.0,33168882125.17169,32793536125.17169,3703561000.0,-375346000.0,1289818000.0,118436000.0,,204665000.0,-376383000.0,18597775000.0,1930635000.0,1171382000.0,1171382000.0,1085153000.0,2135300000.0,1439158000.0,1426963324.2139473,0.26088394532682396,0.3852949429519177,16.985880876070148,27.995595053681626,0.03571990515231047,30.220195792825244,0.033090454041248,23.047422260218607,0.8139356484833493,-0.17626703507703836,1457924000.0,664690000.0,0.5731278626165466,7.0,0.33733972442358257,0.31441102579602564,90.0,1.8399439280510341,1.5380201916769982,260.0,['fcf_cagr5 gate'],False,1.0,ig,Capital Goods,94.5945945945946,21.951219512195124,15.625,54.87804878048781,64.28571428571429,23.076923076923077,89.1891891891892,75.60975609756098,56.25,1.0,49.25460590756878,"{'profitability': 62.6, 'growth': 100.0, 'balance': 100.0, 'stability': 57.9}",37.14357922602527,False,-0.007991159103092116,28.220208573838224,,43.19909256679702,,False,"{""floor"": false, ""depressed_arms"": {""self_pct"": false, ""self_z"": false, ""median_ratio"": false}, ""yield_arm"": false, ""residual_arm"": false, ""brakes"": {""gm"": true, ""fcf_margin"": true, ""roic"": true}, ""self_pct"": 90.0, ""self_z"": 1.8399439280510341, ""median_ratio"": 1.5380201916769982, ""fcf_yield"": 0.03571990515231047, ""yield_threshold"": 0.0495, ""gs10"": 0.0495, ""residual_pct"": null, ""brake_values"": {""gm"": 1.1487134106221446, ""fcf_margin"": 1.0645267595798065, ""roic"": 1.1421570454243921}}",False,"{""floor"": false, ""mom_sector_pct"": 56.25, ""eps_rev_proxy"": null}"
BDX,10795,Becton Dickinson,Health Care,Health Care Equipment,Health Care Equipment and Services,53.98494182067078,5.9986310746064335,296561016.6448357,0.3307106522122656,-0.061005458167677884,0.26588095800301037,10.0,,,0.11139188640322129,0.11043956043956044,0.23944525150961024,0.04159239506718156,0.03250915750915751,0.7185980189169954,6,9,False,0.0632263568424074,0.04253440627462113,-0.1920320832387351,True,0.46428215602271594,0.12309455016439175,0.043489090365647104,,1.1050584933880072,1.0456019735194841,0.8022705811727483,50.45871559633027,5.004974351743455e-05,1.0010380598500555,218.0,,179.22999572753906,272386800.0,48819885000.23804,65758885000.23804,41355000000.0,16939000000.0,3458000000.0,728000000.0,259000000.0,2326000000.0,16939000000.0,20074000000.0,1922000000.0,2730000000.0,2471000000.0,873000000.0,4248000000.0,942000000.0,1655584158.4158416,0.13861386138613863,0.04003347015876778,34.21377991687723,26.61225617168678,0.037576671197984204,75.32518327633223,0.013275772543844681,51.82578025502976,2.8980891719745223,3.9875235404896423,25944000000.0,8036000000.0,0.8216660621448434,0.0,0.04990020960290902,0.05123221744352186,46.92307692307692,-0.020720309590533004,0.9851461978295183,260.0,[],True,0.9,ig,Health Care Equipment and Services,22.22222222222222,58.620689655172406,,8.928571428571429,58.333333333333336,93.10344827586206,3.7037037037037095,10.0,66.66666666666666,1.0,16.108065788477415,"{'profitability': 32.1, 'growth': 44.1, 'balance': 0.0, 'stability': 61.8}",33.84746944450165,False,0.06871371874761545,24.84504035336419,,24.97776761648953,,False,"{""floor"": false, ""depressed_arms"": {""self_pct"": false, ""self_z"": false, ""median_ratio"": false}, ""yield_arm"": false, ""residual_arm"": false, ""brakes"": {""gm"": false, ""fcf_margin"": true, ""roic"": false}, ""self_pct"": 46.92307692307692, ""self_z"": -0.020720309590533004, ""median_ratio"": 0.9851461978295183, ""fcf_yield"": 0.037576671197984204, ""yield_threshold"": 0.0495, ""gs10"": 0.0495, ""residual_pct"": null, ""brake_values"": {""gm"": null, ""fcf_margin"": 1.1050584933880072, ""roic"": 0.8022705811727483}}",False,"{""floor"": false, ""mom_sector_pct"": 66.66666666666666, ""eps_rev_proxy"": null}"
RMD,943819,ResMed|,Health Care,Health Care Equipment,Health Care Equipment and Services,9.166324435318275,5.9986310746064335,293586173.9051502,-0.10137017329853748,-0.19509835146021925,-0.17032010078176618,10.0,0.5788943443314525,0.03441301261241535,0.20006830259822542,0.2607339513375566,0.5418746007804023,0.18741030069548778,0.24421205315266034,0.588457133352212,9,9,False,0.12077602188982173,0.21074896733770743,0.23791494272180125,False,0.6105551961875267,0.2733194621401507,0.2653496285360974,1.054691935006963,1.3661307592988745,1.4158753683835594,1.1192305902693522,11.153846153846155,-0.18737813257653874,0.6388623338863284,260.0,,221.88999938964844,144252306.0,32008144090.29538,31984303090.29538,6561552000.0,-23841000.0,1805829000.0,156285000.0,104348000.0,201342000.0,-23841000.0,5653443000.0,1886715000.0,1649544000.0,1545196000.0,1500139000.0,2088057000.0,1523293000.0,1497340728.896185,0.2063768354541173,0.22819917130827966,16.952376532913227,20.699188381470947,0.04831107295468447,21.320892990779775,0.04690235068636432,21.012467128973466,1.082880312585957,-0.01141779175568483,2909575000.0,452737000.0,0.512426328405231,10.0,0.20388932655366543,0.19063123432298504,11.153846153846155,-0.18664150802377713,0.6675500892377645,260.0,[],True,1.0,ig,Health Care Equipment and Services,74.07407407407408,96.55172413793103,50.0,100.0,58.333333333333336,24.137931034482758,74.07407407407408,70.0,16.666666666666664,1.0,70.88828205812294,"{'profitability': 97.7, 'growth': 100.0, 'balance': 100.0, 'stability': 71.6}",65.11034316300109,True,-0.21182610362085663,25.582808795945056,28.37837837837838,67.99931261056201,-5.0,False,"{""floor"": true, ""depressed_arms"": {""self_pct"": true, ""self_z"": false, ""median_ratio"": true}, ""yield_arm"": false, ""residual_arm"": false, ""brakes"": {""gm"": true, ""fcf_margin"": true, ""roic"": true}, ""self_pct"": 11.153846153846155, ""self_z"": -0.18664150802377713, ""median_ratio"": 0.6675500892377645, ""fcf_yield"": 0.04831107295468447, ""yield_threshold"": 0.0495, ""gs10"": 0.0495, ""residual_pct"": 28.37837837837838, ""brake_values"": {""gm"": 1.054691935006963, ""fcf_margin"": 1.3661307592988745, ""roic"": 1.1192305902693522}}",False,"{""floor"": true, ""mom_sector_pct"": 16.666666666666664, ""eps_rev_proxy"": -5.0}"
EXE,895126,Expand Energy,Energy,Oil & Gas Exploration & Production,Energy,1.5058179329226558,5.61533196440794,293577762.4617961,-0.05102986195855774,-0.2659827230815225,-0.1432586277284399,6.0,,,0.11963604973204851,0.1478884856483009,0.7125499771774645,0.1065955675165667,0.12776311448366875,0.7841713824362575,5,9,True,0.18266822352216505,0.1268955987803806,0.15140189814334803,True,,0.1936741449062155,0.19683707245310775,,1.61886108192298,1.846578399449077,1.3920933224209076,32.669322709163346,-0.019262710538844652,0.6798081038610214,251.0,,88.62000274658203,231503789.0,20515866417.024147,24503866417.024147,23398000000.0,3988000000.0,5655000000.0,2976000000.0,46000000.0,2933000000.0,3988000000.0,13595000000.0,3662000000.0,2679000000.0,2633000000.0,2676000000.0,6595000000.0,2781000000.0,2881726655.3480473,0.21307300509337862,0.12316123836858053,6.6913889724260365,9.306443758839402,0.10745243037118068,9.156900753745944,0.10920725547788816,7.377154411011919,0.9633225458468176,0.6047005307050796,15000000.0,,0.0006410804342251474,1.0,0.08847196979179389,0.08537725939458729,28.651685393258425,-0.36164940400445733,0.4403323146171998,178.0,[],True,0.9,ig,Energy,36.36363636363637,62.5,,27.27272727272727,27.27272727272727,60.0,54.54545454545455,81.81818181818181,9.090909090909092,1.0,27.526592401582228,"{'profitability': 50.9, 'growth': 100.0, 'balance': 79.8, 'stability': 37.0}",79.39651837524178,False,-0.7369347762691554,19.446008175232507,,53.46155538841201,,False,"{""floor"": false, ""depressed_arms"": {""self_pct"": false, ""self_z"": false, ""median_ratio"": true}, ""yield_arm"": true, ""residual_arm"": false, ""brakes"": {""gm"": false, ""fcf_margin"": true, ""roic"": true}, ""self_pct"": 28.651685393258425, ""self_z"": -0.36164940400445733, ""median_ratio"": 0.4403323146171998, ""fcf_yield"": 0.10745243037118068, ""yield_threshold"": 0.0495, ""gs10"": 0.0495, ""residual_pct"": null, ""brake_values"": {""gm"": null, ""fcf_margin"": 1.61886108192298, ""roic"": 1.3920933224209076}}",False,"{""floor"": false, ""mom_sector_pct"": 9.090909090909092, ""eps_rev_proxy"": null}"
CF,1324404,CF Industries,Materials,Fertilizers & Agricultural Chemicals,Materials,18.078028747433265,5.9986310746064335,289251119.0431565,0.39361041483617143,-0.12395526419087954,0.31218077537346334,9.0,0.4007495856359071,0.15766020103714848,0.30578153769123584,0.30046486679778295,0.25672502073807435,0.26383802638875736,0.2649740747362775,0.27355810220457405,6,9,False,0.11427395430219223,0.14341733759094755,-0.019203924804488848,True,0.42486109316449155,0.24124563897144333,0.26437524227936426,1.0601660198608176,0.7889476938108739,1.0020361579335624,1.0692012355529974,44.61538461538462,-0.09294663958984126,0.9380739481185286,260.0,,118.44000244140625,151338130.0,17924488486.677856,23225288486.677856,11048800000.0,5300800000.0,2977000000.0,1067000000.0,43000000.0,888000000.0,2128800000.0,7739000000.0,3181000000.0,1910000000.0,1867000000.0,2046000000.0,4069000000.0,,2562016752.5773196,0.19458762886597938,0.2318819014352074,7.301253846802219,12.439897421894942,0.08038651494343851,11.351558400135804,0.08809363126634986,,,0.523175227328582,2492000000.0,473000000.0,0.2683549344725219,5.0,0.2168739557388153,0.1725156042454646,76.15384615384615,0.5234977314389689,1.185135340787865,260.0,[],True,0.9,ig,Materials,91.66666666666666,100.0,85.71428571428571,60.71428571428571,39.285714285714285,,81.81818181818181,91.66666666666667,78.57142857142857,1.0,49.588369342547836,"{'profitability': 91.4, 'growth': 97.6, 'balance': 82.6, 'stability': 54.7}",61.74361405749964,False,-0.8308501572795253,28.552914036681504,,55.66599170002374,,False,"{""floor"": false, ""depressed_arms"": {""self_pct"": false, ""self_z"": false, ""median_ratio"": false}, ""yield_arm"": true, ""residual_arm"": false, ""brakes"": {""gm"": true, ""fcf_margin"": false, ""roic"": true}, ""self_pct"": 76.15384615384615, ""self_z"": 0.5234977314389689, ""median_ratio"": 1.185135340787865, ""fcf_yield"": 0.08038651494343851, ""yield_threshold"": 0.0495, ""gs10"": 0.0495, ""residual_pct"": null, ""brake_values"": {""gm"": 1.0601660198608176, ""fcf_margin"": 0.7889476938108739, ""roic"": 1.0692012355529974}}",False,"{""floor"": false, ""mom_sector_pct"": 78.57142857142857, ""eps_rev_proxy"": null}"
AME,1037868,Ametek,Industrials,Electrical Components & Equipment,Capital Goods,13.00479123887748,5.9986310746064335,284817735.19457775,0.27346917191205744,-0.02625279048614404,0.33735032648588703,10.0,0.3544529687178088,0.018476239040815922,0.20611686486613917,0.21939231867194084,0.21998293967275948,0.17232143206166506,0.17986422588161027,0.2413487538388577,8,9,False,0.10267547865932358,0.06732421561729329,0.062280551821928265,False,0.3635780767436304,0.22582825391347297,,1.0257441997420154,1.0956321020122988,,1.0583903375298978,71.15384615384616,0.5552924749488186,1.076902993368215,260.0,gm_derived,247.74000549316406,229261244.0,56797181847.92963,58607426847.92963,13071008000.0,1810245000.0,1960339000.0,135389000.0,49054000.0,,1810245000.0,7863923000.0,2036991000.0,1824950000.0,1775896000.0,,,1576270000.0,1683451897.2212029,0.17355948199024798,0.1287928136239533,28.771568871894686,33.00160980594,0.030301552132769253,,,36.03264786358278,1.1577648499305322,,7418304000.0,3634056000.0,0.8455629435771136,10.0,0.12168744276760286,0.12344316333949408,78.07692307692308,0.7850813938595992,1.101432927691968,260.0,[],True,0.9,ig,Capital Goods,32.432432432432435,97.5609756097561,50.0,87.8048780487805,64.28571428571429,48.717948717948715,,26.829268292682926,68.75,0.7,59.61953090395761,"{'profitability': 74.7, 'growth': 70.8, 'balance': None, 'stability': 81.6}",26.160522723380332,False,0.1777158019958356,27.62829808154487,,42.89002681366897,,False,"{""floor"": false, ""depressed_arms"": {""self_pct"": false, ""self_z"": false, ""median_ratio"": false}, ""yield_arm"": false, ""residual_arm"": false, ""brakes"": {""gm"": true, ""fcf_margin"": true, ""roic"": true}, ""self_pct"": 78.07692307692308, ""self_z"": 0.7850813938595992, ""median_ratio"": 1.101432927691968, ""fcf_yield"": 0.030301552132769253, ""yield_threshold"": 0.0495, ""gs10"": 0.0495, ""residual_pct"": null, ""brake_values"": {""gm"": 1.0257441997420154, ""fcf_margin"": 1.0956321020122988, ""roic"": 1.0583903375298978}}",False,"{""floor"": false, ""mom_sector_pct"": 68.75, ""eps_rev_proxy"": null}"
DG,29534,Dollar General,Consumer Staples,Consumer Staples Merchandise Retail,Consumer Staples Distribution and Retail,13.809719370294319,5.9986310746064335,282511866.97976685,0.22782656367544885,-0.20802015443660538,0.22422970213647608,10.0,0.3067422078096451,0.02300031460122228,0.03398886933082311,0.04007253170639797,0.5236009511225581,0.04789209451277431,0.04839968710963189,0.25110230587365356,9,9,False,0.048307062204305806,-0.03420081889029303,-0.05039119803262415,False,0.3116120496636899,0.04379135358134441,0.04884829959431228,1.0158760083550902,1.2884027754824967,1.0199658229874018,0.8154188928965916,40.38461538461539,-0.5967263570635138,0.7134810516703893,260.0,,122.52999877929688,220616790.0,27032175009.392395,43779264009.392395,26035737000.0,16747089000.0,3316350000.0,1305694000.0,99689000.0,1085019000.0,16747089000.0,43637998000.0,2439807000.0,2010656000.0,1910967000.0,2131642000.0,3524826000.0,1703399000.0,1861206724.222897,0.23715001874209843,0.07148661565535468,17.943740635793073,22.909481958292528,0.043650048561575214,20.537812638985532,0.04869067692738457,15.869549653012825,1.1803787603491607,4.7511817604613675,4338589000.0,1200659000.0,0.21275556747250904,4.0,0.08766857903109726,0.07828131682155728,36.92307692307693,-0.017531107542077186,0.5982519202671076,260.0,[],True,1.0,sector,Consumer Staples,20.833333333333336,25.925925925925924,20.833333333333336,27.083333333333332,55.55555555555556,62.5,12.0,51.851851851851855,77.77777777777779,1.0,11.917594522795017,"{'profitability': 25.9, 'growth': 20.1, 'balance': 0.0, 'stability': 72.7}",51.799506294240885,False,-0.14609315839150527,26.51323500763772,,31.85855040851795,,False,"{""floor"": false, ""depressed_arms"": {""self_pct"": false, ""self_z"": false, ""median_ratio"": true}, ""yield_arm"": false, ""residual_arm"": false, ""brakes"": {""gm"": true, ""fcf_margin"": true, ""roic"": false}, ""self_pct"": 36.92307692307693, ""self_z"": -0.017531107542077186, ""median_ratio"": 0.5982519202671076, ""fcf_yield"": 0.043650048561575214, ""yield_threshold"": 0.0495, ""gs10"": 0.0495, ""residual_pct"": null, ""brake_values"": {""gm"": 1.0158760083550902, ""fcf_margin"": 1.2884027754824967, ""roic"": 0.8154188928965916}}",False,"{""floor"": false, ""mom_sector_pct"": 77.77777777777779, ""eps_rev_proxy"": null}"
SYY,96021,Sysco,Consumer Staples,Food Distributors,Consumer Staples Distribution and Retail,39.73442847364819,5.9986310746064335,276142335.27358776,0.028372736427421552,-0.13008322273891892,-0.01869094000290894,10.0,0.18330690211768047,0.011385605673041269,0.021431186529042284,0.021524960675552613,0.20518595253239147,0.022018547570645995,0.020058424893262213,0.23799248983552676,7,9,False,0.10511120778351901,,,False,0.18496091209064136,0.021524960675552613,,1.0090231734531143,1.0043755928484526,,1.0200732883784758,52.307692307692314,0.014109289864214523,1.0073136614811677,260.0,,78.19000244140625,479096016.0,37460518660.70801,48106702660.70801,13312184000.0,10646184000.0,2638000000.0,700000000.0,118000000.0,,10646184000.0,84553000000.0,3095000000.0,1938000000.0,1820000000.0,,,1757000000.0,2389242091.3884006,0.22803163444639718,0.1794778446112524,15.543361118160908,26.432254209180226,0.037832565928209355,,,21.320727752252708,1.1030165054069436,,5225000000.0,951000000.0,0.4639358951168343,9.0,0.17594602922752067,0.18002038521504493,38.46153846153847,-0.09338106515374844,0.9281879882969799,260.0,['fcf_cagr5 gate'],False,0.9,sector,Consumer Staples,66.66666666666666,11.11111111111111,12.5,66.66666666666666,55.55555555555556,45.83333333333333,,66.66666666666667,37.03703703703704,0.7,50.86465121202047,"{'profitability': 49.2, 'growth': 87.6, 'balance': None, 'stability': 77.5}",53.56253573590961,False,-0.017541348554185543,26.900002063681395,,52.21359347396504,,False,"{""floor"": false, ""depressed_arms"": {""self_pct"": false, ""self_z"": false, ""median_ratio"": false}, ""yield_arm"": false, ""residual_arm"": false, ""brakes"": {""gm"": true, ""fcf_margin"": true, ""roic"": true}, ""self_pct"": 38.46153846153847, ""self_z"": -0.09338106515374844, ""median_ratio"": 0.9281879882969799, ""fcf_yield"": 0.037832565928209355, ""yield_threshold"": 0.0495, ""gs10"": 0.0495, ""residual_pct"": null, ""brake_values"": {""gm"": 1.0090231734531143, ""fcf_margin"": 1.0043755928484526, ""roic"": 1.0200732883784758}}",False,"{""floor"": false, ""mom_sector_pct"": 37.03703703703704, ""eps_rev_proxy"": null}"
ALB,915913,Albemarle Corporation,Materials,Specialty Chemicals,Materials,10.234086242299794,5.9986310746064335,270983716.41182435,0.5717190396427361,-0.4649570081458567,0.2428056373982912,3.0,0.19697345886094988,0.7342919869762679,-0.05161357333088827,-0.08989141645445146,,0.09048105444855464,0.08943286317237975,0.8917757858718727,6,9,False,0.10448598383827279,,0.0140198296164451,False,0.23812353755240437,0.22080724399042367,0.1896891012447054,1.208911794154479,-4.278084808716025,2.096451046031499,,17.408906882591094,-0.01930781751479973,0.2908187712995937,247.0,,108.25,118005057.0,12774047420.25,15739936420.25,13241058000.0,2965889000.0,1800328000.0,457956000.0,37864000.0,641799000.0,472099000.0,5907904000.0,252078000.0,1342372000.0,1304508000.0,1120665000.0,893877000.0,224177000.0,225745707.20312488,0.10446089225110927,0.017048917632044577,62.440738264545104,12.0658029082612,0.08287886082701726,14.045175338080515,0.0711988263534676,56.98197147900989,5.988000553134354,0.5281476086754665,1482672000.0,202079000.0,0.12723688696175184,2.0,,,,,,,['fcf_cagr5 gate'],False,0.8,ig,Materials,,7.142857142857142,21.428571428571427,35.714285714285715,7.142857142857142,100.0,72.72727272727273,0.0,92.85714285714286,1.0,23.353294060452438,"{'profitability': 4.3, 'growth': 87.1, 'balance': 82.4, 'stability': 44.4}",,False,,,,,,False,"{""floor"": false, ""depressed_arms"": {""self_pct"": false, ""self_z"": false, ""median_ratio"": false}, ""yield_arm"": true, ""residual_arm"": false, ""brakes"": {""gm"": true, ""fcf_margin"": false, ""roic"": false}, ""self_pct"": null, ""self_z"": null, ""median_ratio"": null, ""fcf_yield"": 0.08287886082701726, ""yield_threshold"": 0.0495, ""gs10"": 0.0495, ""residual_pct"": null, ""brake_values"": {""gm"": 1.208911794154479, ""fcf_margin"": -4.278084808716025, ""roic"": null}}",False,"{""floor"": false, ""mom_sector_pct"": 92.85714285714286, ""eps_rev_proxy"": null}"
VMC,1396009,Vulcan Materials Company,Materials,Construction Materials,Materials,27.238877481177276,5.9986310746064335,270048368.4336029,-0.07594453495945319,-0.2580797385601322,-0.18638958458747412,10.0,0.250820578839041,0.08604011794651709,0.09520825186891764,0.09471921040308347,0.29613182993386494,0.09948517641358534,0.09760437871577443,0.2626086603477724,7,9,False,0.10333168192433528,0.09898292065839542,0.09346309653898088,False,0.27684064298471917,0.1304450287755507,0.12471472514387776,1.103739750008216,1.370102131012204,1.2536010855065154,1.178209825955706,0.7692307692307693,-1.7124690554884119,0.7239434177724512,260.0,,241.6999969482422,129754885.0,31361755308.519516,36387255308.519516,13476800000.0,5025500000.0,1802600000.0,686200000.0,64700000.0,732400000.0,5001100000.0,8062400000.0,1658600000.0,1116400000.0,1051700000.0,1005500000.0,2391000000.0,1113300000.0,1290201528.9457223,0.2221141149489193,0.09573500600630137,21.938535697889495,34.598512226413916,0.02890297690998861,36.188220097980626,0.027633301590751683,28.170084710787314,1.0027845145064223,2.0916352990380593,3780900000.0,1478800000.0,0.39027810756262615,0.0,0.08125463215233827,0.07950514684152611,0.7692307692307693,-1.6812986046647762,0.6563986865730642,260.0,[],True,1.0,ig,Materials,16.666666666666664,78.57142857142857,50.0,14.285714285714285,71.42857142857143,54.54545454545454,36.36363636363637,58.33333333333333,21.428571428571427,1.0,32.674334911855084,"{'profitability': 38.8, 'growth': 84.3, 'balance': 30.3, 'stability': 65.5}",62.68153137086892,False,0.2124614257884634,27.97606312380427,,47.677933141362004,,False,"{""floor"": false, ""depressed_arms"": {""self_pct"": true, ""self_z"": true, ""median_ratio"": true}, ""yield_arm"": false, ""residual_arm"": false, ""brakes"": {""gm"": true, ""fcf_margin"": true, ""roic"": true}, ""self_pct"": 0.7692307692307693, ""self_z"": -1.6812986046647762, ""median_ratio"": 0.6563986865730642, ""fcf_yield"": 0.02890297690998861, ""yield_threshold"": 0.0495, ""gs10"": 0.0495, ""residual_pct"": null, ""brake_values"": {""gm"": 1.103739750008216, ""fcf_margin"": 1.370102131012204, ""roic"": 1.178209825955706}}",False,"{""floor"": false, ""mom_sector_pct"": 21.428571428571427, ""eps_rev_proxy"": null}"
VRSK,1442145,Verisk Analytics,Industrials,Research & Consulting Services,Commercial and Professional Services,10.965092402464066,5.9986310746064335,268903206.88995737,-0.21811571366441074,-0.31599118761979283,-0.31053735768344115,10.0,0.6764607538438451,0.022978356262502712,0.3183533421519252,0.30266856369504114,0.15427111091843573,0.3296381011945897,0.32254705646776133,0.13187621932710306,8,9,False,0.06248258905176751,0.07730090393612565,0.06266649912397004,False,0.6998033716919705,0.34500209521967573,0.34264900235309287,1.0345069802135392,1.0837080989557608,1.039470258781835,1.4388163815079134,2.307692307692308,-2.251656499909313,0.5837290715786683,260.0,gm_derived,168.64999389648438,131021840.0,22096832516.306152,26219432516.306152,2954900000.0,4122600000.0,1381700000.0,254400000.0,57000000.0,261700000.0,4121800000.0,3102300000.0,1366000000.0,1127300000.0,1070300000.0,1063000000.0,1627700000.0,910200000.0,1050644921.4128782,0.23086023322629712,0.3555602292506948,19.19431370154184,24.49727414398407,0.04082086823711263,24.665505659742383,0.04054244878636899,24.276897952434798,1.2385190068116898,2.532284819069853,1863100000.0,346600000.0,0.7478087244915226,7.0,0.2471199479102812,0.26901761551619463,3.076923076923077,-2.5405509292730746,0.5328922836385063,260.0,[],True,1.0,ig,Commercial and Professional Services,50.0,100.0,85.71428571428571,50.0,63.63636363636363,72.72727272727273,18.181818181818173,45.45454545454546,10.9375,1.0,52.47521727522039,"{'profitability': 100.0, 'growth': 58.2, 'balance': 15.6, 'stability': 84.4}",58.818794320263386,False,0.06437887360987915,22.96986129884818,,55.64700579774188,,False,"{""floor"": false, ""depressed_arms"": {""self_pct"": true, ""self_z"": true, ""median_ratio"": true}, ""yield_arm"": false, ""residual_arm"": false, ""brakes"": {""gm"": true, ""fcf_margin"": true, ""roic"": true}, ""self_pct"": 3.076923076923077, ""self_z"": -2.5405509292730746, ""median_ratio"": 0.5328922836385063, ""fcf_yield"": 0.04082086823711263, ""yield_threshold"": 0.0495, ""gs10"": 0.0495, ""residual_pct"": null, ""brake_values"": {""gm"": 1.0345069802135392, ""fcf_margin"": 1.0837080989557608, ""roic"": 1.4388163815079134}}",False,"{""floor"": false, ""mom_sector_pct"": 10.9375, ""eps_rev_proxy"": null}"
DPZ,1286681,Domino's,Consumer Discretionary,Restaurants,Consumer Services,6.3709787816564,5.9986310746064335,268578589.44209313,-0.18445266043462671,-0.30902325593444746,-0.31297780545008114,10.0,0.38574191087683113,0.031596855773516626,0.10553042709707043,0.1000040630822542,0.17749470211894217,,,,8,9,False,0.037099536577790415,0.05905650670180562,,False,0.4002102304877964,0.12113413083019164,,1.0375077719143282,1.1478597610409405,,,0.38461538461538464,-2.70533117441455,0.5760315617392008,260.0,ev_or_ic_nonpos,293.0299987792969,33081735.0,9693940766.667023,11430777766.667023,-2245594000.0,1736837000.0,777805000.0,124335000.0,44430000.0,,1736837000.0,5027815000.0,981231000.0,653470000.0,609040000.0,,,596523000.0,764657363.2785352,0.2207162602093338,,11.649425840262918,18.768517284032285,0.05328071391397397,,,16.25074098847324,1.0954648856791775,,7870000.0,100000.0,-0.0035491722902715275,0.0,-0.2848090658063545,-0.2757136595410137,0.38461538461538464,-2.5382636030393364,0.5692152357459402,260.0,['mktcap<10B'],False,0.9,ig,Consumer Services,25.0,76.92307692307693,80.0,11.538461538461538,80.76923076923077,38.46153846153847,,76.92307692307692,24.242424242424242,0.7,23.569067194524738,"{'profitability': 20.0, 'growth': 40.1, 'balance': None, 'stability': 82.4}",77.78454150643442,False,,,,50.67680435047958,,False,"{""floor"": false, ""depressed_arms"": {""self_pct"": true, ""self_z"": true, ""median_ratio"": true}, ""yield_arm"": true, ""residual_arm"": false, ""brakes"": {""gm"": true, ""fcf_margin"": true, ""roic"": false}, ""self_pct"": 0.38461538461538464, ""self_z"": -2.5382636030393364, ""median_ratio"": 0.5692152357459402, ""fcf_yield"": 0.05328071391397397, ""yield_threshold"": 0.0495, ""gs10"": 0.0495, ""residual_pct"": null, ""brake_values"": {""gm"": 1.0375077719143282, ""fcf_margin"": 1.1478597610409405, ""roic"": null}}",False,"{""floor"": false, ""mom_sector_pct"": 24.242424242424242, ""eps_rev_proxy"": null}"
TYL,860731,Tyler Technologies,Information Technology,Application Software,Software and Services,6.2587268993839835,5.9986310746064335,266132042.72548923,-0.28652868809203713,-0.3574293167334732,-0.38297586615496004,10.0,0.44257870946283956,0.02996940542030094,0.1694487536317592,0.14639823097218027,0.2876884701282625,0.10623911518024161,0.08252469561077871,0.535240328227355,9,9,False,0.15870784367787483,0.139115892484327,0.12046132245506636,False,0.4720526395289541,0.22971596402290528,0.17715916279540692,1.0665959058488992,1.3556662949679579,1.6675511886073675,1.5633371200422344,1.153846153846154,-1.1222677341353593,0.2452605523101528,260.0,,326.8500061035156,40952274.0,13385251006.852844,13059489006.852844,2711469000.0,-325762000.0,730747000.0,16481000.0,156135000.0,144176000.0,-325762000.0,2429657000.0,367814000.0,714266000.0,558131000.0,430436000.0,511990000.0,324616000.0,284574394.19593483,0.22630896541204287,0.10495211053341744,35.50568767597983,23.3986089410064,0.042737583354687615,30.340141175117427,0.03295963569280029,41.23410739721038,2.2003413263671536,-0.6362663333268228,2754742000.0,780414000.0,1.303778874108463,5.0,0.0671333835728164,0.061035780820580546,1.153846153846154,-1.8635169188951743,0.37277562810695153,260.0,[],True,1.0,ig,Software and Services,26.31578947368421,36.36363636363637,11.11111111111111,55.00000000000001,63.63636363636363,71.42857142857143,75.0,36.36363636363637,5.084745762711865,1.0,64.29005224548261,"{'profitability': 44.5, 'growth': 100.0, 'balance': 100.0, 'stability': 82.6}",58.70908931975252,False,-0.34032100132486987,32.88437348761167,,61.49957078261757,,False,"{""floor"": false, ""depressed_arms"": {""self_pct"": true, ""self_z"": true, ""median_ratio"": true}, ""yield_arm"": false, ""residual_arm"": false, ""brakes"": {""gm"": true, ""fcf_margin"": true, ""roic"": true}, ""self_pct"": 1.153846153846154, ""self_z"": -1.8635169188951743, ""median_ratio"": 0.37277562810695153, ""fcf_yield"": 0.042737583354687615, ""yield_threshold"": 0.0495, ""gs10"": 0.0495, ""residual_pct"": null, ""brake_values"": {""gm"": 1.0665959058488992, ""fcf_margin"": 1.3556662949679579, ""roic"": 1.5633371200422344}}",False,"{""floor"": false, ""mom_sector_pct"": 5.084745762711865, ""eps_rev_proxy"": null}"
STZ,16918,Constellation Brands,Consumer Staples,Distillers & Vintners,Food Beverage and Tobacco,21.234770704996578,5.9986310746064335,264540562.3746299,0.015240279894285669,-0.3025699056854565,-0.11278147317174014,10.0,0.5155978845469453,0.021533819935070784,0.17540775927474656,0.18277547581964404,0.0810353579013169,0.24649287718491136,0.24346740579311513,0.06489247450289357,8,9,False,0.011881573321183447,-0.01571896922042826,-0.022518323864087253,False,0.5261850342840108,0.19454105800125873,0.2438967835966743,1.0205337338541804,1.1090789757854618,0.9894678758352536,1.3093880547692003,2.307692307692308,-1.922980914359497,0.6916538810391434,260.0,shares_was_proxy,114.20999908447266,170778434.0,19504604790.787674,30587104790.787674,19338100000.0,11082500000.0,2693600000.0,859400000.0,72300000.0,412400000.0,11082500000.0,9056700000.0,2852900000.0,1834200000.0,1761900000.0,2208900000.0,3265300000.0,1824400000.0,2151080276.2824574,0.24600221659278024,0.11123534764441477,10.721407967607583,17.36029558475945,0.057602705847813844,13.847211186920038,0.07221670750169476,10.690969519177633,1.0053716290287218,3.394021988791229,5248900000.0,3340900000.0,0.4441904840703068,5.0,0.08495216314159953,0.10475588141953707,1.153846153846154,-1.8537494872695914,0.5897642819366209,260.0,[],True,1.0,ig,Food Beverage and Tobacco,36.36363636363637,71.42857142857143,50.0,27.27272727272727,53.57142857142857,38.46153846153847,30.769230769230774,92.85714285714286,29.629629629629626,1.0,23.456495375883655,"{'profitability': 62.7, 'growth': 5.0, 'balance': 0.0, 'stability': 88.2}",80.11667801574234,False,-0.1330845568677672,19.831474419181234,,51.786586695813,,False,"{""floor"": false, ""depressed_arms"": {""self_pct"": true, ""self_z"": true, ""median_ratio"": true}, ""yield_arm"": true, ""residual_arm"": false, ""brakes"": {""gm"": true, ""fcf_margin"": true, ""roic"": true}, ""self_pct"": 1.153846153846154, ""self_z"": -1.8537494872695914, ""median_ratio"": 0.5897642819366209, ""fcf_yield"": 0.057602705847813844, ""yield_threshold"": 0.0495, ""gs10"": 0.0495, ""residual_pct"": null, ""brake_values"": {""gm"": 1.0205337338541804, ""fcf_margin"": 1.1090789757854618, ""roic"": 1.3093880547692003}}",False,"{""floor"": false, ""mom_sector_pct"": 29.629629629629626, ""eps_rev_proxy"": null}"
CHRW,1043277,C.H. Robinson,Industrials,Air Freight & Logistics,Transportation,19.567419575633128,5.9986310746064335,263508869.65312243,0.15338141895239077,-0.2957764874403287,0.12608342197922018,10.0,,,0.03341920967394243,0.03658625780221605,0.6752825287733719,0.03223730439982446,0.03487039965974942,0.825395432562774,6,9,False,0.00031641390725023477,,,False,,0.034107703980675565,0.032613397384122104,,1.0206017531069853,1.0116663905776095,0.9726858687940518,63.67521367521367,0.009401324804580342,1.1930230387046978,234.0,gm_derived,146.1999969482422,116851258.0,17083653562.99826,18901634562.99826,3445671000.0,1817981000.0,685357000.0,16598000.0,89047000.0,41996000.0,1817981000.0,16996512000.0,833618000.0,668759000.0,579712000.0,554314000.0,875614000.0,633327000.0,680088608.8960453,0.18417235604791962,0.19737479547410225,22.674215963424807,32.60521528448309,0.03066994010850475,34.0991469870836,0.029326246793762594,26.974459580908853,1.055945822616121,2.076235647214412,1508335000.0,32313000.0,0.44712568321235546,7.0,0.20291730537713065,0.20972890355387663,65.38461538461539,0.061163767662992384,1.185990586010164,234.0,['fcf_cagr5 gate'],False,0.9,ig,Transportation,72.72727272727273,22.22222222222222,,54.54545454545454,77.27272727272727,72.72727272727273,22.222222222222214,18.181818181818173,54.6875,1.0,14.12570794245898,"{'profitability': 56.2, 'growth': 0.3, 'balance': 30.8, 'stability': 44.4}",28.953399827522404,False,0.20970373873675152,26.437104976097675,,21.539553884990692,,False,"{""floor"": false, ""depressed_arms"": {""self_pct"": false, ""self_z"": false, ""median_ratio"": false}, ""yield_arm"": false, ""residual_arm"": false, ""brakes"": {""gm"": false, ""fcf_margin"": true, ""roic"": true}, ""self_pct"": 65.38461538461539, ""self_z"": 0.061163767662992384, ""median_ratio"": 1.185990586010164, ""fcf_yield"": 0.03066994010850475, ""yield_threshold"": 0.0495, ""gs10"": 0.0495, ""residual_pct"": null, ""brake_values"": {""gm"": null, ""fcf_margin"": 1.0206017531069853, ""roic"": 0.9726858687940518}}",False,"{""floor"": false, ""mom_sector_pct"": 54.6875, ""eps_rev_proxy"": null}"
TECH,842023,Bio-Techne,Health Care,Life Sciences Tools & Services,Pharmaceuticals Biotechnology and Life Sciences,5.070499657768652,5.9986310746064335,262381010.91016856,0.4032756508699131,0.0,0.407542718771577,10.0,0.6662357724729555,0.01965704651584564,0.18028380645715947,0.17687012917799178,0.08887064216956629,0.12534396903105566,0.12620911756741965,0.1649814180818298,8,9,False,0.05469071323715702,-0.03084494017537176,-0.06572885157777075,False,0.6576504951692909,0.18259331593471484,0.12620911756741965,0.9871137551323648,1.0128104100026543,1.0069021951598616,0.930869024597259,53.46153846153846,0.01728590013578868,1.0067965397151275,260.0,,72.56999969482422,156818238.0,11380299483.802872,11216415483.802872,1944337000.0,-163884000.0,292073000.0,28850000.0,41365000.0,97359000.0,-163125000.0,1215039000.0,251890000.0,263223000.0,221858000.0,153349000.0,349249000.0,109563000.0,190332471.2481303,0.24438258268239987,0.09789068008690381,44.52902252492307,50.556732161125005,0.019779759435657077,73.14306245102917,0.01367183662387012,103.86991487822414,2.402480764491662,-0.46707363514283506,975355000.0,326165000.0,0.6693901314432632,4.0,0.10516053010707524,0.09789068008690381,57.692307692307686,0.09183914528179644,1.0332727059784548,260.0,[],True,1.0,ig,Pharmaceuticals Biotechnology and Life Sciences,41.66666666666667,50.0,55.55555555555556,45.83333333333333,62.5,88.88888888888889,75.0,20.0,78.57142857142857,1.0,53.50341287420881,"{'profitability': 59.8, 'growth': 22.8, 'balance': 100.0, 'stability': 88.0}",27.763715064739678,False,0.3730789058713926,34.81391659476421,,40.633563969474245,,False,"{""floor"": false, ""depressed_arms"": {""self_pct"": false, ""self_z"": false, ""median_ratio"": false}, ""yield_arm"": false, ""residual_arm"": false, ""brakes"": {""gm"": true, ""fcf_margin"": true, ""roic"": true}, ""self_pct"": 57.692307692307686, ""self_z"": 0.09183914528179644, ""median_ratio"": 1.0332727059784548, ""fcf_yield"": 0.019779759435657077, ""yield_threshold"": 0.0495, ""gs10"": 0.0495, ""residual_pct"": null, ""brake_values"": {""gm"": 0.9871137551323648, ""fcf_margin"": 1.0128104100026543, ""roic"": 0.930869024597259}}",False,"{""floor"": false, ""mom_sector_pct"": 78.57142857142857, ""eps_rev_proxy"": null}"
GEHC,1932393,GE HealthCare,Health Care,Health Care Equipment,Health Care Equipment and Services,3.7234770704996576,3.7754962354551678,262001702.75012666,-0.00825956399300165,-0.23865935651597903,-0.08216481256530583,5.0,0.4043097433798857,0.021075484483121177,0.07797945144186538,0.07295990901336366,0.10211472671538131,0.06513769162597298,0.06354209028060187,0.14724152949114921,4,4,True,,0.025821217351280623,,False,0.39148672482005814,0.06558939892273226,0.06144239477572811,0.968284171307296,0.8411113147112858,0.9432694533993679,0.8858697303362978,,,,,,66.37999725341797,454891786.0,30195715505.282394,38525715505.282394,18998000000.0,8330000000.0,2027000000.0,508000000.0,143000000.0,595000000.0,8318000000.0,20979000000.0,2649000000.0,1519000000.0,1376000000.0,1289000000.0,3244000000.0,1909000000.0,2029086788.066641,0.23401782254939946,0.10680528413867992,14.543493961979008,27.998339756745928,0.035716403497070205,29.888064782996427,0.033458171589915334,15.817556576889677,0.7957045573598743,2.5641183723797782,15060000000.0,1908000000.0,0.8931466470154753,4.0,0.1205654516473139,0.12076928291754095,,,,,['rev_cagr5 gate'],False,0.9,ig,Health Care Equipment and Services,51.85185185185185,31.03448275862069,31.818181818181817,51.78571428571429,10.0,17.24137931034483,33.33333333333334,86.66666666666667,23.809523809523807,1.0,24.812838683391373,"{'profitability': 39.8, 'growth': 21.5, 'balance': 14.5, 'stability': 92.8}",,False,0.10114715413666264,25.30490017735138,,,,False,"{""floor"": false, ""depressed_arms"": {""self_pct"": false, ""self_z"": false, ""median_ratio"": false}, ""yield_arm"": false, ""residual_arm"": false, ""brakes"": {""gm"": false, ""fcf_margin"": false, ""roic"": false}, ""self_pct"": null, ""self_z"": null, ""median_ratio"": null, ""fcf_yield"": 0.035716403497070205, ""yield_threshold"": 0.0495, ""gs10"": 0.0495, ""residual_pct"": null, ""brake_values"": {""gm"": 0.968284171307296, ""fcf_margin"": 0.8411113147112858, ""roic"": 0.8858697303362978}}",False,"{""floor"": false, ""mom_sector_pct"": 23.809523809523807, ""eps_rev_proxy"": null}"
STLD,1022671,Steel Dynamics,Materials,Steel,Materials,3.759069130732375,5.9986310746064335,261100023.25188527,0.7007582857780472,-0.16631274505074034,0.7045994236413222,8.0,0.2145537498204529,0.2903431347933774,0.0666518237053311,0.061936622874324034,0.8760939763107259,0.11170718326590054,0.09771213302297536,0.5328328879718944,5,9,True,0.13647433753701965,-0.19549357045616378,-0.175912207465717,True,0.1465219913375145,0.04314153033608103,0.043046003252984445,0.6829150805340384,0.6472670654416075,0.38534677891322827,0.46962876145011506,92.3076923076923,2.5352620104364743,4.477734553193632,260.0,,235.1999969482422,143328088.0,33710765860.197388,37297133860.19739,13005900000.0,3586368000.0,1571572000.0,616009000.0,69493000.0,617971000.0,3786088000.0,20538678000.0,2056470000.0,955563000.0,886070000.0,884108000.0,2674441000.0,1607241000.0,1627297341.6676233,0.20869385808320898,0.12511993338927896,18.13648332346078,42.092762265055114,0.023757053378988802,42.186173929200265,0.02370444880064897,20.974306815342185,0.5945362269877387,1.415655832377682,477471000.0,370790000.0,0.06522124574231696,9.0,0.266423063619304,0.24784885402396728,72.39819004524887,0.8185829987054799,2.817439207298649,221.0,['fcf_cagr5 gate'],False,1.0,ig,Materials,100.0,42.857142857142854,28.57142857142857,92.85714285714286,28.57142857142857,18.181818181818183,54.54545454545455,66.66666666666667,100.0,1.0,13.001877067232655,"{'profitability': 39.9, 'growth': 50.0, 'balance': 52.8, 'stability': 27.8}",39.04200963071792,False,0.3838389507231068,28.67532100338458,,26.021943348975288,,False,"{""floor"": false, ""depressed_arms"": {""self_pct"": false, ""self_z"": false, ""median_ratio"": false}, ""yield_arm"": false, ""residual_arm"": false, ""brakes"": {""gm"": false, ""fcf_margin"": false, ""roic"": false}, ""self_pct"": 72.39819004524887, ""self_z"": 0.8185829987054799, ""median_ratio"": 2.817439207298649, ""fcf_yield"": 0.023757053378988802, ""yield_threshold"": 0.0495, ""gs10"": 0.0495, ""residual_pct"": null, ""brake_values"": {""gm"": 0.6829150805340384, ""fcf_margin"": 0.6472670654416075, ""roic"": 0.46962876145011506}}",False,"{""floor"": false, ""mom_sector_pct"": 100.0, ""eps_rev_proxy"": null}"
EL,1001250,Estée Lauder Companies (The),Consumer Staples,Personal Care Products,Household and Personal Products,20.720054757015742,5.9986310746064335,260776331.1235606,0.20592852143858598,-0.18119324962471828,0.11616270749128565,10.0,0.736336679740275,0.025248002338170334,0.0573941233182723,0.06684829556781181,0.399690911298311,0.05770944723058887,0.04525455688246386,0.657251062197244,5,9,False,-0.014814212841128271,-0.1515996897631844,-0.24128666573511692,False,0.7550003322479899,0.06684829556781181,0.04432188185261479,1.0253466288197106,1.1647236982279967,0.7680177852946405,0.9836077349813234,50.0,-0.0002672881574008762,0.9997978288710907,260.0,shares_was_proxy,95.37000274658203,362300000.0,34552551995.08667,34066451995.08667,3319900000.0,-486100000.0,1773000000.0,457000000.0,310000000.0,796000000.0,-486100000.0,15049000000.0,780000000.0,1316000000.0,1006000000.0,667000000.0,1576000000.0,,591270708.2481728,0.24196063045106056,0.1780989512479812,43.67493845523932,33.863272360921144,0.029530518767997713,51.07414092216892,0.01957937973981558,,,-0.30843908629441624,2107000000.0,1594000000.0,1.1147926142353686,9.0,0.1810670503230263,0.16986134867970318,23.076923076923077,-0.592858669486601,0.6703794374991242,260.0,"['rev_cagr5 gate', 'fcf_cagr5 gate']",False,0.9,sector,Consumer Staples,70.83333333333334,33.33333333333333,100.0,66.66666666666666,55.55555555555556,,88.0,0.0,70.37037037037037,1.0,28.92418037029038,"{'profitability': 55.8, 'growth': 0.0, 'balance': 100.0, 'stability': 55.3}",36.00809180061208,False,0.229608196652328,26.916051514894,,32.466136085451225,,False,"{""floor"": false, ""depressed_arms"": {""self_pct"": false, ""self_z"": false, ""median_ratio"": true}, ""yield_arm"": false, ""residual_arm"": false, ""brakes"": {""gm"": true, ""fcf_margin"": true, ""roic"": true}, ""self_pct"": 23.076923076923077, ""self_z"": -0.592858669486601, ""median_ratio"": 0.6703794374991242, ""fcf_yield"": 0.029530518767997713, ""yield_threshold"": 0.0495, ""gs10"": 0.0495, ""residual_pct"": null, ""brake_values"": {""gm"": 1.0253466288197106, ""fcf_margin"": 1.1647236982279967, ""roic"": 0.9836077349813234}}",False,"{""floor"": false, ""mom_sector_pct"": 70.37037037037037, ""eps_rev_proxy"": null}"
JBHT,728535,J.B. Hunt,Industrials,Cargo Ground Transportation,Transportation,11.236139630390143,5.9986310746064335,257572526.76879367,0.9572096763158442,-0.21232456966672275,0.7181725758698023,9.0,,,0.026334025632322157,0.01765488726364615,0.9249098121711721,0.06437128796219554,0.07120474356721639,0.2055080611721831,6,9,False,0.044828913865963216,,,False,,0.08093590346192636,0.06339613787869125,,3.0734345212524716,0.9848511640146616,0.945199508543824,62.69230769230769,0.388646625323546,1.1018559581171221,260.0,,229.14999389648438,93914939.0,21520607698.638702,22915482698.638702,5051990000.0,1394875000.0,1595293000.0,495571000.0,71730000.0,718349000.0,1394875000.0,12701310000.0,955615000.0,1099722000.0,1027992000.0,805214000.0,1673964000.0,674505000.0,724336865.9481363,0.24202020065807217,0.14337654388629753,23.979827334898157,22.2914990570342,0.04486015038474699,28.458872670667304,0.035138426302834716,31.90577934728238,1.6304134142815843,0.8332765818141847,134057000.0,76300000.0,0.041638443464852466,10.0,0.1516891858176944,0.13459619356978,0.4830917874396135,-0.27696979544447903,0.4101957813602187,207.0,['fcf_cagr5 gate'],False,0.9,ig,Transportation,45.45454545454545,11.11111111111111,,100.0,40.909090909090914,90.9090909090909,77.77777777777777,9.090909090909093,100.0,1.0,21.220654660630508,"{'profitability': 37.2, 'growth': 37.4, 'balance': 72.2, 'stability': 44.4}",53.46191358737768,False,-0.1645140727646086,26.2776684559288,,37.34128412400409,,False,"{""floor"": false, ""depressed_arms"": {""self_pct"": true, ""self_z"": false, ""median_ratio"": true}, ""yield_arm"": false, ""residual_arm"": false, ""brakes"": {""gm"": false, ""fcf_margin"": true, ""roic"": true}, ""self_pct"": 0.4830917874396135, ""self_z"": -0.27696979544447903, ""median_ratio"": 0.4101957813602187, ""fcf_yield"": 0.04486015038474699, ""yield_threshold"": 0.0495, ""gs10"": 0.0495, ""residual_pct"": null, ""brake_values"": {""gm"": null, ""fcf_margin"": 3.0734345212524716, ""roic"": 0.945199508543824}}",False,"{""floor"": false, ""mom_sector_pct"": 100.0, ""eps_rev_proxy"": null}"
NCLH,1513761,Norwegian Cruise Line Holdings,Consumer Discretionary,"Hotels, Resorts & Cruise Lines",Consumer Services,8.950034223134839,5.9986310746064335,256084219.63799363,-0.33506393730977935,-0.4275918089419948,-0.4333067467428062,5.0,-0.03520968147804673,20.771945373220845,-1.1321265783836587,-0.12803268593160969,,-1.0023248885535925,0.085396809309951,,7,9,False,0.5033277455063068,,,False,0.4245725483777475,-0.12543504938347835,0.07866898253125497,-12.058403557057707,0.11079595848952017,-0.07848651014221392,,38.4180790960452,-0.0729904222539313,0.9156099643010576,177.0,gm_derived,14.1899995803833,459187846.0,6515875342.057112,8592357342.057112,4649348000.0,2076482000.0,2109712000.0,3295106000.0,88312000.0,1222571000.0,2045110000.0,10154307000.0,1532360000.0,-1185394000.0,-1273706000.0,798829000.0,2754931000.0,760722000.0,1507832900.8734477,0.01600609460345628,0.32431061320285076,5.607270707964911,,-0.14823708434070548,10.756191052224082,0.09296971345569653,8.565383072997903,-1.5582486111877927,0.7423452710793845,135764000.0,4771000.0,0.03022681890019848,1.0,,,,,,,"['mktcap<10B', 'fcf_cagr5 gate']",False,0.8,ig,Consumer Services,,7.6923076923076925,20.0,26.923076923076923,15.384615384615385,7.6923076923076925,66.66666666666667,92.3076923076923,9.090909090909092,1.0,37.632283779588384,"{'profitability': 50.0, 'growth': 100.0, 'balance': 75.3, 'stability': 51.9}",,False,,,,,,False,"{""floor"": false, ""depressed_arms"": {""self_pct"": false, ""self_z"": false, ""median_ratio"": false}, ""yield_arm"": false, ""residual_arm"": false, ""brakes"": {""gm"": false, ""fcf_margin"": false, ""roic"": false}, ""self_pct"": null, ""self_z"": null, ""median_ratio"": null, ""fcf_yield"": -0.14823708434070548, ""yield_threshold"": 0.0495, ""gs10"": 0.0495, ""residual_pct"": null, ""brake_values"": {""gm"": -12.058403557057707, ""fcf_margin"": 0.11079595848952017, ""roic"": null}}",False,"{""floor"": false, ""mom_sector_pct"": 9.090909090909092, ""eps_rev_proxy"": null}"
OTIS,1781335,Otis Worldwide,Industrials,Industrial Machinery & Supplies & Components,Capital Goods,6.477754962354552,5.9986310746064335,254932288.10607582,-0.18913648181950116,-0.27170996329334907,-0.24632866950449916,8.0,,,0.09961699690981714,0.10028854951087339,0.03984593914185232,0.09598460729031846,0.09514066496163683,0.04797111488165476,5,7,False,0.024982341114742734,0.02170482285634856,0.018093492555780744,False,,0.10978472268794849,0.10891288310643149,,1.1020681820727456,1.1346911362257253,0.679005674028292,0.38461538461538464,-2.3887907766681544,0.6382108384117853,260.0,,66.68000030517578,380669339.0,25383031640.691063,33762031640.691063,2631000000.0,8379000000.0,1871000000.0,159000000.0,75000000.0,172000000.0,8191000000.0,14911000000.0,2289000000.0,1712000000.0,1637000000.0,1624000000.0,2461000000.0,1516000000.0,1741582449.3731918,0.2391513982642237,0.6619469590928133,14.749686168934497,20.624332095718426,0.0484864186320777,20.789428350179225,0.04810137071380219,16.743424565099644,1.129287598944591,3.328321820398212,1794000000.0,7000000.0,0.6845305967312809,6.0,0.9748769184294506,1.0305594912483578,0.38461538461538464,-2.291564390923881,0.6652144022970631,260.0,[],True,0.9,ig,Capital Goods,100.0,46.34146341463415,,46.34146341463415,15.476190476190476,46.15384615384615,13.513513513513516,85.3658536585366,15.625,1.0,26.51022148025381,"{'profitability': 70.1, 'growth': 19.5, 'balance': 0.0, 'stability': 78.3}",78.87908594250344,False,-0.3352435378364018,28.838609192182897,,52.69465371137862,,False,"{""floor"": false, ""depressed_arms"": {""self_pct"": true, ""self_z"": true, ""median_ratio"": true}, ""yield_arm"": false, ""residual_arm"": false, ""brakes"": {""gm"": false, ""fcf_margin"": true, ""roic"": false}, ""self_pct"": 0.38461538461538464, ""self_z"": -2.291564390923881, ""median_ratio"": 0.6652144022970631, ""fcf_yield"": 0.0484864186320777, ""yield_threshold"": 0.0495, ""gs10"": 0.0495, ""residual_pct"": null, ""brake_values"": {""gm"": null, ""fcf_margin"": 1.1020681820727456, ""roic"": 0.679005674028292}}",False,"{""floor"": false, ""mom_sector_pct"": 15.625, ""eps_rev_proxy"": null}"
HSY,47111,Hershey Company (The),Consumer Staples,Packaged Foods & Meats,Food Beverage and Tobacco,69.56057494866529,5.9986310746064335,254661135.61090556,-0.019460099863776503,-0.282693460265107,-0.08610722963671569,10.0,0.4278744447530034,0.11229634950996795,0.15733348026206667,0.16722486187643806,0.08320591443086103,0.17220669102804403,0.1807115722044123,0.06697725161833572,9,9,False,0.0748639898139154,0.0769782050700687,0.04863373705692298,False,0.38377373989552044,0.1774801560550586,0.1691796191883006,0.8969307342415818,1.1280507858812636,0.9824218686180407,0.7953141090522835,5.384615384615385,-2.1046593675216045,0.7732096323750395,260.0,shares_was_proxy,166.8800048828125,218731000.0,36501830348.02246,41709470348.02246,9770330000.0,5207640000.0,2656591000.0,428434000.0,69304000.0,529401000.0,5207640000.0,12163912000.0,2162830000.0,2228157000.0,2158853000.0,2057886000.0,2692231000.0,1489107000.0,1675331258.9360166,0.22539854776565127,0.171471307410908,19.2846734824385,19.320199359577728,0.051759300273693264,20.26811511814671,0.04933857905240863,24.51256380369071,1.4963041608158447,1.934321386240631,2985609000.0,331134000.0,0.3394709288222609,10.0,0.2156019935509978,0.2417870246745679,0.38461538461538464,-2.4657387904582873,0.6685491256753551,260.0,[],True,1.0,ig,Food Beverage and Tobacco,81.81818181818183,64.28571428571429,42.857142857142854,81.81818181818183,53.57142857142857,76.92307692307693,61.53846153846153,42.85714285714286,22.22222222222222,1.0,50.90326236707616,"{'profitability': 76.3, 'growth': 63.3, 'balance': 35.5, 'stability': 84.6}",67.10833719457,False,-0.04548145098394896,20.219198999382673,,59.00579978082308,,False,"{""floor"": false, ""depressed_arms"": {""self_pct"": true, ""self_z"": true, ""median_ratio"": true}, ""yield_arm"": true, ""residual_arm"": false, ""brakes"": {""gm"": false, ""fcf_margin"": true, ""roic"": false}, ""self_pct"": 0.38461538461538464, ""self_z"": -2.4657387904582873, ""median_ratio"": 0.6685491256753551, ""fcf_yield"": 0.051759300273693264, ""yield_threshold"": 0.0495, ""gs10"": 0.0495, ""residual_pct"": null, ""brake_values"": {""gm"": 0.8969307342415818, ""fcf_margin"": 1.1280507858812636, ""roic"": 0.7953141090522835}}",False,"{""floor"": false, ""mom_sector_pct"": 22.22222222222222, ""eps_rev_proxy"": null}"
LYB,1489393,LyondellBasell,Materials,Specialty Chemicals,Materials,14.053388090349076,5.9986310746064335,246126811.61502308,0.3686979830724908,-0.23632956266896077,0.2936743742388017,10.0,0.13850326933221963,0.24168704280304712,0.07422233037564255,0.0824364234603873,0.5846947696839863,0.08426107431732625,0.09478503894868288,0.5510691146888592,5,9,True,0.022373159046871427,-0.4911011636856222,-0.16842407016118444,False,0.12759681969735825,0.04731982559630674,0.0463901000256476,0.9212549300283973,0.6375416314311203,0.550551964848478,0.37137761176619855,80.76923076923077,0.9667587968712322,1.7180578832563782,260.0,gm_derived,60.18000030517578,323037952.0,19440424049.94336,21604424049.94336,12835000000.0,2164000000.0,2973000000.0,1395000000.0,102000000.0,1424000000.0,2155000000.0,31192000000.0,963000000.0,1578000000.0,1476000000.0,1447000000.0,2387000000.0,,797460525.1644281,0.17189976618439448,0.06213171212812062,22.434500571073063,14.637143665273278,0.06831934036232129,14.930493469207574,0.06697702269937594,,,0.902806870548806,705000000.0,450000000.0,0.08998831320607713,9.0,0.16730063999451789,0.16613580599496441,69.23076923076923,0.3253017537769474,1.6032087105059352,260.0,['fcf_cagr5 gate'],False,0.9,ig,Materials,75.0,57.14285714285714,7.142857142857142,92.85714285714286,71.42857142857143,,63.63636363636363,50.0,71.42857142857143,1.0,9.660521240809842,"{'profitability': 25.0, 'growth': 9.3, 'balance': 69.9, 'stability': 28.6}",48.94261061933469,False,-0.6628012160262289,28.399274546197017,,29.301565930072265,,False,"{""floor"": false, ""depressed_arms"": {""self_pct"": false, ""self_z"": false, ""median_ratio"": false}, ""yield_arm"": true, ""residual_arm"": false, ""brakes"": {""gm"": false, ""fcf_margin"": false, ""roic"": false}, ""self_pct"": 69.23076923076923, ""self_z"": 0.3253017537769474, ""median_ratio"": 1.6032087105059352, ""fcf_yield"": 0.06831934036232129, ""yield_threshold"": 0.0495, ""gs10"": 0.0495, ""residual_pct"": null, ""brake_values"": {""gm"": 0.9212549300283973, ""fcf_margin"": 0.6375416314311203, ""roic"": 0.37137761176619855}}",False,"{""floor"": false, ""mom_sector_pct"": 71.42857142857143, ""eps_rev_proxy"": null}"
DRI,940944,Darden Restaurants,Consumer Discretionary,Restaurants,Consumer Services,31.32101300479124,5.9986310746064335,243805003.81948692,0.1825942290955347,-0.07999640172736056,0.1365803876280378,10.0,0.199230317545572,0.026501449223354265,0.08347671135655174,0.08358208955223881,0.07634215600805352,0.09425722451180374,0.09206157311186003,0.11697399538565519,7,9,False,0.12919005107612413,0.03580420358021419,0.09507608928610467,False,0.20302174719360527,0.07872287277929589,0.09181055037885383,1.0190303850073723,0.9430519183134694,0.9740425824585625,1.0486921152895066,66.53846153846153,0.6763505270959088,1.080723599357443,260.0,,207.24000549316406,114077969.0,23641518922.209,30965718922.209,9531700000.0,7324200000.0,1853100000.0,734000000.0,79100000.0,561100000.0,7324200000.0,13210900000.0,1582800000.0,1119100000.0,1040000000.0,1212900000.0,2143900000.0,1206700000.0,1383439694.6564887,0.12595419847328243,0.14514091868779846,19.563886101976877,29.77472973289327,0.0335855273572899,25.53031488350977,0.039169121280439353,19.591877784212315,0.9274053202950194,3.41629740193106,1658200000.0,14300000.0,0.1754671254865344,5.0,0.13840184032253378,0.13895180613002628,75.38461538461539,0.9663844920653389,1.13846552312414,260.0,[],True,1.0,ig,Consumer Services,58.333333333333336,53.84615384615385,60.0,61.53846153846154,80.76923076923077,30.76923076923077,33.33333333333334,38.46153846153846,66.66666666666666,1.0,32.695456317820614,"{'profitability': 50.5, 'growth': 64.9, 'balance': 0.0, 'stability': 82.4}",31.997098469052766,False,0.25016955928110507,23.184651325603024,,32.346277393436694,,False,"{""floor"": false, ""depressed_arms"": {""self_pct"": false, ""self_z"": false, ""median_ratio"": false}, ""yield_arm"": false, ""residual_arm"": false, ""brakes"": {""gm"": true, ""fcf_margin"": false, ""roic"": true}, ""self_pct"": 75.38461538461539, ""self_z"": 0.9663844920653389, ""median_ratio"": 1.13846552312414, ""fcf_yield"": 0.0335855273572899, ""yield_threshold"": 0.0495, ""gs10"": 0.0495, ""residual_pct"": null, ""brake_values"": {""gm"": 1.0190303850073723, ""fcf_margin"": 0.9430519183134694, ""roic"": 1.0486921152895066}}",False,"{""floor"": false, ""mom_sector_pct"": 66.66666666666666, ""eps_rev_proxy"": null}"
WAB,943452,Wabtec,Industrials,Construction Machinery & Heavy Transportation Equipment,Capital Goods,7.575633127994524,5.9986310746064335,242590956.1747601,0.49283312365246923,-0.03957161001924947,0.4826162871365076,10.0,0.3151459767033983,0.04788649358649496,0.11869470857543607,0.11467655331117362,0.2562618698468932,0.08503085807427482,0.06929174124264893,0.3943030410162603,8,9,False,0.08125695343398509,0.18262028879515158,,False,0.34974958263772954,0.1352253756260434,0.11469115191986644,1.1098018330943145,1.1392704632667032,1.3488179999275465,1.2358625124569798,46.15384615384615,-0.042763182042829306,0.9780595614078266,260.0,,290.2300109863281,168910851.0,49022998141.44003,54953998141.44003,17145000000.0,5931000000.0,1999000000.0,285000000.0,94000000.0,531000000.0,5901000000.0,11980000000.0,1964000000.0,1714000000.0,1620000000.0,1374000000.0,2495000000.0,1269000000.0,1471558426.3065178,0.2507339988256019,0.08583017942878494,27.980650784847267,33.922221074962984,0.02947920178310704,39.995631835109194,0.025002730401227823,38.6312042091726,1.350669818754925,2.3651302605210422,10603000000.0,3225000000.0,0.8065325167687373,3.0,0.0694496180308509,0.06845030014714407,73.84615384615385,1.0903201511624545,1.272390749483282,260.0,[],True,1.0,ig,Capital Goods,13.513513513513514,65.85365853658537,37.5,28.04878048780488,64.28571428571429,74.35897435897436,27.02702702702703,29.268292682926827,89.0625,1.0,36.51947153544143,"{'profitability': 40.0, 'growth': 83.9, 'balance': 21.2, 'stability': 76.8}",29.028503658959092,False,0.21688968350815863,27.308024727955022,,32.77398759720026,,False,"{""floor"": false, ""depressed_arms"": {""self_pct"": false, ""self_z"": false, ""median_ratio"": false}, ""yield_arm"": false, ""residual_arm"": false, ""brakes"": {""gm"": true, ""fcf_margin"": true, ""roic"": true}, ""self_pct"": 73.84615384615385, ""self_z"": 1.0903201511624545, ""median_ratio"": 1.272390749483282, ""fcf_yield"": 0.02947920178310704, ""yield_threshold"": 0.0495, ""gs10"": 0.0495, ""residual_pct"": null, ""brake_values"": {""gm"": 1.1098018330943145, ""fcf_margin"": 1.1392704632667032, ""roic"": 1.2358625124569798}}",False,"{""floor"": false, ""mom_sector_pct"": 89.0625, ""eps_rev_proxy"": null}"
EFX,33185,Equifax,Industrials,Research & Consulting Services,Commercial and Professional Services,29.267624914442163,5.9986310746064335,241105259.24629775,-0.22914604896002388,-0.3640901110418149,-0.40810637695689544,9.0,,,0.11303810284598677,0.12874267307387655,0.49393722693805325,0.09964525402578114,0.09897731073207654,0.46669331855268587,9,9,False,0.08035053389890412,0.16662229501691672,0.10487097450192295,False,,0.15714174877802778,0.1199006905112887,,1.3901661901751108,1.2032754764242648,1.0331362387307905,1.153846153846154,-0.9008940676395677,0.447607839169501,260.0,gm_derived,148.8000030517578,117484896.0,17481752883.33545,22796952883.33545,9695400000.0,5315200000.0,1612400000.0,507400000.0,92300000.0,747400000.0,5297000000.0,6444500000.0,1150400000.0,1105000000.0,1012700000.0,772700000.0,1897800000.0,691400000.0,851337570.4113083,0.25996386438516317,0.08780840093356729,19.816544578699105,22.511062390970128,0.04442260354629599,29.502980307150835,0.03389488077438818,25.28457171439897,1.5982065374602257,2.7911265676045947,6792800000.0,1319000000.0,0.8366648101161376,1.0,0.08499208298165985,0.08393549212194472,0.7692307692307693,-0.455399844666791,0.40247091477361113,260.0,[],True,0.9,ig,Commercial and Professional Services,10.0,36.36363636363637,,9.090909090909092,18.181818181818183,100.0,0.0,27.272727272727266,9.375,1.0,30.735562541316504,"{'profitability': 46.7, 'growth': 83.5, 'balance': 7.0, 'stability': 67.1}",58.019237543579315,False,0.002012938582789836,22.465794580889625,,44.37740004244791,,False,"{""floor"": false, ""depressed_arms"": {""self_pct"": true, ""self_z"": false, ""median_ratio"": true}, ""yield_arm"": false, ""residual_arm"": false, ""brakes"": {""gm"": false, ""fcf_margin"": true, ""roic"": true}, ""self_pct"": 0.7692307692307693, ""self_z"": -0.455399844666791, ""median_ratio"": 0.40247091477361113, ""fcf_yield"": 0.04442260354629599, ""yield_threshold"": 0.0495, ""gs10"": 0.0495, ""residual_pct"": null, ""brake_values"": {""gm"": null, ""fcf_margin"": 1.3901661901751108, ""roic"": 1.0331362387307905}}",False,"{""floor"": false, ""mom_sector_pct"": 9.375, ""eps_rev_proxy"": null}"
CDW,1402057,CDW Corporation,Information Technology,Technology Distributors,Technology Hardware and Equipment,7.006160164271047,5.9986310746064335,240302978.8657964,-0.08318214871943563,-0.10711065998178981,-0.13427163937039632,10.0,0.20457650910546005,0.09013765605118493,,,0.22242613210496784,0.04458437512985059,0.044015040823287166,0.24262197165446053,7,9,False,0.03958829916272788,,,False,0.21360061956392232,0.036603632278599516,0.0291143980527991,1.0441111762925346,,0.6530179680214051,0.9499696367135091,80.38461538461539,0.7980427872299164,1.1819588008715076,260.0,sbc_unreported,139.4600067138672,125017426.0,17434931069.310394,23070331069.310394,8077500000.0,5635400000.0,981800000.0,121600000.0,,297600000.0,5635400000.0,23500400000.0,1678600000.0,860200000.0,860200000.0,684200000.0,1976200000.0,1080300000.0,1250269980.6949806,0.25517098731384447,0.15478427492355068,13.74379308311116,26.81972921333457,0.037285984211309915,33.718694927375616,0.029657138336873105,16.138971646126443,0.7962602980653523,2.851634449954458,4652100000.0,1186400000.0,0.722810275456515,10.0,0.16293602336495558,0.16188756039143823,68.84615384615384,0.31700085457105437,1.0699484516560709,260.0,['fcf_cagr5 gate'],False,0.9,ig,Technology Hardware and Equipment,42.857142857142854,,15.0,85.71428571428571,64.28571428571429,19.047619047619047,0.0,85.71428571428572,23.728813559322035,1.0,20.480007642618073,"{'profitability': 46.0, 'growth': 33.0, 'balance': 4.9, 'stability': 68.8}",50.602208637253156,False,-0.27837175868541797,35.42825055107654,,35.541108139935616,,False,"{""floor"": false, ""depressed_arms"": {""self_pct"": false, ""self_z"": false, ""median_ratio"": false}, ""yield_arm"": false, ""residual_arm"": false, ""brakes"": {""gm"": true, ""fcf_margin"": false, ""roic"": true}, ""self_pct"": 68.84615384615384, ""self_z"": 0.31700085457105437, ""median_ratio"": 1.0699484516560709, ""fcf_yield"": 0.037285984211309915, ""yield_threshold"": 0.0495, ""gs10"": 0.0495, ""residual_pct"": null, ""brake_values"": {""gm"": 1.0441111762925346, ""fcf_margin"": null, ""roic"": 0.9499696367135091}}",False,"{""floor"": false, ""mom_sector_pct"": 23.728813559322035, ""eps_rev_proxy"": null}"
HUBB,48898,Hubbell Incorporated,Industrials,Industrial Machinery & Supplies & Components,Capital Goods,2.937713894592745,5.9986310746064335,240150539.1268104,0.09080213171082208,-0.15249776826359807,0.1089885502740624,10.0,0.3226087042960694,0.09651001475307312,0.12101790171610449,0.1281617003852668,0.2609000632934075,0.11515707801918869,0.1311396080329059,0.28492618039602396,7,9,False,0.0967872864810233,0.1095693576106167,0.12617400413653557,False,0.35469721985957536,0.14614499424626007,0.13782291823018294,1.0994657463862387,1.2076312031016794,1.196825419686469,1.0255510959078005,50.0,-0.013327332347507836,0.9984374045500141,260.0,,465.8800048828125,52841777.0,24617927326.77649,26850327326.77649,6001000000.0,2232400000.0,1079000000.0,169700000.0,33000000.0,219600000.0,2221800000.0,5996100000.0,1233600000.0,909300000.0,876300000.0,826400000.0,1453200000.0,905700000.0,981904755.1954913,0.20403311025008805,0.16362352194559096,21.765829545052277,30.64056524794761,0.032636473639042374,32.490715545470096,0.030778023297163778,27.181105583279773,1.0039748261013581,1.5289017341040463,3059600000.0,53600000.0,0.5187802032994501,7.0,0.15954692320888625,0.16475793622887916,43.07692307692308,-0.1828579025377097,0.9810811875545232,260.0,[],True,1.0,ig,Capital Goods,62.16216216216216,68.29268292682927,40.625,54.87804878048781,64.28571428571429,35.8974358974359,54.05405405405405,51.21951219512195,50.0,1.0,44.42922747130226,"{'profitability': 66.5, 'growth': 86.0, 'balance': 49.0, 'stability': 66.2}",46.263178728972704,False,0.0978527188096221,27.784326699831862,,45.34620310013749,,False,"{""floor"": false, ""depressed_arms"": {""self_pct"": false, ""self_z"": false, ""median_ratio"": false}, ""yield_arm"": false, ""residual_arm"": false, ""brakes"": {""gm"": true, ""fcf_margin"": true, ""roic"": true}, ""self_pct"": 43.07692307692308, ""self_z"": -0.1828579025377097, ""median_ratio"": 0.9810811875545232, ""fcf_yield"": 0.032636473639042374, ""yield_threshold"": 0.0495, ""gs10"": 0.0495, ""residual_pct"": null, ""brake_values"": {""gm"": 1.0994657463862387, ""fcf_margin"": 1.2076312031016794, ""roic"": 1.0255510959078005}}",False,"{""floor"": false, ""mom_sector_pct"": 50.0, ""eps_rev_proxy"": null}"
OMC,29989,Omnicom Group,Communication Services,Advertising,Media and Entertainment,28.733744010951405,5.9986310746064335,236660724.19884902,0.1811237627775082,-0.14512778670536308,0.009709885260498208,10.0,0.16772482089715476,0.247747676294742,0.09485015064372773,0.08567130858550796,0.4167021354166537,0.09465934836179912,0.08925942214658585,0.43578075114916864,5,9,False,0.0557075161852465,0.11075007077923482,0.12339290009419623,False,0.09459050463065721,0.14543693630072033,0.13519198563386534,0.5639624721296204,1.533333740786608,1.4281947633650056,,20.76923076923077,-0.35878500053920803,0.7771116721800796,260.0,gm_derived,74.69999694824219,285006196.0,21289961971.430115,29707961971.430115,17855100000.0,8418000000.0,3171800000.0,181500000.0,107100000.0,384600000.0,7783000000.0,19824400000.0,638300000.0,2990300000.0,2883200000.0,2680100000.0,1022900000.0,63000000.0,,,,46.54231861417846,10.303815889092022,0.0970514235467498,11.084646830875757,0.09021487244993207,337.93590430841454,47.46507936507936,7.608759409521947,18733900000.0,4945200000.0,1.3261813151424522,,,,10.384615384615385,-0.6692222793721,0.6891799577515804,260.0,[],True,0.8,ig,Media and Entertainment,,33.33333333333333,25.0,,72.22222222222221,100.0,0.0,11.111111111111114,90.9090909090909,1.0,11.102625670280672,"{'profitability': 34.3, 'growth': 69.4, 'balance': 0.0, 'stability': 32.2}",62.23599443991146,False,,,,36.66931005509606,,False,"{""floor"": false, ""depressed_arms"": {""self_pct"": true, ""self_z"": false, ""median_ratio"": true}, ""yield_arm"": true, ""residual_arm"": false, ""brakes"": {""gm"": false, ""fcf_margin"": true, ""roic"": false}, ""self_pct"": 10.384615384615385, ""self_z"": -0.6692222793721, ""median_ratio"": 0.6891799577515804, ""fcf_yield"": 0.0970514235467498, ""yield_threshold"": 0.0495, ""gs10"": 0.0495, ""residual_pct"": null, ""brake_values"": {""gm"": 0.5639624721296204, ""fcf_margin"": 1.533333740786608, ""roic"": null}}",False,"{""floor"": false, ""mom_sector_pct"": 90.9090909090909, ""eps_rev_proxy"": null}"
GRMN,1121788,Garmin,Consumer Discretionary,Consumer Electronics,Consumer Durables and Apparel,13.78507871321013,5.9986310746064335,235718371.69436413,0.20086545882120732,-0.04730769681788838,0.24715221929428788,10.0,0.5813631200164734,0.008753557192912046,0.15319511106563782,0.1651931352329626,0.3194510232230973,0.16811516279952407,0.17698897760119048,0.2696051643643785,8,9,False,0.11594339557461586,0.0748829109184983,0.0637569252425898,False,0.5913854255189874,0.17149244450863482,0.18610502887963934,1.0172393211014659,1.1194381029245597,1.1070091821614452,1.077267798842685,88.07692307692308,1.4082482210116656,1.3604463440862598,260.0,,295.0400085449219,192856206.0,56900296666.18121,54578985666.18121,6949713000.0,-2321311000.0,1748559000.0,297001000.0,171554000.0,187934000.0,-2321311000.0,7463909000.0,1974917000.0,1451558000.0,1280004000.0,1389071000.0,2162851000.0,1736196000.0,1634349798.2026572,0.1724463366295104,0.2351679555979732,27.636090866695266,42.639699302643756,0.023452322984322684,39.291717749619146,0.025450656201196322,32.77296841265687,0.8360565281799981,-1.0732644088751375,750633000.0,,0.10800920843781607,10.0,0.21830036677102527,0.23261318568123762,83.07692307692308,0.7227267605768054,1.3047981794175092,260.0,[],True,1.0,ig,Consumer Durables and Apparel,62.5,100.0,62.5,100.0,70.0,11.11111111111111,60.0,11.111111111111114,75.75757575757575,1.0,67.56232686572459,"{'profitability': 83.0, 'growth': 79.5, 'balance': 100.0, 'stability': 77.6}",17.432860015864183,True,0.3962629634435646,28.689257925363798,66.21621621621621,42.49759344079438,3.0,False,"{""floor"": true, ""depressed_arms"": {""self_pct"": false, ""self_z"": false, ""median_ratio"": false}, ""yield_arm"": false, ""residual_arm"": false, ""brakes"": {""gm"": true, ""fcf_margin"": true, ""roic"": true}, ""self_pct"": 83.07692307692308, ""self_z"": 0.7227267605768054, ""median_ratio"": 1.3047981794175092, ""fcf_yield"": 0.023452322984322684, ""yield_threshold"": 0.0495, ""gs10"": 0.0495, ""residual_pct"": 66.21621621621621, ""brake_values"": {""gm"": 1.0172393211014659, ""fcf_margin"": 1.1194381029245597, ""roic"": 1.077267798842685}}",False,"{""floor"": true, ""mom_sector_pct"": 75.75757575757575, ""eps_rev_proxy"": 3.0}"
GNRC,1474735,Generac,Industrials,Heavy Electrical Equipment,Capital Goods,5.51129363449692,5.9986310746064335,232442739.13408604,0.09229213992382657,-0.29052478100644497,0.1769774649264133,9.0,0.3614873028304954,0.06095382596077019,0.06630728926210988,0.07417617114918612,0.6649912494157956,0.05951821452239421,0.07897952040894962,0.8828530891345456,7,9,False,0.1111342884289317,-0.08775322776285444,-0.13409904030539777,False,0.39539422519764655,0.07394341447061908,0.06360870627016905,1.0937983771536517,1.1151626811092206,1.0687267214011564,0.7101852009954744,59.79381443298969,0.4402572523629234,1.491492521496346,194.0,,198.0500030517578,59006361.0,11686209976.123123,12826246976.123123,4017660000.0,1140037000.0,548133000.0,168884000.0,51034000.0,214757000.0,1140032000.0,4438732000.0,421488000.0,379249000.0,328215000.0,282342000.0,636245000.0,260041000.0,323490124.19659567,0.23250454533321074,0.08051704828098835,30.430871047629168,39.07879583846906,0.025589324812705788,45.42805171077319,0.0220128304503724,44.93987477406687,1.4584200183817166,1.7918129022624931,1651751000.0,721188000.0,0.5906271312156828,8.0,0.11337471995773316,0.1132596709722605,52.17391304347826,0.012908944636731541,1.053608483731223,207.0,['fcf_cagr5 gate'],False,1.0,ig,Capital Goods,27.027027027027028,24.390243902439025,53.125,63.41463414634146,22.61904761904762,82.05128205128204,43.24324324324324,21.951219512195124,51.5625,1.0,23.08320899880118,"{'profitability': 34.9, 'growth': 46.3, 'balance': 40.3, 'stability': 57.8}",31.28343989321495,False,0.34821049117866876,27.587686249558665,,27.183324446008065,,False,"{""floor"": false, ""depressed_arms"": {""self_pct"": false, ""self_z"": false, ""median_ratio"": false}, ""yield_arm"": false, ""residual_arm"": false, ""brakes"": {""gm"": true, ""fcf_margin"": true, ""roic"": false}, ""self_pct"": 52.17391304347826, ""self_z"": 0.012908944636731541, ""median_ratio"": 1.053608483731223, ""fcf_yield"": 0.025589324812705788, ""yield_threshold"": 0.0495, ""gs10"": 0.0495, ""residual_pct"": null, ""brake_values"": {""gm"": 1.0937983771536517, ""fcf_margin"": 1.1151626811092206, ""roic"": 0.7101852009954744}}",False,"{""floor"": false, ""mom_sector_pct"": 51.5625, ""eps_rev_proxy"": null}"
WSM,719955,"Williams-Sonoma, Inc.",Consumer Discretionary,Homefurnishing Retail,Consumer Discretionary Distribution and Retail,1.5058179329226558,5.9986310746064335,231322730.8273893,0.18401073558046144,-0.09182617852601482,0.15162662534003069,10.0,0.4433456988056802,0.038490248614738834,0.12706312368603515,0.1272614776539619,0.22871553051075788,0.13039290641401502,0.13095178036792912,0.18988302416064007,7,9,False,0.02850878391314704,-0.009193537164358001,-0.007229080269054777,False,0.4719449564755515,0.1527035825410523,0.15702729590778744,1.064507804512177,1.2017930782055468,1.2042625647840433,0.9687432205568355,74.61538461538461,1.7506697307222194,3.1646013466984737,260.0,,228.66000366210938,117779173.0,26931386129.500214,27437669129.500214,2647197000.0,506283000.0,1609073000.0,265579000.0,121078000.0,230967000.0,506283000.0,8005156000.0,1537433000.0,1343494000.0,1222416000.0,1257028000.0,1768400000.0,1178646000.0,1150976245.328662,0.25136494056738606,0.4347905521684491,17.84641615569603,22.445443392020568,0.04455247252346565,21.82741285754988,0.04581394994112232,22.849427333991898,1.1398621808414062,0.2862943904094096,77369000.0,,0.029226763251847143,10.0,0.44881919474856363,0.41981016915734803,76.53846153846153,1.8024687746218258,3.1762501364193167,260.0,[],True,1.0,ig,Consumer Discretionary Distribution and Retail,87.5,87.5,77.77777777777779,93.75,55.55555555555556,88.88888888888889,75.0,22.222222222222214,69.6969696969697,1.0,44.81132574627202,"{'profitability': 75.5, 'growth': 11.9, 'balance': 90.5, 'stability': 73.6}",29.904748849238274,False,-0.26041920385310613,29.12237649759698,,37.358037297755146,,False,"{""floor"": false, ""depressed_arms"": {""self_pct"": false, ""self_z"": false, ""median_ratio"": false}, ""yield_arm"": false, ""residual_arm"": false, ""brakes"": {""gm"": true, ""fcf_margin"": true, ""roic"": true}, ""self_pct"": 76.53846153846153, ""self_z"": 1.8024687746218258, ""median_ratio"": 3.1762501364193167, ""fcf_yield"": 0.04455247252346565, ""yield_threshold"": 0.0495, ""gs10"": 0.0495, ""residual_pct"": null, ""brake_values"": {""gm"": 1.064507804512177, ""fcf_margin"": 1.2017930782055468, ""roic"": 0.9687432205568355}}",False,"{""floor"": false, ""mom_sector_pct"": 69.6969696969697, ""eps_rev_proxy"": null}"
CRL,1100682,Charles River Laboratories,Health Care,Life Sciences Tools & Services,Pharmaceuticals Biotechnology and Life Sciences,5.366187542778919,5.9986310746064335,230787059.94115272,0.962170199181843,-0.002540736453799375,0.9819601997857854,10.0,,,0.09496074369946848,0.10659757347489092,0.21444085952020764,0.07861432615046224,0.07209893716025707,0.20595312048383602,7,9,False,0.06549616324686203,0.0641150832577817,0.006144692963417908,False,,0.07190420974111694,0.05031399201847868,,0.7571993114194556,0.6400104724192544,0.2182226519264275,99.23076923076923,3.135886205919555,1.8673811815410004,260.0,gm_derived,294.44000244140625,47738872.0,14056233588.22998,15993017588.22998,4776420000.0,1936784000.0,582148000.0,211543000.0,83061000.0,297882000.0,1930430000.0,3998987000.0,90144000.0,370605000.0,287544000.0,201205000.0,388026000.0,-238458000.0,73634153.8625793,0.18314969534767375,0.015416180709104162,177.41632929790092,55.61937508078757,0.01797934619990772,79.48618368445108,0.012580802771584288,,,4.97500167514548,3076851000.0,253174000.0,0.6971801056021036,3.0,0.07064427351154012,0.09347342300526175,85.38461538461539,1.0182368322177595,1.3737715790713563,260.0,[],True,0.8,ig,Pharmaceuticals Biotechnology and Life Sciences,25.0,16.666666666666664,,29.166666666666668,62.5,,8.333333333333343,0.0,97.61904761904762,1.0,16.6556562673617,"{'profitability': 18.2, 'growth': 54.0, 'balance': 0.0, 'stability': 70.9}",11.351250668482955,False,0.47678515124905374,34.52716694972353,,14.003453467922327,,False,"{""floor"": false, ""depressed_arms"": {""self_pct"": false, ""self_z"": false, ""median_ratio"": false}, ""yield_arm"": false, ""residual_arm"": false, ""brakes"": {""gm"": false, ""fcf_margin"": false, ""roic"": false}, ""self_pct"": 85.38461538461539, ""self_z"": 1.0182368322177595, ""median_ratio"": 1.3737715790713563, ""fcf_yield"": 0.01797934619990772, ""yield_threshold"": 0.0495, ""gs10"": 0.0495, ""residual_pct"": null, ""brake_values"": {""gm"": null, ""fcf_margin"": 0.7571993114194556, ""roic"": 0.2182226519264275}}",False,"{""floor"": false, ""mom_sector_pct"": 97.61904761904762, ""eps_rev_proxy"": null}"
FFIV,1048695,"F5, Inc.",Information Technology,Communications Equipment,Technology Hardware and Equipment,15.764544832306639,5.9986310746064335,230336972.89785534,0.2135315546520824,0.0,0.37454980301239793,10.0,0.8031229335139299,0.0109350533114446,0.14842066001746476,0.14260725139585836,0.2540876570316046,0.12304448178940015,0.11004503314107311,0.5233864246278732,9,9,False,0.05607201474998624,0.08566473257280083,0.1150137046003683,False,0.8186552452277378,0.2172075814696138,0.21190197900966115,1.0193398931416997,1.4634592073910386,1.7221575151362518,1.4258809432378443,59.61538461538461,0.06116735305268448,1.0377649423066355,260.0,,446.54998779296875,56627182.0,25286867430.85022,23933465430.85022,2502327000.0,-1353402000.0,1049441000.0,79846000.0,250783000.0,97404000.0,-1353402000.0,3309332000.0,812125000.0,969595000.0,718812000.0,701254000.0,909529000.0,726510000.0,691366409.872429,0.14869458535024907,0.27628939378124,29.470174456949632,33.29586238244523,0.03003376180841124,34.12952429626101,0.02930014468761737,34.805945452712585,1.3345927791771621,-1.4880251206943373,2482495000.0,69552000.0,1.0198695054643139,7.0,0.19376750568939577,0.1685951130117355,69.61538461538461,0.6499550212055957,1.1910168792372673,260.0,[],True,1.0,ig,Technology Hardware and Equipment,47.61904761904761,68.42105263157895,100.0,47.61904761904761,64.28571428571429,76.19047619047619,95.0,42.85714285714286,54.23728813559322,1.0,65.50083399016017,"{'profitability': 70.7, 'growth': 59.1, 'balance': 100.0, 'stability': 86.2}",35.14386714434708,True,-0.06567927001623097,35.55612402394479,33.78378378378378,50.32235056725362,4.0,False,"{""floor"": true, ""depressed_arms"": {""self_pct"": false, ""self_z"": false, ""median_ratio"": false}, ""yield_arm"": false, ""residual_arm"": false, ""brakes"": {""gm"": true, ""fcf_margin"": true, ""roic"": true}, ""self_pct"": 69.61538461538461, ""self_z"": 0.6499550212055957, ""median_ratio"": 1.1910168792372673, ""fcf_yield"": 0.03003376180841124, ""yield_threshold"": 0.0495, ""gs10"": 0.0495, ""residual_pct"": 33.78378378378378, ""brake_values"": {""gm"": 1.0193398931416997, ""fcf_margin"": 1.4634592073910386, ""roic"": 1.4258809432378443}}",False,"{""floor"": true, ""mom_sector_pct"": 54.23728813559322, ""eps_rev_proxy"": 4.0}"
DOV,29905,Dover Corporation,Industrials,Industrial Machinery & Supplies & Components,Capital Goods,40.90075290896646,5.9986310746064335,226883026.7938458,0.19163887215773845,-0.18870493721758652,0.12990863507213724,10.0,0.37974150854078975,0.02567880190192772,0.1114150229008857,0.11550267412209385,0.21983569557604066,0.09475671352172418,0.10049612492903513,0.23767570986017078,6,9,False,0.03899422656407947,0.03543843341733166,0.02691420761036989,False,0.39583429328486786,0.134880038914258,0.11430196362143913,1.0423782609541867,1.2106090848650337,1.2062677078308963,0.911721059704058,10.76923076923077,-0.7290897417078713,0.8685159350447068,260.0,,187.88999938964844,134680225.0,25305067393.047714,27747356393.047714,10146293000.0,2442289000.0,1395359000.0,218730000.0,40863000.0,392009000.0,2442289000.0,8420564000.0,1420151000.0,1176629000.0,1135766000.0,962487000.0,1812160000.0,1134750000.0,1153085118.1254156,0.18805456734853157,0.11364595110011268,19.538314160288387,24.430522126078536,0.040932403934688846,28.82881160269979,0.034687520726881124,22.300125484069365,1.03690592641551,1.3477226072752957,5376664000.0,1642611000.0,0.6918068500485842,8.0,0.12464991335946744,0.1220213861711389,5.384615384615385,-0.8698444580661094,0.8562047126013227,260.0,[],True,1.0,ig,Capital Goods,43.24324324324324,60.97560975609756,65.625,63.41463414634146,64.28571428571429,38.46153846153847,62.16216216216216,63.41463414634146,62.5,1.0,32.397076277380414,"{'profitability': 51.5, 'growth': 31.0, 'balance': 55.1, 'stability': 69.8}",62.45304759452186,False,-0.12350734142689479,27.642117302355402,,47.425061935951135,,False,"{""floor"": false, ""depressed_arms"": {""self_pct"": true, ""self_z"": false, ""median_ratio"": false}, ""yield_arm"": false, ""residual_arm"": false, ""brakes"": {""gm"": true, ""fcf_margin"": true, ""roic"": true}, ""self_pct"": 5.384615384615385, ""self_z"": -0.8698444580661094, ""median_ratio"": 0.8562047126013227, ""fcf_yield"": 0.040932403934688846, ""yield_threshold"": 0.0495, ""gs10"": 0.0495, ""residual_pct"": null, ""brake_values"": {""gm"": 1.0423782609541867, ""fcf_margin"": 1.2106090848650337, ""roic"": 0.911721059704058}}",False,"{""floor"": false, ""mom_sector_pct"": 62.5, ""eps_rev_proxy"": null}"
DECK,910521,Deckers Brands,Consumer Discretionary,Footwear,Consumer Durables and Apparel,2.521560574948665,5.9986310746064335,226355237.2875971,-0.17027507874102366,-0.34070720027167656,-0.2561217471653051,10.0,0.5451392780020936,0.059427068706471076,0.1473557935506418,0.1846130424910723,0.5143436801086595,0.1521816236314129,0.18798634951937696,0.5174322271175997,9,9,False,0.1653985803329907,0.14238355335082042,0.14769983454089708,False,0.5780379857105354,0.1937606302113025,0.19409406672963908,1.0603491787071624,1.3149169472234747,1.2754106711316144,,53.84615384615385,0.27157779527946807,1.4915044653257519,260.0,,78.68000030517578,136414227.0,10733071421.990318,9633892421.990318,1202503000.0,-1099179000.0,1193713000.0,75905000.0,46837000.0,74062000.0,-1104821000.0,5527289000.0,1252917000.0,1117808000.0,1070971000.0,1072814000.0,1326979000.0,1014840000.0,,,,7.689170489338335,8.99547459454114,0.11116700842075028,8.980021161161504,0.11135831219696779,10.576121774851522,1.1014622994757794,-0.8325836354606968,13990000.0,15699000.0,0.024689335494381303,,,,53.84615384615385,0.2156037652023528,1.3756183569941358,260.0,[],True,0.8,ig,Consumer Durables and Apparel,,90.0,37.5,,70.0,44.44444444444444,50.0,77.77777777777777,33.33333333333333,1.0,61.832579062904,"{'profitability': 73.8, 'growth': 100.0, 'balance': 100.0, 'stability': 69.1}",70.18439716312056,True,,,,66.00848811301228,-5.0,False,"{""floor"": true, ""depressed_arms"": {""self_pct"": false, ""self_z"": false, ""median_ratio"": false}, ""yield_arm"": true, ""residual_arm"": false, ""brakes"": {""gm"": true, ""fcf_margin"": true, ""roic"": false}, ""self_pct"": 53.84615384615385, ""self_z"": 0.2156037652023528, ""median_ratio"": 1.3756183569941358, ""fcf_yield"": 0.11116700842075028, ""yield_threshold"": 0.0495, ""gs10"": 0.0495, ""residual_pct"": null, ""brake_values"": {""gm"": 1.0603491787071624, ""fcf_margin"": 1.3149169472234747, ""roic"": null}}",False,"{""floor"": true, ""mom_sector_pct"": 33.33333333333333, ""eps_rev_proxy"": -5.0}"
PODD,1145197,Insulet Corporation,Health Care,Health Care Equipment,Health Care Equipment and Services,3.5318275154004106,5.9986310746064335,225810826.81356716,-0.5436163368465016,-0.5918845993465001,-0.5730188717632174,3.0,0.6798617974467656,0.049304298760763844,0.002716455016479327,0.01278651817806847,1.7933526908063109,0.03384511812113236,0.014436391491367627,1.7870425256672648,9,9,False,0.2452622671955278,,,False,0.7107486736097465,0.07067531276609682,0.10938625794196634,1.0454311100858693,26.01747952288783,3.231965613193333,1.4667004300967132,8.55614973262032,-0.194001883393931,0.3008288708796896,187.0,,135.77999877929688,69354199.0,9416913055.559113,10321413055.559113,2326700000.0,904500000.0,511200000.0,217500000.0,77900000.0,99300000.0,904500000.0,3053400000.0,515700000.0,293700000.0,215800000.0,334000000.0,615000000.0,375300000.0,391231473.620376,0.24135839902971498,0.16814865415411354,20.01437474415186,47.82860544744723,0.02090798990781307,30.902434298081175,0.032359910237301046,25.091694792323775,0.7825739408473221,1.4707317073170731,51600000.0,115100000.0,0.07164653801521469,3.0,0.11464417048205675,0.13872106706596404,,,,,"['mktcap<10B', 'fcf_cagr5 gate']",False,0.9,ig,Health Care Equipment and Services,48.148148148148145,3.4482758620689653,77.27272727272727,41.07142857142857,5.0,13.793103448275861,55.55555555555556,50.0,2.380952380952381,1.0,42.17327042656028,"{'profitability': 37.2, 'growth': 100.0, 'balance': 51.0, 'stability': 70.1}",,False,0.6376727970979412,25.278420920214902,,,,False,"{""floor"": false, ""depressed_arms"": {""self_pct"": false, ""self_z"": false, ""median_ratio"": false}, ""yield_arm"": false, ""residual_arm"": false, ""brakes"": {""gm"": true, ""fcf_margin"": true, ""roic"": true}, ""self_pct"": null, ""self_z"": null, ""median_ratio"": null, ""fcf_yield"": 0.02090798990781307, ""yield_threshold"": 0.0495, ""gs10"": 0.0495, ""residual_pct"": null, ""brake_values"": {""gm"": 1.0454311100858693, ""fcf_margin"": 26.01747952288783, ""roic"": 1.4667004300967132}}",False,"{""floor"": false, ""mom_sector_pct"": 2.380952380952381, ""eps_rev_proxy"": null}"
XYL,1524472,Xylem Inc.,Industrials,Industrial Machinery & Supplies & Components,Capital Goods,14.899383983572895,5.9986310746064335,225672395.1083839,-0.21086261808022533,-0.3120146188275692,-0.27218715034877095,10.0,0.37725824070431696,0.013825168144425571,0.07755615633853155,0.06871265616512764,0.40858954143422394,0.05960558095440736,0.0584932995291561,0.3663197535199703,8,9,False,0.1405593869282733,0.07259723371599303,0.023044746725821685,False,0.39239535393381547,0.09938636861713784,0.07484111330265177,1.0401240094881388,1.2814762013645664,1.2556058024146792,,0.38461538461538464,-0.5870241133386247,0.6520208684500148,260.0,,102.66000366210938,233486812.0,23969756974.974243,25997756974.974243,12449000000.0,2028000000.0,1301000000.0,341000000.0,53000000.0,565000000.0,2025000000.0,9126000000.0,1321000000.0,960000000.0,907000000.0,683000000.0,1886000000.0,1018000000.0,,,,19.680361071138716,28.66345862731449,0.03488762514678052,38.06406584915702,0.02627149721637386,23.545930230819494,0.9430255402750491,1.0737009544008485,8256000000.0,168000000.0,0.6766808579002329,,,,0.38461538461538464,-0.5359642773833083,0.6309901169253948,260.0,[],True,0.8,ig,Capital Goods,,34.146341463414636,62.5,,64.28571428571429,30.76923076923077,64.86486486486487,60.97560975609756,12.5,1.0,39.46242310104976,"{'profitability': 27.5, 'growth': 80.2, 'balance': 64.2, 'stability': 72.6}",67.48237472618258,False,,,,53.472398913616175,,False,"{""floor"": false, ""depressed_arms"": {""self_pct"": true, ""self_z"": false, ""median_ratio"": true}, ""yield_arm"": false, ""residual_arm"": false, ""brakes"": {""gm"": true, ""fcf_margin"": true, ""roic"": false}, ""self_pct"": 0.38461538461538464, ""self_z"": -0.5359642773833083, ""median_ratio"": 0.6309901169253948, ""fcf_yield"": 0.03488762514678052, ""yield_threshold"": 0.0495, ""gs10"": 0.0495, ""residual_pct"": null, ""brake_values"": {""gm"": 1.0401240094881388, ""fcf_margin"": 1.2814762013645664, ""roic"": null}}",False,"{""floor"": false, ""mom_sector_pct"": 12.5, ""eps_rev_proxy"": null}"
RL,1037038,Ralph Lauren Corporation,Consumer Discretionary,"Apparel, Accessories & Luxury Goods",Consumer Durables and Apparel,19.644079397672826,5.9986310746064335,220202111.78399378,0.1436365530878636,-0.1459769822063045,0.13659454046123476,9.0,0.6731908040771881,0.026368850272516644,0.08590061516048361,0.0982996116029336,0.4852857448309943,0.08454448625420616,0.09984595477232115,0.49348678883700586,6,9,False,0.13017585944048937,0.16038850681605243,,False,0.702688146304098,0.09170337035618537,0.1156644963615473,1.0438172091006872,1.0675519632177344,1.3680903567592841,1.3061640378337958,56.896551724137936,0.14725779025339325,1.0966362221467223,232.0,shares_was_proxy,351.8599853515625,60100000.0,21146785119.628906,22209085119.628906,3783900000.0,1062300000.0,1317400000.0,436600000.0,114600000.0,236400000.0,1062300000.0,8355200000.0,1248000000.0,880800000.0,766200000.0,966400000.0,1484400000.0,982900000.0,987727836.3797407,0.20855141315725903,0.2610343392742252,17.79574128175393,28.986015556811417,0.03449939499411503,22.98125529762925,0.04351372399153323,21.514686254582262,0.8961237155356598,0.715642683912692,899500000.0,93300000.0,0.2623747984883321,7.0,0.19984805255175828,0.190698964556656,74.49392712550608,0.02380105599003421,1.7503955734579146,247.0,[],True,1.0,ig,Consumer Durables and Apparel,50.0,50.0,75.0,72.22222222222221,25.0,22.22222222222222,30.0,33.33333333333334,57.57575757575758,1.0,44.7223404939789,"{'profitability': 66.0, 'growth': 100.0, 'balance': 76.1, 'stability': 56.4}",31.07322275355366,False,0.012126752358532666,28.63663204955843,,37.89778162376628,,False,"{""floor"": false, ""depressed_arms"": {""self_pct"": false, ""self_z"": false, ""median_ratio"": false}, ""yield_arm"": false, ""residual_arm"": false, ""brakes"": {""gm"": true, ""fcf_margin"": true, ""roic"": true}, ""self_pct"": 74.49392712550608, ""self_z"": 0.02380105599003421, ""median_ratio"": 1.7503955734579146, ""fcf_yield"": 0.03449939499411503, ""yield_threshold"": 0.0495, ""gs10"": 0.0495, ""residual_pct"": null, ""brake_values"": {""gm"": 1.0438172091006872, ""fcf_margin"": 1.0675519632177344, ""roic"": 1.3061640378337958}}",False,"{""floor"": false, ""mom_sector_pct"": 57.57575757575758, ""eps_rev_proxy"": null}"
LVS,1300514,Las Vegas Sands,Consumer Discretionary,Casinos & Gaming,Consumer Services,6.978781656399726,5.9986310746064335,217805733.62807545,-0.1480174409060323,-0.4230157790073371,-0.26889150666842254,7.0,,,-0.033700289625769264,0.1383575324575555,2.640444568868794,0.09702989786465398,0.22217100714450333,1.1621407839663513,6,9,False,0.34658172096858997,,,False,,0.19221517603323857,0.26160798892047527,,-5.703665403702029,2.696158551927877,2.403995642292418,,,,,,38.650001525878906,647701184.0,25033651749.913574,38087651749.913574,13635000000.0,13054000000.0,3732000000.0,1029000000.0,66000000.0,77000000.0,12738000000.0,13719000000.0,2948000000.0,2703000000.0,2637000000.0,3589000000.0,3025000000.0,1727000000.0,2458345004.269855,0.16609735269000853,0.18029666331278732,12.91982759495033,14.443553943842842,0.06923503757371925,10.61232982722585,0.09423001511265772,14.495455558722394,1.5651418645049218,4.210909090909091,103000000.0,488000000.0,0.04334433443344334,7.0,0.0749987479764559,0.1393881061823174,0.6024096385542169,-0.41384587386497956,0.5549248468547929,166.0,['fcf_cagr5 gate'],False,0.9,ig,Consumer Services,50.0,23.076923076923077,,76.92307692307693,30.76923076923077,69.23076923076923,11.111111111111114,69.23076923076923,39.39393939393939,1.0,24.44773920659385,"{'profitability': 62.5, 'growth': 100.0, 'balance': 0.0, 'stability': 44.4}",78.64612502006995,False,-0.4605046795853558,22.891207863876975,,51.5469321133319,,False,"{""floor"": false, ""depressed_arms"": {""self_pct"": true, ""self_z"": false, ""median_ratio"": true}, ""yield_arm"": true, ""residual_arm"": false, ""brakes"": {""gm"": false, ""fcf_margin"": false, ""roic"": true}, ""self_pct"": 0.6024096385542169, ""self_z"": -0.41384587386497956, ""median_ratio"": 0.5549248468547929, ""fcf_yield"": 0.06923503757371925, ""yield_threshold"": 0.0495, ""gs10"": 0.0495, ""residual_pct"": null, ""brake_values"": {""gm"": null, ""fcf_margin"": -5.703665403702029, ""roic"": 2.403995642292418}}",False,"{""floor"": false, ""mom_sector_pct"": 39.39393939393939, ""eps_rev_proxy"": null}"
ZBRA,877212,Zebra Technologies,Information Technology,Electronic Equipment & Instruments,Technology Hardware and Equipment,6.757015742642026,5.9986310746064335,217095158.9835623,0.18907837765832625,-0.03025308620760092,0.2179338142046774,9.0,0.46980986097445443,0.02398001504640197,0.09756189472170244,0.12379540400296515,0.6639099010213969,0.07645980771507294,0.10544848035581912,0.9339652698845281,7,9,False,0.03939693656763299,-0.014729232461778152,-0.05748088617015479,False,0.495809817000171,0.12485035060714897,0.1017615871387036,1.055341443816843,1.2797040377627706,1.3309160744677466,0.8657274000436184,60.09615384615385,0.06978367382055085,1.1234609024676157,208.0,,365.1000061035156,47310660.0,17273122254.761353,20078122254.761353,6240000000.0,2805000000.0,979000000.0,75000000.0,174000000.0,210000000.0,2805000000.0,5847000000.0,858000000.0,904000000.0,730000000.0,595000000.0,1068000000.0,539000000.0,652273624.8236954,0.2397743300423131,0.10453102961918195,23.401074888999247,27.50427706131692,0.036357981624844764,33.7447432853132,0.029634245296962514,32.04660900697839,1.6771799628942485,2.6264044943820224,4701000000.0,809000000.0,0.8830128205128205,5.0,0.12074358465946129,0.09327397055776941,49.14529914529914,-0.006909403044412667,0.9818775355971692,234.0,[],True,1.0,ig,Technology Hardware and Equipment,23.809523809523807,42.10526315789473,65.0,35.714285714285715,26.190476190476193,95.23809523809523,5.0,71.42857142857143,50.847457627118644,1.0,17.150793269964186,"{'profitability': 48.1, 'growth': 16.4, 'balance': 12.5, 'stability': 61.5}",50.37851910751422,False,-0.246937614701757,35.20820446311311,,33.7646561887392,,False,"{""floor"": false, ""depressed_arms"": {""self_pct"": false, ""self_z"": false, ""median_ratio"": false}, ""yield_arm"": false, ""residual_arm"": false, ""brakes"": {""gm"": true, ""fcf_margin"": true, ""roic"": false}, ""self_pct"": 49.14529914529914, ""self_z"": -0.006909403044412667, ""median_ratio"": 0.9818775355971692, ""fcf_yield"": 0.036357981624844764, ""yield_threshold"": 0.0495, ""gs10"": 0.0495, ""residual_pct"": null, ""brake_values"": {""gm"": 1.055341443816843, ""fcf_margin"": 1.2797040377627706, ""roic"": 0.8657274000436184}}",False,"{""floor"": false, ""mom_sector_pct"": 50.847457627118644, ""eps_rev_proxy"": null}"
WST,105770,West Pharmaceutical Services,Health Care,Health Care Supplies,Health Care Equipment and Services,6.3436002737850785,5.9986310746064335,215635057.29603696,0.2944433206958439,0.0,0.4330282121768463,10.0,0.3791735860692516,0.06548686709520675,0.12279722051539388,0.13261916062105905,0.18545619442774117,0.18142161542250174,0.1820370189649003,0.13157355400857676,8,9,False,0.07443769129295252,0.0948223416998002,0.11181063049575268,False,0.3678610075748467,0.12152819526271492,0.13472405915594565,0.9701651726016094,0.9896656842284157,0.7426020259063123,0.8469307175296453,88.84615384615384,1.4035824458793669,1.3984916922951287,260.0,,373.6000061035156,70375762.0,26292385112.739563,26164585112.739563,2862400000.0,-127800000.0,662200000.0,225300000.0,32600000.0,181400000.0,-127800000.0,3326800000.0,680400000.0,436900000.0,404300000.0,448200000.0,861800000.0,564900000.0,538944290.6574394,0.20790080738177624,0.18828405906143075,38.454710630128695,64.71576827291507,0.015452184632698263,58.377030595135125,0.017130025110995203,46.54343266549755,0.7734112232253496,-0.14829426781155722,108700000.0,17700000.0,0.044158747903856904,4.0,0.2223134137944881,0.21302831719844637,60.76923076923077,0.12227719360042394,1.0311317596755847,260.0,[],True,1.0,ig,Health Care Equipment and Services,81.48148148148148,68.96551724137932,27.27272727272727,51.78571428571429,58.333333333333336,10.344827586206897,77.77777777777777,6.666666666666671,61.904761904761905,1.0,62.66890964252944,"{'profitability': 71.4, 'growth': 70.5, 'balance': 100.0, 'stability': 78.6}",21.529272411086076,True,0.9262857654293715,25.62886153182929,87.83783783783784,42.099091026807756,7.0,False,"{""floor"": true, ""depressed_arms"": {""self_pct"": false, ""self_z"": false, ""median_ratio"": false}, ""yield_arm"": false, ""residual_arm"": false, ""brakes"": {""gm"": true, ""fcf_margin"": true, ""roic"": false}, ""self_pct"": 60.76923076923077, ""self_z"": 0.12227719360042394, ""median_ratio"": 1.0311317596755847, ""fcf_yield"": 0.015452184632698263, ""yield_threshold"": 0.0495, ""gs10"": 0.0495, ""residual_pct"": 87.83783783783784, ""brake_values"": {""gm"": 0.9701651726016094, ""fcf_margin"": 0.9896656842284157, ""roic"": 0.8469307175296453}}",False,"{""floor"": true, ""mom_sector_pct"": 61.904761904761905, ""eps_rev_proxy"": 7.0}"
SW,2005951,Smurfit Westrock,Materials,Paper & Plastic Packaging Products & Materials,Materials,2.21492128678987,5.9986310746064335,212156818.38870803,0.1802256583831654,-0.08136241120061272,0.12425718070692526,4.0,0.22182461030700198,0.11662156791952011,0.025978773487826887,0.03311503482748247,0.7169034564478736,0.03712011823201705,0.04092051571550309,0.7824427225351009,2,3,False,,,,False,0.17933984549575432,0.028730128327906532,0.014109685245482985,0.8084758731123234,1.1059078035908383,0.3801088444086102,,,,,,,46.0,524522908.0,24128053768.0,38343053768.0,32251000000.0,14215000000.0,3297000000.0,2282000000.0,115000000.0,2740000000.0,14191000000.0,31326000000.0,1477000000.0,1015000000.0,900000000.0,442000000.0,4217000000.0,497000000.0,1009181189.4882435,0.31673582295988933,0.03129146970600116,25.960090567366283,42.60339307555556,0.023472308842315368,86.74899042533937,0.011527511675892659,48.54739188732395,2.0422535211267605,3.3651885226464313,7175000000.0,1021000000.0,0.2541316548324083,0.0,,,,,,,"['rev_cagr5 gate', 'fcf_cagr5 gate']",False,0.8,ig,Materials,,14.285714285714285,35.714285714285715,14.285714285714285,14.285714285714285,90.9090909090909,9.090909090909093,33.33333333333334,57.14285714285714,0.7,3.6187211712666842,"{'profitability': 13.6, 'growth': None, 'balance': 0.0, 'stability': 46.7}",,False,,,,,,False,"{""floor"": false, ""depressed_arms"": {""self_pct"": false, ""self_z"": false, ""median_ratio"": false}, ""yield_arm"": false, ""residual_arm"": false, ""brakes"": {""gm"": false, ""fcf_margin"": true, ""roic"": false}, ""self_pct"": null, ""self_z"": null, ""median_ratio"": null, ""fcf_yield"": 0.023472308842315368, ""yield_threshold"": 0.0495, ""gs10"": 0.0495, ""residual_pct"": null, ""brake_values"": {""gm"": 0.8084758731123234, ""fcf_margin"": 1.1059078035908383, ""roic"": null}}",False,"{""floor"": false, ""mom_sector_pct"": 57.14285714285714, ""eps_rev_proxy"": null}"
LII,1069202,Lennox International,Industrials,Building Products,Capital Goods,1.754962354551677,5.9986310746064335,211632069.72153413,-0.23836651985377322,-0.3548059227108632,-0.287949490408949,10.0,0.30665839290725294,0.08210446337006892,0.09592610265844886,0.09165255954793639,0.39394069815478294,,,,6,9,False,0.07409513973577586,0.036527902202271534,,False,0.3368709346114344,0.12012628856175586,,1.0985218158151604,1.2522794654701372,,-0.44321335464834877,,,,,,367.7799987792969,34799968.0,12798732188.55957,13266732188.55957,1681900000.0,468000000.0,809500000.0,148800000.0,29100000.0,,468000000.0,5257800000.0,1063000000.0,660700000.0,631600000.0,,,813100000.0,856700664.0896026,0.19407275250272574,0.5093648041438864,12.480463018400348,21.00495913324821,0.047607805073856375,,,15.740661897133895,0.8125691796826958,,503700000.0,274000000.0,0.4623937213865271,9.0,-1.1492541883085248,0.7421120276314146,3.076923076923077,-1.1841982769726733,0.6024779023079557,260.0,[],True,0.9,ig,Capital Goods,2.7027027027027026,43.90243902439025,34.375,70.73170731707317,64.28571428571429,20.51282051282051,,92.6829268292683,6.25,0.7,32.59046833573243,"{'profitability': 68.3, 'growth': 46.1, 'balance': None, 'stability': 55.4}",75.02338978370335,False,,,,53.80692905971789,,False,"{""floor"": false, ""depressed_arms"": {""self_pct"": true, ""self_z"": true, ""median_ratio"": true}, ""yield_arm"": false, ""residual_arm"": false, ""brakes"": {""gm"": true, ""fcf_margin"": true, ""roic"": false}, ""self_pct"": 3.076923076923077, ""self_z"": -1.1841982769726733, ""median_ratio"": 0.6024779023079557, ""fcf_yield"": 0.047607805073856375, ""yield_threshold"": 0.0495, ""gs10"": 0.0495, ""residual_pct"": null, ""brake_values"": {""gm"": 1.0985218158151604, ""fcf_margin"": 1.2522794654701372, ""roic"": -0.44321335464834877}}",False,"{""floor"": false, ""mom_sector_pct"": 6.25, ""eps_rev_proxy"": null}"
LH,920148,Labcorp,Health Care,Health Care Services,Health Care Equipment and Services,21.897330595482547,5.9986310746064335,208285425.4390747,0.2062990987649831,-0.07946599306576607,0.11213075581077914,10.0,0.3071127043945487,0.12585442907183025,0.10546711065494778,0.0774242565422135,0.4333340904458086,0.0933498405688397,0.0634642437100754,0.5362573579245019,7,9,False,-0.00038374040677147114,-0.07213807399036487,-0.09835784744759202,False,0.28882771117925843,0.07176609980485085,0.05691385558962922,0.9404616189638333,0.6804595229658364,0.6096834792948446,,91.53846153846153,1.0966142266647638,1.3496895591320677,260.0,,308.95001220703125,81100000.0,25055845989.990234,31700345989.990234,15251300000.0,6644500000.0,1638400000.0,483200000.0,125500000.0,696300000.0,6624300000.0,14348000000.0,1496600000.0,1155200000.0,1029700000.0,816600000.0,2192900000.0,1002800000.0,,,,21.181575564606597,30.786001738360916,0.03248229531391046,38.819919164817826,0.025759971208448366,24.985885510560664,1.1519744714798563,3.0207943818687584,7030100000.0,3136600000.0,0.6666120265157724,,,,83.84615384615385,1.0193886618544212,1.3393502511710123,260.0,"['rev_cagr5 gate', 'fcf_cagr5 gate']",False,0.8,ig,Health Care Equipment and Services,,48.275862068965516,18.181818181818183,,58.333333333333336,37.93103448275862,18.51851851851852,40.0,47.61904761904761,1.0,6.273705344941185,"{'profitability': 28.7, 'growth': 0.0, 'balance': 0.0, 'stability': 54.6}",28.55319923247101,False,,,,17.413452288706097,,False,"{""floor"": false, ""depressed_arms"": {""self_pct"": false, ""self_z"": false, ""median_ratio"": false}, ""yield_arm"": false, ""residual_arm"": false, ""brakes"": {""gm"": false, ""fcf_margin"": false, ""roic"": false}, ""self_pct"": 83.84615384615385, ""self_z"": 1.0193886618544212, ""median_ratio"": 1.3393502511710123, ""fcf_yield"": 0.03248229531391046, ""yield_threshold"": 0.0495, ""gs10"": 0.0495, ""residual_pct"": null, ""brake_values"": {""gm"": 0.9404616189638333, ""fcf_margin"": 0.6804595229658364, ""roic"": null}}",False,"{""floor"": false, ""mom_sector_pct"": 47.61904761904761, ""eps_rev_proxy"": null}"
APA,1841666,APA Corporation,Energy,Oil & Gas Exploration & Production,Energy,29.16084873374401,5.9986310746064335,206757263.88896942,0.783056891389819,-0.026521030867762474,0.8308397716001223,4.0,0.4806949264706237,0.12787378975173047,0.14882482846329473,0.14634371934610071,0.5243235562296557,0.22930262358320685,0.22158228826838883,0.4127225259668044,1,3,False,,,,False,0.5148762207585738,0.2387008857597093,0.2657279127867363,1.0711080820821581,1.6039049950498083,1.1588524746656979,0.7028537535225448,,,,,sbc_unreported;facts_yf,43.68000030517578,350351510.0,15303354063.718796,19525354063.718796,11243000000.0,4222000000.0,4528000000.0,2426000000.0,,2188000000.0,3299000000.0,8806000000.0,3640000000.0,2102000000.0,2102000000.0,2340000000.0,5828000000.0,1677000000.0,2318493723.8493724,0.36305117476665594,0.20621664358706504,5.364108259263405,9.288941038876686,0.10765489799264892,8.34416840329863,0.11984417759410013,9.125434742825759,1.2534287418008347,0.5660603980782429,,,0.0,4.0,0.2933990784762174,0.23483588338642075,,,,,"['rev_cagr5 gate', 'fcf_cagr5 gate']",False,0.9,ig,Energy,90.9090909090909,75.0,80.0,68.18181818181817,13.636363636363635,80.0,63.63636363636363,90.9090909090909,81.81818181818183,0.7,23.122776621902723,"{'profitability': 79.3, 'growth': None, 'balance': 81.1, 'stability': 28.9}",,False,-0.7637408257513596,19.936762369571497,,,,False,"{""floor"": false, ""depressed_arms"": {""self_pct"": false, ""self_z"": false, ""median_ratio"": false}, ""yield_arm"": true, ""residual_arm"": false, ""brakes"": {""gm"": true, ""fcf_margin"": true, ""roic"": false}, ""self_pct"": null, ""self_z"": null, ""median_ratio"": null, ""fcf_yield"": 0.10765489799264892, ""yield_threshold"": 0.0495, ""gs10"": 0.0495, ""residual_pct"": null, ""brake_values"": {""gm"": 1.0711080820821581, ""fcf_margin"": 1.6039049950498083, ""roic"": 0.7028537535225448}}",False,"{""floor"": false, ""mom_sector_pct"": 81.81818181818183, ""eps_rev_proxy"": null}"
VRSN,1014473,Verisign,Information Technology,Internet Services & Infrastructure,Software and Services,20.646132785763175,5.9986310746064335,204062455.44185323,0.03919393167430285,-0.055687660021160434,0.03901598828919606,10.0,0.8682134854161827,0.011527041004784615,0.5354074857934782,0.5229138886939434,0.1278082584331425,,,,9,9,False,0.05540357333639068,0.09237710284589173,0.11723272617923519,True,0.8846536682475554,0.5804203993208034,,1.0189356455612897,1.0840722528573086,,,,,,,gm_derived;ev_or_ic_nonpos,291.8800048828125,90300000.0,26356764440.91797,25383577440.91797,-3227287000.0,-973187000.0,1101300000.0,35200000.0,74800000.0,,-1025439000.0,1707900000.0,1159000000.0,1066100000.0,991300000.0,,,850000000.0,892507700.6704113,0.22993295886936038,,21.901274754890395,25.606352709490537,0.039052808939453836,,,31.007958165785844,1.2542352941176471,,52500000.0,0.0,-0.016267533690062272,0.0,-0.31470886620955224,-0.3239741215158847,49.61538461538461,-0.0029549725565641213,0.9995555746104591,260.0,[],True,0.9,ig,Software and Services,5.263157894736842,100.0,88.88888888888889,15.0,63.63636363636363,28.57142857142857,,59.090909090909086,35.59322033898305,0.7,50.815074929702256,"{'profitability': 50.0, 'growth': 61.6, 'balance': None, 'stability': 92.5}",47.14524306868334,False,,,,48.980158999192795,,False,"{""floor"": false, ""depressed_arms"": {""self_pct"": false, ""self_z"": false, ""median_ratio"": false}, ""yield_arm"": false, ""residual_arm"": false, ""brakes"": {""gm"": true, ""fcf_margin"": true, ""roic"": false}, ""self_pct"": 49.61538461538461, ""self_z"": -0.0029549725565641213, ""median_ratio"": 0.9995555746104591, ""fcf_yield"": 0.039052808939453836, ""yield_threshold"": 0.0495, ""gs10"": 0.0495, ""residual_pct"": null, ""brake_values"": {""gm"": 1.0189356455612897, ""fcf_margin"": 1.0840722528573086, ""roic"": null}}",False,"{""floor"": false, ""mom_sector_pct"": 35.59322033898305, ""eps_rev_proxy"": null}"
TDY,1094285,Teledyne Technologies,Information Technology,Electronic Equipment & Instruments,Technology Hardware and Equipment,6.2587268993839835,5.9986310746064335,203321589.54683745,0.07771488582678421,-0.11468243839382453,0.06049112832178971,10.0,0.423165097333821,0.028893507037725467,0.14558990468914032,0.15668682140302972,0.3275123620630468,0.10754271720589204,0.12138352512840518,0.44529316284586484,8,9,False,0.1465689073362828,0.14425819528975348,0.11184464266532967,False,0.4333898092369478,0.17916980421686746,0.14566076807228914,1.024162465117157,1.2306471702102288,1.3544456738378627,1.1450368233649644,16.923076923076923,-0.15562430990675344,0.8458721638452409,260.0,sbc_unreported;gm_derived,612.02001953125,46355673.0,28370599894.84424,30224199894.84424,12772100000.0,1853600000.0,1271300000.0,129200000.0,,342800000.0,1853600000.0,6374400000.0,1239700000.0,1142100000.0,1142100000.0,928500000.0,1582500000.0,974800000.0,1011470711.2970711,0.18410041841004185,0.07919376698405674,24.38025320226203,26.463707113951703,0.037787600795838566,32.55164232078001,0.030720416197299805,29.104021229836107,1.171624948707427,1.1713112164297,8661900000.0,1193500000.0,0.7716350482692744,2.0,0.06916263771441597,0.07349148361525377,27.692307692307693,-0.22817529147687118,0.9081544368462745,260.0,[],True,1.0,ig,Technology Hardware and Equipment,9.523809523809524,63.1578947368421,50.0,16.666666666666664,64.28571428571429,61.904761904761905,40.0,66.66666666666667,42.3728813559322,1.0,51.25058673648843,"{'profitability': 49.7, 'growth': 100.0, 'balance': 61.0, 'stability': 75.2}",56.527769600453695,False,-0.2739207465439071,34.80270097474322,,53.88917816847106,,False,"{""floor"": false, ""depressed_arms"": {""self_pct"": false, ""self_z"": false, ""median_ratio"": false}, ""yield_arm"": false, ""residual_arm"": false, ""brakes"": {""gm"": true, ""fcf_margin"": true, ""roic"": true}, ""self_pct"": 27.692307692307693, ""self_z"": -0.22817529147687118, ""median_ratio"": 0.9081544368462745, ""fcf_yield"": 0.037787600795838566, ""yield_threshold"": 0.0495, ""gs10"": 0.0495, ""residual_pct"": null, ""brake_values"": {""gm"": 1.024162465117157, ""fcf_margin"": 1.2306471702102288, ""roic"": 1.1450368233649644}}",False,"{""floor"": false, ""mom_sector_pct"": 42.3728813559322, ""eps_rev_proxy"": null}"
PNR,77360,Pentair,Industrials,Industrial Machinery & Supplies & Components,Capital Goods,13.982203969883642,5.9986310746064335,199888406.2802016,-0.43125958972528156,-0.5217038118305908,-0.5109404222782559,10.0,0.36959247297878706,0.07233596821297011,0.13105494969997536,0.1389715257118572,0.28869820587985057,0.12289573019555984,0.1343763280917977,0.29946139304120867,6,9,False,0.06712183699096541,0.0784390887112405,0.06659620029731594,False,0.4093948551983438,0.16079289912666872,0.1492516003141137,1.1076926212776017,1.226912066234603,1.2144571668732074,0.9558018760851027,0.38461538461538464,-1.1603699802404635,0.6293700332300788,260.0,,53.029998779296875,161605541.0,8569941641.957611,10584041641.957611,5824200000.0,2014100000.0,786300000.0,70500000.0,40100000.0,119000000.0,2014100000.0,4202300000.0,864400000.0,715800000.0,675700000.0,627200000.0,983400000.0,671300000.0,742500340.7601572,0.14102228047182175,0.12748537837989032,12.244379502496079,15.663817732658888,0.06384139659101185,16.875066393427314,0.05925902610904636,12.7661874600888,1.066289289438403,2.048098434004474,3524700000.0,1057700000.0,0.7867861680574156,8.0,0.13338054838525895,0.13304199261865776,0.38461538461538464,-1.2304924853552803,0.6224920544206052,260.0,['mktcap<10B'],False,1.0,ig,Capital Goods,45.94594594594595,73.17073170731707,56.25,63.41463414634146,64.28571428571429,41.02564102564102,37.83783783783784,95.1219512195122,1.5625,1.0,31.806958637794878,"{'profitability': 59.7, 'growth': 60.7, 'balance': 31.7, 'stability': 61.7}",86.41240859847636,False,-0.5693945467037973,27.681048139889427,,59.10968361813562,,False,"{""floor"": false, ""depressed_arms"": {""self_pct"": true, ""self_z"": true, ""median_ratio"": true}, ""yield_arm"": true, ""residual_arm"": false, ""brakes"": {""gm"": true, ""fcf_margin"": true, ""roic"": true}, ""self_pct"": 0.38461538461538464, ""self_z"": -1.2304924853552803, ""median_ratio"": 0.6224920544206052, ""fcf_yield"": 0.06384139659101185, ""yield_threshold"": 0.0495, ""gs10"": 0.0495, ""residual_pct"": null, ""brake_values"": {""gm"": 1.1076926212776017, ""fcf_margin"": 1.226912066234603, ""roic"": 0.9558018760851027}}",False,"{""floor"": false, ""mom_sector_pct"": 1.5625, ""eps_rev_proxy"": null}"
ROL,84839,"Rollins, Inc.",Industrials,Environmental & Facilities Services,Commercial and Professional Services,7.983572895277208,5.9986310746064335,199552690.99453294,-0.3683299515941245,-0.5258279381025567,-0.472161389038396,10.0,,,0.15599047261862312,0.15360318537233342,0.19436009138634167,0.13200388923725312,0.1314430389961468,0.1867714870330904,9,9,False,0.11717710237805679,0.09518855324042774,0.09476315183954398,False,,0.1472408772740397,0.12124635482142161,,0.943909424737913,0.9185059282874857,1.014417867699591,0.38461538461538464,-4.392676555828959,0.59576042491425,260.0,gm_derived,30.399999618530273,481145404.0,14626820098.057594,15417120098.057594,2219897000.0,790300000.0,646966000.0,27797000.0,41393000.0,129800000.0,790300000.0,3924019000.0,731932000.0,619169000.0,577776000.0,475773000.0,861732000.0,531716000.0,556775507.6431818,0.23930705633421986,0.25081141496347886,21.063596205737138,26.683559196051053,0.03747625991917869,32.404361109305476,0.030860043702970356,27.508707840383952,1.1644731397964327,0.9171064785803474,1449382000.0,601532000.0,0.9238779997450333,7.0,0.24724664553893091,0.24928631278349161,0.38461538461538464,-4.5625790567484765,0.5797642636424444,260.0,[],True,0.9,ig,Commercial and Professional Services,60.0,63.63636363636363,,50.0,63.63636363636363,54.54545454545454,54.54545454545455,18.181818181818173,3.125,1.0,68.89767125667868,"{'profitability': 79.4, 'growth': 88.5, 'balance': 69.4, 'stability': 87.0}",55.420827685618214,True,0.14985398094689328,22.970106067721744,55.4054054054054,62.15924947114844,-12.0,False,"{""floor"": true, ""depressed_arms"": {""self_pct"": true, ""self_z"": true, ""median_ratio"": true}, ""yield_arm"": false, ""residual_arm"": false, ""brakes"": {""gm"": false, ""fcf_margin"": false, ""roic"": true}, ""self_pct"": 0.38461538461538464, ""self_z"": -4.5625790567484765, ""median_ratio"": 0.5797642636424444, ""fcf_yield"": 0.03747625991917869, ""yield_threshold"": 0.0495, ""gs10"": 0.0495, ""residual_pct"": 55.4054054054054, ""brake_values"": {""gm"": null, ""fcf_margin"": 0.943909424737913, ""roic"": 1.014417867699591}}",False,"{""floor"": true, ""mom_sector_pct"": 3.125, ""eps_rev_proxy"": -12.0}"
PTC,857005,PTC Inc.,Information Technology,Application Software,Software and Services,5.431895961670089,5.9986310746064335,199373121.87319008,-0.22570955509459423,-0.32908546799431515,-0.32297004771077953,10.0,0.8057464567813162,0.02092781505528905,0.17101329454036007,0.18148706780419951,0.32554111082893594,0.1347026950200695,0.1428871850163062,0.52006608375412,9,9,False,0.13435593739979002,0.3201990243696191,,False,0.8450063169183729,0.23521753083644664,0.20812045611806748,1.0487248312501263,1.3754341817029554,1.5450355769575312,1.7161441934482127,3.8461538461538463,-1.2898670609219511,0.3957928548314424,260.0,,137.41000366210938,108506261.0,14909845721.371796,16141011721.371796,4700909000.0,1231166000.0,955321000.0,19837000.0,240658000.0,99881000.0,1231166000.0,2953972000.0,1117008000.0,935484000.0,694826000.0,614782000.0,1216889000.0,1223814000.0,893288446.0894248,0.2002846478365196,0.1900246199382768,14.45022033984698,23.230293226465037,0.04304723966466137,26.25485411311944,0.038088194879753845,12.183097857494518,0.7644004726208394,1.011732376576664,3398303000.0,765799000.0,0.8858078299324662,3.0,0.11072765369235338,0.10829925101680227,3.8461538461538463,-1.6606996794749707,0.4406537895729117,260.0,[],True,1.0,ig,Software and Services,42.10526315789473,40.909090909090914,77.77777777777779,40.0,63.63636363636363,9.523809523809524,25.0,72.72727272727273,11.864406779661017,1.0,61.41165053850497,"{'profitability': 63.4, 'growth': 100.0, 'balance': 66.3, 'stability': 81.6}",66.90256648353767,True,-0.35794335852822323,33.22825366362981,20.27027027027027,64.15710851102132,-1.0,False,"{""floor"": true, ""depressed_arms"": {""self_pct"": true, ""self_z"": true, ""median_ratio"": true}, ""yield_arm"": false, ""residual_arm"": false, ""brakes"": {""gm"": true, ""fcf_margin"": true, ""roic"": true}, ""self_pct"": 3.8461538461538463, ""self_z"": -1.6606996794749707, ""median_ratio"": 0.4406537895729117, ""fcf_yield"": 0.04304723966466137, ""yield_threshold"": 0.0495, ""gs10"": 0.0495, ""residual_pct"": 20.27027027027027, ""brake_values"": {""gm"": 1.0487248312501263, ""fcf_margin"": 1.3754341817029554, ""roic"": 1.7161441934482127}}",False,"{""floor"": true, ""mom_sector_pct"": 11.864406779661017, ""eps_rev_proxy"": -1.0}"
ZBH,1136869,Zimmer Biomet,Health Care,Health Care Equipment,Health Care Equipment and Services,25.13347022587269,5.9986310746064335,198518674.1056326,0.037984420748864656,-0.12246700139156019,-0.07742719400906939,10.0,,,0.16225729778036696,0.1610316193773498,0.07610686433161824,0.05808093534572608,0.05721148916848535,0.18014228079247144,7,9,False,0.060813730964938806,0.0885003861160647,,False,0.6987471793907484,0.1674501692365551,0.063075874388868,,1.0320039315779637,1.0859996316073355,1.0716703457247037,5.384615384615385,-0.6687902931673061,0.7163547906960333,260.0,,89.69000244140625,190737689.0,17107263792.078186,24385463792.078186,19902100000.0,7278200000.0,1743300000.0,220300000.0,98200000.0,1108400000.0,7269500000.0,8508800000.0,1205000000.0,1523000000.0,1424800000.0,536700000.0,2313400000.0,806700000.0,1041597043.7017994,0.13560411311053985,0.05233603708662902,20.23689941251302,17.115008276304174,0.05842825103301327,45.43593030012705,0.022009013426037494,21.206475507720572,1.8879385149373993,3.1423446010201435,9919500000.0,675400000.0,0.5323508574472041,0.0,0.048835947822403754,0.04698906006854681,1.5384615384615385,-1.2602245865291994,0.7278589709895134,260.0,[],True,0.9,ig,Health Care Equipment and Services,18.51851851851852,86.20689655172413,,8.928571428571429,58.333333333333336,82.75862068965517,7.407407407407405,46.666666666666664,28.57142857142857,1.0,29.036935772278852,"{'profitability': 44.0, 'growth': 62.2, 'balance': 0.0, 'stability': 80.1}",65.31570935245716,False,-0.3722542005837006,24.833907472197268,,47.17632256236801,,False,"{""floor"": false, ""depressed_arms"": {""self_pct"": true, ""self_z"": true, ""median_ratio"": true}, ""yield_arm"": true, ""residual_arm"": false, ""brakes"": {""gm"": false, ""fcf_margin"": true, ""roic"": true}, ""self_pct"": 1.5384615384615385, ""self_z"": -1.2602245865291994, ""median_ratio"": 0.7278589709895134, ""fcf_yield"": 0.05842825103301327, ""yield_threshold"": 0.0495, ""gs10"": 0.0495, ""residual_pct"": null, ""brake_values"": {""gm"": null, ""fcf_margin"": 1.0320039315779637, ""roic"": 1.0716703457247037}}",False,"{""floor"": false, ""mom_sector_pct"": 28.57142857142857, ""eps_rev_proxy"": null}"
RVTY,31791,Revvity,Health Care,Health Care Equipment,Health Care Equipment and Services,41.319644079397676,5.9986310746064335,195157820.8665161,0.5364755251679814,0.0,0.797485367960703,10.0,,,0.16879454207147146,0.1703625040309154,0.7059295581750906,0.06291734015503388,0.05903428860562478,1.9349319814994428,6,9,False,0.014078223738904772,-0.09270053824079161,-0.25262367100314376,False,,0.18328250013479583,0.06558427040766039,,1.0858319107094698,1.0423878416674157,0.7649466114447454,79.48717948717949,0.0009087879126749669,1.1963112708215624,195.0,,150.67999267578125,111586401.0,16813838085.39679,19168984085.39679,9583904000.0,2355146000.0,627633000.0,69520000.0,24429000.0,412235000.0,2355146000.0,2911811000.0,358847000.0,558113000.0,533684000.0,190969000.0,771082000.0,237554000.0,326643134.9015217,0.08974260645477973,0.034082471496117,53.41826484656912,35.91822892460105,0.02784101638472162,100.37746485239379,0.009962395458686981,70.77901481514431,2.3494152908391355,3.0543392272157823,6607802000.0,2224001000.0,0.9215245686935094,1.0,0.04455535979399379,0.032756169303545066,74.35897435897436,0.10321608924540403,1.2293216565537202,234.0,['fcf_cagr5 gate'],False,0.9,ig,Health Care Equipment and Services,11.11111111111111,89.65517241379311,,25.0,58.333333333333336,86.20689655172413,14.81481481481481,0.0,88.09523809523809,1.0,8.295286764529259,"{'profitability': 42.3, 'growth': 5.9, 'balance': 0.0, 'stability': 44.4}",19.24592193669308,False,0.3709420977076485,24.786591419855505,,13.770604350611169,,False,"{""floor"": false, ""depressed_arms"": {""self_pct"": false, ""self_z"": false, ""median_ratio"": false}, ""yield_arm"": false, ""residual_arm"": false, ""brakes"": {""gm"": false, ""fcf_margin"": true, ""roic"": false}, ""self_pct"": 74.35897435897436, ""self_z"": 0.10321608924540403, ""median_ratio"": 1.2293216565537202, ""fcf_yield"": 0.02784101638472162, ""yield_threshold"": 0.0495, ""gs10"": 0.0495, ""residual_pct"": null, ""brake_values"": {""gm"": null, ""fcf_margin"": 1.0858319107094698, ""roic"": 0.7649466114447454}}",False,"{""floor"": false, ""mom_sector_pct"": 88.09523809523809, ""eps_rev_proxy"": null}"
ALLE,1579241,Allegion,Industrials,Building Products,Capital Goods,12.813141683778234,5.9986310746064335,192217309.55289024,-0.09303618708427841,-0.14204799997802087,-0.11871301377244481,10.0,0.43037068790934396,0.038978415420535525,0.14046451548924574,0.146404408174653,0.1956706211108801,0.13201571130915374,0.13461672595382576,0.2162657033730178,8,9,False,0.08380376143729995,0.09120633734178307,0.09782297082018387,False,0.4480121254517897,0.1564882826162994,0.14695114842019355,1.0409912618076858,1.1140769757489426,1.1131337850845955,0.8840218591718505,28.076923076923077,-0.34936148415577123,0.9370240565614313,260.0,sbc_unreported;gm_derived,152.47999572753906,85036786.0,12966408765.963654,14868108765.963654,4020300000.0,1901700000.0,769300000.0,98200000.0,,139100000.0,1901700000.0,4288500000.0,893400000.0,671100000.0,671100000.0,630200000.0,1032500000.0,,742733198.6872002,0.16864428174703358,0.18474571516732588,16.642163382542705,22.15483350612972,0.0451368772292206,23.592682903782375,0.04238602299188619,,,1.8418401937046005,1925600000.0,769200000.0,0.6702982364500162,10.0,0.20898319792724945,0.20571622248284407,25.384615384615383,-0.38579305560305094,0.9360123461171115,260.0,[],True,0.9,ig,Capital Goods,70.27027027027027,80.48780487804879,78.125,87.8048780487805,64.28571428571429,,40.54054054054054,80.48780487804878,21.875,1.0,51.40148309795965,"{'profitability': 75.5, 'growth': 72.9, 'balance': 38.6, 'stability': 80.8}",63.90017058962763,False,-0.23202782544001277,27.940675074248787,,57.65082684379364,,False,"{""floor"": false, ""depressed_arms"": {""self_pct"": false, ""self_z"": false, ""median_ratio"": false}, ""yield_arm"": false, ""residual_arm"": false, ""brakes"": {""gm"": true, ""fcf_margin"": true, ""roic"": false}, ""self_pct"": 25.384615384615383, ""self_z"": -0.38579305560305094, ""median_ratio"": 0.9360123461171115, ""fcf_yield"": 0.0451368772292206, ""yield_threshold"": 0.0495, ""gs10"": 0.0495, ""residual_pct"": null, ""brake_values"": {""gm"": 1.0409912618076858, ""fcf_margin"": 1.1140769757489426, ""roic"": 0.8840218591718505}}",False,"{""floor"": false, ""mom_sector_pct"": 21.875, ""eps_rev_proxy"": null}"
APTV,1521332,Aptiv,Consumer Discretionary,Automotive Parts & Equipment,Consumer Durables and Apparel,13.752224503764545,5.9986310746064335,188916518.85417715,-0.46938066165308145,-0.5085146866923291,-0.49454881449722976,10.0,,,0.048052646964906014,0.043638721260784996,0.4628137493062764,0.04221185777336403,0.043339484314996755,0.468574647772139,6,9,False,0.09317322677777895,,,False,0.205506568292244,0.03868994061543998,0.020994541419231,,0.8051573234601658,0.4973612280215418,,67.52136752136752,0.26316223250021725,1.4526028928353134,234.0,,43.58000183105469,207633331.0,9048660945.167984,13188660945.167984,12893000000.0,4140000000.0,1351000000.0,588000000.0,118000000.0,883000000.0,4140000000.0,16671000000.0,891000000.0,763000000.0,645000000.0,350000000.0,1774000000.0,220000000.0,798627615.0627615,0.10367271036727103,0.06194272978071524,14.802088602882137,20.44753634909765,0.04890564725877746,37.681888414765666,0.026537948124918,41.130277023490834,3.4681818181818183,2.333709131905299,3937000000.0,1838000000.0,0.4479174745986194,1.0,,,37.60683760683761,-0.025398486871136654,0.8999519540367452,234.0,"['mktcap<10B', 'fcf_cagr5 gate']",False,0.8,ig,Consumer Durables and Apparel,,30.0,,11.11111111111111,70.0,88.88888888888889,0.0,44.44444444444444,3.0303030303030303,1.0,18.415459265041434,"{'profitability': 23.2, 'growth': 77.6, 'balance': 22.2, 'stability': 46.9}",50.81353814926444,False,,,,34.61449870715293,,False,"{""floor"": false, ""depressed_arms"": {""self_pct"": false, ""self_z"": false, ""median_ratio"": false}, ""yield_arm"": false, ""residual_arm"": false, ""brakes"": {""gm"": false, ""fcf_margin"": false, ""roic"": false}, ""self_pct"": 37.60683760683761, ""self_z"": -0.025398486871136654, ""median_ratio"": 0.8999519540367452, ""fcf_yield"": 0.04890564725877746, ""yield_threshold"": 0.0495, ""gs10"": 0.0495, ""residual_pct"": null, ""brake_values"": {""gm"": null, ""fcf_margin"": 0.8051573234601658, ""roic"": null}}",False,"{""floor"": false, ""mom_sector_pct"": 3.0303030303030303, ""eps_rev_proxy"": null}"
GDDY,1609711,GoDaddy,Information Technology,Internet Services & Infrastructure,Software and Services,2.2532511978097194,5.9986310746064335,188750343.88746196,-0.30905232556257345,-0.25325927734375,-0.28705797800532873,10.0,,,0.18812851670273298,0.1667332690815919,0.2541655865295747,0.15917315803795115,0.1363390611410169,0.3806254669801067,9,9,False,0.08342562059026815,0.1767932100472862,0.25756658595248716,False,,0.2744852177661096,0.26139769988832506,,1.4590303616746803,1.642222238412841,1.7930444307703832,,,,,gm_derived,100.80999755859375,126647704.0,12767354731.041504,15473554731.041504,2712900000.0,2706200000.0,1728800000.0,25900000.0,301900000.0,92700000.0,2706200000.0,5104100000.0,1266700000.0,1702900000.0,1401000000.0,1334200000.0,1359400000.0,910300000.0,994203319.5378515,0.21512329712019312,0.36647252738318825,12.215642797064422,11.04465005784547,0.09054157395323348,11.597627590347402,0.08622453102669814,14.025436373768542,1.8707019663847084,1.9907312049433574,3607700000.0,12500000.0,1.3344391610453759,5.0,0.20438563657105419,0.17158848674347216,,,,,[],True,0.8,ig,Software and Services,63.1578947368421,54.54545454545454,,55.00000000000001,63.63636363636363,61.904761904761905,20.0,81.81818181818181,3.389830508474576,1.0,54.831997030510394,"{'profitability': 76.2, 'growth': 84.8, 'balance': 33.6, 'stability': 83.1}",,False,-1.1141970475484704,33.65437964802779,,,,False,"{""floor"": false, ""depressed_arms"": {""self_pct"": false, ""self_z"": false, ""median_ratio"": false}, ""yield_arm"": true, ""residual_arm"": false, ""brakes"": {""gm"": false, ""fcf_margin"": true, ""roic"": true}, ""self_pct"": null, ""self_z"": null, ""median_ratio"": null, ""fcf_yield"": 0.09054157395323348, ""yield_threshold"": 0.0495, ""gs10"": 0.0495, ""residual_pct"": null, ""brake_values"": {""gm"": null, ""fcf_margin"": 1.4590303616746803, ""roic"": 1.7930444307703832}}",False,"{""floor"": false, ""mom_sector_pct"": 3.389830508474576, ""eps_rev_proxy"": null}"
EXPD,746515,Expeditors International,Industrials,Air Freight & Logistics,Transportation,18.9596167008898,5.9986310746064335,184138906.10691717,0.583762304996559,-0.04641745668793651,0.5231386546383132,10.0,,,0.08060546521210087,0.07987788247348972,0.4365150793233774,0.07970144164837252,0.07954650682820838,0.4854765825216912,7,9,False,0.029221442160778155,0.09435028171535054,0.0416561774780948,True,,0.07049068286961069,0.06997464772770892,,0.8745149312658306,0.8779596238224103,0.9186675475928318,84.61538461538461,0.8150005021559561,1.30583415617016,260.0,,183.66000366210938,129990622.0,23874078112.559875,23412246112.559875,1656870000.0,-461832000.0,972541000.0,48677000.0,75438000.0,54888000.0,-464203000.0,12036002000.0,1183398000.0,923864000.0,848426000.0,842215000.0,1238286000.0,918799000.0,889926577.8641158,0.24799046655130758,0.5371130975056074,19.783915565650673,27.594918251632876,0.03623855634871565,27.798419777087652,0.035973267833887164,25.98400532930475,1.0055126311630727,-0.37487543265449175,7927000.0,2630000.0,0.006371652573828966,9.0,0.5846653655209606,0.49505661502604464,87.6923076923077,0.8608741670744524,1.3109117992076638,260.0,[],True,0.9,ig,Transportation,100.0,55.55555555555556,,86.36363636363636,77.27272727272727,54.54545454545454,88.88888888888889,36.36363636363637,93.75,1.0,39.8678431498329,"{'profitability': 64.1, 'growth': 51.5, 'balance': 100.0, 'stability': 56.1}",26.71682802647156,False,0.02086271019625885,27.025177304350773,,33.29233558815223,,False,"{""floor"": false, ""depressed_arms"": {""self_pct"": false, ""self_z"": false, ""median_ratio"": false}, ""yield_arm"": false, ""residual_arm"": false, ""brakes"": {""gm"": false, ""fcf_margin"": false, ""roic"": true}, ""self_pct"": 87.6923076923077, ""self_z"": 0.8608741670744524, ""median_ratio"": 1.3109117992076638, ""fcf_yield"": 0.03623855634871565, ""yield_threshold"": 0.0495, ""gs10"": 0.0495, ""residual_pct"": null, ""brake_values"": {""gm"": null, ""fcf_margin"": 0.8745149312658306, ""roic"": 0.9186675475928318}}",False,"{""floor"": false, ""mom_sector_pct"": 93.75, ""eps_rev_proxy"": null}"
PPG,79879,PPG Industries,Materials,Specialty Chemicals,Materials,69.56057494866529,5.9986310746064335,182103250.18840203,0.1308167001444127,-0.1754408916397121,0.05260400918699948,10.0,0.3964714810699771,0.051010158825329305,0.06418306008311253,0.06749196524223307,0.4500263677353527,0.06778121582646121,0.056183787644328055,0.43747504500703227,5,9,False,0.027905506355126564,-0.08627440941703046,-0.028176572571445346,False,0.4138701073134421,0.07400285342100366,0.08802183487376714,1.04388367656738,1.1529966524683488,1.2986169368682843,,9.230769230769232,-0.23125032619643043,0.6878094000551391,260.0,gm_derived,106.31999969482422,222900000.0,23698727931.97632,29961727931.97632,14367000000.0,6263000000.0,1992000000.0,765000000.0,34000000.0,539000000.0,6113000000.0,16121000000.0,,1227000000.0,1193000000.0,1419000000.0,,1585000000.0,,0.22718446601941747,,,25.114608492855254,0.03981746322203213,21.114677894275065,0.04736041937306253,14.951878821436162,0.7741324921135647,,6152000000.0,690000000.0,0.47623024987819307,8.0,0.13424041026516817,0.1345019449272278,23.46153846153846,-0.17855352930203464,0.8233616755101107,260.0,['fcf_cagr5 gate'],False,0.8,ig,Materials,66.66666666666666,35.714285714285715,78.57142857142857,78.57142857142857,71.42857142857143,36.36363636363637,,,42.857142857142854,0.7,16.01151445432576,"{'profitability': 47.1, 'growth': 11.6, 'balance': None, 'stability': 50.2}",,False,-0.11833687112876135,28.26958691967011,,,,False,"{""floor"": false, ""depressed_arms"": {""self_pct"": false, ""self_z"": false, ""median_ratio"": false}, ""yield_arm"": false, ""residual_arm"": false, ""brakes"": {""gm"": true, ""fcf_margin"": true, ""roic"": false}, ""self_pct"": 23.46153846153846, ""self_z"": -0.17855352930203464, ""median_ratio"": 0.8233616755101107, ""fcf_yield"": 0.03981746322203213, ""yield_threshold"": 0.0495, ""gs10"": 0.0495, ""residual_pct"": null, ""brake_values"": {""gm"": 1.04388367656738, ""fcf_margin"": 1.1529966524683488, ""roic"": null}}",False,"{""floor"": false, ""mom_sector_pct"": 42.857142857142854, ""eps_rev_proxy"": null}"
COO,711404,Cooper Companies (The),Health Care,Health Care Supplies,Health Care Equipment and Services,10.004106776180699,5.9986310746064335,179066301.10396576,0.05358985867719057,-0.34126321792380465,-0.1801628635651984,10.0,0.658777276675185,0.012331154277608565,0.09402358819929127,0.08874987782230476,0.2965957768935426,0.08425028961346048,0.08508454696510605,0.24673571533985322,8,9,True,0.10979355015450176,-0.04624421429162717,-0.025103169030716965,True,0.6592791899738016,0.16002265807547972,0.15324883759352356,1.0007618861736545,1.7019416206101134,1.8189710480121524,0.7733966539855072,43.84615384615385,-0.2863872913382481,0.6765982581576767,260.0,sbc_unreported,55.380001068115234,190155294.0,10530800384.827766,13199400384.827766,10996800000.0,2668600000.0,1033300000.0,355300000.0,,384000000.0,2668400000.0,4236900000.0,544200000.0,678000000.0,678000000.0,649300000.0,928200000.0,570300000.0,371509336.8358856,0.3173294067697803,0.03378340397532788,24.254686484431765,19.46814216051293,0.05136596968293624,20.328662228288568,0.04919162848839307,18.465369778761644,1.1888479747501315,2.874811463046757,3876300000.0,1445900000.0,0.4839771569911247,0.0,0.043681859497624556,0.0414129762223886,37.69230769230769,-0.24185945478844598,0.6270626607088366,260.0,[],True,1.0,ig,Health Care Equipment and Services,7.4074074074074066,37.93103448275862,68.18181818181817,8.928571428571429,58.333333333333336,44.827586206896555,22.222222222222214,26.66666666666667,30.952380952380953,1.0,19.951558413276388,"{'profitability': 26.2, 'growth': 45.7, 'balance': 4.2, 'stability': 78.4}",46.0480887772213,False,-0.24111181937283943,24.77639074320691,,32.99982359524884,,False,"{""floor"": false, ""depressed_arms"": {""self_pct"": false, ""self_z"": false, ""median_ratio"": true}, ""yield_arm"": true, ""residual_arm"": false, ""brakes"": {""gm"": true, ""fcf_margin"": true, ""roic"": false}, ""self_pct"": 37.69230769230769, ""self_z"": -0.24185945478844598, ""median_ratio"": 0.6270626607088366, ""fcf_yield"": 0.05136596968293624, ""yield_threshold"": 0.0495, ""gs10"": 0.0495, ""residual_pct"": null, ""brake_values"": {""gm"": 1.0007618861736545, ""fcf_margin"": 1.7019416206101134, ""roic"": 0.7733966539855072}}",False,"{""floor"": false, ""mom_sector_pct"": 30.952380952380953, ""eps_rev_proxy"": null}"
BR,1383312,Broadridge Financial Solutions,Industrials,Data Processing & Outsourced Services,Commercial and Professional Services,8.271047227926077,5.9986310746064335,177438929.5176598,-0.20895297435294768,-0.29107557133295003,-0.29501070669051266,10.0,,,0.10690486146074045,0.11744130409675131,0.3263373616749185,0.12135695547082456,0.13306079793446857,0.389344632540453,9,9,False,0.08407333722918064,0.16796101908543926,0.18630585941712852,False,0.3177963834795634,0.1709822383907554,0.1615530708324417,,1.5993869320297152,1.3312221801022412,,8.846153846153847,-0.8753700351697267,0.5612363173090807,260.0,sbc_unreported,162.66000366210938,114021798.0,18546786080.240295,22060586080.240295,6354300000.0,3513800000.0,1345600000.0,67200000.0,,137700000.0,3513800000.0,7476800000.0,1300600000.0,1278400000.0,1278400000.0,1207900000.0,1438300000.0,1124300000.0,1003242603.3503332,0.22863093699036352,0.15788404755053007,16.961853052622093,17.256403379411996,0.05794950303451208,18.263586456031373,0.054753758381873546,16.496296433550025,1.1370630614604642,2.443023013279566,3787800000.0,1199900000.0,0.7849330374706891,4.0,,,9.230769230769232,-0.9898036574703353,0.5651049869477041,260.0,[],True,0.8,ig,Commercial and Professional Services,,27.27272727272727,,36.36363636363637,63.63636363636363,45.45454545454545,27.272727272727266,63.63636363636363,14.0625,1.0,44.02224377676959,"{'profitability': 63.0, 'growth': 85.0, 'balance': 18.6, 'stability': 78.2}",66.94384510764569,False,,,,55.48304444220764,,False,"{""floor"": false, ""depressed_arms"": {""self_pct"": true, ""self_z"": false, ""median_ratio"": true}, ""yield_arm"": true, ""residual_arm"": false, ""brakes"": {""gm"": false, ""fcf_margin"": true, ""roic"": false}, ""self_pct"": 9.230769230769232, ""self_z"": -0.9898036574703353, ""median_ratio"": 0.5651049869477041, ""fcf_yield"": 0.05794950303451208, ""yield_threshold"": 0.0495, ""gs10"": 0.0495, ""residual_pct"": null, ""brake_values"": {""gm"": null, ""fcf_margin"": 1.5993869320297152, ""roic"": null}}",False,"{""floor"": false, ""mom_sector_pct"": 14.0625, ""eps_rev_proxy"": null}"
LDOS,1336920,Leidos,Industrials,Diversified Support Services,Commercial and Professional Services,7.129363449691992,5.9986310746064335,171368414.8032904,-0.23294597118179194,-0.37231191833645294,-0.32515709934605763,10.0,0.15160309044989323,0.10532650451176659,0.06787180373843497,0.06330322391128736,0.24988450798576517,0.056523034665670366,0.050785579242453874,0.32750858626144,9,9,False,0.07000095748778401,0.07140978486624738,0.0663493077648547,False,0.17528588496330433,0.11736928941230017,0.10798202196051658,1.156215776625204,1.729279066526935,1.9104073693003636,1.393700259153297,0.38461538461538464,-2.105654732258932,0.3826882218519666,260.0,gm_derived,123.3499984741211,125492209.0,15479463788.664085,16655463788.664085,6460000000.0,1176000000.0,2300000000.0,137000000.0,100000000.0,302000000.0,1124000000.0,17577000000.0,2030000000.0,2163000000.0,2063000000.0,1898000000.0,2332000000.0,1376000000.0,1579392080.3123257,0.22197434467373117,0.24448793812884298,8.204661964859156,8.073419189851714,0.12386325749776499,8.775270700033765,0.11395659851224331,11.249610311529132,1.5719476744186047,0.48198970840480276,7663000000.0,947000000.0,1.3328173374613004,8.0,0.17542361531695105,0.15012565585799076,0.38461538461538464,-2.936371617194688,0.417271799071969,260.0,[],True,1.0,ig,Commercial and Professional Services,30.0,9.090909090909092,14.285714285714285,63.63636363636363,63.63636363636363,90.9090909090909,72.72727272727273,90.9090909090909,7.8125,1.0,48.44170343953385,"{'profitability': 50.2, 'growth': 58.9, 'balance': 83.9, 'stability': 77.0}",95.99613152804642,False,-1.0384819195144268,22.80680607545422,,72.21891748379014,,False,"{""floor"": false, ""depressed_arms"": {""self_pct"": true, ""self_z"": true, ""median_ratio"": true}, ""yield_arm"": true, ""residual_arm"": false, ""brakes"": {""gm"": true, ""fcf_margin"": true, ""roic"": true}, ""self_pct"": 0.38461538461538464, ""self_z"": -2.936371617194688, ""median_ratio"": 0.417271799071969, ""fcf_yield"": 0.12386325749776499, ""yield_threshold"": 0.0495, ""gs10"": 0.0495, ""residual_pct"": null, ""brake_values"": {""gm"": 1.156215776625204, ""fcf_margin"": 1.729279066526935, ""roic"": 1.393700259153297}}",False,"{""floor"": false, ""mom_sector_pct"": 7.8125, ""eps_rev_proxy"": null}"
TSN,100493,Tyson Foods,Consumer Staples,Packaged Foods & Meats,Food Beverage and Tobacco,21.125256673511295,5.9986310746064335,171331214.286919,0.048489582839941425,-0.23877633157490452,-0.02309883458682227,9.0,0.08941420962719623,0.3973583891006285,0.021560752828898924,0.019782884223287597,0.7790825673783913,0.024212791336131644,0.020653173010185898,0.6139806687166007,8,9,False,0.04741462587264644,,,False,0.06135310805472762,0.020846051639314828,0.01127590045606349,0.6861673140156735,0.96685175164078,0.46570014582486313,0.5065989276173385,88.07692307692308,1.2970097903121274,1.5542538529909722,260.0,shares_was_proxy;sbc_unreported,51.13999938964844,351801512.0,17991129108.957397,19817129108.957397,19905000000.0,1826000000.0,2004000000.0,843000000.0,,1376000000.0,1720000000.0,55694000000.0,1257000000.0,1161000000.0,1161000000.0,628000000.0,2633000000.0,574000000.0,916690243.902439,0.2707317073170732,0.04605326520484496,15.76541695223341,17.06901732037674,0.0585856807823503,31.555938071588212,0.03168975670225321,31.3434305034101,2.0226480836236935,0.653247246486897,9469000000.0,5624000000.0,0.7582516955538809,7.0,0.09090675620148861,0.05995256792272224,48.93617021276596,-0.0038628778362187356,0.9886341846582457,235.0,['fcf_cagr5 gate'],False,1.0,ig,Food Beverage and Tobacco,45.45454545454545,7.142857142857142,7.142857142857142,50.0,7.142857142857142,84.61538461538461,84.61538461538461,57.142857142857146,51.85185185185185,1.0,18.44850722739562,"{'profitability': 15.5, 'growth': 39.5, 'balance': 78.2, 'stability': 44.4}",52.931327335009044,False,-0.15141373769951594,19.859424993626714,,35.689917281202334,,False,"{""floor"": false, ""depressed_arms"": {""self_pct"": false, ""self_z"": false, ""median_ratio"": false}, ""yield_arm"": true, ""residual_arm"": false, ""brakes"": {""gm"": false, ""fcf_margin"": true, ""roic"": false}, ""self_pct"": 48.93617021276596, ""self_z"": -0.0038628778362187356, ""median_ratio"": 0.9886341846582457, ""fcf_yield"": 0.0585856807823503, ""yield_threshold"": 0.0495, ""gs10"": 0.0495, ""residual_pct"": null, ""brake_values"": {""gm"": 0.6861673140156735, ""fcf_margin"": 0.96685175164078, ""roic"": 0.5065989276173385}}",False,"{""floor"": false, ""mom_sector_pct"": 51.85185185185185, ""eps_rev_proxy"": null}"
MAS,62996,Masco,Industrials,Building Products,Capital Goods,45.23750855578371,5.9986310746064335,167671356.84217152,0.059233873863775655,-0.18321641859374393,-0.026661713805453346,10.0,0.3452597123400786,0.05092328955910966,0.10364033840912305,0.11055276381909548,0.20541753633064722,0.10794256689783241,0.1116106850039672,0.2344769325627946,5,9,False,0.010196177670730222,0.006354947957538437,0.017204209673307602,False,0.35434301341320484,0.12280244823544732,0.12371402526370621,1.0263086040695628,1.1848904598389223,1.1461097213002307,0.8390811921768606,30.384615384615383,-0.46100155039619944,0.9400883207556914,260.0,sbc_unreported,67.30999755859375,201734437.0,13578744461.954285,16820744461.954285,3000000000.0,3242000000.0,1101000000.0,158000000.0,,151000000.0,2973000000.0,7679000000.0,1278000000.0,943000000.0,943000000.0,950000000.0,1429000000.0,837000000.0,968313993.1740614,0.24232081911262798,0.32277133105802047,13.161771879463446,17.83748087163763,0.056061727953415415,17.70604680205714,0.0564778807590081,16.22311166302782,1.1266427718040621,2.0804758572428272,618000000.0,198000000.0,0.272,10.0,0.38467234645153037,0.3827531560394655,24.615384615384617,-0.6670758105805451,0.9283538719721899,260.0,[],True,1.0,ig,Capital Goods,97.2972972972973,53.65853658536586,46.875,87.8048780487805,64.28571428571429,43.58974358974359,35.13513513513513,87.8048780487805,43.75,1.0,25.033457011032166,"{'profitability': 72.1, 'growth': 6.9, 'balance': 30.7, 'stability': 62.4}",69.7982796729992,False,-0.4614661308502135,28.297346621181575,,47.415868342015685,,False,"{""floor"": false, ""depressed_arms"": {""self_pct"": false, ""self_z"": false, ""median_ratio"": false}, ""yield_arm"": true, ""residual_arm"": false, ""brakes"": {""gm"": true, ""fcf_margin"": true, ""roic"": false}, ""self_pct"": 24.615384615384617, ""self_z"": -0.6670758105805451, ""median_ratio"": 0.9283538719721899, ""fcf_yield"": 0.056061727953415415, ""yield_threshold"": 0.0495, ""gs10"": 0.0495, ""residual_pct"": null, ""brake_values"": {""gm"": 1.0263086040695628, ""fcf_margin"": 1.1848904598389223, ""roic"": 0.8390811921768606}}",False,"{""floor"": false, ""mom_sector_pct"": 43.75, ""eps_rev_proxy"": null}"
CHD,313927,Church & Dwight,Consumer Staples,Household Products,Household and Personal Products,10.740588637919233,5.9986310746064335,165962465.08966136,0.18306133090879917,-0.08513395968908699,0.11377875234542478,10.0,0.439996949140412,0.028997976897450158,0.14663306093425782,0.15018584925742168,0.15003347754641566,0.13524224089775277,0.14047583959653517,0.12395170549278987,9,9,False,0.04847582950857543,0.04162047082912834,0.031548466068753056,False,0.4564864908253199,,,1.0374764909554992,,,1.067574893892673,31.538461538461537,-0.4619862392810624,0.9377955605928867,260.0,,95.33000183105469,237203907.0,22612648888.643326,24766448888.643326,6501600000.0,2153800000.0,,145200000.0,70400000.0,241100000.0,2153800000.0,6229100000.0,1088000000.0,,,,1329100000.0,744800000.0,850485306.4651554,0.218303946263644,0.13081169350085445,22.76328022853247,,,,,30.360699367136583,,1.6204950718531337,2649900000.0,4032700000.0,1.027839301095115,9.0,0.12253163150350874,0.13546379047894302,21.53846153846154,-0.8393079072441373,0.8672954534147568,260.0,[],True,0.8,sector,Consumer Staples,41.66666666666667,70.37037037037037,50.0,66.66666666666666,55.55555555555556,,64.0,37.03703703703704,62.96296296296296,1.0,44.936461169610354,"{'profitability': 62.7, 'growth': 37.5, 'balance': 46.0, 'stability': 89.6}",,False,,,,,,False,"{""floor"": false, ""depressed_arms"": {""self_pct"": false, ""self_z"": false, ""median_ratio"": false}, ""yield_arm"": false, ""residual_arm"": false, ""brakes"": {""gm"": true, ""fcf_margin"": false, ""roic"": true}, ""self_pct"": 21.53846153846154, ""self_z"": -0.8393079072441373, ""median_ratio"": 0.8672954534147568, ""fcf_yield"": null, ""yield_threshold"": 0.0495, ""gs10"": 0.0495, ""residual_pct"": null, ""brake_values"": {""gm"": 1.0374764909554992, ""fcf_margin"": null, ""roic"": 1.067574893892673}}",False,"{""floor"": false, ""mom_sector_pct"": 62.96296296296296, ""eps_rev_proxy"": null}"
TRMB,864749,Trimble Inc.,Information Technology,Application Software,Software and Services,5.675564681724846,5.9986310746064335,163733063.9486973,-0.24901526433026,-0.30926723005923107,-0.2898818298413952,10.0,0.6168495428689483,0.08022675531299438,0.096124267109118,0.09209133114326827,0.26750226033136737,0.05511836382315675,0.03822659028588494,0.8577459847932467,6,9,False,0.026490354149407702,-0.10117713660786176,-0.3932029767528583,False,0.6979830288931772,0.16331385973723864,0.11676227233075154,1.1315288095163036,1.6989867870914281,2.118391480294567,1.137169847906564,8.225108225108226,-0.39358736097122293,0.49814483391026104,231.0,,57.689998626708984,233179848.0,13452145110.89621,15396345110.89621,7055000000.0,1944200000.0,799100000.0,26000000.0,155300000.0,202100000.0,1944200000.0,3782900000.0,642700000.0,773100000.0,617800000.0,441700000.0,844800000.0,-104700000.0,525798893.96285933,0.18189062709995443,0.07452854627397014,23.95572601664262,24.92124491889966,0.04012640633540841,34.85701858930543,0.02868862686686613,,,2.301373106060606,4826600000.0,850400000.0,0.804677533664068,0.0,0.06553862328584517,0.0636195186187638,1.153846153846154,-0.6110835270607102,0.5450023082870878,260.0,['fcf_cagr5 gate'],False,0.9,ig,Software and Services,21.052631578947366,18.181818181818183,22.22222222222222,15.0,63.63636363636363,,15.0,50.0,6.779661016949152,1.0,14.88114282868958,"{'profitability': 34.3, 'growth': 11.0, 'balance': 23.3, 'stability': 61.9}",62.01664530487785,False,-0.27677710621505325,32.86794134496122,,38.448894066783716,,False,"{""floor"": false, ""depressed_arms"": {""self_pct"": true, ""self_z"": false, ""median_ratio"": true}, ""yield_arm"": false, ""residual_arm"": false, ""brakes"": {""gm"": true, ""fcf_margin"": true, ""roic"": true}, ""self_pct"": 1.153846153846154, ""self_z"": -0.6110835270607102, ""median_ratio"": 0.5450023082870878, ""fcf_yield"": 0.04012640633540841, ""yield_threshold"": 0.0495, ""gs10"": 0.0495, ""residual_pct"": null, ""brake_values"": {""gm"": 1.1315288095163036, ""fcf_margin"": 1.6989867870914281, ""roic"": 1.137169847906564}}",False,"{""floor"": false, ""mom_sector_pct"": 6.779661016949152, ""eps_rev_proxy"": null}"
SJM,91419,J.M. Smucker Company (The),Consumer Staples,Packaged Foods & Meats,Food Beverage and Tobacco,17.883641341546884,5.9986310746064335,158765886.19459182,0.2616870157087636,-0.08070117100889951,0.15986739609434264,10.0,0.3540396230197812,0.07080125736384568,0.09182262486592925,0.08707447274000175,0.22404220688259996,0.08789208237653849,0.08650283731182291,0.1125527827080354,5,9,False,0.024922544207570674,-0.016782151670354906,-0.03798805971145436,False,0.3865281918553222,0.17053806419203005,0.14566064934639453,1.0917653469361135,1.8572553816778128,1.6572670189149656,2.0903540520382666,4.230769230769231,-1.6263539774286648,0.5517407424351721,260.0,,121.66000366210938,106823183.0,12996108834.97818,19893108834.97818,12647800000.0,6897000000.0,1909900000.0,321500000.0,26800000.0,549300000.0,6897000000.0,9156900000.0,826200000.0,1588400000.0,1561600000.0,1333800000.0,1375500000.0,229500000.0,617182072.188963,0.2529870828020298,0.04879758315192864,24.07783688571554,12.738927276497298,0.07849954539303725,14.914611512204363,0.06704834377896586,56.627925206876604,6.921132897603486,5.014176663031625,5200000000.0,3086600000.0,0.655181138221667,0.0,0.023344171339944538,0.021320415803670858,0.7692307692307693,-1.852495146996985,0.5146054723687254,260.0,[],True,1.0,ig,Food Beverage and Tobacco,9.090909090909092,35.714285714285715,21.428571428571427,9.090909090909092,53.57142857142857,100.0,15.384615384615387,14.285714285714292,81.48148148148148,1.0,7.2663793615155345,"{'profitability': 22.7, 'growth': 10.4, 'balance': 0.0, 'stability': 59.5}",64.3462162014978,False,-0.42597741116605237,19.50439561942657,,35.806297781506665,,False,"{""floor"": false, ""depressed_arms"": {""self_pct"": true, ""self_z"": true, ""median_ratio"": true}, ""yield_arm"": true, ""residual_arm"": false, ""brakes"": {""gm"": true, ""fcf_margin"": true, ""roic"": true}, ""self_pct"": 0.7692307692307693, ""self_z"": -1.852495146996985, ""median_ratio"": 0.5146054723687254, ""fcf_yield"": 0.07849954539303725, ""yield_threshold"": 0.0495, ""gs10"": 0.0495, ""residual_pct"": null, ""brake_values"": {""gm"": 1.0917653469361135, ""fcf_margin"": 1.8572553816778128, ""roic"": 2.0903540520382666}}",False,"{""floor"": false, ""mom_sector_pct"": 81.48148148148148, ""eps_rev_proxy"": null}"
HAS,46080,Hasbro,Consumer Discretionary,Leisure Products,Consumer Durables and Apparel,41.98494182067078,5.9986310746064335,157353427.19704026,0.28680953327073055,-0.13337604622985566,0.18548157128328957,10.0,0.6942912349039847,0.035416387804924676,0.11069310878495457,0.1034717086722763,0.3292291294645613,0.0927964346091717,0.08844162852517339,0.48675713488416567,5,9,False,-0.029670572494690073,-0.004891835852933735,0.004701650739675767,False,0.7235381645620527,0.22482506233411084,0.21426847904769564,1.0421248723701841,2.0310664756094474,2.309016288719761,-158.99636819034535,1.153846153846154,-0.04866290132594484,0.6130943211362029,260.0,gm_derived,86.80999755859375,141044467.0,12244069835.923157,15266869835.923157,3753100000.0,3022800000.0,1288200000.0,74600000.0,95500000.0,127100000.0,2997700000.0,4973200000.0,1161400000.0,1213600000.0,1118100000.0,1065600000.0,1288500000.0,794100000.0,900539333.2685393,0.22460880552045875,0.2399454672853213,13.145229753679315,13.654297322174365,0.07323701662596842,14.327017488666627,0.06979819776105174,15.41880095192439,1.528270998614784,2.3265036864571207,1256200000.0,456700000.0,0.4563960459353601,5.0,-0.0015091254600109248,0.04887027736150304,1.9230769230769231,-0.13229405907680425,0.6272519396219441,260.0,['rev_cagr5 gate'],False,1.0,ig,Consumer Durables and Apparel,25.0,60.0,87.5,38.88888888888889,70.0,77.77777777777779,10.0,66.66666666666667,84.84848484848484,1.0,11.49700442403974,"{'profitability': 32.9, 'growth': 0.0, 'balance': 22.4, 'stability': 57.8}",75.24770073247137,False,,,,43.37235257825556,,False,"{""floor"": false, ""depressed_arms"": {""self_pct"": true, ""self_z"": false, ""median_ratio"": true}, ""yield_arm"": true, ""residual_arm"": false, ""brakes"": {""gm"": true, ""fcf_margin"": true, ""roic"": false}, ""self_pct"": 1.9230769230769231, ""self_z"": -0.13229405907680425, ""median_ratio"": 0.6272519396219441, ""fcf_yield"": 0.07323701662596842, ""yield_threshold"": 0.0495, ""gs10"": 0.0495, ""residual_pct"": null, ""brake_values"": {""gm"": 1.0421248723701841, ""fcf_margin"": 2.0310664756094474, ""roic"": -158.99636819034535}}",False,"{""floor"": false, ""mom_sector_pct"": 84.84848484848484, ""eps_rev_proxy"": null}"
DVA,927066,DaVita,Health Care,Health Care Services,Health Care Equipment and Services,18.151950718685832,5.9986310746064335,153781204.0575437,0.3813454775248424,-0.27248114943063473,0.335397508361128,10.0,,,0.09650706657454272,0.10217942528817743,0.14521901066236892,0.0867985662218346,0.09385894479753112,0.16168697275946112,8,9,False,0.0338593890156329,0.0009409735461125557,-0.03962937117869003,False,,0.10551508582015563,0.09699359998104164,,1.0933405144861081,1.117456246145255,1.3857130036126917,11.923076923076923,-0.6027692778170327,0.83630880675455,260.0,,174.6699981689453,63800000.0,11143945883.17871,19105893883.17871,7196852000.0,7961948000.0,2193155000.0,583351000.0,131575000.0,702734000.0,7678830000.0,14009646000.0,2127730000.0,1609804000.0,1478229000.0,1358846000.0,2830464000.0,1179389000.0,1688113033.1528826,0.20661313552335936,0.2345626995181897,8.979472904540854,12.924853918559783,0.07737031352934857,14.060382032385355,0.07112182284213149,9.448914550821408,1.3649474431252115,2.7129226868810203,7590966000.0,1855807000.0,1.3126257146874774,8.0,0.16927220781407218,0.1548716560065859,11.538461538461538,-0.7626326338521897,0.8470685269716136,260.0,[],True,0.9,ig,Health Care Equipment and Services,62.96296296296296,41.37931034482759,,92.85714285714286,58.333333333333336,58.620689655172406,25.925925925925924,93.33333333333333,76.19047619047619,1.0,25.604955755490437,"{'profitability': 59.2, 'growth': 14.5, 'balance': 9.6, 'stability': 82.9}",80.65790256944287,False,-0.678900171946319,25.484037863737665,,53.13142916246665,,False,"{""floor"": false, ""depressed_arms"": {""self_pct"": true, ""self_z"": false, ""median_ratio"": false}, ""yield_arm"": true, ""residual_arm"": false, ""brakes"": {""gm"": false, ""fcf_margin"": true, ""roic"": true}, ""self_pct"": 11.538461538461538, ""self_z"": -0.7626326338521897, ""median_ratio"": 0.8470685269716136, ""fcf_yield"": 0.07737031352934857, ""yield_threshold"": 0.0495, ""gs10"": 0.0495, ""residual_pct"": null, ""brake_values"": {""gm"": null, ""fcf_margin"": 1.0933405144861081, ""roic"": 1.3857130036126917}}",False,"{""floor"": false, ""mom_sector_pct"": 76.19047619047619, ""eps_rev_proxy"": null}"
GEN,849399,Gen Digital,Information Technology,Systems Software,Software and Services,23.50444900752909,5.9986310746064335,153490562.9670031,0.09857610247441828,-0.25628628773761775,-0.18297388862601105,8.0,0.8143068328750797,0.028575256982864214,0.3077289150565471,0.2726810673443456,0.34849427069936545,0.21482100746585883,0.17001270648030495,0.4648271384315235,7,9,False,0.1440681863736788,0.16820852899657845,0.11401951782545239,False,0.780074817877535,0.26048434731246306,0.16774955699940933,0.9579617736023638,0.8464734204928304,0.7808805990543988,0.8380228140315666,45.0,-0.1486991783814809,0.8787594818432568,260.0,,23.06999969482422,598587032.0,13809402645.565735,21481402645.565735,10328000000.0,7672000000.0,1570000000.0,22000000.0,225000000.0,493000000.0,7657000000.0,5079000000.0,2117000000.0,1548000000.0,1323000000.0,852000000.0,2610000000.0,1053000000.0,1453194915.2542372,0.3135593220338983,0.14070438761175805,10.147096195354623,16.236887865129052,0.06158815705980439,25.212913903246168,0.039662214523774254,13.114342493414753,1.4700854700854702,2.9337164750957854,10938000000.0,2054000000.0,1.2579395817195973,5.0,0.16790042616483947,0.10487380608451032,29.230769230769234,-0.3687281557607706,0.8587480339379149,260.0,[],True,1.0,ig,Software and Services,52.63157894736842,90.9090909090909,83.33333333333334,55.00000000000001,15.909090909090908,42.857142857142854,5.0,86.36363636363636,44.06779661016949,1.0,41.953114357014414,"{'profitability': 76.2, 'growth': 100.0, 'balance': 2.2, 'stability': 68.6}",69.066389090862,False,-0.724769503618877,33.51708088552459,,55.50975172393821,,False,"{""floor"": false, ""depressed_arms"": {""self_pct"": false, ""self_z"": false, ""median_ratio"": false}, ""yield_arm"": true, ""residual_arm"": false, ""brakes"": {""gm"": false, ""fcf_margin"": false, ""roic"": false}, ""self_pct"": 29.230769230769234, ""self_z"": -0.3687281557607706, ""median_ratio"": 0.8587480339379149, ""fcf_yield"": 0.06158815705980439, ""yield_threshold"": 0.0495, ""gs10"": 0.0495, ""residual_pct"": null, ""brake_values"": {""gm"": 0.9579617736023638, ""fcf_margin"": 0.8464734204928304, ""roic"": 0.8380228140315666}}",False,"{""floor"": false, ""mom_sector_pct"": 44.06779661016949, ""eps_rev_proxy"": null}"
MKC,63754,McCormick & Company,Consumer Staples,Packaged Foods & Meats,Food Beverage and Tobacco,23.51813826146475,5.9986310746064335,153338746.8156034,-0.130634547925623,-0.31901735576742873,-0.24863447899699864,10.0,0.3785894246149789,0.03205303595736535,0.09113081411500469,0.08917708999509198,0.29534799571527426,0.09959509648684615,0.0990079866740039,0.2877314268575915,9,9,False,0.040775986020144206,-0.01925692501253995,-0.037827238833880394,False,0.3862140864902922,0.13187467843700074,0.12574128733515666,1.0201396589011102,1.4470920699839065,1.2625248809489704,,0.38461538461538464,-1.530729339998563,0.5223320195208554,260.0,shares_was_proxy,47.81999969482422,269200000.0,12873143917.84668,18374743917.84668,12497200000.0,5501600000.0,1231500000.0,211600000.0,45900000.0,256900000.0,4923900000.0,7385800000.0,1103700000.0,1019900000.0,974000000.0,928700000.0,1360600000.0,1618400000.0,,,,16.648313778967726,18.865240162060246,0.05300754145770659,19.785446234356282,0.050542200977178764,7.954241175140064,0.6301903114186851,3.6189181243569015,6291900000.0,2816300000.0,0.728819255513235,,,,0.38461538461538464,-1.4201518841753116,0.46269439472899004,260.0,[],True,0.8,ig,Food Beverage and Tobacco,,28.57142857142857,35.714285714285715,,53.57142857142857,7.6923076923076925,23.076923076923066,50.0,3.7037037037037033,1.0,15.884858855395999,"{'profitability': 35.7, 'growth': 17.0, 'balance': 0.0, 'stability': 82.0}",69.62566669263113,False,,,,42.755262774013566,,False,"{""floor"": false, ""depressed_arms"": {""self_pct"": true, ""self_z"": true, ""median_ratio"": true}, ""yield_arm"": true, ""residual_arm"": false, ""brakes"": {""gm"": true, ""fcf_margin"": true, ""roic"": false}, ""self_pct"": 0.38461538461538464, ""self_z"": -1.4201518841753116, ""median_ratio"": 0.46269439472899004, ""fcf_yield"": 0.05300754145770659, ""yield_threshold"": 0.0495, ""gs10"": 0.0495, ""residual_pct"": null, ""brake_values"": {""gm"": 1.0201396589011102, ""fcf_margin"": 1.4470920699839065, ""roic"": null}}",False,"{""floor"": false, ""mom_sector_pct"": 3.7037037037037033, ""eps_rev_proxy"": null}"
VLTO,1967680,Veralto,Industrials,Environmental & Facilities Services,Commercial and Professional Services,2.9815195071868583,2.97056810403833,150805108.69416997,-0.05299264068277132,-0.09826812570942112,-0.07566855384589222,5.0,0.5838307942666603,0.021884428131867428,0.16428976560761807,0.1700856403106951,0.08106556165967808,0.1570317607963617,0.16085106382978723,0.09110181475122846,4,4,True,,0.047532853252115315,0.051695440677989035,True,0.5986053996066512,0.17307348471303416,0.16896120150187735,1.0253063138927931,1.0534647978401448,1.075968330514906,0.9178991671949419,,,,,,96.19999694824219,245599266.0,23626648639.69052,25064648639.69052,4443000000.0,1438000000.0,1102000000.0,60000000.0,74000000.0,83000000.0,1437000000.0,5593000000.0,1293000000.0,1042000000.0,968000000.0,945000000.0,1376000000.0,969000000.0,1039765145.2282158,0.195850622406639,0.2340232152212955,19.384879071686406,25.893232065795992,0.03862013044408478,26.523437713958224,0.03770250337774805,24.38250633610993,1.0753353973168214,1.0443313953488371,3042000000.0,750000000.0,0.8534773801485482,3.0,0.2549552538940195,0.25636970674260423,,,,,['rev_cagr5 gate'],False,0.9,ig,Commercial and Professional Services,80.0,72.72727272727273,71.42857142857143,22.727272727272727,9.090909090909092,27.27272727272727,45.45454545454546,36.36363636363637,26.5625,1.0,60.986713960889816,"{'profitability': 84.0, 'growth': 39.6, 'balance': 65.2, 'stability': 93.8}",,True,0.1191497149592573,22.984771993140914,50.0,,7.0,False,"{""floor"": true, ""depressed_arms"": {""self_pct"": false, ""self_z"": false, ""median_ratio"": false}, ""yield_arm"": false, ""residual_arm"": false, ""brakes"": {""gm"": true, ""fcf_margin"": true, ""roic"": true}, ""self_pct"": null, ""self_z"": null, ""median_ratio"": null, ""fcf_yield"": 0.03862013044408478, ""yield_threshold"": 0.0495, ""gs10"": 0.0495, ""residual_pct"": 50.0, ""brake_values"": {""gm"": 1.0253063138927931, ""fcf_margin"": 1.0534647978401448, ""roic"": 0.9178991671949419}}",False,"{""floor"": true, ""mom_sector_pct"": 26.5625, ""eps_rev_proxy"": 7.0}"
AMCR,1748790,Amcor,Materials,Paper & Plastic Packaging Products & Materials,Materials,7.301848049281314,5.9986310746064335,150051808.4911418,0.21257542673240315,-0.12881687124959473,0.10955421530611598,12.0,0.19330295592028762,0.028460083932397132,0.064078014995485,0.05843108504398827,0.16381555291242958,0.053249268919611396,0.05087976539589443,0.17077283456959685,9,11,False,0.12818624051338734,,,False,0.19952352590827874,0.04875350974219348,0.025057432144984258,1.0321804183406087,0.7608461302309177,0.4705685665433756,0.9957257559608156,0.7692307692307693,-1.9527133129776468,0.3991624190697077,260.0,,42.099998474121094,462345690.0,19464752843.516464,24787152843.516464,17112400000.0,5322400000.0,2151000000.0,922000000.0,83000000.0,1479000000.0,5311400000.0,23506000000.0,1899000000.0,1229000000.0,1146000000.0,589000000.0,3378000000.0,1106000000.0,1582354849.004771,0.1667431021565187,0.09246831823734666,13.052739780682709,21.629278222963755,0.04623362784886193,42.08345134722659,0.02376230960120391,17.59923403572917,1.1112115732368897,1.5723505032563647,12075000000.0,6588000000.0,1.090612655150651,3.0,0.09286524696563693,0.0953044842066701,0.7692307692307693,-2.848334188321269,0.23089171998384256,260.0,['fcf_cagr5 gate'],False,1.0,ig,Materials,33.33333333333333,28.57142857142857,14.285714285714285,46.42857142857143,100.0,72.72727272727273,45.45454545454546,83.33333333333334,64.28571428571429,1.0,45.865558906231215,"{'profitability': 32.9, 'growth': 100.0, 'balance': 47.6, 'stability': 79.9}",75.38072665253092,False,-0.2600780792900035,28.05385201956284,,60.62314277938107,,False,"{""floor"": false, ""depressed_arms"": {""self_pct"": true, ""self_z"": true, ""median_ratio"": true}, ""yield_arm"": false, ""residual_arm"": false, ""brakes"": {""gm"": true, ""fcf_margin"": false, ""roic"": true}, ""self_pct"": 0.7692307692307693, ""self_z"": -2.848334188321269, ""median_ratio"": 0.23089171998384256, ""fcf_yield"": 0.04623362784886193, ""yield_threshold"": 0.0495, ""gs10"": 0.0495, ""residual_pct"": null, ""brake_values"": {""gm"": 1.0321804183406087, ""fcf_margin"": 0.7608461302309177, ""roic"": 0.9957257559608156}}",False,"{""floor"": false, ""mom_sector_pct"": 64.28571428571429, ""eps_rev_proxy"": null}"
STE,1757898,Steris,Health Care,Health Care Equipment,Health Care Equipment and Services,6.757015742642026,5.9986310746064335,147911434.9578686,-0.05623910963805179,-0.21621341848349762,-0.15463197164664277,10.0,0.43934986616900673,0.011104044184521556,0.11051984460992872,0.10829587249693502,0.3534709233134412,0.07370671082135634,0.06842197442933037,0.6754159051403761,9,9,False,0.1381894523048055,0.16641623661536342,0.1228312718733593,False,0.44433954451345753,0.14293995859213252,0.12173913043478261,1.0113569588354703,1.293342015604782,1.6516695573330211,1.3793115047297195,3.8461538461538463,-0.2879909968569272,0.38423300940267235,260.0,,208.77000427246094,97500110.0,20355098381.26541,21936098381.26541,8787700000.0,1581000000.0,1288500000.0,362900000.0,62600000.0,490900000.0,1566500000.0,6037500000.0,1141600000.0,925600000.0,863000000.0,735000000.0,1632500000.0,805000000.0,847209991.7347782,0.2578749196436771,0.09640861564855174,19.215222828718826,25.418422226263512,0.03934154492747204,29.84503181124546,0.0335064142777427,25.28583649846635,1.1498136645962733,0.9595712098009188,4189200000.0,14300000.0,0.47833904207016625,1.0,0.06989618756746564,0.07066786227880759,3.8461538461538463,-1.336542004322247,0.5433999069845395,260.0,[],True,1.0,ig,Health Care Equipment and Services,29.629629629629626,55.172413793103445,36.36363636363637,25.0,58.333333333333336,34.48275862068966,62.96296296296296,60.0,21.428571428571427,1.0,53.712026310948254,"{'profitability': 39.3, 'growth': 100.0, 'balance': 68.0, 'stability': 81.2}",61.97267624419906,False,0.015810244345712654,25.019710926766916,,57.842351277573655,,False,"{""floor"": false, ""depressed_arms"": {""self_pct"": true, ""self_z"": true, ""median_ratio"": true}, ""yield_arm"": false, ""residual_arm"": false, ""brakes"": {""gm"": true, ""fcf_margin"": true, ""roic"": true}, ""self_pct"": 3.8461538461538463, ""self_z"": -1.336542004322247, ""median_ratio"": 0.5433999069845395, ""fcf_yield"": 0.03934154492747204, ""yield_threshold"": 0.0495, ""gs10"": 0.0495, ""residual_pct"": null, ""brake_values"": {""gm"": 1.0113569588354703, ""fcf_margin"": 1.293342015604782, ""roic"": 1.3793115047297195}}",False,"{""floor"": false, ""mom_sector_pct"": 21.428571428571427, ""eps_rev_proxy"": null}"
WYNN,1174922,Wynn Resorts,Consumer Discretionary,Casinos & Gaming,Consumer Services,17.861738535249827,5.9986310746064335,147646129.25156483,-0.2544623280702307,-0.37229347027579296,-0.3724053496586005,4.0,,,0.010366684333990215,0.08409910220394613,1.9616381619454695,-0.03745847082940017,0.08548267065448215,17.459538429409132,6,9,False,0.2777382286479426,,,False,,0.09517112535703807,0.10619477501964342,,9.18047876166072,-2.835000272789938,2.166672817002169,,,,,,80.19000244140625,102973891.0,8257476570.691101,18405495570.6911,9978568000.0,10148019000.0,1459197000.0,667323000.0,86330000.0,585600000.0,10885235000.0,7413425000.0,1165387000.0,791874000.0,705544000.0,787267000.0,1750987000.0,448885000.0,981090311.1093489,0.1581420497145164,0.09831974999913304,15.793462232452482,26.08695640624979,0.038333333503038504,23.378975075407837,0.042773474747055625,18.395527965271953,1.764091025541063,6.216628107461677,18463000.0,224242000.0,0.024322628256880145,2.0,0.04537821734209471,0.04164157077037584,33.74233128834356,-0.20200069633923676,0.8769148993562625,163.0,"['mktcap<10B', 'fcf_cagr5 gate']",False,0.9,ig,Consumer Services,41.66666666666667,30.76923076923077,,42.30769230769231,7.6923076923076925,76.92307692307693,0.0,53.84615384615385,18.181818181818183,1.0,18.174260112601452,"{'profitability': 27.2, 'growth': 100.0, 'balance': 0.0, 'stability': 44.4}",51.82405897071516,False,0.14112804442991234,22.65334199357682,,34.9991595416583,,False,"{""floor"": false, ""depressed_arms"": {""self_pct"": false, ""self_z"": false, ""median_ratio"": false}, ""yield_arm"": false, ""residual_arm"": false, ""brakes"": {""gm"": false, ""fcf_margin"": true, ""roic"": true}, ""self_pct"": 33.74233128834356, ""self_z"": -0.20200069633923676, ""median_ratio"": 0.8769148993562625, ""fcf_yield"": 0.038333333503038504, ""yield_threshold"": 0.0495, ""gs10"": 0.0495, ""residual_pct"": null, ""brake_values"": {""gm"": null, ""fcf_margin"": 9.18047876166072, ""roic"": 2.166672817002169}}",False,"{""floor"": false, ""mom_sector_pct"": 18.181818181818183, ""eps_rev_proxy"": null}"
VTRS,1792044,Viatris,Health Care,Pharmaceuticals,Pharmaceuticals Biotechnology and Life Sciences,22.42299794661191,5.9986310746064335,145960371.7523799,0.7772364132746099,-0.0005325037976188218,0.8947036821130503,8.0,0.3733118085428981,0.09999887837575834,0.13808751878709008,0.1374511609107648,0.12761545459667076,-0.03932470133573536,-0.046321506764722395,,3,7,False,0.03810826926878108,0.1439544094903733,,False,0.3493378159495842,0.1213096680232479,-0.04390967618995767,0.9357802457766107,0.8784984268584689,1.1165927444706574,0.3894955265895008,,,,,,17.420000076293945,1148590864.0,20008452938.51053,32745652938.51053,26997600000.0,12737200000.0,2330800000.0,376000000.0,172300000.0,2803700000.0,12737200000.0,14693800000.0,-87300000.0,1954800000.0,1782500000.0,-645200000.0,2716400000.0,,-64503689.748329304,0.26112611972131383,-0.0023892379229386797,,18.370632784578138,0.05443470629054676,,-0.019703378680875606,,,4.689000147253718,6654400000.0,13676900000.0,0.7530780513823451,0.0,-0.0061341857860584825,0.007595043516924357,89.9581589958159,1.5000910680996407,1.281898641524977,239.0,[],True,0.8,ig,Pharmaceuticals Biotechnology and Life Sciences,16.666666666666664,25.0,11.11111111111111,8.333333333333332,8.333333333333332,,16.666666666666657,,95.23809523809523,1.0,16.221687424953316,"{'profitability': 24.3, 'growth': 65.9, 'balance': 0.0, 'stability': 55.0}",,False,,,,,,False,"{""floor"": false, ""depressed_arms"": {""self_pct"": false, ""self_z"": false, ""median_ratio"": false}, ""yield_arm"": true, ""residual_arm"": false, ""brakes"": {""gm"": false, ""fcf_margin"": false, ""roic"": false}, ""self_pct"": 89.9581589958159, ""self_z"": 1.5000910680996407, ""median_ratio"": 1.281898641524977, ""fcf_yield"": 0.05443470629054676, ""yield_threshold"": 0.0495, ""gs10"": 0.0495, ""residual_pct"": null, ""brake_values"": {""gm"": 0.9357802457766107, ""fcf_margin"": 0.8784984268584689, ""roic"": 0.3894955265895008}}",False,"{""floor"": false, ""mom_sector_pct"": 95.23809523809523, ""eps_rev_proxy"": null}"
ALGN,1097149,Align Technology,Health Care,Health Care Supplies,Health Care Equipment and Services,9.267624914442163,5.9986310746064335,144749228.15909988,0.24875187243318853,-0.2339558373254209,0.15401376640449782,10.0,0.7041128153004574,0.03208929039405078,0.1020101401042968,0.11226472938815887,0.2974345370149372,0.11936403855859909,0.10489941015430812,0.5647138623594249,8,9,False,0.10296139708637742,-0.0065838037320232745,-0.18418971003597528,False,0.6804646032450045,0.10977569445048377,0.07782425646184157,0.9664141717895564,1.0761253179168986,0.6519908123218829,0.7128283027285993,20.0,-0.5866773350464629,0.726161407141179,260.0,,145.625,71039852.0,10345178447.5,9101327447.5,2988602000.0,-1243851000.0,755696000.0,122127000.0,179149000.0,254391000.0,-1243851000.0,4139532000.0,547590000.0,633569000.0,454420000.0,322156000.0,801981000.0,413227000.0,398080492.8389125,0.2730318434615087,0.13319956716849968,16.620696958490843,20.028448236213194,0.04992898042854424,28.251305105290605,0.035396594821834645,25.03509801513454,1.5332226597003584,-1.550973152730551,497301000.0,94927000.0,0.19816221765226685,7.0,0.18686066007568977,0.15774782930056896,4.230769230769231,-0.9456094828651744,0.41167311099089415,260.0,[],True,1.0,ig,Health Care Equipment and Services,66.66666666666666,44.827586206896555,86.36363636363636,76.78571428571429,58.333333333333336,72.41379310344827,88.88888888888889,80.0,50.0,1.0,49.61522343004857,"{'profitability': 55.3, 'growth': 42.9, 'balance': 100.0, 'stability': 76.4}",70.80848136260583,False,-0.2429537730808935,25.536465436368943,,60.2118523963272,,False,"{""floor"": false, ""depressed_arms"": {""self_pct"": true, ""self_z"": false, ""median_ratio"": true}, ""yield_arm"": true, ""residual_arm"": false, ""brakes"": {""gm"": false, ""fcf_margin"": true, ""roic"": false}, ""self_pct"": 4.230769230769231, ""self_z"": -0.9456094828651744, ""median_ratio"": 0.41167311099089415, ""fcf_yield"": 0.04992898042854424, ""yield_threshold"": 0.0495, ""gs10"": 0.0495, ""residual_pct"": null, ""brake_values"": {""gm"": 0.9664141717895564, ""fcf_margin"": 1.0761253179168986, ""roic"": 0.7128283027285993}}",False,"{""floor"": false, ""mom_sector_pct"": 50.0, ""eps_rev_proxy"": null}"
PKG,75677,Packaging Corporation of America,Materials,Paper & Plastic Packaging Products & Materials,Materials,9.166324435318275,5.9986310746064335,140086378.984914,0.13403383636255217,-0.0640091905354232,0.130548032749485,10.0,0.22590546458435962,0.0681208205655404,0.07384457185761927,0.07492333097428638,0.20286191058589645,0.09349072603502713,0.09561367403468568,0.1843677098896179,6,9,False,0.06187600584788355,0.03562932157398624,0.07712854976867134,False,0.2010676903068823,0.07268265055691901,0.08380005453820821,0.8900523529912124,0.98426531197255,0.8963461734890344,0.6903537149180389,61.53846153846154,0.0003042201925399212,1.0670221186483195,260.0,,238.11000061035156,89098299.0,21215196029.271286,25177096029.271286,8623800000.0,3961900000.0,1624100000.0,881700000.0,49400000.0,775700000.0,3961500000.0,9534600000.0,1035500000.0,742400000.0,693000000.0,799000000.0,1811200000.0,691800000.0,779922591.1812738,0.2468154599891127,0.09043839040576936,24.31395077669849,36.33058590082437,0.027525017150282438,31.510758484694975,0.03173519293373112,30.666660926960517,1.0731425267418329,2.1872239399293285,1416300000.0,565600000.0,0.2298174818525476,9.0,0.13100297492642088,0.12833516745662293,64.61538461538461,0.00031878510803100415,1.0680411721534646,260.0,[],True,1.0,ig,Materials,58.333333333333336,50.0,42.857142857142854,92.85714285714286,71.42857142857143,63.63636363636363,27.272727272727266,41.666666666666664,50.0,1.0,23.348103155544397,"{'profitability': 37.1, 'growth': 40.6, 'balance': 27.1, 'stability': 66.4}",35.22559025146771,False,0.25138093491270697,28.255243143765917,,29.28684670350605,,False,"{""floor"": false, ""depressed_arms"": {""self_pct"": false, ""self_z"": false, ""median_ratio"": false}, ""yield_arm"": false, ""residual_arm"": false, ""brakes"": {""gm"": false, ""fcf_margin"": true, ""roic"": false}, ""self_pct"": 64.61538461538461, ""self_z"": 0.00031878510803100415, ""median_ratio"": 1.0680411721534646, ""fcf_yield"": 0.027525017150282438, ""yield_threshold"": 0.0495, ""gs10"": 0.0495, ""residual_pct"": null, ""brake_values"": {""gm"": 0.8900523529912124, ""fcf_margin"": 0.98426531197255, ""roic"": 0.6903537149180389}}",False,"{""floor"": false, ""mom_sector_pct"": 50.0, ""eps_rev_proxy"": null}"
FTV,1659166,Fortive,Industrials,Industrial Machinery & Supplies & Components,Capital Goods,10.234086242299794,5.9986310746064335,138820176.57721746,0.23390924479619013,-0.11400651525371153,0.14744862510777113,10.0,0.6118634013940201,0.04975609584347539,0.23789454982111335,0.20708807193864057,0.16737134155537814,0.16139934391928218,0.12767564412860258,0.2673995991472709,7,9,False,-0.02140910787620065,-0.06393711288329884,-0.11789054489653683,False,0.6325494640411767,0.20321575293950986,0.12971620153940597,1.0338083019837878,0.8542261816940301,0.80369720464464,1.2171606156974826,80.76923076923077,1.1896311372236206,1.2503647334626573,260.0,,55.439998626708984,304861021.0,16901494585.577099,20143394585.5771,9325000000.0,3241900000.0,1076300000.0,105000000.0,110600000.0,416300000.0,3233600000.0,4235400000.0,746600000.0,971300000.0,860700000.0,549400000.0,1162900000.0,497200000.0,657706449.3267187,0.11906449326718639,0.07053152271600201,26.98016954939338,23.403502481209596,0.04272864716735833,36.664351266066795,0.027274449580279615,33.99335194202956,1.9535398230088497,2.7806346203456873,7288500000.0,2093500000.0,1.0061126005361931,2.0,0.05794758868005647,0.057382385318106056,85.0,1.0936340506434834,1.1474642549455423,260.0,"['rev_cagr5 gate', 'fcf_cagr5 gate']",False,1.0,ig,Capital Goods,10.81081081081081,100.0,100.0,15.853658536585366,64.28571428571429,100.0,16.21621621621621,34.14634146341463,65.625,1.0,18.273625694201993,"{'profitability': 55.0, 'growth': 0.0, 'balance': 7.3, 'stability': 75.5}",29.445475312636145,False,-0.15053069603529545,27.20542456303288,,23.85955050341907,,False,"{""floor"": false, ""depressed_arms"": {""self_pct"": false, ""self_z"": false, ""median_ratio"": false}, ""yield_arm"": false, ""residual_arm"": false, ""brakes"": {""gm"": true, ""fcf_margin"": false, ""roic"": true}, ""self_pct"": 85.0, ""self_z"": 1.0936340506434834, ""median_ratio"": 1.1474642549455423, ""fcf_yield"": 0.04272864716735833, ""yield_threshold"": 0.0495, ""gs10"": 0.0495, ""residual_pct"": null, ""brake_values"": {""gm"": 1.0338083019837878, ""fcf_margin"": 0.8542261816940301, ""roic"": 1.2171606156974826}}",False,"{""floor"": false, ""mom_sector_pct"": 65.625, ""eps_rev_proxy"": null}"
IEX,832101,IDEX Corporation,Industrials,Industrial Machinery & Supplies & Components,Capital Goods,7.129363449691992,5.9986310746064335,135778619.5491305,0.4484236441666023,-0.04369298708769531,0.4372277420813664,10.0,0.4440925586597052,0.00549684319330994,0.16993627529802136,0.17078993055555555,0.1086815811461864,0.14566807570144608,0.14277410670582477,0.09316133570230765,7,9,False,0.08013924934357308,0.03565054967020065,-0.01058255745001846,False,0.4469918835243913,0.17044598778344908,0.13209494324045407,1.0065286499585502,1.0029994330788634,0.9068215022706085,0.8476819465327478,68.07692307692308,0.9526222467047641,1.1107436588091928,260.0,,228.5,73719896.0,16844996236.0,18201896236.0,5364900000.0,1356900000.0,716700000.0,75200000.0,30400000.0,212700000.0,1358300000.0,3585300000.0,741700000.0,641500000.0,611100000.0,473600000.0,954400000.0,519500000.0,565338044.9141347,0.23778071334214002,0.1053771822241113,24.540779609006336,29.785462667321223,0.03357342510234493,38.433057930743246,0.02601926710599011,32.425401801732434,1.2348411934552455,1.423197820620285,3382600000.0,1073600000.0,0.8306212604149192,6.0,0.1243121699773517,0.1288706123154617,50.76923076923077,0.0019380253185943591,1.0002606502848237,260.0,[],True,1.0,ig,Capital Goods,40.54054054054054,90.2439024390244,81.25,46.34146341463415,64.28571428571429,53.84615384615385,59.45945945945946,41.463414634146346,85.9375,1.0,45.112943360903785,"{'profitability': 60.4, 'growth': 48.2, 'balance': 52.6, 'stability': 82.9}",39.702541282649506,False,0.07473625234106374,27.640558148099633,,42.407742321776645,,False,"{""floor"": false, ""depressed_arms"": {""self_pct"": false, ""self_z"": false, ""median_ratio"": false}, ""yield_arm"": false, ""residual_arm"": false, ""brakes"": {""gm"": true, ""fcf_margin"": true, ""roic"": false}, ""self_pct"": 50.76923076923077, ""self_z"": 0.0019380253185943591, ""median_ratio"": 1.0002606502848237, ""fcf_yield"": 0.03357342510234493, ""yield_threshold"": 0.0495, ""gs10"": 0.0495, ""residual_pct"": null, ""brake_values"": {""gm"": 1.0065286499585502, ""fcf_margin"": 1.0029994330788634, ""roic"": 0.8476819465327478}}",False,"{""floor"": false, ""mom_sector_pct"": 85.9375, ""eps_rev_proxy"": null}"
IFF,51253,International Flavors & Fragrances,Materials,Specialty Chemicals,Materials,50.48596851471595,5.9986310746064335,134248193.34469453,0.4834948488738584,-0.019257023765073433,0.45492715331373046,9.0,0.3391029035519759,0.053156405942039034,0.042248861604364016,0.04615116684082202,0.7822942925853421,-0.009200441377870138,-0.0019157088122605363,,6,9,False,0.16456696810652138,-0.13281073620242412,,False,0.3888220496554741,0.049436727551132015,0.013671661380290932,1.1466196413616891,1.170131588729613,-1.4859788589246858,-1.7611340758178622,,,,,,85.8499984741211,255149963.0,21904623934.222054,27715623934.222054,19787000000.0,5811000000.0,1161000000.0,621000000.0,88000000.0,948000000.0,5778000000.0,9143000000.0,734000000.0,540000000.0,452000000.0,125000000.0,1682000000.0,,557649350.6493506,0.24025974025974026,0.028182612354038038,37.759705632455116,61.31775206686295,0.016308490874054976,221.72499147377644,0.00451009150278069,,,3.435196195005945,8145000000.0,3732000000.0,0.6002425835144287,0.0,-0.016002536513837068,-0.016355477386741278,56.81818181818182,0.08593256234304927,1.091137871497727,220.0,['fcf_cagr5 gate'],False,0.9,ig,Materials,8.333333333333332,21.428571428571427,64.28571428571429,14.285714285714285,39.285714285714285,,0.0,8.333333333333343,85.71428571428571,1.0,9.910116617364615,"{'profitability': 9.2, 'growth': 50.0, 'balance': 0.0, 'stability': 53.0}",23.732972794131392,False,,,,16.821544705748003,,False,"{""floor"": false, ""depressed_arms"": {""self_pct"": false, ""self_z"": false, ""median_ratio"": false}, ""yield_arm"": false, ""residual_arm"": false, ""brakes"": {""gm"": true, ""fcf_margin"": true, ""roic"": false}, ""self_pct"": 56.81818181818182, ""self_z"": 0.08593256234304927, ""median_ratio"": 1.091137871497727, ""fcf_yield"": 0.016308490874054976, ""yield_threshold"": 0.0495, ""gs10"": 0.0495, ""residual_pct"": null, ""brake_values"": {""gm"": 1.1466196413616891, ""fcf_margin"": 1.170131588729613, ""roic"": -1.7611340758178622}}",False,"{""floor"": false, ""mom_sector_pct"": 85.71428571428571, ""eps_rev_proxy"": null}"
UHS,352915,Universal Health Services,Health Care,Health Care Facilities,Health Care Equipment and Services,12.013689253935661,5.9986310746064335,131857799.67690782,-0.1426180125832578,-0.2703656425703961,-0.11495726290298203,10.0,,,0.029651855390810722,0.030599547289534724,0.7057506794638717,0.050699682468984354,0.04512519836190734,0.5620056985846631,9,9,False,0.08480286480142118,-0.12213094292578985,-0.0833885508301867,False,,0.04140365664233274,,,1.3963260004014442,,1.288180279220817,18.846153846153847,-0.42502064879929685,0.7137270991575104,260.0,shares_was_proxy,176.99000549316406,59657000.0,10558692757.705688,15841011757.705688,12796131000.0,5282319000.0,1800302000.0,954902000.0,95394000.0,,5214496000.0,18114487000.0,2058455000.0,845400000.0,750006000.0,,,1526027000.0,1574600199.1295638,0.23505726424451165,0.12305283519913666,7.69558322028205,21.121180040833924,0.047345839487504184,,,6.919073356962681,0.5539875768908413,,3981713000.0,75876000.0,0.31709498753959303,3.0,0.09552454511535277,0.09713264136732536,27.77777777777778,-0.16019229408919647,0.6652532879050509,234.0,['fcf_cagr5 gate'],False,0.8,ig,Health Care Equipment and Services,37.03703703703704,13.793103448275861,,41.07142857142857,58.333333333333336,6.896551724137931,,96.66666666666667,9.523809523809524,0.7,21.677700971498062,"{'profitability': 30.4, 'growth': 35.3, 'balance': None, 'stability': 66.7}",68.22502844199593,False,-0.17588171229045635,25.18271994185624,,44.951364706747,,False,"{""floor"": false, ""depressed_arms"": {""self_pct"": false, ""self_z"": false, ""median_ratio"": true}, ""yield_arm"": false, ""residual_arm"": false, ""brakes"": {""gm"": false, ""fcf_margin"": true, ""roic"": true}, ""self_pct"": 27.77777777777778, ""self_z"": -0.16019229408919647, ""median_ratio"": 0.6652532879050509, ""fcf_yield"": 0.047345839487504184, ""yield_threshold"": 0.0495, ""gs10"": 0.0495, ""residual_pct"": null, ""brake_values"": {""gm"": null, ""fcf_margin"": 1.3963260004014442, ""roic"": 1.288180279220817}}",False,"{""floor"": false, ""mom_sector_pct"": 9.523809523809524, ""eps_rev_proxy"": null}"
HII,1501585,Huntington Ingalls Industries,Industrials,Aerospace & Defense,Capital Goods,8.725530458590006,5.9986310746064335,131150100.52571929,0.07292593632962974,-0.39621449526384156,-0.029950350590802644,10.0,,,0.0398231930406463,0.04177594604720869,0.5463901099723378,0.04015490377694115,0.045569088618227636,0.5636679234910986,9,9,False,0.059269098321768965,0.014186339457962216,-0.0024420316034008405,False,,-0.010390595373530527,-0.0020477815699658703,,-0.2609181881253261,-0.05099704836403577,0.8081894009635096,,,,,gm_derived,266.0,39404598.0,10481623068.0,14053623068.0,8884000000.0,3572000000.0,347000000.0,432000000.0,52000000.0,322000000.0,3572000000.0,13185000000.0,698000000.0,-85000000.0,-137000000.0,-27000000.0,1020000000.0,661000000.0,546656398.1042655,0.21682464454976302,0.061532687765000614,20.13413046991404,,-0.009748375869845836,,-0.001921212762670347,15.85722098033283,-0.12859304084720122,3.5019607843137255,2650000000.0,651000000.0,0.3715668617739757,5.0,0.0761364696092802,0.07251799099553727,,,,,[],True,0.8,ig,Capital Goods,18.91891891891892,12.195121951219512,,41.46341463414634,64.28571428571429,2.564102564102564,10.810810810810807,58.53658536585366,45.3125,1.0,10.22346566597764,"{'profitability': 15.4, 'growth': 30.6, 'balance': 0.0, 'stability': 66.7}",,False,,,,,,False,"{""floor"": false, ""depressed_arms"": {""self_pct"": false, ""self_z"": false, ""median_ratio"": false}, ""yield_arm"": false, ""residual_arm"": false, ""brakes"": {""gm"": false, ""fcf_margin"": false, ""roic"": false}, ""self_pct"": null, ""self_z"": null, ""median_ratio"": null, ""fcf_yield"": -0.009748375869845836, ""yield_threshold"": 0.0495, ""gs10"": 0.0495, ""residual_pct"": null, ""brake_values"": {""gm"": null, ""fcf_margin"": -0.2609181881253261, ""roic"": 0.8081894009635096}}",False,"{""floor"": false, ""mom_sector_pct"": 45.3125, ""eps_rev_proxy"": null}"
J,52988,Jacobs Solutions,Industrials,Construction & Engineering,Capital Goods,18.915811088295687,5.9986310746064335,114972494.3704247,0.03881485656451544,-0.14298018183457395,-0.07499131206036214,9.0,0.24479021776876628,0.06398820513893612,0.05228839435626618,0.045429913407415576,0.30284276723000336,0.04803221828878799,0.03908856876304419,0.3858079703136637,7,9,False,-0.023763696704604875,,,False,0.22067032387720956,0.04037655803245411,0.03659414133662503,0.9014670843001543,0.7721896709497149,0.7618665687394889,0.9482567388850125,60.0,0.22100130941510027,1.1800815135862364,260.0,,135.3300018310547,117038611.0,15838835440.934097,18758373440.934097,6184027000.0,2919538000.0,735843000.0,91299000.0,70421000.0,145082000.0,2933379000.0,14219216000.0,649643000.0,644544000.0,574123000.0,520340000.0,794725000.0,338427000.0,410025020.5939171,0.3688456266073566,0.0663038858973153,28.874895043791895,32.673091725874244,0.030606225097702864,36.050223778556514,0.0277390788512892,46.80133512082102,1.9045288939712257,3.6910616880052847,4756461000.0,604199000.0,0.8668558529902926,1.0,0.06992187155482524,0.05868170577027504,59.61538461538461,0.2642660109278836,1.1518726095402003,260.0,"['rev_cagr5 gate', 'fcf_cagr5 gate']",False,1.0,ig,Capital Goods,16.216216216216218,17.073170731707318,25.0,6.097560975609756,22.61904761904762,97.43589743589743,5.4054054054054035,24.390243902439025,40.625,1.0,6.127513496933432,"{'profitability': 22.7, 'growth': 0.0, 'balance': 0.0, 'stability': 67.3}",31.988302402170227,False,0.17923036143519777,27.311872416689187,,19.05790794955183,,False,"{""floor"": false, ""depressed_arms"": {""self_pct"": false, ""self_z"": false, ""median_ratio"": false}, ""yield_arm"": false, ""residual_arm"": false, ""brakes"": {""gm"": false, ""fcf_margin"": false, ""roic"": true}, ""self_pct"": 59.61538461538461, ""self_z"": 0.2642660109278836, ""median_ratio"": 1.1518726095402003, ""fcf_yield"": 0.030606225097702864, ""yield_threshold"": 0.0495, ""gs10"": 0.0495, ""residual_pct"": null, ""brake_values"": {""gm"": 0.9014670843001543, ""fcf_margin"": 0.7721896709497149, ""roic"": 0.9482567388850125}}",False,"{""floor"": false, ""mom_sector_pct"": 40.625, ""eps_rev_proxy"": null}"
NDSN,72331,Nordson Corporation,Industrials,Industrial Machinery & Supplies & Components,Capital Goods,4.607802874743326,5.9986310746064335,109884740.30375788,0.44337911541779795,-0.02410660973777723,0.4417819725802943,10.0,0.5515110513763457,0.01052251518027549,0.1999210543180704,0.20525999181274815,0.13821767513675173,0.18625867436321228,0.1774978420622392,0.1816045396712159,7,9,False,0.056479601334163076,0.07907001567409888,0.10538966928464055,False,0.5528561528561529,0.2351879911201945,0.2261655583689482,1.002438938397427,1.1764043158056536,1.2142551703547284,0.9835044012205103,14.23076923076923,-1.286976817963622,0.8852660866056528,260.0,gm_derived,323.260009765625,55699366.0,18005377597.09912,19517865597.09912,4781547000.0,1512488000.0,773384000.0,49371000.0,23201000.0,76256000.0,1512488000.0,2979795000.0,800961000.0,724013000.0,700812000.0,673927000.0,877217000.0,555178000.0,659254789.8380016,0.17692023726748038,0.1378747902797989,24.368059864461717,27.85035872259482,0.035906180238486705,28.9613943306903,0.034528724293509,32.431720271875186,1.3041096729337258,1.7241891117021215,3315820000.0,626343000.0,0.8244534666291056,10.0,0.1401872631263255,0.12266630092557447,45.76923076923077,-0.10087794987368277,0.99122859857557,260.0,[],True,1.0,ig,Capital Goods,48.64864864864865,95.1219512195122,90.625,87.8048780487805,64.28571428571429,66.66666666666666,45.945945945945944,43.90243902439024,84.375,1.0,47.25193286090637,"{'profitability': 71.7, 'growth': 56.5, 'balance': 42.5, 'stability': 80.9}",44.11279854482053,False,0.005063093579493749,27.709706119274273,,45.68236570286345,,False,"{""floor"": false, ""depressed_arms"": {""self_pct"": false, ""self_z"": false, ""median_ratio"": false}, ""yield_arm"": false, ""residual_arm"": false, ""brakes"": {""gm"": true, ""fcf_margin"": true, ""roic"": true}, ""self_pct"": 45.76923076923077, ""self_z"": -0.10087794987368277, ""median_ratio"": 0.99122859857557, ""fcf_yield"": 0.035906180238486705, ""yield_threshold"": 0.0495, ""gs10"": 0.0495, ""residual_pct"": null, ""brake_values"": {""gm"": 1.002438938397427, ""fcf_margin"": 1.1764043158056536, ""roic"": 0.9835044012205103}}",False,"{""floor"": false, ""mom_sector_pct"": 84.375, ""eps_rev_proxy"": null}"
MGM,789570,MGM Resorts,Consumer Discretionary,Casinos & Gaming,Consumer Services,9.166324435318275,5.9986310746064335,108822257.81348038,0.18764046605315765,-0.3151047048735609,-0.05365168340668769,8.0,,,0.08051335687434653,0.07811636234957606,0.2522421921184583,0.08992908021706693,0.12547578977346713,0.9241762408317052,8,9,False,0.277113404785333,,0.1992826380306052,True,,0.07873105122883604,,,0.9778632302179121,,0.6862095320138739,,,,,,33.689998626708984,251592756.0,8476159604.129929,37616347604.12993,31653963000.0,29140188000.0,2463036000.0,968489000.0,96170000.0,,28286309000.0,17761442000.0,1017036000.0,1494547000.0,1398377000.0,,,425926000.0,938657258.0395802,0.07706584817097897,0.029653704278342026,36.9862498516571,26.900004508176213,0.037174714959473394,,,19.900545174818934,3.5089358245329,,4768737000.0,1356676000.0,0.19351172553022825,1.0,0.043213774940308584,0.04202766631619687,4.313725490196078,-0.09404930822385052,0.8288143574749807,255.0,"['mktcap<10B', 'fcf_cagr5 gate']",False,0.8,ig,Consumer Services,33.33333333333333,38.46153846153847,,26.923076923076923,38.46153846153847,100.0,,7.692307692307693,72.72727272727273,0.7,42.45070078369601,"{'profitability': 23.0, 'growth': 100.0, 'balance': None, 'stability': 75.8}",45.119681263619434,False,0.17283511152190112,22.630336805489403,,43.78519102365772,,False,"{""floor"": false, ""depressed_arms"": {""self_pct"": true, ""self_z"": false, ""median_ratio"": false}, ""yield_arm"": false, ""residual_arm"": false, ""brakes"": {""gm"": false, ""fcf_margin"": true, ""roic"": false}, ""self_pct"": 4.313725490196078, ""self_z"": -0.09404930822385052, ""median_ratio"": 0.8288143574749807, ""fcf_yield"": 0.037174714959473394, ""yield_threshold"": 0.0495, ""gs10"": 0.0495, ""residual_pct"": null, ""brake_values"": {""gm"": null, ""fcf_margin"": 0.9778632302179121, ""roic"": 0.6862095320138739}}",False,"{""floor"": false, ""mom_sector_pct"": 72.72727272727273, ""eps_rev_proxy"": null}"
HSIC,1000228,Henry Schein,Health Care,Health Care Distributors,Health Care Equipment and Services,11.526351813826146,5.9986310746064335,99285605.98976535,0.3551316977216683,-0.047656150714228906,0.29473209113327115,10.0,0.3080539601006563,0.024171537990602482,0.039688483712754,0.04050364077669903,0.21457814490906063,0.02914355891642152,0.027457524271844662,0.26754432872366896,7,9,False,0.054343001644374,,,False,0.31318923687692984,0.0389648581091016,0.024555212468754594,1.0166700560336754,0.9817673658462327,0.8425605307565395,,60.0,0.4173161770079309,1.1597817511859256,260.0,,85.52999877929688,111446542.0,9532022601.216858,11868568601.216858,5493546000.0,2336546000.0,700000000.0,131000000.0,39000000.0,327000000.0,1676546000.0,13602000000.0,680000000.0,569000000.0,530000000.0,334000000.0,1007000000.0,424000000.0,,,,17.453777354730672,22.393525662673316,0.044655764128595954,35.534636530589395,0.02814155701688877,22.48118538022844,1.3419811320754718,1.664891757696127,4272000000.0,1043059000.0,0.9675096922825439,,,,46.53846153846154,-0.17088612493989325,0.9636392580374696,260.0,"['mktcap<10B', 'fcf_cagr5 gate']",False,0.8,ig,Health Care Equipment and Services,,24.137931034482758,22.727272727272727,,58.333333333333336,55.172413793103445,48.14814814814815,66.66666666666667,73.80952380952381,1.0,25.124812583865147,"{'profitability': 15.6, 'growth': 45.3, 'balance': 44.5, 'stability': 75.7}",53.14141008964262,False,,,,39.133111336753885,,False,"{""floor"": false, ""depressed_arms"": {""self_pct"": false, ""self_z"": false, ""median_ratio"": false}, ""yield_arm"": false, ""residual_arm"": false, ""brakes"": {""gm"": true, ""fcf_margin"": true, ""roic"": false}, ""self_pct"": 46.53846153846154, ""self_z"": -0.17088612493989325, ""median_ratio"": 0.9636392580374696, ""fcf_yield"": 0.044655764128595954, ""yield_threshold"": 0.0495, ""gs10"": 0.0495, ""residual_pct"": null, ""brake_values"": {""gm"": 1.0166700560336754, ""fcf_margin"": 0.9817673658462327, ""roic"": null}}",False,"{""floor"": false, ""mom_sector_pct"": 73.80952380952381, ""eps_rev_proxy"": null}"
HRL,48465,Hormel Foods,Consumer Staples,Packaged Foods & Meats,Food Beverage and Tobacco,17.560574948665298,5.9986310746064335,95936131.8785445,-0.08164183770834599,-0.24262989578863048,-0.1552978053880667,10.0,0.16682132833702906,0.035594130283219394,0.06383424041884073,0.06541029663217429,0.19524254570376157,0.06596444905635719,0.06743968504299375,0.17985095183844876,5,9,False,0.04729856026370727,-0.06815746663983346,-0.09187039915676254,False,0.1567837288015035,0.062185439573896606,0.06540164820504571,0.93983023852174,0.9741705887917564,0.9914681186705486,0.4609207233650294,0.38461538461538464,-1.2978731386224893,0.7019296562356216,260.0,shares_was_proxy,19.84000015258789,550675000.0,10925392084.026337,13214387084.026337,10132439000.0,2288995000.0,1091658000.0,310789000.0,25508000.0,271722000.0,2272785000.0,12146911000.0,573886000.0,780869000.0,755361000.0,794428000.0,845608000.0,342711000.0,376571452.4740182,0.3438218522946749,0.03716493654430273,23.026153424245123,17.494134703838743,0.05716201555145049,16.633838540467277,0.060118414493874735,31.879315469962552,2.2785057964290614,2.6877524810550515,4867763000.0,1572850000.0,0.6356429088790961,6.0,0.08063194961809017,0.08001175529317855,1.153846153846154,-0.9647125434657315,0.6927187658603613,260.0,['fcf_cagr5 gate'],False,1.0,ig,Food Beverage and Tobacco,27.27272727272727,14.285714285714285,14.285714285714285,36.36363636363637,53.57142857142857,92.3076923076923,38.46153846153846,28.57142857142857,11.11111111111111,1.0,11.425592606208756,"{'profitability': 21.7, 'growth': 19.7, 'balance': 10.4, 'stability': 64.5}",60.69875664111904,False,-0.12431954904376452,19.809967378969944,,36.0621746236639,,False,"{""floor"": false, ""depressed_arms"": {""self_pct"": true, ""self_z"": false, ""median_ratio"": true}, ""yield_arm"": true, ""residual_arm"": false, ""brakes"": {""gm"": false, ""fcf_margin"": true, ""roic"": false}, ""self_pct"": 1.153846153846154, ""self_z"": -0.9647125434657315, ""median_ratio"": 0.6927187658603613, ""fcf_yield"": 0.05716201555145049, ""yield_threshold"": 0.0495, ""gs10"": 0.0495, ""residual_pct"": null, ""brake_values"": {""gm"": 0.93983023852174, ""fcf_margin"": 0.9741705887917564, ""roic"": 0.4609207233650294}}",False,"{""floor"": false, ""mom_sector_pct"": 11.11111111111111, ""eps_rev_proxy"": null}"
AOS,91142,A. O. Smith,Industrials,Building Products,Capital Goods,9.166324435318275,5.9986310746064335,87852064.457069,-0.14801632242659646,-0.2744290563990439,-0.1858320971120867,10.0,0.37594040956193764,0.03313037334138961,0.13345055553018087,0.1425513028040311,0.19702988229748036,0.13342765054945965,0.13881781630202078,0.1953671815539953,6,9,False,0.05756136403417389,0.015613976621913883,0.019778627439967167,False,0.38592341454440326,0.16804646639859128,0.15766511603458697,1.0265547537017856,1.2592414151515936,1.1816524939569617,0.7774915923471257,4.230769230769231,-1.6531956430265742,0.7216416965625884,260.0,shares_was_proxy;sbc_unreported,57.70000076293945,137147703.0,7913422567.735394,8596622567.735394,2525100000.0,683200000.0,692300000.0,52900000.0,,92400000.0,664200000.0,3804900000.0,666300000.0,639400000.0,639400000.0,599900000.0,758700000.0,500300000.0,516741419.9348938,0.22446132382576345,0.20464196266876314,12.902029968085538,13.444827287668742,0.07437804730427254,14.330092628330378,0.06978321954618877,15.817354722637205,1.2780331800919449,0.8754448398576512,915200000.0,93300000.0,0.3993901231634391,10.0,0.2632079429321943,0.2721726536780593,3.4615384615384617,-1.9729700576835378,0.6667031486706729,260.0,['mktcap<10B'],False,1.0,ig,Capital Goods,83.78378378378379,75.60975609756098,59.375,87.8048780487805,64.28571428571429,61.53846153846154,72.97297297297297,90.2439024390244,18.75,1.0,43.361915165787565,"{'profitability': 78.5, 'growth': 30.5, 'balance': 70.8, 'stability': 70.2}",81.98232960384016,False,-0.7362850348964227,28.07499938429585,,62.67212238481386,,False,"{""floor"": false, ""depressed_arms"": {""self_pct"": true, ""self_z"": true, ""median_ratio"": true}, ""yield_arm"": true, ""residual_arm"": false, ""brakes"": {""gm"": true, ""fcf_margin"": true, ""roic"": false}, ""self_pct"": 3.4615384615384617, ""self_z"": -1.9729700576835378, ""median_ratio"": 0.6667031486706729, ""fcf_yield"": 0.07437804730427254, ""yield_threshold"": 0.0495, ""gs10"": 0.0495, ""residual_pct"": null, ""brake_values"": {""gm"": 1.0265547537017856, ""fcf_margin"": 1.2592414151515936, ""roic"": 0.7774915923471257}}",False,"{""floor"": false, ""mom_sector_pct"": 18.75, ""eps_rev_proxy"": null}"
SOLV,1964738,Solventum,Health Care,Health Care Technology,Health Care Equipment and Services,2.4832306639288158,2.4914442162902124,85871042.58241436,0.27672690542170164,-0.03380964141097775,0.24127774875465136,3.0,0.5602823597059503,0.029831750034154086,0.10699972109162445,0.1275270017056846,0.6627905418282916,0.08007538786941634,0.09681537983298419,0.9356442657316714,3,3,False,,,,False,0.5468110709987967,-0.03429602888086643,-0.05583634175691937,0.9759562504980102,-0.320524469886221,-0.6972971751067255,,,,,,,88.58999633789062,170223729.0,15080119528.732086,20175119528.732086,9895000000.0,5095000000.0,209000000.0,327000000.0,167000000.0,506000000.0,5095000000.0,8310000000.0,2076000000.0,-118000000.0,-285000000.0,-464000000.0,2582000000.0,1434000000.0,1755107964.60177,0.15457227138643068,0.17737321521998686,9.718265668946092,,-0.014126310359357307,,-0.022998624585058917,10.516122404973562,-0.08228730822873083,1.9732765298218435,5626000000.0,2544000000.0,0.8256695300656898,1.0,,,,,,,"['rev_cagr5 gate', 'fcf_cagr5 gate']",False,0.8,ig,Health Care Equipment and Services,,51.724137931034484,45.45454545454545,25.0,5.0,3.4482758620689653,37.03703703703704,90.0,59.523809523809526,0.7,28.81141749535709,"{'profitability': 44.3, 'growth': None, 'balance': 34.2, 'stability': 72.0}",,False,,,,,,False,"{""floor"": false, ""depressed_arms"": {""self_pct"": false, ""self_z"": false, ""median_ratio"": false}, ""yield_arm"": false, ""residual_arm"": false, ""brakes"": {""gm"": true, ""fcf_margin"": false, ""roic"": false}, ""self_pct"": null, ""self_z"": null, ""median_ratio"": null, ""fcf_yield"": -0.014126310359357307, ""yield_threshold"": 0.0495, ""gs10"": 0.0495, ""residual_pct"": null, ""brake_values"": {""gm"": 0.9759562504980102, ""fcf_margin"": -0.320524469886221, ""roic"": null}}",False,"{""floor"": false, ""mom_sector_pct"": 59.523809523809526, ""eps_rev_proxy"": null}"
BF-B,14693,Brown–Forman,Consumer Staples,Distillers & Vintners,Food Beverage and Tobacco,43.90143737166324,5.9986310746064335,60373246.545390785,0.03055022625805237,-0.13218742374443992,-0.007263445705932736,10.0,0.5994472994507823,0.013465347238644223,0.14355978573978317,0.10383159886471145,0.3391977793070172,,,,6,9,False,0.025637699680790327,0.03414372589540915,0.05833783074022758,False,0.6066411238825032,0.2280970625798212,,1.0120007620992069,1.5888646072046284,,0.7975207561404152,3.4615384615384617,-1.606472544772779,0.5576379416972751,260.0,shares_was_proxy,26.0,458824000.0,11929424000.0,14178424000.0,6218000000.0,2249000000.0,1013000000.0,88000000.0,32000000.0,,2249000000.0,3915000000.0,993000000.0,925000000.0,893000000.0,,,721000000.0,800842281.8791946,0.1935123042505593,0.12879419136043657,14.278372608257804,15.87729451287794,0.06298302265470408,,,16.545664355062414,1.2829403606102636,,1513000000.0,936000000.0,0.3938565455130267,7.0,0.1614932155292526,0.14726582917289982,0.7692307692307693,-0.8752548675890407,0.38649568151818203,260.0,[],True,0.9,ig,Food Beverage and Tobacco,63.63636363636363,57.14285714285714,85.71428571428571,50.0,53.57142857142857,61.53846153846154,,78.57142857142857,40.74074074074074,0.7,26.62259763074485,"{'profitability': 53.0, 'growth': 24.9, 'balance': None, 'stability': 65.0}",78.97697366571214,False,-0.23573493752591457,20.098094470425373,,52.79978564822849,,False,"{""floor"": false, ""depressed_arms"": {""self_pct"": true, ""self_z"": false, ""median_ratio"": true}, ""yield_arm"": true, ""residual_arm"": false, ""brakes"": {""gm"": true, ""fcf_margin"": true, ""roic"": false}, ""self_pct"": 0.7692307692307693, ""self_z"": -0.8752548675890407, ""median_ratio"": 0.38649568151818203, ""fcf_yield"": 0.06298302265470408, ""yield_threshold"": 0.0495, ""gs10"": 0.0495, ""residual_pct"": null, ""brake_values"": {""gm"": 1.0120007620992069, ""fcf_margin"": 1.5888646072046284, ""roic"": 0.7975207561404152}}",False,"{""floor"": false, ""mom_sector_pct"": 40.74074074074074, ""eps_rev_proxy"": null}"
MU,723125,Micron Technology,Information Technology,Semiconductors,Semiconductors and Semiconductor Equipment,31.994524298425734,5.9986310746064335,31834530452.881012,4.94110257483457,-0.046996641013016816,5.881568338277942,8.0,0.271675862383062,0.7236685441326504,-0.056565969486111624,0.0186205789501846,13.616582641589419,0.04712893595768157,0.21209168020212957,1.929702928078838,6,9,False,0.11763119291842661,,0.08716558604518232,True,0.7256906750559408,0.2765801892017635,0.4565766444380442,2.671163601692076,-4.889515581796418,9.687819917004227,,67.75956284153006,0.3253113590804526,1.3382327960705274,183.0,,1080.530029296875,1129393151.0,1220343214537.72,1202589214537.72,82970000000.0,-17754000000.0,51432000000.0,25260000000.0,1204000000.0,9011000000.0,-17754000000.0,90274000000.0,59243000000.0,26172000000.0,24968000000.0,41217000000.0,68254000000.0,50469000000.0,,,,20.299262605501408,48.16522006318968,0.0207618692219835,29.177019543822208,0.03427354869122452,24.18005537137094,0.5185757593770434,-0.2601166232015706,1150000000.0,453000000.0,0.019320236229962637,,,,,,,,"['fcf_cagr5 gate', 'coverage<80%']",False,0.7,,,,,,,,,,,,,,,,,,,,,,,,,
SNDK,2023554,Sandisk,Information Technology,"Technology Hardware, Storage & Peripherals",Technology Hardware and Equipment,0.8240930869267625,1.6098562628336757,19969499910.71415,14.29015587389912,-0.19733608187793228,17.05621854946769,1.0,0.3117568742990426,0.7912611640002911,0.06031032921610818,-0.06735600569436236,2.089060200858698,0.05046661989408037,-0.06892117993244347,2.319027121857016,3,3,False,,,,False,0.7147372580007902,0.5562030817858554,,2.2926110598453135,9.22235194228222,,,,,,,,1753.6199951171875,146419001.0,256763287818.68347,252202287818.68347,11175000000.0,-4561000000.0,11671000000.0,177000000.0,232000000.0,,-4561000000.0,20248000000.0,12389000000.0,11494000000.0,11262000000.0,,,11433000000.0,10881419451.486519,0.12168702466005993,0.9737288099764223,20.356952766057265,22.394094105725756,0.04465463060389294,,,22.458085176129053,1.0053354325198984,,4994000000.0,,0.4468903803131991,1.0,,,,,,,"['tenure<1y', 'rev_cagr5 gate', 'fcf_cagr5 gate', 'coverage<80%']",False,0.7,,,,,,,,,,,,,,,,,,,,,,,,,
INTC,50863,Intel,Information Technology,Semiconductors,Semiconductors and Semiconductor Equipment,49.73305954825462,5.9986310746064335,10593789833.996233,1.5202817245268485,-0.049257450801823754,2.5884506870323505,6.0,0.41104004759759505,0.19477074278616033,-0.18210652988854154,-0.19886129349446507,,-0.009076877278101308,-0.02507929482923951,15.110477781828079,5,9,False,-0.07457071162960704,,,False,0.38604643007434425,0.0076798990040678914,0.0028755786225277036,0.939194203413193,-0.04217256244885002,-0.31680263315504625,-0.023881797577247715,,,,,,127.38999938964844,5044000000.0,642555156921.3867,695819156921.3867,140806000000.0,53264000000.0,14936000000.0,12105000000.0,2393000000.0,12379000000.0,37663000000.0,57032000000.0,-77000000.0,2831000000.0,438000000.0,164000000.0,12302000000.0,-11289000000.0,-68386759.5455941,0.11186026564163509,-0.0004856807206056141,,1588.6282121492848,0.0006294739022965489,4242.799737325528,0.00023569342460418724,,,3.061534709803284,20465000000.0,4840000000.0,0.179715353038933,6.0,0.020336857769380143,0.007872824926945434,,,,,"['rev_cagr5 gate', 'fcf_cagr5 gate', 'coverage<80%']",False,0.7,,,,,,,,,,,,,,,,,,,,,,,,,
AMZN,1018724,Amazon,Consumer Discretionary,Broadline Retail,Broadline Retail,20.851471594798085,5.9986310746064335,10045284835.269367,0.2122576856656111,-0.09144566124622411,0.13468016319919984,28.0,,,-0.014042908857436014,-0.0010821926664167985,2.857810092979188,0.03316522033754214,0.04285422996575114,1.3319269758744086,8,8,False,0.13178194800406007,,,False,0.5076964727722773,-0.03988629331683168,0.0862327248349835,,2.84031561564334,2.6000950380350814,,13.529411764705882,-0.01198295276011075,0.7359491752872384,170.0,,249.3800048828125,10786313572.0,2689890931252.9067,2809222931252.9067,670952000000.0,119332000000.0,161403000000.0,173028000000.0,19314000000.0,75200000000.0,119332000000.0,775680000000.0,93712000000.0,-11625000000.0,-30939000000.0,66889000000.0,168912000000.0,135281000000.0,,,,29.977195356548858,,-0.01101336588698615,41.99827970597418,0.02381049907284064,19.883730392685646,-0.08593224473503301,0.7064743771904898,23504000000.0,9197000000.0,0.04873821078109909,,,,,,,,"['fcf_cagr5 gate', 'coverage<80%']",False,0.6,,,,,,,,,,,,,,,,,,,,,,,,,
ORCL,1341439,Oracle Corporation,Information Technology,Application Software,Software and Services,37.06776180698152,5.9986310746064335,4448204629.761167,-0.46176058478981996,-0.5190949666296908,-0.5021152048663378,8.0,,,-0.041602494487030794,0.05690386427898209,51.542104679270196,0.16813605105218637,0.16162836804441003,0.4860544724465163,8,9,False,0.10721151086579872,,0.0992700300941678,False,,-0.46720352206865806,0.43531263932233616,,11.230180493487104,2.589049978265655,,0.38461538461538464,-2.6514205547578213,0.34122599536417614,260.0,,139.5399932861328,3023736000.0,421932101139.0381,564714101139.0381,209554000000.0,142782000000.0,46940000000.0,75660000000.0,4814000000.0,10881000000.0,137404000000.0,71776000000.0,23057000000.0,-28720000000.0,-33534000000.0,31245000000.0,33938000000.0,18920000000.0,18330739313.414387,0.20498159719762385,0.08747501509593893,24.492089219718007,,-0.05938226074461633,18.07374303533487,0.055328882237894,22.300851011577066,-1.517970401691332,4.048676999233897,62267000000.0,3244000000.0,0.3126210905065043,4.0,,,,,,,"['fcf_cagr5 gate', 'coverage<80%']",False,0.7,,,,,,,,,,,,,,,,,,,,,,,,,
LITE,1633978,Lumentum,Information Technology,Communications Equipment,Technology Hardware and Equipment,0.5092402464065708,5.9986310746064335,3730873409.384246,4.567651632970451,-0.042917516900991104,4.779408883529355,7.0,0.3327565488970501,0.29481760690012027,-0.04058523255034342,-0.05495189586870402,1.972219203371944,-0.07068895010449733,-0.11482739105829089,,7,9,False,0.1157814561822057,-0.14424207131315925,-0.07540695559983868,False,0.4166887856668879,0.04309887193098872,0.10507631055076311,1.2522331627973615,-1.0619348275885148,-1.486460194916348,,,,,,,929.0399780273438,89700000.0,83334886029.05273,83864686029.05273,5173700000.0,529800000.0,751400000.0,451300000.0,170200000.0,264500000.0,529800000.0,3014000000.0,524800000.0,300100000.0,129900000.0,316700000.0,789300000.0,-6935100000.0,503158762.88659793,0.041237113402061855,0.09725317720134487,159.80313648828647,645.609592217496,0.0015489237025820323,264.80797609426185,0.003776321297980983,,,0.6712276700874192,1069300000.0,326900000.0,0.269864893596459,1.0,,,,,,,"['tenure<1y', 'fcf_cagr5 gate', 'coverage<80%']",False,0.7,,,,,,,,,,,,,,,,,,,,,,,,,
BE,1664703,Bloom Energy,Industrials,Electrical Components & Equipment,Capital Goods,0.010951403148528405,5.9986310746064335,3477704148.054499,1.9972981397492,-0.18929193114352638,2.7919510104336744,3.0,0.21571488574062653,0.30113368148991726,-0.1403296159713175,-0.12183936184055276,,-0.12665183402115926,-0.12585763151452597,,9,9,False,0.223111300072111,,,False,0.2981929409865886,0.09451722756492735,0.10144382734679072,1.3823475369480662,-0.6735372780058494,-0.8009661141570431,,,,,,sbc_unreported,266.6499938964844,284443868.0,75846955666.0924,76122894666.0924,1197408000.0,275939000.0,298241000.0,68682000.0,,51859000.0,249400000.0,2428753000.0,164062000.0,229559000.0,229559000.0,246382000.0,215921000.0,,128578673.22060558,0.2162799842705466,0.10738083695833466,463.9885815490023,331.60492364094813,0.003015636767452736,308.9628896026999,0.0032366346692507806,,,1.1550520792326824,1957000.0,,0.0016343635586199524,,,,,,,,"['tenure<1y', 'fcf_cagr5 gate', 'coverage<80%']",False,0.6,,,,,,,,,,,,,,,,,,,,,,,,,
LLY,59478,Lilly (Eli),Health Care,Pharmaceuticals,Pharmaceuticals Biotechnology and Life Sciences,55.73442847364819,5.9986310746064335,2860922797.536681,0.6314049701673314,-0.05855504885778107,0.6415161356826926,,0.7890977638403605,0.04005281419640179,,,,0.1627529909512464,0.19335485055652862,0.5908489210118519,9,9,False,0.21575855656690868,,0.23860692158425345,False,0.8339940099766776,,0.31802354335235444,1.0568956702117838,,1.9540258000396455,,3.8461538461538463,-0.275110707302894,0.5498145680602677,260.0,gm_derived,1181.8900146484375,941357065.0,1112580515342.2603,1159836415342.2603,81134900000.0,47255900000.0,28083500000.0,,649200000.0,2098700000.0,47198400000.0,79665800000.0,,,,25335600000.0,,26711200000.0,,0.20491732523701092,,,,,45.77892038642307,0.0218441149673022,41.652210134410296,,,8849000000.0,5354400000.0,0.17505906829243642,,,,,,,,"['fcf_cagr5 gate', 'coverage<80%']",False,0.1,,,,,,,,,,,,,,,,,,,,,,,,,
CAT,18230,Caterpillar Inc.,Industrials,Construction Machinery & Heavy Transportation Equipment,Capital Goods,69.56057494866529,5.9986310746064335,2232084320.3514686,0.7336256008580797,-0.19120991434248302,0.7444573759337316,10.0,0.8585401405021356,0.32339139763827013,0.136788648804193,0.13194454718963144,0.2345188804444848,0.1282558045954994,0.14021512376274245,0.2981573719474643,6,9,False,0.10115402157081044,0.10764087497839547,0.194627983733606,False,0.9416023230606592,0.14315727495349864,0.1497410643792905,1.0967481642849488,1.04655814795292,1.167518810174343,,81.92307692307692,1.4314305078158587,1.5403746705742043,260.0,sbc_unreported;gm_derived,805.25,459674889.0,370153204367.25,399999204367.25,49240000000.0,29846000000.0,13569000000.0,2871000000.0,,2379000000.0,29847000000.0,74729000000.0,13092000000.0,10698000000.0,10698000000.0,11190000000.0,15471000000.0,,,,,30.55294869899557,37.390092014138155,0.02674505319810056,35.74613086391868,0.027975055644676134,,,1.9292224161334108,5859000000.0,438000000.0,0.1278838342810723,,,,87.6923076923077,1.8635505760208506,1.8335053595180348,260.0,['coverage<80%'],True,0.7,,,,,,,,,,,,,,,,,,,,,,,,,
KLAC,319201,KLA Corporation,Information Technology,Semiconductor Materials & Equipment,Semiconductors and Semiconductor Equipment,28.985626283367555,5.9986310746064335,2128933247.8962808,0.6582600433066292,-0.27831145549610037,0.767557534364655,10.0,0.6059831245679101,0.009826117327548007,0.28829135284142665,0.28724266725042696,0.09815102483658607,0.28190607976787535,0.28156946246685427,0.09817342455706492,8,9,False,0.14438267834282237,0.14036548966752482,0.14599324059225793,False,0.6130145227989652,0.25457263593970786,0.2532446760095898,1.0116032904976828,0.8830394440576037,0.8983299552039258,,99.61538461538461,6.198043277622483,20.828366540253707,260.0,gm_derived;share_jump_gt20pct,187.11000061035156,1306546783.0,244467969364.5829,245778475364.5829,7660326000.0,1310506000.0,4143079000.0,375945000.0,310171000.0,393978000.0,1310506000.0,13579476000.0,,3767134000.0,3456963000.0,3438930000.0,,4830771000.0,,0.1382740582508685,,,71.09664620783703,0.014065361073104592,71.46946153733367,0.013991990124028394,50.606408245098535,0.7798204468810466,,1788758000.0,230788000.0,0.2636370828082251,,,,99.61538461538461,6.20198019341267,21.561362945433995,260.0,['coverage<80%'],True,0.6,,,,,,,,,,,,,,,,,,,,,,,,,
MRNA,1682852,Moderna,Health Care,Biotechnology,Pharmaceuticals Biotechnology and Life Sciences,5.1800136892539355,5.9986310746064335,2123082912.7007565,4.634544989089794,0.0,6.955084081053205,4.0,0.5985871300693586,0.3054523497458655,-0.4718133376705834,-0.6030957943925234,4.174140859339719,-0.41651375786138656,-0.5899532710280374,4.463448777996849,4,9,False,0.19342778041847408,,,False,0.23384201077199285,-0.7657091561938959,-0.7917414721723519,0.3906565962166568,1.622906974131597,1.9008771192519385,-2.513410876170363,,,,,ebitda_nonpositive;gm_derived,194.82000732421875,399235889.0,77779138819.07098,77343138819.07098,6325000000.0,-436000000.0,-1073000000.0,171000000.0,462000000.0,229000000.0,-436000000.0,2228000000.0,-3320000000.0,-1244000000.0,-1706000000.0,-1764000000.0,-3091000000.0,-3151000000.0,-2949389885.06967,0.11162955268985843,-0.4663067011967858,,,-0.02205754803914605,,-0.02280745295489662,,,,52000000.0,109000000.0,0.025454545454545455,2.0,0.18552744623564635,-0.3115430994398627,,,,,"['fcf_cagr5 gate', 'coverage<80%']",False,0.6,,,,,,,,,,,,,,,,,,,,,,,,,
CRWD,1535527,CrowdStrike,Information Technology,Systems Software,Software and Services,2.2532511978097194,5.9986310746064335,2008070039.2537284,0.8146316131850488,0.0,1.1575340134189354,7.0,0.7431215415468153,0.0105377119731134,0.0816809227012403,0.08008259728114309,0.328189295920868,0.14803250669094636,0.16335035697279218,0.22173360018116497,8,8,False,0.40643417090854195,0.33955983909505494,,False,0.7524562442262023,0.07008317975147073,0.13342932778863428,1.0125614750178775,0.8580116070408511,0.9013515394101935,0.09260128981934233,,,,,ebitda_nonpositive;share_jump_gt20pct,259.6700134277344,1023934842.0,265885174171.26508,261729307171.26508,945857000.0,-4155867000.0,2016615000.0,407897000.0,1230539000.0,66072000.0,-4193668000.0,5396145000.0,-119489000.0,1608718000.0,378179000.0,720004000.0,-53417000.0,59797000.0,-83042203.357591,0.3050221915189598,-0.08779572742770948,,692.0778445425713,0.0014449241626293496,363.5109071217175,0.0027509490923340063,4446.463437484574,26.902988444236332,,2251426000.0,273235000.0,2.6691783218816374,1.0,-0.9481048006889741,0.038592068489530194,,,,,['coverage<80%'],True,0.7,,,,,,,,,,,,,,,,,,,,,,,,,
IBM,51143,IBM,Information Technology,IT Consulting & Other Services,Software and Services,69.56057494866529,5.9986310746064335,1834722701.0521195,-0.149820274039827,-0.25079089204123506,-0.18060270172076365,10.0,0.5583809342770133,0.0260590604563556,0.16422352218774233,0.17004359197907584,0.11717911791446448,0.10425690582486706,0.0956096838676242,0.2095889765265551,6,9,False,0.041240412922473046,-0.0492561730972797,-0.09378289144913798,False,0.5810261234532166,0.17241479122946668,0.11301830812649251,1.0405550902369618,1.049878780655794,1.084036661478742,,51.92307692307693,0.1078193571682074,1.0326232424321888,260.0,,227.05999755859375,942134390.0,213921032293.2672,277517032293.2672,98048000000.0,63596000000.0,14888000000.0,1098000000.0,1877000000.0,5202000000.0,63507000000.0,69095000000.0,,13790000000.0,11913000000.0,7809000000.0,,10725000000.0,,0.11704592341717036,,,23.295310357866803,0.04292709496623216,35.538101202877094,0.028138813446764624,19.94601699704123,1.2857808857808857,,74599000000.0,13955000000.0,0.9031698759791122,,,,61.15384615384616,0.44424751031188014,1.110332611682203,260.0,['coverage<80%'],True,0.6,,,,,,,,,,,,,,,,,,,,,,,,,
COHR,820318,Coherent Corp.,Information Technology,Electronic Components,Technology Hardware and Equipment,0.5092402464065708,5.9986310746064335,1810837238.0357423,1.609589847478424,-0.2540237187466462,1.7162350794846866,8.0,0.3462190574588253,0.08696861560732114,-0.026320632928828185,0.007774792137528131,,-0.030795242713235516,-0.02972138340518743,,8,9,False,0.18042001127353102,,,False,0.3749609626391911,-0.169968001656603,-0.08829713658587778,1.0830165311849824,6.45759553412723,2.867233014141125,,,,,,gm_derived;capex_gt_2x_cfo,290.6099853515625,195832246.0,56910806141.423584,58796927141.423584,12789616000.0,1886121000.0,79514000.0,1102909000.0,186468000.0,521561000.0,1551416000.0,7118181000.0,,-1023395000.0,-1209863000.0,-628515000.0,,804998000.0,,0.07177849629541377,,,,-0.020576976703049976,,-0.010689589244829751,70.69682923612677,-1.2713012951584972,,4375597000.0,3097313000.0,0.5842951031524324,0.0,0.031214114111488292,0.008996982675030574,,,,,"['tenure<1y', 'fcf_cagr5 gate', 'coverage<80%']",False,0.7,,,,,,,,,,,,,,,,,,,,,,,,,
GLW,24741,Corning Inc.,Information Technology,Electronic Components,Technology Hardware and Equipment,31.575633127994525,5.9986310746064335,1771998777.217313,0.8903184252161866,-0.3013333927175659,0.9596004014103092,,0.33500094740918773,0.0613409022559631,,,,0.06370205640930096,0.06795060464521083,0.5665662215091974,7,9,False,0.06695841428340232,,-0.11617115649227316,True,0.36377033718462626,,0.12143362414524876,1.0858785325770977,,1.9062747890744478,1.7739119809112294,35.38461538461539,-0.34951278088228516,0.818715115190274,260.0,,154.14999389648438,861388331.0,132783005966.15286,137792005966.15286,17569000000.0,5009000000.0,3915000000.0,,419000000.0,1436000000.0,2142000000.0,16964000000.0,2598000000.0,,,2060000000.0,4034000000.0,1900000000.0,2239506234.413965,0.13798836242726517,0.12746919200944648,53.03772362053613,,,66.88932328454023,0.01495006902291572,69.88579261376466,,0.5309866137828458,2476000000.0,657000000.0,0.17832545961636975,1.0,0.0718576757928923,0.06418452049712484,,,,,"['fcf_cagr5 gate', 'coverage<80%']",False,0.5,,,,,,,,,,,,,,,,,,,,,,,,,
JNJ,200406,Johnson & Johnson,Health Care,Pharmaceuticals,Pharmaceuticals Biotechnology and Life Sciences,53.23750855578371,5.9986310746064335,1751439267.850449,0.525126520349612,-0.01653169396113885,0.5401478219572822,10.0,0.6906005595176778,0.011172971178056155,0.20853273789673366,0.20063645651076223,0.055937879214138786,0.17248789922352653,0.16639240707908232,0.06799553419276018,8,9,False,0.02665503872479502,-0.004912054981440983,0.004828953651687673,False,0.6790736145574855,0.21270512309938833,0.1883303209468084,0.9833088102792114,1.0200082981921086,1.0918465689164185,,86.53846153846155,1.3695731243298266,1.2994920818535451,260.0,,270.67999267578125,2409898597.0,652311334585.3354,684834334585.3354,117494000000.0,32523000000.0,27608000000.0,5364000000.0,1414000000.0,7751000000.0,31263000000.0,97929000000.0,,22244000000.0,20830000000.0,18443000000.0,,21037000000.0,,0.16506588347356724,,,32.87730842944481,0.030416115180049327,37.13248032236271,0.026930600684860764,31.007811692985477,1.0573751010125019,,48479000000.0,26216000000.0,0.6357345907025039,,,,91.92307692307692,1.8735247610273298,1.4298203838114156,260.0,['coverage<80%'],True,0.6,,,,,,,,,,,,,,,,,,,,,,,,,
CVX,93410,Chevron Corporation,Energy,Integrated Oil & Gas,Energy,69.56057494866529,5.9986310746064335,1616049541.7551603,0.31002910087150104,-0.03928806763537096,0.33462536304295276,9.0,0.3963725881773958,0.030735177692233082,0.1127249390407999,0.1004504527380112,0.3673135191205665,0.09095076347012668,0.07486227986466557,0.43397205045789816,4,9,True,0.14316140269739064,-0.05862503806451547,0.05221820016558776,True,0.4364551940242728,0.1294229820181974,0.10428774717192674,1.1011235565788877,1.1481308672196646,1.1466396013946674,,60.78431372549019,0.23375194394323223,1.1524374587645565,255.0,sbc_unreported;gm_derived,205.64999389648438,1975771274.0,406317350438.94916,442440350438.94916,226006000000.0,36123000000.0,45321000000.0,18309000000.0,,23555000000.0,30448000000.0,208711000000.0,,27012000000.0,27012000000.0,21766000000.0,,20592000000.0,,,,,16.379399912592522,0.061052297723752244,20.327131785305024,0.049195332158121996,19.73180606249753,1.3117715617715617,,4568000000.0,,0.020211852782669487,,,,62.69230769230769,0.15354156483013215,1.0568710948655455,260.0,"['fcf_cagr5 gate', 'coverage<80%']",False,0.6,,,,,,,,,,,,,,,,,,,,,,,,,
SMCI,1375365,Supermicro,Information Technology,"Technology Hardware, Storage & Peripherals",Technology Hardware and Equipment,2.521560574948665,5.9986310746064335,1533260057.2781217,-0.1907463536006263,-0.21471816416505474,-0.09406375822778257,5.0,0.13808110937007195,0.196114475775482,-0.06853656782630588,-0.09984394061775959,,-0.06487485066506368,-0.095921382560263,,8,9,False,0.6148277410083174,,,False,0.10821604097086886,-0.18902763203057865,-0.18623729848999074,0.7837135830132885,2.7580551233559962,2.8707164113794716,,,,,,,41.5099983215332,656965384.0,27270631987.145416,20555039987.145416,7763860000.0,-6715592000.0,-6809886000.0,161999000.0,412115000.0,53000000.0,-6715756000.0,39063072000.0,2770486000.0,-6971885000.0,-7384000000.0,-7275001000.0,2823486000.0,2230453000.0,,,,7.419290329258266,,-0.3592306317388709,,-0.35392784468186855,12.226499274876188,-3.1257708635869035,-2.3785334866190233,,,0.0,,,,,,,,"['fcf_cagr5 gate', 'coverage<80%']",False,0.7,,,,,,,,,,,,,,,,,,,,,,,,,
GE,40545,GE Aerospace,Industrials,Aerospace & Defense,Capital Goods,69.56057494866529,5.9986310746064335,1295786803.370313,0.1672645100632033,-0.15188964558491846,0.08957866260056213,7.0,,,0.11962693923081102,0.12241145185017539,0.3579642689856936,0.11974048830686597,0.12425031119158085,0.4118721587572139,3,9,False,-0.0459869626385655,,,False,,0.16580106242224374,0.17601058472718656,,1.3859843233332525,1.469933747690371,,48.84615384615385,-0.0008621423877291558,0.993145532380861,260.0,sbc_unreported;gm_derived,319.7799987792969,1037562513.0,331791739140.5842,342903739140.5842,28752000000.0,11112000000.0,9800000000.0,1404000000.0,,887000000.0,10885000000.0,50639000000.0,,8396000000.0,8396000000.0,8913000000.0,,8971000000.0,,0.13429811866859623,,,40.84132195576277,0.024485005678394758,38.47231450023384,0.025992717438248273,36.98492243234692,0.9359045814290492,,8954000000.0,6467000000.0,0.5363452977184195,,,,57.692307692307686,0.02903269262344443,1.0403607865174953,260.0,"['rev_cagr5 gate', 'fcf_cagr5 gate', 'coverage<80%']",False,0.5,,,,,,,,,,,,,,,,,,,,,,,,,
MRK,310158,Merck & Co.,Health Care,Pharmaceuticals,Pharmaceuticals Biotechnology and Life Sciences,69.56057494866529,5.9986310746064335,1291593921.5629246,0.9324089698578866,-0.024231475472514474,0.9389674186866708,10.0,0.7339051213104868,0.027335597866452805,0.19924757865358825,0.17750842165172048,0.27971374478964256,0.19728492857883606,0.19433722076215507,0.2627242763251946,8,9,True,0.09383063963833482,0.09250503157236656,0.21479422273940196,False,0.7296639576980276,0.22789887184725624,0.19633763463473988,0.9942211009443754,1.1437974473129289,0.9951983461133087,,85.0,1.5255630982629937,1.4560437625201528,260.0,gm_derived,147.97999572753906,2467171638.0,365092048450.3456,415603048450.3456,92444000000.0,50511000000.0,19967000000.0,3904000000.0,892000000.0,6005000000.0,47960000000.0,66569000000.0,,16063000000.0,15171000000.0,13070000000.0,,3173000000.0,,0.14176416557667743,,,27.394571778415767,0.03650358209971736,31.79824395182445,0.031448277505985486,115.06210162317856,5.0624015127639455,,21582000000.0,39456000000.0,0.6602700012980831,,,,76.15384615384615,0.4768437100444379,1.1428696055285419,260.0,['coverage<80%'],True,0.6,,,,,,,,,,,,,,,,,,,,,,,,,
UBER,1543151,Uber,Industrials,Passenger Ground Transportation,Transportation,2.7707049965776864,5.9986310746064335,1282340135.8786767,-0.19939053186297184,-0.2834368290466692,-0.2969019465069771,4.0,,,0.030662297875314926,0.03827687025562619,1.0009563348972361,0.012556856153484081,0.022182881360478527,2.3182426834505425,7,8,False,0.3610053095492587,,,False,,0.14806163651836965,0.14014884024118637,,4.828784754503626,11.161140856288304,,,,,,,69.22000122070312,2042560121.0,141386014068.97952,150948014068.97952,36878000000.0,9562000000.0,10424000000.0,308000000.0,1939000000.0,745000000.0,9562000000.0,55227000000.0,6700000000.0,10116000000.0,8177000000.0,7740000000.0,7445000000.0,9579000000.0,,,,22.52955433865366,18.460072651214322,0.05417096773637123,19.502327399092962,0.05127593130482002,14.759997292930318,1.0560601315377387,1.284351914036266,9472000000.0,1132000000.0,0.28754270838982593,,,,,,,,"['fcf_cagr5 gate', 'coverage<80%']",False,0.6,,,,,,,,,,,,,,,,,,,,,,,,,
MCD,63908,McDonald's,Consumer Discretionary,Restaurants,Consumer Services,56.238193018480494,5.9986310746064335,1220158006.9966393,-0.11578565880589797,-0.29142628774600987,-0.20352401435132605,10.0,,,0.26379163827057617,0.2611493397805468,0.09766688355766677,0.34680145034968657,0.3551816113595356,0.11619331491663687,5,9,False,0.06956327691923625,0.09216024512251142,0.11076179693949428,False,,0.2738430438235506,0.38647029095372176,,1.0381035790932256,1.1143848751613823,,0.38461538461538464,-2.409980540118062,0.7556210792801135,260.0,,237.02000427246094,707641531.0,167725198700.99078,225964698700.99078,57216500000.0,58239500000.0,11347000000.0,3586000000.0,175000000.0,466000000.0,58239500000.0,27702000000.0,12805000000.0,7761000000.0,7586000000.0,10706000000.0,13271000000.0,8787000000.0,,,,17.646598883326106,29.78706811244276,0.03357161558247743,21.106360797776087,0.04737908204930179,19.08787967463193,0.8832365995220212,4.388478637630924,3347000000.0,,0.05849711184710704,,,,3.8461538461538463,-1.8023822609481535,0.8019262439051679,260.0,['coverage<80%'],True,0.7,,,,,,,,,,,,,,,,,,,,,,,,,
BKNG,1075531,Booking Holdings,Consumer Discretionary,"Hotels, Resorts & Cruise Lines",Consumer Services,16.88432580424367,5.9986310746064335,1191234068.203075,-0.06717495798932738,-0.27829336192916054,-0.2841968401757059,9.0,,,,,0.3410602646154019,0.30966111552138564,0.32570874931547245,0.342057778356195,8,9,True,0.3169056376027688,0.3782628172317084,0.3830687522857248,True,,0.33777132537799653,0.3288835381183386,,,1.0620756744500761,,92.3076923076923,2.9552903515369535,14.034071694567947,260.0,sbc_unreported;ev_or_ic_nonpos,157.41000366210938,751380500.0,118274807256.63757,121975807256.63757,-7082000000.0,3701000000.0,9859000000.0,320000000.0,,571000000.0,3701000000.0,28241000000.0,9284000000.0,9539000000.0,9539000000.0,9288000000.0,9855000000.0,,7203568614.788505,0.22408782692928642,,13.138281695027743,12.787064394238135,0.07820403254171467,13.132623520309815,0.07614624743132883,,,0.37554540842212075,2672000000.0,1613000000.0,-0.6050550691894945,3.0,-3.39825488462711,-2.136648401551531,92.3076923076923,2.978274082314382,13.970425789431221,260.0,['coverage<80%'],True,0.7,,,,,,,,,,,,,,,,,,,,,,,,,
VZ,732712,Verizon,Communication Services,Integrated Telecommunication Services,Telecommunication Services,42.81998631074607,5.9986310746064335,1120501861.1873546,0.22729363417915782,-0.06500693293519577,0.1591923385949019,3.0,,,,,,0.14926598939335872,0.14646837431943582,0.08086757910339055,7,9,False,0.014976616276052734,-0.04462029513981125,-0.05589238762322879,False,,,0.14649915403722236,,,0.981463725478381,0.905582519915608,84.61538461538461,1.1479074262476807,1.152067080630213,260.0,gm_derived,47.31999969482422,4154775202.0,196603961290.70325,333397961290.70325,241990000000.0,136794000000.0,38799000000.0,,,18451000000.0,135518000000.0,138895000000.0,28530000000.0,,,20348000000.0,46981000000.0,16606000000.0,21875899390.2439,0.23323170731707318,0.09040001400985123,11.685873161258439,,,16.384802501017457,0.061032166847168424,11.839332849012601,,2.8845277878291222,30664000000.0,12317000000.0,0.1776147774701434,8.0,0.09982526387355145,0.10240343971437954,75.76923076923077,1.0122059927782103,1.1080348835697447,260.0,['coverage<80%'],True,0.6,,,,,,,,,,,,,,,,,,,,,,,,,
NKE,320187,"Nike, Inc.",Consumer Discretionary,"Apparel, Accessories & Luxury Goods",Consumer Durables and Apparel,37.817932922655714,5.9986310746064335,1045342611.6652561,-0.41601045138484605,-0.48315500305026626,-0.46361760320850554,10.0,0.43943336459472615,0.02738456314588682,0.07233247350111024,0.08038346642716286,0.35096976797054263,0.07184749068215826,0.08205951616356241,0.44480511866594485,7,9,False,0.008216289449518577,-0.1819645349191309,-0.2331522997876183,False,0.42913487650329757,0.03166084745032113,0.030303030303030304,0.9765641643962868,0.4377127715649758,0.4217688052194618,,58.46153846153847,0.12934987663172273,1.0903399532926277,260.0,shares_was_proxy,35.9900016784668,1479800000.0,53258004483.795166,54145004483.795166,15752000000.0,887000000.0,2868000000.0,684000000.0,715000000.0,747000000.0,887000000.0,46398000000.0,,2184000000.0,1469000000.0,1406000000.0,,3108000000.0,,0.20307692307692307,,,36.85841013192319,0.02713085009420677,38.5099605147903,0.0259673078505478,17.135780078441172,0.7027027027027027,,240000000.0,103000000.0,0.021775012696800405,,,,44.230769230769226,-0.0540684583680752,0.9339780964250116,260.0,"['fcf_cagr5 gate', 'coverage<80%']",False,0.6,,,,,,,,,,,,,,,,,,,,,,,,,
LIN,1707925,Linde plc,Materials,Industrial Gases,Materials,34.234086242299796,5.9986310746064335,961661236.5151255,0.042393609453906356,-0.14078433670114987,0.0001699113917958961,10.0,,,,,0.10785402155375838,0.16589333388187538,0.167072502587204,0.12651323207866239,7,9,False,0.04522316072101629,0.04782085172873507,0.19794058996486497,False,,0.14034246382126436,,,,,,30.76923076923077,-0.5713217690934583,0.9076305421251081,260.0,sbc_unreported,468.1400146484375,460980163.0,215803260259.4591,241534260259.4591,64812000000.0,25731000000.0,10489000000.0,5514000000.0,,,24195000000.0,35449000000.0,9378000000.0,4975000000.0,4975000000.0,,,7244000000.0,,,,25.755412695613042,48.549600052152584,0.02059749202724199,,,29.790621239571937,0.6867752622860298,,27927000000.0,11871000000.0,0.6140529531568228,,,,85.0,0.7515509636240435,1.179694389611976,260.0,['coverage<80%'],True,0.5,,,,,,,,,,,,,,,,,,,,,,,,,
PFE,78003,Pfizer,Health Care,Pharmaceuticals,Pharmaceuticals Biotechnology and Life Sciences,69.56057494866529,5.9986310746064335,948780321.7126529,0.2592968667852851,-0.001406007537948839,0.2795645552465247,10.0,0.6571327036422661,0.10285038180747899,0.19659039914300083,0.1407892875665991,0.630936162650095,0.15267229258772924,0.07628836814559857,0.8596777169307774,5,9,False,0.08482737844510346,-0.057109488132706554,-0.13617362986119574,False,0.731804194925898,0.1575923134890731,0.09215649334338107,1.1136322859443046,0.8016277202552484,0.6036229087895938,,77.6923076923077,0.1637649368417273,1.435482563350013,260.0,gm_derived,28.40999984741211,5699673589.0,161927725793.78882,199338725793.78882,122601000000.0,37411000000.0,13401000000.0,2416000000.0,947000000.0,6584000000.0,37109000000.0,63696000000.0,,10985000000.0,10038000000.0,5870000000.0,,4334000000.0,,0.085565309380174,,,19.858410619026582,0.0503564972637784,33.95889706878855,0.029447363910976212,37.36218869261394,2.534610059990771,,71419000000.0,47053000000.0,0.9663216450110521,,,,62.69230769230769,0.18688388119364846,1.116797380781495,260.0,"['fcf_cagr5 gate', 'coverage<80%']",False,0.6,,,,,,,,,,,,,,,,,,,,,,,,,
TJX,109198,TJX Companies,Consumer Discretionary,Apparel Retail,Consumer Discretionary Distribution and Retail,40.98562628336756,5.9986310746064335,916344733.2429264,-0.044178557824439246,-0.21592946286035053,-0.06886629923610699,10.0,0.2953514981950169,0.04330860968845772,0.06277146286077358,0.07123846699787083,0.3052861646388147,0.07382035835871362,0.08568133427963094,0.31998750166112166,8,9,False,0.13439955145745608,0.042457671185629486,0.08307476574883577,False,0.3199813992271058,0.09064669756105383,0.10410018761124384,1.0833918269675615,1.444074957470837,1.4101826369548645,,23.076923076923077,-0.3636762816104091,0.7714129150439258,260.0,gm_derived,131.6300048828125,1099974061.0,144789591020.3971,153102591020.3971,18964000000.0,8313000000.0,8034000000.0,2158000000.0,223000000.0,1319000000.0,8313000000.0,62363000000.0,,5876000000.0,5653000000.0,6492000000.0,,6066706000.0,,0.24586699813548787,,,27.08342314176492,0.036922954486425894,23.583270335859073,0.042402940124867665,23.8662613649643,0.9685651488633206,,97000000.0,,0.005114954650917528,3.0,,,22.692307692307693,-0.26940948350907673,0.734985615283025,260.0,['coverage<80%'],True,0.7,,,,,,,,,,,,,,,,,,,,,,,,,
RDDT,1713445,Reddit,Communication Services,Interactive Media & Services,Media and Entertainment,0.10403832991101986,2.510609171800137,901591766.1894207,-0.3627920552618419,-0.37553155567024743,-0.36395818236435795,2.0,0.8803758874591268,0.032840777885715,-0.1734487804263477,-0.19902471755285145,1.7785038557564858,-0.17820374522317284,-0.20282369067421294,,3,3,False,,,,False,0.9144238194868783,0.2449462616334765,0.2416812231317164,1.0386743123167743,-1.4122109191623233,-1.3562073166815196,,,,,,shares_was_proxy;gm_derived,152.72000122070312,192345684.0,29375033095.276978,27909062095.276978,1819729000.0,-1465971000.0,1026095000.0,7446000.0,337984000.0,16519000.0,-1465971000.0,2778834000.0,784998000.0,1018649000.0,680665000.0,671592000.0,801517000.0,871374000.0,778861668.565011,0.007817002635661386,0.4280097028541124,35.55303592528513,41.00264020520664,0.024388673387744846,41.556573180259704,0.024063581846903156,33.71116546428626,1.1690146825588095,-1.828995517250414,42174000.0,10539000.0,0.02896750010578498,,,,,,,,"['tenure<1y', 'rev_cagr5 gate', 'fcf_cagr5 gate', 'coverage<80%']",False,0.7,,,,,,,,,,,,,,,,,,,,,,,,,
FCX,831259,Freeport-McMoRan,Materials,Copper,Materials,15.236139630390143,5.9986310746064335,885247618.2335087,1.1614504444146294,-0.05974434662489381,1.0378987339478591,9.0,0.31766252041894655,0.12812041396940582,0.09138574379433743,0.06768080443470414,0.8010065676543123,0.1674351315479975,0.1366339250319341,0.26714807590544587,6,9,True,0.12633189095015696,-0.33167314496480027,0.1847861813212779,False,0.25295957556321025,0.05760779189927545,0.14265352179593777,0.7963154583977884,0.630380511307334,0.8519927716307509,,97.3076923076923,2.0490687662069176,1.706946597467101,260.0,gm_derived,72.08000183105469,1436017523.0,103508145687.26662,122835145687.26662,39436000000.0,19327000000.0,5900000000.0,4295000000.0,150000000.0,2147000000.0,6382000000.0,25257000000.0,6923000000.0,1605000000.0,1455000000.0,3603000000.0,9070000000.0,,,,,17.743051522066533,84.42278054107672,0.011845144090148042,34.09246341583864,0.029331995984057318,,,0.703638368246968,0.0,433000000.0,0.010979815397099097,,,,73.07692307692307,0.48221414702422727,1.6229710222763654,260.0,"['fcf_cagr5 gate', 'coverage<80%']",False,0.7,,,,,,,,,,,,,,,,,,,,,,,,,
ETN,1551182,Eaton Corporation,Industrials,Electrical Components & Equipment,Capital Goods,69.56057494866529,5.9986310746064335,840659005.5444617,0.11403992340154923,-0.025492258237197807,0.21698586767530692,10.0,0.35521609428530854,0.06676608727887066,0.11372855930226111,0.12359889636144163,0.29934085140325606,0.10376229255899472,0.11631315744093809,0.37092037354345014,7,9,False,0.0897718296066381,0.0681711907707716,0.10196433944938676,False,0.35902218077666026,0.13101978285485913,0.12542463198561246,1.0107148480955221,1.1520394143624242,1.2087688975675002,,75.0,0.29904169258499175,1.0695039769306574,260.0,sbc_unreported;gm_derived,440.0,388400000.0,170896000000.0,173326000000.0,22684000000.0,2430000000.0,4950000000.0,1016000000.0,,1184000000.0,2385000000.0,30026000000.0,,3934000000.0,3934000000.0,3766000000.0,,3829000000.0,,0.20477178423236514,,,44.058464667005595,0.022697114108673828,46.02389803505045,0.02172784233179096,44.632018803865236,1.0274223034734917,,20229000000.0,1215000000.0,0.9453359195909011,2.0,,,87.3076923076923,0.9642529947510776,1.1360661523675724,260.0,['coverage<80%'],True,0.7,,,,,,,,,,,,,,,,,,,,,,,,,
NEM,1164727,Newmont,Materials,Gold,Materials,57.23750855578371,5.9986310746064335,813175219.3264881,0.5121641617118606,-0.07620837542941494,0.4362193158844667,10.0,,,,,0.8779945174735306,0.169944167715495,0.16003927344133528,0.8579943940643354,6,9,False,0.14543267087660494,0.15312414918389394,0.2478785432756867,False,,0.37773120658206233,0.39135328132883146,,,2.302834434330217,,8.846153846153847,-0.7117218704823719,0.4759307245879765,260.0,sbc_unreported,121.30000305175781,1053692271.0,127812875687.91362,124161875687.91362,31592000000.0,-3651000000.0,12628000000.0,2895000000.0,,2544000000.0,-3822000000.0,25767000000.0,,9733000000.0,9733000000.0,10084000000.0,,8597000000.0,,0.39092613423322087,,,12.756793967729747,0.07838960184899532,12.31276038158604,0.08121655656480722,14.86714850388666,1.1321391182970804,,2658000000.0,62000000.0,0.08609774626487718,,,,7.6923076923076925,-0.008325487510568864,0.5851840901210624,260.0,['coverage<80%'],True,0.4,,,,,,,,,,,,,,,,,,,,,,,,,
DASH,1792789,DoorDash,Consumer Discretionary,Specialized Consumer Services,Consumer Services,1.5058179329226558,5.7878165639972625,782756582.2312547,-0.09803023434248959,-0.30856869723742897,-0.2855183529274702,6.0,,,0.026347771988085883,0.0535031847133758,0.6079973363545961,-0.005229869702709372,0.010229132569558102,7.788594047184248,7,7,False,0.3658171522120788,,,False,,0.09319740733748663,0.0450569504751117,,3.5372025907780467,-8.61531033015404,,,,,,shares_was_proxy,187.52999877929688,434425000.0,81467719719.69604,77621719719.69604,6075000000.0,-3846000000.0,2830000000.0,235000000.0,1114000000.0,1000000000.0,-3846000000.0,15891000000.0,712000000.0,2595000000.0,1481000000.0,716000000.0,1712000000.0,841000000.0,687391705.0691245,0.03456221198156682,0.11315089795376534,109.01926926923602,52.41169461154358,0.01907971126313767,108.41022307220118,0.009224222325730298,96.87005911973371,3.0856123662306776,-2.246495327102804,5495000000.0,2005000000.0,1.2345679012345678,1.0,,,,,,,"['fcf_cagr5 gate', 'coverage<80%']",False,0.7,,,,,,,,,,,,,,,,,,,,,,,,,
COP,1163165,ConocoPhillips,Energy,Oil & Gas Exploration & Production,Energy,69.56057494866529,5.9986310746064335,778757529.7011216,0.3653481269975982,-0.05831823377996903,0.3547688030453595,6.0,0.525993993260456,0.10913166204623066,,,,0.24758594391369662,0.24102468983141667,0.3626674732797656,6,9,True,0.3055795231251637,0.3087348210945504,-0.04047568153846626,True,0.5729684614291803,,0.17971302741866743,1.0893060924090514,,0.7258611881509385,,83.46153846153847,0.7985326259997461,1.4349173908063386,260.0,gm_derived,129.33999633789062,1201337479.0,155380985134.43076,170485985134.43076,80454000000.0,15105000000.0,21925000000.0,,,11805000000.0,15105000000.0,56312000000.0,,,,10120000000.0,,9282000000.0,,0.3650294157887536,,,,,16.84644121881727,0.0593597179968795,16.740032873780518,,,0.0,745000000.0,0.009259949784970294,,,,73.84615384615385,0.5630774293483759,1.1787307850533189,260.0,['coverage<80%'],True,0.3,,,,,,,,,,,,,,,,,,,,,,,,,
DE,315189,Deere & Company,Industrials,Agricultural & Farm Machinery,Capital Goods,69.56057494866529,5.9986310746064335,733474504.6699575,0.37551622680155194,0.0,0.5165091683638088,11.0,,,0.12143306457006293,0.13019875667629804,0.22795050399230832,0.10577243399616294,0.11117677961649593,0.2733396521801118,7,10,False,0.0515001521854499,-0.017533470075129065,-0.007882567302485155,False,,0.12208490507054581,0.09865994206281391,,1.005367899614415,0.9327566581893441,,80.38461538461539,1.1176345277215098,1.668743607831739,260.0,gm_derived,694.9400024414062,269625412.0,187373484473.54517,228126484473.54517,68743000000.0,40753000000.0,7245000000.0,1224000000.0,163000000.0,2348000000.0,40746000000.0,47983000000.0,,6021000000.0,5858000000.0,4734000000.0,,4873000000.0,,,,,38.94272524300874,0.02567873701082404,48.18894898047004,0.020751645785121373,38.45136147620463,1.2355838292632875,,4466000000.0,940000000.0,0.07864073432931352,,,,83.07692307692308,1.2809084590656272,1.4960568045120695,260.0,['coverage<80%'],True,0.5,,,,,,,,,,,,,,,,,,,,,,,,,
ABNB,1559720,Airbnb,Consumer Discretionary,"Hotels, Resorts & Cruise Lines",Consumer Services,3.0198494182067077,5.7878165639972625,732300402.2773955,0.5313661871393693,-0.20081293753328777,0.22384804466076202,3.0,0.8234615058430332,0.010689373180236656,,,,0.26334893269086407,0.2755873752142785,0.25409424258373203,5,6,False,0.29369366217901005,,0.22946885288142727,True,0.8290143627935254,,,1.0067433109029271,,,,,,,,shares_was_proxy;gm_derived;ev_or_ic_nonpos,151.38999938964844,592000000.0,89622879638.67188,80253879638.67188,-1570000000.0,-9369000000.0,4860000000.0,,1707000000.0,,-9369000000.0,13159000000.0,2738000000.0,,,,,2691277000.0,2190888492.4174843,0.19982158786797502,,29.31113208132647,,,,,33.30124682025368,,,754000000.0,16000000.0,-0.49044585987261147,2.0,5.061676468662535,1.3167269689405097,44.35146443514644,-0.037019866540891344,0.985994682631233,239.0,"['fcf_cagr5 gate', 'coverage<80%']",False,0.6,,,,,,,,,,,,,,,,,,,,,,,,,
WBD,1437107,Warner Bros. Discovery,Communication Services,Broadcasting,Media and Entertainment,4.457221081451061,5.9986310746064335,690417258.5064204,0.4746284018579199,0.0,0.5807278211577656,10.0,,,0.11356386721569989,0.09842069123369192,0.33697888390184927,-0.030102820924211036,-0.0564329493146156,,6,9,False,0.28437376883638876,0.05731335015126526,,False,,0.037851308320642395,-0.06825418801052194,,0.3333041507713781,2.2673685028510597,0.37952413454110395,,,,,gm_derived,30.84000015258789,2510703314.0,77430090586.86292,94510090586.86292,49918000000.0,17080000000.0,3423000000.0,1243000000.0,813000000.0,5075000000.0,15923000000.0,36115000000.0,-1272000000.0,2180000000.0,1367000000.0,-2465000000.0,3803000000.0,-3167000000.0,-1062721691.1331075,0.1645269723796324,-0.02128934835396265,,69.13686217034595,0.014464064011700521,,-0.026081871096446073,,,4.186957665001315,25861000000.0,27928000000.0,1.0775471773708882,2.0,-0.05609484724786832,-0.06122546636310646,100.0,3.5537816559414694,4.199953579482569,260.0,['coverage<80%'],True,0.7,,,,,,,,,,,,,,,,,,,,,,,,,
BMY,14272,Bristol Myers Squibb,Health Care,Pharmaceuticals,Pharmaceuticals Biotechnology and Life Sciences,69.56057494866529,5.9986310746064335,637935899.2014054,0.581499295447105,-0.0822265626111861,0.4608321417112258,10.0,,,0.2735192820957631,0.26958627738523755,0.08626648406100176,0.10817118523959328,0.10523809523809524,0.48108327498397646,6,9,False,0.025378080148594995,-0.006922769238850601,0.2709022462419326,False,0.701581750904729,0.221343471719595,0.18405643882405562,,0.8092426611521283,1.7015292789515122,,20.0,-0.6854240751523075,0.5200553400986253,260.0,,61.5,2042714656.0,125626951344.0,161786951344.0,58479000000.0,36160000000.0,12782000000.0,1342000000.0,553000000.0,3176000000.0,36160000000.0,49186000000.0,,11440000000.0,10887000000.0,9053000000.0,,9282000000.0,,0.22115869017632242,,,14.860563180306787,0.06729220069702335,17.871087080967634,0.05595630503445875,13.534470086619264,1.2324929971988796,,21740000000.0,1802000000.0,0.40257186340395695,,,,96.92307692307692,2.1563614193044964,1.3137836783862509,260.0,['coverage<80%'],True,0.5,,,,,,,,,,,,,,,,,,,,,,,,,
PSX,1534701,Phillips 66,Energy,Oil & Gas Refining & Marketing,Energy,14.401095140314853,5.9986310746064335,618786500.6435322,0.8014891420760368,-0.06319338577623679,0.8890497453527395,,0.10965243669007525,0.16640064475556476,,,,0.03071478156021267,0.034274316650723544,0.6142859649144061,4,9,False,0.15598169539945306,,,False,0.1309810931410884,,0.04033726103557276,1.1945114681883182,,1.3132849718138597,,60.16260162601627,0.041302873671222366,1.341060334019915,246.0,gm_derived,255.8699951171875,399020916.0,102097479828.57568,120920479828.57568,50329000000.0,18823000000.0,8925000000.0,,,2787000000.0,17626000000.0,152167000000.0,,,,6138000000.0,,7093000000.0,,0.1981951576600833,,,,,19.700306260765018,0.05076063218324643,14.394118120481558,,,1433000000.0,977000000.0,0.047884917244530985,,,,,,,,"['fcf_cagr5 gate', 'coverage<80%']",False,0.1,,,,,,,,,,,,,,,,,,,,,,,,,
SLB,87347,Schlumberger,Energy,Oil & Gas Equipment & Services,Energy,69.56057494866529,5.9986310746064335,604853553.941539,0.6449442395419505,-0.10572071281179152,0.483314770902044,10.0,,,0.11611447328736808,0.12498599753556626,0.2627975902396158,0.09300135544501179,0.0984093200403271,0.35687405703139424,6,9,False,0.08634313500805857,0.2127254286211202,0.12322119707675916,True,,0.12272452290601112,0.09412638178518397,,1.0569270085933562,1.0120968811130648,,46.53846153846154,-0.09422904235984932,0.9338951080897256,260.0,gm_derived,51.43000030517578,1484143231.0,76329486823.25458,87302486823.25458,37047000000.0,10973000000.0,6533000000.0,1727000000.0,343000000.0,2767000000.0,9793000000.0,36366000000.0,,4806000000.0,4463000000.0,3423000000.0,,3101000000.0,,0.19601837672281777,,,19.56139072893896,0.05112110963156665,25.504670412870166,0.03920850510169228,24.61447495106565,1.5498226378587552,,17001000000.0,4876000000.0,0.5905201500796285,3.0,0.14010324005706312,0.14993702716012994,48.07692307692308,-0.05962071226546645,0.9730691751103335,260.0,['coverage<80%'],True,0.7,,,,,,,,,,,,,,,,,,,,,,,,,
HCA,860730,HCA Healthcare,Health Care,Health Care Facilities,Health Care Equipment and Services,11.66050650239562,5.9986310746064335,578357884.3906292,0.0019656694834908617,-0.21200941505158977,0.017411241884464745,10.0,,,0.0772589284349481,0.07477019390110902,0.22073630227103805,0.0977770616758424,0.09643927015250545,0.18866891898717986,9,9,False,0.07966065216727913,0.03755848171451159,0.07216758929977862,False,,0.09868042100853537,0.11804210085353721,,1.2772688284386982,1.2072576004061049,,7.377049180327869,-0.038727919562398024,0.8360745541370506,244.0,,423.4800109863281,221839800.0,93944720941.20483,147284720941.20483,47037000000.0,53340000000.0,12999000000.0,5072000000.0,389000000.0,3593000000.0,50015000000.0,76388000000.0,,7927000000.0,7538000000.0,9017000000.0,,6794000000.0,,0.2020016339869281,,,19.538965367631313,0.051179782613086686,16.334115663879874,0.06122155741870558,13.82760096279141,1.1667647924639388,,2701000000.0,,0.05742287986053533,,,,6.967213114754098,-0.07801864096814728,0.785443975369735,244.0,['coverage<80%'],True,0.5,,,,,,,,,,,,,,,,,,,,,,,,,
ADP,8670,Automatic Data Processing,Industrials,Human Resource & Employment Services,Commercial and Professional Services,45.48665297741273,5.9986310746064335,576807758.266226,0.008239886838758093,-0.07891388693944956,-0.07132424159907902,,0.4505497437344613,0.029502281572005087,,,,0.18380128568638116,0.19086508033444,0.21054446594252485,9,9,False,0.07901405164575914,,0.1388984419535153,False,0.46416432014726117,,0.21017068080957196,1.030217698716135,,1.1434668698029933,,9.230769230769232,-1.2909856155642325,0.755716402993371,260.0,gm_derived,263.1099853515625,397262737.0,104523792912.79163,105669092912.79163,7176500000.0,1145300000.0,5441200000.0,,242600000.0,585900000.0,1145300000.0,21947400000.0,,,,4612700000.0,,4413500000.0,,0.22979599671919446,,,,,22.908295122767928,0.043652309988189704,23.68274451405724,,,3284400000.0,1653300000.0,0.6880373441092454,,,,,,,,"['fcf_cagr5 gate', 'coverage<80%']",False,0.1,,,,,,,,,,,,,,,,,,,,,,,,,
CVNA,1690820,Carvana,Consumer Discretionary,Automotive Retail,Consumer Discretionary Distribution and Retail,0.758384668035592,5.9986310746064335,569370980.6352586,0.002464177236477072,-0.32200884655763296,-0.13103524574008785,3.0,0.16376181191276745,0.2644106369821125,-0.04728620188879999,0.03902174982777286,,-0.027655317840001536,0.04556638126168684,,8,9,False,0.2946654403024904,,,False,0.1937105914278873,0.03320296911166094,0.04050602601963445,1.1828801181747608,-0.7021703538326528,-1.4646740367975535,,,,,,shares_was_proxy;share_jump_gt20pct,64.18000030517578,717691000.0,46061408599.02191,50102408599.02191,8069000000.0,4041000000.0,1120000000.0,191000000.0,97000000.0,8000000.0,2931000000.0,25058000000.0,2237000000.0,929000000.0,832000000.0,1015000000.0,2245000000.0,1568000000.0,,,,22.397142869477833,60.21924110459364,0.016605988080506017,49.361978915292525,0.020258507093405778,29.375898341212952,0.5924744897959183,1.3055679287305122,12000000.0,17000000.0,0.0035940017350353202,,,,,,,,"['tenure<1y', 'fcf_cagr5 gate', 'coverage<80%']",False,0.7,,,,,,,,,,,,,,,,,,,,,,,,,
TTWO,946581,Take-Two Interactive,Communication Services,Interactive Home Entertainment,Media and Entertainment,8.5201916495551,5.9986310746064335,514991723.297799,-0.08093860738227043,-0.22334038267769296,-0.20748086991542491,7.0,0.5048075571903464,0.13348742202613095,-0.05711786125827408,-0.09223119485569015,,-0.052797938330684316,-0.0820576085534309,,8,9,False,0.14564420997425698,-0.11360433846070306,-0.3055733803152364,False,0.5604127720032902,-0.0019591714648919466,-0.006984221939729305,1.110151312160283,0.03430050463607198,0.1322820958649122,0.11748018626934786,,,,,,202.97999572753906,186980443.0,37953289521.27336,39211532521.27336,4866643000.0,1258243000.0,500200000.0,162700000.0,350600000.0,196300000.0,1245868000.0,6686500000.0,-161300000.0,337500000.0,-13100000.0,-46700000.0,35000000.0,-320400000.0,-143273653.52013257,0.11175664277661142,-0.029439934986012446,,,-0.0003340853865605197,,-0.0011909761490363564,,,35.59622857142857,1060900000.0,1653200000.0,0.5576944928978764,3.0,-0.25059489536827295,-0.2293079035745501,,,,,"['fcf_cagr5 gate', 'coverage<80%']",False,0.7,,,,,,,,,,,,,,,,,,,,,,,,,
DVN,1090012,Devon Energy,Energy,Oil & Gas Exploration & Production,Energy,26.069815195071868,5.9986310746064335,504372656.59253675,0.3042565582991237,-0.048074501062807196,0.35567479944088687,8.0,,,0.2061894746588305,0.17991183128797808,0.3514490681796659,0.22936933096718953,0.2039072806080784,0.3350264998902011,6,9,True,0.29142826541130273,0.01747897083552785,0.03371486295441217,True,,0.23123001167571958,0.2195542920960455,,1.1214443029079062,0.9572085822033982,,91.53846153846153,1.3800766230585853,1.7491415850328706,260.0,gm_derived;share_jump_gt20pct,48.900001525878906,1100000000.0,53790001678.4668,65361001678.4668,53318000000.0,11571000000.0,8553000000.0,3859000000.0,139000000.0,4089000000.0,11571000000.0,19699000000.0,,4694000000.0,4555000000.0,4325000000.0,,3280000000.0,,0.2192919933475885,,,14.349286866842327,0.0696898744362519,15.11237033028134,0.06617095651740712,16.399390755630122,1.4310975609756098,,753000000.0,1466000000.0,0.041618215236880605,,,,91.92307692307692,0.2595052367714347,1.420408361856341,260.0,['coverage<80%'],True,0.5,,,,,,,,,,,,,,,,,,,,,,,,,
JCI,833444,Johnson Controls,Industrials,Building Products,Capital Goods,16.079397672826833,5.9986310746064335,482858050.53189695,0.31209908554936727,-0.051243516354855134,0.37016042259272264,9.0,0.34991336453004573,0.023401079079083294,0.059447199025038734,0.058349379785947786,0.3573894084227978,0.04560536704960276,0.04495992118579553,0.45593610564014764,7,9,False,0.01120804194605829,0.008118576350585105,-0.004333029115990983,False,0.36561208202021855,0.10309826873490771,0.0854581917897925,1.0448645838699449,1.7342830347899731,1.8738626025494705,,50.0,-0.0015163318086175769,0.9992500731501935,260.0,,145.36000061035156,610115603.0,88686404424.46501,98518404424.46501,23350000000.0,9832000000.0,3038000000.0,372000000.0,147000000.0,803000000.0,9807000000.0,24433000000.0,,2666000000.0,2519000000.0,2088000000.0,,3531000000.0,,0.17956903431763768,,,39.1101248211453,0.025568826603676282,47.18314388144876,0.021194009507136194,25.116512156461347,0.7550269045596149,,16547000000.0,3662000000.0,0.8654817987152035,,,,52.307692307692314,0.03987572873024688,1.0139463442937302,260.0,['coverage<80%'],True,0.6,,,,,,,,,,,,,,,,,,,,,,,,,
CCL,815097,Carnival Corporation,Consumer Discretionary,"Hotels, Resorts & Cruise Lines",Consumer Services,27.759069130732374,5.9986310746064335,469765780.34474546,-0.17838394430512483,-0.3486273505862175,-0.2769380274512301,7.0,-0.1734960737501054,4.282059953923919,-0.8943298352548883,0.04371787153244107,,,,,7,9,False,0.36611769802331207,,,False,0.4189154553110468,0.11339753212991102,,-2.4145529420707845,-0.12679609654036889,,,8.284023668639055,-0.1875450506854865,0.8009847167685604,169.0,gm_derived,21.790000915527344,1369649119.0,29844655556.96122,53787655556.96122,36911000000.0,23943000000.0,6794000000.0,3594000000.0,103000000.0,,23927000000.0,27311000000.0,4464000000.0,3200000000.0,3097000000.0,,,3069000000.0,4444675324.675324,0.004329004329004329,0.12041600944637978,12.049205993942925,17.367664048098554,0.057578267130833985,,,9.724553782001049,1.0426849136526557,,579000000.0,1180000000.0,0.04765517054536588,1.0,,,,,,,"['fcf_cagr5 gate', 'coverage<80%']",False,0.7,,,,,,,,,,,,,,,,,,,,,,,,,
BKR,1701605,Baker Hughes,Energy,Oil & Gas Equipment & Services,Energy,9.218343600273785,5.9986310746064335,469453088.55522805,0.2546690010905226,-0.1653205735712684,0.1517383175276581,8.0,,,0.06235973613394001,0.06433780286991296,0.30914475451921003,0.061957810189492556,0.06970908805771191,0.41169617007879244,6,9,True,0.06019151313311255,0.1369045557927311,,False,,0.1055004508566276,0.10593327321911632,,1.6918039972142818,1.7097646429905873,,,,,,,57.290000915527344,992674071.0,56870298436.410255,58187298436.410255,21225000000.0,1317000000.0,4436000000.0,1308000000.0,203000000.0,1296000000.0,1141000000.0,27725000000.0,,3128000000.0,2925000000.0,2937000000.0,,3096000000.0,,0.1109846328969835,,,19.89309348253342,0.05026870259660833,19.81181424460683,0.050474933171363645,18.368959443284965,1.0103359173126616,,5566000000.0,3997000000.0,0.45055359246171967,1.0,,,,,,,['coverage<80%'],True,0.5,,,,,,,,,,,,,,,,,,,,,,,,,
OXY,797468,Occidental Petroleum,Energy,Oil & Gas Exploration & Production,Energy,69.56057494866529,5.9986310746064335,457053132.73692226,0.26398695323370625,-0.10309657808983541,0.24722730398767112,10.0,0.8828303408155032,0.022128418725598488,0.2668140235727488,0.2846319414550151,0.39677408420483845,0.18764150951829134,0.1976221928665786,0.5460864986904461,5,9,False,0.04716358074234517,0.23653087118924065,0.10831716102802247,True,0.846770346340998,0.25341093407117643,0.17436313328880831,0.9591541060525908,0.9497661729990818,0.9292354007193241,,75.68627450980392,0.09588112546474156,1.1785505572841188,255.0,sbc_unreported;gm_derived,58.04999923706055,999637371.0,58028948623.88721,79166948623.8872,62884000000.0,21138000000.0,10976000000.0,5664000000.0,,7321000000.0,12216000000.0,20962000000.0,,5312000000.0,5312000000.0,3655000000.0,,,,0.26720119336192427,,,14.903416533111297,0.06709870839201701,21.659903864264624,0.046168256621389715,,,,668000000.0,2387000000.0,0.048581515170790665,,,,50.76923076923077,0.15055451679769488,1.0469197082900372,260.0,['coverage<80%'],True,0.5,,,,,,,,,,,,,,,,,,,,,,,,,
URI,1067701,United Rentals,Industrials,Trading Companies & Distributors,Capital Goods,12.013689253935661,5.9986310746064335,451071551.16024077,0.09648074291118491,-0.11988490547684838,0.08734915008142274,9.0,1.7589098525280948,0.06870009461928543,0.17891421700901577,0.19231426064613166,0.2802752519711112,1.3718345586735414,1.3039242219215155,0.11540007049391314,7,9,False,0.1313001839740795,-0.09199824733073192,0.15559181678464862,False,0.6199346081442584,,,0.3524538834399168,,,0.9760191692728603,76.15384615384615,0.6985120829762174,1.1055584557386322,260.0,,1021.6699829101562,62646557.0,64004106819.57013,79931106819.57013,24895000000.0,15927000000.0,5279000000.0,,134000000.0,,15927000000.0,10093000000.0,4038000000.0,,,,,2507000000.0,3020968666.06983,0.25186511489107727,0.1213484099646447,19.79472680028978,,,,,25.530158284631085,,,7285000000.0,547000000.0,0.314601325567383,6.0,0.12432994533811252,0.12529217794238443,37.17948717948718,-0.02921661382742175,0.9064447197690917,234.0,"['fcf_cagr5 gate', 'coverage<80%']",False,0.7,,,,,,,,,,,,,,,,,,,,,,,,,
FANG,1539838,Diamondback Energy,Energy,Oil & Gas Exploration & Production,Energy,7.811088295687885,5.9986310746064335,432744936.2451056,0.3654723409260947,-0.10302774576737328,0.30565043784284374,,,,,,,0.38989151420320384,0.38516992790937177,0.20034958824232252,7,9,False,0.4038245538628422,,0.09173495759527772,True,,,0.2821892176353643,,,0.723763424838974,0.12361404415894112,59.61538461538461,0.5944157087783668,1.4464871759770437,260.0,,189.00999450683594,280024353.0,52927401422.31029,71177401422.31029,56150000000.0,18250000000.0,10143000000.0,,77000000.0,5240000000.0,12165000000.0,17102000000.0,1082000000.0,,,4826000000.0,6322000000.0,1350000000.0,887614718.6147187,0.17965367965367965,0.015807920189042184,65.78318061211672,,,14.748736307979753,0.06780241907633493,39.20548253504466,,1.9242328377095856,,7000000.0,0.00012466607301869992,3.0,0.12788126378841383,0.1527048785846811,,,,,"['fcf_cagr5 gate', 'coverage<80%']",False,0.4,,,,,,,,,,,,,,,,,,,,,,,,,
CI,1739940,Cigna,Health Care,Health Care Services,Health Care Equipment and Services,50.23682409308692,5.9986310746064335,431251510.1904297,-0.008890330883154829,-0.12695376356322396,-0.051202477806617686,4.0,0.285461010196494,0.1406729581316688,,,,0.03133816199868723,0.03070560575588477,0.23325439278674373,9,9,False,0.11376491684986534,,,False,0.20629501880431478,,0.026747455574363806,0.7226731898073009,,0.8535106677757383,1.1321915750892864,17.307692307692307,-0.521698748767743,0.7758273339406825,260.0,gm_derived,265.5,264240486.0,70155849033.0,106059849033.0,78524000000.0,35904000000.0,10277000000.0,,,2724000000.0,35614000000.0,282382000000.0,9957000000.0,,,7553000000.0,12681000000.0,,8048354091.908785,0.19168885287649035,0.10249546752469035,10.651787589936728,,,14.042082488150404,0.0712145083070024,,,2.8084535919880134,45534000000.0,47403000000.0,1.183548978656207,2.0,0.09052837857109775,0.08868275102459855,17.307692307692307,-0.615916103724424,0.8157004584128473,260.0,"['fcf_cagr5 gate', 'coverage<80%']",False,0.7,,,,,,,,,,,,,,,,,,,,,,,,,
EOG,821189,EOG Resources,Energy,Oil & Gas Exploration & Production,Energy,25.894592744695416,5.9986310746064335,411233136.04700977,0.26445502682391364,-0.06657956379105878,0.26013280929603155,,,,,,,0.2882306800978,0.2886156719321454,0.1833550051690913,5,9,False,0.1545526335723717,,0.297050377806088,False,,,0.30637164212240064,,,1.0629390390309776,0.8318485428789568,53.84615384615385,0.044324393952808225,1.0154425476784923,260.0,,142.86000061035156,524529176.0,74934238403.5072,79121238403.5072,36051000000.0,4187000000.0,13358000000.0,,231000000.0,4847000000.0,4187000000.0,27026000000.0,8905000000.0,,,8280000000.0,13752000000.0,6876000000.0,6967544378.698224,0.21756941283568504,0.19326910151447182,8.885035194105244,,,9.555705121196523,0.10464952479349682,10.897940430992904,,0.3044648051192554,,,0.0,7.0,0.2323368877290858,0.22329124872282605,,,,,"['fcf_cagr5 gate', 'coverage<80%']",False,0.4,,,,,,,,,,,,,,,,,,,,,,,,,
CTSH,1058290,Cognizant,Information Technology,IT Consulting & Other Services,Software and Services,19.854893908281998,5.9986310746064335,410085799.01828635,-0.02231944328292179,-0.3197920865930056,-0.12720182950877257,10.0,,,0.10021868444015392,0.10165740168828495,0.11782968269320332,0.08716611318275602,0.08945851348569075,0.14323059420281245,7,9,False,0.04856688163062173,-0.022047127468793892,-0.03015362478470396,False,,0.10674577221339811,0.09422591796692516,,1.0651284519419317,1.0809925385724986,,8.846153846153847,-0.9050045370061355,0.703939264421264,260.0,,57.16999816894531,473869469.0,27091116675.049088,26688116675.049088,14665000000.0,-403000000.0,2757000000.0,287000000.0,185000000.0,555000000.0,-403000000.0,21406000000.0,3379000000.0,2470000000.0,2285000000.0,2017000000.0,3934000000.0,2229000000.0,,,,7.89822926163039,11.679700951881438,0.08561863048718844,13.23158982402037,0.0755767079617764,12.153933008097392,1.10812023328847,-0.10244026436197255,7681000000.0,953749000.0,0.588799795431299,,,,7.307692307692308,-1.0170136067644682,0.7059818626184339,260.0,['coverage<80%'],True,0.7,,,,,,,,,,,,,,,,,,,,,,,,,
ZTS,1555280,Zoetis,Health Care,Pharmaceuticals,Pharmaceuticals Biotechnology and Life Sciences,13.262149212867898,5.9986310746064335,400723691.04809535,-0.450694192246206,-0.5108619697653489,-0.5009087264726815,10.0,0.7050023439006223,0.010626254265348538,0.20551837928721048,0.21579218106995884,0.20596901529622128,0.2211455872986224,0.2195216049382716,0.19884906966532398,9,9,False,0.0723886810840868,0.06414790435222728,0.07496930162906157,False,0.7153514763055584,0.2386256173163812,0.24261847220762844,1.0146795716276298,1.1610913736474322,1.0970984100171544,,0.38461538461538464,-2.254973531980945,0.3470929065263746,260.0,gm_derived,70.2699966430664,413223602.0,29037221125.37581,36658221125.37581,10769000000.0,7621000000.0,2887000000.0,521000000.0,95000000.0,483000000.0,7621000000.0,9517000000.0,,2366000000.0,2271000000.0,2309000000.0,,2616000000.0,,0.20048899755501223,,,16.14188512786253,0.061950632908042355,15.876232622510095,0.06298723530808886,11.099855170250692,0.904434250764526,,2771000000.0,918000000.0,0.3425573405144396,,,,0.38461538461538464,-2.2622414592530653,0.32363671576308206,260.0,['coverage<80%'],True,0.6,,,,,,,,,,,,,,,,,,,,,,,,,
VEEV,1393052,Veeva Systems,Health Care,Health Care Technology,Health Care Equipment and Services,0.3860369609856263,5.9986310746064335,400437953.1714947,-0.046783984174216475,-0.07236398855724724,-0.05315738195399344,4.0,0.7318139357563659,0.022003489322575096,,,,0.23784078015669374,0.2307203875018705,0.30953705770173723,9,9,False,0.16877526262793308,,0.22452973572986812,False,0.7496085998719527,,0.3348285676114442,1.0243158311780374,,1.4077845161408113,0.9663533014648779,,,,,,274.8399963378906,161908850.0,44499027741.07208,42839331741.07208,5771753000.0,-1659696000.0,1665459000.0,,494589000.0,13000000.0,-1659696000.0,3458098000.0,1034859000.0,,,1157870000.0,1047859000.0,1014772000.0,791140113.4020851,0.23550926899018595,0.13707102736414484,41.39629818272063,,,36.998395105730424,0.027028199389251807,43.85125697306595,,-1.583892489352098,492991000.0,55647000.0,0.09505569625034196,9.0,0.14184359608060665,0.11838183717958636,,,,,"['tenure<1y', 'fcf_cagr5 gate', 'coverage<80%']",False,0.6,,,,,,,,,,,,,,,,,,,,,,,,,
KHC,1637459,Kraft Heinz,Consumer Staples,Packaged Foods & Meats,Food Beverage and Tobacco,11.222450376454484,5.9986310746064335,398970669.5429393,0.03751641193404898,-0.06331314198967086,-0.02136549638223595,9.0,0.3310439732667877,0.039943543628061746,0.116731114307929,0.11804534550800898,0.3022762004822465,0.11620372264927503,0.12098583920142382,0.3106729305343735,4,9,False,-0.009679568109466907,-0.03314308432771251,-0.02226281767810001,False,0.3336947791164659,0.14943775100401607,0.1415261044176707,1.0080074131044274,1.2801878221586158,1.2179136880564785,-2.5881368230459483,13.846153846153847,-0.5038397811944758,0.7667440760130313,260.0,ebitda_nonpositive,23.860000610351562,1185823758.0,28293755589.649384,48392755589.64938,56105000000.0,20099000000.0,4621000000.0,805000000.0,95000000.0,1002000000.0,11668000000.0,24900000000.0,-3177000000.0,3816000000.0,3721000000.0,3524000000.0,-2175000000.0,-3396000000.0,-2504673625.058675,0.21162303271681623,-0.04464260983974111,,13.005309215170488,0.07689167427357405,13.732337000468043,0.07282081702232597,,,,19714000000.0,32372000000.0,0.9283664557526067,0.0,0.01724893732132822,0.03658314644049438,8.846153846153847,-0.5895994977683624,0.720803971584759,260.0,"['rev_cagr5 gate', 'coverage<80%']",False,0.7,,,,,,,,,,,,,,,,,,,,,,,,,
PCAR,75362,Paccar,Industrials,Construction Machinery & Heavy Transportation Equipment,Capital Goods,45.73305954825462,5.9986310746064335,381377581.5003167,0.27791047186321016,-0.16638087714682637,0.12834174017303623,10.0,0.21312026350695662,0.08179084337974808,0.09951420451184875,0.09949498112584478,0.2758854591847002,0.10994467926782545,0.10746596673821575,0.2654207459493208,6,9,False,0.087176303639803,0.08551412442533901,0.07974037320182403,False,0.19988639550183707,0.132884907139108,0.14148074116149814,0.9379042246506627,1.335336073789204,1.2868357259640621,,87.3076923076923,0.9840198267350587,1.2313713895031235,260.0,sbc_unreported;gm_derived,110.66999816894531,526364953.0,58252808384.706985,55033408384.706985,17101900000.0,-3219400000.0,4344700000.0,648400000.0,,409300000.0,-3219400000.0,27815800000.0,,3696300000.0,3696300000.0,3935400000.0,,2504200000.0,,0.21897514268783333,,,14.888782940969884,0.067164657041797,13.984196875719618,0.07150929072918538,23.262043121438776,1.4760402523760083,,114200000.0,,0.006677620615253276,,,,83.46153846153847,0.9938090236274933,1.2235067010441028,260.0,['coverage<80%'],True,0.6,,,,,,,,,,,,,,,,,,,,,,,,,
ECHO,1415404,EchoStar,Communication Services,Wireless Telecommunication Services,Telecommunication Services,0.5092402464065708,5.9986310746064335,363836042.47338706,0.1823008842203755,-0.34139765308408676,0.2304969504233716,7.0,,,0.007981082226128849,-0.02076159791566986,4.627877747986992,0.036737321139162026,0.046028943561078485,2.3018911670685407,4,9,False,0.5137390581525174,,,False,,-0.05245645791144693,-0.07302712413227173,,-6.572599608072257,-1.9878184328041475,15.927107162479329,,,,,ebitda_nonpositive;shares_was_proxy;gm_derived,90.37999725341797,290141000.0,26222942783.103943,27537213783.103943,15469369000.0,1314271000.0,-85317000.0,639864000.0,43512000.0,941305000.0,1267965000.0,14653925000.0,-16515821000.0,-725181000.0,-768693000.0,-1070134000.0,-15574516000.0,,-12518621711.09669,0.24202243950835442,-0.8092522526999446,,,-0.02791469776334628,,-0.03886137531664892,,,,0.0,493574000.0,0.03190653736425836,2.0,-0.050809744948935885,-0.009319415267764695,,,,,"['tenure<1y', 'fcf_cagr5 gate', 'coverage<80%']",False,0.5,,,,,,,,,,,,,,,,,,,,,,,,,
EMR,32604,Emerson Electric,Industrials,Electrical Components & Equipment,Capital Goods,61.48665297741273,5.9986310746064335,359720635.8895536,0.22563970706492298,-0.0430838932290607,0.23322201408321774,10.0,0.5135417468550725,0.08314553297598619,0.13952461461026325,0.1516693345529385,0.44913309322656053,0.09045917657825657,0.07906471529842214,0.8305953158788716,7,10,False,0.014255579608092983,0.00940870521967585,-0.09073397540951889,False,0.5107855763039278,0.17246190169564285,0.1170852114187594,0.994633015586321,1.2360679309337923,1.29434310423408,,49.275362318840585,-0.09200866683143541,0.9699107028404896,207.0,,156.13999938964844,557800000.0,87094891659.5459,98632891659.5459,31917000000.0,11538000000.0,3912000000.0,452000000.0,246000000.0,1484000000.0,11523000000.0,18636000000.0,,3460000000.0,3214000000.0,2182000000.0,,2577000000.0,,0.21402439024390243,,,30.68851638442623,0.03258547879843024,45.20297509603387,0.022122437690782447,33.79700879299414,1.3426464881645324,,18122000000.0,8686000000.0,0.8399285647147289,,,,41.15384615384615,-0.0015450681705347538,0.9651910957038456,260.0,['coverage<80%'],True,0.6,,,,,,,,,,,,,,,,,,,,,,,,,
GIS,40704,General Mills,Consumer Staples,Packaged Foods & Meats,Food Beverage and Tobacco,69.56057494866529,5.9986310746064335,346173036.38225424,-0.11888277581845108,-0.2653483105420803,-0.2613883250268795,10.0,0.3387463216533253,0.024006425581009714,0.11146351865482465,0.11295967485348907,0.17063175021946228,0.11581854733017574,0.11738835918015457,0.18400817425575708,6,9,False,0.0032621470033440403,-0.07886799785365306,-0.0774579963077463,False,0.33862575560486646,0.07979624629712624,0.07786146059923701,0.9996440816010329,0.7158956334783919,0.6722710860573083,,73.07692307692307,0.7193407221425573,1.0959417022116031,260.0,gm_derived,34.83000183105469,534687144.0,18623154204.5614,32277054204.5614,21104300000.0,13653900000.0,2067000000.0,520900000.0,86100000.0,556300000.0,13640500000.0,18296600000.0,-206400000.0,1546100000.0,1460000000.0,1424600000.0,349900000.0,-892200000.0,,,,,22.107571372987262,0.04523337200312637,22.656924192447985,0.044136617640858786,,,38.98399542726493,14113100000.0,239300000.0,0.6800699383537951,,,,71.53846153846153,0.44951681448176495,1.054648947546895,260.0,"['fcf_cagr5 gate', 'coverage<80%']",False,0.6,,,,,,,,,,,,,,,,,,,,,,,,,
CTVA,1755672,Corteva,Materials,Fertilizers & Agricultural Chemicals,Materials,7.312799452429843,5.9986310746064335,345145595.04904056,0.24112461756155734,-0.10790655080677736,0.1778012601538248,6.0,0.4293242650057961,0.05753334901292499,0.09487353968099595,0.09155429382540808,0.5436766798336031,0.05759475669929144,0.05429382540809084,0.8940444772692911,4,7,False,0.04124576663707025,0.12116853340175271,0.10373747652226784,True,0.49539636200314396,0.03531327195149338,-0.0017403997305187515,1.1538978864762182,0.3722141291474018,-0.030218023831675683,,,,,,sbc_unreported;gm_derived,79.44999694824219,667196000.0,53008720163.879395,54495720163.879395,26646000000.0,1487000000.0,1211000000.0,582000000.0,,1242000000.0,1243000000.0,17812000000.0,,629000000.0,629000000.0,-31000000.0,,1009000000.0,,0.30701200252684774,,,86.63866480743943,0.011542190801561531,,-0.0005688520108877702,52.53589709006877,0.6233894945490585,,10437000000.0,8006000000.0,0.6921489154094423,,,,92.27272727272727,2.0105226571612533,3.4533980557387727,220.0,['coverage<80%'],True,0.6,,,,,,,,,,,,,,,,,,,,,,,,,
ITW,49826,Illinois Tool Works,Industrials,Industrial Machinery & Supplies & Components,Capital Goods,40.57221081451061,5.9986310746064335,333441722.8111197,0.10013501899009825,-0.08312547481188837,0.06832102336591461,10.0,0.4252634274778516,0.033547897792921416,0.15939481026372157,0.1644228371977063,0.16116792891027337,0.16649549566557253,0.17078035402642733,0.16694871283723092,6,9,False,0.04994811807277366,0.010362539523898429,0.019155623020066015,False,0.4416175845527962,0.17287024105895926,0.17778857246948812,1.0384565330998192,1.0845412141897364,1.0678281220688346,,51.153846153846146,0.03289109291945194,1.0039216169486476,260.0,gm_derived,272.0,284800000.0,77465600000.0,86563600000.0,11993000000.0,9098000000.0,3330000000.0,409000000.0,74000000.0,328000000.0,9097000000.0,16469000000.0,4364000000.0,2921000000.0,2847000000.0,2928000000.0,4692000000.0,,,,,19.83583868010999,30.405198454513524,0.032889112744848875,29.564071038251367,0.03382484092620917,,,1.9388320545609548,5074000000.0,370000000.0,0.45393146001834406,,,,51.92307692307693,0.038964113657451026,1.004476620431317,260.0,['coverage<80%'],True,0.7,,,,,,,,,,,,,,,,,,,,,,,,,
IQV,1478242,IQVIA,Health Care,Life Sciences Tools & Services,Pharmaceuticals Biotechnology and Life Sciences,9.073237508555783,5.9986310746064335,332088287.0705989,0.4577300265031812,0.0,0.5316328400145347,10.0,,,0.11407117266726204,0.11060698957694666,0.16355347202582649,0.07911238849483127,0.07743715511955855,0.22694070968696273,9,9,False,0.07503541699279603,0.08837342636672774,-0.04332664602101821,True,,0.1127946127946128,0.07798220298220299,,0.9888090931056448,0.9857141778407801,,61.92307692307693,0.2769119091401823,1.1025324862666113,260.0,gm_derived,275.0199890136719,166900000.0,45900836166.381836,60301836166.381836,20622000000.0,14401000000.0,2704000000.0,588000000.0,240000000.0,1167000000.0,14273000000.0,16632000000.0,2200000000.0,2116000000.0,1876000000.0,1297000000.0,3367000000.0,1385000000.0,,,,27.409925530173563,32.1438359095852,0.031110163790433076,46.49332009744166,0.021508466117372976,33.141397954066306,1.527797833935018,4.239085239085239,16544000000.0,4962000000.0,1.0428668412375133,,,,56.92307692307692,0.30233066949473414,1.0747473388855655,260.0,['coverage<80%'],True,0.7,,,,,,,,,,,,,,,,,,,,,,,,,
CASY,726958,Casey's,Consumer Staples,Food Retail,Consumer Staples Distribution and Retail,0.46269678302532513,5.9986310746064335,328086739.47202337,0.3845571831394283,-0.3304968923543763,0.09751819062866063,9.0,,,0.029966808147086004,0.03275714501666616,0.25299711666247054,,,,6,9,False,0.15062751164414712,,,,,0.031266048143640986,,,1.0433559687163854,,,,,,,,598.8499755859375,36960167.0,22133595105.602173,24511881105.602173,6472199000.0,2378286000.0,1389195000.0,740269000.0,65116000.0,,2378286000.0,18672331000.0,,648926000.0,583810000.0,,,772813000.0,,,,,41.98605900139116,0.02381742949408198,,,28.64029863059003,0.8396934316581114,,1284216000.0,,0.19842035141379305,,,,68.07692307692308,0.39124192596991947,1.0968832362706864,260.0,"['tenure<1y', 'fcf_cagr5 gate', 'coverage<80%']",False,0.5,,,,,,,,,,,,,,,,,,,,,,,,,
DHI,882184,D. R. Horton,Consumer Discretionary,Homebuilding,Consumer Durables and Apparel,21.259411362080765,5.9986310746064335,327435602.966156,-0.10790000235508057,-0.1881415422734951,-0.1505106137940302,10.0,0.27140711799274053,0.0951791906209741,0.055938868370035665,0.05180237708348052,0.7259600536854297,0.05737727281397449,0.053927296244164626,0.7460198360873915,8,9,False,0.11016221220279032,,,False,0.22611694152923534,0.09189805097451274,0.09304347826086956,0.833128265763772,1.6428299973214877,1.6216085864263734,,20.346320346320347,-0.13349918600327806,0.8171631443532379,231.0,gm_derived,140.35000610351562,279701267.0,39256074530.61105,37764374530.61105,22327800000.0,-1491700000.0,3352600000.0,150400000.0,137400000.0,112200000.0,-2078700000.0,33350000000.0,,3202200000.0,3064800000.0,3103000000.0,,3052900000.0,,0.2444829606483742,,,12.321970285372961,0.08115585225741614,12.170278611218516,0.08216738761249097,12.858617881558864,1.0489043204821644,,163500000.0,,0.007322709805713057,,,,19.047619047619047,-0.12274008638375805,0.8129455537462998,231.0,"['fcf_cagr5 gate', 'coverage<80%']",False,0.6,,,,,,,,,,,,,,,,,,,,,,,,,
NUE,73309,Nucor,Materials,Steel,Materials,41.40451745379877,5.9986310746064335,326798298.06700957,0.8378111278422413,-0.09048893271872072,0.8191762858226825,9.0,0.21626547408283878,0.3636449480509451,0.09288134141876017,0.12260222230938386,0.8248173168319766,0.13109949754458042,0.143361576171915,0.5365106229265209,5,9,False,0.10039907578586948,,-0.024762322282568583,False,0.15470485582116844,0.03980499155148057,0.07659067615855517,0.7153469895148865,0.42855745775696513,0.5842179229749563,,78.46153846153847,1.6305622165024762,2.7523408576177677,260.0,gm_derived,247.9600067138672,226875676.0,56256094144.17316,59536402144.17316,25389308000.0,3280308000.0,4424000000.0,2841000000.0,146000000.0,1513000000.0,2123308000.0,36101000000.0,,1583000000.0,1437000000.0,2765000000.0,,2884000000.0,,0.20682095006090134,,,41.431038374511594,0.02413649377938837,21.532152674203672,0.04644217487822467,19.506273975094715,0.5488904299583911,,4289000000.0,2754000000.0,0.2774002347759931,,,,82.35294117647058,0.8591586036562676,4.4857653778089555,221.0,"['fcf_cagr5 gate', 'coverage<80%']",False,0.6,,,,,,,,,,,,,,,,,,,,,,,,,
APD,2969,Air Products,Materials,Industrial Gases,Materials,41.40451745379877,5.9986310746064335,324581151.5449538,0.18562324389234197,-0.09452882643065652,0.0948033012621956,7.0,,,-0.12132977792642055,-0.1175079365079365,,0.1567470470170756,0.14186507936507936,0.09548041657608015,4,9,False,0.06329887156173086,,-0.0442098329578996,False,0.3205630762882671,-0.02783640951579883,0.23626827061941566,,0.22942768042219605,1.5073219886156914,-0.22650696748443516,2.307692307692308,-1.5991911240179484,0.715511205851439,260.0,,284.489990234375,222685530.0,63351804255.03662,69574804255.03662,20106800000.0,6223000000.0,4570800000.0,4872200000.0,49400000.0,1543900000.0,3510400000.0,12602200000.0,-593100000.0,-301400000.0,-350800000.0,2977500000.0,950800000.0,-47300000.0,-479048800.408176,0.19229674522310566,-0.023825213380954502,,,-0.005042055148500185,23.366852814453946,0.04279566477953051,,,3.692048801009676,957400000.0,258400000.0,0.06046710565579804,8.0,0.10518534438721712,0.12863653421506022,,,,,"['fcf_cagr5 gate', 'coverage<80%']",False,0.6,,,,,,,,,,,,,,,,,,,,,,,,,
FOXA,1754301,Fox Corporation (Class A),Communication Services,Broadcasting,Media and Entertainment,7.520876112251882,5.9986310746064335,317594630.20626974,0.12437656194019664,-0.13275116588264024,0.05374635822761942,10.0,,,0.11024009069158129,0.10050071530758226,0.3345550208636239,0.13083878711876776,0.12195994277539342,0.2872880439161257,8,9,False,0.05816323382679833,-0.07390453775549266,-0.05807301381284713,False,,0.07801004320915567,,,0.7076376907871418,,,,,,,shares_was_proxy,63.84000015258789,424000000.0,27068160064.697266,30531160064.697266,15091000000.0,3463000000.0,1970000000.0,502000000.0,132000000.0,,3363000000.0,17126000000.0,,1468000000.0,1336000000.0,,,,,0.24187884108867427,,,22.85266471908478,0.04375857311575911,,,,,,3647000000.0,2870000000.0,0.4318467961036379,,,,97.6923076923077,2.5966751855349886,1.5843285606941953,260.0,"['fcf_cagr5 gate', 'coverage<80%']",False,0.4,,,,,,,,,,,,,,,,,,,,,,,,,
ROP,882835,Roper Technologies,Information Technology,Electronic Equipment & Instruments,Technology Hardware and Equipment,16.75564681724846,5.9986310746064335,299245143.2432739,-0.13891480882677365,-0.2797393121823025,-0.26454196890437764,3.0,0.697245642258544,0.006485145223274085,,,,0.16694986017808455,0.18718637702742077,0.5271671337254958,7,9,False,0.1446055560688868,0.12686829535166222,0.0978888548288519,False,0.6952525874666377,,0.18778305133871961,0.9971415313755847,,1.1247871135586003,1.160480892192626,5.063291139240507,-0.4396719937569202,0.6316694641737194,237.0,,364.0199890136719,98900874.0,36001895066.92255,47189895066.92255,29888300000.0,11188000000.0,2669100000.0,,191800000.0,922400000.0,11188000000.0,8280300000.0,2315600000.0,,,1554900000.0,3238000000.0,2504000000.0,1948705249.0086699,0.15844478795617986,0.06519960148314458,20.379122070704156,,,30.349151113848187,0.03294985076349316,14.377753620975458,,3.455219271155034,21330700000.0,3475218000.0,0.8299541292077501,0.0,0.05618326154423422,0.05765566815566838,4.615384615384616,-0.6190094762843417,0.6066693172823119,260.0,['coverage<80%'],True,0.7,,,,,,,,,,,,,,,,,,,,,,,,,
WAT,1000697,Waters Corporation,Health Care,Life Sciences Tools & Services,Pharmaceuticals Biotechnology and Life Sciences,24.72826830937714,5.9986310746064335,293462154.69960374,0.4215831290964418,0.0,0.47509513008652915,3.0,,,0.16162507159176795,0.15344047899621077,0.1359325541666642,0.15899112526347906,0.1477474767459545,0.16060642392622507,6,9,False,0.059992904419617465,,-0.08980564477311936,False,0.7224907622308796,,-0.029392265574046526,,,-0.18486733473543165,0.04184527722517189,,,,,,430.29998779296875,98248111.0,42276160963.98224,47190226963.98224,20109066000.0,4914066000.0,549861000.0,,73152000.0,613214000.0,4914066000.0,4644249000.0,328630000.0,,,-136505000.0,941844000.0,166137000.0,265940586.02045783,0.1907598636142231,0.013224909899865953,143.59683219420697,,,,-0.0028926540256775397,254.4656576438857,,5.2174946169429335,9421000000.0,13923000.0,0.46918752964458915,10.0,0.31604307049280467,0.22313148652953216,,,,,"['fcf_cagr5 gate', 'coverage<80%']",False,0.6,,,,,,,,,,,,,,,,,,,,,,,,,
ADM,7084,Archer Daniels Midland,Consumer Staples,Agricultural Products & Services,Materials,69.56057494866529,5.9986310746064335,284245941.9766998,0.38485833969551697,-0.05581185308066716,0.39063276646406164,5.0,0.21512458130186216,0.3667630457113621,0.0916339048133175,0.0728827066579729,0.46391194824264026,0.1015342051801266,0.0834238933565167,0.40633313289296435,4,9,True,-0.17259424658437517,-0.06175838461230476,-0.06316894759314584,True,0.2256361017762842,0.06112978076492239,0.058289326292206754,1.048862479642307,0.6671087616473392,0.5740856117285664,,85.546875,1.3688705793430365,2.803827630953848,256.0,,81.87999725341797,481959583.0,39462849332.29847,47318849332.29847,31436000000.0,7856000000.0,2795000000.0,1118000000.0,149000000.0,1189000000.0,7849000000.0,24996000000.0,,1677000000.0,1528000000.0,1457000000.0,,1770000000.0,,0.15083532219570406,,,30.967833332656067,0.032291571362387965,32.47690414021858,0.030791112221858156,22.295395102993485,0.9474576271186441,,4653000000.0,1845000000.0,0.20670568774653264,,,,77.734375,0.36439734769623805,2.4090056319477378,256.0,"['rev_cagr5 gate', 'fcf_cagr5 gate', 'coverage<80%']",False,0.6,,,,,,,,,,,,,,,,,,,,,,,,,
CNC,1071739,Centene Corporation,Health Care,Managed Health Care,Health Care Equipment and Services,10.48870636550308,5.9986310746064335,281821876.1923119,0.8574296863544144,-0.08753319168847962,0.7762477649113515,9.0,0.11445106008136907,0.14674413594193672,0.02645559228842089,0.026207165439088683,0.6531658957342503,0.022997002607396455,0.022604951560818085,0.8068496953233133,9,9,False,0.10958333315636093,,,False,0.09050964148778372,0.04878117041224707,0.0462735439814167,0.7908152307495957,1.8438888035630054,2.0121554435330578,24.55577613976432,0.4273504273504274,-0.46894719240216565,0.2727285470594584,234.0,ebitda_nonpositive,61.91999816894531,493995000.0,30588169495.46814,20469169495.46814,12443000000.0,-10119000000.0,9749000000.0,798000000.0,236000000.0,1246000000.0,-10191000000.0,178655000000.0,-5640000000.0,8951000000.0,8715000000.0,8267000000.0,-4394000000.0,-5100000000.0,-4203888960.863721,0.2546296168681346,-0.33785172071556063,,2.3487285709085644,0.4257622666092777,2.4760093740738043,0.4038756922614915,,,,10835000000.0,4530000000.0,1.2348308285783172,0.0,-0.013758543765532278,0.037621047825129456,0.398406374501992,-0.012370362103950445,0.26460123303588395,251.0,"['fcf_cagr5 gate', 'coverage<80%']",False,0.7,,,,,,,,,,,,,,,,,,,,,,,,,
DOW,1751788,Dow Inc.,Materials,Commodity Chemicals,Materials,7.485284052019165,5.9986310746064335,263354957.52547073,0.3784219129351414,-0.295043177335117,0.30529598165745275,6.0,,,0.045273807913581855,0.06364573528752633,1.1437665385332243,0.03440303114160255,0.05793106539375196,1.2805699115311064,4,9,False,0.00729257790550264,,,False,0.06361394320002034,-0.005898655004957921,-0.01967913350791996,,-0.130288466484136,-0.572017431455991,,,,,,sbc_unreported,28.559999465942383,720741438.0,20584375084.362545,36492375084.36255,31157000000.0,15908000000.0,2065000000.0,2297000000.0,,2839000000.0,14394000000.0,39331000000.0,,-232000000.0,-232000000.0,-774000000.0,,,,0.2562482955352814,,,,-0.006357492475172299,,-0.021209910240445516,,,,7947000000.0,2466000000.0,0.33421061077767433,,,,,,,,"['fcf_cagr5 gate', 'coverage<80%']",False,0.3,,,,,,,,,,,,,,,,,,,,,,,,,
CLX,21076,Clorox,Consumer Staples,Household Products,Household and Personal Products,57.48665297741273,5.9986310746064335,249738750.7024313,-0.13732131536235326,-0.3409973342872614,-0.3117417353340004,10.0,0.4138854364302942,0.08178782435313346,0.09184911660592388,0.09572072072072071,0.26407414894349174,0.09504132857144602,0.09586148648648649,0.3286543568375744,7,9,False,0.011145867999568182,-0.10045182122408514,-0.12344687068014382,False,0.43846153846153846,0.046449704142011834,0.042011834319526625,1.0593789968625371,0.5057174838306069,0.4420375319979329,,87.6923076923077,1.4030133728247745,1.3902447850531117,260.0,,81.80000305175781,120921351.0,9891366880.822678,11996366880.822678,2038000000.0,2105000000.0,576000000.0,196000000.0,66000000.0,226000000.0,1946000000.0,6760000000.0,,380000000.0,314000000.0,284000000.0,,756000000.0,,0.22064777327935223,,,38.20499006631426,0.02617459128412941,42.24072845360098,0.023673834155072463,13.083818625426822,0.5026455026455027,,1229000000.0,929000000.0,1.0588812561334642,,,,84.23076923076923,0.9643673244088532,1.234549463646816,260.0,"['mktcap<10B', 'fcf_cagr5 gate', 'coverage<80%']",False,0.6,,,,,,,,,,,,,,,,,,,,,,,,,
MTD,1037646,Mettler Toledo,Health Care,Life Sciences Tools & Services,Pharmaceuticals Biotechnology and Life Sciences,10.050650239561945,5.9986310746064335,241006371.96044546,0.16119649434648364,0.0,0.26130199070792837,10.0,0.5917680916443541,0.009225112683172115,0.20782799755957995,0.21023795499108375,0.05833703385392214,0.21668198618955622,0.2210229885984943,0.04739977308256945,8,9,False,0.05469611164747934,0.06065448604980528,0.056578812967068126,False,0.6025641800973662,0.2034744640319313,0.2105213631278159,1.0182437826666404,0.9790522279059126,0.9715683653723254,,65.76923076923077,0.39258742017183706,1.0633678409630694,260.0,,1519.1500244140625,20036559.0,30438539094.023804,32628600094.023804,2202884000.0,2190061000.0,975167000.0,111198000.0,22831000.0,82067000.0,2190061000.0,4133875000.0,,863969000.0,841138000.0,870269000.0,,905611000.0,,0.1747411529061407,,,38.79101894578987,0.025779162991245257,37.492545516413664,0.02667196868674108,33.61105275225655,0.9540177846779688,,735214000.0,266258000.0,0.45461858182273784,,,,63.46153846153846,0.37780993325158,1.067753113878471,260.0,['coverage<80%'],True,0.6,,,,,,,,,,,,,,,,,,,,,,,,,
LEN,920760,Lennar,Consumer Discretionary,Homebuilding,Consumer Durables and Apparel,20.974674880219027,5.9986310746064335,233401228.21589026,-0.30126689552181296,-0.3697027205442789,-0.3406025058798713,10.0,,,0.07470777770040757,0.08599052231503557,0.6262216899608015,0.07495030370702446,0.08522452592040095,0.6553815228121059,8,9,False,0.08737305172284682,-0.6309724733073294,,False,,0.017640127518405265,0.018506327733542556,,0.23612170059649665,0.24691464634863264,,89.63963963963964,0.3595051696132957,3.0330827329761294,222.0,shares_was_proxy,81.47000122070312,240776000.0,19616021013.916016,23462326013.916016,25466943000.0,3846305000.0,882991000.0,166218000.0,139284000.0,137861000.0,3701217000.0,32737235000.0,,716773000.0,577489000.0,605846000.0,,1615359000.0,,0.25127022029940843,,,40.62817822316272,0.024613459026077752,38.726550994668635,0.02582207747180137,12.143443664173732,0.44372365523700924,,3632058000.0,0.0,0.14261853101096586,5.0,,,89.63963963963964,0.36253608265614967,3.1340395674786294,222.0,"['fcf_cagr5 gate', 'coverage<80%']",False,0.6,,,,,,,,,,,,,,,,,,,,,,,,,
LUV,92380,Southwest Airlines,Industrials,Passenger Airlines,Transportation,32.23545516769336,5.9986310746064335,217670802.2452299,0.23453262965109678,-0.22395845430687666,0.30007779877450824,5.0,,,,,,,,,8,9,False,0.2540541822088387,,0.06574263385622459,False,,-0.01519635553486516,,,,,-0.09658344782714115,,,,,sbc_unreported,41.54999923706055,489208201.0,20326600378.313763,20431600378.313763,7187000000.0,105000000.0,2528000000.0,2985000000.0,,,105000000.0,30073000000.0,1041000000.0,-457000000.0,-457000000.0,,,837000000.0,816604498.5941893,0.2155576382380506,0.11362244310479884,19.626897577630896,,-0.02236731296316185,,,24.28506616285993,-0.5459976105137395,,970000000.0,166000000.0,0.1580631696117991,2.0,-1.1764173433542462,0.04195076023720525,,,,,"['fcf_cagr5 gate', 'coverage<80%']",False,0.6,,,,,,,,,,,,,,,,,,,,,,,,,
DGX,1022079,Quest Diagnostics,Health Care,Health Care Services,Health Care Equipment and Services,23.786447638603697,5.9986310746064335,212349217.20704535,0.3070559494368481,-0.040008118208345045,0.2738357607846056,10.0,,,0.11417611372192123,0.11517897598550068,0.27998009672808366,0.11058850715893935,0.11128228364295424,0.32334111821480077,7,9,False,0.03178135709578789,-0.030543100079809316,-0.045135800771224366,False,0.3311418685121107,0.10908304498269897,0.10683391003460208,,0.955392870074151,0.9660489392542291,,69.61538461538461,0.3620387086894974,1.1115014807544552,260.0,,236.58999633789062,110373360.0,26113232838.200684,32194232838.200684,13597000000.0,6081000000.0,1903000000.0,554000000.0,88000000.0,580000000.0,5778000000.0,11560000000.0,1630000000.0,1349000000.0,1261000000.0,1235000000.0,2210000000.0,1062000000.0,,,,19.751063090920663,25.530715970024332,0.03916850593512936,26.068204727288002,0.03836090787461123,24.588731486064674,1.2702448210922788,2.61447963800905,9112000000.0,879000000.0,0.7347944399499889,,,,78.46153846153847,0.33127486547538465,1.100501841271108,260.0,['coverage<80%'],True,0.7,,,,,,,,,,,,,,,,,,,,,,,,,
BIIB,875045,Biogen,Health Care,Biotechnology,Pharmaceuticals Biotechnology and Life Sciences,22.86652977412731,5.9986310746064335,211380016.01545691,0.5905948006593593,0.0,0.6478125402657875,10.0,,,0.18102490432611182,0.17794673730612906,0.40330897854311304,0.14354886883199214,0.11464420763148848,0.5759831468178508,4,9,False,-0.059551646346515,-0.11628194195307018,-0.20516542437657026,False,0.7548755207599573,0.21425121259081853,0.1505323324008292,,1.183545509323128,1.048648684072951,,49.23076923076923,-0.009544630936768746,0.9932112000553001,260.0,,226.36000061035156,147637117.0,33419137894.230545,36677037894.230545,21909600000.0,3257900000.0,2590800000.0,167900000.0,293800000.0,801100000.0,3257900000.0,9937400000.0,,2422900000.0,2129100000.0,1495900000.0,,1372000000.0,,0.15471349353049907,,,17.226545439026136,0.058049944113259935,24.518375489157393,0.040785736413989734,24.357972226115557,1.7659620991253644,,6488700000.0,7318500000.0,0.6301895059699858,,,,42.69230769230769,-0.08718806741986924,0.9370644396385286,260.0,"['rev_cagr5 gate', 'fcf_cagr5 gate', 'coverage<80%']",False,0.5,,,,,,,,,,,,,,,,,,,,,,,,,
IT,749251,Gartner,Information Technology,IT Consulting & Other Services,Software and Services,9.47296372347707,5.9986310746064335,210127391.85715145,-0.24877881729447315,-0.3027993825292806,-0.3209890196113778,,0.6875238355263287,0.008255360190949003,,,,0.1652320313068053,0.1495494942699265,0.12063444697322256,8,9,False,0.09648191203252598,,0.08483153810077826,False,0.700840828352383,,0.16146494243324103,1.019369499845572,,0.9772012191354744,1.3768893876670023,6.153846153846154,-1.5214473243223037,0.4064009032123713,260.0,,179.32000732421875,63148976.0,11323874838.836914,13164752838.836914,1673533000.0,1840878000.0,1382615000.0,,149542000.0,189424000.0,1840878000.0,6463626000.0,1115195000.0,,,1043649000.0,1304619000.0,775120000.0,839196273.1619874,0.2474892075717813,0.5014518824319493,11.804888686585677,,,12.614157479034535,0.07927600409793982,14.609189336924494,,1.4110464434444079,2738631000.0,294434000.0,1.8123723882349496,6.0,0.3641918420778941,0.39126344838939947,,,,,"['fcf_cagr5 gate', 'coverage<80%']",False,0.5,,,,,,,,,,,,,,,,,,,,,,,,,
TKO,1973266,TKO Group Holdings,Communication Services,Movies & Entertainment,Media and Entertainment,1.5058179329226558,5.9986310746064335,208026094.62378868,-0.0614687374980637,-0.16338374767988717,-0.05548213774358357,,,,,,,0.10652544871729985,0.08584153069222807,1.0243372819308199,3,4,False,,,0.21420901373914703,True,,,0.21378768180166105,,,2.006916510335635,,,,,,shares_was_proxy,185.05999755859375,74797769.0,13842074948.52826,18203166948.52826,7757024000.0,4361092000.0,1795136000.0,,134303000.0,527360000.0,4361092000.0,5301863000.0,997631000.0,,,1133473000.0,1524991000.0,580442539.0,876309989.7844464,0.12160910217861476,0.11296986960262677,18.24639265272256,,,16.059638781451575,0.062267901140776065,23.847450899060068,,2.859749336225591,8445011000.0,3120324000.0,1.4909500086631162,1.0,,,,,,,"['rev_cagr5 gate', 'fcf_cagr5 gate', 'coverage<80%']",False,0.3,,,,,,,,,,,,,,,,,,,,,,,,,
NVR,906163,"NVR, Inc.",Consumer Discretionary,Homebuilding,Consumer Durables and Apparel,6.997946611909651,5.9986310746064335,204327434.03858173,-0.20372894681478781,-0.23752870697297623,-0.2237444071481277,10.0,,,0.13260168065937378,0.1302961392689664,0.18513144297838577,0.13295898615221685,0.13011872941925645,0.19010515522886295,7,9,False,0.06495299325159976,0.03824376104954341,0.03807186415746644,False,,0.10293968266227554,0.10230554868801532,,0.7763075260464175,0.7694519313714665,,73.07692307692307,0.6230203703254711,1.1492452660571846,260.0,,6235.490234375,2664860.0,16616708505.976562,16019564505.976562,2794052000.0,-597144000.0,1066590000.0,20169000.0,65454000.0,26212000.0,-597144000.0,9529532000.0,,1046421000.0,980967000.0,974924000.0,,1141320000.0,,,,,16.33038064071122,0.061235559782790716,16.431603392650672,0.060858333548098414,14.559202069512986,0.9168515403217328,,441000.0,1813000.0,0.0008067136903679674,,,,71.15384615384616,0.570314785589433,1.13841324142748,260.0,['coverage<80%'],True,0.5,,,,,,,,,,,,,,,,,,,,,,,,,
PHM,822416,PulteGroup,Consumer Discretionary,Homebuilding,Consumer Durables and Apparel,42.403832991101986,5.9986310746064335,188088764.37371343,-0.013623371045980326,-0.16566173201596623,-0.09120681643773898,10.0,,,0.08140523789487442,0.0840008469405665,0.40652268284506815,0.08255473952124977,0.08563962121697559,0.4068468953315719,8,9,False,0.09422398249785235,0.0025988733351183235,0.0021879655970853396,False,,0.0886438266026195,0.08884032718566062,,1.0889204293843218,1.076138422831471,,59.23076923076923,0.011871024876898978,1.0487754758624241,260.0,,118.18000030517578,187452540.0,22153141234.405975,20861332234.405975,11721922000.0,-1291809000.0,1626318000.0,113875000.0,58057000.0,110651000.0,-1291809000.0,16407076000.0,,1512443000.0,1454386000.0,1457610000.0,,1906446000.0,,,,,14.343738343470012,0.06971683225490864,14.312012290260066,0.06987137655552061,11.620125214354864,0.7933311512626111,,40377000.0,49585000.0,0.007674679971424481,,,,58.13008130081301,0.18836170811718445,1.059919968480716,246.0,['coverage<80%'],True,0.5,,,,,,,,,,,,,,,,,,,,,,,,,
INCY,879169,Incyte,Health Care,Biotechnology,Pharmaceuticals Biotechnology and Life Sciences,9.571526351813826,5.9986310746064335,183293718.56290376,0.5038694962034767,-0.026367226207343775,0.5047159254345204,5.0,0.9347004003410522,0.009181738019249925,,,,0.12753999513132375,0.17032569425305907,0.774742017879292,9,9,False,0.14029891744294387,,0.20441527705224205,True,0.9247410007797023,,0.21816109620930346,0.9893448215516802,,1.7105308494380147,2.1638383778039683,15.384615384615385,-0.07562311889086529,0.7149959174698112,221.0,gm_derived,124.44000244140625,199782155.0,24860891855.9494,21399358855.9494,2161314000.0,-3461533000.0,1516782000.0,,252490000.0,94726000.0,-3461533000.0,5361020000.0,1610808000.0,,,1169566000.0,1705534000.0,1431827000.0,1300168302.8241785,0.19284712838266357,0.6015638185030858,13.284860055294859,,,18.296837336199413,0.054654254264016884,17.363055631685533,,-2.0295889733068937,133000000.0,12298000.0,0.0672266963523116,5.0,0.2780077406306102,0.2627357227737236,91.92307692307692,1.5138358225142745,1.4043937434264,260.0,"['fcf_cagr5 gate', 'coverage<80%']",False,0.7,,,,,,,,,,,,,,,,,,,,,,,,,
DD,1666700,DuPont,Industrials,Industrial Conglomerates,Capital Goods,7.312799452429843,5.9986310746064335,178595620.54177013,0.4513092888724959,-0.12822290269224235,0.38575679533050455,7.0,,,0.05087839341330548,0.05121890417654004,0.46632508154244795,0.01712376314178441,0.011013543682095549,1.5796976166547658,5,9,False,-0.09250966195399901,-0.3992474461837586,,False,0.23422897196261683,0.07272196261682243,0.008177570093457943,,1.4293289889496494,0.47755683290803713,,,,,,share_jump_gt20pct,130.22000122070312,135042975.0,17585296369.34738,25350296369.34738,21534000000.0,7765000000.0,429000000.0,146000000.0,34000000.0,367000000.0,7653000000.0,3424000000.0,,283000000.0,249000000.0,28000000.0,,922000000.0,,0.2328859368543487,,,101.80841915400555,0.009822370372800902,905.3677274766922,0.0011045235760579327,19.072989554606703,0.306941431670282,,7840000000.0,2789000000.0,0.4935915296740039,,,,,,,,"['rev_cagr5 gate', 'fcf_cagr5 gate', 'coverage<80%']",False,0.4,,,,,,,,,,,,,,,,,,,,,,,,,
IP,51434,International Paper,Materials,Paper & Plastic Packaging Products & Materials,Materials,69.56057494866529,5.9986310746064335,176759993.67754376,-0.08964072505895981,-0.26352999149927936,-0.19223273027187593,9.0,,,0.04460571860964188,0.04780549415850963,0.7120681892952062,0.0304927658745629,0.04818468212570366,1.5625390291589858,5,9,False,0.061152533817306676,,,False,0.33520637937445774,0.02032805850514399,-0.001074246994174276,,0.4557276317649082,-0.035229568829320726,,,,,,sbc_unreported,34.880001068115234,529569895.0,18471398503.241673,28351398503.241673,24335000000.0,9880000000.0,2647000000.0,2155000000.0,,2673000000.0,9880000000.0,24203000000.0,,492000000.0,492000000.0,-26000000.0,,-3438000000.0,,,,,57.62479370577576,0.01735364130075436,,-0.0009170623451618158,,,,5290000000.0,4022000000.0,0.3826587220053421,,,,98.07692307692307,3.145503792273433,3.332854666105563,208.0,"['fcf_cagr5 gate', 'coverage<80%']",False,0.4,,,,,,,,,,,,,,,,,,,,,,,,,
MOS,1285785,Mosaic Company (The),Materials,Fertilizers & Agricultural Chemicals,Materials,14.99794661190965,5.9986310746064335,175563010.29304647,-0.3130968527391781,-0.28873163458059536,-0.30464060265310056,8.0,0.20301327034398797,0.3192291999922398,0.046976507475192344,0.07031414375192192,1.3303719704163997,0.07360938677830545,0.10321186323113879,0.9764229539535237,3,7,False,0.06780943144483076,,,False,0.10983107308191609,-0.07986675266780428,-0.06050016737563174,0.5410044027950345,-1.7001424107567134,-0.8219083193539479,-0.08997533136229668,,,,,capex_gt_2x_cfo,23.690000534057617,317895646.0,7530948023.514591,11641448023.514591,15574400000.0,4110500000.0,444000000.0,1391100000.0,31100000.0,1153900000.0,3939500000.0,12247900000.0,-169800000.0,-947100000.0,-978200000.0,-741000000.0,984100000.0,-638200000.0,-138440566.14513743,0.1846845338920058,-0.0088889823136132,,,-0.08402734763099326,,-0.06365187548003068,,,4.003150086373336,969200000.0,,0.06223032668995274,2.0,0.09879354906536131,0.07099601202522265,,,,,"['mktcap<10B', 'fcf_cagr5 gate', 'coverage<80%']",False,0.7,,,,,,,,,,,,,,,,,,,,,,,,,
GPC,40987,Genuine Parts Company,Consumer Discretionary,Distributors,Consumer Discretionary Distribution and Retail,52.733744010951405,5.9986310746064335,175524511.17958233,0.02693712198625442,-0.10516658742458229,-0.027160258190292996,10.0,0.3583495154085159,0.018679526597185737,0.03614163379410677,0.037491820268065676,0.3011738047422127,0.03800459648796302,0.044513982090555425,0.33685896426104445,7,9,False,0.08001090137708289,-0.25716812742553985,-0.29289208751905005,False,0.36903587645879565,0.028119096642575336,0.022578670682269274,1.0298210562335974,0.7780250556121903,0.5941036813644499,,72.6923076923077,0.5158210321255869,1.794757720007933,260.0,,129.25999450683594,137859758.0,17819751561.79373,24325731561.79373,11031992000.0,6505980000.0,1185761000.0,426407000.0,54365000.0,565314000.0,6488203000.0,25071538000.0,,759354000.0,704989000.0,566082000.0,,32766000.0,,0.23892757032299447,,,34.50512215338641,0.028981204458708394,42.972098674385926,0.023270913705596207,543.8488543549329,23.175059512909723,,3190572000.0,1774401000.0,0.4500522661727819,3.0,,,69.61538461538461,0.1286436634329453,1.2893797427078693,260.0,"['fcf_cagr5 gate', 'coverage<80%']",False,0.7,,,,,,,,,,,,,,,,,,,,,,,,,
BG,1996862,Bunge Global,Consumer Staples,Agricultural Products & Services,Materials,3.5318275154004106,5.9986310746064335,168463512.97470325,0.4449451579925412,-0.1379092619113309,0.3790041557866797,2.0,0.21317491272892122,0.15196740951310792,-0.07622263969438871,-0.051876770538243626,,-0.04388064497814168,0.008321529745042492,,2,4,False,,,,False,0.08045692698612579,-0.02610690112657687,-0.005239369476737649,0.3774221176224283,0.3425084887016683,0.11940046640945097,,,,,,sbc_unreported;capex_gt_2x_cfo,110.20999908447266,194018115.0,21382736276.52111,37533736276.52111,32196000000.0,16151000000.0,588000000.0,1749000000.0,,821000000.0,14770000000.0,44471000000.0,,-1161000000.0,-1161000000.0,-233000000.0,,683000000.0,,0.21295279912184412,,,,-0.030932172364792072,,-0.006207748631349313,31.307080931948917,-1.6998535871156661,,3291000000.0,309000000.0,0.11181513231457324,,,,,,,,"['rev_cagr5 gate', 'fcf_cagr5 gate', 'coverage<80%']",False,0.5,,,,,,,,,,,,,,,,,,,,,,,,,
SWK,93556,Stanley Black & Decker,Industrials,Industrial Machinery & Supplies & Components,Capital Goods,43.98631074606434,5.9986310746064335,155734568.05647606,0.3692055129611431,-0.12450923491351773,0.2733713711174939,9.0,,,0.0018043026642233049,0.03924549251837361,11.934886794410382,0.0023820807191881122,0.03380611219795908,384.27309271352783,4,9,False,0.03482769922221651,-0.16294504580710234,-0.1974675263873752,False,0.3190054893524925,0.07914636305803498,0.07220105327360848,,43.865347331903976,30.310078366369073,,,,,,,90.16999816894531,151016641.0,13617170242.450272,17915770242.45027,13257400000.0,4298600000.0,1551200000.0,262100000.0,82300000.0,368000000.0,4298600000.0,15247700000.0,,1289100000.0,1206800000.0,1100900000.0,,620500000.0,,0.2677602076941232,,,14.845682998384381,0.06735964927372001,16.27374897125104,0.06144865585468873,21.94547984278851,2.0775181305398873,,7265600000.0,3892900000.0,0.841680872569282,,,,,,,,"['fcf_cagr5 gate', 'coverage<80%']",False,0.4,,,,,,,,,,,,,,,,,,,,,,,,,
BAX,10456,Baxter International,Health Care,Health Care Equipment,Health Care Equipment and Services,53.98494182067078,5.9986310746064335,151075691.90954655,0.19109926704633295,-0.14740260873588262,0.07030276093531374,10.0,0.36343314547245137,0.09694963268626282,0.0718231383165144,0.06900666202644924,0.4866144550210326,0.025761997483542638,-9.943323058566172e-05,1.8277128358061923,8,9,False,-0.007460794983869423,-0.2212269221838118,,False,0.3007846556233653,,0.02188317349607672,0.8276203185385168,,0.8494362096749757,1.3976066884028984,,,,,,23.479999542236328,516995999.0,12139065819.858013,18480065819.858013,12547000000.0,6341000000.0,1319000000.0,,115000000.0,953000000.0,6368000000.0,11470000000.0,-274000000.0,,,251000000.0,679000000.0,-1063000000.0,-213048547.5478144,0.2224505563948379,-0.016980038857720123,,,,73.62576023847814,0.013582202706782811,,,9.378497790868925,4886000000.0,867000000.0,0.4585159799155177,5.0,-0.012149368630400517,0.0006674411959370003,3.076923076923077,-0.6520909213512985,0.48986035092136043,260.0,"['rev_cagr5 gate', 'fcf_cagr5 gate', 'coverage<80%']",False,0.7,,,,,,,,,,,,,,,,,,,,,,,,,
AVY,8818,Avery Dennison,Materials,Paper & Plastic Packaging Products & Materials,Materials,38.73511293634497,5.9986310746064335,146173102.37233794,0.12449259692505588,-0.12690751339150408,0.07541479667370399,10.0,0.27797900710324475,0.0321230436754061,0.0763621137475974,0.07729659533623172,0.10964090507660251,0.06959374420153117,0.06828694450472264,0.15263666862383626,6,9,False,0.049004548094291556,0.05314467995366812,0.0012611826382393776,False,0.28977844097706557,0.11220683167353294,0.09358679080027249,1.0424472120998631,1.4694044751617859,1.3447586686708752,,0.7692307692307693,-1.8654871954168113,0.6415011453451279,260.0,,169.00999450683594,75788142.0,12808953463.103302,14273253463.103302,3787100000.0,1464300000.0,1233600000.0,170500000.0,25400000.0,342700000.0,1464300000.0,9248100000.0,,1063100000.0,1037700000.0,865500000.0,,704900000.0,,0.27006316661489077,,,13.754701226851019,0.07270241523297256,16.491338490009593,0.06063789186097886,18.171305806643925,1.5081571854163711,,2262000000.0,827500000.0,0.8157957276015949,,,,0.7692307692307693,-2.257389792191766,0.5519966752530726,260.0,['coverage<80%'],True,0.6,,,,,,,,,,,,,,,,,,,,,,,,,
TXT,217346,Textron,Industrials,Aerospace & Defense,Capital Goods,47.73442847364819,5.9986310746064335,133764726.97933583,-0.004731096012547509,-0.24509231243855634,-0.08863858289927296,10.0,,,0.07204960716595323,0.06314404735803551,0.2112925253055583,0.07073536907841277,0.06365563107505665,0.20954077954962128,6,9,True,0.04899600344582322,-0.06629748290325388,-0.06797902841660897,True,,0.049611085691875285,0.05470945813451859,,0.6885684411520125,0.7734385053377065,,36.92307692307693,-0.3707393553278251,0.8867011819065602,260.0,sbc_unreported;gm_derived,76.0199966430664,171986917.0,13074444852.99134,11963444852.99134,6943000000.0,-1111000000.0,1236000000.0,477000000.0,,399000000.0,-1111000000.0,15299000000.0,,759000000.0,759000000.0,837000000.0,,937000000.0,,0.1946826758147513,,,15.762114430818631,0.0634432648226919,14.29324355196098,0.06996312602976695,13.953516385262903,0.8100320170757738,,,276000000.0,0.03975226847184214,,,,45.0,-0.16913074075908271,0.9516963798903271,260.0,"['fcf_cagr5 gate', 'coverage<80%']",False,0.5,,,,,,,,,,,,,,,,,,,,,,,,,
TPL,1811074,Texas Pacific Land Corporation,Energy,Oil & Gas Exploration & Production,Energy,1.8288843258042438,5.9986310746064335,133159931.26466534,0.15070894738630436,-0.36115246643129584,0.06990550971930909,5.0,,,,,,0.6074335466458701,0.6225318439822988,0.1977276434071605,5,7,True,0.21410935617420757,0.3049035690618971,0.1943857672565239,False,,,0.5781084095322665,,,0.9517228884121871,0.3720849235368813,83.9572192513369,1.5733550210856642,3.311440153272656,187.0,,338.25,68974683.0,23330686524.75,23097587524.75,1439299000.0,-233099000.0,603151000.0,,16700000.0,67575000.0,-233099000.0,897541000.0,672482000.0,,,518876000.0,740057000.0,541416000.0,532138733.8199314,0.2086944575171805,0.369720769499549,34.346774374258345,,,44.51465769230028,0.022464510609344086,43.0919783027284,,-0.31497438710802006,,31675000.0,0.022007241024971185,6.0,0.9936461977151355,1.1934642407692715,83.9572192513369,1.5380805146401872,3.1206286357160593,187.0,['coverage<80%'],True,0.6,,,,,,,,,,,,,,,,,,,,,,,,,
PSKY,2041610,Paramount Skydance Corporation,Communication Services,Movies & Entertainment,Media and Entertainment,31.98631074606434,5.9986310746064335,133016516.48981324,-0.41697483849537187,-0.45684514284033684,-0.45196477830881054,2.0,,,,,,,,,0,1,False,,,,False,,0.013419277017603377,,,,,,,,,,share_jump_gt20pct,10.180000305175781,1071666977.0,10909570152.906807,11651570152.906807,12513000000.0,742000000.0,989000000.0,312000000.0,321000000.0,,-297000000.0,26529000000.0,996000000.0,677000000.0,356000000.0,,,-377000000.0,,,,11.698363607336152,32.72912964299665,0.03055382195945376,,,,,,2034000000.0,6238000000.0,0.6610724846159993,,,,,,,,"['rev_cagr5 gate', 'fcf_cagr5 gate', 'coverage<80%']",False,0.3,,,,,,,,,,,,,,,,,,,,,,,,,
SNA,91440,Snap-on,Industrials,Industrial Machinery & Supplies & Components,Capital Goods,43.98631074606434,5.9986310746064335,120516061.5447998,0.17714248625433715,-0.11134521026589905,0.10459620717246021,,,,,,,0.18813009878816753,0.2026415815513983,0.21796898961695357,5,9,False,0.03619988745258418,,0.013503079081576885,False,,,0.2203607446830541,,,1.1713210491170685,1.02129046266041,60.0,0.28586943848077817,1.0551650992592745,260.0,,367.7099914550781,51727124.0,19020580324.035767,18423180324.035767,5443900000.0,-597400000.0,1186200000.0,,32100000.0,90000000.0,-622400000.0,4828900000.0,1342200000.0,,,1064100000.0,1432200000.0,1033700000.0,1049585328.0141845,0.2180112293144208,0.1928002586407143,13.726106633911314,,,17.313391903050245,0.05775875724408581,18.400484012804263,,-0.43457617651166036,1231500000.0,130300000.0,0.2501515457668216,4.0,0.18878102331287747,0.18802101810379235,,,,,"['fcf_cagr5 gate', 'coverage<80%']",False,0.4,,,,,,,,,,,,,,,,,,,,,,,,,
NWSA,1564708,News Corp (Class A),Communication Services,Publishing,Media and Entertainment,13.149897330595483,5.9986310746064335,111971452.39503264,0.021327348622452114,-0.0786020396535867,-0.058951064133262454,10.0,,,0.07054194206303736,0.0675579744439186,0.21078207856885378,0.06282561523338678,0.06140558447704685,0.244748477351698,6,9,False,-0.007154431028680852,-0.008648909226673163,0.061872879820496385,False,,0.08983163491360213,,,1.273449982895668,,,,,,,shares_was_proxy;sbc_unreported,28.440000534057617,556500000.0,15826860297.203064,17372860297.203064,10072000000.0,1546000000.0,1237000000.0,426000000.0,,,836000000.0,9028000000.0,,811000000.0,811000000.0,,,573000000.0,,0.28967495219885275,,,21.42152934303707,0.0466820078056212,,,27.621047639097842,1.4153577661431065,,4542000000.0,1837000000.0,0.6333399523431295,,,,27.692307692307693,-0.7813659189523227,0.8477771732167396,260.0,"['rev_cagr5 gate', 'coverage<80%']",False,0.5,,,,,,,,,,,,,,,,,,,,,,,,,
BALL,9389,Ball Corporation,Materials,"Metal, Glass & Plastic Containers",Materials,41.90006844626968,5.9986310746064335,110962075.3948677,0.302661070732162,-0.14965514643395217,0.16110942778630388,7.0,,,-0.00041794169935035347,0.0024618058069654624,,0.033142048985262164,0.048628523668414254,1.6322177108797833,5,9,False,0.022401190765954704,,-0.03479997812017066,False,,0.057727209269859,0.05479547675554935,,-138.12263614659625,1.6533521141048395,,24.581005586592177,-0.21955283171464982,0.693706721020245,179.0,sbc_unreported,56.65999984741211,264703357.0,14998092167.229473,23267092167.229473,14015000000.0,8269000000.0,1426000000.0,599000000.0,,641000000.0,8249000000.0,14326000000.0,,827000000.0,827000000.0,785000000.0,,,,,,,28.134331520229107,0.03554376258348208,29.63960785634328,0.03373863800245881,,,,4397000000.0,29000000.0,0.3158044951837317,,,,,,,,"['fcf_cagr5 gate', 'coverage<80%']",False,0.3,,,,,,,,,,,,,,,,,,,,,,,,,
