ticker,cik,name,sector,sub_industry,ig_name,index_tenure_y,trading_history_y,adv_usd,mom_12_1,dd_52w,ret_12m,fcf_pos_years,gm,gm_stability,fcf_margin,fcf_margin_median_5y,fcf_cov,fcf_owner_margin,fcf_owner_margin_median_5y,fcf_owner_cov,rev_pos_years,rev_yoy_n,fcf_cagr5_base_fallback,rev_cagr5,fcf_cagr5,fcf_owner_cagr5,fcf_owner_cagr5_base_fallback,gm_ttm,fcf_margin_ttm,fcf_owner_margin_ttm,brake_gm,brake_fcf_margin,brake_fcf_owner_margin,brake_roic,ev_fcf_owner_self_pct,ev_fcf_owner_self_z,ev_fcf_owner_self_ratio,ev_fcf_owner_self_n,dq_flags,price,shares_cover,mktcap,ev,ic,stack,cfo_ttm,capex_ttm,sbc_ttm,dna_ttm,net_debt,revenue_ttm,ebit_ttm,fcf_ttm,fcf_adj_ttm,fcf_owner_ttm,ebitda_ttm,ni_ttm,nopat_ttm,t_eff,roic_ttm,ev_ebit,ev_fcf,fcf_yield,ev_fcf_owner,fcf_owner_yield,pe_ttm,fcf_ni,nd_ebitda,goodwill,intangibles,goodwill_share_ic,roic_years,roic,roic_median_5y,ev_fcf_self_pct,ev_fcf_self_z,ev_fcf_self_ratio,ev_fcf_self_n,gate_fail_reasons,gates_pass,input_coverage,peer_level,peer_set,pct_roic,pct_fcf_margin,pct_gm,pct_roic_years,pct_fcf_pos_years,pct_fcf_ni,pct_nd_ebitda,pct_ev_ebit,pct_mom_sector,quality_weight_used,quality_score,quality_component_values,cheapness_score,quality_floor_pass,residual,residual_fitted,residual_pct,composite,eps_rev_proxy,flag_derated_quality,evidence_derated,flag_beaten_but_delivering,evidence_beaten
NVDA,1045810,Nvidia,Information Technology,Semiconductors,Semiconductors and Semiconductor Equipment,24.83778234086242,5.9986310746064335,25730375282.043095,0.2293669534238647,0.0,0.23341391883161222,5.0,0.6812645648281168,0.09567708242734539,0.30037149871533764,0.38527953776960705,0.8916069834336632,0.304667380432823,0.37807360231115195,0.9581204512587501,8,9,False,0.6689858183148778,,,False,0.7467439020365053,0.3953031653299007,0.4074066739281117,1.0961144034034838,1.316047517892268,1.3372178975948559,0.9734364233761907,61.92307692307693,0.23678454181833672,1.124435501299437,260.0,,230.86000061035156,24100000000.0,5563726014709.473,5531021014709.473,196279000000.0,-32705000000.0,134360000000.0,7354000000.0,7241000000.0,3687000000.0,-32705000000.0,302970000000.0,197579000000.0,127006000000.0,119765000000.0,123432000000.0,201266000000.0,192880000000.0,165876816790.93597,0.16045320205621064,0.8451073053711093,27.993972105889153,46.182282091675134,0.021653325793102394,44.81026812098542,0.02231631369176483,28.845530976303777,0.6584715885524679,-0.16249639780191388,21125000000.0,2998000000.0,0.12290158396975734,7.0,0.8681689785553793,1.0155847417253008,,,,,['fcf_cagr5 gate'],False,0.9,ig,Semiconductors and Semiconductor Equipment,100.0,87.5,100.0,66.66666666666666,12.5,20.0,64.28571428571428,75.0,54.23728813559322,1.0,59.8767362017099,"{'profitability': 100.0, 'growth': 100.0, 'balance': 100.0, 'stability': 59.9}",,False,-0.22069657105590856,57.58676638689748,,,,False,"{""floor"": false, ""depressed_arms"": {""self_pct"": false, ""self_z"": false, ""median_ratio"": false}, ""yield_arm"": false, ""residual_arm"": false, ""brakes"": {""gm"": true, ""fcf_margin"": true, ""roic"": true}, ""self_pct"": null, ""self_z"": null, ""median_ratio"": null, ""fcf_yield"": 0.021653325793102394, ""yield_threshold"": 0.0495, ""gs10"": 0.0495, ""residual_pct"": null, ""brake_values"": {""gm"": 1.0961144034034838, ""fcf_margin"": 1.316047517892268, ""roic"": 0.9734364233761907}}",False,"{""floor"": false, ""mom_sector_pct"": 54.23728813559322, ""eps_rev_proxy"": null}"
AAPL,320193,Apple Inc.,Information Technology,"Technology Hardware, Storage & Peripherals",Technology Hardware and Equipment,43.83846680355921,5.9986310746064335,14411770846.932209,0.24467863340520224,-0.031518455944972934,0.2849400060448626,10.0,0.4446632673722596,0.04224771564223663,0.2357035364187658,0.23248509500651965,0.06674528697417795,0.23456852980922305,0.23194110716560465,0.06912796148743436,7,9,False,0.08677354924090741,0.061266824126846364,0.06720592945686343,False,0.4865291555900202,0.2634338925031543,0.2568810876927658,1.094151892656138,1.1176493000729568,1.0951217023941353,1.0844822458532013,85.38461538461539,0.9941709540446954,1.1860953930534648,260.0,,330.32000732421875,14594180000.0,4820749644490.967,4854417644490.967,141188000000.0,33668000000.0,146724000000.0,10041000000.0,13706000000.0,13100000000.0,33668000000.0,466823000000.0,154859000000.0,136683000000.0,122977000000.0,119918000000.0,167959000000.0,128930000000.0,128064159621.82341,0.17302733698510642,0.907047055145079,31.347339479726504,39.47419147068937,0.025333007789216568,40.48114248478933,0.024702860112600505,37.390441669828334,1.0601334057240364,0.2004536821486196,5889000000.0,2149000000.0,0.05693118395331048,10.0,0.8363871871701066,0.8223395142877403,84.61538461538461,0.8749121938312876,1.1645352646069809,260.0,[],True,1.0,ig,Technology Hardware and Equipment,95.23809523809523,94.73684210526315,60.0,85.71428571428571,64.28571428571429,42.857142857142854,65.0,33.33333333333334,55.932203389830505,1.0,69.20859678610759,"{'profitability': 96.5, 'growth': 61.7, 'balance': 93.3, 'stability': 81.3}",23.38713637931816,True,0.054531191649931365,37.37925555461464,44.5945945945946,46.29786658271288,0.0,False,"{""floor"": true, ""depressed_arms"": {""self_pct"": false, ""self_z"": false, ""median_ratio"": false}, ""yield_arm"": false, ""residual_arm"": false, ""brakes"": {""gm"": true, ""fcf_margin"": true, ""roic"": true}, ""self_pct"": 84.61538461538461, ""self_z"": 0.8749121938312876, ""median_ratio"": 1.1645352646069809, ""fcf_yield"": 0.025333007789216568, ""yield_threshold"": 0.0495, ""gs10"": 0.0495, ""residual_pct"": 44.5945945945946, ""brake_values"": {""gm"": 1.094151892656138, ""fcf_margin"": 1.1176493000729568, ""roic"": 1.0844822458532013}}",False,"{""floor"": true, ""mom_sector_pct"": 55.932203389830505, ""eps_rev_proxy"": 0.0}"
TSLA,1318605,"Tesla, Inc.",Consumer Discretionary,Automobile Manufacturers,Consumer Durables and Apparel,5.779603011635865,5.9986310746064335,12937598036.305084,-0.17623246950283322,-0.26411060605042047,-0.17616267730537372,7.0,0.21003124827237202,0.17260253220457197,0.04115824860039773,0.03580203950351693,0.26305793138250977,0.10326066690731647,0.09012181390111577,0.15969004107452936,8,9,False,0.24630713363610557,,-0.018107452001611013,True,0.18851754987019756,0.018954052828149277,0.0911705382217547,0.8975690589893789,0.4605165057476745,0.8829164187326671,0.27268896330441955,78.84615384615384,1.0253490091667214,1.5744156364107253,260.0,,354.1099853515625,3949547394.0,1398574169834.6418,1364613769834.6418,52897600000.0,-33960400000.0,18685000000.0,12923000000.0,3798000000.0,5440000000.0,-34567400000.0,103619000000.0,4372000000.0,5762000000.0,1964000000.0,9447000000.0,9812000000.0,3804000000.0,3238146060.9545717,0.2593444508338125,0.06121536820110122,312.1257479036235,694.8135284290437,0.0014392350739931264,144.4494304895355,0.006922837955200135,367.6588248776661,1.5147213459516298,-3.5229718711781493,257000000.0,228000000.0,0.00916865793533166,5.0,0.2244878834086245,0.18126594999483106,93.58974358974359,2.435533354181257,3.322969169879245,234.0,['fcf_cagr5 gate'],False,1.0,ig,Consumer Durables and Apparel,75.0,20.0,25.0,38.88888888888889,10.0,66.66666666666666,90.0,0.0,24.242424242424242,1.0,43.30939810484206,"{'profitability': 19.1, 'growth': 100.0, 'balance': 100.0, 'stability': 64.0}",2.984962011559638,False,1.8254691471318933,28.498563368504367,,23.14718005820085,,False,"{""floor"": false, ""depressed_arms"": {""self_pct"": false, ""self_z"": false, ""median_ratio"": false}, ""yield_arm"": false, ""residual_arm"": false, ""brakes"": {""gm"": false, ""fcf_margin"": false, ""roic"": false}, ""self_pct"": 93.58974358974359, ""self_z"": 2.435533354181257, ""median_ratio"": 3.322969169879245, ""fcf_yield"": 0.0014392350739931264, ""yield_threshold"": 0.0495, ""gs10"": 0.0495, ""residual_pct"": null, ""brake_values"": {""gm"": 0.8975690589893789, ""fcf_margin"": 0.4605165057476745, ""roic"": 0.27268896330441955}}",False,"{""floor"": false, ""mom_sector_pct"": 24.242424242424242, ""eps_rev_proxy"": null}"
MSFT,789019,Microsoft,Information Technology,Systems Software,Software and Services,32.336755646817245,5.9986310746064335,12840749554.652735,-0.026169099394784734,-0.01258717868770709,-0.0006394601890237217,10.0,0.687708079904994,0.008802118348736152,0.23212217229294924,0.2353018899086898,0.07566316835758023,0.3475709904518274,0.3414263605514617,0.2717266509976591,9,9,False,0.1457190738095313,0.03604273274160441,0.1710571643865748,False,0.6794409337058032,0.16448337898800322,0.396366912870398,0.9879786984612235,0.7086069260993187,1.1403912402330758,0.7249715515875705,24.615384615384617,-1.1657072178302073,0.8422843387029929,260.0,,512.7999877929688,7425545491.0,3807819637140.934,3787802637140.934,422370000000.0,-20017000000.0,182935000000.0,115948000000.0,12405000000.0,39000000000.0,-20017000000.0,331839000000.0,155237000000.0,66987000000.0,54582000000.0,131530000000.0,194237000000.0,133749000000.0,125126818572.44446,0.19396265985271252,0.29624930409935474,24.400127786165246,69.3965526573034,0.014409937694430395,28.79801290307104,0.03472461809659649,28.469892389034193,0.5008411277841329,-0.10305451587493629,119651000000.0,18609000000.0,0.32734332457324145,7.0,0.40863576432843,0.353169746630197,99.23076923076923,2.199976382943946,1.4430502446117022,260.0,[],True,1.0,ig,Software and Services,84.21052631578947,77.27272727272727,27.77777777777778,80.0,63.63636363636363,4.761904761904762,44.99999999999999,50.0,27.11864406779661,1.0,78.80908297051678,"{'profitability': 82.9, 'growth': 65.0, 'balance': 100.0, 'stability': 95.3}",19.578300457265286,True,0.691261884266924,34.76375456393114,79.72972972972973,49.193691713891035,11.0,False,"{""floor"": true, ""depressed_arms"": {""self_pct"": false, ""self_z"": false, ""median_ratio"": false}, ""yield_arm"": false, ""residual_arm"": false, ""brakes"": {""gm"": true, ""fcf_margin"": false, ""roic"": false}, ""self_pct"": 99.23076923076923, ""self_z"": 2.199976382943946, ""median_ratio"": 1.4430502446117022, ""fcf_yield"": 0.014409937694430395, ""yield_threshold"": 0.0495, ""gs10"": 0.0495, ""residual_pct"": 79.72972972972973, ""brake_values"": {""gm"": 0.9879786984612235, ""fcf_margin"": 0.7086069260993187, ""roic"": 0.7249715515875705}}",False,"{""floor"": true, ""mom_sector_pct"": 27.11864406779661, ""eps_rev_proxy"": 11.0}"
META,1326801,Meta Platforms,Communication Services,Interactive Media & Services,Media and Entertainment,12.774811772758385,5.9986310746064335,12052237867.245384,-0.12973690574876462,-0.03423087750849618,0.025096320107342862,10.0,0.8071268312398934,0.015834172340424366,0.1786484268578379,0.2226875806140754,0.28802439886762765,0.33623101990695897,0.34386792052845355,0.3212957934039315,8,9,False,0.18511415178759827,0.14349336092767184,0.24804841242061948,False,0.817474052232888,0.0693985024994852,0.3611701358615885,1.0128198203708574,0.3884641119997663,1.0741725613583502,0.7434791527554472,48.84615384615385,-0.01967587142965875,0.9946400308094783,260.0,shares_was_proxy;gm_derived,725.9299926757812,2543000000.0,1846039971374.5117,1869281971374.5117,284463000000.0,23242000000.0,130301000000.0,89325000000.0,25136000000.0,22729000000.0,23242000000.0,228247000000.0,86926000000.0,40976000000.0,15840000000.0,82436000000.0,109655000000.0,68098000000.0,67632726429.32224,0.22195055070609204,0.23775579400246163,21.504290676834454,118.01022546556261,0.008473841957804047,22.675554022205247,0.04410035578494535,27.108578392530056,0.6017210490763312,0.21195567917559618,23406000000.0,3692000000.0,0.09526019201091179,10.0,0.31978811123526785,0.3066290976575339,95.38461538461539,2.6111070293310585,2.8367309757075776,260.0,[],True,1.0,ig,Media and Entertainment,75.0,77.77777777777779,100.0,93.75,72.22222222222221,25.0,55.55555555555556,33.33333333333334,45.45454545454545,1.0,65.46084014447328,"{'profitability': 63.9, 'growth': 100.0, 'balance': 92.9, 'stability': 78.5}",14.584705778830577,True,1.2940502103804166,32.35346311930253,95.94594594594594,40.02277296165193,,False,"{""floor"": true, ""depressed_arms"": {""self_pct"": false, ""self_z"": false, ""median_ratio"": false}, ""yield_arm"": false, ""residual_arm"": false, ""brakes"": {""gm"": true, ""fcf_margin"": false, ""roic"": false}, ""self_pct"": 95.38461538461539, ""self_z"": 2.6111070293310585, ""median_ratio"": 2.8367309757075776, ""fcf_yield"": 0.008473841957804047, ""yield_threshold"": 0.0495, ""gs10"": 0.0495, ""residual_pct"": 95.94594594594594, ""brake_values"": {""gm"": 1.0128198203708574, ""fcf_margin"": 0.3884641119997663, ""roic"": 0.7434791527554472}}",False,"{""floor"": true, ""mom_sector_pct"": 45.45454545454545, ""eps_rev_proxy"": null}"
AMD,2488,Advanced Micro Devices,Information Technology,Semiconductors,Semiconductors and Semiconductor Equipment,9.535934291581109,5.9986310746064335,11999874460.051289,1.9001640410188725,-0.023627205015136155,2.7391752433071255,8.0,0.4763207320578323,0.03812796112130483,0.08666218676539891,0.08618278886487861,0.5618169170892288,0.03518273970825582,0.08664887081055887,3.0874254692211225,8,9,True,0.2882389065515516,0.2021430186788593,0.033671549650546195,True,0.5320421256506476,0.157559617479724,0.13083161844812977,1.11698292734831,1.8180895654785378,3.7186307698894017,0.5737176178274888,78.46153846153847,0.026545301600752795,2.332323072599343,195.0,,615.72998046875,1632475042.0,1005163825726.3818,997361825726.3818,59422000000.0,-7802000000.0,10080000000.0,1677000000.0,1895000000.0,2781000000.0,-7802000000.0,41305000000.0,6488000000.0,8403000000.0,6508000000.0,5404000000.0,9269000000.0,6434000000.0,5371098507.438584,0.17214881204707402,0.09038905636697829,153.7240791810083,153.25166344904454,0.0065252146534285115,184.5599233394489,0.005418294404905912,156.2268924038517,1.3060304631644388,-0.8417304995145107,25470000000.0,15635000000.0,0.6917471643499041,3.0,0.15754973101446118,0.028160566330584183,77.40384615384616,0.1314839930393149,1.5803351117824687,208.0,[],True,1.0,ig,Semiconductors and Semiconductor Equipment,35.714285714285715,12.5,43.75,20.0,25.0,80.0,85.71428571428572,0.0,94.91525423728814,1.0,45.752268178498305,"{'profitability': 24.3, 'growth': 100.0, 'balance': 100.0, 'stability': 65.6}",10.808628225815788,False,1.0197820987328194,55.273817335540556,,28.280448202157046,,False,"{""floor"": false, ""depressed_arms"": {""self_pct"": false, ""self_z"": false, ""median_ratio"": false}, ""yield_arm"": false, ""residual_arm"": false, ""brakes"": {""gm"": true, ""fcf_margin"": true, ""roic"": false}, ""self_pct"": 77.40384615384616, ""self_z"": 0.1314839930393149, ""median_ratio"": 1.5803351117824687, ""fcf_yield"": 0.0065252146534285115, ""yield_threshold"": 0.0495, ""gs10"": 0.0495, ""residual_pct"": null, ""brake_values"": {""gm"": 1.11698292734831, ""fcf_margin"": 1.8180895654785378, ""roic"": 0.5737176178274888}}",False,"{""floor"": false, ""mom_sector_pct"": 94.91525423728814, ""eps_rev_proxy"": null}"
GOOGL,1652044,Alphabet Inc. (Class A),Communication Services,Interactive Media & Services,Media and Entertainment,20.49828884325804,5.9986310746064335,9063845670.225182,0.3830861945870785,-0.15504100244999997,0.38218717946319725,10.0,0.573594087762007,0.025384626097333184,0.1519742783299251,0.14371579289765093,0.0703608442286252,0.24525129852446045,0.24913861572833398,0.27272951812309715,9,9,False,0.1715483907713573,0.1132802934679571,0.15773364508798515,True,0.6089654739316297,0.05635325411670771,0.2954833963567529,1.0616662321392316,0.3708078415372955,1.2048188863199127,0.5986386231562422,,,,,gm_derived,338.239990234375,12230000000.0,4136675080566.4062,4014992080566.4062,518797000000.0,-121683000000.0,185675000000.0,132402000000.0,28147000000.0,25782000000.0,-121683000000.0,445866000000.0,147628000000.0,53273000000.0,25126000000.0,131746000000.0,173410000000.0,244205000000.0,120465185969.81311,0.183995001152809,0.23220100727223386,27.196684101704324,159.79431985060918,0.00625804472233365,30.475248436889213,0.032813514287533596,16.939354560989358,0.21814868655432934,-0.701706937316187,57828000000.0,9105000000.0,0.12901578073890174,8.0,0.3878817675478155,0.3755948568568398,96.53846153846153,3.359096963209944,4.327550423777276,260.0,[],True,1.0,ig,Media and Entertainment,100.0,66.66666666666666,50.0,75.0,72.22222222222221,12.5,88.88888888888889,22.222222222222214,100.0,1.0,78.60092257046284,"{'profitability': 61.3, 'growth': 97.2, 'balance': 100.0, 'stability': 93.9}",10.246207742941227,True,1.5925295707686864,32.50382961060773,98.64864864864865,44.42356515670203,2.0,False,"{""floor"": true, ""depressed_arms"": {""self_pct"": false, ""self_z"": false, ""median_ratio"": false}, ""yield_arm"": false, ""residual_arm"": false, ""brakes"": {""gm"": true, ""fcf_margin"": false, ""roic"": false}, ""self_pct"": 96.53846153846153, ""self_z"": 3.359096963209944, ""median_ratio"": 4.327550423777276, ""fcf_yield"": 0.00625804472233365, ""yield_threshold"": 0.0495, ""gs10"": 0.0495, ""residual_pct"": 98.64864864864865, ""brake_values"": {""gm"": 1.0616662321392316, ""fcf_margin"": 0.3708078415372955, ""roic"": 0.5986386231562422}}",False,"{""floor"": true, ""mom_sector_pct"": 100.0, ""eps_rev_proxy"": 2.0}"
AVGO,1730168,Broadcom,Information Technology,Semiconductors,Semiconductors and Semiconductor Equipment,12.402464065708418,5.9986310746064335,8113526230.444803,0.06364545629988916,-0.22821444575477356,0.023125828421108885,10.0,0.6552755817864064,0.04380219303284204,0.37358333341981426,0.4232058287795993,0.2433527600609242,0.2926460483585944,0.33962422178173596,0.3181120242924162,9,9,False,0.21743712435641926,0.18336584083850394,0.03558850045624995,False,0.687702011133058,0.34702145807146706,0.19679251212066798,1.0494851788285027,0.9288997314061164,0.6724591472341628,1.5254562175210302,83.07692307692308,1.5857564872585603,15.574791173096633,260.0,,343.6400146484375,4773629865.0,1640410236734.8188,1677189236734.8188,136469000000.0,36779000000.0,40653000000.0,1250000000.0,8482000000.0,14636000000.0,36779000000.0,89104000000.0,42814000000.0,39403000000.0,30921000000.0,17535000000.0,57450000000.0,,40482287924.09004,0.05446143962045022,0.2966409069025936,39.173850533349345,54.241105938838295,0.018436202261944836,95.64808877871792,0.01045499196866863,,,0.6401914708442124,97801000000.0,26325000000.0,0.9095545508503763,5.0,0.1944604528766189,0.19356110283314357,60.0,1.2900955713888134,8.857652988843368,260.0,[],True,0.9,ig,Semiconductors and Semiconductor Equipment,50.0,100.0,93.75,50.0,65.625,,35.71428571428571,62.5,40.67796610169492,1.0,77.57226793089508,"{'profitability': 98.4, 'growth': 100.0, 'balance': 78.7, 'stability': 83.5}",39.25958408283877,True,-0.02391619139951562,55.553983548111304,39.189189189189186,58.415926006866925,2.0,False,"{""floor"": true, ""depressed_arms"": {""self_pct"": false, ""self_z"": false, ""median_ratio"": false}, ""yield_arm"": false, ""residual_arm"": false, ""brakes"": {""gm"": true, ""fcf_margin"": false, ""roic"": true}, ""self_pct"": 60.0, ""self_z"": 1.2900955713888134, ""median_ratio"": 8.857652988843368, ""fcf_yield"": 0.018436202261944836, ""yield_threshold"": 0.0495, ""gs10"": 0.0495, ""residual_pct"": 39.189189189189186, ""brake_values"": {""gm"": 1.0494851788285027, ""fcf_margin"": 0.9288997314061164, ""roic"": 1.5254562175210302}}",False,"{""floor"": true, ""mom_sector_pct"": 40.67796610169492, ""eps_rev_proxy"": 2.0}"
PLTR,1321655,Palantir Technologies,Information Technology,Application Software,Software and Services,2.023271731690623,5.9986310746064335,5452394939.917005,0.007280259164001324,-0.05202777408619663,0.09805272573961088,5.0,0.7995814556998394,0.01950015320188748,0.015295451418841144,0.09939991334878194,0.7776150853707844,0.01422133685402201,0.09120220475215414,2.7418460051889,7,7,True,0.3257731580149814,0.5986147953294314,,False,0.8479613433592037,0.4098070465587633,0.4120879326166381,1.0605065153956321,26.79273957576417,28.976736635001608,1.6640543855668235,,,,,,190.0399932861328,2402897000.0,456646529747.2687,447605384747.2687,733049000.0,-9041145000.0,3400291000.0,42019000.0,835524000.0,27978000.0,-9151835000.0,6155941000.0,2634652000.0,3358272000.0,2522748000.0,2536789000.0,2662630000.0,3016692000.0,2599391852.6702323,0.01338322758746415,3.546000134602506,169.89165352663983,177.42770373706318,0.005636098416073387,176.4456502875362,0.00566746756505699,151.37326904677994,1.1132299883448493,-3.4371410973360925,37938000.0,14611000.0,0.07168552170455181,3.0,2.130940049411089,2.5811810115618212,,,,,[],True,0.9,ig,Software and Services,100.0,4.545454545454546,72.22222222222221,40.0,4.545454545454546,14.285714285714285,95.0,9.090909090909093,32.20338983050847,1.0,64.24891746169146,"{'profitability': 69.9, 'growth': 100.0, 'balance': 100.0, 'stability': 73.0}",,False,1.6063080392259113,35.48161893065115,,,,False,"{""floor"": false, ""depressed_arms"": {""self_pct"": false, ""self_z"": false, ""median_ratio"": false}, ""yield_arm"": false, ""residual_arm"": false, ""brakes"": {""gm"": true, ""fcf_margin"": true, ""roic"": true}, ""self_pct"": null, ""self_z"": null, ""median_ratio"": null, ""fcf_yield"": 0.005636098416073387, ""yield_threshold"": 0.0495, ""gs10"": 0.0495, ""residual_pct"": null, ""brake_values"": {""gm"": 1.0605065153956321, ""fcf_margin"": 26.79273957576417, ""roic"": 1.6640543855668235}}",False,"{""floor"": false, ""mom_sector_pct"": 32.20338983050847, ""eps_rev_proxy"": null}"
MRVL,1835632,Marvell Technology,Information Technology,Semiconductors,Semiconductors and Semiconductor Equipment,0.2792607802874743,5.9986310746064335,4813821851.10915,1.5983099054163508,-0.13662781983522654,2.1158795573504374,7.0,0.46138421412244135,0.08995587537354624,0.08918983351507066,0.0895668626258531,0.24861914685275566,-0.07183347378316172,-0.08071491316980878,,5,6,False,0.22514202663068583,0.14469332824590087,,False,0.5221104091933589,0.09536205199834925,0.027194903865485752,1.1316174095518625,1.0692031618405886,-0.37858260826389867,,,,,,,268.0799865722656,876900000.0,235079340225.21973,236432640225.21973,19884900000.0,1353300000.0,2200300000.0,470200000.0,828900000.0,1114400000.0,1353300000.0,9450300000.0,1561300000.0,1730100000.0,901200000.0,257000000.0,2675700000.0,2639900000.0,1368353945.381737,0.1235803846911311,0.06881372022900477,151.43319043439425,262.35312941102944,0.0038116564580150175,919.9713627440457,0.0010869903569794268,89.04857768295001,0.6553657335505133,0.5057741899316067,13873900000.0,2078600000.0,0.8022419021468552,0.0,,,94.9579831932773,2.1661290522884897,2.2763896251402014,238.0,['tenure<1y'],False,0.9,ig,Semiconductors and Semiconductor Equipment,,18.75,25.0,6.666666666666667,18.75,13.333333333333334,50.0,6.25,93.22033898305084,1.0,48.45794296286093,"{'profitability': 35.1, 'growth': 100.0, 'balance': 83.1, 'stability': 70.2}",5.2312628948513105,False,,,,26.844602928856123,,False,"{""floor"": false, ""depressed_arms"": {""self_pct"": false, ""self_z"": false, ""median_ratio"": false}, ""yield_arm"": false, ""residual_arm"": false, ""brakes"": {""gm"": true, ""fcf_margin"": true, ""roic"": false}, ""self_pct"": 94.9579831932773, ""self_z"": 2.1661290522884897, ""median_ratio"": 2.2763896251402014, ""fcf_yield"": 0.0038116564580150175, ""yield_threshold"": 0.0495, ""gs10"": 0.0495, ""residual_pct"": null, ""brake_values"": {""gm"": 1.1316174095518625, ""fcf_margin"": 1.0692031618405886, ""roic"": null}}",False,"{""floor"": false, ""mom_sector_pct"": 93.22033898305084, ""eps_rev_proxy"": null}"
DELL,1571996,Dell Technologies,Information Technology,"Technology Hardware, Storage & Peripherals",Technology Hardware and Equipment,2.023271731690623,5.9986310746064335,3683952918.83492,2.771629473795166,-0.04633314691641166,2.8982761422479104,10.0,0.21973990606195087,0.05595260899355222,0.038380842049271134,0.05702007350862313,0.6424246803315292,0.03169277608856077,0.04085101336996156,0.8864832984922548,7,9,False,0.05549088853532669,-0.01715785665831515,,False,0.19798673254098956,0.05180658346395762,0.0554508356647288,0.9010049020644048,1.349803201228657,1.749636431651795,2.010012006474551,78.54077253218884,0.5544038696554517,1.5654331110815918,233.0,,541.739990234375,640000000.0,346713593750.0,370415593750.0,22275000000.0,23702000000.0,12152000000.0,3592000000.0,727000000.0,3041000000.0,23702000000.0,151197000000.0,14252000000.0,8560000000.0,7833000000.0,8384000000.0,17293000000.0,11378000000.0,11734514509.009335,0.1766408567913742,0.5268019981597906,25.990428974880718,47.289109376994766,0.02114651794407616,44.181249254532446,0.022634036313434767,30.47227928897873,0.7523290560731236,1.3706123865147748,19448000000.0,2727000000.0,0.9955106621773289,5.0,0.2620889807935884,0.2603436488016159,84.8,0.0686841460358319,1.7851248950631082,250.0,[],True,1.0,ig,Technology Hardware and Equipment,57.14285714285714,21.052631578947366,25.0,35.714285714285715,64.28571428571429,14.285714285714285,30.0,57.142857142857146,100.0,1.0,27.61646861647702,"{'profitability': 60.4, 'growth': 23.1, 'balance': 54.3, 'stability': 58.3}",29.103833802675737,False,0.26303702011899466,36.3517738927206,,28.36015120957638,,False,"{""floor"": false, ""depressed_arms"": {""self_pct"": false, ""self_z"": false, ""median_ratio"": false}, ""yield_arm"": false, ""residual_arm"": false, ""brakes"": {""gm"": false, ""fcf_margin"": true, ""roic"": true}, ""self_pct"": 84.8, ""self_z"": 0.0686841460358319, ""median_ratio"": 1.7851248950631082, ""fcf_yield"": 0.02114651794407616, ""yield_threshold"": 0.0495, ""gs10"": 0.0495, ""residual_pct"": null, ""brake_values"": {""gm"": 0.9010049020644048, ""fcf_margin"": 1.349803201228657, ""roic"": 2.010012006474551}}",False,"{""floor"": false, ""mom_sector_pct"": 100.0, ""eps_rev_proxy"": null}"
STX,1137789,Seagate Technology,Information Technology,"Technology Hardware, Storage & Peripherals",Technology Hardware and Equipment,14.250513347022586,5.9986310746064335,3683942272.7824936,2.376722694376915,-0.11514091747143607,2.76258364796539,10.0,0.30448868205163937,0.31100654151911605,0.11064934470739585,0.08197221798198748,0.7186799392256592,0.10892064517464925,0.08044573347580522,0.9173098652262911,6,9,False,0.0268664811857644,0.22447663070396695,0.23313678378976377,False,0.4557605576055761,0.23714637146371464,0.2611726117261173,1.4968062344211597,2.1432243642366884,2.3978246851856135,2.448375965427523,67.6923076923077,0.4886298014948582,1.2206708132583712,260.0,gm_derived,945.5700073242188,226644518.0,214308258545.25403,216502258545.25403,4361000000.0,2194000000.0,3674000000.0,569000000.0,213000000.0,276000000.0,2194000000.0,12195000000.0,4094000000.0,3105000000.0,2892000000.0,3185000000.0,4370000000.0,3184000000.0,3532600542.0054197,0.13712737127371274,0.8100436922736574,52.88281840382365,74.86246837664386,0.013357828317506926,67.97559137998556,0.01471116292920455,67.3078701461225,0.9751884422110553,0.5020594965675057,1221000000.0,0.0,0.27998165558358173,9.0,0.3308493890284582,0.36995539367065217,86.53846153846155,1.227811280556354,1.6034701013279904,260.0,[],True,1.0,ig,Technology Hardware and Equipment,85.71428571428571,47.368421052631575,30.0,61.904761904761905,64.28571428571429,38.095238095238095,60.0,14.285714285714292,96.61016949152543,1.0,23.29849754036816,"{'profitability': 66.4, 'growth': 61.2, 'balance': 83.3, 'stability': 33.3}",13.059020227774877,False,0.716813533461885,36.55577373000762,,18.17875888407152,,False,"{""floor"": false, ""depressed_arms"": {""self_pct"": false, ""self_z"": false, ""median_ratio"": false}, ""yield_arm"": false, ""residual_arm"": false, ""brakes"": {""gm"": true, ""fcf_margin"": true, ""roic"": true}, ""self_pct"": 86.53846153846155, ""self_z"": 1.227811280556354, ""median_ratio"": 1.6034701013279904, ""fcf_yield"": 0.013357828317506926, ""yield_threshold"": 0.0495, ""gs10"": 0.0495, ""residual_pct"": null, ""brake_values"": {""gm"": 1.4968062344211597, ""fcf_margin"": 2.1432243642366884, ""roic"": 2.448375965427523}}",False,"{""floor"": false, ""mom_sector_pct"": 96.61016949152543, ""eps_rev_proxy"": null}"
AMAT,6951,Applied Materials,Information Technology,Semiconductor Materials & Equipment,Semiconductors and Semiconductor Equipment,31.548254620123203,5.9986310746064335,3594674455.68962,1.1018940473050889,-0.1547030526912636,1.4466858316013207,10.0,0.47333616555642843,0.01605670875141984,0.21086539993485376,0.19199583748861812,0.21314037597492405,0.23976176182245545,0.24326706147772137,0.22452264656185733,8,9,False,0.10522310397599743,0.10996623630665936,0.17198931365326797,False,0.49398449914064274,0.1596134513733502,,1.0436229789455054,0.7569447212423769,,0.7701852739955846,96.15384615384616,2.9389438823691356,2.665658980091145,260.0,,529.2999877929688,793597443.0,420051116892.4312,419449116892.4312,25024000000.0,-602000000.0,8396000000.0,2773000000.0,701000000.0,,-602000000.0,30837000000.0,9141000000.0,5623000000.0,4922000000.0,,,9267000000.0,7896862776.172276,0.13610515521581057,0.31557156234703787,45.88656786920809,85.21924357830784,0.011734438819338984,,,45.3276267284376,0.6067767346498327,,3873000000.0,262000000.0,0.165241368286445,7.0,0.4097346093231679,0.41686122684368854,96.15384615384616,3.2636532843055983,3.566577757848809,260.0,[],True,0.9,ig,Semiconductors and Semiconductor Equipment,78.57142857142857,62.5,31.25,66.66666666666666,65.625,6.666666666666667,,43.75,84.7457627118644,0.7,70.05142679946076,"{'profitability': 81.9, 'growth': 89.7, 'balance': None, 'stability': 82.2}",18.517672071333607,True,0.4099704703153204,56.55744241595388,68.91891891891892,44.28454943539718,6.0,False,"{""floor"": true, ""depressed_arms"": {""self_pct"": false, ""self_z"": false, ""median_ratio"": false}, ""yield_arm"": false, ""residual_arm"": false, ""brakes"": {""gm"": true, ""fcf_margin"": false, ""roic"": false}, ""self_pct"": 96.15384615384616, ""self_z"": 3.2636532843055983, ""median_ratio"": 3.566577757848809, ""fcf_yield"": 0.011734438819338984, ""yield_threshold"": 0.0495, ""gs10"": 0.0495, ""residual_pct"": 68.91891891891892, ""brake_values"": {""gm"": 1.0436229789455054, ""fcf_margin"": 0.7569447212423769, ""roic"": 0.7701852739955846}}",False,"{""floor"": true, ""mom_sector_pct"": 84.7457627118644, ""eps_rev_proxy"": 6.0}"
WDC,106040,Western Digital,Information Technology,"Technology Hardware, Storage & Peripherals",Technology Hardware and Equipment,17.253935660506503,5.9986310746064335,3368526729.768891,2.5654695898146422,-0.37993846988637503,2.5292283945981997,8.0,0.3383873831499854,0.2722429349151652,-0.006435341815301354,0.022987282498802747,2.3777900600368187,0.0024608161619531,0.03325706380035119,3.306722947212123,7,9,False,-0.05255187314310028,0.36095134072981216,,False,0.4885053022679774,0.25597956498180974,,1.4436274122296526,-39.777151288710954,,3.293748804392054,,,,,,462.55999755859375,360540944.0,166771818176.4131,166360818176.4131,8453000000.0,-411000000.0,3929000000.0,418000000.0,204000000.0,,-411000000.0,12919000000.0,4453000000.0,3511000000.0,3307000000.0,,,9424000000.0,4236756385.663806,0.04856133266027259,0.5012133426787893,37.359267499755916,50.30566016825313,0.019878478816407214,,,17.696500230943663,0.3725594227504245,,4321000000.0,72000000.0,0.5196971489412043,2.0,0.15217108906740112,0.09893463865635733,,,,,['rev_cagr5 gate'],False,0.8,ig,Technology Hardware and Equipment,33.33333333333333,5.263157894736842,45.0,16.666666666666664,16.666666666666664,4.761904761904762,,28.57142857142857,98.30508474576271,0.7,14.851359147522201,"{'profitability': 29.3, 'growth': 50.0, 'balance': None, 'stability': 38.9}",,False,0.3379337055137128,35.880138363107015,,,,False,"{""floor"": false, ""depressed_arms"": {""self_pct"": false, ""self_z"": false, ""median_ratio"": false}, ""yield_arm"": false, ""residual_arm"": false, ""brakes"": {""gm"": true, ""fcf_margin"": false, ""roic"": true}, ""self_pct"": null, ""self_z"": null, ""median_ratio"": null, ""fcf_yield"": 0.019878478816407214, ""yield_threshold"": 0.0495, ""gs10"": 0.0495, ""residual_pct"": null, ""brake_values"": {""gm"": 1.4436274122296526, ""fcf_margin"": -39.777151288710954, ""roic"": 3.293748804392054}}",False,"{""floor"": false, ""mom_sector_pct"": 98.30508474576271, ""eps_rev_proxy"": null}"
LRCX,707549,Lam Research,Information Technology,Semiconductor Materials & Equipment,Semiconductors and Semiconductor Equipment,14.258726899383984,5.9986310746064335,2918948948.89223,1.1174336907464042,-0.12486816361963748,1.3432609991515863,10.0,0.47361484816849553,0.04403542890938855,0.22398496048547453,0.2519302274502316,0.22405296020770388,0.23868774637910128,0.2615276022353251,0.23980833792677111,7,9,False,0.09696783854733271,0.08592547483092305,0.10646848811249732,False,0.5046900724797688,0.19390225583003948,,1.0656128591226468,0.8656931939080529,,1.0181825683867596,100.0,3.7336812933596657,40.780868349588495,260.0,,340.1000061035156,1251321000.0,425574279737.4573,421545197737.4573,8441839000.0,-4029082000.0,5857657000.0,966405000.0,386381000.0,,-4029082000.0,23232690000.0,8199795000.0,4891252000.0,4504871000.0,,,7265396000.0,7210281690.944104,0.12067537164720538,0.8541126750870401,51.40923617449671,93.57542041435977,0.010686567002017373,,,58.575510507267225,0.6732257952629148,,1630000000.0,147645000.0,0.21057556297863533,7.0,0.8388600449527663,0.8541126750870401,100.0,3.827383039805849,45.48669904142111,260.0,[],True,0.9,ig,Semiconductors and Semiconductor Equipment,92.85714285714286,68.75,37.5,66.66666666666666,65.625,26.666666666666668,,25.0,86.4406779661017,0.7,61.11132610042564,"{'profitability': 88.8, 'growth': 76.2, 'balance': None, 'stability': 73.3}",10.961289249541379,True,0.48629985896752537,57.539282451667155,71.62162162162163,36.03630767498351,3.0,False,"{""floor"": true, ""depressed_arms"": {""self_pct"": false, ""self_z"": false, ""median_ratio"": false}, ""yield_arm"": false, ""residual_arm"": false, ""brakes"": {""gm"": true, ""fcf_margin"": false, ""roic"": true}, ""self_pct"": 100.0, ""self_z"": 3.827383039805849, ""median_ratio"": 45.48669904142111, ""fcf_yield"": 0.010686567002017373, ""yield_threshold"": 0.0495, ""gs10"": 0.0495, ""residual_pct"": 71.62162162162163, ""brake_values"": {""gm"": 1.0656128591226468, ""fcf_margin"": 0.8656931939080529, ""roic"": 1.0181825683867596}}",False,"{""floor"": true, ""mom_sector_pct"": 86.4406779661017, ""eps_rev_proxy"": 3.0}"
CRM,1108524,Salesforce,Information Technology,Application Software,Software and Services,18.04517453798768,5.9986310746064335,2854092654.617359,0.08574484775651636,-0.1043561928390142,-0.006916436365270617,10.0,0.7543583833559248,0.02397220797771279,0.1780533061037523,0.19252947757982614,0.36299656798405766,0.17086567660694313,0.18208681183119602,0.5002099126931402,9,9,False,0.14335729427517552,0.2862300905601418,0.417854733938382,True,0.772816241066958,0.2614820883972871,,1.0244682873794277,1.4685607030791135,,1.714042535507176,11.923076923076923,-1.0635865095326766,0.49794307472313765,260.0,,236.69000244140625,823000000.0,194795872009.27734,228684093009.27734,72266221000.0,33888221000.0,15750000000.0,596000000.0,3665000000.0,,33888221000.0,43938000000.0,8735000000.0,15154000000.0,11489000000.0,,,9662000000.0,6799127527.59204,0.221622492548135,0.0940844482180968,26.180205267232665,19.9046124997195,0.0502396115480315,,,20.161030015449942,1.5684123369902712,,59250000000.0,6142000000.0,0.9048764290580519,0.0,0.0548903812298087,0.06475740190396975,11.923076923076923,-1.0010113602508945,0.4778335729539599,260.0,[],True,0.9,ig,Software and Services,15.789473684210526,45.45454545454545,38.88888888888889,15.0,63.63636363636363,47.61904761904761,,45.45454545454546,44.06779661016949,0.7,58.8838285667734,"{'profitability': 54.7, 'growth': 100.0, 'balance': None, 'stability': 79.5}",57.72952369651777,False,-0.5094041892032202,33.127232490712856,,58.30667613164559,,False,"{""floor"": false, ""depressed_arms"": {""self_pct"": true, ""self_z"": true, ""median_ratio"": true}, ""yield_arm"": true, ""residual_arm"": false, ""brakes"": {""gm"": true, ""fcf_margin"": true, ""roic"": true}, ""self_pct"": 11.923076923076923, ""self_z"": -1.0010113602508945, ""median_ratio"": 0.4778335729539599, ""fcf_yield"": 0.0502396115480315, ""yield_threshold"": 0.0495, ""gs10"": 0.0495, ""residual_pct"": null, ""brake_values"": {""gm"": 1.0244682873794277, ""fcf_margin"": 1.4685607030791135, ""roic"": 1.714042535507176}}",False,"{""floor"": false, ""mom_sector_pct"": 44.06779661016949, ""eps_rev_proxy"": null}"
NFLX,1065280,Netflix,Communication Services,Movies & Entertainment,Media and Entertainment,15.783709787816564,5.9986310746064335,2635252027.9950113,-0.3215239525624345,-0.44388895256722605,-0.41169841810394214,5.0,,,0.1164012209587683,0.17048905916843188,0.7274362431016872,0.1210680691508905,0.17332550173244426,0.7749736536114266,9,9,False,0.12569512175392594,,,False,0.49117872109690064,0.22047776628047472,0.22970677080891258,,1.8941190175193476,1.89733570891118,1.367695307751628,71.17117117117117,0.1505629255944653,3.5221002542420172,222.0,,67.8499984741211,4163939676.0,282523300662.93225,290035117662.93225,37663869000.0,7511817000.0,11970833000.0,818828000.0,487327000.0,372414000.0,7511817000.0,48370764000.0,14354517000.0,11152005000.0,10664678000.0,11111092000.0,14726931000.0,13649441000.0,11879956398.787157,0.1723889839841245,0.3154205001824735,20.205146412305776,27.195862609535165,0.03677029901046011,26.10320548717734,0.0383094712444887,20.69852535813974,0.8170301626271728,0.510073483742132,,33837573000.0,0.8984093747777213,7.0,0.23062190708323574,0.1991989984775381,75.96153846153845,0.6717261101548111,3.7131236934380176,208.0,['fcf_cagr5 gate'],False,0.9,ig,Media and Entertainment,62.5,44.44444444444444,,62.5,11.11111111111111,37.5,44.44444444444444,44.44444444444444,27.27272727272727,1.0,58.972193162538034,"{'profitability': 83.9, 'growth': 100.0, 'balance': 83.0, 'stability': 66.7}",33.89633793008839,False,-0.16580461110444977,32.10043119439512,,46.43426554631321,,False,"{""floor"": false, ""depressed_arms"": {""self_pct"": false, ""self_z"": false, ""median_ratio"": false}, ""yield_arm"": false, ""residual_arm"": false, ""brakes"": {""gm"": false, ""fcf_margin"": true, ""roic"": true}, ""self_pct"": 75.96153846153845, ""self_z"": 0.6717261101548111, ""median_ratio"": 3.7131236934380176, ""fcf_yield"": 0.03677029901046011, ""yield_threshold"": 0.0495, ""gs10"": 0.0495, ""residual_pct"": null, ""brake_values"": {""gm"": null, ""fcf_margin"": 1.8941190175193476, ""roic"": 1.367695307751628}}",False,"{""floor"": false, ""mom_sector_pct"": 27.27272727272727, ""eps_rev_proxy"": null}"
WMT,104169,Walmart,Consumer Staples,Consumer Staples Merchandise Retail,Consumer Staples Distribution and Retail,44.087611225188226,5.9986310746064335,2494851403.234495,0.05850958383540039,-0.2163422196189947,0.03005611443527756,10.0,0.2399505174184396,0.014630526268597002,0.02054147379976837,0.01977946164345804,0.1222654914322255,0.03280632628644076,0.03479418505703163,0.23092713764768005,9,9,False,0.049341097880894136,,,False,0.24473757182902156,0.018544448196621394,0.038203567496629905,1.0199501733194183,0.9027808022631028,1.1645183054958486,1.0970919331898368,65.76923076923077,0.6317190974231415,1.2899327226692594,260.0,sbc_unreported;gm_derived,104.26000213623047,7933746241.0,827172400034.9705,895666400034.9705,166732000000.0,68494000000.0,42923000000.0,29414000000.0,,15093000000.0,62226000000.0,728466000000.0,32280000000.0,13509000000.0,13509000000.0,27830000000.0,47373000000.0,22076000000.0,24773765861.64552,0.23253513439759857,0.1485843501046321,27.746790583487314,66.30145828965657,0.015082624512287783,32.18348544861554,0.031071836566508918,37.469306035285854,0.6119315093314006,1.313533025140903,28260000000.0,4300000000.0,0.1952834488880359,7.0,0.13543473031710063,0.14185582959684043,85.38461538461539,1.0665683184828958,1.6035215261523368,260.0,['fcf_cagr5 gate'],False,1.0,sector,Consumer Staples,45.83333333333333,7.4074074074074066,16.666666666666664,52.083333333333336,55.55555555555556,4.166666666666666,68.0,11.111111111111114,51.85185185185185,1.0,41.46965449260149,"{'profitability': 39.2, 'growth': 41.1, 'balance': 56.2, 'stability': 92.4}",12.96450366574307,False,0.9193182377216735,26.44041351330224,,27.21707907917228,,False,"{""floor"": false, ""depressed_arms"": {""self_pct"": false, ""self_z"": false, ""median_ratio"": false}, ""yield_arm"": false, ""residual_arm"": false, ""brakes"": {""gm"": true, ""fcf_margin"": false, ""roic"": true}, ""self_pct"": 85.38461538461539, ""self_z"": 1.0665683184828958, ""median_ratio"": 1.6035215261523368, ""fcf_yield"": 0.015082624512287783, ""yield_threshold"": 0.0495, ""gs10"": 0.0495, ""residual_pct"": null, ""brake_values"": {""gm"": 1.0199501733194183, ""fcf_margin"": 0.9027808022631028, ""roic"": 1.0970919331898368}}",False,"{""floor"": false, ""mom_sector_pct"": 51.85185185185185, ""eps_rev_proxy"": null}"
GEV,1996810,GE Vernova,Industrials,Heavy Electrical Equipment,Capital Goods,2.4996577686516086,2.510609171800137,2296833445.1712775,0.5867308299310217,-0.1403034915460739,0.6633763544559403,3.0,0.15841942273393206,0.1929980071217351,0.034568188873811315,0.030979716393012665,1.235447050882942,0.022805023948241368,0.023534097847272745,2.264697566736727,3,3,False,,,,False,0.2020692822781444,0.3006744506490681,0.31273720598544735,1.2755335096601317,8.698009946273395,13.713522366617132,,,,,,sbc_unreported,987.4500122070312,266333581.0,262991097809.59235,252214097809.59235,1180000000.0,-10777000000.0,14139000000.0,1701000000.0,,1202000000.0,-11935000000.0,41367000000.0,1800000000.0,12438000000.0,12438000000.0,12937000000.0,3002000000.0,9529000000.0,1123378702.96237,0.3759007205764612,0.9520158499681101,140.1189432275513,20.277705242771535,0.04931524489717462,19.495562944236866,0.05129372272348835,27.599023802035088,1.305278623150383,-3.975682878081279,9689000000.0,727000000.0,8.827118644067797,1.0,,,,,,,"['rev_cagr5 gate', 'fcf_cagr5 gate']",False,0.8,ig,Capital Goods,,7.317073170731707,12.5,6.097560975609756,2.380952380952381,69.23076923076923,97.29729729729729,2.439024390243901,93.75,0.7,41.75794392212882,"{'profitability': 56.2, 'growth': None, 'balance': 100.0, 'stability': 55.7}",,False,,,,,,False,"{""floor"": false, ""depressed_arms"": {""self_pct"": false, ""self_z"": false, ""median_ratio"": false}, ""yield_arm"": false, ""residual_arm"": false, ""brakes"": {""gm"": true, ""fcf_margin"": true, ""roic"": false}, ""self_pct"": null, ""self_z"": null, ""median_ratio"": null, ""fcf_yield"": 0.04931524489717462, ""yield_threshold"": 0.0495, ""gs10"": 0.0495, ""residual_pct"": null, ""brake_values"": {""gm"": 1.2755335096601317, ""fcf_margin"": 8.698009946273395, ""roic"": null}}",False,"{""floor"": false, ""mom_sector_pct"": 93.75, ""eps_rev_proxy"": null}"
PANW,1327567,Palo Alto Networks,Information Technology,Systems Software,Software and Services,3.2854209445585214,5.9986310746064335,2181589491.5027704,0.608475340695416,0.0,0.9124957542874701,10.0,0.7183577778958825,0.028313735439498337,0.21191159452547717,0.22584763590465276,0.25902955783433673,0.19222723874043474,0.20613112423288407,0.3158396888919708,9,9,False,0.21951181689477006,0.2428435124901247,0.2915334401172134,True,0.7035714285714286,0.20374564459930314,0.167595818815331,0.9794164554495893,0.9614652990344411,0.8718630091838148,0.17956216266539698,100.0,4.179569391037192,5.975257089326176,260.0,,396.25,818000000.0,324132500000.0,323846000000.0,27205500000.0,-286500000.0,4553000000.0,440000000.0,1774000000.0,855000000.0,-286500000.0,11480000000.0,695000000.0,4113000000.0,2339000000.0,1924000000.0,1550000000.0,307000000.0,516722039.18324864,0.25651505153489407,0.018993293237883832,465.9654676258993,138.45489525438222,0.007222568751814134,168.3191268191268,0.005941095458952712,1055.8061889250814,13.397394136807817,-0.18483870967741936,22010000000.0,7017000000.0,1.0669533733987613,3.0,0.10577558743974733,0.11304825377531981,98.84615384615385,3.605402663188809,5.419105662427085,260.0,[],True,1.0,ig,Software and Services,36.84210526315789,63.63636363636363,33.33333333333333,40.0,63.63636363636363,100.0,55.0,4.545454545454547,76.27118644067797,1.0,65.8569519133851,"{'profitability': 45.5, 'growth': 100.0, 'balance': 100.0, 'stability': 84.2}",4.381470818967838,False,1.414432310496037,33.653339590583094,,35.11921136617647,,False,"{""floor"": false, ""depressed_arms"": {""self_pct"": false, ""self_z"": false, ""median_ratio"": false}, ""yield_arm"": false, ""residual_arm"": false, ""brakes"": {""gm"": true, ""fcf_margin"": true, ""roic"": false}, ""self_pct"": 98.84615384615385, ""self_z"": 3.605402663188809, ""median_ratio"": 5.419105662427085, ""fcf_yield"": 0.007222568751814134, ""yield_threshold"": 0.0495, ""gs10"": 0.0495, ""residual_pct"": null, ""brake_values"": {""gm"": 0.9794164554495893, ""fcf_margin"": 0.9614652990344411, ""roic"": 0.17956216266539698}}",False,"{""floor"": false, ""mom_sector_pct"": 76.27118644067797, ""eps_rev_proxy"": null}"
XOM,2115436,ExxonMobil,Energy,Integrated Oil & Gas,Energy,69.57973990417523,5.9986310746064335,2166329810.4191875,0.4488068271611443,-0.029183696020362304,0.4883272290719951,4.0,0.2390187961271401,0.06815941121822523,0.10246022683555203,0.09524142024927004,0.35890465282497397,0.10234458088807989,0.09842401821550431,0.2765190996376004,1,3,False,,,,False,0.20630920068686645,0.08462028471722151,0.08330194427518972,0.8631505305429009,0.8258842219140944,0.8139360535980458,0.700491076313704,,,,,sbc_unreported;facts_yf,163.82000732421875,4111911960.0,673613447403.7427,712124447403.7427,297891000000.0,38511000000.0,59727000000.0,29174000000.0,,29650000000.0,31780000000.0,361060000000.0,38723000000.0,30553000000.0,30553000000.0,30077000000.0,68373000000.0,32757000000.0,28798491643.515457,0.25629492437271245,0.09667459454470077,18.390218924250256,23.307840388955018,0.04290401784602378,23.676711354315348,0.042235595350861035,20.56395419005839,0.9327166712458406,0.4648033580506925,,,0.0,2.0,0.13800974461151674,0.12177360310836151,,,,,"['rev_cagr5 gate', 'fcf_cagr5 gate']",False,0.9,ig,Energy,45.45454545454545,50.0,60.0,45.45454545454545,13.636363636363635,50.0,72.72727272727273,18.181818181818173,54.54545454545454,0.7,25.01700973866813,"{'profitability': 41.1, 'growth': None, 'balance': 84.5, 'stability': 41.9}",,False,0.17814024869640388,19.50458473700454,,,,False,"{""floor"": false, ""depressed_arms"": {""self_pct"": false, ""self_z"": false, ""median_ratio"": false}, ""yield_arm"": false, ""residual_arm"": false, ""brakes"": {""gm"": false, ""fcf_margin"": false, ""roic"": false}, ""self_pct"": null, ""self_z"": null, ""median_ratio"": null, ""fcf_yield"": 0.04290401784602378, ""yield_threshold"": 0.0495, ""gs10"": 0.0495, ""residual_pct"": null, ""brake_values"": {""gm"": 0.8631505305429009, ""fcf_margin"": 0.8258842219140944, ""roic"": 0.700491076313704}}",False,"{""floor"": false, ""mom_sector_pct"": 54.54545454545454, ""eps_rev_proxy"": null}"
NOW,1373715,ServiceNow,Information Technology,Systems Software,Software and Services,6.863791923340178,5.9986310746064335,2161120533.537453,-0.22585386025069232,-0.2594902166384896,-0.24503488527183837,10.0,0.7812806860861385,0.009663407531349569,0.1383626386143415,0.12261732248355812,0.33567166111186414,0.1490236812961451,0.1373314011815851,0.526454882936996,9,9,False,0.24056083043090437,0.2733374147765524,,False,0.7476920988324736,0.1625712734184089,0.13928862340483303,0.9570082969516006,1.1749651137511492,0.9346744235101385,0.9694415986861162,99.23076923076923,3.6764040609667523,2.7562156535761284,260.0,,137.75999450683594,1034000000.0,142443834320.06836,144442834320.06836,14515000000.0,1999000000.0,5308000000.0,728000000.0,2185000000.0,1071000000.0,1999000000.0,14732000000.0,1680000000.0,4580000000.0,2395000000.0,2052000000.0,2751000000.0,1670000000.0,1195907928.3887467,0.28815004262574595,0.08239117660273833,85.97787757146926,60.31016046766946,0.01658095405891137,70.39124479535495,0.014206312204127821,85.29570917369362,2.7425149700598803,0.7266448564158487,9837000000.0,3781000000.0,0.9382018601446779,2.0,0.08498828265096428,0.08026680453609913,99.23076923076923,3.152685864042056,2.1667394155148307,260.0,[],True,1.0,ig,Software and Services,31.57894736842105,27.27272727272727,50.0,30.0,63.63636363636363,90.47619047619048,30.0,18.181818181818173,15.254237288135593,1.0,58.043564316381165,"{'profitability': 44.6, 'growth': 100.0, 'balance': 75.8, 'stability': 82.3}",10.68415082115503,False,0.5886440005717999,33.47693143013599,,34.3638575687681,,False,"{""floor"": false, ""depressed_arms"": {""self_pct"": false, ""self_z"": false, ""median_ratio"": false}, ""yield_arm"": false, ""residual_arm"": false, ""brakes"": {""gm"": false, ""fcf_margin"": true, ""roic"": true}, ""self_pct"": 99.23076923076923, ""self_z"": 3.152685864042056, ""median_ratio"": 2.1667394155148307, ""fcf_yield"": 0.01658095405891137, ""yield_threshold"": 0.0495, ""gs10"": 0.0495, ""residual_pct"": null, ""brake_values"": {""gm"": 0.9570082969516006, ""fcf_margin"": 1.1749651137511492, ""roic"": 0.9694415986861162}}",False,"{""floor"": false, ""mom_sector_pct"": 15.254237288135593, ""eps_rev_proxy"": null}"
CSCO,858877,Cisco,Information Technology,Communications Equipment,Technology Hardware and Equipment,32.83504449007529,5.9986310746064335,2142812563.750354,0.6312153989348881,-0.10433993360045535,0.6246428134691104,10.0,0.6389395685235996,0.016210277008174703,0.18949024147046223,0.17027923888869276,0.2143838302515839,0.19161465824524232,0.1738976947788329,0.29969409795918445,7,9,False,0.04915047605967504,-0.028620952708283687,-0.056357137883215724,False,0.645242795104619,0.14112909593367548,0.15234109751283065,1.0098651373174217,0.7447829230597857,0.7950388498872225,0.7144654137237557,92.6923076923077,2.3733507148553765,2.7145848643873887,260.0,,108.76000213623047,3942586873.0,428795756729.7542,444062756729.7542,65552000000.0,15267000000.0,14177000000.0,1410000000.0,3830000000.0,700000000.0,15267000000.0,63325000000.0,15368000000.0,12767000000.0,8937000000.0,9647000000.0,16068000000.0,13267000000.0,12735789618.339684,0.17127865575613718,0.19428529439742012,28.895286096418154,49.688123165464276,0.02012553375521839,46.031176192573255,0.0217244068632194,32.32047612344571,0.9623125047109369,0.9501493651979089,59477000000.0,7557000000.0,1.0226080058579448,10.0,0.27193099996935544,0.19428529439742012,92.6923076923077,2.490518272933944,2.99565006948174,260.0,[],True,1.0,ig,Technology Hardware and Equipment,61.904761904761905,89.47368421052632,85.0,85.71428571428571,64.28571428571429,33.33333333333333,50.0,47.61904761904761,77.96610169491525,1.0,43.90921481872899,"{'profitability': 76.8, 'growth': 20.5, 'balance': 68.3, 'stability': 76.5}",23.216991433556394,False,0.31163745404388443,36.38397680225202,,33.56310312614269,,False,"{""floor"": false, ""depressed_arms"": {""self_pct"": false, ""self_z"": false, ""median_ratio"": false}, ""yield_arm"": false, ""residual_arm"": false, ""brakes"": {""gm"": true, ""fcf_margin"": false, ""roic"": false}, ""self_pct"": 92.6923076923077, ""self_z"": 2.490518272933944, ""median_ratio"": 2.99565006948174, ""fcf_yield"": 0.02012553375521839, ""yield_threshold"": 0.0495, ""gs10"": 0.0495, ""residual_pct"": null, ""brake_values"": {""gm"": 1.0098651373174217, ""fcf_margin"": 0.7447829230597857, ""roic"": 0.7144654137237557}}",False,"{""floor"": false, ""mom_sector_pct"": 77.96610169491525, ""eps_rev_proxy"": null}"
QCOM,804328,Qualcomm,Information Technology,Semiconductors,Semiconductors and Semiconductor Equipment,27.197809719370294,5.9986310746064335,2092575600.6880658,0.018169910906697506,-0.2679578659479146,0.09872317952402665,10.0,0.5653804415454701,0.017113839777244726,0.1935039362198669,0.20809747959244473,0.20819332165269014,0.19031991938475704,0.20142703146655716,0.18806940225394744,6,9,False,0.13480513327048627,0.23808081787161428,0.2457309396155174,False,0.5422632689645783,0.16279016996074339,0.17213914543102862,0.9591121820243713,0.8412757545964062,0.904472563815175,0.513630288850838,80.38461538461539,0.8460606526523321,1.1407280365797001,260.0,gm_derived,182.08999633789062,1050000000.0,191194496154.78516,201022496154.78516,37486000000.0,9828000000.0,12401000000.0,1985000000.0,3242000000.0,1573000000.0,9828000000.0,44069000000.0,10220000000.0,10416000000.0,7174000000.0,7586000000.0,11793000000.0,9260000000.0,8440706386.014984,0.17409917945058864,0.2251695669320542,19.66952017170109,28.020977997600383,0.03568754809648815,26.49914265156672,0.03773706995538878,20.647353796413086,1.1248380129589632,0.8333757313660646,14274000000.0,74000000.0,0.38275622899215705,10.0,0.4383884124821251,0.43661223362610413,84.23076923076923,1.1353961080082584,1.235111956369426,260.0,[],True,1.0,ig,Semiconductors and Semiconductor Equipment,85.71428571428571,56.25,62.5,93.33333333333333,65.625,66.66666666666666,14.285714285714292,81.25,35.59322033898305,1.0,60.309295510733314,"{'profitability': 82.6, 'growth': 100.0, 'balance': 72.2, 'stability': 71.2}",41.20892400341453,True,-0.7039269989917445,56.64934600060416,14.864864864864865,50.75910975707392,-9.0,False,"{""floor"": true, ""depressed_arms"": {""self_pct"": false, ""self_z"": false, ""median_ratio"": false}, ""yield_arm"": false, ""residual_arm"": true, ""brakes"": {""gm"": false, ""fcf_margin"": false, ""roic"": false}, ""self_pct"": 84.23076923076923, ""self_z"": 1.1353961080082584, ""median_ratio"": 1.235111956369426, ""fcf_yield"": 0.03568754809648815, ""yield_threshold"": 0.0495, ""gs10"": 0.0495, ""residual_pct"": 14.864864864864865, ""brake_values"": {""gm"": 0.9591121820243713, ""fcf_margin"": 0.8412757545964062, ""roic"": 0.513630288850838}}",False,"{""floor"": true, ""mom_sector_pct"": 35.59322033898305, ""eps_rev_proxy"": -9.0}"
APP,1751008,AppLovin,Communication Services,Advertising,Media and Entertainment,1.0266940451745379,5.462012320328542,1996878515.711779,-0.5304938880813563,-0.6100336866480085,-0.5879811448606067,6.0,0.7447791581884224,0.166146677211224,0.26788585997665004,0.22913579295030198,0.712417358367512,0.1946952220104903,0.11369275726179603,1.5961773375733628,5,6,False,0.304454229088547,,,False,0.8846386447222221,,0.6020021015872606,1.1877865203344162,,3.0920229853140637,3.3624458943326534,0.6097560975609756,-1.2183471331024565,0.26034980250952716,164.0,gm_derived,281.30999755859375,335291000.0,94320710391.41846,95136883391.41846,3979189000.0,816173000.0,4527589000.0,,282376000.0,134066000.0,816173000.0,6829124000.0,5288460000.0,,,4111147000.0,5422526000.0,4410201000.0,4475303690.81872,0.15376051046642694,1.124677337723521,17.989525001875492,,,23.141202051743335,0.043212966973972096,21.386941409568056,,0.15051527645971638,1518587000.0,355661000.0,0.4710125605996599,3.0,0.33448191378161535,0.16355620741106636,2.100840336134454,-0.792980573883126,0.49017697370423524,238.0,['fcf_cagr5 gate'],False,0.8,ig,Media and Entertainment,87.5,88.88888888888889,75.0,37.5,22.22222222222222,,66.66666666666667,55.55555555555556,9.090909090909092,1.0,46.63911901604545,"{'profitability': 86.7, 'growth': 100.0, 'balance': 95.0, 'stability': 50.1}",,False,,,,,,False,"{""floor"": false, ""depressed_arms"": {""self_pct"": true, ""self_z"": false, ""median_ratio"": true}, ""yield_arm"": false, ""residual_arm"": false, ""brakes"": {""gm"": true, ""fcf_margin"": false, ""roic"": true}, ""self_pct"": 2.100840336134454, ""self_z"": -0.792980573883126, ""median_ratio"": 0.49017697370423524, ""fcf_yield"": null, ""yield_threshold"": 0.0495, ""gs10"": 0.0495, ""residual_pct"": null, ""brake_values"": {""gm"": 1.1877865203344162, ""fcf_margin"": null, ""roic"": 3.3624458943326534}}",False,"{""floor"": false, ""mom_sector_pct"": 9.090909090909092, ""eps_rev_proxy"": null}"
COST,909832,Costco,Consumer Staples,Consumer Staples Merchandise Retail,Consumer Staples Distribution and Retail,33.002053388090346,5.9986310746064335,1907785035.662466,0.0062300686961414,-0.12636953720779576,0.005351029033727084,10.0,,,0.021816050527772142,0.024013800917679365,0.24614911652656876,0.03144516513801062,0.033236529559177046,0.23676064149093223,9,9,False,0.10540604135545939,,,False,0.12875910718117622,0.026891517676191384,0.039252419214747244,,1.2326483036862286,1.2482815416128723,1.155863064441664,34.23076923076923,-0.48327359143503906,0.894064599560851,260.0,,914.9400024414062,443478804.0,405756498014.4719,395619498014.4719,23372000000.0,-10137000000.0,15000000000.0,6194000000.0,911000000.0,2565000000.0,-10137000000.0,293587000000.0,11225000000.0,8806000000.0,7895000000.0,11524000000.0,13790000000.0,8838000000.0,8405258662.1750765,0.251201900919815,0.3596294139215761,35.24449870952979,50.110132744074974,0.019956043722878385,34.33005015745157,0.029128999095940532,45.9104433146042,0.9963792713283548,-0.735097897026831,994000000.0,,0.04252952250556221,10.0,0.31113496484576564,0.30592835813443564,36.15384615384615,-0.28855072493873435,0.9129139444950123,260.0,['fcf_cagr5 gate'],False,0.9,sector,Consumer Staples,87.5,18.51851851851852,,87.5,55.55555555555556,33.33333333333333,92.0,3.7037037037037095,44.44444444444444,1.0,65.42812448840766,"{'profitability': 54.8, 'growth': 87.8, 'balance': 100.0, 'stability': 83.6}",30.246860398187398,True,0.619351338410898,26.973958473994387,77.02702702702703,47.83749244329753,-9.0,False,"{""floor"": true, ""depressed_arms"": {""self_pct"": false, ""self_z"": false, ""median_ratio"": false}, ""yield_arm"": false, ""residual_arm"": false, ""brakes"": {""gm"": false, ""fcf_margin"": true, ""roic"": true}, ""self_pct"": 36.15384615384615, ""self_z"": -0.28855072493873435, ""median_ratio"": 0.9129139444950123, ""fcf_yield"": 0.019956043722878385, ""yield_threshold"": 0.0495, ""gs10"": 0.0495, ""residual_pct"": 77.02702702702703, ""brake_values"": {""gm"": null, ""fcf_margin"": 1.2326483036862286, ""roic"": 1.155863064441664}}",False,"{""floor"": true, ""mom_sector_pct"": 44.44444444444444, ""eps_rev_proxy"": -9.0}"
UNH,731766,UnitedHealth Group,Health Care,Managed Health Care,Health Care Equipment and Services,32.25462012320329,5.9986310746064335,1900720979.0561967,0.1249851590441633,-0.14125416245314415,0.04087823318649075,10.0,0.8907926977881928,0.00559426179482579,0.056981498442376356,0.06625818708257315,0.15416652476341944,0.0585865788802515,0.06725730796913737,0.15147023396074094,9,9,False,0.11721651214881779,,,False,0.8857127623414621,0.050194499798946524,,0.994297286608496,0.8808911869825025,,0.720563516050539,,,,,gm_derived,365.20001220703125,897594847.0,327801649081.36835,376395649081.36835,153107000000.0,48594000000.0,27017000000.0,3400000000.0,1023000000.0,,42528000000.0,450129000000.0,21676000000.0,23617000000.0,22594000000.0,,,14122000000.0,18533974311.926605,0.14495412844036698,0.12105242942469388,17.364626733777836,16.659097507363388,0.06002726135422379,,,23.212126404288934,1.6723551904829344,,110645000000.0,2795000000.0,0.7409197489337522,7.0,0.16799688955692765,0.18845202378848547,26.153846153846157,-0.1792956954532187,0.8176523476391403,260.0,['fcf_cagr5 gate'],False,0.9,ig,Health Care Equipment and Services,59.25925925925925,27.586206896551722,95.45454545454545,76.78571428571429,58.333333333333336,79.3103448275862,,63.333333333333336,40.476190476190474,0.7,59.527585908042745,"{'profitability': 40.3, 'growth': 97.7, 'balance': None, 'stability': 91.7}",63.22094436371395,False,-0.4178747327289791,25.30067807540358,,61.374265135878346,,False,"{""floor"": false, ""depressed_arms"": {""self_pct"": false, ""self_z"": false, ""median_ratio"": false}, ""yield_arm"": true, ""residual_arm"": false, ""brakes"": {""gm"": true, ""fcf_margin"": false, ""roic"": false}, ""self_pct"": 26.153846153846157, ""self_z"": -0.1792956954532187, ""median_ratio"": 0.8176523476391403, ""fcf_yield"": 0.06002726135422379, ""yield_threshold"": 0.0495, ""gs10"": 0.0495, ""residual_pct"": null, ""brake_values"": {""gm"": 0.994297286608496, ""fcf_margin"": 0.8808911869825025, ""roic"": 0.720563516050539}}",False,"{""floor"": false, ""mom_sector_pct"": 40.476190476190474, ""eps_rev_proxy"": null}"
TXN,97476,Texas Instruments,Information Technology,Semiconductors,Semiconductors and Semiconductor Equipment,25.557837097878167,5.9986310746064335,1751141512.8727481,0.4703462237632323,-0.12423234663273786,0.6004607982887611,10.0,0.6285770394545432,0.07540584222462968,0.17255260217388493,0.12351543942992874,0.6084619884103073,0.3249072764760771,0.2827824307908702,0.24105572457726998,6,9,False,0.041038070937830184,-0.13864859842051325,-0.006834353545900451,False,0.5832519405747185,0.2542024366421632,0.31321647046728013,0.9278925318061948,1.4731880796906092,0.9640180234324246,0.6195148921453446,89.61538461538461,1.2008067412468348,1.4176738506154176,260.0,,281.30999755859375,913247686.0,256905704319.0514,264687704319.0514,25789000000.0,7782000000.0,8667000000.0,3312000000.0,410000000.0,2164000000.0,7782000000.0,19453000000.0,7254000000.0,5355000000.0,4945000000.0,6093000000.0,9418000000.0,6052000000.0,6355125651.418645,0.1239143022582513,0.24642776576907383,36.488517275854896,53.52633049930261,0.018682394079172472,43.44127758395723,0.023019580813831726,42.449719814780465,0.8848314606741573,0.8262900828201316,4330000000.0,314000000.0,0.18007677692039242,10.0,0.39777537052532924,0.3199069778528573,44.61538461538462,-0.4442633420232523,0.6257325507071945,260.0,['fcf_cagr5 gate'],False,1.0,ig,Semiconductors and Semiconductor Equipment,71.42857142857143,50.0,87.5,93.33333333333333,65.625,53.333333333333336,21.42857142857143,68.75,67.79661016949152,1.0,28.823916600937615,"{'profitability': 74.7, 'growth': 17.1, 'balance': 72.5, 'stability': 50.8}",45.88929269183685,False,-0.05437158727062075,56.5172148280955,,37.35660464638723,,False,"{""floor"": false, ""depressed_arms"": {""self_pct"": false, ""self_z"": false, ""median_ratio"": true}, ""yield_arm"": false, ""residual_arm"": false, ""brakes"": {""gm"": false, ""fcf_margin"": true, ""roic"": false}, ""self_pct"": 44.61538461538462, ""self_z"": -0.4442633420232523, ""median_ratio"": 0.6257325507071945, ""fcf_yield"": 0.018682394079172472, ""yield_threshold"": 0.0495, ""gs10"": 0.0495, ""residual_pct"": null, ""brake_values"": {""gm"": 0.9278925318061948, ""fcf_margin"": 1.4731880796906092, ""roic"": 0.6195148921453446}}",False,"{""floor"": false, ""mom_sector_pct"": 67.79661016949152, ""eps_rev_proxy"": null}"
VRT,1674101,Vertiv,Industrials,Electrical Components & Equipment,Capital Goods,0.5284052019164955,5.9986310746064335,1359571932.8771644,0.7525585209340466,-0.3361957934577482,0.5379654261658895,6.0,0.33355499729356763,0.09946548629009941,0.08063688618481042,0.1089287795780394,1.0194836544018606,0.058729996629034296,0.08807844737148852,1.375996812062986,7,8,False,0.18540311841994384,,,False,0.38038781839088465,0.25067075507857417,0.2539112861075299,1.1404050950437377,3.1086363442167864,4.323366263944309,2.3920058108698354,3.0303030303030303,-1.3153936054791149,0.6131942725198628,165.0,gm_derived,246.1199951171875,384988173.0,94753287258.93494,95226087258.93494,5230400000.0,472800000.0,3354200000.0,424400000.0,52200000.0,387200000.0,472800000.0,11479600000.0,2174600000.0,2929800000.0,2877600000.0,2914800000.0,2561800000.0,1732000000.0,1781902445.9478638,0.18058381037990254,0.3406818686807632,43.790162447776574,33.09219045695543,0.03021861007662056,32.66985290892512,0.03060925933115569,54.70744068067837,1.6915704387990762,0.184557732844094,2283300000.0,1894800000.0,0.7988107984092995,3.0,0.14242518439237267,0.17186136474685,11.560693641618498,-1.2501310913000991,0.7293427460513234,173.0,"['tenure<1y', 'fcf_cagr5 gate']",False,1.0,ig,Capital Goods,54.054054054054056,39.02439024390244,43.75,28.04878048780488,11.904761904761903,92.3076923076923,83.78378378378378,9.756097560975604,96.875,1.0,49.42715961444846,"{'profitability': 64.8, 'growth': 100.0, 'balance': 93.8, 'stability': 58.8}",41.2690080359597,False,0.17531764039850906,27.770649130552275,,45.348083825204085,,False,"{""floor"": false, ""depressed_arms"": {""self_pct"": true, ""self_z"": true, ""median_ratio"": true}, ""yield_arm"": false, ""residual_arm"": false, ""brakes"": {""gm"": true, ""fcf_margin"": true, ""roic"": true}, ""self_pct"": 11.560693641618498, ""self_z"": -1.2501310913000991, ""median_ratio"": 0.7293427460513234, ""fcf_yield"": 0.03021861007662056, ""yield_threshold"": 0.0495, ""gs10"": 0.0495, ""residual_pct"": null, ""brake_values"": {""gm"": 1.1404050950437377, ""fcf_margin"": 3.1086363442167864, ""roic"": 2.3920058108698354}}",False,"{""floor"": false, ""mom_sector_pct"": 96.875, ""eps_rev_proxy"": null}"
ADI,6281,Analog Devices,Information Technology,Semiconductors,Semiconductors and Semiconductor Equipment,26.973305954825463,5.9986310746064335,1319386253.0681531,0.5156852478718053,-0.06589161159664292,0.6928813265422802,10.0,0.6141865157382538,0.03807054903158704,0.3015783770617116,0.2934815611196392,0.18601321592356143,0.1824887497070502,0.18078915519263317,0.219258481727963,6,9,False,0.14485112925375,0.18349369163147533,0.18912213329543337,False,0.6579962143085192,0.3304622243429932,0.23226353979730502,1.071329632689194,1.0957755909515063,1.2727553899632633,1.8521335720334082,60.76923076923077,0.3987645061451652,1.0893999768441698,260.0,,404.6000061035156,484565465.0,196055190096.5529,201656332096.5529,39152039000.0,5601142000.0,5545325000.0,607830000.0,350103000.0,1970999000.0,5601142000.0,13881744000.0,4934886000.0,4937495000.0,4587392000.0,3224223000.0,6905885000.0,4135004000.0,4338176901.522546,0.12091649097414901,0.11080334542787276,40.86342259913459,43.958818452086255,0.022748564115524825,62.5441640037159,0.01598870199848842,47.41354303322388,1.1940726054920383,0.8110679514645842,27988737000.0,12200000.0,0.7151846421076563,2.0,0.059824705464533376,0.06268121327146056,91.53846153846153,1.2118990288284004,1.2517936482396441,260.0,[],True,1.0,ig,Semiconductors and Semiconductor Equipment,7.142857142857142,93.75,75.0,13.333333333333334,65.625,73.33333333333333,28.57142857142857,50.0,71.1864406779661,1.0,54.88654623975974,"{'profitability': 65.7, 'growth': 100.0, 'balance': 73.0, 'stability': 70.2}",25.05861178784894,False,-0.2057870631651424,54.003038556353964,,39.972579013804335,,False,"{""floor"": false, ""depressed_arms"": {""self_pct"": false, ""self_z"": false, ""median_ratio"": false}, ""yield_arm"": false, ""residual_arm"": false, ""brakes"": {""gm"": true, ""fcf_margin"": true, ""roic"": true}, ""self_pct"": 91.53846153846153, ""self_z"": 1.2118990288284004, ""median_ratio"": 1.2517936482396441, ""fcf_yield"": 0.022748564115524825, ""yield_threshold"": 0.0495, ""gs10"": 0.0495, ""residual_pct"": null, ""brake_values"": {""gm"": 1.071329632689194, ""fcf_margin"": 1.0957755909515063, ""roic"": 1.8521335720334082}}",False,"{""floor"": false, ""mom_sector_pct"": 71.1864406779661, ""eps_rev_proxy"": null}"
KO,21344,Coca-Cola Company (The),Consumer Staples,Soft Drinks & Non-alcoholic Beverages,Food Beverage and Tobacco,69.57973990417523,5.9986310746064335,1318614555.6339989,0.34846135487072627,-0.049245102920597805,0.32616463489369285,10.0,0.6012535520477675,0.020293105333908545,0.18054797425150276,0.20747912750797745,0.32079410373034606,0.1929482019291689,0.2186308250395312,0.26293096547435896,6,9,False,0.07746156826284567,-0.09381715561220638,-0.05768840811094755,False,0.6174417660904148,0.24937099261423587,0.27010794578362146,1.0269241054585256,1.3811896458437294,1.3998987452745366,1.1793067151687637,65.1063829787234,0.13861905616505965,1.0712487601137404,235.0,,86.0999984741211,4302482418.0,370443729624.73285,400213729624.73285,63403000000.0,29770000000.0,14631000000.0,2069000000.0,272000000.0,1047000000.0,27669000000.0,49284000000.0,14462000000.0,12562000000.0,12290000000.0,13312000000.0,15509000000.0,13701000000.0,12029532141.13098,0.16819719671338812,0.1897312767713039,27.673470448398067,32.56417653577973,0.03070859166057078,30.064132333588706,0.033262227191661366,27.03771473795583,0.9168673819429238,1.7840608678831646,15411000000.0,355000000.0,0.24866331246155546,10.0,0.16088374154992627,0.16375180460192806,67.65957446808511,0.16560191176729844,1.118187306063966,235.0,['fcf_cagr5 gate'],False,1.0,ig,Food Beverage and Tobacco,54.54545454545454,78.57142857142857,92.85714285714286,81.81818181818183,53.57142857142857,23.076923076923077,69.23076923076923,7.142857142857139,88.88888888888889,1.0,35.775025990113384,"{'profitability': 82.4, 'growth': 32.3, 'balance': 40.5, 'stability': 65.3}",24.802243151666673,False,0.49690695712609756,19.812357273800135,,30.28863457089003,,False,"{""floor"": false, ""depressed_arms"": {""self_pct"": false, ""self_z"": false, ""median_ratio"": false}, ""yield_arm"": false, ""residual_arm"": false, ""brakes"": {""gm"": true, ""fcf_margin"": true, ""roic"": true}, ""self_pct"": 67.65957446808511, ""self_z"": 0.16560191176729844, ""median_ratio"": 1.118187306063966, ""fcf_yield"": 0.03070859166057078, ""yield_threshold"": 0.0495, ""gs10"": 0.0495, ""residual_pct"": null, ""brake_values"": {""gm"": 1.0269241054585256, ""fcf_margin"": 1.3811896458437294, ""roic"": 1.1793067151687637}}",False,"{""floor"": false, ""mom_sector_pct"": 88.88888888888889, ""eps_rev_proxy"": null}"
BA,12927,Boeing,Industrials,Aerospace & Defense,Capital Goods,69.57973990417523,5.9986310746064335,1295871767.970406,-0.01872400829688703,-0.23743801929960007,-0.11104948651671198,5.0,0.043849103906464355,0.948203502115392,-0.05186714378442213,-0.025742485720353665,,-0.05534079014685596,-0.0146876362295027,,6,9,False,0.0899505600378272,,,False,0.04677908399382946,-0.006872705994999734,0.01071333581573488,1.0668196114934325,0.13250596608066734,-0.19358841439208344,,,,,,,192.27999877929688,790370020.0,151972346480.79285,179939346480.79285,34067000000.0,27967000000.0,3639000000.0,3849000000.0,436000000.0,2196000000.0,27952000000.0,93995000000.0,4600000000.0,-210000000.0,-646000000.0,1007000000.0,6796000000.0,2435000000.0,4045882775.979863,0.12046026609133405,0.11876252020958297,39.11724923495497,,-0.003590098622865431,178.68852679324016,0.005596330206231407,62.411641265212666,-0.08624229979466119,4.113007651559741,17554000000.0,1531000000.0,0.560219567323216,2.0,,,,,,,['fcf_cagr5 gate'],False,0.8,ig,Capital Goods,,4.878048780487805,3.125,15.853658536585366,8.333333333333332,5.128205128205128,2.7027027027026946,12.195121951219505,31.25,1.0,15.27284090240671,"{'profitability': 29.7, 'growth': 75.0, 'balance': 0.0, 'stability': 44.4}",,False,,,,,,False,"{""floor"": false, ""depressed_arms"": {""self_pct"": false, ""self_z"": false, ""median_ratio"": false}, ""yield_arm"": false, ""residual_arm"": false, ""brakes"": {""gm"": true, ""fcf_margin"": false, ""roic"": false}, ""self_pct"": null, ""self_z"": null, ""median_ratio"": null, ""fcf_yield"": -0.003590098622865431, ""yield_threshold"": 0.0495, ""gs10"": 0.0495, ""residual_pct"": null, ""brake_values"": {""gm"": 1.0668196114934325, ""fcf_margin"": 0.13250596608066734, ""roic"": null}}",False,"{""floor"": false, ""mom_sector_pct"": 31.25, ""eps_rev_proxy"": null}"
HD,354950,Home Depot (The),Consumer Discretionary,Home Improvement Retail,Consumer Discretionary Distribution and Retail,38.50513347022587,5.9986310746064335,1294840239.234622,-0.164325092744947,-0.26200648400049753,-0.2647726642659133,10.0,0.3345460743662461,0.0033366901363473347,0.08979467774211614,0.09001237124314454,0.16312581627119477,0.0904167998030245,0.08805414238176201,0.16650976215620117,8,9,False,0.04506334520303379,-0.05038171248203038,-0.05152684703979871,False,0.33206246748947843,0.08594008606421714,0.08621790324868776,0.9925761888509003,0.9570732723272408,0.9535606594849171,0.5133106092118068,18.076923076923077,-1.1470021611479388,0.8184396469124977,260.0,,282.4599914550781,997689626.0,281807403234.7801,303580403234.7801,38390000000.0,21773000000.0,18779000000.0,3680000000.0,560000000.0,3633000000.0,21773000000.0,169176000000.0,21022000000.0,15099000000.0,14539000000.0,14586000000.0,24655000000.0,14231000000.0,15953485571.024698,0.24110524350562756,0.4155635730925944,14.441080926399966,20.880418408059708,0.04789176061788141,20.81313610549706,0.04804657957028807,19.802361270099087,1.0609936055090998,0.8831068748732509,22899000000.0,9833000000.0,0.8526178692367804,7.0,0.8095752661934965,0.8942910717646713,18.076923076923077,-1.168845130251669,0.8161342181713807,260.0,['fcf_cagr5 gate'],False,1.0,ig,Consumer Discretionary Distribution and Retail,100.0,62.5,44.44444444444444,50.0,55.55555555555556,77.77777777777779,37.5,66.66666666666667,30.303030303030305,1.0,46.13783708901644,"{'profitability': 67.2, 'growth': 18.8, 'balance': 70.6, 'stability': 86.0}",62.197315419406976,False,-0.3418519241554616,29.390271718814958,,54.16757625421171,,False,"{""floor"": false, ""depressed_arms"": {""self_pct"": true, ""self_z"": true, ""median_ratio"": false}, ""yield_arm"": false, ""residual_arm"": false, ""brakes"": {""gm"": true, ""fcf_margin"": true, ""roic"": false}, ""self_pct"": 18.076923076923077, ""self_z"": -1.168845130251669, ""median_ratio"": 0.8161342181713807, ""fcf_yield"": 0.04789176061788141, ""yield_threshold"": 0.0495, ""gs10"": 0.0495, ""residual_pct"": null, ""brake_values"": {""gm"": 0.9925761888509003, ""fcf_margin"": 0.9570732723272408, ""roic"": 0.5133106092118068}}",False,"{""floor"": false, ""mom_sector_pct"": 30.303030303030305, ""eps_rev_proxy"": null}"
ADBE,796343,Adobe Inc.,Information Technology,Application Software,Software and Services,29.409993155373034,5.9986310746064335,1254942612.1715474,-0.2313836959345804,-0.32306482693006155,-0.3041471835532833,10.0,0.8841245778690814,0.0070930560183759955,0.3178719147729066,0.33278640245698177,0.14014141101557284,0.290673095844474,0.30590264630400943,0.15169398338179332,9,9,False,0.13057654594156753,0.13166711980319734,0.12354955232939746,False,0.8925298421255294,0.3281093569503273,0.30685406237966883,1.0095068777261078,1.0322061865224377,1.055667231561921,1.2704153499398687,3.076923076923077,-1.5453655979497296,0.33256916195588326,260.0,,241.27999877929688,389200000.0,93906175524.90234,92163175524.90234,10021000000.0,-1743000000.0,10806000000.0,214000000.0,2071000000.0,766000000.0,-1743000000.0,25970000000.0,9271000000.0,10592000000.0,8521000000.0,7969000000.0,10037000000.0,7284000000.0,7276151707.790109,0.21517077901088244,0.7260903809789551,9.941017746187288,10.816004638528616,0.09245558165145513,11.565212137646173,0.0864662046919899,12.89211635432487,1.4541460735859417,-0.17365746737072832,14037000000.0,975000000.0,1.498054086418521,10.0,0.5715377896003243,0.48167714097804204,3.076923076923077,-1.5872356244668238,0.340619661918375,260.0,[],True,1.0,ig,Software and Services,94.73684210526315,95.45454545454545,94.44444444444444,97.5,63.63636363636363,33.33333333333333,50.0,90.9090909090909,13.559322033898304,1.0,92.28362384738375,"{'profitability': 100.0, 'growth': 100.0, 'balance': 100.0, 'stability': 92.3}",87.43493368305744,True,-1.1756071930455612,35.0450417474454,4.054054054054054,89.8592787652206,9.0,True,"{""floor"": true, ""depressed_arms"": {""self_pct"": true, ""self_z"": true, ""median_ratio"": true}, ""yield_arm"": true, ""residual_arm"": true, ""brakes"": {""gm"": true, ""fcf_margin"": true, ""roic"": true}, ""self_pct"": 3.076923076923077, ""self_z"": -1.5872356244668238, ""median_ratio"": 0.340619661918375, ""fcf_yield"": 0.09245558165145513, ""yield_threshold"": 0.0495, ""gs10"": 0.0495, ""residual_pct"": 4.054054054054054, ""brake_values"": {""gm"": 1.0095068777261078, ""fcf_margin"": 1.0322061865224377, ""roic"": 1.2704153499398687}}",True,"{""floor"": true, ""mom_sector_pct"": 13.559322033898304, ""eps_rev_proxy"": 9.0}"
ABBV,1551152,AbbVie,Health Care,Biotechnology,Pharmaceuticals Biotechnology and Life Sciences,13.752224503764545,5.9986310746064335,1217025609.540902,0.13041820806443583,-0.01898399358964986,0.1457131963377849,10.0,0.6832078081522587,0.04369912314226034,0.3507154787673492,0.3789882022172002,0.12284161298632312,0.2182905189828226,0.24136519743046783,0.191413511132184,8,9,False,0.05952891709050534,0.011933332554763254,-0.00839927482346392,False,0.714767185412978,0.26766688410524025,0.1655950051253378,1.0461929399578613,0.7632023686151586,0.75859916361447,1.323093335819506,91.92307692307692,2.068381554669404,2.0423886110550953,260.0,gm_derived,259.92999267578125,1767117285.0,459326782947.29645,518203782947.29645,52942000000.0,58877000000.0,19507000000.0,1297000000.0,976000000.0,7869000000.0,58830000000.0,64386000000.0,16870000000.0,18210000000.0,17234000000.0,10662000000.0,24739000000.0,6310000000.0,12248640073.571674,0.27393953327968734,0.23135960246253776,30.71747379652024,30.06868880975377,0.03325718678080892,48.60286840623677,0.020574917341127114,72.79346797896933,2.885895404120444,2.378026597679777,35519000000.0,49139000000.0,1.599070681122738,7.0,0.17486264664709897,0.1721750032024096,98.84615384615385,2.565882795432016,2.004528196817611,260.0,[],True,1.0,ig,Pharmaceuticals Biotechnology and Life Sciences,83.33333333333334,100.0,66.66666666666666,87.5,62.5,100.0,41.666666666666664,50.0,42.857142857142854,1.0,43.9554378912908,"{'profitability': 93.0, 'growth': 29.8, 'balance': 20.7, 'stability': 83.9}",25.828219864029904,False,-0.12886929188516572,34.20437922334516,,34.89182887766035,,False,"{""floor"": false, ""depressed_arms"": {""self_pct"": false, ""self_z"": false, ""median_ratio"": false}, ""yield_arm"": false, ""residual_arm"": false, ""brakes"": {""gm"": true, ""fcf_margin"": false, ""roic"": true}, ""self_pct"": 98.84615384615385, ""self_z"": 2.565882795432016, ""median_ratio"": 2.004528196817611, ""fcf_yield"": 0.03325718678080892, ""yield_threshold"": 0.0495, ""gs10"": 0.0495, ""residual_pct"": null, ""brake_values"": {""gm"": 1.0461929399578613, ""fcf_margin"": 0.7632023686151586, ""roic"": 1.323093335819506}}",False,"{""floor"": false, ""mom_sector_pct"": 42.857142857142854, ""eps_rev_proxy"": null}"
INTU,896878,Intuit,Information Technology,Application Software,Software and Services,25.82340862422998,5.9986310746064335,1214978978.769569,-0.5051952188645652,-0.5821413155294877,-0.5794382618826023,10.0,,,0.22112985155290388,0.21742761692650334,0.304118191663643,0.19187676557713212,0.1872912026726058,0.4467168983603445,9,9,False,0.17361336924030368,0.22063308046324348,0.22833818765975522,False,,0.308047370384185,0.2848750466243939,,1.3930609920863022,1.484677135178608,1.3593111099141546,0.7692307692307693,-2.655553549322606,0.2206354464516795,260.0,gm_derived,282.7799987792969,267236000.0,75568995753.78418,79529995753.78418,22953000000.0,3961000000.0,8838000000.0,175000000.0,2056000000.0,672000000.0,3961000000.0,21448000000.0,5884000000.0,8663000000.0,6607000000.0,6110000000.0,6556000000.0,4566000000.0,4465072959.946817,0.24115007478810038,0.19453112708346698,13.516314710024504,12.037232594791007,0.083075573403204,13.01636591714962,0.0768263589365183,16.550371387162546,1.8972842750766534,0.6041793776693105,13981000000.0,4642000000.0,0.8113536356903237,9.0,0.14311008397169087,0.14001441060057837,0.7692307692307693,-2.6165275907320824,0.241777921206685,260.0,[],True,0.9,ig,Software and Services,47.368421052631575,68.18181818181817,,90.0,63.63636363636363,66.66666666666666,35.0,77.27272727272728,1.694915254237288,1.0,68.04874961607848,"{'profitability': 78.5, 'growth': 100.0, 'balance': 79.9, 'stability': 79.7}",84.35980935171555,True,-1.0353688171819657,33.89858861391538,12.162162162162163,76.20427948389701,-12.0,False,"{""floor"": true, ""depressed_arms"": {""self_pct"": true, ""self_z"": true, ""median_ratio"": true}, ""yield_arm"": true, ""residual_arm"": true, ""brakes"": {""gm"": false, ""fcf_margin"": true, ""roic"": true}, ""self_pct"": 0.7692307692307693, ""self_z"": -2.6165275907320824, ""median_ratio"": 0.241777921206685, ""fcf_yield"": 0.083075573403204, ""yield_threshold"": 0.0495, ""gs10"": 0.0495, ""residual_pct"": 12.162162162162163, ""brake_values"": {""gm"": null, ""fcf_margin"": 1.3930609920863022, ""roic"": 1.3593111099141546}}",False,"{""floor"": true, ""mom_sector_pct"": 1.694915254237288, ""eps_rev_proxy"": -12.0}"
PG,80424,Procter & Gamble,Consumer Staples,Personal Care Products,Household and Personal Products,69.57973990417523,5.9986310746064335,1209895919.0758872,-0.010006502927142447,-0.12609667426206128,-0.02683994464259487,10.0,0.4960308374217678,0.03342660756789801,0.1686010061597643,0.1626074051903675,0.07520314878990104,0.17640154633406457,0.17196620948222677,0.08143540413946149,9,9,False,0.02716052126592894,-0.005672302269087881,0.010075770660538996,False,0.5017694641051567,0.16801865980329075,0.1823697030977112,1.0115690925854866,0.9965460090082634,1.0338327916488004,0.9874143293530108,7.307692307692308,-1.3672706074237888,0.8740346960501143,260.0,gm_derived,143.9499969482422,2324433060.0,334602131893.39325,360674131893.39325,80383000000.0,26072000000.0,19556000000.0,4409000000.0,524000000.0,3160000000.0,25083000000.0,87032000000.0,19748000000.0,15147000000.0,14623000000.0,15872000000.0,22908000000.0,16046000000.0,15712886429.749765,0.20433023953059726,0.19547524264769622,18.263830863550396,24.664852075045697,0.0405435231055667,22.723924640460766,0.044006482851094486,20.852681783210347,0.9439735759690888,1.0949449973808276,41276000000.0,19544000000.0,0.7566276451488498,5.0,0.1979667874333752,0.19599836678114885,13.846153846153847,-0.5154259676898176,0.959111044294125,260.0,[],True,1.0,sector,Consumer Staples,75.0,81.48148148148148,54.166666666666664,35.41666666666667,55.55555555555556,25.0,76.0,48.14814814814815,33.33333333333333,1.0,51.0950588452932,"{'profitability': 81.4, 'growth': 11.3, 'balance': 63.5, 'stability': 92.9}",55.20324605696551,False,-0.07863260115708215,26.682604559743112,,53.14915245112935,,False,"{""floor"": false, ""depressed_arms"": {""self_pct"": true, ""self_z"": false, ""median_ratio"": false}, ""yield_arm"": false, ""residual_arm"": false, ""brakes"": {""gm"": true, ""fcf_margin"": true, ""roic"": true}, ""self_pct"": 13.846153846153847, ""self_z"": -0.5154259676898176, ""median_ratio"": 0.959111044294125, ""fcf_yield"": 0.0405435231055667, ""yield_threshold"": 0.0495, ""gs10"": 0.0495, ""residual_pct"": null, ""brake_values"": {""gm"": 1.0115690925854866, ""fcf_margin"": 0.9965460090082634, ""roic"": 0.9874143293530108}}",False,"{""floor"": false, ""mom_sector_pct"": 33.33333333333333, ""eps_rev_proxy"": null}"
TMO,97745,Thermo Fisher Scientific,Health Care,Life Sciences Tools & Services,Pharmaceuticals Biotechnology and Life Sciences,22.16290212183436,5.9986310746064335,1200367666.8108022,0.13278574812951982,-0.03331850405092596,0.20518843011784016,10.0,,,0.15323784555708894,0.1551438504795016,0.046097538448707814,0.12522589345535068,0.12169653790493154,0.12156390462963886,8,9,False,0.06699288544037874,-0.015811300096795544,-0.03898438743251165,False,,0.15104886049723756,0.12413674033149172,,0.9857151146187586,0.9913024926889638,0.8126193081402059,62.30769230769231,0.35600508283665944,1.0590747244647194,260.0,gm_derived,652.510009765625,369747286.0,241263805198.67334,260817805198.67334,72233000000.0,19554000000.0,9013000000.0,1695000000.0,319000000.0,2942000000.0,19547000000.0,46336000000.0,8145000000.0,7318000000.0,6999000000.0,5752000000.0,11087000000.0,6984000000.0,7261616721.04174,0.10845712448842972,0.10053046005346228,32.021829981420915,37.26501002981474,0.02683482438888187,45.3438465227179,0.022053709084847623,34.54521838468977,1.047823596792669,1.7630558311536033,54832000000.0,15839000000.0,0.9783755347278944,6.0,0.12371163107549148,0.12228683158899688,74.23076923076923,0.5594795883956666,1.0781630640123037,260.0,[],True,0.9,ig,Pharmaceuticals Biotechnology and Life Sciences,50.0,33.33333333333333,,70.83333333333334,62.5,44.44444444444444,50.0,40.0,45.23809523809524,1.0,38.386382792639296,"{'profitability': 55.3, 'growth': 27.9, 'balance': 41.2, 'stability': 89.5}",30.51853242304754,False,0.09401316289398931,33.921249760116424,,34.452457607843414,,False,"{""floor"": false, ""depressed_arms"": {""self_pct"": false, ""self_z"": false, ""median_ratio"": false}, ""yield_arm"": false, ""residual_arm"": false, ""brakes"": {""gm"": false, ""fcf_margin"": true, ""roic"": false}, ""self_pct"": 74.23076923076923, ""self_z"": 0.5594795883956666, ""median_ratio"": 1.0781630640123037, ""fcf_yield"": 0.02683482438888187, ""yield_threshold"": 0.0495, ""gs10"": 0.0495, ""residual_pct"": null, ""brake_values"": {""gm"": null, ""fcf_margin"": 0.9857151146187586, ""roic"": 0.8126193081402059}}",False,"{""floor"": false, ""mom_sector_pct"": 45.23809523809524, ""eps_rev_proxy"": null}"
ANET,1596532,Arista Networks,Information Technology,Communications Equipment,Technology Hardware and Equipment,8.095824777549623,5.9986310746064335,1188117223.8915362,0.3318212974522121,-0.0099733600975912,0.40542959101830967,10.0,0.6300117588715485,0.019905546914760246,0.2994003639006137,0.29057028770349136,0.6558627821344996,0.2985025388847603,0.2843930241288693,0.7205658387430762,8,9,False,0.31189506024306746,0.4265693890376421,0.4697088222955339,False,0.6300375683060109,0.4414275956284153,0.4469869459623558,1.0000409665916532,1.474372274894588,1.497430968702478,0.9344576314583829,96.15384615384616,2.075753688522012,2.7229196539872067,260.0,,204.49000549316406,1261224648.0,257907835197.6339,255679589197.6339,12569454000.0,-2228246000.0,5306600000.0,151300000.0,502300000.0,92700000.0,-2228246000.0,10540800000.0,4546900000.0,5155300000.0,4653000000.0,4711600000.0,4639600000.0,533203511.0,3685301539.0164723,0.18949140315017435,0.29319503766961336,56.23162796578634,54.949406661859854,0.01819855865148214,54.265979539356884,0.01842775176065404,483.6949305040002,9.66854098603263,-0.48026683334770237,416100000.0,258200000.0,0.05364592606806946,10.0,0.3137595839546323,0.305047720091394,98.07692307692307,2.2055376064605463,2.8834668949885653,260.0,[],True,1.0,ig,Technology Hardware and Equipment,76.19047619047619,100.0,75.0,85.71428571428571,64.28571428571429,100.0,90.0,9.523809523809518,59.32203389830508,1.0,67.45388975296842,"{'profitability': 100.0, 'growth': 100.0, 'balance': 100.0, 'stability': 67.5}",9.508199814289625,True,0.4088476663490299,36.50923406446712,66.21621621621621,38.481044783629024,15.0,False,"{""floor"": true, ""depressed_arms"": {""self_pct"": false, ""self_z"": false, ""median_ratio"": false}, ""yield_arm"": false, ""residual_arm"": false, ""brakes"": {""gm"": true, ""fcf_margin"": true, ""roic"": true}, ""self_pct"": 98.07692307692307, ""self_z"": 2.2055376064605463, ""median_ratio"": 2.8834668949885653, ""fcf_yield"": 0.01819855865148214, ""yield_threshold"": 0.0495, ""gs10"": 0.0495, ""residual_pct"": 66.21621621621621, ""brake_values"": {""gm"": 1.0000409665916532, ""fcf_margin"": 1.474372274894588, ""roic"": 0.9344576314583829}}",False,"{""floor"": true, ""mom_sector_pct"": 59.32203389830508, ""eps_rev_proxy"": 15.0}"
T,732717,AT&T,Communication Services,Integrated Telecommunication Services,Telecommunication Services,42.83915126625599,5.9986310746064335,1181488558.069448,-0.006247545828425016,-0.1449105146652615,-0.059650171681295716,10.0,,,0.15370786034816727,0.15473385967146314,0.09604759728421368,0.1508263958082061,0.14869703112738686,0.037869400793008524,4,9,False,-0.02560837254106174,-0.03131164492179361,0.05331741929027234,False,,0.13850313190138244,0.153184165232358,,0.9010803454530937,1.0156323394954694,1.7289420288730555,61.92307692307693,0.31226317442713525,1.0383154972231705,260.0,sbc_unreported;gm_derived,24.299999237060547,6852385650.0,166512966067.04465,256576966067.04465,216498000000.0,90064000000.0,39868000000.0,22245000000.0,,20377000000.0,74074000000.0,127239000000.0,25603000000.0,17623000000.0,17623000000.0,19491000000.0,45980000000.0,21558000000.0,22617387328.793327,0.11661182952023873,0.10446926682368117,10.02136335847536,14.559210467403089,0.06868504320608046,13.16386876338026,0.07596550968221723,7.723952410568914,0.8174691529826514,1.6110047846889952,63865000000.0,130711000000.0,0.8987427135585548,0.0,0.060423811255126615,0.07282192055979697,81.53846153846153,1.3825688351083527,1.267356430068867,260.0,['rev_cagr5 gate'],False,0.9,sector,Communication Services,20.0,72.72727272727273,,25.0,72.72727272727273,40.0,36.36363636363637,72.72727272727273,72.72727272727273,1.0,18.241886685846342,"{'profitability': 45.9, 'growth': 0.0, 'balance': 46.3, 'stability': 56.6}",49.57263095021872,False,-0.7584734709165666,31.084126472596044,,33.90725881803253,,False,"{""floor"": false, ""depressed_arms"": {""self_pct"": false, ""self_z"": false, ""median_ratio"": false}, ""yield_arm"": true, ""residual_arm"": false, ""brakes"": {""gm"": false, ""fcf_margin"": false, ""roic"": true}, ""self_pct"": 81.53846153846153, ""self_z"": 1.3825688351083527, ""median_ratio"": 1.267356430068867, ""fcf_yield"": 0.06868504320608046, ""yield_threshold"": 0.0495, ""gs10"": 0.0495, ""residual_pct"": null, ""brake_values"": {""gm"": null, ""fcf_margin"": 0.9010803454530937, ""roic"": 1.7289420288730555}}",False,"{""floor"": false, ""mom_sector_pct"": 72.72727272727273, ""eps_rev_proxy"": null}"
ACN,1467373,Accenture,Information Technology,IT Consulting & Other Services,Software and Services,15.241615331964407,5.9986310746064335,1094736921.6197743,-0.22318748982713044,-0.24295175887446663,-0.11676683160787071,10.0,0.3224575194765293,0.008049117648886508,0.11897095117754213,0.11597406610887159,0.09736445034724285,0.10703331309743261,0.10621361828824921,0.1153000163334282,9,9,False,0.09465969836955224,0.07382899430159862,0.05972356766465903,False,0.3201307502371321,0.1436051668745674,0.1324547239657177,0.9927842611852427,1.2070607610782507,1.2375093336141425,0.8693360224451271,10.76923076923077,-1.7587848960286259,0.4649835849287286,260.0,shares_was_proxy;gm_derived,212.3000030517578,612213453.0,129972917940.22719,125195985940.22719,27113634000.0,-4776932000.0,13182094000.0,600406000.0,2084065000.0,1415510000.0,-5900205000.0,73100594000.0,10592234000.0,12581688000.0,10497623000.0,9682519000.0,12007744000.0,7789752000.0,7896376163.061968,0.2545126775841652,0.2912326751575229,11.819601600590318,11.926127080409268,0.08384951738797697,12.930104856001542,0.07733889331422146,16.685116283577088,1.615158993508394,-0.49136665471882146,25322800000.0,2498992000.0,1.0261181514805429,7.0,0.33500587533275217,0.32839133682714733,10.76923076923077,-1.746869176591361,0.4805567927544076,260.0,[],True,1.0,ig,Software and Services,68.42105263157895,22.727272727272727,5.555555555555555,80.0,63.63636363636363,52.38095238095239,65.0,86.36363636363636,16.94915254237288,1.0,75.78127184803738,"{'profitability': 73.2, 'growth': 70.2, 'balance': 100.0, 'stability': 94.3}",80.85118016803719,True,-1.0650715795958412,34.59825080387751,9.45945945945946,78.31622600803729,5.0,False,"{""floor"": true, ""depressed_arms"": {""self_pct"": true, ""self_z"": true, ""median_ratio"": true}, ""yield_arm"": true, ""residual_arm"": true, ""brakes"": {""gm"": true, ""fcf_margin"": true, ""roic"": false}, ""self_pct"": 10.76923076923077, ""self_z"": -1.746869176591361, ""median_ratio"": 0.4805567927544076, ""fcf_yield"": 0.08384951738797697, ""yield_threshold"": 0.0495, ""gs10"": 0.0495, ""residual_pct"": 9.45945945945946, ""brake_values"": {""gm"": 0.9927842611852427, ""fcf_margin"": 1.2070607610782507, ""roic"": 0.8693360224451271}}",True,"{""floor"": true, ""mom_sector_pct"": 16.94915254237288, ""eps_rev_proxy"": 5.0}"
HPE,1645590,Hewlett Packard Enterprise,Information Technology,"Technology Hardware, Storage & Peripherals",Technology Hardware and Equipment,10.915811088295689,5.9986310746064335,1072071530.0744689,1.1614448147945615,0.0,1.6911379639673783,8.0,,,0.0472835377783387,0.040226531662948345,0.49563092787570834,0.04865802903424363,0.047503003260683026,0.7818303083367093,6,9,True,0.0491410171503146,-0.342998158475206,,False,,0.08027035418308615,0.05753385398008168,,1.697638500726974,1.182412340203743,1.4864785814972894,91.81818181818183,1.4797536941061513,2.1793006768987304,220.0,gm_derived,64.58000183105469,1327464779.0,85727677858.4806,101555677858.4806,42342000000.0,15828000000.0,6694000000.0,2538000000.0,795000000.0,3490000000.0,15771000000.0,41871000000.0,2602000000.0,4156000000.0,3361000000.0,2409000000.0,6092000000.0,2791000000.0,2346585113.072043,0.098160986521121,0.055419798617732816,39.02985313546526,30.215911293805597,0.033095146139279434,42.156777857401664,0.023720977997478177,30.715757025611108,1.4890720171981369,2.5888049901510177,23907000000.0,5469000000.0,0.6937792263001276,1.0,0.037282608244452446,0.03252455646083665,76.81818181818181,0.15232503010258414,1.2626591409621852,220.0,['fcf_cagr5 gate'],False,0.9,ig,Technology Hardware and Equipment,4.761904761904762,31.57894736842105,,7.142857142857142,16.666666666666664,80.95238095238095,10.0,23.80952380952381,89.83050847457628,1.0,7.482118016394577,"{'profitability': 16.2, 'growth': 20.5, 'balance': 13.7, 'stability': 44.7}",26.2628903463431,False,-0.13859913787186517,34.70791599322705,,16.87250418136884,,False,"{""floor"": false, ""depressed_arms"": {""self_pct"": false, ""self_z"": false, ""median_ratio"": false}, ""yield_arm"": false, ""residual_arm"": false, ""brakes"": {""gm"": false, ""fcf_margin"": true, ""roic"": true}, ""self_pct"": 76.81818181818181, ""self_z"": 0.15232503010258414, ""median_ratio"": 1.2626591409621852, ""fcf_yield"": 0.033095146139279434, ""yield_threshold"": 0.0495, ""gs10"": 0.0495, ""residual_pct"": null, ""brake_values"": {""gm"": null, ""fcf_margin"": 1.697638500726974, ""roic"": 1.4864785814972894}}",False,"{""floor"": false, ""mom_sector_pct"": 89.83050847457628, ""eps_rev_proxy"": null}"
PEP,77476,PepsiCo,Consumer Staples,Soft Drinks & Non-alcoholic Beverages,Food Beverage and Tobacco,69.57973990417523,5.9986310746064335,1071515245.0491793,0.008640019180411018,-0.24087408307377645,-0.07952350232156558,10.0,0.5385972080414163,0.010617562470375602,0.07609798619323727,0.0786159169550173,0.11413243911489646,0.09894583364186303,0.09781827683062251,0.09127622347234332,9,9,False,0.0594397460523417,0.03779825265584025,0.013646283752731359,False,0.5395649302402378,0.09249360191529761,0.09842730950218773,1.0017967456651706,1.2154540026910383,0.9947595151752209,0.9680616484220023,0.38461538461538464,-1.6821768521720828,0.8165050266745131,260.0,,125.5999984741211,1364891558.0,171430377602.14075,219255377602.14075,69923000000.0,47825000000.0,13456000000.0,4174000000.0,319000000.0,3599000000.0,47653000000.0,96904000000.0,14362000000.0,9282000000.0,8963000000.0,9538000000.0,17961000000.0,10451000000.0,11481519805.367598,0.2005626092906561,0.1642023340727314,15.266354101249181,24.46227575612415,0.040879271003624804,22.98756317908794,0.04350178364750345,16.403251134067624,0.8881446751507033,2.653137353154056,19093000000.0,15177000000.0,0.49011055017662286,10.0,0.16961970793945916,0.17256964776665804,0.38461538461538464,-1.9935846416909655,0.6565628288548917,260.0,[],True,1.0,ig,Food Beverage and Tobacco,72.72727272727273,21.428571428571427,57.14285714285714,81.81818181818183,53.57142857142857,15.384615384615385,46.15384615384615,64.28571428571428,48.148148148148145,1.0,35.738368568404326,"{'profitability': 56.8, 'growth': 40.5, 'balance': 11.6, 'stability': 93.2}",70.18779345914214,False,0.2095562193997651,19.837536909404076,,52.963081013773234,,False,"{""floor"": false, ""depressed_arms"": {""self_pct"": true, ""self_z"": true, ""median_ratio"": true}, ""yield_arm"": false, ""residual_arm"": false, ""brakes"": {""gm"": true, ""fcf_margin"": true, ""roic"": true}, ""self_pct"": 0.38461538461538464, ""self_z"": -1.9935846416909655, ""median_ratio"": 0.6565628288548917, ""fcf_yield"": 0.040879271003624804, ""yield_threshold"": 0.0495, ""gs10"": 0.0495, ""residual_pct"": null, ""brake_values"": {""gm"": 1.0017967456651706, ""fcf_margin"": 1.2154540026910383, ""roic"": 0.9680616484220023}}",False,"{""floor"": false, ""mom_sector_pct"": 48.148148148148145, ""eps_rev_proxy"": null}"
ISRG,1035267,Intuitive Surgical,Health Care,Health Care Equipment,Health Care Equipment and Services,18.33264887063655,5.9986310746064335,1067564145.4231802,-0.18934451805198882,-0.31557042010395464,-0.11298776429649171,10.0,0.6732046156419665,0.017161202901436936,0.11311518254304347,0.07507094024257373,0.42795596900743005,0.15280313263776174,0.15355419595071898,0.3209482740394754,8,9,False,0.182210329592003,0.16850948894019702,0.14755946849101176,False,0.6667875009062568,0.2171753788153411,0.20322808671065032,0.9904678093604715,1.9199489753084193,1.329999478429719,1.1146826316116072,6.538461538461539,-0.7026910494666873,0.5959112663445,260.0,,401.239990234375,353278038.0,141749276517.13916,136833276517.13916,13252400000.0,-4916000000.0,3706400000.0,483800000.0,826200000.0,637700000.0,-5045300000.0,11034400000.0,3451200000.0,3222600000.0,2396400000.0,2242500000.0,4088900000.0,3138800000.0,2863667160.649535,0.17024015975616164,0.21608668321583527,39.648028661665265,57.09951448720546,0.01751328376398147,61.018183508200295,0.016388557352999683,45.160340422180184,1.0266981011851664,-1.2339015383110372,580600000.0,192000000.0,0.058298874166188765,7.0,0.1938548938395293,0.1983429177606938,5.47945205479452,-0.44645157431573934,0.4346507406578649,219.0,[],True,1.0,ig,Health Care Equipment and Services,70.37037037037037,62.06896551724138,72.72727272727273,76.78571428571429,58.333333333333336,20.689655172413794,85.18518518518519,3.3333333333333286,7.142857142857142,1.0,61.23009972195189,"{'profitability': 64.6, 'growth': 100.0, 'balance': 100.0, 'stability': 71.3}",37.57313406536465,True,0.810525620244122,25.38783173108783,85.13513513513513,49.40161689365827,-19.0,False,"{""floor"": true, ""depressed_arms"": {""self_pct"": true, ""self_z"": false, ""median_ratio"": true}, ""yield_arm"": false, ""residual_arm"": false, ""brakes"": {""gm"": true, ""fcf_margin"": true, ""roic"": true}, ""self_pct"": 5.47945205479452, ""self_z"": -0.44645157431573934, ""median_ratio"": 0.4346507406578649, ""fcf_yield"": 0.01751328376398147, ""yield_threshold"": 0.0495, ""gs10"": 0.0495, ""residual_pct"": 85.13513513513513, ""brake_values"": {""gm"": 0.9904678093604715, ""fcf_margin"": 1.9199489753084193, ""roic"": 1.1146826316116072}}",False,"{""floor"": true, ""mom_sector_pct"": 7.142857142857142, ""eps_rev_proxy"": -19.0}"
TER,97210,Teradyne,Information Technology,Semiconductor Materials & Equipment,Semiconductors and Semiconductor Equipment,6.028747433264887,5.9986310746064335,1060527451.803826,1.4562040458688141,-0.050169639367069196,1.8604461941899042,10.0,0.5857841672566705,0.01292909404255615,0.15401353414029612,0.1374686227019562,0.38614895420570244,0.17294492727986716,0.1556863249159847,0.35140962049366264,6,9,False,0.004354396137920213,-0.08015437579846507,-0.071021693580818,False,0.5924161368951066,0.16263327920437828,0.19229794775170692,1.0113215242219584,1.055967451900884,1.1119027934281174,0.9825840134449219,89.61538461538461,1.5969423491437695,2.0778540966604653,260.0,,415.7900085449219,156340750.0,65004921778.419495,64660944778.419495,3093185000.0,-343977000.0,1064951000.0,265019000.0,73932000.0,132595000.0,-380128000.0,4464031000.0,1349317000.0,799932000.0,726000000.0,858424000.0,1481912000.0,1150220000.0,1167561123.5007112,0.13470213189286787,0.37746242901756966,47.92124073025056,89.06466222922795,0.011227797590769221,75.32518286816246,0.013275772615783027,56.51520733287501,0.6954599989567213,-0.2565118576541657,663817000.0,101910000.0,0.2475529268375477,9.0,0.38415282953179053,0.24870590404398574,88.46153846153845,1.5394208295218612,2.1831638534775464,260.0,['fcf_cagr5 gate'],False,1.0,ig,Semiconductors and Semiconductor Equipment,64.28571428571429,37.5,68.75,80.0,65.625,33.33333333333333,71.42857142857143,31.25,91.52542372881356,1.0,38.60699606713908,"{'profitability': 77.5, 'growth': 1.8, 'balance': 100.0, 'stability': 62.7}",17.083764809145663,False,0.45565439018765996,56.46992850661815,,27.84538043814237,,False,"{""floor"": false, ""depressed_arms"": {""self_pct"": false, ""self_z"": false, ""median_ratio"": false}, ""yield_arm"": false, ""residual_arm"": false, ""brakes"": {""gm"": true, ""fcf_margin"": true, ""roic"": true}, ""self_pct"": 88.46153846153845, ""self_z"": 1.5394208295218612, ""median_ratio"": 2.1831638534775464, ""fcf_yield"": 0.011227797590769221, ""yield_threshold"": 0.0495, ""gs10"": 0.0495, ""residual_pct"": null, ""brake_values"": {""gm"": 1.0113215242219584, ""fcf_margin"": 1.055967451900884, ""roic"": 0.9825840134449219}}",False,"{""floor"": false, ""mom_sector_pct"": 91.52542372881356, ""eps_rev_proxy"": null}"
AMGN,318154,Amgen,Health Care,Biotechnology,Pharmaceuticals Biotechnology and Life Sciences,34.74880219028063,5.9986310746064335,1046175352.3163048,0.5084724455344292,-0.07297475368966233,0.4051083889103033,10.0,0.6992395922218686,0.07511966676368191,0.27516480161656653,0.29511728099569173,0.11727636373980152,0.17102572124203272,0.16060315940641456,0.14877409690317264,7,9,False,0.07647774623365566,-0.03912580906510643,-0.08130173740024371,False,0.6951568447302796,0.2541803386271164,0.19212495078094238,0.9941611608710316,0.9237385637037571,1.1233687505346075,1.088209060857111,65.0,0.5000005578638332,1.1734268430935892,260.0,gm_derived,407.2699890136719,540632005.0,220183190736.7894,264329190736.7894,55834000000.0,44146000000.0,12478000000.0,2303000000.0,492000000.0,4667000000.0,44146000000.0,38095000000.0,11426000000.0,10175000000.0,9683000000.0,7319000000.0,16093000000.0,8743000000.0,9908577614.569862,0.13280433970156985,0.1774649427690988,23.134009341570927,27.298274371247484,0.036632352155316905,36.11547899122686,0.027688958527807953,25.183940379365136,1.1637881733958595,2.743180264711365,18668000000.0,21279000000.0,0.7154601139090877,5.0,0.163079824596683,0.14191731200885857,74.23076923076923,1.4648901669153267,1.3927052350835414,260.0,[],True,1.0,ig,Pharmaceuticals Biotechnology and Life Sciences,66.66666666666666,83.33333333333334,77.77777777777779,58.333333333333336,62.5,66.66666666666666,33.33333333333334,80.0,90.47619047619048,1.0,34.977403097245954,"{'profitability': 85.5, 'growth': 31.9, 'balance': 8.6, 'stability': 75.5}",45.45779075297805,False,-0.22385454051282494,34.147112563522015,,40.217596925112005,,False,"{""floor"": false, ""depressed_arms"": {""self_pct"": false, ""self_z"": false, ""median_ratio"": false}, ""yield_arm"": false, ""residual_arm"": false, ""brakes"": {""gm"": true, ""fcf_margin"": false, ""roic"": true}, ""self_pct"": 74.23076923076923, ""self_z"": 1.4648901669153267, ""median_ratio"": 1.3927052350835414, ""fcf_yield"": 0.036632352155316905, ""yield_threshold"": 0.0495, ""gs10"": 0.0495, ""residual_pct"": null, ""brake_values"": {""gm"": 0.9941611608710316, ""fcf_margin"": 0.9237385637037571, ""roic"": 1.088209060857111}}",False,"{""floor"": false, ""mom_sector_pct"": 90.47619047619048, ""eps_rev_proxy"": null}"
VLO,1035002,Valero Energy,Energy,Oil & Gas Refining & Marketing,Energy,23.783709787816566,5.9986310746064335,1037825682.5826969,1.360224435717015,-0.011662812955999802,1.6004997023915633,8.0,0.05865570886822978,0.4778365143891965,0.04221953922401318,0.042312082297149764,0.395140153597486,0.036137934599664474,0.02953227405529186,0.5189869050087139,4,9,False,0.13578129304273,,,False,0.08032454070030204,,0.055080094980523256,1.3694240893201266,,1.524162783255318,1.3978606685765236,68.09338521400778,0.330905239737154,1.3479456215465189,257.0,gm_derived,408.4599914550781,287927461.0,117606848259.74234,125542848259.74234,32937000000.0,7936000000.0,10908000000.0,,,3230000000.0,4669000000.0,139397000000.0,10011000000.0,,,7678000000.0,13241000000.0,7212000000.0,7739000000.0,0.22695035460992907,0.23496371861432433,12.54049028665891,,,16.35098310233685,0.06115840214262602,16.30710597056882,,0.35261687183747453,260000000.0,123000000.0,0.011628260011537177,4.0,0.16808808194996555,0.08872031432067749,92.99610894941634,0.14925259310855024,2.6893504731791777,257.0,['fcf_cagr5 gate'],False,0.8,ig,Energy,81.81818181818183,12.5,20.0,68.18181818181817,50.0,,81.81818181818181,54.54545454545455,100.0,1.0,18.877069723283675,"{'profitability': 30.6, 'growth': 100.0, 'balance': 88.2, 'stability': 27.5}",,False,,,,,,False,"{""floor"": false, ""depressed_arms"": {""self_pct"": false, ""self_z"": false, ""median_ratio"": false}, ""yield_arm"": false, ""residual_arm"": false, ""brakes"": {""gm"": true, ""fcf_margin"": false, ""roic"": true}, ""self_pct"": 92.99610894941634, ""self_z"": 0.14925259310855024, ""median_ratio"": 2.6893504731791777, ""fcf_yield"": null, ""yield_threshold"": 0.0495, ""gs10"": 0.0495, ""residual_pct"": null, ""brake_values"": {""gm"": 1.3694240893201266, ""fcf_margin"": null, ""roic"": 1.3978606685765236}}",False,"{""floor"": false, ""mom_sector_pct"": 100.0, ""eps_rev_proxy"": null}"
DDOG,1561550,Datadog,Information Technology,Application Software,Software and Services,1.2320328542094456,5.9986310746064335,1013113896.1231638,0.402516021627237,0.0,0.8209720597937058,9.0,0.7960431954942917,0.016433439691962922,0.07279577792730438,0.07291347524683718,0.4320728751267351,0.07036331274504795,0.0730237707161444,0.5556103703899132,8,8,True,0.4153252804745149,0.3788155747941202,,False,0.7951226767673585,0.09052102174968016,0.08672065746932293,0.9988436321896306,1.243492745418239,1.2324697926537886,2.6360107516720643,65.85365853658537,0.07506794198886035,1.235134549830252,246.0,shares_was_proxy,276.4599914550781,356253000.0,98489701335.84595,98347000335.84595,4224459000.0,-142701000.0,1229034000.0,46925000.0,823037000.0,62000000.0,-142701000.0,3966725000.0,16329000.0,1182109000.0,359072000.0,343997000.0,78329000.0,177543000.0,14513359.03903904,0.1111911911911912,0.003435554479056144,6022.842815594706,273.89214512923854,0.0036510722113923372,285.8949361065531,0.0034977884310175393,554.7371697889861,6.658156052336617,-1.8218156749096759,706721000.0,23157000.0,0.172774312639796,0.0,0.0013033158066130483,-0.010378670736420537,61.382113821138205,0.06493897162444304,1.196863433577895,246.0,[],True,1.0,ig,Software and Services,10.526315789473683,13.636363636363635,66.66666666666666,15.0,22.727272727272727,95.23809523809523,90.0,0.0,66.10169491525424,1.0,50.528870453155804,"{'profitability': 14.6, 'growth': 100.0, 'balance': 100.0, 'stability': 76.8}",15.903832301715575,False,1.6836909373300046,32.839494369666376,,33.216351377435686,,False,"{""floor"": false, ""depressed_arms"": {""self_pct"": false, ""self_z"": false, ""median_ratio"": false}, ""yield_arm"": false, ""residual_arm"": false, ""brakes"": {""gm"": true, ""fcf_margin"": true, ""roic"": true}, ""self_pct"": 61.382113821138205, ""self_z"": 0.06493897162444304, ""median_ratio"": 1.196863433577895, ""fcf_yield"": 0.0036510722113923372, ""yield_threshold"": 0.0495, ""gs10"": 0.0495, ""residual_pct"": null, ""brake_values"": {""gm"": 0.9988436321896306, ""fcf_margin"": 1.243492745418239, ""roic"": 2.6360107516720643}}",False,"{""floor"": false, ""mom_sector_pct"": 66.10169491525424, ""eps_rev_proxy"": null}"
MPWR,1280452,Monolithic Power Systems,Information Technology,Semiconductors,Semiconductors and Semiconductor Equipment,5.634496919917864,5.9986310746064335,981445744.016996,0.3389367374789243,-0.16359702314622193,0.4911381192444686,10.0,0.5635248689538707,0.021088396592173132,0.13823752228634945,0.1572135623565872,0.45479670607615164,0.17195902902029758,0.20003805825493226,0.5867483076513033,9,9,False,0.27004800152081065,0.2571099993861663,0.35017191186391794,True,0.551953190160695,0.11507785447570817,0.16905722241333904,0.9794655401550293,0.8324646779861431,0.9831250116757985,0.8470964980641138,73.07692307692307,0.21107341687525333,1.3323781787824944,260.0,,1360.969970703125,49143000.0,66882147270.26367,65491451270.26367,2504728000.0,-1390696000.0,822337000.0,236800000.0,208869000.0,60117000.0,-1390696000.0,3273158000.0,940165000.0,585537000.0,376668000.0,553351000.0,1000282000.0,801946000.0,766019473.6243205,0.18522868472627632,0.3058294048792206,69.65952919994221,173.87049409629614,0.005751407133208937,118.35426568356012,0.008449209618465861,83.39981404017686,0.7301451718694276,-1.3903039342905301,25944000.0,111000.0,0.010402327118952637,10.0,0.36103254538076657,0.42917691706248634,81.92307692307692,0.031528786189017825,1.5324624424198958,260.0,[],True,1.0,ig,Semiconductors and Semiconductor Equipment,57.14285714285714,25.0,56.25,93.33333333333333,65.625,40.0,92.85714285714286,12.5,61.016949152542374,1.0,67.03966262658942,"{'profitability': 73.0, 'growth': 100.0, 'balance': 100.0, 'stability': 75.2}",12.283932778260553,True,1.1260934499968052,56.385796139923,93.24324324324324,39.661797702424984,3.0,False,"{""floor"": true, ""depressed_arms"": {""self_pct"": false, ""self_z"": false, ""median_ratio"": false}, ""yield_arm"": false, ""residual_arm"": false, ""brakes"": {""gm"": true, ""fcf_margin"": false, ""roic"": false}, ""self_pct"": 81.92307692307692, ""self_z"": 0.031528786189017825, ""median_ratio"": 1.5324624424198958, ""fcf_yield"": 0.005751407133208937, ""yield_threshold"": 0.0495, ""gs10"": 0.0495, ""residual_pct"": 93.24324324324324, ""brake_values"": {""gm"": 0.9794655401550293, ""fcf_margin"": 0.8324646779861431, ""roic"": 0.8470964980641138}}",False,"{""floor"": true, ""mom_sector_pct"": 61.016949152542374, ""eps_rev_proxy"": 3.0}"
APH,820313,Amphenol,Information Technology,Electronic Components,Technology Hardware and Equipment,18.0041067761807,5.9986310746064335,980210937.5166018,0.3619526822640773,0.0,0.4116869821727176,10.0,0.33272634672800655,0.05957262415458759,0.14342933551978476,0.1347777865800523,0.4649387036090449,0.14396569744529666,0.14009722130986008,0.4903446263239141,8,9,False,0.21847048472093156,,,False,0.38496616905476716,0.15705968929990796,0.15203071842933416,1.157005367445293,1.095031840806674,1.056020434917158,1.2162254390722969,88.46153846153845,1.7186225527386614,1.8936966902336685,260.0,,85.66999816894531,1232983457.0,105629690503.52986,104137475503.52986,13999385000.0,-1492215000.0,5871700000.0,1158000000.0,157100000.0,1303900000.0,-1613715000.0,29011900000.0,7841400000.0,4713700000.0,4556600000.0,4410700000.0,9145300000.0,5143100000.0,5554440989.650182,0.2916518747098501,0.3967632142162089,13.280469750749848,22.85420609742568,0.04375562186396144,23.610192373893,0.04235458924535283,20.538136630345484,0.9165094981625868,-0.17645293210720261,17554700000.0,5019800000.0,1.612535122078577,10.0,0.3262250578468815,0.2189957525932241,84.23076923076923,1.582460642093537,1.8866773485968675,260.0,['fcf_cagr5 gate'],False,1.0,ig,Technology Hardware and Equipment,80.95238095238095,57.89473684210527,40.0,85.71428571428571,64.28571428571429,23.809523809523807,75.0,90.47619047619048,64.40677966101694,1.0,59.22654633177201,"{'profitability': 77.0, 'growth': 100.0, 'balance': 100.0, 'stability': 65.2}",46.39720327651365,False,-0.46936586882755105,36.54341637798536,,52.81187480414283,,False,"{""floor"": false, ""depressed_arms"": {""self_pct"": false, ""self_z"": false, ""median_ratio"": false}, ""yield_arm"": false, ""residual_arm"": false, ""brakes"": {""gm"": true, ""fcf_margin"": true, ""roic"": true}, ""self_pct"": 84.23076923076923, ""self_z"": 1.582460642093537, ""median_ratio"": 1.8866773485968675, ""fcf_yield"": 0.04375562186396144, ""yield_threshold"": 0.0495, ""gs10"": 0.0495, ""residual_pct"": null, ""brake_values"": {""gm"": 1.157005367445293, ""fcf_margin"": 1.095031840806674, ""roic"": 1.2162254390722969}}",False,"{""floor"": false, ""mom_sector_pct"": 64.40677966101694, ""eps_rev_proxy"": null}"
ABT,1800,Abbott Laboratories,Health Care,Health Care Equipment,Health Care Equipment and Services,69.57973990417523,5.9986310746064335,971941125.1482017,-0.17650701681351166,-0.25379146779904915,-0.2649908870216875,10.0,0.5602537985573318,0.011679804718473043,0.14925237279273162,0.15184533477711604,0.1759181212699683,0.12047627368739491,0.1289487549538405,0.20266572647129205,8,9,False,0.05075224605174555,0.05256205756552523,0.07512211055170948,False,0.5626135507599592,0.1481366597243763,0.1242743829485532,1.0042119343210234,0.9925246543992656,1.031525786322155,0.5693851351505428,39.23076923076923,-0.47709578297571487,0.8661004497252525,260.0,gm_derived,96.69000244140625,1741812429.0,168415848012.48175,197014848012.48175,80660000000.0,28599000000.0,9464000000.0,2086000000.0,692000000.0,3163000000.0,27959000000.0,45134000000.0,7705000000.0,7378000000.0,6686000000.0,5609000000.0,10868000000.0,6276000000.0,5942802015.484822,0.22870836917782966,0.07367718838934816,25.569740170341564,29.46677355855246,0.0339365284771654,35.12477233240894,0.02846993542154064,26.834902487648463,1.175589547482473,2.5725984541774016,35221000000.0,1200000000.0,0.4515373171336474,6.0,0.12939780798785386,0.11731647172692065,40.76923076923077,-0.45915430702154447,0.8909975948901537,260.0,[],True,1.0,ig,Health Care Equipment and Services,55.55555555555556,79.3103448275862,40.909090909090914,60.71428571428571,58.333333333333336,41.37931034482759,29.629629629629633,23.33333333333333,11.904761904761903,1.0,30.756798724752155,"{'profitability': 48.0, 'growth': 43.0, 'balance': 14.2, 'stability': 84.5}",38.96819258570281,False,0.15870260529627567,25.14252669855383,,34.862495655227484,,False,"{""floor"": false, ""depressed_arms"": {""self_pct"": false, ""self_z"": false, ""median_ratio"": false}, ""yield_arm"": false, ""residual_arm"": false, ""brakes"": {""gm"": true, ""fcf_margin"": true, ""roic"": false}, ""self_pct"": 40.76923076923077, ""self_z"": -0.45915430702154447, ""median_ratio"": 0.8909975948901537, ""fcf_yield"": 0.0339365284771654, ""yield_threshold"": 0.0495, ""gs10"": 0.0495, ""residual_pct"": null, ""brake_values"": {""gm"": 1.0042119343210234, ""fcf_margin"": 0.9925246543992656, ""roic"": 0.5693851351505428}}",False,"{""floor"": false, ""mom_sector_pct"": 11.904761904761903, ""eps_rev_proxy"": null}"
DIS,1744489,Walt Disney Company (The),Communication Services,Movies & Entertainment,Media and Entertainment,50.25598904859685,5.9986310746064335,944789131.7209129,-0.05010311223677688,-0.11886054690977832,-0.08600270052417369,10.0,,,0.04696478487902189,0.04222817161240973,0.6653792386657661,0.04762362424298669,0.03772863281513645,1.021189226100107,7,9,False,0.07626145769160764,,,False,,0.06852044790159921,0.10055532515349834,,1.4589750187955348,2.111458897803366,1.2007256868832439,19.689119170984455,-0.013547419182839932,0.717040408028493,193.0,,101.33000183105469,1726686902.0,174965186941.31815,226028186941.31815,161095000000.0,51063000000.0,16989000000.0,8696000000.0,1519000000.0,5529000000.0,44253000000.0,98861000000.0,18238000000.0,8293000000.0,6774000000.0,9941000000.0,23767000000.0,8600000000.0,13211464156.862747,0.2756078431372549,0.0820103923576942,12.393255123441065,33.36701903473843,0.02996971347542012,22.73696679824144,0.04398124028035893,20.34478917922304,0.9643023255813954,1.8619514452812724,74682000000.0,7480000000.0,0.5100220366864273,0.0,0.06830068953598452,0.06510317640628185,29.1497975708502,-0.011665175146368294,0.8409396862161322,247.0,['fcf_cagr5 gate'],False,0.9,ig,Media and Entertainment,12.5,11.11111111111111,,18.75,72.22222222222221,62.5,22.222222222222214,66.66666666666667,63.63636363636363,1.0,20.91414439836823,"{'profitability': 24.7, 'growth': 63.6, 'balance': 37.9, 'stability': 51.9}",53.67176510645582,False,0.06792735395871885,31.175751717938702,,37.29295475241203,,False,"{""floor"": false, ""depressed_arms"": {""self_pct"": false, ""self_z"": false, ""median_ratio"": false}, ""yield_arm"": false, ""residual_arm"": false, ""brakes"": {""gm"": false, ""fcf_margin"": true, ""roic"": true}, ""self_pct"": 29.1497975708502, ""self_z"": -0.011665175146368294, ""median_ratio"": 0.8409396862161322, ""fcf_yield"": 0.02996971347542012, ""yield_threshold"": 0.0495, ""gs10"": 0.0495, ""residual_pct"": null, ""brake_values"": {""gm"": null, ""fcf_margin"": 1.4589750187955348, ""roic"": 1.2007256868832439}}",False,"{""floor"": false, ""mom_sector_pct"": 63.63636363636363, ""eps_rev_proxy"": null}"
DHR,313616,Danaher Corporation,Health Care,Life Sciences Tools & Services,Pharmaceuticals Biotechnology and Life Sciences,27.871321013004792,5.9986310746064335,931733745.4501861,-0.028684735174160148,-0.10631154655741759,-0.007751929670726909,10.0,0.5991216904491218,0.017070404912784474,0.2374381052701874,0.22917538719129343,0.14775899253474936,0.19809131737571067,0.19640016743407285,0.20648799664036563,6,9,False,0.019706835895877406,-0.005864959565540895,-0.028683248018713026,False,0.5851356195483332,0.2058788385709165,0.1516310192376628,0.9766557093095658,0.8670842379602096,0.765460199096315,0.7745957558763628,77.3076923076923,0.9555413945651338,1.1870440422380781,260.0,,211.75999450683594,702986054.0,148864322933.42227,172363322933.42227,76080000000.0,23499000000.0,6635000000.0,1169000000.0,297000000.0,2531000000.0,23488000000.0,25107000000.0,5127000000.0,5466000000.0,5169000000.0,3807000000.0,7658000000.0,4004000000.0,4295827383.452332,0.1621167576648467,0.056464608089541686,33.61874837788615,33.34558385247094,0.029988978583318435,45.27536720079387,0.02208706548011091,37.178901831524044,1.3651348651348651,3.0671193523113085,47414000000.0,21358000000.0,0.9039432176656151,1.0,0.07289558154841516,0.06481671277570224,63.84615384615384,0.5410811603507071,1.0930266142353167,260.0,[],True,1.0,ig,Pharmaceuticals Biotechnology and Life Sciences,33.33333333333333,66.66666666666666,33.33333333333333,16.666666666666664,62.5,77.77777777777779,25.0,30.0,26.190476190476193,1.0,18.24787561640629,"{'profitability': 55.3, 'growth': 8.2, 'balance': 0.0, 'stability': 74.2}",32.29456591542106,False,-0.004411572905563599,33.49301528987319,,25.271220765913675,,False,"{""floor"": false, ""depressed_arms"": {""self_pct"": false, ""self_z"": false, ""median_ratio"": false}, ""yield_arm"": false, ""residual_arm"": false, ""brakes"": {""gm"": true, ""fcf_margin"": false, ""roic"": false}, ""self_pct"": 63.84615384615384, ""self_z"": 0.5410811603507071, ""median_ratio"": 1.0930266142353167, ""fcf_yield"": 0.029988978583318435, ""yield_threshold"": 0.0495, ""gs10"": 0.0495, ""residual_pct"": null, ""brake_values"": {""gm"": 0.9766557093095658, ""fcf_margin"": 0.8670842379602096, ""roic"": 0.7745957558763628}}",False,"{""floor"": false, ""mom_sector_pct"": 26.190476190476193, ""eps_rev_proxy"": null}"
MPC,1510295,Marathon Petroleum,Energy,Oil & Gas Refining & Marketing,Energy,15.255304585900069,5.9986310746064335,887694112.6292537,1.0471976903497175,-0.011155877023551919,1.2116999501272203,9.0,0.1105474730531378,0.2210653449589253,0.0519947956857167,0.04317173637515843,0.5400458367519454,0.045217912186809664,0.03738189883627146,0.6273465141348971,5,9,False,0.13717834715373045,,,False,0.1249601177259616,0.08399044127701413,0.08992231909726066,1.1303751616818591,1.6153624640568947,1.9886437641296393,1.4187522776248285,51.229508196721305,0.04119545744682032,1.0476534732393914,244.0,sbc_unreported;gm_derived,420.1499938964844,280824763.0,117988522460.43167,124458522460.43167,25547000000.0,6470000000.0,17126000000.0,4227000000.0,,3316000000.0,-173000000.0,153577000000.0,14133000000.0,12899000000.0,12899000000.0,13810000000.0,17449000000.0,8554000000.0,11411539780.736101,0.19256068911511354,0.44668805655208443,8.806235226804759,9.648695438439544,0.10364095399012067,9.0122029297923,0.11096066164846628,13.793374147817591,1.5079494973111995,-0.009914608287007852,9335000000.0,2714000000.0,0.47164050573452854,6.0,0.314845701816174,0.24577882683491659,51.92307692307693,0.03411166796511255,1.0648854735902837,260.0,['fcf_cagr5 gate'],False,1.0,ig,Energy,100.0,25.0,40.0,100.0,72.72727272727273,100.0,90.9090909090909,72.72727272727273,90.9090909090909,1.0,25.596299288919322,"{'profitability': 58.6, 'growth': 100.0, 'balance': 100.0, 'stability': 30.7}",69.26499032882012,False,-0.7236374545771245,19.894835452795572,,47.43064480886972,,False,"{""floor"": false, ""depressed_arms"": {""self_pct"": false, ""self_z"": false, ""median_ratio"": false}, ""yield_arm"": true, ""residual_arm"": false, ""brakes"": {""gm"": true, ""fcf_margin"": true, ""roic"": true}, ""self_pct"": 51.92307692307693, ""self_z"": 0.03411166796511255, ""median_ratio"": 1.0648854735902837, ""fcf_yield"": 0.10364095399012067, ""yield_threshold"": 0.0495, ""gs10"": 0.0495, ""residual_pct"": null, ""brake_values"": {""gm"": 1.1303751616818591, ""fcf_margin"": 1.6153624640568947, ""roic"": 1.4187522776248285}}",False,"{""floor"": false, ""mom_sector_pct"": 90.9090909090909, ""eps_rev_proxy"": null}"
RTX,101829,RTX Corporation,Industrials,Aerospace & Defense,Capital Goods,69.57973990417523,5.9986310746064335,886936558.8677568,0.22325767228804883,-0.17024714762544724,0.12712238058572023,10.0,,,0.06901587274362934,0.07091383487606387,0.21992982481569692,0.04259072079525541,0.039359513373289204,0.399775724597179,8,9,True,0.09382123755404659,0.12203084425734056,,False,,0.11567914438502674,0.09855614973262032,,1.6761237638004767,2.314028687290952,1.6782490454237171,3.4615384615384617,-0.11762967237951803,0.4365187103323449,260.0,gm_derived,185.00999450683594,1347758144.0,249348726817.9834,285072726817.9834,102101000000.0,35724000000.0,14206000000.0,2799000000.0,591000000.0,4400000000.0,33985000000.0,93500000000.0,10485000000.0,11407000000.0,10816000000.0,9215000000.0,14885000000.0,7738000000.0,8521618985.695708,0.18725617685305593,0.08346263979486693,27.188624398472427,26.356576074147874,0.037941195289810825,30.93572727270574,0.032325084559505064,32.22392437554709,1.4741535280434221,2.283170977494122,52928000000.0,8466000000.0,0.6013065493971655,1.0,0.04973197513352057,0.04773358455168937,9.615384615384617,-0.723410702194435,0.7009506938091045,260.0,[],True,0.9,ig,Capital Goods,5.405405405405405,26.82926829268293,,6.097560975609756,64.28571428571429,84.61538461538461,29.729729729729726,31.707317073170728,67.1875,1.0,34.556308189815844,"{'profitability': 26.1, 'growth': 89.1, 'balance': 23.9, 'stability': 77.9}",51.36263881527744,False,-0.026988869690160122,27.07759626595266,,42.95947350254664,,False,"{""floor"": false, ""depressed_arms"": {""self_pct"": true, ""self_z"": false, ""median_ratio"": true}, ""yield_arm"": false, ""residual_arm"": false, ""brakes"": {""gm"": false, ""fcf_margin"": true, ""roic"": true}, ""self_pct"": 9.615384615384617, ""self_z"": -0.723410702194435, ""median_ratio"": 0.7009506938091045, ""fcf_yield"": 0.037941195289810825, ""yield_threshold"": 0.0495, ""gs10"": 0.0495, ""residual_pct"": null, ""brake_values"": {""gm"": null, ""fcf_margin"": 1.6761237638004767, ""roic"": 1.6782490454237171}}",False,"{""floor"": false, ""mom_sector_pct"": 67.1875, ""eps_rev_proxy"": null}"
BSX,885725,Boston Scientific,Health Care,Health Care Equipment,Health Care Equipment and Services,31.603011635865844,5.9986310746064335,883145185.330382,-0.5088368332619024,-0.5790242622021274,-0.5557953177373938,9.0,0.6894320910981699,0.004411551642505278,0.11397261407507511,0.10948033707865168,0.47236973500304247,0.07882838797324879,0.07542134831460674,0.731699236223419,8,9,False,0.15155785671653277,0.2643853490752126,,False,0.699323680701086,0.15741093541626977,0.13316822251857496,1.0143474458625215,1.3811294642463963,1.689343470575181,1.764287430472952,0.8658008658008658,-0.7742009901271165,0.2382232398219859,231.0,,43.22999954223633,1449229526.0,62650191745.57537,67820191745.57537,30100000000.0,5170000000.0,4529000000.0,904000000.0,320000000.0,1413000000.0,4928000000.0,20996000000.0,4152000000.0,3625000000.0,3305000000.0,2796000000.0,5565000000.0,,3944453768.4537687,0.04998704998704999,0.1310449756961385,16.334342905967095,20.520481617420685,0.04873179970352443,24.256148692981178,0.04122666020304215,,,0.8855345911949686,18640000000.0,770000000.0,0.6448504983388704,1.0,0.0742764321916692,0.07833883656686005,0.7692307692307693,-0.9596564361713177,0.31951847649938747,260.0,[],True,0.9,ig,Health Care Equipment and Services,33.33333333333333,65.51724137931035,81.81818181818183,25.0,13.333333333333334,,66.66666666666667,80.0,4.761904761904762,1.0,47.67652885170147,"{'profitability': 41.5, 'growth': 100.0, 'balance': 70.5, 'stability': 70.4}",74.8748590599935,False,-0.1898038160714166,24.80951643373154,,61.27569395584749,,False,"{""floor"": false, ""depressed_arms"": {""self_pct"": true, ""self_z"": false, ""median_ratio"": true}, ""yield_arm"": false, ""residual_arm"": false, ""brakes"": {""gm"": true, ""fcf_margin"": true, ""roic"": true}, ""self_pct"": 0.7692307692307693, ""self_z"": -0.9596564361713177, ""median_ratio"": 0.31951847649938747, ""fcf_yield"": 0.04873179970352443, ""yield_threshold"": 0.0495, ""gs10"": 0.0495, ""residual_pct"": null, ""brake_values"": {""gm"": 1.0143474458625215, ""fcf_margin"": 1.3811294642463963, ""roic"": 1.764287430472952}}",False,"{""floor"": false, ""mom_sector_pct"": 4.761904761904762, ""eps_rev_proxy"": null}"
NXPI,1413447,NXP Semiconductors,Information Technology,Semiconductors,Semiconductors and Semiconductor Equipment,5.530458590006845,5.9986310746064335,866198764.4831026,0.00845661372226214,-0.24978573587689779,0.06345764186445768,10.0,0.5596697637860223,0.01745413666574701,0.16427159456798573,0.17136185598071707,0.11161907704946696,0.1380571013467178,0.13215221910874084,0.19987088589380053,4,9,False,0.07334918054419859,0.030009963166075515,0.010761302236520276,True,0.5504558065794689,0.17970669837495046,0.1428458184700753,0.9835367965133165,1.0939608813535728,1.0346864962152946,,72.6923076923077,0.638441462515025,1.2840212675960327,260.0,,239.19000244140625,252471079.0,60388558002.39447,69048558002.39447,19587000000.0,8660000000.0,3048000000.0,337000000.0,444000000.0,802000000.0,8313000000.0,12615000000.0,3829000000.0,2711000000.0,2267000000.0,1802000000.0,4631000000.0,2653000000.0,,,,18.033052494749143,30.458119983411766,0.03283196732249477,38.317734740507476,0.02609757614253885,22.76236637858819,1.0218620429702223,1.7950766573094363,10280000000.0,1505000000.0,0.6016745800786236,,,,73.46153846153847,0.6820796079129504,1.2351152800078173,260.0,[],True,0.8,ig,Semiconductors and Semiconductor Equipment,,43.75,50.0,,65.625,60.0,7.142857142857139,87.5,33.89830508474576,1.0,33.997006554979436,"{'profitability': 68.5, 'growth': 43.1, 'balance': 40.2, 'stability': 64.9}",47.248526366961194,False,,,,40.62276646097031,,False,"{""floor"": false, ""depressed_arms"": {""self_pct"": false, ""self_z"": false, ""median_ratio"": false}, ""yield_arm"": false, ""residual_arm"": false, ""brakes"": {""gm"": true, ""fcf_margin"": true, ""roic"": false}, ""self_pct"": 73.46153846153847, ""self_z"": 0.6820796079129504, ""median_ratio"": 1.2351152800078173, ""fcf_yield"": 0.03283196732249477, ""yield_threshold"": 0.0495, ""gs10"": 0.0495, ""residual_pct"": null, ""brake_values"": {""gm"": 0.9835367965133165, ""fcf_margin"": 1.0939608813535728, ""roic"": null}}",False,"{""floor"": false, ""mom_sector_pct"": 33.89830508474576, ""eps_rev_proxy"": null}"
PM,1413329,Philip Morris International,Consumer Staples,Tobacco,Food Beverage and Tobacco,18.50513347022587,5.9986310746064335,853442179.865824,0.22254735494784628,-0.024974131213568618,0.26038981996627,10.0,0.6548753062561236,0.027533589284085537,0.2868657064721064,0.2844131157928085,0.11826061086101033,0.280923737864036,0.2753577274407308,0.11074922317837099,8,9,False,0.07213535484188793,0.029750712780618693,0.029988945737428052,False,0.6751439652133036,0.29902456222822893,0.28710776824538725,1.030950409587215,1.0423851840139866,1.0220131998398236,,83.07692307692308,1.3204373359901653,1.4154456837564253,260.0,sbc_unreported,188.17999267578125,1558613439.0,293299865535.3942,310140865535.3942,8258000000.0,16841000000.0,14264000000.0,1542000000.0,,2049000000.0,14915000000.0,42545000000.0,16059000000.0,12722000000.0,12722000000.0,12215000000.0,18108000000.0,10874000000.0,,,,19.312588924303768,24.378310449252808,0.041020069954464375,25.39016500494427,0.03938532891792032,26.972582815467558,1.1699466617620011,0.8236690965319196,16917000000.0,10178000000.0,3.281060789537418,,,,73.07692307692307,0.8828446494748061,1.2551068636522535,260.0,[],True,0.8,ig,Food Beverage and Tobacco,,92.85714285714286,100.0,,53.57142857142857,53.84615384615385,76.92307692307692,35.71428571428571,74.07407407407408,1.0,63.90385106378418,"{'profitability': 100.0, 'growth': 42.5, 'balance': 72.5, 'stability': 85.8}",34.42456201977396,True,,,,49.164206541779066,6.0,False,"{""floor"": true, ""depressed_arms"": {""self_pct"": false, ""self_z"": false, ""median_ratio"": false}, ""yield_arm"": false, ""residual_arm"": false, ""brakes"": {""gm"": true, ""fcf_margin"": true, ""roic"": false}, ""self_pct"": 73.07692307692307, ""self_z"": 0.8828446494748061, ""median_ratio"": 1.2551068636522535, ""fcf_yield"": 0.041020069954464375, ""yield_threshold"": 0.0495, ""gs10"": 0.0495, ""residual_pct"": null, ""brake_values"": {""gm"": 1.030950409587215, ""fcf_margin"": 1.0423851840139866, ""roic"": null}}",False,"{""floor"": true, ""mom_sector_pct"": 74.07407407407408, ""eps_rev_proxy"": 6.0}"
GILD,882095,Gilead Sciences,Health Care,Biotechnology,Pharmaceuticals Biotechnology and Life Sciences,22.253251197809718,5.9986310746064335,841765907.3750986,0.36538415110131095,-0.031142562129671036,0.3412480793346817,10.0,0.7764249748288283,0.018483065643030375,0.30410705427176765,0.2907991712801005,0.1342563168718781,0.23730170832644365,0.23136981782192734,0.2028325133159393,5,9,False,0.03584723676709367,0.0469381568096201,0.01031982684091437,False,0.7959089864398989,0.3951144236136192,0.32412910004268314,1.0250945194226475,1.299260961110498,1.3658945075810223,-0.39028374604315247,62.30769230769231,0.4040541769539414,1.1380006172818808,260.0,gm_derived,147.5,1239955155.0,182893385362.5,206481385362.5,35417000000.0,23588000000.0,13552000000.0,609000000.0,909000000.0,2771000000.0,23672000000.0,30457000000.0,-2497000000.0,12943000000.0,12034000000.0,9872000000.0,274000000.0,-3240000000.0,-1981885461.7985902,0.2062933673213495,-0.05595859225226841,,17.158167306174175,0.05828128273584098,20.915861564272692,0.04781060521590678,,,86.39416058394161,8314000000.0,14032000000.0,0.6309399440946438,4.0,0.14337925373423377,0.1512377202400723,71.92307692307692,0.6540046377139116,1.1652397565139372,260.0,[],True,0.8,ig,Pharmaceuticals Biotechnology and Life Sciences,58.333333333333336,91.66666666666666,88.88888888888889,45.83333333333333,62.5,,0.0,,78.57142857142857,1.0,21.00599114505035,"{'profitability': 50.0, 'growth': 34.5, 'balance': 0.0, 'stability': 69.2}",,False,-0.6851112623755959,34.04167639850968,,,,False,"{""floor"": false, ""depressed_arms"": {""self_pct"": false, ""self_z"": false, ""median_ratio"": false}, ""yield_arm"": true, ""residual_arm"": false, ""brakes"": {""gm"": true, ""fcf_margin"": true, ""roic"": false}, ""self_pct"": 71.92307692307692, ""self_z"": 0.6540046377139116, ""median_ratio"": 1.1652397565139372, ""fcf_yield"": 0.05828128273584098, ""yield_threshold"": 0.0495, ""gs10"": 0.0495, ""residual_pct"": null, ""brake_values"": {""gm"": 1.0250945194226475, ""fcf_margin"": 1.299260961110498, ""roic"": -0.39028374604315247}}",False,"{""floor"": false, ""mom_sector_pct"": 78.57142857142857, ""eps_rev_proxy"": null}"
CIEN,936395,Ciena,Information Technology,Communications Equipment,Technology Hardware and Equipment,0.6433949349760438,5.9986310746064335,826118934.7951379,1.1195114326063753,-0.35049847365055364,1.5034006093642116,11.0,0.4364211147441573,0.045500614881491735,0.02892076328800175,0.05516549998692389,1.2403009453572813,0.024702121881756873,0.05870875265102598,2.809379526940817,9,11,False,0.061907524784472256,0.1011255584819819,0.09762853026243157,False,0.44071827207055964,0.1000441130503211,0.11535811791405064,1.0098463552317387,3.45924870841241,4.669967967377145,2.128685578118145,67.03296703296702,0.5805364894179752,1.4274479018933603,182.0,,379.1400146484375,141808525.0,53765286245.773315,54459765245.773315,3751217000.0,694479000.0,1054683000.0,240321000.0,212007000.0,148117000.0,694479000.0,6020894000.0,738953000.0,814362000.0,602355000.0,694559000.0,887070000.0,654410000.0,666403317.1869789,0.0981790219581233,0.17764989793631744,73.69855084934132,90.4114106229272,0.01106055079895427,78.40912758422728,0.012753617223017787,82.15841176903366,1.2444216928225424,0.782890865433393,513340000.0,224210000.0,0.1966161914919878,3.0,0.08345520811644153,0.06785878177919694,74.72527472527473,0.578932290636335,1.523352362313381,182.0,['tenure<1y'],False,1.0,ig,Technology Hardware and Equipment,19.047619047619047,15.789473684210526,55.00000000000001,23.809523809523807,100.0,66.66666666666666,55.0,4.761904761904773,88.13559322033898,1.0,32.98007636968152,"{'profitability': 28.0, 'growth': 67.9, 'balance': 73.9, 'stability': 61.4}",14.959502625704525,False,0.9386152381686945,35.36615342992577,,23.96978949769302,,False,"{""floor"": false, ""depressed_arms"": {""self_pct"": false, ""self_z"": false, ""median_ratio"": false}, ""yield_arm"": false, ""residual_arm"": false, ""brakes"": {""gm"": true, ""fcf_margin"": true, ""roic"": true}, ""self_pct"": 74.72527472527473, ""self_z"": 0.578932290636335, ""median_ratio"": 1.523352362313381, ""fcf_yield"": 0.01106055079895427, ""yield_threshold"": 0.0495, ""gs10"": 0.0495, ""residual_pct"": null, ""brake_values"": {""gm"": 1.0098463552317387, ""fcf_margin"": 3.45924870841241, ""roic"": 2.128685578118145}}",False,"{""floor"": false, ""mom_sector_pct"": 88.13559322033898, ""eps_rev_proxy"": null}"
TMUS,1283699,T-Mobile US,Communication Services,Wireless Telecommunication Services,Telecommunication Services,7.216974674880219,5.9986310746064335,810733616.6840473,-0.19505524545611774,-0.2798737611036711,-0.28281341643270497,6.0,,,0.09912887591457693,0.10299396624150309,0.6981245189098858,0.06405330663676487,0.06458922070317473,1.041571301549262,7,9,False,0.05243088054913425,,,False,,0.19018538003449437,0.147002353860005,,1.918566898694425,2.295000236188113,1.3585829438241543,0.4878048780487805,-0.22674147177302084,0.45874062843061864,205.0,gm_derived,161.72999572753906,1072671613.0,173483175387.54242,294443175387.5424,177225000000.0,120960000000.0,28833000000.0,10434000000.0,866000000.0,14415000000.0,120960000000.0,92189000000.0,18253000000.0,18399000000.0,17533000000.0,13552000000.0,32668000000.0,10560000000.0,13942255334.53888,0.23616636528028934,0.07866980016667445,16.131220916427022,16.793656270321247,0.059546294380650136,21.72691671985998,0.04602585874902017,16.428331002608182,1.7423295454545455,3.7027060119995103,13667000000.0,3295000000.0,0.09570884468895471,0.0,0.057905776400544104,0.06197752167107899,0.390625,-0.18422073481427073,0.4664435982971911,256.0,['fcf_cagr5 gate'],False,0.9,sector,Communication Services,10.0,36.36363636363637,,25.0,22.727272727272727,70.0,18.181818181818173,54.54545454545455,36.36363636363637,1.0,14.282587201924594,"{'profitability': 36.1, 'growth': 43.7, 'balance': 0.0, 'stability': 51.9}",71.50412042251226,False,-0.6146736399293515,31.052361246416268,,42.89335381221843,,False,"{""floor"": false, ""depressed_arms"": {""self_pct"": true, ""self_z"": false, ""median_ratio"": true}, ""yield_arm"": true, ""residual_arm"": false, ""brakes"": {""gm"": false, ""fcf_margin"": true, ""roic"": true}, ""self_pct"": 0.390625, ""self_z"": -0.18422073481427073, ""median_ratio"": 0.4664435982971911, ""fcf_yield"": 0.059546294380650136, ""yield_threshold"": 0.0495, ""gs10"": 0.0495, ""residual_pct"": null, ""brake_values"": {""gm"": null, ""fcf_margin"": 1.918566898694425, ""roic"": 1.3585829438241543}}",False,"{""floor"": false, ""mom_sector_pct"": 36.36363636363637, ""eps_rev_proxy"": null}"
MCK,927653,McKesson Corporation,Health Care,Health Care Distributors,Health Care Equipment and Services,27.718001368925393,5.9986310746064335,791098600.8384521,0.23508207378109747,-0.08694929721605182,0.22260871875403443,10.0,0.04181892019331979,0.12015224907476518,,,0.15652509207595816,0.015414434245121612,0.015615647469749892,0.15959459784668628,9,9,False,0.11110493647209152,,,False,0.03639079961944898,0.015611351321100872,0.015900901010504086,0.8701994085744493,,1.0315591709463117,2.3821310566266685,93.84615384615384,1.680167247578867,1.507597458759888,260.0,sbc_unreported,898.8200073242188,116590363.0,104793750925.59332,111869750925.59332,2836000000.0,7076000000.0,6853000000.0,437000000.0,,318000000.0,6700000000.0,410983000000.0,6495000000.0,6416000000.0,6416000000.0,6535000000.0,6813000000.0,4592000000.0,5330365438.2161665,0.17931248064416228,1.879536473277915,17.223980127112135,17.43605843603387,0.05735241159397416,17.11855408195766,0.05841614865439856,22.820938790416665,1.397212543554007,0.9834140613532951,11278000000.0,4013000000.0,5.3917489421720735,7.0,0.7890147219437722,0.8310921139778324,93.84615384615384,1.680167247578867,1.5075974587598882,260.0,['fcf_cagr5 gate'],False,0.9,ig,Health Care Equipment and Services,100.0,,13.636363636363635,76.78571428571429,58.333333333333336,62.06896551724138,59.25925925925926,70.0,59.523809523809526,1.0,55.46248320204898,"{'profitability': 53.1, 'growth': 92.6, 'balance': 67.2, 'stability': 80.2}",40.588702201596504,False,-0.4094457534465459,26.258405289157093,,48.025592701822745,,False,"{""floor"": false, ""depressed_arms"": {""self_pct"": false, ""self_z"": false, ""median_ratio"": false}, ""yield_arm"": true, ""residual_arm"": false, ""brakes"": {""gm"": false, ""fcf_margin"": false, ""roic"": true}, ""self_pct"": 93.84615384615384, ""self_z"": 1.680167247578867, ""median_ratio"": 1.5075974587598882, ""fcf_yield"": 0.05735241159397416, ""yield_threshold"": 0.0495, ""gs10"": 0.0495, ""residual_pct"": null, ""brake_values"": {""gm"": 0.8701994085744493, ""fcf_margin"": null, ""roic"": 2.3821310566266685}}",False,"{""floor"": false, ""mom_sector_pct"": 59.523809523809526, ""eps_rev_proxy"": null}"
AZO,866787,AutoZone,Consumer Discretionary,Automotive Retail,Consumer Discretionary Distribution and Retail,29.746748802190282,5.9986310746064335,786885485.1014273,-0.2922340776999992,-0.30826612238931683,-0.3312036836674125,10.0,0.5251256824348962,0.007899391470498967,,,0.17976027941071257,0.15758567833070375,0.13995427333200858,0.09651671128038758,9,9,False,0.08436605609642212,-0.04575106342143098,0.015161635423842856,False,0.5175387987523318,0.08171665506794794,0.12062220500607337,0.9855522517059427,,0.7654388792421851,0.7217990892890791,49.61538461538461,-0.02617493227127363,0.9947898061820771,260.0,sbc_unreported,2819.030029296875,16325355.0,46021665983.931885,59479957983.931885,10673740000.0,13458292000.0,3072342000.0,1439120000.0,,661538000.0,13458292000.0,19986403000.0,3602447000.0,1633222000.0,1633222000.0,2410804000.0,4263985000.0,2478124000.0,2851784058.2373667,0.20837584612976492,0.26717758332481084,16.510987665864864,36.41878322967232,0.02745835833376352,24.67224958309837,0.04053136689590908,18.571171573307826,0.6590558018888482,3.1562709531107638,302645000.0,1443000.0,0.02848935799447991,10.0,0.37015505739687454,0.38597011526553093,68.46153846153847,0.5836117827006777,1.1663430450047325,260.0,[],True,0.9,ig,Consumer Discretionary Distribution and Retail,62.5,,100.0,93.75,55.55555555555556,22.22222222222222,0.0,44.44444444444444,15.151515151515152,1.0,33.45712231969425,"{'profitability': 66.3, 'growth': 35.2, 'balance': 0.0, 'stability': 90.2}",34.3367982802709,False,0.23321862439094687,28.84296281426555,,33.896960299982574,,False,"{""floor"": false, ""depressed_arms"": {""self_pct"": false, ""self_z"": false, ""median_ratio"": false}, ""yield_arm"": false, ""residual_arm"": false, ""brakes"": {""gm"": true, ""fcf_margin"": false, ""roic"": false}, ""self_pct"": 68.46153846153847, ""self_z"": 0.5836117827006777, ""median_ratio"": 1.1663430450047325, ""fcf_yield"": 0.02745835833376352, ""yield_threshold"": 0.0495, ""gs10"": 0.0495, ""residual_pct"": null, ""brake_values"": {""gm"": 0.9855522517059427, ""fcf_margin"": null, ""roic"": 0.7217990892890791}}",False,"{""floor"": false, ""mom_sector_pct"": 15.151515151515152, ""eps_rev_proxy"": null}"
SNPS,883241,Synopsys,Information Technology,Application Software,Software and Services,9.546885694729637,5.9986310746064335,780973845.9199688,-0.1605601699466812,-0.06595830879689335,0.04554851014680006,10.0,0.7946476583909342,0.016588977037796018,0.16710025916525123,0.17870656226177667,0.0832666902490432,0.13673282658828487,0.16789387918121312,0.6220302268118992,9,9,False,0.13866287520721876,0.1002950225005994,,False,0.7237516414068337,0.19090922124172924,0.01881608437986017,0.9107830794749255,1.1424830948522497,0.137612048615927,0.10209136885058233,100.0,3.795406954333589,4.612895914601104,250.0,,490.5400085449219,191636646.0,94005441966.36017,101238401966.36017,38385499000.0,7232960000.0,2938341000.0,190635000.0,950016000.0,1811144000.0,7234120000.0,9416465000.0,802356000.0,2747706000.0,1797690000.0,177181000.0,2613500000.0,1076559000.0,664571500.458509,0.17172489461223076,0.017313087435922324,126.17641292189523,56.31582862805054,0.01775699699998566,571.3840759808342,0.001750136277920253,87.32028803471074,2.552304146823351,2.7679816338243732,26834774000.0,336723000.0,0.7078583764144892,6.0,0.16958424233944014,0.21763821244221634,34.23076923076923,-0.20140435538450957,0.7965560915666997,260.0,[],True,1.0,ig,Software and Services,57.89473684210527,31.818181818181817,61.111111111111114,67.5,63.63636363636363,85.71428571428571,10.0,13.63636363636364,20.33898305084746,1.0,43.21337004821303,"{'profitability': 40.1, 'growth': 91.8, 'balance': 7.7, 'stability': 94.2}",32.82226351005373,False,0.5035252290322054,34.037076457740326,,38.01781677913338,,False,"{""floor"": false, ""depressed_arms"": {""self_pct"": false, ""self_z"": false, ""median_ratio"": true}, ""yield_arm"": false, ""residual_arm"": false, ""brakes"": {""gm"": false, ""fcf_margin"": true, ""roic"": false}, ""self_pct"": 34.23076923076923, ""self_z"": -0.20140435538450957, ""median_ratio"": 0.7965560915666997, ""fcf_yield"": 0.01775699699998566, ""yield_threshold"": 0.0495, ""gs10"": 0.0495, ""residual_pct"": null, ""brake_values"": {""gm"": 0.9107830794749255, ""fcf_margin"": 1.1424830948522497, ""roic"": 0.10209136885058233}}",False,"{""floor"": false, ""mom_sector_pct"": 20.33898305084746, ""eps_rev_proxy"": null}"
SYK,310764,Stryker Corporation,Health Care,Health Care Equipment,Health Care Equipment and Services,25.804243668720055,5.9986310746064335,779167584.4346229,-0.1753823480863732,-0.2894794601813996,-0.2551036792461787,10.0,0.6368841552583351,0.0075950343782137655,0.13986665078941377,0.144191192741757,0.2389333126678582,0.1037984383378537,0.10638297872340426,0.3156450055450918,8,9,False,0.11844250103109899,0.08950386245589304,0.09429930218380478,False,0.6497658396872702,0.17227232263807718,0.14146379223594072,1.0202261028517974,1.2316897678307468,1.3628701404494161,1.118869809346284,0.7692307692307693,-2.0156368205978903,0.5068248845372527,260.0,,272.9599914550781,383573046.0,104700095358.55829,116764095358.55829,36052000000.0,12064000000.0,5525000000.0,823000000.0,251000000.0,1619000000.0,12055000000.0,25837000000.0,5534000000.0,4702000000.0,4451000000.0,3655000000.0,7153000000.0,3729000000.0,4008602564.102564,0.27564102564102566,0.11118946422119616,21.099402847589136,26.233227445193954,0.03811959478067212,31.946400918894195,0.03130243067251327,28.077258074164195,1.2609278626977742,1.685306864252761,19584000000.0,5681000000.0,0.7007932985687341,4.0,0.09937658813598717,0.10108864956285928,0.7692307692307693,-2.4227428948609284,0.5538734649228821,260.0,[],True,1.0,ig,Health Care Equipment and Services,40.74074074074074,72.41379310344827,63.63636363636363,51.78571428571429,58.333333333333336,48.275862068965516,44.44444444444444,40.0,14.285714285714285,1.0,49.684109768105436,"{'profitability': 54.1, 'growth': 86.6, 'balance': 43.8, 'stability': 81.7}",59.69119758313781,False,0.048806779591884286,24.983611021579787,,54.68765367562162,,False,"{""floor"": false, ""depressed_arms"": {""self_pct"": true, ""self_z"": true, ""median_ratio"": true}, ""yield_arm"": false, ""residual_arm"": false, ""brakes"": {""gm"": true, ""fcf_margin"": true, ""roic"": true}, ""self_pct"": 0.7692307692307693, ""self_z"": -2.4227428948609284, ""median_ratio"": 0.5538734649228821, ""fcf_yield"": 0.03811959478067212, ""yield_threshold"": 0.0495, ""gs10"": 0.0495, ""residual_pct"": null, ""brake_values"": {""gm"": 1.0202261028517974, ""fcf_margin"": 1.2316897678307468, ""roic"": 1.118869809346284}}",False,"{""floor"": false, ""mom_sector_pct"": 14.285714285714285, ""eps_rev_proxy"": null}"
MDT,1613103,Medtronic,Health Care,Health Care Equipment,Health Care Equipment and Services,39.92060232717317,5.9986310746064335,775948370.2080914,-0.012284240984501316,-0.15214032882083983,-0.08592570899091201,10.0,,,0.14792446034464962,0.14181351939648745,0.08538024080072006,0.11322082245849044,0.11193607060858157,0.11287353506544918,7,9,False,0.038417474974348664,0.021228777171166335,0.04154819570596069,False,0.650098556283629,0.15012519311704225,0.12252943370092163,,1.0148774095052646,1.0822164248616368,1.1506337414540628,2.307692307692308,-1.0529795596433353,0.8300724364737913,260.0,,86.44000244140625,1279137890.0,110568682334.49524,128288684334.49524,67952002000.0,17720002000.0,8035000000.0,1903000000.0,496000000.0,2939000000.0,17102000000.0,37542000000.0,6786000000.0,6132000000.0,5636000000.0,4600000000.0,9725000000.0,430004801.0,5416056338.028169,0.20187793427230047,0.07970414673033722,18.904904853300213,22.762364147355438,0.04393216774524633,27.888844420542444,0.035856630877951226,257.13359961879877,14.26030589830554,1.758560411311054,43187000000.0,27262000000.0,1.036746496446124,0.0,0.06926978052078901,0.07582692183093777,11.153846153846155,-1.0115495677621684,0.886865767186705,260.0,[],True,0.9,ig,Health Care Equipment and Services,25.925925925925924,75.86206896551724,,8.928571428571429,58.333333333333336,100.0,40.74074074074075,60.0,33.33333333333333,1.0,30.841720919308656,"{'profitability': 47.3, 'growth': 24.9, 'balance': 41.4, 'stability': 79.5}",60.6264588342122,False,-0.08444260166194661,24.767964854852064,,45.73408987676043,,False,"{""floor"": false, ""depressed_arms"": {""self_pct"": true, ""self_z"": true, ""median_ratio"": false}, ""yield_arm"": false, ""residual_arm"": false, ""brakes"": {""gm"": false, ""fcf_margin"": true, ""roic"": true}, ""self_pct"": 11.153846153846155, ""self_z"": -1.0115495677621684, ""median_ratio"": 0.886865767186705, ""fcf_yield"": 0.04393216774524633, ""yield_threshold"": 0.0495, ""gs10"": 0.0495, ""residual_pct"": null, ""brake_values"": {""gm"": null, ""fcf_margin"": 1.0148774095052646, ""roic"": 1.1506337414540628}}",False,"{""floor"": false, ""mom_sector_pct"": 33.33333333333333, ""eps_rev_proxy"": null}"
ON,1097864,ON Semiconductor,Information Technology,Semiconductors,Semiconductors and Semiconductor Equipment,4.2819986310746065,5.9986310746064335,759929261.4697033,0.5096406852518633,-0.34155566500095946,0.6253298373663028,10.0,0.42959479994248556,0.13311514584373776,0.15321524320112506,0.17970983161586318,0.3340603585970165,0.17280096020779312,0.1591855753074566,0.2887236353021681,4,9,False,0.026713065370281175,0.23156254615801708,-0.037686773338911794,True,0.37716609119364936,0.21777082190454677,0.11809029010293975,0.877957766816881,1.4213391393353718,0.6833890851123524,0.4240673760364165,93.84615384615384,1.239800947274716,1.8794334013209328,260.0,,80.08000183105469,389311721.0,31176083330.53105,32040383330.53105,8083000000.0,864300000.0,1672000000.0,171600000.0,150700000.0,789400000.0,844500000.0,6197800000.0,669700000.0,1500400000.0,1349700000.0,731900000.0,1459100000.0,630200000.0,593850918.2790439,0.11325829732858905,0.07346912263751626,47.84288984699276,23.738892591339596,0.04212496417650161,43.776995942794166,0.02284304755188674,49.47014174949389,2.3808314820691843,0.5787814406140772,1687600000.0,311900000.0,0.24737102560930346,4.0,0.1732487024213038,0.1723682283347282,45.76923076923077,-0.06536301843916313,0.9379454449281984,260.0,[],True,1.0,ig,Semiconductors and Semiconductor Equipment,42.857142857142854,31.25,12.5,33.33333333333333,65.625,100.0,42.85714285714286,37.5,69.49152542372882,1.0,27.128999970711302,"{'profitability': 54.3, 'growth': 61.1, 'balance': 80.7, 'stability': 42.2}",43.206638189120696,False,-0.8474661684655005,55.40007287496369,,35.167819079916,,False,"{""floor"": false, ""depressed_arms"": {""self_pct"": false, ""self_z"": false, ""median_ratio"": false}, ""yield_arm"": false, ""residual_arm"": false, ""brakes"": {""gm"": false, ""fcf_margin"": true, ""roic"": false}, ""self_pct"": 45.76923076923077, ""self_z"": -0.06536301843916313, ""median_ratio"": 0.9379454449281984, ""fcf_yield"": 0.04212496417650161, ""yield_threshold"": 0.0495, ""gs10"": 0.0495, ""residual_pct"": null, ""brake_values"": {""gm"": 0.877957766816881, ""fcf_margin"": 1.4213391393353718, ""roic"": 0.4240673760364165}}",False,"{""floor"": false, ""mom_sector_pct"": 69.49152542372882, ""eps_rev_proxy"": null}"
UNP,100885,Union Pacific Corporation,Industrials,Rail Transportation,Transportation,69.57973990417523,5.9986310746064335,755467835.3331726,0.24883441574655452,-0.11155908079129695,0.1746685106083119,10.0,,,0.23195249432241727,0.22685427135678393,0.08169301494439866,0.2805714303134275,0.2820904522613065,0.05727256070513881,6,9,False,0.046441301388703726,-0.00409540654240681,0.01753018201731682,False,,0.25596221959858323,0.30499803227075956,,1.1035113907539709,1.087060189735088,0.9748196182432454,55.769230769230774,0.1536745117836718,1.0172587391521424,260.0,sbc_unreported,272.4200134277344,594075498.0,161838055142.248,192985055142.248,51820000000.0,31147000000.0,10263000000.0,3759000000.0,,2513000000.0,31147000000.0,25410000000.0,10171000000.0,6504000000.0,6504000000.0,7750000000.0,12684000000.0,7330000000.0,7839477392.218717,0.22923238696109358,0.1512828520304654,18.974049271679085,29.671748945610084,0.03370209156976402,24.901297437709417,0.04015855007159765,22.07886154737353,0.8873124147339699,2.455613371176285,,,0.0,7.0,0.15519061085690625,0.15382244592219566,56.92307692307692,0.2782321493945384,1.0380960232191152,260.0,[],True,0.9,ig,Transportation,54.54545454545454,100.0,,54.54545454545454,77.27272727272727,36.36363636363637,11.111111111111114,54.54545454545455,68.75,1.0,32.20610896553829,"{'profitability': 83.2, 'growth': 19.4, 'balance': 18.1, 'stability': 72.3}",42.47426383456556,False,0.11184926900075043,26.531855626540974,,37.34018640005193,,False,"{""floor"": false, ""depressed_arms"": {""self_pct"": false, ""self_z"": false, ""median_ratio"": false}, ""yield_arm"": false, ""residual_arm"": false, ""brakes"": {""gm"": false, ""fcf_margin"": true, ""roic"": true}, ""self_pct"": 56.92307692307692, ""self_z"": 0.2782321493945384, ""median_ratio"": 1.0380960232191152, ""fcf_yield"": 0.03370209156976402, ""yield_threshold"": 0.0495, ""gs10"": 0.0495, ""residual_pct"": null, ""brake_values"": {""gm"": null, ""fcf_margin"": 1.1035113907539709, ""roic"": 0.9748196182432454}}",False,"{""floor"": false, ""mom_sector_pct"": 68.75, ""eps_rev_proxy"": null}"
CDNS,813672,Cadence Design Systems,Information Technology,Application Software,Software and Services,9.037645448323067,5.9986310746064335,753414543.3346543,-0.15713991572272668,-0.0946333211385918,0.00996349261991658,10.0,,,0.22198518524072827,0.2252398907966922,0.1596177471548714,0.2086427162941821,0.21473740985910464,0.15134805224098605,9,9,False,0.1457277629468552,0.14393610637353804,0.13224518533976393,False,,0.17077827657678335,0.15415493904167285,,0.7693228554490499,0.7388464921263651,0.5430436785927608,84.23076923076923,1.0804268116269902,1.3368941779579295,260.0,gm_derived,350.7300109863281,275816000.0,96736948710.20508,95703019710.20508,5527534000.0,-1033929000.0,1597542000.0,167630000.0,485745000.0,259534000.0,-1033929000.0,5528613000.0,1561851000.0,1429912000.0,944167000.0,852263000.0,1821385000.0,1170969000.0,1147025316.2643764,0.265598756690378,0.20751121861292512,61.27538395801205,101.36238579637403,0.00986559256812375,112.29282476208057,0.008905288491216969,82.61273245509068,1.22113565773304,-0.5676608734561885,4929581000.0,591028000.0,0.998747180930954,10.0,0.3821262023538661,0.37370047619423696,84.23076923076923,0.8786194307703329,1.2657584120325023,260.0,[],True,0.9,ig,Software and Services,78.94736842105263,72.72727272727273,,97.5,63.63636363636363,19.047619047619047,70.0,22.727272727272734,22.033898305084744,1.0,83.69548927680673,"{'profitability': 84.2, 'growth': 100.0, 'balance': 100.0, 'stability': 89.4}",15.905519163087028,True,1.0717378591181452,34.707791979456765,90.54054054054053,49.80050421994687,6.0,False,"{""floor"": true, ""depressed_arms"": {""self_pct"": false, ""self_z"": false, ""median_ratio"": false}, ""yield_arm"": false, ""residual_arm"": false, ""brakes"": {""gm"": false, ""fcf_margin"": false, ""roic"": false}, ""self_pct"": 84.23076923076923, ""self_z"": 0.8786194307703329, ""median_ratio"": 1.2657584120325023, ""fcf_yield"": 0.00986559256812375, ""yield_threshold"": 0.0495, ""gs10"": 0.0495, ""residual_pct"": 90.54054054054053, ""brake_values"": {""gm"": null, ""fcf_margin"": 0.7693228554490499, ""roic"": 0.5430436785927608}}",True,"{""floor"": true, ""mom_sector_pct"": 22.033898305084744, ""eps_rev_proxy"": 6.0}"
FTNT,1262039,Fortinet,Information Technology,Systems Software,Software and Services,7.975359342915811,5.9986310746064335,736570322.7550012,0.8217740018446078,0.0,1.0832264752704548,10.0,0.7794200707206859,0.027473272153326362,0.2829603198027521,0.27944503091539735,0.2071513558095127,0.32190464658520185,0.3175333843167245,0.2053468088721978,9,9,False,0.21252104718544174,0.18370167203478394,0.21270028359210702,False,0.8020432021680793,0.374750910008768,0.39069266944761805,1.029025595179343,1.3243938594287774,1.213690680119491,,90.76923076923077,1.1264677479876133,1.4315567883723679,260.0,ev_or_ic_nonpos,178.72000122070312,733713653.0,131129304959.80655,127522904959.80655,-2055300000.0,-3606400000.0,3396100000.0,279100000.0,296100000.0,159100000.0,-3606400000.0,7527400000.0,2442200000.0,3117000000.0,2820900000.0,2940900000.0,2601300000.0,2120742685.0,,,,52.21640527385413,45.206460689782176,0.022120731964889825,43.36186370152217,0.023061739386559074,61.83178463247018,1.4697681251226384,-1.3863837312113174,257400000.0,85984000.0,-0.16707244684474287,,,,85.0,0.8320050624401136,1.324575153141602,260.0,[],True,0.8,ig,Software and Services,,86.36363636363636,44.44444444444444,,63.63636363636363,38.095238095238095,85.0,27.272727272727266,79.66101694915254,1.0,86.89510499419173,"{'profitability': 100.0, 'growth': 100.0, 'balance': 100.0, 'stability': 86.9}",20.264846281923422,True,,,,53.579975638057576,23.0,False,"{""floor"": true, ""depressed_arms"": {""self_pct"": false, ""self_z"": false, ""median_ratio"": false}, ""yield_arm"": false, ""residual_arm"": false, ""brakes"": {""gm"": true, ""fcf_margin"": true, ""roic"": false}, ""self_pct"": 85.0, ""self_z"": 0.8320050624401136, ""median_ratio"": 1.324575153141602, ""fcf_yield"": 0.022120731964889825, ""yield_threshold"": 0.0495, ""gs10"": 0.0495, ""residual_pct"": null, ""brake_values"": {""gm"": 1.029025595179343, ""fcf_margin"": 1.3243938594287774, ""roic"": null}}",False,"{""floor"": true, ""mom_sector_pct"": 79.66101694915254, ""eps_rev_proxy"": 23.0}"
CVS,64803,CVS Health,Health Care,Health Care Services,Health Care Equipment and Services,69.57973990417523,5.9986310746064335,718980652.5914668,0.2880439270965738,-0.20920736367590953,0.1343946772912803,10.0,,,0.03071697999167266,0.027411005768972766,0.3240091096033006,0.025839506839701393,0.023679620768301955,0.4104448589873081,9,9,False,0.08393742925077285,,,False,0.4449078022385723,0.026604125410155968,0.02299041644382128,,0.8661048520189263,0.889738979402556,0.9643303543684867,50.0,-0.005481665076348706,0.9952649107783338,246.0,,85.19999694824219,1278970369.0,108968271535.69218,183102271535.6922,153836000000.0,74134000000.0,14780000000.0,3022000000.0,715000000.0,4522000000.0,73937000000.0,415086000000.0,8288000000.0,11758000000.0,11043000000.0,9543000000.0,12810000000.0,4890000000.0,6996177639.536893,0.15586659754622428,0.04547815621530001,22.092455542433903,16.580845018173704,0.060310557085838136,19.18707655199541,0.052118414042393674,22.283900109548505,2.4044989775051127,5.771818891491023,85478000000.0,10498000000.0,0.6238851764216439,2.0,0.047160349157610415,0.04058011647135661,48.46153846153846,-0.015057905113947327,0.977474991638209,260.0,['fcf_cagr5 gate'],False,0.9,ig,Health Care Equipment and Services,14.814814814814813,17.24137931034483,,35.714285714285715,58.333333333333336,89.65517241379311,0.0,36.66666666666667,69.04761904761905,1.0,21.30166300070467,"{'profitability': 15.5, 'growth': 69.9, 'balance': 0.0, 'stability': 78.4}",47.90167776404931,False,-0.3920683839164427,24.540295933480305,,34.601670382376994,,False,"{""floor"": false, ""depressed_arms"": {""self_pct"": false, ""self_z"": false, ""median_ratio"": false}, ""yield_arm"": true, ""residual_arm"": false, ""brakes"": {""gm"": false, ""fcf_margin"": false, ""roic"": true}, ""self_pct"": 48.46153846153846, ""self_z"": -0.015057905113947327, ""median_ratio"": 0.977474991638209, ""fcf_yield"": 0.060310557085838136, ""yield_threshold"": 0.0495, ""gs10"": 0.0495, ""residual_pct"": null, ""brake_values"": {""gm"": null, ""fcf_margin"": 0.8661048520189263, ""roic"": 0.9643303543684867}}",False,"{""floor"": false, ""mom_sector_pct"": 69.04761904761905, ""eps_rev_proxy"": null}"
MCHP,827054,Microchip Technology,Information Technology,Semiconductors,Semiconductors and Semiconductor Equipment,19.069130732375086,5.9986310746064335,713921901.6047724,0.14386348861767817,-0.20845644363018412,0.2106415811411444,10.0,0.6239912727819514,0.07355780748229103,0.2532650122478004,0.3183092318977261,0.4895780190996826,0.1491342829316765,0.21829963787769943,0.8644354055059223,6,9,False,-0.028221913703690094,-0.13741197174832065,-0.5014421776466628,False,0.601936630029479,0.16270034945239442,0.04794721121371259,0.9646555269048142,0.6424114725061376,0.3215036158766985,0.533981680382873,88.46153846153845,0.2505298476766484,6.969661110711319,208.0,,78.5,543008691.0,42626182243.5,47859582243.5,11684400000.0,5233400000.0,1198000000.0,87100000.0,277500000.0,674900000.0,5233400000.0,5122300000.0,794800000.0,1110900000.0,833400000.0,245600000.0,1469700000.0,478400000.0,656478453.038674,0.17403314917127072,0.05618418173279535,60.215881031077004,57.42690453983681,0.0174134407559144,194.868005877443,0.005131678725285069,89.10155151233278,2.3221153846153846,3.560862761107709,6695500000.0,5939500000.0,1.0813563383656841,4.0,0.10521743310090795,0.11946060964878757,75.0,1.429251192509985,2.608231278994752,260.0,"['rev_cagr5 gate', 'fcf_cagr5 gate']",False,1.0,ig,Semiconductors and Semiconductor Equipment,14.285714285714285,81.25,81.25,33.33333333333333,65.625,93.33333333333333,0.0,18.75,47.45762711864407,1.0,9.596488495418713,"{'profitability': 46.6, 'growth': 0.0, 'balance': 0.0, 'stability': 51.5}",20.89158541826368,False,0.047910712076139284,54.74041044359489,,15.244036956841196,,False,"{""floor"": false, ""depressed_arms"": {""self_pct"": false, ""self_z"": false, ""median_ratio"": false}, ""yield_arm"": false, ""residual_arm"": false, ""brakes"": {""gm"": false, ""fcf_margin"": false, ""roic"": false}, ""self_pct"": 75.0, ""self_z"": 1.429251192509985, ""median_ratio"": 2.608231278994752, ""fcf_yield"": 0.0174134407559144, ""yield_threshold"": 0.0495, ""gs10"": 0.0495, ""residual_pct"": null, ""brake_values"": {""gm"": 0.9646555269048142, ""fcf_margin"": 0.6424114725061376, ""roic"": 0.533981680382873}}",False,"{""floor"": false, ""mom_sector_pct"": 47.45762711864407, ""eps_rev_proxy"": null}"
WDAY,1327811,"Workday, Inc.",Information Technology,Application Software,Software and Services,1.7741273100616017,5.9986310746064335,698111078.6847966,-0.17206530436632506,-0.2306900102986612,-0.2102926109015817,7.0,,,0.0672192589275002,0.07435023053681358,0.2610073822841178,0.06765280566158013,0.07301281168204987,0.6366513802938552,9,9,False,0.17209392670406998,,,False,,0.11797144263909404,0.11619891678975874,,1.7550244456924606,1.7175772039820638,,11.740890688259109,-0.4712206661832449,0.33828554446474307,247.0,shares_was_proxy;gm_derived,186.75,245181000.0,45787551750.0,46156551750.0,6829000000.0,369000000.0,3081000000.0,237000000.0,1646000000.0,255000000.0,369000000.0,10155000000.0,1085000000.0,2844000000.0,1198000000.0,1180000000.0,1340000000.0,1251000000.0,1057114485.9813085,0.02570093457943925,0.15479784536261657,42.54060069124424,38.52800646911519,0.025955145143614418,39.1157218220339,0.02556516800456178,36.60076079136691,2.273381294964029,0.2753731343283582,5227000000.0,383000000.0,0.8214965587933811,0.0,,,12.145748987854251,-0.7467420978367472,0.2892704131868822,247.0,['fcf_cagr5 gate'],False,0.8,ig,Software and Services,,9.090909090909092,,15.0,9.090909090909092,76.19047619047619,40.0,31.818181818181827,18.64406779661017,1.0,64.9843959750395,"{'profitability': 53.6, 'growth': 100.0, 'balance': 90.8, 'stability': 82.6}",46.09795553534738,True,,,,55.54117575519344,19.0,False,"{""floor"": true, ""depressed_arms"": {""self_pct"": true, ""self_z"": false, ""median_ratio"": true}, ""yield_arm"": false, ""residual_arm"": false, ""brakes"": {""gm"": false, ""fcf_margin"": true, ""roic"": false}, ""self_pct"": 12.145748987854251, ""self_z"": -0.7467420978367472, ""median_ratio"": 0.2892704131868822, ""fcf_yield"": 0.025955145143614418, ""yield_threshold"": 0.0495, ""gs10"": 0.0495, ""residual_pct"": null, ""brake_values"": {""gm"": null, ""fcf_margin"": 1.7550244456924606, ""roic"": null}}",True,"{""floor"": true, ""mom_sector_pct"": 18.64406779661017, ""eps_rev_proxy"": 19.0}"
HON,773840,Honeywell Technologies,Industrials,Industrial Conglomerates,Capital Goods,69.57973990417523,5.9986310746064335,693417255.8569086,0.03424536195159389,-0.15598463380413707,0.05491942606576683,10.0,,,0.13661173049647984,0.1395758773569788,0.07242834065339265,0.12736324960003814,0.12883927140644197,0.08433565708029482,6,9,False,0.0278500503505279,0.004486161469561267,-0.008604211529697148,False,0.3933274552746096,0.11268807417730879,0.10389942831138542,,0.824878462250447,0.8157724354369356,0.7217397651105685,2.307692307692308,-1.3863846357266834,0.7677601395040421,260.0,,213.8000030517578,316940010.0,67761775105.22415,91419775105.22415,42195000000.0,23658000000.0,5118000000.0,970000000.0,186000000.0,1279000000.0,23338000000.0,35159000000.0,7935000000.0,4148000000.0,3962000000.0,3653000000.0,9214000000.0,8213000000.0,6361022692.736299,0.19835882889271603,0.15075299662842276,11.521080668585274,23.074148184054557,0.043338544592127236,25.025944458041103,0.039958531901827556,8.25055096861368,0.5050529648118836,2.532884740612112,19967000000.0,6413000000.0,0.6251925583599952,4.0,0.20887445020481563,0.21060821526254975,1.9230769230769231,-1.6023261838652945,0.7576839471087227,260.0,[],True,0.9,ig,Capital Goods,67.56756756756756,78.04878048780488,,37.80487804878049,64.28571428571429,7.6923076923076925,24.324324324324323,97.5609756097561,43.75,1.0,23.929915947002502,"{'profitability': 60.2, 'growth': 13.5, 'balance': 15.6, 'stability': 72.9}",75.97198372013946,False,-0.19446443105475897,28.027251246282283,,49.95094983357098,,False,"{""floor"": false, ""depressed_arms"": {""self_pct"": true, ""self_z"": true, ""median_ratio"": true}, ""yield_arm"": false, ""residual_arm"": false, ""brakes"": {""gm"": false, ""fcf_margin"": false, ""roic"": false}, ""self_pct"": 1.9230769230769231, ""self_z"": -1.6023261838652945, ""median_ratio"": 0.7576839471087227, ""fcf_yield"": 0.043338544592127236, ""yield_threshold"": 0.0495, ""gs10"": 0.0495, ""residual_pct"": null, ""brake_values"": {""gm"": null, ""fcf_margin"": 0.824878462250447, ""roic"": 0.7217397651105685}}",False,"{""floor"": false, ""mom_sector_pct"": 43.75, ""eps_rev_proxy"": null}"
SBUX,829224,Starbucks,Consumer Discretionary,Restaurants,Consumer Services,26.31895961670089,5.9986310746064335,681201973.6663642,0.2397126182033098,-0.12025963286235297,0.12591105997659113,10.0,,,0.0898828895044791,0.08319834587380653,0.23130852669390775,0.1057793537095246,0.11595745268989004,0.21597106099244498,8,9,True,0.09595337505976698,-0.14298220922492444,-0.1054818622589877,True,,0.08549414032442754,0.07706914495426245,,0.9511725846348891,0.7285840029416155,0.6130110097877871,71.15384615384616,0.6536691540484796,1.2152687886312459,260.0,gm_derived,94.87999725341797,1140000000.0,108163196868.89648,126994196868.89648,11156700000.0,18831000000.0,4985900000.0,1343800000.0,364400000.0,1666800000.0,18823800000.0,38338300000.0,2977500000.0,3642100000.0,3277700000.0,2954700000.0,4644300000.0,1982800000.0,1918601033.7429295,0.3556335738898641,0.17196850625569654,42.65128358317262,38.744911635871645,0.025809840770785464,42.9804030422366,0.023266417465124877,54.55073475332685,1.8368468831954812,4.053097345132743,1238800000.0,296200000.0,0.13758548674787346,9.0,0.2805308608000838,0.3004904593713034,38.07692307692307,-0.38555826092532014,0.8846414339639704,260.0,['fcf_cagr5 gate'],False,0.9,ig,Consumer Services,91.66666666666666,61.53846153846154,,100.0,80.76923076923077,84.61538461538461,22.222222222222214,0.0,84.84848484848484,1.0,27.663770743832895,"{'profitability': 59.6, 'growth': 40.0, 'balance': 0.0, 'stability': 77.2}",30.636569252512235,False,0.506666416913248,23.34383719626114,,29.150169998172565,,False,"{""floor"": false, ""depressed_arms"": {""self_pct"": false, ""self_z"": false, ""median_ratio"": false}, ""yield_arm"": false, ""residual_arm"": false, ""brakes"": {""gm"": false, ""fcf_margin"": true, ""roic"": false}, ""self_pct"": 38.07692307692307, ""self_z"": -0.38555826092532014, ""median_ratio"": 0.8846414339639704, ""fcf_yield"": 0.025809840770785464, ""yield_threshold"": 0.0495, ""gs10"": 0.0495, ""residual_pct"": null, ""brake_values"": {""gm"": null, ""fcf_margin"": 0.9511725846348891, ""roic"": 0.6130110097877871}}",False,"{""floor"": false, ""mom_sector_pct"": 84.84848484848484, ""eps_rev_proxy"": null}"
CMCSA,1166691,Comcast,Communication Services,Cable & Satellite,Media and Entertainment,23.86858316221766,5.9986310746064335,680063426.5845327,-0.05104053620174176,-0.3026815719843118,-0.22263415378083273,10.0,,,0.13684120459358895,0.12353173428091994,0.14409407456016202,0.10873036324231584,0.10630737340835061,0.13491370891090426,7,9,False,0.03618450068524881,0.07070616175279487,0.09102383187198626,False,,0.15270127457887658,0.12318260424005636,,1.1159012742718188,1.1329181708473863,0.8686864948629768,0.38461538461538464,-2.1237063258115865,0.47363449552729764,260.0,shares_was_proxy,21.700000762939453,3564000000.0,77338802719.11621,81880802719.11621,94305000000.0,4542000000.0,32517000000.0,12073000000.0,1371000000.0,15760000000.0,4535000000.0,124904000000.0,18318000000.0,20444000000.0,19073000000.0,15386000000.0,34078000000.0,11199000000.0,14114771543.086172,0.22945891783567135,0.14967150780007604,4.469964118305285,4.293021691349877,0.23293616289312638,5.32177321715301,0.18790729315124222,6.905866838031629,1.8255201357264041,0.13307705851282353,53070000000.0,79925000000.0,1.4102645670961242,10.0,0.17229634475172156,0.15818887429972628,0.7692307692307693,-2.028941684447448,0.48735212867401756,260.0,[],True,0.9,ig,Media and Entertainment,50.0,55.55555555555556,,93.75,72.22222222222221,75.0,77.77777777777777,88.88888888888889,54.54545454545454,1.0,50.547367644746586,"{'profitability': 62.1, 'growth': 44.5, 'balance': 95.6, 'stability': 75.6}",92.92198581560284,False,-1.4809972866155723,31.876406573832224,,71.73467673017471,,False,"{""floor"": false, ""depressed_arms"": {""self_pct"": true, ""self_z"": true, ""median_ratio"": true}, ""yield_arm"": true, ""residual_arm"": false, ""brakes"": {""gm"": false, ""fcf_margin"": true, ""roic"": false}, ""self_pct"": 0.7692307692307693, ""self_z"": -2.028941684447448, ""median_ratio"": 0.48735212867401756, ""fcf_yield"": 0.23293616289312638, ""yield_threshold"": 0.0495, ""gs10"": 0.0495, ""residual_pct"": null, ""brake_values"": {""gm"": null, ""fcf_margin"": 1.1159012742718188, ""roic"": 0.8686864948629768}}",False,"{""floor"": false, ""mom_sector_pct"": 54.54545454545454, ""eps_rev_proxy"": null}"
HWM,4281,Howmet Aerospace,Industrials,Aerospace & Defense,Capital Goods,9.946611909650924,5.9986310746064335,676686352.2629441,0.3728389615510159,-0.21024963459742396,0.2092759749598445,5.0,,,0.10216369093517774,0.09518072289156626,0.5188785099295833,0.10047309090255807,0.08719879518072289,0.6657987551961007,6,9,False,0.09428692393516935,,,False,,0.1964461994076999,0.21037622024788857,,1.922857304875015,2.0938563585340275,1.459947405338947,,,,,sbc_unreported;gm_derived,228.3800048828125,398801399.0,91078265450.89246,95179265450.89246,9833000000.0,4101000000.0,2221000000.0,430000000.0,,303000000.0,4101000000.0,9117000000.0,2495000000.0,1791000000.0,1791000000.0,1918000000.0,2798000000.0,1871000000.0,2045637598.5977213,0.1801051709027169,0.20803799436567896,38.14800218472644,53.14308512054297,0.01881712357744621,49.62422599108053,0.02015144780655602,48.678923276799814,0.9572421165152325,1.4656897784131522,5084000000.0,457000000.0,0.5635106274788976,3.0,0.14249691023450264,0.12899990538366923,,,,,['fcf_cagr5 gate'],False,0.8,ig,Capital Goods,56.75675675675676,51.21951219512195,,28.04878048780488,8.333333333333332,33.33333333333333,56.75675675675676,14.63414634146342,81.25,1.0,26.41301403082357,"{'profitability': 51.3, 'growth': 78.6, 'balance': 51.1, 'stability': 44.4}",,False,0.6489962253526289,27.770984976046062,,,,False,"{""floor"": false, ""depressed_arms"": {""self_pct"": false, ""self_z"": false, ""median_ratio"": false}, ""yield_arm"": false, ""residual_arm"": false, ""brakes"": {""gm"": false, ""fcf_margin"": true, ""roic"": true}, ""self_pct"": null, ""self_z"": null, ""median_ratio"": null, ""fcf_yield"": 0.01881712357744621, ""yield_threshold"": 0.0495, ""gs10"": 0.0495, ""residual_pct"": null, ""brake_values"": {""gm"": null, ""fcf_margin"": 1.922857304875015, ""roic"": 1.459947405338947}}",False,"{""floor"": false, ""mom_sector_pct"": 81.25, ""eps_rev_proxy"": null}"
FIX,1035983,Comfort Systems USA,Industrials,Construction & Engineering,Capital Goods,0.7775496235455168,5.9986310746064335,671808434.3040715,0.9726378269485323,-0.15384704018294593,1.0644503340887788,10.0,0.19659443124877105,0.08100351152728659,0.17252296145824347,0.10213472485768502,0.5853704711450496,0.1806172260737498,0.09774860846198549,0.6859689192105073,8,9,False,-0.08508751361229527,0.3149343608446671,0.38861010216781766,False,0.27509703312732825,0.536067569066539,0.6226427728038904,1.3993124392176695,3.107224479196561,3.4473055883919526,1.725476250779451,40.38461538461539,-0.15373096741285205,0.9217861101119259,260.0,,1685.2900390625,35194329.0,59312652095.18848,57846551095.18848,1751168000.0,-1466101000.0,2550065000.0,390259000.0,38228000.0,47623000.0,-1484385000.0,3957669000.0,743811000.0,2159806000.0,2121578000.0,2464214000.0,791434000.0,1434401000.0,601318080.3392045,0.19157140679661291,0.34338114923251484,77.77049693428637,27.26581398147439,0.036675963559329075,23.47464590948208,0.04259915160620469,41.35011903588221,1.5057198091747008,-1.8755638499230511,1101475000.0,534580000.0,0.9342650162634311,6.0,0.19900659257257175,0.14350713819195393,56.92307692307692,0.2565415744974339,1.12523645080239,260.0,"['tenure<1y', 'rev_cagr5 gate']",False,1.0,ig,Capital Goods,64.86486486486487,92.6829268292683,18.75,46.34146341463415,64.28571428571429,89.74358974358975,94.5945945945946,4.878048780487802,98.4375,1.0,41.42044692654132,"{'profitability': 56.3, 'growth': 50.0, 'balance': 100.0, 'stability': 61.3}",28.466203701945062,False,-0.02638116018872605,27.994689810579224,,34.94332531424319,,False,"{""floor"": false, ""depressed_arms"": {""self_pct"": false, ""self_z"": false, ""median_ratio"": false}, ""yield_arm"": false, ""residual_arm"": false, ""brakes"": {""gm"": true, ""fcf_margin"": true, ""roic"": true}, ""self_pct"": 56.92307692307692, ""self_z"": 0.2565415744974339, ""median_ratio"": 1.12523645080239, ""fcf_yield"": 0.036675963559329075, ""yield_threshold"": 0.0495, ""gs10"": 0.0495, ""residual_pct"": null, ""brake_values"": {""gm"": 1.3993124392176695, ""fcf_margin"": 3.107224479196561, ""roic"": 1.725476250779451}}",False,"{""floor"": false, ""mom_sector_pct"": 98.4375, ""eps_rev_proxy"": null}"
F,37996,Ford Motor Company,Consumer Discretionary,Automobile Manufacturers,Consumer Durables and Apparel,69.57973990417523,5.9986310746064335,646736180.9643449,0.2077059553538516,-0.28882521654688853,0.013580898839316013,9.0,0.13324574356055613,0.24677735648354715,0.039700696966098556,0.03531394906663791,0.5843633148779162,0.03125951592536076,0.03841285877258203,0.6480181591880756,7,9,False,0.08052066341481323,-0.07617146693896004,-0.20695747901764305,False,0.08043779396505868,0.047650649685822784,0.012698763832487978,0.6036800262103844,1.2002471827261092,0.4062367396478301,1.5508184675126946,91.90283400809717,2.375744012233841,8.260859336955516,247.0,shares_was_proxy;gm_derived,12.270000457763672,3991000000.0,48969571826.934814,22078571826.934814,10562000000.0,-26891000000.0,18919000000.0,9373000000.0,499000000.0,16009000000.0,-26922000000.0,189861000000.0,-7159000000.0,9546000000.0,9047000000.0,2411000000.0,8850000000.0,,-5918477228.325975,0.17328157168236133,-0.5603557307636788,,2.4404301787260767,0.40976382308221077,9.157433358330492,0.10920090388539959,,,-3.0420338983050845,483000000.0,170000000.0,0.061825411853815564,5.0,-0.36132902883366774,0.46524879216498705,86.63967611336032,1.3070986045172615,2.6601424377871252,247.0,['fcf_cagr5 gate'],False,0.8,ig,Consumer Durables and Apparel,12.5,10.0,12.5,38.88888888888889,25.0,,80.0,,75.75757575757575,1.0,16.817741597099186,"{'profitability': 7.1, 'growth': 33.6, 'balance': 100.0, 'stability': 39.2}",,False,,,,,,False,"{""floor"": false, ""depressed_arms"": {""self_pct"": false, ""self_z"": false, ""median_ratio"": false}, ""yield_arm"": true, ""residual_arm"": false, ""brakes"": {""gm"": false, ""fcf_margin"": true, ""roic"": true}, ""self_pct"": 86.63967611336032, ""self_z"": 1.3070986045172615, ""median_ratio"": 2.6601424377871252, ""fcf_yield"": 0.40976382308221077, ""yield_threshold"": 0.0495, ""gs10"": 0.0495, ""residual_pct"": null, ""brake_values"": {""gm"": 0.6036800262103844, ""fcf_margin"": 1.2002471827261092, ""roic"": 1.5508184675126946}}",False,"{""floor"": false, ""mom_sector_pct"": 75.75757575757575, ""eps_rev_proxy"": null}"
RCL,884887,Royal Caribbean Group,Consumer Discretionary,"Hotels, Resorts & Cruise Lines",Consumer Services,11.824777549623546,5.9986310746064335,644162134.8139658,-0.14376888217522654,-0.21133048431549983,-0.12309076924296847,6.0,0.1746119317822866,2.7998895789112415,-0.5565378242521708,0.032661870503597125,,,,,7,9,False,0.52022825771937,,,,0.4906326945723156,-0.030350069585697463,,2.809846323583756,0.05453370510167815,,1.179325032433615,,,,,gm_derived,269.989990234375,267452084.0,72209385547.32324,81872207547.32324,19898822000.0,9662822000.0,6786000000.0,7202000000.0,151000000.0,,9437822000.0,18682000000.0,5104000000.0,-416000000.0,-567000000.0,,,4398000000.0,5039521016.75698,0.012633029632253068,0.2532572539599068,16.04079301475769,,-0.006925427040333148,,,16.418687027586003,-0.09458844929513416,,808000000.0,390000000.0,0.06020456889357571,3.0,0.21474762851195797,0.22568721448521956,,,,,['fcf_cagr5 gate'],False,0.8,ig,Consumer Services,75.0,15.384615384615385,40.0,53.84615384615385,23.076923076923077,15.384615384615385,,53.84615384615385,39.39393939393939,0.7,37.037037037037045,"{'profitability': 50.0, 'growth': 100.0, 'balance': None, 'stability': 51.9}",,False,,,,,,False,"{""floor"": false, ""depressed_arms"": {""self_pct"": false, ""self_z"": false, ""median_ratio"": false}, ""yield_arm"": false, ""residual_arm"": false, ""brakes"": {""gm"": true, ""fcf_margin"": false, ""roic"": true}, ""self_pct"": null, ""self_z"": null, ""median_ratio"": null, ""fcf_yield"": -0.006925427040333148, ""yield_threshold"": 0.0495, ""gs10"": 0.0495, ""residual_pct"": null, ""brake_values"": {""gm"": 2.809846323583756, ""fcf_margin"": 0.05453370510167815, ""roic"": 1.179325032433615}}",False,"{""floor"": false, ""mom_sector_pct"": 39.39393939393939, ""eps_rev_proxy"": null}"
PWR,1050915,Quanta Services,Industrials,Construction & Engineering,Capital Goods,17.253935660506503,5.9986310746064335,639638962.9933707,0.4834647998529633,-0.13933789978411382,0.5741960930173207,10.0,0.1475346341239276,0.024182864034821915,0.039690042546249055,0.04857662068844642,0.508076692604365,0.03161097397375563,0.039947405339319446,0.600045286602893,8,9,False,0.2051545611518748,,,False,0.1545648187486818,0.06580795583911814,0.05840993230844786,1.047651079805769,1.6580469966096667,1.8477738888065114,1.2731317691937425,34.18803418803419,-0.0452350692069957,0.7841359886396883,234.0,,662.5999755859375,150343393.0,99617528531.307,102299906531.307,12320320000.0,2682378000.0,3178249000.0,787091000.0,225738000.0,1030524000.0,2578377000.0,32905140000.0,2035759000.0,2391158000.0,2165420000.0,1921987000.0,3066283000.0,1340415000.0,1565980503.6620963,0.230763315470006,0.12710550567372408,50.25148189510988,47.24252409754551,0.021167370268684586,53.22611783082144,0.018787768876522004,74.31842267604213,1.78389379408616,0.8408803101344526,7868886000.0,3217584000.0,0.899852438897691,3.0,0.09983688157763773,0.10345907512982935,40.89068825910931,-0.02883963762005059,0.9361597601508935,247.0,['fcf_cagr5 gate'],False,1.0,ig,Capital Goods,24.324324324324326,9.75609756097561,9.375,28.04878048780488,64.28571428571429,94.87179487179486,75.67567567567568,7.317073170731703,90.625,1.0,44.118784893228316,"{'profitability': 35.6, 'growth': 100.0, 'balance': 72.0, 'stability': 67.0}",30.162354308420635,False,0.539848517875654,27.534669049840783,,37.14056960082448,,False,"{""floor"": false, ""depressed_arms"": {""self_pct"": false, ""self_z"": false, ""median_ratio"": false}, ""yield_arm"": false, ""residual_arm"": false, ""brakes"": {""gm"": true, ""fcf_margin"": true, ""roic"": true}, ""self_pct"": 40.89068825910931, ""self_z"": -0.02883963762005059, ""median_ratio"": 0.9361597601508935, ""fcf_yield"": 0.021167370268684586, ""yield_threshold"": 0.0495, ""gs10"": 0.0495, ""residual_pct"": null, ""brake_values"": {""gm"": 1.047651079805769, ""fcf_margin"": 1.6580469966096667, ""roic"": 1.2731317691937425}}",False,"{""floor"": false, ""mom_sector_pct"": 90.625, ""eps_rev_proxy"": null}"
LOW,60667,Lowe's,Consumer Discretionary,Home Improvement Retail,Consumer Discretionary Distribution and Retail,42.59000684462697,5.9986310746064335,620655054.5584341,-0.1530338027682906,-0.35840497144173655,-0.2444622084010043,10.0,0.33344918803430185,0.0024769973993624874,0.07900300700249838,0.08342857142857144,0.1016100183577127,0.07866094768509296,0.08312727272727273,0.10461578683148735,7,9,False,-0.007502609287254769,-0.03741252792524352,-0.044084943015242906,False,0.33082315994338285,0.07450902335456476,0.07228635881104034,0.9921246529151876,0.9431162962215919,0.918961199150914,,8.846153846153847,-0.586728737427923,0.8847124550017357,260.0,ev_or_ic_nonpos,182.3800048828125,561054019.0,102325034724.74158,109233034724.74158,-529000000.0,6908000000.0,9263000000.0,2263000000.0,262000000.0,2464000000.0,6908000000.0,90432000000.0,10292000000.0,7000000000.0,6738000000.0,6537000000.0,12756000000.0,6643000000.0,7802094716.421316,0.2419262809540112,,10.613392413985773,16.21149224172478,0.06168463612660049,16.709964008680064,0.05984453344606521,15.40343741152214,1.053740779768177,0.5415490749451238,3957000000.0,5709000000.0,-18.272211720226842,6.0,-1.8871481937330075,-1.2449672419140838,6.538461538461539,-0.6290502752051061,0.8638419229142074,260.0,['rev_cagr5 gate'],False,1.0,ig,Consumer Discretionary Distribution and Retail,12.5,50.0,33.33333333333333,25.0,55.55555555555556,66.66666666666666,62.5,88.88888888888889,36.36363636363637,1.0,25.52380534473454,"{'profitability': 14.9, 'growth': 0.0, 'balance': 81.9, 'stability': 83.6}",76.15078090890214,False,,,,50.83729312681834,,False,"{""floor"": false, ""depressed_arms"": {""self_pct"": true, ""self_z"": false, ""median_ratio"": false}, ""yield_arm"": true, ""residual_arm"": false, ""brakes"": {""gm"": true, ""fcf_margin"": false, ""roic"": false}, ""self_pct"": 6.538461538461539, ""self_z"": -0.6290502752051061, ""median_ratio"": 0.8638419229142074, ""fcf_yield"": 0.06168463612660049, ""yield_threshold"": 0.0495, ""gs10"": 0.0495, ""residual_pct"": null, ""brake_values"": {""gm"": 0.9921246529151876, ""fcf_margin"": 0.9431162962215919, ""roic"": null}}",False,"{""floor"": false, ""mom_sector_pct"": 36.36363636363637, ""eps_rev_proxy"": null}"
LMT,936468,Lockheed Martin,Industrials,Aerospace & Defense,Capital Goods,69.57973990417523,5.9986310746064335,601780728.7171199,0.068114319245272,-0.2378993543856266,0.027893234588077576,10.0,0.11705843553120325,0.1263162897999264,0.08951085687827204,0.0882627162540143,0.12540478673707614,0.09310330997879919,0.09212532003374228,0.13245777240079795,8,9,False,0.027909621535260998,0.014855145283984017,-0.008085231686713157,False,0.11797854935466279,0.1088892928558444,,1.0078602948970241,1.2164925759109373,,0.9836659938643754,49.23076923076923,-0.02292863615709462,0.9943942332319712,260.0,,505.5,230790753.0,116664725641.5,134233725641.5,26337000000.0,17569000000.0,10402000000.0,1673000000.0,343000000.0,,17569000000.0,77014000000.0,9153000000.0,8729000000.0,8386000000.0,,,6287000000.0,7754333782.509096,0.15280959439428649,0.2944273752708773,14.665544153993226,16.006883572799904,0.06247312260703107,,,18.556501613090504,1.3884205503419755,,11298000000.0,1887000000.0,0.5006264950449937,10.0,0.2993164113706995,0.30658781076846797,17.307692307692307,-0.7589047402529794,0.7735159900635564,260.0,[],True,0.9,ig,Capital Goods,86.48648648648648,41.46341463414634,6.25,87.8048780487805,64.28571428571429,76.92307692307693,,82.92682926829268,51.5625,0.7,34.97255773039259,"{'profitability': 67.7, 'growth': 17.8, 'balance': None, 'stability': 75.5}",72.04551747749073,False,-0.5688000342090329,28.270500822293986,,53.509037603941664,,False,"{""floor"": false, ""depressed_arms"": {""self_pct"": true, ""self_z"": false, ""median_ratio"": true}, ""yield_arm"": true, ""residual_arm"": false, ""brakes"": {""gm"": true, ""fcf_margin"": true, ""roic"": true}, ""self_pct"": 17.307692307692307, ""self_z"": -0.7589047402529794, ""median_ratio"": 0.7735159900635564, ""fcf_yield"": 0.06247312260703107, ""yield_threshold"": 0.0495, ""gs10"": 0.0495, ""residual_pct"": null, ""brake_values"": {""gm"": 1.0078602948970241, ""fcf_margin"": 1.2164925759109373, ""roic"": 0.9836659938643754}}",False,"{""floor"": false, ""mom_sector_pct"": 51.5625, ""eps_rev_proxy"": null}"
VRTX,875320,Vertex Pharmaceuticals,Health Care,Biotechnology,Pharmaceuticals Biotechnology and Life Sciences,13.023956194387406,5.9986310746064335,597547666.9979887,0.3541284692464073,-0.07537633150025547,0.2564840207595207,9.0,0.8710581185761932,0.009325386393999456,0.1994603070790299,0.2597037389100127,0.6932130193927832,0.20943781513893778,0.274147127165188,0.8916470902314352,9,9,False,0.14100488310526438,0.013024357577106516,0.0015571251147354914,False,0.8599529680945722,0.24683805770941908,0.268661815177323,0.9872509649530927,1.2375297186904322,1.2827760593238473,0.6352873450517654,80.19323671497585,0.8973449911032736,1.2082356666519172,207.0,gm_derived,506.739990234375,253460924.0,128438786152.55566,122858486152.55566,14667600000.0,-5580300000.0,4292900000.0,496800000.0,689100000.0,222100000.0,-5580300000.0,12587200000.0,4777100000.0,3796100000.0,3107000000.0,3381700000.0,4999200000.0,4405200000.0,3989777404.493317,0.16481183050526116,0.2720129676629658,25.718215267119312,39.54248025508711,0.025289258376030944,36.330391859879846,0.02752516416164269,29.156175917678123,0.8617315899391628,-1.1162385981757081,1088000000.0,236300000.0,0.09028743625405657,6.0,0.428173124778365,0.43528024329737486,83.57487922705315,0.9481351619883939,1.2326526813793577,207.0,[],True,1.0,ig,Pharmaceuticals Biotechnology and Life Sciences,100.0,58.333333333333336,100.0,70.83333333333334,16.666666666666664,11.11111111111111,91.66666666666667,70.0,76.19047619047619,1.0,63.97583590275062,"{'profitability': 99.4, 'growth': 55.4, 'balance': 100.0, 'stability': 74.1}",35.22507538514971,True,0.1235113885160084,34.948101788629614,52.702702702702695,49.60045564395016,10.0,False,"{""floor"": true, ""depressed_arms"": {""self_pct"": false, ""self_z"": false, ""median_ratio"": false}, ""yield_arm"": false, ""residual_arm"": false, ""brakes"": {""gm"": true, ""fcf_margin"": true, ""roic"": false}, ""self_pct"": 83.57487922705315, ""self_z"": 0.9481351619883939, ""median_ratio"": 1.2326526813793577, ""fcf_yield"": 0.025289258376030944, ""yield_threshold"": 0.0495, ""gs10"": 0.0495, ""residual_pct"": 52.702702702702695, ""brake_values"": {""gm"": 0.9872509649530927, ""fcf_margin"": 1.2375297186904322, ""roic"": 0.6352873450517654}}",False,"{""floor"": true, ""mom_sector_pct"": 76.19047619047619, ""eps_rev_proxy"": 10.0}"
SHW,89800,Sherwin-Williams,Materials,Specialty Chemicals,Materials,62.25598904859685,5.9986310746064335,594146535.3227258,-0.028056739041048773,-0.13038860794837592,-0.06571584295543043,10.0,0.4578350353148436,0.061498395438229075,0.08856759496455152,0.08899150647293001,0.24455291392691372,0.09432119911976286,0.10351754442929195,0.2873580052044409,9,9,False,0.05124800274973418,-0.030889145816553554,-0.005935379353634751,False,0.489817822804308,0.12670880734771797,0.12453759273749196,1.0698565750160876,1.4306452308932196,1.320356334522023,,1.9230769230769231,-0.7112953314830794,0.7355894585421634,260.0,,320.7799987792969,242758151.0,77871959381.44437,92003884381.44437,17986625000.0,14131925000.0,3886700000.0,673500000.0,120200000.0,726500000.0,14117300000.0,24410300000.0,,3213200000.0,3093000000.0,3040000000.0,,2688200000.0,,0.23013918322928004,,,29.745840407838465,0.03361814580758947,30.26443565179091,0.03304208317331781,28.968067621994035,1.1952979689011234,,8023200000.0,3966100000.0,0.6665675189203089,5.0,0.1892866797451632,0.1855246972080784,1.9230769230769231,-1.1543734589309864,0.6491003054732352,260.0,[],True,0.8,ig,Materials,83.33333333333334,71.42857142857143,100.0,60.71428571428571,71.42857142857143,81.81818181818183,,,28.57142857142857,0.7,37.40385621816257,"{'profitability': 64.2, 'growth': 21.4, 'balance': None, 'stability': 81.6}",,False,0.05845578447955457,28.056869936755344,,,,False,"{""floor"": false, ""depressed_arms"": {""self_pct"": true, ""self_z"": true, ""median_ratio"": true}, ""yield_arm"": false, ""residual_arm"": false, ""brakes"": {""gm"": true, ""fcf_margin"": true, ""roic"": false}, ""self_pct"": 1.9230769230769231, ""self_z"": -1.1543734589309864, ""median_ratio"": 0.6491003054732352, ""fcf_yield"": 0.03361814580758947, ""yield_threshold"": 0.0495, ""gs10"": 0.0495, ""residual_pct"": null, ""brake_values"": {""gm"": 1.0698565750160876, ""fcf_margin"": 1.4306452308932196, ""roic"": null}}",False,"{""floor"": false, ""mom_sector_pct"": 28.57142857142857, ""eps_rev_proxy"": null}"
TGT,27419,Target Corporation,Consumer Staples,Consumer Staples Merchandise Retail,Consumer Staples Distribution and Retail,49.752224503764545,5.9986310746064335,593399181.6040142,0.921810200926475,-0.052828852539817284,0.831352761792771,9.0,,,0.02532634640431261,0.03318065020668082,0.7981763749446829,0.03690771201757144,0.03830490024961057,0.4358782256616723,6,9,False,0.02290831244420044,-0.18482759213389788,-0.16686354879050602,False,0.29303189266979246,0.038568311591848106,0.04872568590130449,,1.5228533550058618,1.320203373162406,0.9063930476274913,34.23076923076923,-0.07284207087435711,0.8921269877959748,260.0,,156.6999969482422,454296736.0,71188297144.79639,82768297144.79639,29423000000.0,11580000000.0,8723000000.0,4267000000.0,302000000.0,3173000000.0,11580000000.0,107705000000.0,6023000000.0,4456000000.0,4154000000.0,5248000000.0,9196000000.0,4393000000.0,4673677738.515902,0.22402826855123675,0.15884436456227785,13.742038377020817,19.924963202887913,0.05018829845844135,15.771398083993214,0.06340591967017338,16.204939026814564,1.0143409970407467,1.2592431491953022,631000000.0,37000000.0,0.022703327328960337,7.0,0.17524887793221422,0.15517606087705768,41.88034188034188,-0.013995128829739932,0.940639709618582,234.0,['fcf_cagr5 gate'],False,0.9,sector,Consumer Staples,62.5,22.22222222222222,,52.083333333333336,9.25925925925926,41.66666666666667,72.0,85.18518518518519,100.0,1.0,17.08585140791656,"{'profitability': 45.4, 'growth': 9.5, 'balance': 58.0, 'stability': 44.4}",61.888640837768804,False,-0.2891106222901598,26.604596462021863,,39.487246122842684,,False,"{""floor"": false, ""depressed_arms"": {""self_pct"": false, ""self_z"": false, ""median_ratio"": false}, ""yield_arm"": true, ""residual_arm"": false, ""brakes"": {""gm"": false, ""fcf_margin"": true, ""roic"": true}, ""self_pct"": 41.88034188034188, ""self_z"": -0.013995128829739932, ""median_ratio"": 0.940639709618582, ""fcf_yield"": 0.05018829845844135, ""yield_threshold"": 0.0495, ""gs10"": 0.0495, ""residual_pct"": null, ""brake_values"": {""gm"": null, ""fcf_margin"": 1.5228533550058618, ""roic"": 0.9063930476274913}}",False,"{""floor"": false, ""mom_sector_pct"": 100.0, ""eps_rev_proxy"": null}"
PH,76334,Parker Hannifin,Industrials,Industrial Machinery & Supplies & Components,Capital Goods,40.837782340862425,5.9986310746064335,585331992.1418532,0.2717071541109668,-0.09875002577037473,0.2760536448053579,10.0,,,0.14703505531196595,0.14194681384846963,0.1948327902266329,0.12365674814160402,0.11550426492724536,0.22138268026036703,7,9,False,0.0842453236413565,0.10549393088640535,0.11811683343024781,False,0.3768547374296479,0.17331038652960604,0.1510767942695009,,1.1787011346504506,1.2217432250158897,1.1157765075840544,80.0,0.9307049592574566,1.1779550170567388,260.0,,965.8800048828125,126047469.0,121746729973.18616,131052045973.18616,24709316000.0,9305316000.0,4364000000.0,459000000.0,179000000.0,937000000.0,9296316000.0,21499000000.0,5068000000.0,3905000000.0,3726000000.0,3248000000.0,6005000000.0,,4052845058.0758276,0.20030681569143108,0.16402093275571966,25.858730460376115,35.172315076002725,0.028431452346515493,40.348536321793766,0.024784046489930843,,,1.5480959200666111,11109000000.0,7280000000.0,0.7442132352024637,10.0,0.14700160080522534,0.14611933141342798,85.38461538461539,1.2302457410299101,1.2516707762263168,260.0,[],True,0.8,ig,Capital Goods,59.45945945945946,85.36585365853658,,87.8048780487805,64.28571428571429,,51.35135135135135,39.02439024390244,73.4375,1.0,46.35302419005974,"{'profitability': 64.9, 'growth': 79.1, 'balance': 48.4, 'stability': 72.2}",25.343135755848778,False,0.23551992444207626,27.791753644033047,,35.84807997295426,,False,"{""floor"": false, ""depressed_arms"": {""self_pct"": false, ""self_z"": false, ""median_ratio"": false}, ""yield_arm"": false, ""residual_arm"": false, ""brakes"": {""gm"": false, ""fcf_margin"": true, ""roic"": true}, ""self_pct"": 85.38461538461539, ""self_z"": 1.2302457410299101, ""median_ratio"": 1.2516707762263168, ""fcf_yield"": 0.028431452346515493, ""yield_threshold"": 0.0495, ""gs10"": 0.0495, ""residual_pct"": null, ""brake_values"": {""gm"": null, ""fcf_margin"": 1.1787011346504506, ""roic"": 1.1157765075840544}}",False,"{""floor"": false, ""mom_sector_pct"": 73.4375, ""eps_rev_proxy"": null}"
HLT,1585689,Hilton Worldwide,Consumer Discretionary,"Hotels, Resorts & Cruise Lines",Consumer Services,9.286789869952088,5.9986310746064335,584086462.1711528,0.20647934711951055,-0.09533418283016881,0.2229958774933285,10.0,,,0.12342923101055385,0.1558081260068015,0.4829211664750461,0.11325903798919815,0.15133345265795597,0.620550569964594,8,9,False,0.22823963694173832,0.2509558783459027,,False,,0.14769723668402082,0.13872647176611935,,1.1966147360295223,1.224860057343504,,46.15384615384615,-0.04816933474027565,0.9896679894627715,260.0,ev_or_ic_nonpos,315.44000244140625,225064910.0,70994475759.87488,71165475759.87488,-6132000000.0,171000000.0,2109000000.0,80000000.0,185000000.0,192000000.0,143000000.0,12485000000.0,2915000000.0,2029000000.0,1844000000.0,1732000000.0,3107000000.0,1584000000.0,2069636934.1102643,0.29000448229493503,,24.41354228469121,38.592991192990716,0.025911440629189184,41.088611870597504,0.024337643801385936,44.8197447979008,1.2809343434343434,0.04602510460251046,5068000000.0,5664000000.0,-1.7501630789302023,2.0,-0.7223651229167325,-0.7217832560752915,73.46153846153847,0.10809335220475182,1.1727868085995363,260.0,[],True,0.9,ig,Consumer Services,8.333333333333332,84.61538461538461,,42.30769230769231,80.76923076923077,61.53846153846154,77.77777777777777,23.076923076923066,72.72727272727273,1.0,43.097203388639905,"{'profitability': 29.5, 'growth': 100.0, 'balance': 98.5, 'stability': 60.4}",25.84544528204644,False,,,,34.47132433534317,,False,"{""floor"": false, ""depressed_arms"": {""self_pct"": false, ""self_z"": false, ""median_ratio"": false}, ""yield_arm"": false, ""residual_arm"": false, ""brakes"": {""gm"": false, ""fcf_margin"": true, ""roic"": false}, ""self_pct"": 73.46153846153847, ""self_z"": 0.10809335220475182, ""median_ratio"": 1.1727868085995363, ""fcf_yield"": 0.025911440629189184, ""yield_threshold"": 0.0495, ""gs10"": 0.0495, ""residual_pct"": null, ""brake_values"": {""gm"": null, ""fcf_margin"": 1.1966147360295223, ""roic"": null}}",False,"{""floor"": false, ""mom_sector_pct"": 72.72727272727273, ""eps_rev_proxy"": null}"
CMI,26172,Cummins,Industrials,Construction Machinery & Heavy Transportation Equipment,Capital Goods,61.50581793292265,5.9986310746064335,579806197.5586126,0.3145777200409998,-0.27611469252003895,0.21201369819205862,10.0,0.2437919266134933,0.023525407145051417,,,0.5603613446144116,0.05604860718501113,0.0648182840014987,0.5276056727591492,6,9,False,0.11190413083747286,0.016919940129568323,0.045100113668253394,False,0.2531981099458338,0.09700933502362567,0.10161922323383658,1.0385828335786238,,1.8130552807209137,0.9995529185568636,32.69230769230769,-0.06877234047299129,0.7491695897677559,260.0,sbc_unreported,517.0,137664487.0,71172539779.0,70416539779.0,12091000000.0,-756000000.0,4647000000.0,1280000000.0,,1120000000.0,-1815000000.0,34708000000.0,3893000000.0,3367000000.0,3367000000.0,3527000000.0,5013000000.0,,2860060031.185031,0.2653326403326403,0.23654453983831206,18.08798864089391,20.913733228096227,0.04781547077671267,19.964995684434363,0.0500876642202155,,,-0.3620586475164572,2222000000.0,2519000000.0,0.3921098337606484,10.0,0.23665034181464928,0.252821063904166,33.739837398373986,-0.18219491386818573,0.7220606627425119,246.0,[],True,0.8,ig,Capital Goods,78.37837837837837,,21.875,87.8048780487805,64.28571428571429,,91.89189189189189,70.73170731707317,76.5625,1.0,41.34951588365143,"{'profitability': 69.4, 'growth': 53.7, 'balance': 100.0, 'stability': 56.0}",59.39394066217831,False,-0.29577015402556484,28.11142815191728,,50.371728272914865,,False,"{""floor"": false, ""depressed_arms"": {""self_pct"": false, ""self_z"": false, ""median_ratio"": true}, ""yield_arm"": false, ""residual_arm"": false, ""brakes"": {""gm"": true, ""fcf_margin"": false, ""roic"": true}, ""self_pct"": 33.739837398373986, ""self_z"": -0.18219491386818573, ""median_ratio"": 0.7220606627425119, ""fcf_yield"": 0.04781547077671267, ""yield_threshold"": 0.0495, ""gs10"": 0.0495, ""residual_pct"": null, ""brake_values"": {""gm"": 1.0385828335786238, ""fcf_margin"": null, ""roic"": 0.9995529185568636}}",False,"{""floor"": false, ""mom_sector_pct"": 76.5625, ""eps_rev_proxy"": null}"
ILMN,1110803,"Illumina, Inc.",Health Care,Life Sciences Tools & Services,Pharmaceuticals Biotechnology and Life Sciences,0.030116358658453114,5.9986310746064335,560585761.1655724,1.136897721812948,-0.015851847330729196,1.6020367613983129,10.0,0.6539331947230078,0.04281692910952717,0.011639355398500126,-0.021536412078152753,0.6373149888801742,-0.021453551822351834,-0.0741563055062167,,5,9,False,0.060414789756396914,0.00882165341084118,-0.05242669726577276,False,0.6637739207832666,0.14797507788161993,0.12394303515798843,1.0150485189307863,12.713339597886009,-5.777273440981263,-1.2192731083179167,,,,,,265.7200012207031,151000000.0,40123720184.32617,41482720184.32617,4197000000.0,1359000000.0,1095000000.0,164000000.0,266000000.0,272000000.0,1359000000.0,4494000000.0,883000000.0,931000000.0,665000000.0,557000000.0,1155000000.0,824000000.0,716839408.866995,0.18817733990147784,0.17079804833619133,46.97929805699453,62.380030352370184,0.01603077129573734,74.47526065408648,0.013427277611617591,48.69383517515312,1.1298543689320388,1.1766233766233767,1284000000.0,410000000.0,0.40362163450083394,3.0,-0.14008186285008836,-0.12517632465494521,,,,,['tenure<1y'],False,0.9,ig,Pharmaceuticals Biotechnology and Life Sciences,8.333333333333332,8.333333333333332,44.44444444444444,29.166666666666668,62.5,55.55555555555556,58.33333333333333,10.0,100.0,1.0,13.039783276790123,"{'profitability': 0.0, 'growth': 28.8, 'balance': 60.8, 'stability': 48.5}",,False,,,,,,False,"{""floor"": false, ""depressed_arms"": {""self_pct"": false, ""self_z"": false, ""median_ratio"": false}, ""yield_arm"": false, ""residual_arm"": false, ""brakes"": {""gm"": true, ""fcf_margin"": true, ""roic"": false}, ""self_pct"": null, ""self_z"": null, ""median_ratio"": null, ""fcf_yield"": 0.01603077129573734, ""yield_threshold"": 0.0495, ""gs10"": 0.0495, ""residual_pct"": null, ""brake_values"": {""gm"": 1.0150485189307863, ""fcf_margin"": 12.713339597886009, ""roic"": -1.2192731083179167}}",False,"{""floor"": false, ""mom_sector_pct"": 100.0, ""eps_rev_proxy"": null}"
MO,764180,Altria,Consumer Staples,Tobacco,Food Beverage and Tobacco,69.57973990417523,5.9986310746064335,555337448.279325,0.10120777876791265,-0.08342182001026532,0.0874470095012061,10.0,0.5823659762021322,0.049983996525152244,0.351410809425052,0.35852277458572734,0.049232968819262035,0.34841730597675674,0.3525272712132567,0.048818545350079526,1,9,False,-0.023013503096606436,0.02161112490938999,0.021134802953271192,False,0.6296201560301828,0.3884554717142005,0.39101334356482076,1.081141724893024,1.1054169686748048,1.1222558031916636,0.9899827182641115,87.6923076923077,1.8115141506763557,1.3126015306779788,260.0,sbc_unreported,66.94999694824219,1669743926.0,111789350750.04593,134049350750.04593,19592000000.0,22260000000.0,9408000000.0,296000000.0,,236000000.0,22210000000.0,23457000000.0,10973000000.0,9112000000.0,9112000000.0,9172000000.0,11209000000.0,7973000000.0,8431739494.988435,0.23159213569776407,0.4303664503362819,12.216290052861199,14.711298370285988,0.06797496555571253,14.61506222743632,0.06842256190485023,14.020989683939035,1.1428571428571428,1.9814434829155143,5787000000.0,11089000000.0,0.8613719885667619,10.0,0.43472117482102046,0.45077984625148976,91.92307692307692,1.9414860324171201,1.3358841804414958,260.0,['rev_cagr5 gate'],False,1.0,ig,Food Beverage and Tobacco,100.0,100.0,78.57142857142857,81.81818181818183,53.57142857142857,46.15384615384615,53.84615384615385,85.71428571428572,55.55555555555556,1.0,25.436249765808633,"{'profitability': 100.0, 'growth': 9.0, 'balance': 34.0, 'stability': 48.1}",49.17060516823352,False,-0.3215663896796497,20.291096319126588,,37.30342746702108,,False,"{""floor"": false, ""depressed_arms"": {""self_pct"": false, ""self_z"": false, ""median_ratio"": false}, ""yield_arm"": true, ""residual_arm"": false, ""brakes"": {""gm"": true, ""fcf_margin"": true, ""roic"": true}, ""self_pct"": 91.92307692307692, ""self_z"": 1.9414860324171201, ""median_ratio"": 1.3358841804414958, ""fcf_yield"": 0.06797496555571253, ""yield_threshold"": 0.0495, ""gs10"": 0.0495, ""residual_pct"": null, ""brake_values"": {""gm"": 1.081141724893024, ""fcf_margin"": 1.1054169686748048, ""roic"": 0.9899827182641115}}",False,"{""floor"": false, ""mom_sector_pct"": 55.55555555555556, ""eps_rev_proxy"": null}"
ORLY,898173,O'Reilly Automotive,Consumer Discretionary,Automotive Retail,Consumer Discretionary Distribution and Retail,17.516769336071185,5.9986310746064335,553369722.3712952,-0.16127494396628772,-0.16759669594566584,-0.18856763015165234,10.0,0.5158929378182571,0.0108552076334035,0.14335644687557894,0.12650375500007904,0.19235533434112342,0.1695985137681996,0.16427213078467645,0.08450450532450492,9,9,False,0.08910774866946913,-0.07643881962372256,-0.023799061709067426,False,0.5163568171154846,0.11427847165081478,0.1463400687530347,1.0008991774517972,0.7971631143313608,0.8628617403631639,0.9413561323683274,77.6923076923077,1.7362978769813213,6.312751271859304,260.0,,85.02999877929688,808960792.0,68785935156.25903,78411067156.25903,7789407000.0,9625132000.0,3289439000.0,1133180000.0,33815000.0,537714000.0,9625132000.0,18572562000.0,3632030000.0,2156259000.0,2122444000.0,2717910000.0,4169744000.0,2650374000.0,2832471895.6995807,0.2201408315185776,0.3636312617506802,21.58877188686741,36.94376254744956,0.02706816877992942,28.849765870194023,0.03466232635992185,25.953293820517043,0.81356782099432,2.3083268421274785,955211000.0,32591000.0,0.1268135045453396,7.0,0.3862844775184415,0.39560214787347137,77.6923076923077,1.5592478826580902,6.198025571579844,260.0,['fcf_cagr5 gate'],False,1.0,ig,Consumer Discretionary Distribution and Retail,75.0,100.0,88.88888888888889,50.0,55.55555555555556,33.33333333333333,12.5,11.111111111111114,33.33333333333333,1.0,42.14579615193188,"{'profitability': 72.9, 'growth': 37.1, 'balance': 23.1, 'stability': 89.3}",20.134635031141947,False,0.246506285899184,28.872527553640243,,31.140215591536915,,False,"{""floor"": false, ""depressed_arms"": {""self_pct"": false, ""self_z"": false, ""median_ratio"": false}, ""yield_arm"": false, ""residual_arm"": false, ""brakes"": {""gm"": true, ""fcf_margin"": false, ""roic"": true}, ""self_pct"": 77.6923076923077, ""self_z"": 1.5592478826580902, ""median_ratio"": 6.198025571579844, ""fcf_yield"": 0.02706816877992942, ""yield_threshold"": 0.0495, ""gs10"": 0.0495, ""residual_pct"": null, ""brake_values"": {""gm"": 1.0008991774517972, ""fcf_margin"": 0.7971631143313608, ""roic"": 0.9413561323683274}}",False,"{""floor"": false, ""mom_sector_pct"": 33.33333333333333, ""eps_rev_proxy"": null}"
REGN,872589,Regeneron Pharmaceuticals,Health Care,Biotechnology,Pharmaceuticals Biotechnology and Life Sciences,13.42094455852156,5.9986310746064335,551474862.1357892,0.3866073743733287,-0.11897508882421559,0.23096336616412994,10.0,,,0.26095768201918196,0.22797548257250022,0.22989873469777575,0.2816783246475902,0.2506632513036319,0.2923448028225207,7,9,False,0.11038413551359794,0.15288186330766362,0.12029842228815468,False,,0.17854866846479173,0.2038018114286082,,0.6842054507966825,0.7235267807119562,0.5066601667557883,60.38461538461538,0.17350648009816316,1.0636330172477853,260.0,shares_was_proxy;gm_derived,734.8099975585938,102800000.0,75538467749.02344,72017267749.02344,28190200000.0,-3521200000.0,4681300000.0,920900000.0,986700000.0,528600000.0,-3521200000.0,15534700000.0,3843100000.0,3760400000.0,2773700000.0,3166000000.0,4371700000.0,4328700000.0,3220214279.907085,0.16207897793263648,0.11423169328018548,18.739368673472832,25.96433202906711,0.03851437421461482,22.74708393841549,0.04396167889947382,17.45061282810623,0.8687134705569801,-0.8054532561703686,,915500000.0,0.03247582493206859,7.0,0.22546018174593446,0.19621632451876092,69.23076923076923,0.2515899970165485,1.0976343439787684,260.0,[],True,0.9,ig,Pharmaceuticals Biotechnology and Life Sciences,91.66666666666666,75.0,,87.5,62.5,22.22222222222222,83.33333333333334,90.0,80.95238095238095,1.0,59.03406806530855,"{'profitability': 64.3, 'growth': 96.0, 'balance': 100.0, 'stability': 69.9}",51.06495056225678,False,-0.2817344182422885,34.41381798676428,,55.049509313782664,,False,"{""floor"": false, ""depressed_arms"": {""self_pct"": false, ""self_z"": false, ""median_ratio"": false}, ""yield_arm"": false, ""residual_arm"": false, ""brakes"": {""gm"": false, ""fcf_margin"": false, ""roic"": false}, ""self_pct"": 69.23076923076923, ""self_z"": 0.2515899970165485, ""median_ratio"": 1.0976343439787684, ""fcf_yield"": 0.03851437421461482, ""yield_threshold"": 0.0495, ""gs10"": 0.0495, ""residual_pct"": null, ""brake_values"": {""gm"": null, ""fcf_margin"": 0.6842054507966825, ""roic"": 0.5066601667557883}}",False,"{""floor"": false, ""mom_sector_pct"": 80.95238095238095, ""eps_rev_proxy"": null}"
CMG,1058090,Chipotle Mexican Grill,Consumer Discretionary,Restaurants,Consumer Services,15.430527036276523,5.9986310746064335,547335127.5216863,-0.11494251508591335,-0.22790255079853483,-0.2260536160472335,10.0,,,0.10377713607376786,0.11130156673925501,0.2446467031958324,0.12778409252233064,0.13574905266587173,0.2608102282131376,9,9,True,0.14785897917720714,0.1457820899098703,0.17682451652961562,True,,0.11832763336764662,0.14893600238059995,,1.1402090850101687,1.1655285054716256,1.057928426396366,57.30769230769231,0.932622057295148,4.13205468891564,260.0,,32.31999969482422,1265418000.0,40898309373.82507,45639648373.82507,6941130000.0,4741339000.0,2327527000.0,758542000.0,98911000.0,378271000.0,4741339000.0,12423759000.0,1820149000.0,1568985000.0,1470074000.0,1850345000.0,2198420000.0,1419645000.0,1381802784.2685463,0.24082985279307004,0.19907461526704534,25.074677058760066,31.045816995488032,0.03221045850219798,24.665480423285967,0.04054249026732635,28.808828526726803,1.1051953129127352,2.156702995787884,21939000.0,,0.0031607245506135168,7.0,0.18817399202057133,0.20301174370634995,57.692307692307686,0.8958981165293881,3.3219525074874134,260.0,[],True,0.9,ig,Consumer Services,66.66666666666666,69.23076923076923,,76.92307692307693,80.76923076923077,46.15384615384615,55.55555555555556,15.384615384615387,42.42424242424242,1.0,56.277117471033804,"{'profitability': 72.0, 'growth': 100.0, 'balance': 28.1, 'stability': 83.7}",29.682777485192943,False,0.29472261399796773,23.121003965262314,,42.979947478113374,,False,"{""floor"": false, ""depressed_arms"": {""self_pct"": false, ""self_z"": false, ""median_ratio"": false}, ""yield_arm"": false, ""residual_arm"": false, ""brakes"": {""gm"": false, ""fcf_margin"": true, ""roic"": true}, ""self_pct"": 57.692307692307686, ""self_z"": 0.8958981165293881, ""median_ratio"": 3.3219525074874134, ""fcf_yield"": 0.03221045850219798, ""yield_threshold"": 0.0495, ""gs10"": 0.0495, ""residual_pct"": null, ""brake_values"": {""gm"": null, ""fcf_margin"": 1.1402090850101687, ""roic"": 1.057928426396366}}",False,"{""floor"": false, ""mom_sector_pct"": 42.42424242424242, ""eps_rev_proxy"": null}"
FERG,2011641,Ferguson Enterprises,Industrials,Trading Companies & Distributors,Capital Goods,0.15879534565366188,5.9986310746064335,545015852.420633,0.0012927304747263335,-0.15551322653559085,-0.029042822917731304,4.0,0.3055589452508955,0.0041359515992652855,0.05082573390328545,0.05009782567167161,0.32312704454435554,0.05149791265831892,0.049616827788172876,0.3602387430003011,2,3,False,,,,False,0.30837004405286345,0.036171530837004404,0.038443006607929514,1.0091998576564654,0.7116774920719093,0.7464964039026827,,,,,,,221.49000549316406,193452717.0,42847843350.99751,49297843350.99751,12651000000.0,6450000000.0,1575000000.0,419000000.0,105000000.0,353000000.0,6450000000.0,29056000000.0,2604000000.0,1156000000.0,1051000000.0,1117000000.0,2957000000.0,1866000000.0,2017046077.2104607,0.22540473225404734,0.15943767901434358,18.931583468125005,46.90565494861799,0.021319391043477232,44.134148031331705,0.02265819200339112,22.96240265326769,0.6195069667738478,2.181264795400744,2713000000.0,685000000.0,0.26859536795510236,2.0,,,,,,,"['tenure<1y', 'rev_cagr5 gate', 'fcf_cagr5 gate']",False,0.8,ig,Capital Goods,,14.634146341463413,31.25,15.853658536585366,4.761904761904762,10.256410256410255,32.432432432432435,65.85365853658536,34.375,0.7,25.77528548923823,"{'profitability': 47.1, 'growth': None, 'balance': 27.3, 'stability': 66.8}",,False,,,,,,False,"{""floor"": false, ""depressed_arms"": {""self_pct"": false, ""self_z"": false, ""median_ratio"": false}, ""yield_arm"": false, ""residual_arm"": false, ""brakes"": {""gm"": true, ""fcf_margin"": false, ""roic"": false}, ""self_pct"": null, ""self_z"": null, ""median_ratio"": null, ""fcf_yield"": 0.021319391043477232, ""yield_threshold"": 0.0495, ""gs10"": 0.0495, ""residual_pct"": null, ""brake_values"": {""gm"": 1.0091998576564654, ""fcf_margin"": 0.7116774920719093, ""roic"": null}}",False,"{""floor"": false, ""mom_sector_pct"": 34.375, ""eps_rev_proxy"": null}"
CSX,277948,CSX Corporation,Industrials,Rail Transportation,Transportation,69.57973990417523,5.9986310746064335,544770969.5338852,0.38975622867155124,-0.12328744482272669,0.3090317011632504,10.0,,,0.20490478562937744,0.22221464146824044,0.21961645189638335,0.25725104914272806,0.266562052261718,0.10477196356120543,4,9,False,0.05894344821402786,-0.08287617441838413,0.0036537579282582833,False,,0.19266813671444322,0.2527563395810364,,0.9402812927118875,0.9825279252439592,0.8673858676634922,82.6923076923077,1.458614034326182,1.317934951796758,260.0,sbc_unreported,46.540000915527344,1852474917.0,86214184333.17145,95222184333.17145,23096000000.0,9008000000.0,5322000000.0,2526000000.0,,1654000000.0,9002000000.0,14512000000.0,4956000000.0,2796000000.0,2796000000.0,3668000000.0,6610000000.0,3223000000.0,3802234706.0223756,0.23280171387764817,0.16462741193377103,19.213515805724665,34.05657522645617,0.029362905499175678,25.960246546666152,0.03852043539734492,26.74966935562254,0.867514737821905,1.361875945537065,80000000.0,187000000.0,0.011560443366816765,9.0,0.18979720337989098,0.1980238448790183,76.53846153846153,0.9708818420266173,1.415506752424618,260.0,['fcf_cagr5 gate'],False,0.9,ig,Transportation,63.63636363636363,88.88888888888889,,86.36363636363636,77.27272727272727,27.27272727272727,66.66666666666667,45.45454545454546,84.375,1.0,26.879213804543408,"{'profitability': 79.7, 'growth': 24.6, 'balance': 54.6, 'stability': 48.3}",31.806937413775913,False,0.24484175232385175,26.66045460790728,,29.343075609159662,,False,"{""floor"": false, ""depressed_arms"": {""self_pct"": false, ""self_z"": false, ""median_ratio"": false}, ""yield_arm"": false, ""residual_arm"": false, ""brakes"": {""gm"": false, ""fcf_margin"": false, ""roic"": false}, ""self_pct"": 76.53846153846153, ""self_z"": 0.9708818420266173, ""median_ratio"": 1.415506752424618, ""fcf_yield"": 0.029362905499175678, ""yield_threshold"": 0.0495, ""gs10"": 0.0495, ""residual_pct"": null, ""brake_values"": {""gm"": null, ""fcf_margin"": 0.9402812927118875, ""roic"": 0.8673858676634922}}",False,"{""floor"": false, ""mom_sector_pct"": 84.375, ""eps_rev_proxy"": null}"
GM,1467858,General Motors,Consumer Discretionary,Automobile Manufacturers,Consumer Durables and Apparel,13.322381930184806,5.9986310746064335,544436077.185683,0.47209613888399904,-0.10562666969284495,0.3303548124311848,10.0,,,0.06735928063476104,0.06317471996346523,0.37226509816747677,0.05164806823071536,0.050540190902416,0.5018591228874549,4,9,False,0.09099442238405597,0.09086898109859298,,False,,0.08552318950769816,0.06577884432617373,,1.2696571088908506,1.2735973789442665,0.23488462929803205,58.46153846153847,0.008505129695519548,1.067702059416974,260.0,sbc_unreported;gm_derived,79.30999755859375,877451541.0,69590679574.49432,45349679574.49432,37759000000.0,-24241000000.0,23202000000.0,8804000000.0,,12128000000.0,-25882000000.0,168352000000.0,1815000000.0,14398000000.0,14398000000.0,11074000000.0,13943000000.0,2032000000.0,1535131949.026476,0.1541972732636496,0.04065605415997447,24.98604935233847,3.1497207650016894,0.31748846155238897,4.095148959228312,0.24419136152459753,34.24738168036138,7.085629921259843,-1.856271964426594,1900000000.0,2550000000.0,0.1178526973701634,9.0,0.17308946218182825,0.18397730093493642,42.69230769230769,-0.08209992062732613,0.9468446763267211,260.0,[],True,0.9,ig,Consumer Durables and Apparel,37.5,40.0,,88.88888888888889,70.0,100.0,70.0,22.222222222222214,96.96969696969697,1.0,23.593818566399626,"{'profitability': 22.8, 'growth': 75.8, 'balance': 100.0, 'stability': 38.1}",57.5177304964539,False,-1.3627393422766174,28.32113047616599,,40.55577453142676,,False,"{""floor"": false, ""depressed_arms"": {""self_pct"": false, ""self_z"": false, ""median_ratio"": false}, ""yield_arm"": true, ""residual_arm"": false, ""brakes"": {""gm"": false, ""fcf_margin"": true, ""roic"": false}, ""self_pct"": 42.69230769230769, ""self_z"": -0.08209992062732613, ""median_ratio"": 0.9468446763267211, ""fcf_yield"": 0.31748846155238897, ""yield_threshold"": 0.0495, ""gs10"": 0.0495, ""residual_pct"": null, ""brake_values"": {""gm"": null, ""fcf_margin"": 1.2696571088908506, ""roic"": 0.23488462929803205}}",False,"{""floor"": false, ""mom_sector_pct"": 96.96969696969697, ""eps_rev_proxy"": null}"
MAR,1048286,Marriott International,Consumer Discretionary,"Hotels, Resorts & Cruise Lines",Consumer Services,28.344969199178646,5.9986310746064335,541810280.1851116,0.268124821527701,-0.1168306279095207,0.33701228257430693,10.0,,,0.08277690059028317,0.0885283781832186,0.29572841680558226,0.08854513580225425,0.08953930582968277,0.3161661447067047,8,9,False,0.1989211404768092,0.11637974983456112,,False,,0.10715878679750224,,,1.2945493976381275,,,47.265625,-0.006766507739674649,0.9935259451771848,256.0,ev_or_ic_nonpos,354.7900085449219,260766288.0,92517273547.74756,95660273547.74756,-1382000000.0,3143000000.0,3728000000.0,596000000.0,249000000.0,,3143000000.0,26904000000.0,4250000000.0,3132000000.0,2883000000.0,,,2587000000.0,3161227717.0787807,0.25618171362852216,,22.50829965829354,33.18080941649239,0.030137902528169006,,,35.7623786423454,1.210668728256668,,8876000000.0,10794000000.0,-14.232995658465992,8.0,2.7542213482599407,0.6779194338937296,50.0,-0.0022800074832713467,0.9983582046728037,256.0,[],True,0.8,ig,Consumer Services,100.0,46.15384615384615,,92.3076923076923,80.76923076923077,53.84615384615385,,30.769230769230774,90.9090909090909,0.7,58.95751638255182,"{'profitability': 67.7, 'growth': 98.5, 'balance': None, 'stability': 72.9}",36.3146931807093,False,0.3221643248806991,24.042121494448626,,47.636104781630564,,False,"{""floor"": false, ""depressed_arms"": {""self_pct"": false, ""self_z"": false, ""median_ratio"": false}, ""yield_arm"": false, ""residual_arm"": false, ""brakes"": {""gm"": false, ""fcf_margin"": true, ""roic"": false}, ""self_pct"": 50.0, ""self_z"": -0.0022800074832713467, ""median_ratio"": 0.9983582046728037, ""fcf_yield"": 0.030137902528169006, ""yield_threshold"": 0.0495, ""gs10"": 0.0495, ""residual_pct"": null, ""brake_values"": {""gm"": null, ""fcf_margin"": 1.2945493976381275, ""roic"": null}}",False,"{""floor"": false, ""mom_sector_pct"": 90.9090909090909, ""eps_rev_proxy"": null}"
ROST,745732,Ross Stores,Consumer Discretionary,Apparel Retail,Consumer Discretionary Distribution and Retail,16.78028747433265,5.9986310746064335,533303512.76073515,0.5209720416121562,-0.08101530762820086,0.5464376997497493,10.0,0.27155098618562346,0.03266644131950052,0.06848333640072797,0.07007291656165805,0.2686417432943078,0.0820247327056348,0.08300836864817389,0.2593256093226849,7,9,False,0.12667161297888763,0.03704410586443574,0.05641033216438118,False,0.2966845190222276,0.10573251297191663,0.11921757024923263,1.0925554835563134,1.5439159148617752,1.4534344254076772,1.1989407724381362,43.7246963562753,-0.007412780526146733,0.970323007306738,247.0,gm_derived,234.10000610351562,319453110.0,74783975000.78705,75235002000.78705,7194211000.0,451027000.0,3660573000.0,870387000.0,198492000.0,539844000.0,451027000.0,24511798000.0,3370257000.0,2790186000.0,2591694000.0,2922237000.0,3910101000.0,2659063000.0,2558376910.8668685,0.24089560206629088,0.3556160516930722,22.323224015494084,29.029276604717626,0.03444798207053796,25.74568797834914,0.03884145573584792,28.12418321821899,1.0493117312376579,0.11534919430469955,2889000.0,,0.0004015728757469026,4.0,0.29660852301310947,0.30185517711715315,40.36697247706422,-0.2479224171278361,0.9503255534238302,218.0,[],True,1.0,ig,Consumer Discretionary Distribution and Retail,50.0,37.5,22.22222222222222,12.5,55.55555555555556,55.55555555555556,87.5,0.0,100.0,1.0,53.48052949534306,"{'profitability': 64.0, 'growth': 65.4, 'balance': 96.2, 'stability': 72.2}",32.291841429672026,False,0.011759440482998151,28.689907858283448,,42.88618546250754,,False,"{""floor"": false, ""depressed_arms"": {""self_pct"": false, ""self_z"": false, ""median_ratio"": false}, ""yield_arm"": false, ""residual_arm"": false, ""brakes"": {""gm"": true, ""fcf_margin"": true, ""roic"": true}, ""self_pct"": 40.36697247706422, ""self_z"": -0.2479224171278361, ""median_ratio"": 0.9503255534238302, ""fcf_yield"": 0.03444798207053796, ""yield_threshold"": 0.0495, ""gs10"": 0.0495, ""residual_pct"": null, ""brake_values"": {""gm"": 1.0925554835563134, ""fcf_margin"": 1.5439159148617752, ""roic"": 1.1989407724381362}}",False,"{""floor"": false, ""mom_sector_pct"": 100.0, ""eps_rev_proxy"": null}"
MMM,66740,3M,Industrials,Industrial Conglomerates,Capital Goods,69.57973990417523,5.9986310746064335,518832555.23317194,0.08200898400398304,-0.10479140359418115,0.046447032213886796,10.0,0.41296647974872014,0.0693256455399355,0.1100731211136183,0.13680669699170522,0.6045497957022045,0.09998630040882629,0.1336722602347005,0.7120790645005475,5,9,False,-0.04965970683619114,-0.2673264480198516,-0.334912769173619,False,0.3940428911834789,0.14964257347100873,0.13077839555202542,0.9541764537965508,1.3594833321437896,1.3079631411232908,3.1962386385818986,68.37606837606837,0.06869380957769605,1.8107355123894946,234.0,gm_derived,163.02000427246094,515722417.0,84073070622.74388,93584070622.74388,12463000000.0,9511000000.0,4899000000.0,914000000.0,217000000.0,1389000000.0,9458000000.0,25180000000.0,4624000000.0,3985000000.0,3768000000.0,3293000000.0,6013000000.0,2997000000.0,3561297463.4896235,0.22982321291314373,0.28574961594235926,20.238769598344266,24.836536789475552,0.04026326248608657,28.419092202473088,0.03518761235846154,28.052409283531492,1.329662996329663,1.5729253284550142,6374000000.0,474000000.0,0.5494664206049907,9.0,0.0894018401795994,0.24317489092309505,68.37606837606837,0.16877148353309362,1.688000863367397,234.0,"['rev_cagr5 gate', 'fcf_cagr5 gate']",False,1.0,ig,Capital Goods,21.62162162162162,58.536585365853654,71.875,70.73170731707317,64.28571428571429,71.7948717948718,48.64864864864865,58.53658536585366,53.125,1.0,20.729042660302106,"{'profitability': 77.4, 'growth': 0.0, 'balance': 47.6, 'stability': 45.8}",42.57612456834803,False,-0.1004783653056962,27.46175177314463,,31.652583614325067,,False,"{""floor"": false, ""depressed_arms"": {""self_pct"": false, ""self_z"": false, ""median_ratio"": false}, ""yield_arm"": false, ""residual_arm"": false, ""brakes"": {""gm"": false, ""fcf_margin"": true, ""roic"": true}, ""self_pct"": 68.37606837606837, ""self_z"": 0.16877148353309362, ""median_ratio"": 1.688000863367397, ""fcf_yield"": 0.04026326248608657, ""yield_threshold"": 0.0495, ""gs10"": 0.0495, ""residual_pct"": null, ""brake_values"": {""gm"": 0.9541764537965508, ""fcf_margin"": 1.3594833321437896, ""roic"": 3.1962386385818986}}",False,"{""floor"": false, ""mom_sector_pct"": 53.125, ""eps_rev_proxy"": null}"
EXPE,1324424,Expedia Group,Consumer Discretionary,"Hotels, Resorts & Cruise Lines",Consumer Services,19.000684462696782,5.9986310746064335,508480795.34193724,0.3695783615544954,-0.2093279807177969,0.20704320328064663,9.0,,,0.18945391419276786,0.18407656281816331,0.1832335062561977,0.1817669594272266,0.17613520667888413,0.20344282701144809,8,9,True,0.23161302817574048,0.0028315207796696384,0.007753659335516527,True,,0.2577707006369427,0.24859872611464967,,1.3605984428205744,1.367678300269859,,27.307692307692307,-1.125177084473869,0.6335315540572282,260.0,gm_derived;ev_or_ic_nonpos,262.6700134277344,114473000.0,30068624447.113037,28798397447.113037,-61227000.0,-1270227000.0,5216000000.0,757000000.0,412000000.0,901000000.0,-1381000000.0,15700000000.0,2507000000.0,4459000000.0,4047000000.0,3903000000.0,3408000000.0,2043000000.0,2097567911.3664339,0.16331555190808372,,11.487194833311941,7.115986520166305,0.14052865293744674,7.378528682324632,0.13552837470097717,14.717877849786117,2.182574645129711,-0.4052230046948357,7024000000.0,819000000.0,-128.09708135299786,7.0,0.2658984072776649,0.1734600993790101,26.153846153846157,-1.11390821578128,0.6388876061900436,260.0,[],True,0.9,ig,Consumer Services,83.33333333333334,100.0,,76.92307692307693,50.0,92.3076923076923,88.88888888888889,84.61538461538461,93.93939393939394,1.0,62.2327761021278,"{'profitability': 80.2, 'growth': 51.2, 'balance': 100.0, 'stability': 80.4}",81.59738134206219,True,-1.1681774411458494,23.313819231967734,6.756756756756757,71.91507872209499,20.0,False,"{""floor"": true, ""depressed_arms"": {""self_pct"": false, ""self_z"": true, ""median_ratio"": true}, ""yield_arm"": true, ""residual_arm"": true, ""brakes"": {""gm"": false, ""fcf_margin"": true, ""roic"": false}, ""self_pct"": 26.153846153846157, ""self_z"": -1.11390821578128, ""median_ratio"": 0.6388876061900436, ""fcf_yield"": 0.14052865293744674, ""yield_threshold"": 0.0495, ""gs10"": 0.0495, ""residual_pct"": 6.756756756756757, ""brake_values"": {""gm"": null, ""fcf_margin"": 1.3605984428205744, ""roic"": null}}",False,"{""floor"": true, ""mom_sector_pct"": 93.93939393939394, ""eps_rev_proxy"": 20.0}"
DAL,27904,Delta Air Lines,Industrials,Passenger Airlines,Transportation,13.05681040383299,5.9986310746064335,506323785.4205812,0.4154220036627332,-0.0906983887586238,0.48533680928409684,8.0,,,,,0.981211899766451,0.07600514198439237,0.08414060337669527,0.3861914741885194,8,9,False,0.29955509431200555,,,False,,0.05358267312958542,0.08213862082094689,,,1.0806982090476724,1.1224312751947048,66.94214876033058,0.1645994541289003,1.0762305085080175,242.0,sbc_unreported,84.12999725341797,657623030.0,55325823707.6844,70402823707.6844,36892000000.0,15077000000.0,8134000000.0,4475000000.0,,2525000000.0,15077000000.0,68287000000.0,5516000000.0,3659000000.0,3659000000.0,5609000000.0,8041000000.0,3950000000.0,4285641227.380016,0.22305271439811172,0.116167223988399,12.76338355831842,19.2410012866041,0.05197234723414401,12.551760332979926,0.07967009992793489,14.006537647515039,0.9263291139240506,1.8750155453301829,9753000000.0,9774000000.0,0.5293017456359103,7.0,0.10349606836128815,0.127140256986967,22.727272727272727,-0.03908079475255181,0.47668413857914194,220.0,['fcf_cagr5 gate'],False,0.8,ig,Transportation,27.27272727272727,,,54.54545454545454,27.27272727272727,45.45454545454545,44.44444444444444,81.81818181818181,87.5,1.0,33.86855158275846,"{'profitability': 39.8, 'growth': 100.0, 'balance': 37.5, 'stability': 59.3}",66.8605629710169,False,-0.3115716676981548,26.274927395492597,,50.36455727688768,,False,"{""floor"": false, ""depressed_arms"": {""self_pct"": false, ""self_z"": false, ""median_ratio"": true}, ""yield_arm"": true, ""residual_arm"": false, ""brakes"": {""gm"": false, ""fcf_margin"": false, ""roic"": true}, ""self_pct"": 22.727272727272727, ""self_z"": -0.03908079475255181, ""median_ratio"": 0.47668413857914194, ""fcf_yield"": 0.05197234723414401, ""yield_threshold"": 0.0495, ""gs10"": 0.0495, ""residual_pct"": null, ""brake_values"": {""gm"": null, ""fcf_margin"": null, ""roic"": 1.1224312751947048}}",False,"{""floor"": false, ""mom_sector_pct"": 87.5, ""eps_rev_proxy"": null}"
TT,1466258,Trane Technologies,Industrials,Building Products,Capital Goods,15.874058863791923,5.9986310746064335,495991283.911606,0.0636021888913012,-0.052234610747135646,0.0898182581339173,10.0,,,0.10843753475390101,0.11452912160021722,0.32914746735622985,0.10639678746575983,0.11184776213965697,0.3527954919317759,7,9,False,0.11352129327156257,0.16882774497590503,0.22247837793850223,True,,0.1555927761943998,0.1528957807104039,,1.434860876794346,1.4370338085593815,1.2191842829141593,15.769230769230768,-0.654449828793742,0.8731104245073321,260.0,gm_derived,458.94000244140625,220023177.0,100977437389.54596,104298337389.54596,11943800000.0,3320900000.0,3876800000.0,330300000.0,90800000.0,390200000.0,3298700000.0,22209900000.0,3984700000.0,3546500000.0,3455700000.0,3395800000.0,4374900000.0,2949000000.0,3216920040.232697,0.19268199858641874,0.2693380699804666,26.174702584773247,30.181536993820632,0.03313283880157396,30.71392231272335,0.03255852475689002,34.24124699543776,1.202611054594778,0.7540058058469908,7031900000.0,3489500000.0,0.8809089234581959,10.0,0.22091661921418507,0.20922573048228546,18.076923076923077,-0.6821475047952527,0.8670096580135338,260.0,[],True,0.9,ig,Capital Goods,75.67567567567568,56.09756097560976,,87.8048780487805,64.28571428571429,51.28205128205128,78.37837837837839,36.58536585365854,48.4375,1.0,51.10741580955252,"{'profitability': 72.9, 'growth': 97.3, 'balance': 74.9, 'stability': 63.2}",48.7452486306123,False,0.07270672038535242,28.065011529817387,,49.926332220082415,,False,"{""floor"": false, ""depressed_arms"": {""self_pct"": true, ""self_z"": false, ""median_ratio"": false}, ""yield_arm"": false, ""residual_arm"": false, ""brakes"": {""gm"": false, ""fcf_margin"": true, ""roic"": true}, ""self_pct"": 18.076923076923077, ""self_z"": -0.6821475047952527, ""median_ratio"": 0.8670096580135338, ""fcf_yield"": 0.03313283880157396, ""yield_threshold"": 0.0495, ""gs10"": 0.0495, ""residual_pct"": null, ""brake_values"": {""gm"": null, ""fcf_margin"": 1.434860876794346, ""roic"": 1.2191842829141593}}",False,"{""floor"": false, ""mom_sector_pct"": 48.4375, ""eps_rev_proxy"": null}"
WMB,107263,Williams Companies,Energy,Oil & Gas Storage & Transportation,Energy,51.507186858316224,5.9986310746064335,489525483.7955252,0.17644864165935625,-0.10520185516087677,0.10620545530915115,10.0,,,0.17436660018904887,0.18223559214692844,0.32527315022869957,0.21487941429700794,0.21025965801139962,0.21094093435723785,6,9,False,0.1425233414783127,-0.14939701872876465,0.14949726502314897,False,,-0.012377681290907912,0.23187090920873565,,-0.070986538003769,1.0790745589442177,0.5557938690678091,71.92307692307692,1.673110561485534,1.9502543601144968,260.0,gm_derived,69.22000122070312,1223167472.0,84667653904.96436,115515653904.96436,44038000000.0,30848000000.0,5994000000.0,6102000000.0,83000000.0,2333000000.0,28635000000.0,15431000000.0,4660000000.0,-108000000.0,-191000000.0,3578000000.0,6993000000.0,3073000000.0,3567022180.273714,0.2345445965077867,0.08099873246454685,24.788766932395784,,-0.0016534555581284006,32.28497873252218,0.03097415699991318,27.55211646760962,-0.03514480963228116,4.0948090948090945,466000000.0,9792000000.0,0.23293519233389345,4.0,0.1457352032335295,0.1570631848785377,,,,,['fcf_cagr5 gate'],False,0.8,ig,Energy,54.54545454545454,87.5,,68.18181818181817,95.45454545454545,10.0,18.181818181818173,0.0,36.36363636363637,1.0,12.957389053403883,"{'profitability': 20.2, 'growth': 50.0, 'balance': 0.0, 'stability': 56.1}",,False,,,,,,False,"{""floor"": false, ""depressed_arms"": {""self_pct"": false, ""self_z"": false, ""median_ratio"": false}, ""yield_arm"": false, ""residual_arm"": false, ""brakes"": {""gm"": false, ""fcf_margin"": false, ""roic"": false}, ""self_pct"": null, ""self_z"": null, ""median_ratio"": null, ""fcf_yield"": -0.0016534555581284006, ""yield_threshold"": 0.0495, ""gs10"": 0.0495, ""residual_pct"": null, ""brake_values"": {""gm"": null, ""fcf_margin"": -0.070986538003769, ""roic"": 0.5557938690678091}}",False,"{""floor"": false, ""mom_sector_pct"": 36.36363636363637, ""eps_rev_proxy"": null}"
MDLZ,1103982,Mondelez International,Consumer Staples,Packaged Foods & Meats,Food Beverage and Tobacco,13.998631074606434,5.9986310746064335,488216476.6987109,0.0037097897313065342,-0.09587583552640255,-0.045578083055947904,10.0,0.36163219843891514,0.11254482211868928,0.09349258142386735,0.09264290222551522,0.0674752636359977,0.10007925980780627,0.10206574855619724,0.08922534978745367,7,9,False,0.07711312390360647,0.008496751782827605,0.026197861783298748,False,0.2877060858945654,0.06233462243028699,0.07012008955831467,0.7955765198357001,0.6667333544645697,0.7006455652547227,,70.38461538461539,0.8548831510736227,1.1683107726356023,260.0,,57.7599983215332,1283649766.0,74143608329.5965,103381608329.5965,54988000000.0,29238000000.0,3889000000.0,1314000000.0,125000000.0,1008000000.0,29184000000.0,39304000000.0,3676000000.0,2575000000.0,2450000000.0,2756000000.0,4684000000.0,2609000000.0,,,,28.12339726049959,42.19657482840673,0.02369860596663405,37.51146891494793,0.02665851348736467,28.418401046223263,0.9869681870448448,6.230572160546542,24226000000.0,19533000000.0,0.7957918091219902,,,,81.15384615384616,1.5142021362663636,1.2269259309703406,260.0,[],True,0.8,ig,Food Beverage and Tobacco,,42.857142857142854,28.57142857142857,,53.57142857142857,30.76923076923077,7.692307692307693,0.0,40.74074074074074,1.0,15.353220250452997,"{'profitability': 24.9, 'growth': 35.7, 'balance': 0.0, 'stability': 74.3}",14.598943492117876,False,,,,14.976081871285437,,False,"{""floor"": false, ""depressed_arms"": {""self_pct"": false, ""self_z"": false, ""median_ratio"": false}, ""yield_arm"": false, ""residual_arm"": false, ""brakes"": {""gm"": false, ""fcf_margin"": false, ""roic"": false}, ""self_pct"": 81.15384615384616, ""self_z"": 1.5142021362663636, ""median_ratio"": 1.2269259309703406, ""fcf_yield"": 0.02369860596663405, ""yield_threshold"": 0.0495, ""gs10"": 0.0495, ""residual_pct"": null, ""brake_values"": {""gm"": 0.7955765198357001, ""fcf_margin"": 0.6667333544645697, ""roic"": null}}",False,"{""floor"": false, ""mom_sector_pct"": 40.74074074074074, ""eps_rev_proxy"": null}"
UPS,1090727,United Parcel Service,Industrials,Air Freight & Logistics,Transportation,24.197125256673512,5.9986310746064335,485818702.2626378,0.2561531793597207,-0.18971303251511562,0.15299853541682906,9.0,,,0.07076790643341882,0.0679587130778522,0.33259306854290466,0.09544753463392393,0.07935530684491743,0.3497945322912425,7,9,False,0.00935446750891411,-0.011433429874150636,-0.10276163402623095,False,,0.059401756922050485,,,0.8393883600038098,,0.6526789216917918,,,,,shares_was_proxy,93.88999938964844,851000000.0,79900389480.59082,100166389480.59082,35333000000.0,20266000000.0,8867000000.0,3410000000.0,115000000.0,,20234000000.0,89930000000.0,6576000000.0,5457000000.0,5342000000.0,,,4570000000.0,5124884038.199182,0.22066848567530695,0.14504525622503556,15.232115188654323,18.750728094457287,0.053331262389517554,,,17.483673846956417,1.1940919037199125,,5770000000.0,3954000000.0,0.27521014349191975,7.0,0.22223064267046894,0.1839712773340012,28.46153846153846,-0.8688425218241376,0.8256758891414411,260.0,[],True,0.8,ig,Transportation,81.81818181818183,44.44444444444444,,54.54545454545454,40.909090909090914,81.81818181818183,,72.72727272727273,70.3125,0.7,18.38697035924382,"{'profitability': 48.1, 'growth': 3.9, 'balance': None, 'stability': 63.0}",62.83883713078177,False,-0.3557381548699152,26.761672631929926,,40.612903745012794,,False,"{""floor"": false, ""depressed_arms"": {""self_pct"": false, ""self_z"": false, ""median_ratio"": false}, ""yield_arm"": true, ""residual_arm"": false, ""brakes"": {""gm"": false, ""fcf_margin"": false, ""roic"": false}, ""self_pct"": 28.46153846153846, ""self_z"": -0.8688425218241376, ""median_ratio"": 0.8256758891414411, ""fcf_yield"": 0.053331262389517554, ""yield_threshold"": 0.0495, ""gs10"": 0.0495, ""residual_pct"": null, ""brake_values"": {""gm"": null, ""fcf_margin"": 0.8393883600038098, ""roic"": 0.6526789216917918}}",False,"{""floor"": false, ""mom_sector_pct"": 70.3125, ""eps_rev_proxy"": null}"
AXON,1069183,Axon Enterprise,Industrials,Aerospace & Defense,Capital Goods,3.4140999315537304,5.9986310746064335,477366639.9245154,-0.27929731817578496,-0.4263061560541077,-0.4099174215698551,9.0,0.6093822655525591,0.0207218869544195,-0.0860343916390448,-0.025486836658942073,0.5984350035736433,-0.06141784676480894,-0.010908387218214802,,9,9,False,0.3248437327961291,,,False,0.5940718194749525,-0.15540155801359323,-0.14818152532742856,0.9748754649698841,1.8062725272188438,2.412678612698179,0.034712620100238116,,,,,,422.2099914550781,81237415.0,34299248292.982635,35466306292.982635,4841595000.0,1167058000.0,265809000.0,132617000.0,633445000.0,109375000.0,1167058000.0,3219099000.0,23774000.0,133192000.0,-500253000.0,-477011000.0,133149000.0,199298000.0,20647919.84791281,0.13149155178292202,0.004264693731696437,1491.8106457887875,,-0.014105021139429455,,-0.013449694931845254,172.10031356552818,0.6683057531937099,8.76505268533748,1898827000.0,281583000.0,0.4503495232459551,3.0,0.12285715452712781,0.11062519310999416,,,,,['fcf_cagr5 gate'],False,0.9,ig,Capital Goods,35.13513513513514,2.4390243902439024,96.875,28.04878048780488,22.61904761904762,12.82051282051282,0.0,0.0,9.375,1.0,22.189358171104303,"{'profitability': 1.1, 'growth': 100.0, 'balance': 0.0, 'stability': 72.9}",,False,,,,,,False,"{""floor"": false, ""depressed_arms"": {""self_pct"": false, ""self_z"": false, ""median_ratio"": false}, ""yield_arm"": false, ""residual_arm"": false, ""brakes"": {""gm"": true, ""fcf_margin"": true, ""roic"": false}, ""self_pct"": null, ""self_z"": null, ""median_ratio"": null, ""fcf_yield"": -0.014105021139429455, ""yield_threshold"": 0.0495, ""gs10"": 0.0495, ""residual_pct"": null, ""brake_values"": {""gm"": 0.9748754649698841, ""fcf_margin"": 1.8062725272188438, ""roic"": 0.034712620100238116}}",False,"{""floor"": false, ""mom_sector_pct"": 9.375, ""eps_rev_proxy"": null}"
MNST,865752,Monster Beverage,Consumer Staples,Soft Drinks & Non-alcoholic Beverages,Food Beverage and Tobacco,14.261464750171116,5.9986310746064335,476612957.68051034,0.3047491704438816,-0.13647540884292175,0.25472682859565743,10.0,0.5388470614259054,0.03907062059615697,0.184063703180795,0.19992767534352462,0.3179560952946162,0.19748124057024338,0.22129033965837944,0.30495918125757554,9,9,False,0.12520215032714033,0.08367261366855949,0.08479692949313788,False,0.5554644630623616,0.2128351395933401,0.21507248596560327,1.0308388090536913,1.1563123848719081,1.089078057969272,1.0413846028477818,84.23076923076923,0.8543891806431808,1.225116074863108,260.0,,42.13999938964844,979525882.0,41277220069.62485,38118601069.62485,6205529000.0,-3158619000.0,2238762000.0,140846000.0,135798000.0,120220000.0,-3158619000.0,9218957000.0,2688388000.0,2097916000.0,1962118000.0,1982744000.0,2808608000.0,,2060354119.9536204,0.23360983609746047,0.33201909457737133,14.178980515321765,19.42727250329738,0.051474029606074174,19.225175347712486,0.05201513026090476,,,-1.1246208085998473,1331643000.0,1381827000.0,0.4372665086248086,10.0,0.31882466254007236,0.3055077528339857,77.3076923076923,0.3768288102971433,1.0977414044193052,260.0,[],True,0.9,ig,Food Beverage and Tobacco,90.9090909090909,85.71428571428571,64.28571428571429,81.81818181818183,53.57142857142857,,92.3076923076923,78.57142857142857,85.18518518518519,1.0,73.34108829929441,"{'profitability': 90.0, 'growth': 84.9, 'balance': 100.0, 'stability': 80.2}",48.0349140489955,True,-0.03605660913976472,20.140535728047038,36.486486486486484,60.68800117414496,10.0,False,"{""floor"": true, ""depressed_arms"": {""self_pct"": false, ""self_z"": false, ""median_ratio"": false}, ""yield_arm"": true, ""residual_arm"": false, ""brakes"": {""gm"": true, ""fcf_margin"": true, ""roic"": true}, ""self_pct"": 77.3076923076923, ""self_z"": 0.3768288102971433, ""median_ratio"": 1.0977414044193052, ""fcf_yield"": 0.051474029606074174, ""yield_threshold"": 0.0495, ""gs10"": 0.0495, ""residual_pct"": 36.486486486486484, ""brake_values"": {""gm"": 1.0308388090536913, ""fcf_margin"": 1.1563123848719081, ""roic"": 1.0413846028477818}}",False,"{""floor"": true, ""mom_sector_pct"": 85.18518518518519, ""eps_rev_proxy"": 10.0}"
FDX,1048911,FedEx,Industrials,Air Freight & Logistics,Transportation,45.752224503764545,5.9986310746064335,476237847.899461,0.6575210484681602,-0.14492958609389217,0.48112534356491277,7.0,,,0.03532526732430481,0.03215203694015422,0.2576598765784919,0.046100894346754726,0.04623099662162162,0.23546210344111032,6,9,False,0.024412540775736513,,-0.06542743769998727,False,,0.05214315878378378,0.04623099662162162,,1.4760867428144775,1.002822120410253,0.7061930382033119,79.61538461538461,1.4719111151945576,1.590973042466901,260.0,gm_derived,287.07000732421875,236581188.0,67915363371.93237,97385363371.93237,61117000000.0,29470000000.0,8925000000.0,3809000000.0,177000000.0,4369000000.0,29470000000.0,94720000000.0,5463000000.0,5116000000.0,4939000000.0,4379000000.0,9832000000.0,4433.0,4180472812.0145,0.23476609701363715,0.0684011455407579,17.826352438574478,19.717627732725727,0.050716040162391375,22.239178664519837,0.0449656893847159,15320406.806210777,1154071.734716896,2.9973555736371034,6733000000.0,153000000.0,0.11266914279169461,3.0,0.09685899157938924,0.09329093491793942,42.69230769230769,-0.10424059938735525,0.9779057711990378,260.0,['fcf_cagr5 gate'],False,0.9,ig,Transportation,18.181818181818183,33.33333333333333,,9.090909090909092,18.181818181818183,100.0,0.0,63.63636363636363,95.3125,1.0,9.418435675631308,"{'profitability': 23.5, 'growth': 20.3, 'balance': 0.1, 'stability': 60.6}",55.15678496941374,False,-0.2855101320759248,26.233131592685297,,32.287610322522525,,False,"{""floor"": false, ""depressed_arms"": {""self_pct"": false, ""self_z"": false, ""median_ratio"": false}, ""yield_arm"": true, ""residual_arm"": false, ""brakes"": {""gm"": false, ""fcf_margin"": true, ""roic"": false}, ""self_pct"": 42.69230769230769, ""self_z"": -0.10424059938735525, ""median_ratio"": 0.9779057711990378, ""fcf_yield"": 0.050716040162391375, ""yield_threshold"": 0.0495, ""gs10"": 0.0495, ""residual_pct"": null, ""brake_values"": {""gm"": null, ""fcf_margin"": 1.4760867428144775, ""roic"": 0.7061930382033119}}",False,"{""floor"": false, ""mom_sector_pct"": 95.3125, ""eps_rev_proxy"": null}"
LULU,1397187,Lululemon Athletica,Consumer Discretionary,"Apparel, Accessories & Luxury Goods",Consumer Durables and Apparel,2.9568788501026693,5.9986310746064335,472802079.3934272,-0.4270174684852426,-0.5452777300862703,-0.45406912347166617,10.0,0.5744094451198023,0.02324883408709348,0.11167683961691992,0.1410514004083442,0.4418406705287986,0.13924875545854123,0.16397405924334485,0.3652658539342016,9,9,False,0.2032540125801856,0.09930078781039131,0.12984266601111005,False,0.5610713221750043,0.113855248195977,0.12179164238542521,0.9767794156970798,1.019506359479097,0.874633615103917,0.6617015195867274,0.38461538461538464,-0.5795850467508036,0.29941372290861,260.0,,95.86000061035156,105594064.0,10122247039.489502,10873637039.489502,5542564000.0,751390000.0,1982033000.0,627697000.0,91231000.0,539651000.0,751390000.0,11093955000.0,1978775000.0,1354336000.0,1263105000.0,1351151000.0,2518426000.0,1417977000.0,1397038107.9055164,0.2939883979201696,0.2520562880113818,5.495135646796378,8.608656477085834,0.11616214477389808,8.04768455893494,0.12425934350144854,7.138512852810378,0.9551184539664607,0.2983569896435313,185840000.0,2530000.0,0.03398607575843959,7.0,0.380921428393887,0.4128981094833186,0.38461538461538464,-0.03702367640710014,0.27538263540723007,260.0,[],True,1.0,ig,Consumer Durables and Apparel,100.0,70.0,50.0,72.22222222222221,70.0,33.33333333333333,40.0,88.88888888888889,6.0606060606060606,1.0,63.140179041292356,"{'profitability': 72.8, 'growth': 91.4, 'balance': 90.1, 'stability': 75.6}",95.3049645390071,True,-1.2097864539108012,28.862833171679746,1.3513513513513513,79.22257179014973,-17.0,False,"{""floor"": true, ""depressed_arms"": {""self_pct"": true, ""self_z"": false, ""median_ratio"": true}, ""yield_arm"": true, ""residual_arm"": true, ""brakes"": {""gm"": true, ""fcf_margin"": true, ""roic"": false}, ""self_pct"": 0.38461538461538464, ""self_z"": -0.03702367640710014, ""median_ratio"": 0.27538263540723007, ""fcf_yield"": 0.11616214477389808, ""yield_threshold"": 0.0495, ""gs10"": 0.0495, ""residual_pct"": 1.3513513513513513, ""brake_values"": {""gm"": 0.9767794156970798, ""fcf_margin"": 1.019506359479097, ""roic"": 0.6617015195867274}}",False,"{""floor"": true, ""mom_sector_pct"": 6.0606060606060606, ""eps_rev_proxy"": -17.0}"
ADSK,769397,Autodesk,Information Technology,Application Software,Software and Services,36.83504449007529,5.9986310746064335,468110309.5960234,-0.3167137094169554,-0.32462926917385226,-0.3373784835280197,8.0,0.9062710530819889,0.002236139058699614,0.1917501387605624,0.20975832193342453,0.2340284241840348,0.1828330140487197,0.20155038759689922,0.3635527197598553,9,9,False,0.13713233616993747,0.12346189808598473,0.10541280375226147,False,0.9124518613607189,0.27381258023106547,0.2690629011553273,1.0068200438022497,1.4279654867576086,1.4716319290324111,1.5224068634011836,1.153846153846154,-0.7539441790438974,0.4131560904169024,260.0,,211.30999755859375,209000000.0,44163789489.74609,43713789489.74609,2933000000.0,-450000000.0,2896000000.0,57000000.0,706000000.0,94000000.0,-450000000.0,7790000000.0,2041000000.0,2839000000.0,2133000000.0,2096000000.0,2135000000.0,1642000000.0,1592076959.6199527,0.2199524940617577,0.5428151925059505,21.417829245343505,20.494041017227424,0.0487946715418103,20.855815596252906,0.04794825670493877,26.896339518724783,1.7289890377588306,-0.2107728337236534,4331000000.0,423000000.0,1.6208660075008523,6.0,0.3565506735126352,0.3389969419116391,1.5384615384615385,-0.8475575107279211,0.4246349903081722,260.0,[],True,1.0,ig,Software and Services,73.68421052631578,59.09090909090909,100.0,67.5,15.909090909090908,57.14285714285714,60.0,63.63636363636363,5.084745762711865,1.0,85.23953737882893,"{'profitability': 92.0, 'growth': 100.0, 'balance': 100.0, 'stability': 88.1}",68.11228927685643,True,-0.5251660842362131,34.6500873320383,17.56756756756757,76.67591332784268,5.0,True,"{""floor"": true, ""depressed_arms"": {""self_pct"": true, ""self_z"": false, ""median_ratio"": true}, ""yield_arm"": false, ""residual_arm"": true, ""brakes"": {""gm"": true, ""fcf_margin"": true, ""roic"": true}, ""self_pct"": 1.5384615384615385, ""self_z"": -0.8475575107279211, ""median_ratio"": 0.4246349903081722, ""fcf_yield"": 0.0487946715418103, ""yield_threshold"": 0.0495, ""gs10"": 0.0495, ""residual_pct"": 17.56756756756757, ""brake_values"": {""gm"": 1.0068200438022497, ""fcf_margin"": 1.4279654867576086, ""roic"": 1.5224068634011836}}",True,"{""floor"": true, ""mom_sector_pct"": 5.084745762711865, ""eps_rev_proxy"": 5.0}"
EBAY,1065088,eBay Inc.,Consumer Discretionary,Broadline Retail,Broadline Retail,24.197125256673512,5.9986310746064335,465251523.30887854,0.1362467771503184,-0.09375468900770578,0.1634964343688814,10.0,0.7252681620699765,0.015000980879488252,0.12918820021007876,0.133843797856049,0.13680776735883818,0.13242629596242905,0.1394382911392405,0.18273709734613897,6,9,False,0.04531015795011939,-0.060198659443529756,-0.08378608335143245,False,0.7248500999333778,0.1485676215856096,0.15872751499000667,0.9994235757772608,1.1500092217711608,1.1986102445623006,1.0926020301533335,66.53846153846153,0.3933787180610791,1.2123984606609555,260.0,,105.88999938964844,445000000.0,47121049728.393555,53764049728.393555,11308000000.0,6643000000.0,2971000000.0,543000000.0,644000000.0,421000000.0,6643000000.0,12008000000.0,2464000000.0,2428000000.0,1784000000.0,1906000000.0,2885000000.0,2222000000.0,2172772892.2952805,0.118192819685357,0.19214475524365762,21.819825376783097,30.136799175108496,0.03318202421529724,28.207791043228518,0.035451198517015996,21.206593037080808,1.0927092709270927,2.3025996533795494,4471000000.0,119000000.0,0.4059073222497347,10.0,0.17585978237354405,0.17915572606456678,61.53846153846154,0.28984177852424164,1.1692245232563712,260.0,['fcf_cagr5 gate'],False,1.0,sector,Consumer Discretionary,44.827586206896555,81.25,91.30434782608695,95.16129032258065,66.66666666666666,46.875,32.14285714285714,28.125,63.63636363636363,1.0,30.942685794539187,"{'profitability': 71.6, 'growth': 18.9, 'balance': 23.2, 'stability': 75.0}",33.030405136929595,False,0.06175740523658879,28.331934152575823,,31.98654546573439,,False,"{""floor"": false, ""depressed_arms"": {""self_pct"": false, ""self_z"": false, ""median_ratio"": false}, ""yield_arm"": false, ""residual_arm"": false, ""brakes"": {""gm"": true, ""fcf_margin"": true, ""roic"": true}, ""self_pct"": 61.53846153846154, ""self_z"": 0.28984177852424164, ""median_ratio"": 1.1692245232563712, ""fcf_yield"": 0.03318202421529724, ""yield_threshold"": 0.0495, ""gs10"": 0.0495, ""residual_pct"": null, ""brake_values"": {""gm"": 0.9994235757772608, ""fcf_margin"": 1.1500092217711608, ""roic"": 1.0926020301533335}}",False,"{""floor"": false, ""mom_sector_pct"": 63.63636363636363, ""eps_rev_proxy"": null}"
NTAP,1002047,NetApp,Information Technology,"Technology Hardware, Storage & Peripherals",Technology Hardware and Equipment,27.27173169062286,5.9986310746064335,464968993.8737281,0.583727697544959,0.0,0.8351239447740795,10.0,0.6892228970051042,0.029269361759577988,0.15024936372583986,0.14485696895922093,0.2761455902122549,0.15286641367079037,0.14059646987218502,0.3040714942564156,7,9,False,0.03810448963486701,0.0980205829542049,0.09017752250661193,False,0.7062643755919361,0.1695305100798268,0.1787308889189555,1.0247256419670365,1.1283276406359315,1.169196585614066,2.532339193104691,100.0,2.42746950808695,1.7500115654240684,260.0,,215.0500030517578,196419005.0,42239907624.67323,41401907624.67323,657000000.0,-838000000.0,1897000000.0,247000000.0,397000000.0,179000000.0,-838000000.0,7391000000.0,1849000000.0,1650000000.0,1253000000.0,1321000000.0,2028000000.0,1418000000.0,1434289934.354486,0.22428884026258206,2.1830897022138296,22.391513047416566,33.042224760313836,0.030264305967710573,31.341338095891924,0.03190674236500053,29.788369269868287,1.16361071932299,-0.41321499013806706,2916000000.0,38000000.0,4.4961948249619486,4.0,0.8620842374347666,1.6737991565991628,100.0,2.5247698198040087,1.7234396618534888,260.0,[],True,1.0,ig,Technology Hardware and Equipment,100.0,73.68421052631578,90.0,28.57142857142857,64.28571428571429,52.38095238095239,80.0,76.19047619047619,74.57627118644068,1.0,56.716597565356885,"{'profitability': 79.0, 'growth': 56.7, 'balance': 100.0, 'stability': 72.2}",32.19175379639219,False,-0.12405647908910833,37.406435463538905,,44.45417568087454,,False,"{""floor"": false, ""depressed_arms"": {""self_pct"": false, ""self_z"": false, ""median_ratio"": false}, ""yield_arm"": false, ""residual_arm"": false, ""brakes"": {""gm"": true, ""fcf_margin"": true, ""roic"": true}, ""self_pct"": 100.0, ""self_z"": 2.5247698198040087, ""median_ratio"": 1.7234396618534888, ""fcf_yield"": 0.030264305967710573, ""yield_threshold"": 0.0495, ""gs10"": 0.0495, ""residual_pct"": null, ""brake_values"": {""gm"": 1.0247256419670365, ""fcf_margin"": 1.1283276406359315, ""roic"": 2.532339193104691}}",False,"{""floor"": false, ""mom_sector_pct"": 74.57627118644068, ""eps_rev_proxy"": null}"
ELV,1156039,Elevance Health,Health Care,Managed Health Care,Health Care Equipment and Services,24.188911704312115,5.9986310746064335,463196927.69958127,0.18060522932974066,-0.08848392167786623,0.11058370774404125,10.0,0.9038632265521114,0.01434081668829116,0.034445804370759246,0.03779619470059531,0.2848302791382467,0.032356894924330956,0.035175674098284114,0.3134632077023055,9,9,False,0.10318394736699799,,,False,0.8913198052835968,0.030057728739564325,0.028377081541223093,0.9861224343462197,0.8726092854745491,0.8770026174509341,0.6661916423801303,39.23076923076923,-0.02090641083980441,0.9522750926073047,260.0,gm_derived,381.6700134277344,216869290.0,82772504826.36322,104383504826.36322,66494000000.0,21611000000.0,7464000000.0,1175000000.0,244000000.0,1513000000.0,21472000000.0,201113000000.0,5453000000.0,6289000000.0,6045000000.0,5707000000.0,6966000000.0,4963000000.0,4601840839.303992,0.15609007164790173,0.06920685835269336,19.142399564709926,17.267742733889698,0.05791144884486833,18.290433647514146,0.054673389339563866,16.677917555180983,1.2671771106185774,3.0824002296870514,28339000000.0,11200000000.0,0.5946250789544921,4.0,0.10388430888360467,0.10710716702037963,41.15384615384615,-0.010277253992687146,0.9612975776480924,260.0,['fcf_cagr5 gate'],False,1.0,ig,Health Care Equipment and Services,44.44444444444444,20.689655172413794,100.0,51.78571428571429,58.333333333333336,51.724137931034484,11.111111111111114,56.666666666666664,52.38095238095239,1.0,29.61581942421735,"{'profitability': 23.3, 'growth': 86.0, 'balance': 0.0, 'stability': 84.3}",55.8202431640988,False,-0.3704454262134913,25.01024661169541,,42.718031294158074,,False,"{""floor"": false, ""depressed_arms"": {""self_pct"": false, ""self_z"": false, ""median_ratio"": false}, ""yield_arm"": true, ""residual_arm"": false, ""brakes"": {""gm"": true, ""fcf_margin"": false, ""roic"": false}, ""self_pct"": 41.15384615384615, ""self_z"": -0.010277253992687146, ""median_ratio"": 0.9612975776480924, ""fcf_yield"": 0.05791144884486833, ""yield_threshold"": 0.0495, ""gs10"": 0.0495, ""residual_pct"": null, ""brake_values"": {""gm"": 0.9861224343462197, ""fcf_margin"": 0.8726092854745491, ""roic"": 0.6661916423801303}}",False,"{""floor"": false, ""mom_sector_pct"": 52.38095238095239, ""eps_rev_proxy"": null}"
FSLR,1274494,First Solar,Information Technology,Semiconductors,Semiconductors and Semiconductor Equipment,3.786447638603696,5.9986310746064335,462857741.21761525,-0.11158913392300651,-0.4389973733934355,-0.25211838109509477,2.0,0.30324651097447314,0.5044477023523484,-0.04720805742572375,-0.07992341943218832,,0.1508680905571988,0.18220264941377068,0.8572590982999496,6,9,False,0.13995360646283728,,,False,0.44016172341346926,0.2745341219928112,0.2897241408676085,1.4514980634040056,-5.815408151982485,1.9203805111973964,1.5129364594506167,0.9615384615384616,-0.03524965892508058,0.33581779896862757,208.0,,172.11000061035156,107469788.0,18496625278.274353,16493324278.274353,8317037000.0,-2003301000.0,2155743000.0,655624000.0,23655000.0,573931000.0,-2003301000.0,5378071000.0,1809702000.0,1500119000.0,1476464000.0,1558157000.0,2383633000.0,1746014000.0,1731000597.0358245,0.043488598102989044,0.20812707663027405,9.1138343651465,11.170827245550418,0.08951888504034664,10.585149171921927,0.09447197991810935,10.5936294200816,0.8591677959054166,-0.8404402019941828,30142000.0,7848000.0,0.004567732474918652,4.0,0.13756498188023703,0.1645573850515877,,,,,['fcf_cagr5 gate'],False,0.9,ig,Semiconductors and Semiconductor Equipment,21.428571428571427,6.25,6.25,33.33333333333333,6.25,46.666666666666664,78.57142857142857,93.75,23.728813559322035,1.0,33.980328224515,"{'profitability': 41.1, 'growth': 100.0, 'balance': 100.0, 'stability': 44.4}",,False,-1.595735485957189,55.094018653295684,,,,False,"{""floor"": false, ""depressed_arms"": {""self_pct"": false, ""self_z"": false, ""median_ratio"": false}, ""yield_arm"": true, ""residual_arm"": false, ""brakes"": {""gm"": true, ""fcf_margin"": false, ""roic"": true}, ""self_pct"": null, ""self_z"": null, ""median_ratio"": null, ""fcf_yield"": 0.08951888504034664, ""yield_threshold"": 0.0495, ""gs10"": 0.0495, ""residual_pct"": null, ""brake_values"": {""gm"": 1.4514980634040056, ""fcf_margin"": -5.815408151982485, ""roic"": 1.5129364594506167}}",False,"{""floor"": false, ""mom_sector_pct"": 23.728813559322035, ""eps_rev_proxy"": null}"
AKAM,1086222,Akamai Technologies,Information Technology,Internet Services & Infrastructure,Software and Services,19.225188227241617,5.9986310746064335,459857017.0202829,0.3566271858275041,-0.291291113171506,0.3786746218550878,10.0,0.6075484009044092,0.02645663675265128,0.18812575594733774,0.1842468169718739,0.07738132725328861,0.12748649672990625,0.11960984854558866,0.20295428052406678,9,9,False,0.056425850397398225,0.07607765907051411,-0.08240707884008691,False,0.5745235648650862,0.10328502089138746,0.048383768611054694,0.9456424607649998,0.5490211607192167,0.37952073240792605,,98.46153846153847,3.689490106545837,2.208766651875938,260.0,gm_derived,106.93000030517578,143716609.0,15367617044.228828,13788388044.228828,3169288000.0,-1579229000.0,1447190000.0,491087000.0,509619000.0,728416000.0,-1579229000.0,4322834000.0,455678000.0,956103000.0,446484000.0,209155000.0,1184094000.0,410965000.0,,,,30.259060222852163,30.882154890721345,0.03238116004335091,65.92425734134412,0.015168923251151352,37.39398013025155,2.326482790505274,-1.3337023918709157,3202854000.0,564281000.0,1.18863763722325,,,,90.38461538461539,1.9126612079894196,1.5536257580090738,260.0,[],True,0.8,ig,Software and Services,,50.0,16.666666666666664,,63.63636363636363,80.95238095238095,80.0,40.90909090909091,62.71186440677966,1.0,58.97849382824416,"{'profitability': 41.3, 'growth': 55.2, 'balance': 100.0, 'stability': 93.5}",25.561543370838926,False,,,,42.270018599541544,,False,"{""floor"": false, ""depressed_arms"": {""self_pct"": false, ""self_z"": false, ""median_ratio"": false}, ""yield_arm"": false, ""residual_arm"": false, ""brakes"": {""gm"": false, ""fcf_margin"": false, ""roic"": false}, ""self_pct"": 90.38461538461539, ""self_z"": 1.9126612079894196, ""median_ratio"": 1.5536257580090738, ""fcf_yield"": 0.03238116004335091, ""yield_threshold"": 0.0495, ""gs10"": 0.0495, ""residual_pct"": null, ""brake_values"": {""gm"": 0.9456424607649998, ""fcf_margin"": 0.5490211607192167, ""roic"": null}}",False,"{""floor"": false, ""mom_sector_pct"": 62.71186440677966, ""eps_rev_proxy"": null}"
HUM,49071,Humana,Health Care,Managed Health Care,Health Care Equipment and Services,13.809719370294319,5.9986310746064335,455350267.8817317,0.4306964336275989,-0.07349925820984682,0.3528086862612654,10.0,,,0.4259986873714666,0.4928909952606635,0.5855981243119247,0.4576005348785343,0.45073649754500816,0.6745582849364038,7,9,False,0.26299918238784725,-0.3962600276820534,,False,,0.16661269430051814,0.12920984455958548,,0.39111081615900267,0.28236384075443227,0.5884924207848082,92.27053140096618,2.344002913599074,3.2658742231574878,207.0,,379.67999267578125,120061500.0,45584949440.64331,38222949440.64331,11218000000.0,-7362000000.0,1844000000.0,572000000.0,243000000.0,803000000.0,-7428000000.0,6176000000.0,2444000000.0,1272000000.0,1029000000.0,798000000.0,3247000000.0,1130000000.0,1889847915.7233043,0.22673980535053015,0.1684656726442596,15.639504681114284,37.14572346029476,0.026920999427266633,47.898432883011665,0.020877509759921063,40.34066322180824,1.1256637168141592,-2.287650138589467,10489000000.0,342000000.0,0.9655018719914423,9.0,0.2862665120131799,0.2312914271353627,78.3410138248848,0.7093939401727007,2.6702147884199587,217.0,['fcf_cagr5 gate'],False,0.9,ig,Health Care Equipment and Services,88.88888888888889,100.0,,96.42857142857143,58.333333333333336,31.03448275862069,96.29629629629629,83.33333333333334,88.09523809523809,1.0,38.979931826612734,"{'profitability': 75.4, 'growth': 50.0, 'balance': 100.0, 'stability': 51.9}",41.246512594137435,False,0.3712153753513241,25.62666148296564,,40.113222210375085,,False,"{""floor"": false, ""depressed_arms"": {""self_pct"": false, ""self_z"": false, ""median_ratio"": false}, ""yield_arm"": false, ""residual_arm"": false, ""brakes"": {""gm"": false, ""fcf_margin"": false, ""roic"": false}, ""self_pct"": 78.3410138248848, ""self_z"": 0.7093939401727007, ""median_ratio"": 2.6702147884199587, ""fcf_yield"": 0.026920999427266633, ""yield_threshold"": 0.0495, ""gs10"": 0.0495, ""residual_pct"": null, ""brake_values"": {""gm"": null, ""fcf_margin"": 0.39111081615900267, ""roic"": 0.5884924207848082}}",False,"{""floor"": false, ""mom_sector_pct"": 88.09523809523809, ""eps_rev_proxy"": null}"
TDG,1260221,TransDigm Group,Industrials,Aerospace & Defense,Capital Goods,10.329911019849419,5.9986310746064335,451335886.59271705,-0.09836821888797176,-0.24328276535560345,-0.14865418430124,10.0,0.5735695454573323,0.04665988047904601,0.16695146611253345,0.16719817767653758,0.3520608333096397,0.14494112401039724,0.14760820045558087,0.4364712055351429,7,9,False,0.1159297693411061,0.10386310201805116,0.1265914817451428,False,0.5957425544673196,0.17799320407755348,,1.0386579259404503,1.0661374123997052,,1.97752852330618,1.153846153846154,-1.0761519290898243,0.7772814504771473,260.0,,1097.239990234375,55276525.0,60651613751.190186,77770613751.19019,7310000000.0,17119000000.0,2198000000.0,271000000.0,146000000.0,,17110000000.0,10006000000.0,4608000000.0,1927000000.0,1781000000.0,,,2129000000.0,3584747991.2344775,0.2220598977355734,0.49038960208405985,16.87730333142148,43.66682411633362,0.022900680785391692,,,28.488310827238227,0.9051197745420385,,12166000000.0,2474860000.0,2.0028536251709985,10.0,0.24798105124885375,0.15500459260529312,0.7692307692307693,-1.7419745788856553,0.760613111707276,260.0,[],True,0.9,ig,Capital Goods,81.08108108108108,87.8048780487805,93.75,87.8048780487805,64.28571428571429,28.205128205128204,,78.04878048780488,25.0,0.7,53.62938863435417,"{'profitability': 72.2, 'growth': 91.6, 'balance': None, 'stability': 66.6}",66.54015753089514,False,0.4392890724551495,28.143025665781316,,60.08477308262466,,False,"{""floor"": false, ""depressed_arms"": {""self_pct"": true, ""self_z"": true, ""median_ratio"": true}, ""yield_arm"": false, ""residual_arm"": false, ""brakes"": {""gm"": true, ""fcf_margin"": true, ""roic"": true}, ""self_pct"": 0.7692307692307693, ""self_z"": -1.7419745788856553, ""median_ratio"": 0.760613111707276, ""fcf_yield"": 0.022900680785391692, ""yield_threshold"": 0.0495, ""gs10"": 0.0495, ""residual_pct"": null, ""brake_values"": {""gm"": 1.0386579259404503, ""fcf_margin"": 1.0661374123997052, ""roic"": 1.97752852330618}}",False,"{""floor"": false, ""mom_sector_pct"": 25.0, ""eps_rev_proxy"": null}"
FICO,814547,Fair Isaac,Information Technology,Application Software,Software and Services,3.5373032169746748,5.9986310746064335,446044866.12554085,-0.49625266935017087,-0.6413240213956843,-0.6424229372003938,10.0,0.7884302155000654,0.031081700435860518,0.26441342845974425,0.2763515661480525,0.22908115263801804,0.2570234255226193,0.2712830454449745,0.2768567424887982,9,9,False,0.08989325752163668,0.1755600958063408,0.20311963527135402,False,0.8509956863687163,0.34330823141117367,0.3388721890895418,1.0793544813968963,1.298376687640283,1.3184486526879606,1.5246749022878094,0.38461538461538464,-1.574544574299297,0.36045633772517194,260.0,gm_derived,661.75,21597635.0,14292234961.25,19658622961.25,1269253000.0,5366388000.0,1001549000.0,5526000.0,174289000.0,16144000.0,5366388000.0,2393575000.0,1236298000.0,996023000.0,821734000.0,811116000.0,1252442000.0,815017000.0,946037648.9477766,0.23478186574128843,0.74534994122352,15.901200973592127,23.923341326086057,0.04180018110219404,24.2365123622885,0.041260061887286176,17.5361188309569,1.222088619010401,4.284739732458669,791815000.0,0.0,0.6238433157140459,7.0,0.48885827405245896,0.4628606525818475,0.38461538461538464,-1.517721211650338,0.3661990387764304,260.0,[],True,1.0,ig,Software and Services,89.47368421052632,81.81818181818183,55.55555555555556,80.0,63.63636363636363,23.809523809523807,0.0,68.18181818181819,3.389830508474576,1.0,56.591124365535194,"{'profitability': 100.0, 'growth': 87.5, 'balance': 0.0, 'stability': 85.4}",71.63289765754409,False,-0.3780262319363481,34.91375364441016,,64.11201101153964,,False,"{""floor"": false, ""depressed_arms"": {""self_pct"": true, ""self_z"": true, ""median_ratio"": true}, ""yield_arm"": false, ""residual_arm"": false, ""brakes"": {""gm"": true, ""fcf_margin"": true, ""roic"": true}, ""self_pct"": 0.38461538461538464, ""self_z"": -1.517721211650338, ""median_ratio"": 0.3661990387764304, ""fcf_yield"": 0.04180018110219404, ""yield_threshold"": 0.0495, ""gs10"": 0.0495, ""residual_pct"": null, ""brake_values"": {""gm"": 1.0793544813968963, ""fcf_margin"": 1.298376687640283, ""roic"": 1.5246749022878094}}",False,"{""floor"": false, ""mom_sector_pct"": 3.389830508474576, ""eps_rev_proxy"": null}"
TEL,1385157,TE Connectivity,Information Technology,Electronic Manufacturing Services,Technology Hardware and Equipment,14.959616700889802,5.9986310746064335,444647879.7518719,-0.04492504901939898,-0.10883038006933965,-0.003224911751811166,10.0,0.3322676863433084,0.041633202735549185,0.14226595239565437,0.14201072720469005,0.22373082283888815,0.13951758442944964,0.13814394411874767,0.24717286141209968,5,9,False,0.07237290827192866,0.17468868131492132,0.21164609717435856,False,0.3611944933236725,0.16256081151019564,0.16778801366318186,1.08705874260212,1.142654365101352,1.2026298645388878,1.0750258952346767,47.30769230769231,-0.18878349964131222,0.9669802595822348,260.0,,217.75999450683594,289513228.0,63044398938.93634,67933398938.93634,18135000000.0,4889000000.0,4418000000.0,1103000000.0,174000000.0,1002000000.0,4884000000.0,19322000000.0,3814000000.0,3315000000.0,3141000000.0,3242000000.0,4816000000.0,3016000000.0,3052413683.3731103,0.19968178202068418,0.1683161667148117,17.811588604860077,21.62795254343723,0.04623646172662975,20.954163768950135,0.047723212008192815,20.903315298055816,1.0991379310344827,1.0141196013289036,7403000000.0,2081000000.0,0.5229666390956713,9.0,0.15656940680305054,0.15899659510268593,48.84615384615385,-0.05172445671331989,0.9907991640890486,260.0,[],True,1.0,ig,Technology Hardware and Equipment,38.095238095238095,52.63157894736842,35.0,61.904761904761905,64.28571428571429,47.61904761904761,44.99999999999999,80.95238095238095,25.423728813559322,1.0,44.42741050967515,"{'profitability': 68.2, 'growth': 80.2, 'balance': 66.2, 'stability': 62.4}",56.53963152710747,False,-0.5068817377724932,35.904703910955384,,50.48352101839131,,False,"{""floor"": false, ""depressed_arms"": {""self_pct"": false, ""self_z"": false, ""median_ratio"": false}, ""yield_arm"": false, ""residual_arm"": false, ""brakes"": {""gm"": true, ""fcf_margin"": true, ""roic"": true}, ""self_pct"": 48.84615384615385, ""self_z"": -0.05172445671331989, ""median_ratio"": 0.9907991640890486, ""fcf_yield"": 0.04623646172662975, ""yield_threshold"": 0.0495, ""gs10"": 0.0495, ""residual_pct"": null, ""brake_values"": {""gm"": 1.08705874260212, ""fcf_margin"": 1.142654365101352, ""roic"": 1.0750258952346767}}",False,"{""floor"": false, ""mom_sector_pct"": 25.423728813559322, ""eps_rev_proxy"": null}"
CAH,721371,Cardinal Health,Health Care,Health Care Distributors,Health Care Equipment and Services,29.349760438056126,5.9986310746064335,444492001.03296554,0.6116636973756722,-0.06913988528313886,0.5002334542241187,10.0,0.03542393457570216,0.0590966061176067,0.012671440765937025,0.013799062721810014,0.3083342829792862,0.011493844321302446,0.012921742120647013,0.3323245863612733,8,9,False,0.09370066663339904,,,False,0.03695135956971141,0.021015804767996468,0.019846897696108683,1.0431184455454856,1.658517382213592,1.7267414749410575,-0.7643011554965274,49.797570850202426,-0.0001285681710222373,0.9986460012642207,247.0,,230.08999633789062,232575728.0,53513348403.802246,58895348403.802246,2499000000.0,5382000000.0,6103000000.0,597000000.0,364000000.0,883000000.0,5223000000.0,244673000000.0,2533000000.0,5506000000.0,5142000000.0,4856000000.0,3416000000.0,1662000000.0,1864430390.8651736,0.2639437856829161,0.7460705845799014,23.25122321508182,11.453782264450068,0.08730740439372349,12.128366639992226,0.08245133328197614,32.19816390120472,3.3128760529482553,1.5289812646370022,11442000000.0,2189000000.0,5.454581832733093,1.0,-0.9761473984626091,-0.2741708514126427,49.797570850202426,-0.0013570507280693405,0.9987513641686918,247.0,['fcf_cagr5 gate'],False,1.0,ig,Health Care Equipment and Services,3.7037037037037033,10.344827586206897,9.090909090909092,25.0,58.333333333333336,96.55172413793103,51.851851851851855,30.0,92.85714285714286,1.0,28.691003384343105,"{'profitability': 2.8, 'growth': 78.1, 'balance': 49.0, 'stability': 73.1}",53.404987275563855,False,,,,41.04799532995348,,False,"{""floor"": false, ""depressed_arms"": {""self_pct"": false, ""self_z"": false, ""median_ratio"": false}, ""yield_arm"": true, ""residual_arm"": false, ""brakes"": {""gm"": true, ""fcf_margin"": true, ""roic"": false}, ""self_pct"": 49.797570850202426, ""self_z"": -0.0013570507280693405, ""median_ratio"": 0.9987513641686918, ""fcf_yield"": 0.08730740439372349, ""yield_threshold"": 0.0495, ""gs10"": 0.0495, ""residual_pct"": null, ""brake_values"": {""gm"": 1.0431184455454856, ""fcf_margin"": 1.658517382213592, ""roic"": -0.7643011554965274}}",False,"{""floor"": false, ""mom_sector_pct"": 92.85714285714286, ""eps_rev_proxy"": null}"
P,1474432,Everpure,Information Technology,"Technology Hardware, Storage & Peripherals",Technology Hardware and Equipment,0.030116358658453114,5.9986310746064335,443600543.7071763,0.1453729889743478,0.0,0.5438536961686615,9.0,0.6961348695636436,0.01896186032689952,0.0470243700870481,0.03660790265921854,0.22059623005908702,0.07541092040768942,0.07142894194482265,0.4265449800572702,9,9,True,0.16811610382486464,0.1898029366327636,,False,0.6973438288187886,-0.09893926774045962,-0.06469856762432105,1.0017366738946762,-2.103999852785065,-0.8579469296296235,2.009344250741518,,,,,,134.1300048828125,333227251.0,44695772803.71619,44538278803.71619,1383344000.0,-157494000.0,427808000.0,299639000.0,549863000.0,153700000.0,-157494000.0,4262150000.0,224210000.0,128169000.0,-421694000.0,-275755000.0,377910000.0,253285000.0,203355403.02943495,0.093013679008809,0.14700277228905823,198.6453717662735,,-0.0094681252021085,,-0.006191415730618479,176.46434966032803,0.5060268077462148,-0.4167500198459951,466313000.0,20268000.0,0.3517425889728079,1.0,0.07315957543602053,0.06526216736414224,,,,,['tenure<1y'],False,0.9,ig,Technology Hardware and Equipment,14.285714285714285,26.31578947368421,95.0,7.142857142857142,26.190476190476193,9.523809523809524,85.0,0.0,49.152542372881356,1.0,57.92703960050794,"{'profitability': 16.3, 'growth': 100.0, 'balance': 100.0, 'stability': 87.1}",,False,,,,,,False,"{""floor"": false, ""depressed_arms"": {""self_pct"": false, ""self_z"": false, ""median_ratio"": false}, ""yield_arm"": false, ""residual_arm"": false, ""brakes"": {""gm"": true, ""fcf_margin"": false, ""roic"": true}, ""self_pct"": null, ""self_z"": null, ""median_ratio"": null, ""fcf_yield"": -0.0094681252021085, ""yield_threshold"": 0.0495, ""gs10"": 0.0495, ""residual_pct"": null, ""brake_values"": {""gm"": 1.0017366738946762, ""fcf_margin"": -2.103999852785065, ""roic"": 2.009344250741518}}",False,"{""floor"": false, ""mom_sector_pct"": 49.152542372881356, ""eps_rev_proxy"": null}"
HPQ,47217,HP Inc.,Information Technology,"Technology Hardware, Storage & Peripherals",Technology Hardware and Equipment,51.75359342915811,5.9986310746064335,443061700.010694,0.27527313163095823,-0.09385563865053903,0.2683357529933228,10.0,0.20895880844983267,0.04602734468673726,0.05578757557854926,0.050505050505050504,0.3003924110547742,0.05318580476392014,0.046061352900539594,0.36841234757755,5,9,False,-0.004788030560913592,-0.05604730057855212,-0.07010630315908084,False,0.19874243602312294,0.05750312700720057,0.05508603495486968,0.9511081992546752,1.0307514963835593,1.0357281458724605,0.6510444804832353,36.15384615384615,-0.5675729024213808,0.8109423006956049,260.0,,32.150001525878906,901790969.0,28992581029.373817,35096581029.37382,6012000000.0,6104000000.0,4668000000.0,787000000.0,479000000.0,930000000.0,6104000000.0,59162000000.0,3222000000.0,3881000000.0,3402000000.0,3259000000.0,4152000000.0,2451000000.0,2824435622.3175964,0.12339055793991416,0.4697996710441777,10.89279361557226,10.316455329034044,0.09693251878730642,10.769125814474936,0.0928580478329899,11.828878428957086,1.5834353325173398,1.4701348747591523,8726000000.0,802000000.0,1.5848303393213572,10.0,0.7216091759129433,0.5151710444012921,32.69230769230769,-0.5350939473391711,0.8294103947879995,260.0,"['rev_cagr5 gate', 'fcf_cagr5 gate']",False,1.0,ig,Technology Hardware and Equipment,90.47619047619048,36.84210526315789,20.0,85.71428571428571,64.28571428571429,90.47619047619048,25.0,95.23809523809524,57.6271186440678,1.0,22.877793913895434,"{'profitability': 60.1, 'growth': 0.0, 'balance': 51.0, 'stability': 58.2}",81.6511842076205,False,-1.2838301313635099,37.24696096059202,,52.26448906075797,,False,"{""floor"": false, ""depressed_arms"": {""self_pct"": false, ""self_z"": false, ""median_ratio"": false}, ""yield_arm"": true, ""residual_arm"": false, ""brakes"": {""gm"": false, ""fcf_margin"": true, ""roic"": false}, ""self_pct"": 32.69230769230769, ""self_z"": -0.5350939473391711, ""median_ratio"": 0.8294103947879995, ""fcf_yield"": 0.09693251878730642, ""yield_threshold"": 0.0495, ""gs10"": 0.0495, ""residual_pct"": null, ""brake_values"": {""gm"": 0.9511081992546752, ""fcf_margin"": 1.0307514963835593, ""roic"": 0.6510444804832353}}",False,"{""floor"": false, ""mom_sector_pct"": 57.6271186440678, ""eps_rev_proxy"": null}"
SWKS,4127,Skyworks Solutions,Information Technology,Semiconductors,Semiconductors and Semiconductor Equipment,11.55920602327173,5.9986310746064335,439823430.290887,-0.00882408649817612,-0.06917386309719609,0.11356655410396188,10.0,0.4463051220706157,0.07287175184748614,0.2390373731300016,0.2137072108444053,0.23199280453409218,0.19644246972961774,0.22160757690051128,0.3058940837052957,4,9,False,0.04021275962874182,0.06290179014117925,-0.02400392191315781,False,0.40733912956827184,0.05027278842081662,0.005082085648090481,0.9126920338230433,0.2103135077269927,0.025870605552279165,0.3160905559829089,98.84615384615385,5.849027266378247,38.91676259746309,260.0,,83.16000366210938,150472782.0,12513317102.167786,12395217102.167786,5620200000.0,-118100000.0,716200000.0,282000000.0,232400000.0,463400000.0,-118100000.0,4014100000.0,305400000.0,434200000.0,201800000.0,20400000.0,768800000.0,290100000.0,271851917.76618594,0.10984964713102179,0.04837050599021137,40.586827446521895,61.42327602659953,0.016280473212906245,607.608681478813,0.001645796102791315,43.13449535390481,1.4967252671492588,-0.15361602497398544,2176700000.0,1631600000.0,0.6776093377459876,5.0,0.15302736850140747,0.1562759240789808,98.84615384615385,5.2415427085183595,5.290990117154852,260.0,[],True,1.0,ig,Semiconductors and Semiconductor Equipment,28.57142857142857,75.0,18.75,50.0,65.625,86.66666666666667,57.142857142857146,56.25,30.508474576271187,1.0,27.600108930520175,"{'profitability': 22.1, 'growth': 43.0, 'balance': 100.0, 'stability': 53.3}",22.610205793659105,False,0.1061890860294028,55.23516323870621,,25.105157362089642,,False,"{""floor"": false, ""depressed_arms"": {""self_pct"": false, ""self_z"": false, ""median_ratio"": false}, ""yield_arm"": false, ""residual_arm"": false, ""brakes"": {""gm"": false, ""fcf_margin"": false, ""roic"": false}, ""self_pct"": 98.84615384615385, ""self_z"": 5.2415427085183595, ""median_ratio"": 5.290990117154852, ""fcf_yield"": 0.016280473212906245, ""yield_threshold"": 0.0495, ""gs10"": 0.0495, ""residual_pct"": null, ""brake_values"": {""gm"": 0.9126920338230433, ""fcf_margin"": 0.2103135077269927, ""roic"": 0.3160905559829089}}",False,"{""floor"": false, ""mom_sector_pct"": 30.508474576271187, ""eps_rev_proxy"": null}"
WM,823768,Waste Management,Industrials,Environmental & Facilities Services,Commercial and Professional Services,28.087611225188226,5.9986310746064335,433605454.54505855,0.00867924504326778,-0.16894556213627243,-0.06592822219804795,10.0,0.38737342099328853,0.02652413532573754,0.10133498136166126,0.0946796629099401,0.15918003245613013,0.1255447249080493,0.12442139311806369,0.11920636875745502,8,9,False,0.1061712793131473,0.09145982426192112,0.12948214939635272,False,0.40877391202711655,0.1323878910663498,0.12977753535668368,1.0552451197579682,1.3064382041366516,1.0337155579554183,0.9569309641218683,1.9230769230769231,-1.711600927422735,0.8539410699217451,260.0,gm_derived,201.89999389648438,399715184.0,80702493209.93213,82617493209.93213,11840000000.0,1915000000.0,6517000000.0,2944000000.0,175000000.0,3011000000.0,1914000000.0,25667000000.0,4510000000.0,3573000000.0,3398000000.0,3331000000.0,7521000000.0,2853000000.0,3550769655.172414,0.21268965517241378,0.2998960857409133,18.318734636348587,24.313564805748126,0.04112930407323831,24.80260978983252,0.04031833780693255,28.286888611963594,1.252365930599369,0.2544874351814918,14001000000.0,4723000000.0,1.581418918918919,10.0,0.31339364801108116,0.3069041705473636,2.307692307692308,-1.6365166481231712,0.6103197988116366,260.0,[],True,1.0,ig,Commercial and Professional Services,90.0,18.181818181818183,28.57142857142857,90.9090909090909,63.63636363636363,81.81818181818183,81.81818181818181,54.54545454545455,37.5,1.0,66.84291336489987,"{'profitability': 68.9, 'growth': 82.3, 'balance': 91.5, 'stability': 83.8}",61.55349141539509,True,0.05521004206657176,23.007594912106672,47.2972972972973,64.19820239014749,5.0,False,"{""floor"": true, ""depressed_arms"": {""self_pct"": true, ""self_z"": true, ""median_ratio"": true}, ""yield_arm"": false, ""residual_arm"": false, ""brakes"": {""gm"": true, ""fcf_margin"": true, ""roic"": true}, ""self_pct"": 2.307692307692308, ""self_z"": -1.6365166481231712, ""median_ratio"": 0.6103197988116366, ""fcf_yield"": 0.04112930407323831, ""yield_threshold"": 0.0495, ""gs10"": 0.0495, ""residual_pct"": 47.2972972972973, ""brake_values"": {""gm"": 1.0552451197579682, ""fcf_margin"": 1.3064382041366516, ""roic"": 0.9569309641218683}}",False,"{""floor"": true, ""mom_sector_pct"": 37.5, ""eps_rev_proxy"": 5.0}"
UAL,100517,United Airlines Holdings,Industrials,Passenger Airlines,Transportation,11.080082135523615,5.9986310746064335,429077020.4909729,0.16836247890572098,-0.17875249226326373,0.17255844573878365,6.0,,,,,1.0594169742408996,0.06988956605364824,0.0803025247469692,0.6110840153868083,8,9,False,0.3092525547522449,,,False,,0.040443865059934504,0.09406696130488697,,,1.3459371207524713,1.6381808163719902,46.98275862068966,-0.012518877860381023,0.9799083419781301,232.0,sbc_unreported,111.77999877929688,324583772.0,36281973637.939575,48588973637.939575,29004000000.0,12307000000.0,8913000000.0,6369000000.0,,2996000000.0,12307000000.0,62902000000.0,4874000000.0,2544000000.0,2544000000.0,5917000000.0,7870000000.0,3496000000.0,3806859696.1572833,0.21894548704200179,0.1312529201543678,9.969013877295769,19.099439323089456,0.05235755788868066,8.211758262284869,0.12177659985350765,10.378138912454112,0.7276887871853547,1.5637865311308767,4527000000.0,2581000000.0,0.2450696455661288,6.0,0.08012114343094805,0.11088867455611505,48.743718592964825,-0.002342615893958285,0.9949344278444159,199.0,['fcf_cagr5 gate'],False,0.8,ig,Transportation,9.090909090909092,,,22.727272727272727,9.090909090909092,18.181818181818183,55.55555555555556,90.9090909090909,64.0625,1.0,34.77719191057629,"{'profitability': 35.8, 'growth': 100.0, 'balance': 47.9, 'stability': 59.3}",61.533186128693174,False,-0.3128072251947174,26.1138599253634,,48.15518901963473,,False,"{""floor"": false, ""depressed_arms"": {""self_pct"": false, ""self_z"": false, ""median_ratio"": false}, ""yield_arm"": true, ""residual_arm"": false, ""brakes"": {""gm"": false, ""fcf_margin"": false, ""roic"": true}, ""self_pct"": 48.743718592964825, ""self_z"": -0.002342615893958285, ""median_ratio"": 0.9949344278444159, ""fcf_yield"": 0.05235755788868066, ""yield_threshold"": 0.0495, ""gs10"": 0.0495, ""residual_pct"": null, ""brake_values"": {""gm"": null, ""fcf_margin"": null, ""roic"": 1.6381808163719902}}",False,"{""floor"": false, ""mom_sector_pct"": 64.0625, ""eps_rev_proxy"": null}"
FLEX,866374,Flex Ltd.,Information Technology,Electronic Manufacturing Services,Technology Hardware and Equipment,0.2792607802874743,5.9986310746064335,424162392.5900973,0.9510065927726814,-0.25763559677062475,1.0092641481056694,5.0,0.07755882592438015,0.11366491043602851,0.023950197492487335,0.024380087071739543,0.3760868269968893,0.02516475282334309,0.025477948135529057,0.38078232016510744,5,9,False,0.029614264794731948,,,False,0.09368913793692554,0.02822291317866539,0.035500734615778864,1.2079751958632334,1.1784000189358903,1.410732498149078,0.9167498120099786,88.84615384615384,1.299929705333295,1.9824922444232078,260.0,sbc_unreported,112.77999877929688,369402978.0,41661267407.90863,44900267407.90863,8739000000.0,3239000000.0,1562000000.0,736000000.0,,523000000.0,3239000000.0,29267000000.0,1449000000.0,826000000.0,826000000.0,1039000000.0,1972000000.0,880000000.0,1043280000.0,0.28,0.11938208032955716,30.987072055147433,54.35867724928406,0.018396326963845883,43.21488682185624,0.023140173989631807,47.3423493271689,0.9386363636363636,1.6424949290060853,1831000000.0,736000000.0,0.2937407025975512,6.0,0.13022318495796725,0.13323109930558044,88.46153846153845,1.1764184121488834,2.4416239169649465,260.0,"['tenure<1y', 'fcf_cagr5 gate']",False,1.0,ig,Technology Hardware and Equipment,28.57142857142857,10.526315789473683,5.0,42.857142857142854,4.761904761904762,28.57142857142857,20.0,38.095238095238095,83.05084745762711,1.0,16.59922405114426,"{'profitability': 34.7, 'growth': 24.7, 'balance': 45.3, 'stability': 47.6}",21.28789504964009,False,0.4191615996300375,35.74615304418562,,18.943559550392173,,False,"{""floor"": false, ""depressed_arms"": {""self_pct"": false, ""self_z"": false, ""median_ratio"": false}, ""yield_arm"": false, ""residual_arm"": false, ""brakes"": {""gm"": true, ""fcf_margin"": true, ""roic"": true}, ""self_pct"": 88.46153846153845, ""self_z"": 1.1764184121488834, ""median_ratio"": 2.4416239169649465, ""fcf_yield"": 0.018396326963845883, ""yield_threshold"": 0.0495, ""gs10"": 0.0495, ""residual_pct"": null, ""brake_values"": {""gm"": 1.2079751958632334, ""fcf_margin"": 1.1784000189358903, ""roic"": 0.9167498120099786}}",False,"{""floor"": false, ""mom_sector_pct"": 83.05084745762711, ""eps_rev_proxy"": null}"
CRH,849395,CRH plc,Materials,Construction Materials,Materials,0.7775496235455168,5.9986310746064335,421497877.161838,-0.2054306002079862,-0.37116943913335554,-0.3113057917784362,5.0,0.3455159901788413,0.03420603534254623,0.07440264353034395,0.07394450823831014,0.13290652729126243,0.08250644992461516,0.08619138648375127,0.17740943655079122,4,4,True,,0.04678214611088327,0.09439820199796811,True,0.36249741147235454,0.06771588320563264,,1.0491480040756538,0.9101273824768844,,0.9006038381744469,,,,,,81.69999694824219,665284511.0,54353742518.412796,72206742518.4128,41888000000.0,17853000000.0,5419000000.0,2653000000.0,150000000.0,,16788000000.0,38632000000.0,5528000000.0,2766000000.0,2616000000.0,,,3838000000.0,4149768601.4803276,0.2493182703544994,0.09906819617743334,13.062001179162952,27.601965794500305,0.036229303646164585,,,14.161996487340488,0.7206878582595102,,13150000000.0,2048000000.0,0.3628246753246753,3.0,0.11000196976536074,0.11050202812436151,,,,,"['tenure<1y', 'rev_cagr5 gate']",False,0.8,ig,Materials,41.66666666666667,64.28571428571429,71.42857142857143,46.42857142857143,21.428571428571427,27.27272727272727,,75.0,7.142857142857142,0.7,34.714071584445506,"{'profitability': 38.3, 'growth': 39.0, 'balance': None, 'stability': 89.9}",,False,-0.0033093736369340654,27.693462327029028,,,,False,"{""floor"": false, ""depressed_arms"": {""self_pct"": false, ""self_z"": false, ""median_ratio"": false}, ""yield_arm"": false, ""residual_arm"": false, ""brakes"": {""gm"": true, ""fcf_margin"": false, ""roic"": true}, ""self_pct"": null, ""self_z"": null, ""median_ratio"": null, ""fcf_yield"": 0.036229303646164585, ""yield_threshold"": 0.0495, ""gs10"": 0.0495, ""residual_pct"": null, ""brake_values"": {""gm"": 1.0491480040756538, ""fcf_margin"": 0.9101273824768844, ""roic"": 0.9006038381744469}}",False,"{""floor"": false, ""mom_sector_pct"": 7.142857142857142, ""eps_rev_proxy"": null}"
COR,1140859,Cencora,Health Care,Health Care Distributors,Health Care Equipment and Services,25.089664613278575,5.9986310746064335,421008403.9005883,0.10144010497866596,-0.16403620079725167,0.03098383982628139,10.0,0.034165500543773465,0.03192993086475941,0.010143002659928315,0.00969358953843701,0.18147270041525304,0.008879217246883292,0.00832806934669191,0.1492870759373557,9,9,False,0.11093539055828328,,,False,0.03973065311279843,0.01175392748611334,,1.1628880736547322,1.1588212958426267,,0.3914296659142165,76.51821862348179,0.22588030657573105,1.3455644425659936,247.0,,309.7799987792969,190827165.0,59114438940.75668,69880924940.75668,13817444000.0,10766486000.0,4820947000.0,760845000.0,148732000.0,,10578353000.0,332771323000.0,3041762000.0,4060102000.0,3911370000.0,,,2624793000.0,2225934382.522746,0.26820889256860136,0.16109595830623566,22.973830608955165,17.866099331118427,0.05597192657818943,,,22.521562249197054,1.5468275022068407,,16515457000.0,343629000.0,1.220130582761906,7.0,0.4115578668008789,0.4729403130453128,57.08502024291497,0.030704627261062902,1.0263316757210128,247.0,['fcf_cagr5 gate'],False,0.9,ig,Health Care Equipment and Services,92.5925925925926,6.896551724137931,4.545454545454546,76.78571428571429,58.333333333333336,75.86206896551724,,33.33333333333334,38.095238095238095,0.7,55.92241763865634,"{'profitability': 42.2, 'growth': 92.4, 'balance': None, 'stability': 87.7}",42.451152441541936,False,-0.36944810924997373,25.85109951034341,,49.18678504009914,,False,"{""floor"": false, ""depressed_arms"": {""self_pct"": false, ""self_z"": false, ""median_ratio"": false}, ""yield_arm"": true, ""residual_arm"": false, ""brakes"": {""gm"": true, ""fcf_margin"": true, ""roic"": false}, ""self_pct"": 57.08502024291497, ""self_z"": 0.030704627261062902, ""median_ratio"": 1.0263316757210128, ""fcf_yield"": 0.05597192657818943, ""yield_threshold"": 0.0495, ""gs10"": 0.0495, ""residual_pct"": null, ""brake_values"": {""gm"": 1.1628880736547322, ""fcf_margin"": 1.1588212958426267, ""roic"": 0.3914296659142165}}",False,"{""floor"": false, ""mom_sector_pct"": 38.095238095238095, ""eps_rev_proxy"": null}"
CTAS,723254,Cintas,Industrials,Diversified Support Services,Commercial and Professional Services,25.587953456536617,5.9986310746064335,419690867.4715947,-0.0006135674940977998,-0.04760276603518954,-0.024891549321059303,10.0,0.48625418117325603,0.033846230868074784,0.15112972050591642,0.15562682599302374,0.1594886782882036,0.1408833110471567,0.145174673479535,0.18733790347359874,9,9,False,0.09620823052847349,0.09095906665122921,0.1369641160384938,False,0.5066945494893322,0.15562682599302374,0.145174673479535,1.0420363857165336,1.0297565923635204,1.0304604030135398,1.1271798957702177,77.6923076923077,1.93117879925333,3.189217605894709,260.0,,195.60000610351562,400169561.0,78273168574.04117,80939915574.04117,7806634000.0,2666747000.0,2276280000.0,395105000.0,128076000.0,512846000.0,2666747000.0,11264761000.0,2606512000.0,1881175000.0,1753099000.0,1635358000.0,3119358000.0,1999968000.0,2080736776.6597188,0.20171601870249636,0.26653443425933876,31.05296103529973,46.169620525732526,0.021659264005487167,49.49369836698825,0.020204592362145824,39.137210482388305,0.9406025496407943,0.8549025151970373,3544212000.0,706674000.0,0.5445222614509659,9.0,0.23646130955628167,0.23899879577216646,69.23076923076923,1.769199288880103,3.191150977134093,260.0,[],True,1.0,ig,Commercial and Professional Services,50.0,54.54545454545454,57.14285714285714,72.72727272727273,63.63636363636363,18.181818181818183,63.63636363636363,0.0,32.8125,1.0,68.51681902770251,"{'profitability': 81.1, 'growth': 78.0, 'balance': 71.5, 'stability': 88.6}",19.00841749951849,True,0.7032634610775013,22.85245511307203,82.43243243243244,43.7626182636105,11.0,False,"{""floor"": true, ""depressed_arms"": {""self_pct"": false, ""self_z"": false, ""median_ratio"": false}, ""yield_arm"": false, ""residual_arm"": false, ""brakes"": {""gm"": true, ""fcf_margin"": true, ""roic"": true}, ""self_pct"": 69.23076923076923, ""self_z"": 1.769199288880103, ""median_ratio"": 3.191150977134093, ""fcf_yield"": 0.021659264005487167, ""yield_threshold"": 0.0495, ""gs10"": 0.0495, ""residual_pct"": 82.43243243243244, ""brake_values"": {""gm"": 1.0420363857165336, ""fcf_margin"": 1.0297565923635204, ""roic"": 1.1271798957702177}}",False,"{""floor"": true, ""mom_sector_pct"": 32.8125, ""eps_rev_proxy"": 11.0}"
NOC,1133421,Northrop Grumman,Industrials,Aerospace & Defense,Capital Goods,69.57973990417523,5.9986310746064335,418913288.549908,-0.141359297955457,-0.3568260382456605,-0.19634775315196185,10.0,,,0.056736892548627384,0.05770039532340819,0.26258040918493253,0.062286603901821315,0.06263492864552668,0.2424375061145355,8,9,False,0.026567406658034587,0.02767945767344271,0.014370676884596811,False,,0.0820199571015574,0.07987503497155647,,1.4456194799752333,1.2823790344623502,0.9649407969098219,0.38461538461538464,-0.3230013404106243,0.6979193203227634,260.0,gm_derived,482.0,142063026.0,68474378532.0,84300378532.0,33710000000.0,15826000000.0,5078000000.0,1432000000.0,128000000.0,1524000000.0,15826000000.0,42892000000.0,4598000000.0,3646000000.0,3518000000.0,3426000000.0,6122000000.0,4496000000.0,3929406576.6964455,0.14540961794335677,0.11656501265785955,18.33414061157025,23.96258627970438,0.041731722457979056,24.60606495388208,0.04064038690762827,15.230066399466192,0.8109430604982206,2.5851029075465535,17439000000.0,208000000.0,0.5234945120142391,9.0,0.12080017036397839,0.12044575587253604,0.38461538461538464,-0.2741426192676303,0.6087322042062178,260.0,[],True,0.9,ig,Capital Goods,29.72972972972973,19.51219512195122,,70.73170731707317,64.28571428571429,17.94871794871795,21.621621621621628,68.29268292682927,20.3125,1.0,20.42550055214772,"{'profitability': 40.7, 'growth': 22.6, 'balance': 13.8, 'stability': 75.1}",71.64561948778292,False,-0.14353038945360908,27.661017137640197,,46.035560019965324,,False,"{""floor"": false, ""depressed_arms"": {""self_pct"": true, ""self_z"": false, ""median_ratio"": true}, ""yield_arm"": false, ""residual_arm"": false, ""brakes"": {""gm"": false, ""fcf_margin"": true, ""roic"": true}, ""self_pct"": 0.38461538461538464, ""self_z"": -0.2741426192676303, ""median_ratio"": 0.6087322042062178, ""fcf_yield"": 0.041731722457979056, ""yield_threshold"": 0.0495, ""gs10"": 0.0495, ""residual_pct"": null, ""brake_values"": {""gm"": null, ""fcf_margin"": 1.4456194799752333, ""roic"": 0.9649407969098219}}",False,"{""floor"": false, ""mom_sector_pct"": 20.3125, ""eps_rev_proxy"": null}"
KR,56873,Kroger,Consumer Staples,Food Retail,Consumer Staples Distribution and Retail,69.57973990417523,5.9986310746064335,411142411.5366217,-0.0962583524959223,-0.20365606789987767,-0.08253025021594684,10.0,,,0.0168133938372592,0.01807530042189031,0.3338569819052682,0.019456205552574875,0.022938906938964956,0.313202014654166,7,9,False,0.02188051774019617,,,False,,0.014793137162985682,0.022126086548893024,,0.8798424224265453,1.137225163925389,0.6562224636227117,28.076923076923077,-0.525363044265842,0.843850307567174,260.0,gm_derived,59.47999954223633,590588700.0,35128215605.64995,57677215605.64995,28389000000.0,22549000000.0,6708000000.0,4324000000.0,175000000.0,3229000000.0,22543000000.0,149326000000.0,2083000000.0,2384000000.0,2209000000.0,3304000000.0,5312000000.0,1084000000.0,1694959761.5499256,0.18628912071535023,0.059704806845958844,27.68949380972153,26.11010213021727,0.03829935229715927,17.45678438427662,0.057284318691631614,32.40610295724165,2.199261992619926,4.2437876506024095,2624000000.0,848000000.0,0.12230089119024974,3.0,0.09098257093540385,0.10069597900430077,48.46153846153846,-0.08222486473838239,0.9760036712009587,260.0,['fcf_cagr5 gate'],False,0.9,sector,Consumer Staples,29.166666666666668,3.7037037037037033,,20.833333333333336,55.55555555555556,91.66666666666666,16.0,14.81481481481481,11.11111111111111,1.0,7.944075862499506,"{'profitability': 17.9, 'growth': 18.2, 'balance': 0.0, 'stability': 62.9}",34.74276077189009,False,-0.0030157156959296216,26.18896162417464,,21.343418317194796,,False,"{""floor"": false, ""depressed_arms"": {""self_pct"": false, ""self_z"": false, ""median_ratio"": false}, ""yield_arm"": false, ""residual_arm"": false, ""brakes"": {""gm"": false, ""fcf_margin"": false, ""roic"": false}, ""self_pct"": 48.46153846153846, ""self_z"": -0.08222486473838239, ""median_ratio"": 0.9760036712009587, ""fcf_yield"": 0.03829935229715927, ""yield_threshold"": 0.0495, ""gs10"": 0.0495, ""residual_pct"": null, ""brake_values"": {""gm"": null, ""fcf_margin"": 0.8798424224265453, ""roic"": 0.6562224636227117}}",False,"{""floor"": false, ""mom_sector_pct"": 11.11111111111111, ""eps_rev_proxy"": null}"
CL,21665,Colgate-Palmolive,Consumer Staples,Household Products,Household and Personal Products,69.57973990417523,5.9986310746064335,408972419.04971874,0.16653634704354592,-0.13715000188854032,0.11081806601936295,10.0,0.5908186217430611,0.021703288911527906,0.14749718859481642,0.15056540956317088,0.21600903885523004,0.14963742550836723,0.15706429562625276,0.19704510974607448,9,9,False,0.043531026206107715,0.018852665164492688,0.02120926331663142,False,0.6042191286169051,0.17484677151137928,0.17275621228678673,1.0226812534011016,1.1854244353883503,1.154498693758446,0.8239514560940087,0.38461538461538464,-1.7447917964579387,0.7960417465304034,260.0,,84.52999877929688,797172829.0,67385018262.25864,75742018262.25864,8593000000.0,8357000000.0,4456000000.0,598000000.0,178000000.0,642000000.0,8027000000.0,21047000000.0,3130000000.0,3858000000.0,3680000000.0,3636000000.0,3772000000.0,2038000000.0,2301220258.327668,0.26478585995921144,0.26780172911994277,24.198727879315857,20.582070179961587,0.048585977564763426,20.83113813593472,0.04800505826779343,33.064287665485104,1.8930323846908734,2.1280487804878048,3100000000.0,1495000000.0,0.5347375770976376,10.0,0.3250212462630662,0.32485578534848497,0.38461538461538464,-1.5095173943519493,0.774400869936011,260.0,[],True,1.0,sector,Consumer Staples,95.83333333333334,74.07407407407408,83.33333333333334,87.5,55.55555555555556,83.33333333333334,43.99999999999999,22.222222222222214,62.96296296296296,1.0,42.26374416973891,"{'profitability': 80.1, 'growth': 26.0, 'balance': 29.1, 'stability': 87.0}",59.88075780843612,False,-0.2715003820306232,27.002263591498004,,51.072250989087514,,False,"{""floor"": false, ""depressed_arms"": {""self_pct"": true, ""self_z"": true, ""median_ratio"": true}, ""yield_arm"": false, ""residual_arm"": false, ""brakes"": {""gm"": true, ""fcf_margin"": true, ""roic"": false}, ""self_pct"": 0.38461538461538464, ""self_z"": -1.5095173943519493, ""median_ratio"": 0.774400869936011, ""fcf_yield"": 0.048585977564763426, ""yield_threshold"": 0.0495, ""gs10"": 0.0495, ""residual_pct"": null, ""brake_values"": {""gm"": 1.0226812534011016, ""fcf_margin"": 1.1854244353883503, ""roic"": 0.8239514560940087}}",False,"{""floor"": false, ""mom_sector_pct"": 62.96296296296296, ""eps_rev_proxy"": null}"
MSI,68505,Motorola Solutions,Information Technology,Communications Equipment,Technology Hardware and Equipment,69.57973990417523,5.9986310746064335,406327942.20485413,0.04274677868185117,-0.07574369783053858,0.0007262927943574304,10.0,0.49656312234808075,0.03636943344333041,0.17210789220159584,0.17481741702875103,0.1961486709480565,0.1570318214814312,0.15542773222371803,0.217261391887528,8,9,False,0.09519871115386103,0.1299965282868849,0.1453665577446639,False,0.5198986679741767,0.18958895154041022,0.1689956688730898,1.0469941173153374,1.1015703528478418,1.0761874076145346,0.6677560232737089,55.38461538461539,0.04946036324307552,1.0130963426409942,260.0,,448.0299987792969,165493788.0,74146181635.62122,82795181635.62122,11321000000.0,8649000000.0,2974000000.0,297000000.0,357000000.0,549000000.0,8633000000.0,12237000000.0,3048000000.0,2677000000.0,2320000000.0,2068000000.0,3597000000.0,2134000000.0,2356224069.3892303,0.22696060715576435,0.2081286166760207,27.163773502500398,35.68757829121604,0.028020954289468696,40.0363547561031,0.024977298909750544,34.74516477770441,1.254451733833177,2.400055601890464,6883000000.0,2951000000.0,0.8686511792244501,10.0,0.3116836230928465,0.33887491738526315,40.0,-0.17095787796566442,0.968395414637694,260.0,[],True,1.0,ig,Technology Hardware and Equipment,71.42857142857143,78.94736842105263,70.0,85.71428571428571,64.28571428571429,71.42857142857143,15.0,52.38095238095239,38.983050847457626,1.0,54.176632934889156,"{'profitability': 85.0, 'growth': 89.7, 'balance': 20.0, 'stability': 81.0}",46.33333795857314,False,-0.022603081891188204,36.5034130013923,,50.25498544673115,,False,"{""floor"": false, ""depressed_arms"": {""self_pct"": false, ""self_z"": false, ""median_ratio"": false}, ""yield_arm"": false, ""residual_arm"": false, ""brakes"": {""gm"": true, ""fcf_margin"": true, ""roic"": false}, ""self_pct"": 40.0, ""self_z"": -0.17095787796566442, ""median_ratio"": 0.968395414637694, ""fcf_yield"": 0.028020954289468696, ""yield_threshold"": 0.0495, ""gs10"": 0.0495, ""residual_pct"": null, ""brake_values"": {""gm"": 1.0469941173153374, ""fcf_margin"": 1.1015703528478418, ""roic"": 0.6677560232737089}}",False,"{""floor"": false, ""mom_sector_pct"": 38.983050847457626, ""eps_rev_proxy"": null}"
LHX,202058,L3Harris,Industrials,Aerospace & Defense,Capital Goods,18.026009582477755,5.9986310746064335,402552757.084244,-0.12335666290764602,-0.3439548017854218,-0.18505846650733426,9.0,,,0.1015669715416766,0.10082032111561132,0.1658539930843871,0.06318530012290535,0.060060661461825385,0.2596662861622381,6,8,False,0.10651329188844394,0.02060320295194762,,False,0.2560218651817415,0.06881401823801374,0.050780351988556544,,0.6775235806826914,0.8036735109239137,1.2788613239969049,0.7692307692307693,-0.3541288932459275,0.5683472919403347,260.0,,238.39999389648438,186214616.0,44393563317.83618,53976563317.83618,29465000000.0,9583000000.0,3292000000.0,484000000.0,114000000.0,1190000000.0,9583000000.0,39149000000.0,2320000000.0,2808000000.0,2694000000.0,1988000000.0,3510000000.0,1874000000.0,1934021352.3131673,0.16637010676156583,0.06563792134102044,23.265760050791457,20.035843844779578,0.04991055069839517,27.1511887916681,0.036830799847219604,23.68920134356253,1.4983991462113126,2.73019943019943,19996000000.0,4737000000.0,0.8394026811471237,1.0,0.05132528453974834,0.05666588155543939,1.9230769230769231,-1.1515569582354357,0.6951909056778186,260.0,[],True,0.9,ig,Capital Goods,8.108108108108109,48.78048780487805,,6.097560975609756,22.61904761904762,87.17948717948718,18.91891891891892,46.34146341463414,21.875,1.0,21.50893433999436,"{'profitability': 27.9, 'growth': 53.0, 'balance': 9.0, 'stability': 72.3}",62.577731893483254,False,-0.3019412960144279,27.098114714826334,,42.04333311673881,,False,"{""floor"": false, ""depressed_arms"": {""self_pct"": true, ""self_z"": true, ""median_ratio"": true}, ""yield_arm"": true, ""residual_arm"": false, ""brakes"": {""gm"": false, ""fcf_margin"": false, ""roic"": true}, ""self_pct"": 1.9230769230769231, ""self_z"": -1.1515569582354357, ""median_ratio"": 0.6951909056778186, ""fcf_yield"": 0.04991055069839517, ""yield_threshold"": 0.0495, ""gs10"": 0.0495, ""residual_pct"": null, ""brake_values"": {""gm"": null, ""fcf_margin"": 0.6775235806826914, ""roic"": 1.2788613239969049}}",False,"{""floor"": false, ""mom_sector_pct"": 21.875, ""eps_rev_proxy"": null}"
KEYS,1601046,Keysight Technologies,Information Technology,Electronic Equipment & Instruments,Technology Hardware and Equipment,7.904175222450377,5.9986310746064335,396399904.4892766,0.8875683872758868,0.0,1.1567925683230191,10.0,0.6308307209681002,0.015398758265781015,0.18466469989437542,0.19692532942898974,0.13372426929535355,0.16853360141180979,0.18213953488372092,0.16355134610388028,7,9,False,0.04952460179009255,0.07339084686143038,0.10287498996686062,False,0.6469158310543908,0.1906715284108174,0.15253722272865392,1.0254982985952328,1.0325282986942157,0.905084929360354,0.895154755279108,98.84615384615385,2.6102470806933873,1.7906717491412971,260.0,gm_derived,373.8800048828125,170244745.0,63651106091.87317,63789106091.87317,6709000000.0,138000000.0,1604000000.0,135000000.0,214000000.0,386000000.0,138000000.0,6582000000.0,1333000000.0,1469000000.0,1255000000.0,1004000000.0,1719000000.0,1260000000.0,1204881272.0848057,0.096113074204947,0.17959178299072973,47.85379301715917,50.827972981572245,0.01967420578354662,63.53496622696531,0.015739364626837296,50.51675086656601,1.165873015873016,0.08027923211169284,3462000000.0,1125000000.0,0.6837084513340289,8.0,0.20062651952816052,0.25155265733585574,96.92307692307692,2.36337527247097,1.6027346435199281,260.0,[],True,1.0,ig,Technology Hardware and Equipment,52.38095238095239,84.21052631578947,80.0,52.38095238095239,64.28571428571429,57.14285714285714,70.0,19.04761904761905,81.35593220338984,1.0,62.73512079949467,"{'profitability': 83.0, 'growth': 51.2, 'balance': 97.3, 'stability': 80.7}",13.148462342966724,True,0.34162290526409134,36.1191771402727,60.810810810810814,37.941791571230695,9.0,False,"{""floor"": true, ""depressed_arms"": {""self_pct"": false, ""self_z"": false, ""median_ratio"": false}, ""yield_arm"": false, ""residual_arm"": false, ""brakes"": {""gm"": true, ""fcf_margin"": true, ""roic"": false}, ""self_pct"": 96.92307692307692, ""self_z"": 2.36337527247097, ""median_ratio"": 1.6027346435199281, ""fcf_yield"": 0.01967420578354662, ""yield_threshold"": 0.0495, ""gs10"": 0.0495, ""residual_pct"": 60.810810810810814, ""brake_values"": {""gm"": 1.0254982985952328, ""fcf_margin"": 1.0325282986942157, ""roic"": 0.895154755279108}}",False,"{""floor"": true, ""mom_sector_pct"": 81.35593220338984, ""eps_rev_proxy"": 9.0}"
GD,40533,General Dynamics,Industrials,Aerospace & Defense,Capital Goods,69.57973990417523,5.9986310746064335,394976399.1397691,0.06434537721405498,-0.1593309357549384,-0.014638746843519956,10.0,,,0.07778792618250824,0.08374146725201106,0.07862697280855324,0.08196257563854983,0.08710910083443812,0.09205818333787459,8,9,False,0.06740547524230567,0.06489670198718422,0.066773781532812,False,,0.11148899791852512,0.11812369907820398,,1.4332429644280074,1.4411906673006787,1.1235188424844258,13.076923076923078,-0.7146466298000816,0.7066922755258547,260.0,gm_derived,332.7200012207031,270430187.0,89977532148.75497,96547532148.75497,32649000000.0,6570000000.0,7423000000.0,1222000000.0,202000000.0,865000000.0,6570000000.0,53808000000.0,5508000000.0,6201000000.0,5999000000.0,6356000000.0,6373000000.0,4341000000.0,4535323975.720789,0.17659332321699545,0.1389115738834509,17.528600607980206,16.093937681072674,0.062135197725790445,15.189983031585113,0.06583285826723188,20.72737437197765,1.4284727021423635,1.0309116585595481,20956000000.0,1328000000.0,0.6825323899660021,7.0,0.12363973671885838,0.12014230956715646,17.692307692307693,-0.7454430255648224,0.7011790619311377,260.0,[],True,0.9,ig,Capital Goods,37.83783783783784,36.58536585365854,,54.87804878048781,64.28571428571429,79.48717948717949,67.56756756756756,73.17073170731707,50.0,1.0,47.99245157479929,"{'profitability': 46.8, 'growth': 55.1, 'balance': 65.6, 'stability': 87.4}",68.7619915958897,False,-0.5421395244522946,27.67645866011198,,58.37722158534449,,False,"{""floor"": false, ""depressed_arms"": {""self_pct"": true, ""self_z"": false, ""median_ratio"": true}, ""yield_arm"": true, ""residual_arm"": false, ""brakes"": {""gm"": false, ""fcf_margin"": true, ""roic"": true}, ""self_pct"": 17.692307692307693, ""self_z"": -0.7454430255648224, ""median_ratio"": 0.7011790619311377, ""fcf_yield"": 0.062135197725790445, ""yield_threshold"": 0.0495, ""gs10"": 0.0495, ""residual_pct"": null, ""brake_values"": {""gm"": null, ""fcf_margin"": 1.4332429644280074, ""roic"": 1.1235188424844258}}",False,"{""floor"": false, ""mom_sector_pct"": 50.0, ""eps_rev_proxy"": null}"
KVUE,1944048,Kenvue,Consumer Staples,Personal Care Products,Household and Personal Products,3.1047227926078027,3.4113620807665983,394776395.1852856,0.24236511507092606,-0.11146253842960574,0.15521830591233976,5.0,0.5668158815640222,0.02003115551021558,0.09305441465499657,0.10486643745040994,0.565100684190723,0.07809993116168208,0.09944459137794234,0.8252884466639001,2,4,False,,,,False,0.5819055036344756,0.1166926272066459,0.10656801661474559,1.0266217347841708,1.2540256971073223,1.3645084576851805,1.1553878580943857,,,,,,17.219999313354492,1920773467.0,33075717782.849525,40578717782.849525,18056000000.0,7503000000.0,2325000000.0,411000000.0,116000000.0,567000000.0,7503000000.0,15408000000.0,2630000000.0,1914000000.0,1798000000.0,1642000000.0,3197000000.0,1658000000.0,1961556455.2406657,0.25416104363472786,0.10863737567792787,15.429170259638603,22.568808555533664,0.04430894070191443,24.7129828153773,0.04046456097471829,19.949166334649895,1.1544028950542822,2.346887707225524,9265000000.0,16716000000.0,1.4389122729286663,1.0,0.09402675899425376,0.09659779010689433,,,,,"['rev_cagr5 gate', 'fcf_cagr5 gate']",False,0.9,sector,Consumer Staples,33.33333333333333,51.85185185185185,75.0,8.333333333333332,3.7037037037037033,54.166666666666664,36.0,66.66666666666667,77.77777777777779,0.7,16.853911884777645,"{'profitability': 45.1, 'growth': None, 'balance': 21.8, 'stability': 48.0}",,False,-0.14955973939519396,26.209672970448903,,,,False,"{""floor"": false, ""depressed_arms"": {""self_pct"": false, ""self_z"": false, ""median_ratio"": false}, ""yield_arm"": false, ""residual_arm"": false, ""brakes"": {""gm"": true, ""fcf_margin"": true, ""roic"": true}, ""self_pct"": null, ""self_z"": null, ""median_ratio"": null, ""fcf_yield"": 0.04430894070191443, ""yield_threshold"": 0.0495, ""gs10"": 0.0495, ""residual_pct"": null, ""brake_values"": {""gm"": 1.0266217347841708, ""fcf_margin"": 1.2540256971073223, ""roic"": 1.1553878580943857}}",False,"{""floor"": false, ""mom_sector_pct"": 77.77777777777779, ""eps_rev_proxy"": null}"
KMB,55785,Kimberly-Clark,Consumer Staples,Household Products,Household and Personal Products,69.57973990417523,5.9986310746064335,394084148.6634719,-0.09990862552534108,-0.18338657302996064,-0.19098115746584288,10.0,0.34677418159080575,0.07325480715126438,0.11458444334209679,0.10069608305804625,0.21713934556905945,0.12199016177784343,0.11138809509333009,0.1486211422214273,5,9,False,-0.029872195796569856,-0.08185375224359281,-0.0804213673272477,False,0.3675672415872633,0.10185743577373055,0.1493788445302135,1.059961384382974,0.8889290099322714,1.2245155048015073,1.080464105039315,0.38461538461538464,-1.940164489488029,0.70723237212268,260.0,,94.33999633789062,332579038.0,31375505226.979187,37454505226.97919,7829000000.0,6079000000.0,3333000000.0,1513000000.0,131000000.0,725000000.0,5955000000.0,16582000000.0,2514000000.0,1820000000.0,1689000000.0,2477000000.0,3239000000.0,1955000000.0,2013638058.4375381,0.1990302074631909,0.25720245988472834,14.89837121200445,22.175550756056357,0.04509470862755868,15.120914504230596,0.06613356617552567,16.048851778505977,0.9309462915601023,1.838530410620562,1831000000.0,40000000.0,0.23898326733937922,4.0,0.23804813013697432,0.22567360919888824,43.46153846153846,-0.16986814731873606,0.9670362924753448,260.0,"['rev_cagr5 gate', 'fcf_cagr5 gate']",False,1.0,sector,Consumer Staples,83.33333333333334,59.25925925925925,25.0,27.083333333333332,55.55555555555556,20.833333333333336,56.0,74.07407407407408,7.4074074074074066,1.0,23.641695300435217,"{'profitability': 70.1, 'growth': 0.0, 'balance': 38.7, 'stability': 59.6}",56.26127310836217,False,-0.18945011074668505,26.801034176150974,,39.951484204398696,,False,"{""floor"": false, ""depressed_arms"": {""self_pct"": false, ""self_z"": false, ""median_ratio"": false}, ""yield_arm"": false, ""residual_arm"": false, ""brakes"": {""gm"": true, ""fcf_margin"": false, ""roic"": true}, ""self_pct"": 43.46153846153846, ""self_z"": -0.16986814731873606, ""median_ratio"": 0.9670362924753448, ""fcf_yield"": 0.04509470862755868, ""yield_threshold"": 0.0495, ""gs10"": 0.0495, ""residual_pct"": null, ""brake_values"": {""gm"": 1.059961384382974, ""fcf_margin"": 0.8889290099322714, ""roic"": 1.080464105039315}}",False,"{""floor"": false, ""mom_sector_pct"": 7.4074074074074066, ""eps_rev_proxy"": null}"
CHTR,1091667,Charter Communications,Communication Services,Cable & Satellite,Media and Entertainment,10.064339493497604,5.9986310746064335,385535502.475283,-0.4571979565288281,-0.570811950603601,-0.6022642089123837,10.0,,,4.314533391456709,4.21259842519685,0.39759643355092417,5.79180532549616,5.426142401700319,0.11871341566820082,5,9,False,-0.041699278420998076,-0.091718672797517,0.08229749530423125,False,,7.285714285714286,13.841487279843443,,1.68864477909497,2.389839868911288,0.9770740688542587,0.38461538461538464,-2.3422260625719775,0.575927440053614,260.0,shares_was_proxy,111.37000274658203,120121017.0,13377877993.212227,114150877993.21222,117725000000.0,100773000000.0,16470000000.0,12112000000.0,635000000.0,8762000000.0,95824000000.0,511000000.0,12663000000.0,4358000000.0,3723000000.0,7073000000.0,21425000000.0,4924000000.0,9678222148.364796,0.23570858814145174,0.08221042385529663,9.014520887089333,30.660993283162025,0.032614729430476934,16.13896196708783,0.06196185368298773,2.7168720538611346,0.8850528025995126,4.472532088681447,29710000000.0,6882000000.0,0.3108260777235082,0.0,0.08413939789815383,0.08446107678707196,26.153846153846157,-0.4123803044297359,0.839457038911968,260.0,"['rev_cagr5 gate', 'fcf_cagr5 gate']",False,0.9,ig,Media and Entertainment,25.0,100.0,,18.75,72.22222222222221,50.0,11.111111111111114,77.77777777777777,18.181818181818183,1.0,12.378861513359059,"{'profitability': 70.6, 'growth': 0.0, 'balance': 0.0, 'stability': 43.9}",59.33051811992323,False,-0.021658807797897417,31.33231764301047,,35.85468981664114,,False,"{""floor"": false, ""depressed_arms"": {""self_pct"": false, ""self_z"": false, ""median_ratio"": false}, ""yield_arm"": false, ""residual_arm"": false, ""brakes"": {""gm"": false, ""fcf_margin"": true, ""roic"": true}, ""self_pct"": 26.153846153846157, ""self_z"": -0.4123803044297359, ""median_ratio"": 0.839457038911968, ""fcf_yield"": 0.032614729430476934, ""yield_threshold"": 0.0495, ""gs10"": 0.0495, ""residual_pct"": null, ""brake_values"": {""gm"": null, ""fcf_margin"": 1.68864477909497, ""roic"": 0.9770740688542587}}",False,"{""floor"": false, ""mom_sector_pct"": 18.181818181818183, ""eps_rev_proxy"": null}"
CARR,1783180,Carrier Global,Industrials,Building Products,Capital Goods,6.496919917864476,5.9986310746064335,384973575.78075254,0.016401588230362973,-0.2469279297623449,-0.060028507731119785,8.0,0.2623094391214494,0.03839485134879538,0.07345111941520929,0.0873720467666036,0.5150958130176503,0.05838010810957171,0.07739472466450717,0.8891258391260732,3,7,False,0.04493896559222432,0.08976364718415653,-0.018498254744406917,False,,0.0737997256515775,0.03433927754915409,,1.0047460983459977,0.5882016779534534,0.4887988804630752,77.57847533632287,0.6034129964594066,1.9416918872229378,223.0,gm_derived,55.220001220703125,830580423.0,45864651971.95212,57557651971.95212,25494000000.0,11693000000.0,2109000000.0,423000000.0,72000000.0,1286000000.0,11344000000.0,21870000000.0,1802000000.0,1686000000.0,1614000000.0,751000000.0,3088000000.0,1310000000.0,1760122535.2112677,0.02323943661971831,0.06904065800624726,31.940983336266434,35.66149440641395,0.028041449654452606,76.64134749927047,0.013047787292747155,35.01118471141383,1.2870229007633587,3.673575129533679,15313000000.0,5987000000.0,0.835490703694987,4.0,0.14124553219279054,0.12639183859223302,44.57831325301205,-0.042994947136116034,0.9555993527028324,249.0,[],True,1.0,ig,Capital Goods,51.35135135135135,29.268292682926827,28.125,37.80487804878049,15.476190476190476,64.1025641025641,8.108108108108098,19.51219512195121,39.0625,1.0,12.625905348380801,"{'profitability': 32.0, 'growth': 56.1, 'balance': 0.0, 'stability': 42.6}",34.18098704994242,False,0.2502916183437325,27.765101775514008,,23.403446199161614,,False,"{""floor"": false, ""depressed_arms"": {""self_pct"": false, ""self_z"": false, ""median_ratio"": false}, ""yield_arm"": false, ""residual_arm"": false, ""brakes"": {""gm"": false, ""fcf_margin"": true, ""roic"": false}, ""self_pct"": 44.57831325301205, ""self_z"": -0.042994947136116034, ""median_ratio"": 0.9555993527028324, ""fcf_yield"": 0.028041449654452606, ""yield_threshold"": 0.0495, ""gs10"": 0.0495, ""residual_pct"": null, ""brake_values"": {""gm"": null, ""fcf_margin"": 1.0047460983459977, ""roic"": 0.4887988804630752}}",False,"{""floor"": false, ""mom_sector_pct"": 39.0625, ""eps_rev_proxy"": null}"
TPR,1116132,"Tapestry, Inc.",Consumer Discretionary,"Apparel, Accessories & Luxury Goods",Consumer Durables and Apparel,22.083504449007528,5.9986310746064335,374981274.39336044,0.07651286986622341,-0.26279867006809843,0.05095294698395003,10.0,0.7338186643650635,0.040987891255076674,0.14513857895101032,0.14358052690886788,0.33844371436159504,0.1391961870252844,0.13784643473547578,0.39258897281885374,7,9,False,0.06852804969049076,0.08458548952073475,0.10517268919803402,False,0.7782164363709053,0.2133879713150596,0.21403763024412184,1.060502374989681,1.470236052036075,1.537668773967514,1.9394583644217729,46.92307692307692,-0.08087820575335695,0.9634448064231294,260.0,,119.23999786376953,199391678.0,23775463258.773422,26594063258.773422,3510700000.0,2818600000.0,1978500000.0,166000000.0,104500000.0,160800000.0,2818600000.0,8004200000.0,1914400000.0,1812500000.0,1708000000.0,1713200000.0,2075200000.0,1527700000.0,1571874062.1304955,0.17892077824357733,0.44773807563463003,13.891591756567813,15.570294647993807,0.06422486039009206,15.523034823005734,0.06442039275193544,15.562913699530943,1.1864240361327485,1.358230531996916,957700000.0,716500000.0,0.4768849517190304,5.0,0.23085727636546505,0.20317811414335157,51.53846153846153,0.0645880208418974,1.028527513691309,260.0,[],True,1.0,ig,Consumer Durables and Apparel,87.5,80.0,100.0,38.88888888888889,70.0,55.55555555555556,20.0,55.55555555555556,54.54545454545454,1.0,45.50090905773695,"{'profitability': 78.7, 'growth': 63.8, 'balance': 54.7, 'stability': 67.9}",53.63625244326876,False,-0.6051607955264453,28.51772162055603,,49.56858075050285,,False,"{""floor"": false, ""depressed_arms"": {""self_pct"": false, ""self_z"": false, ""median_ratio"": false}, ""yield_arm"": true, ""residual_arm"": false, ""brakes"": {""gm"": true, ""fcf_margin"": true, ""roic"": true}, ""self_pct"": 51.53846153846153, ""self_z"": 0.0645880208418974, ""median_ratio"": 1.028527513691309, ""fcf_yield"": 0.06422486039009206, ""yield_threshold"": 0.0495, ""gs10"": 0.0495, ""residual_pct"": null, ""brake_values"": {""gm"": 1.060502374989681, ""fcf_margin"": 1.470236052036075, ""roic"": 1.9394583644217729}}",False,"{""floor"": false, ""mom_sector_pct"": 54.54545454545454, ""eps_rev_proxy"": null}"
DXCM,1093557,Dexcom,Health Care,Health Care Equipment,Health Care Equipment and Services,6.3901437371663246,5.9986310746064335,374627791.15501744,0.31096193176943454,-0.06616843430011998,0.2860551742312405,10.0,0.6341916612389081,0.049219502726604226,0.0894685044055907,0.09968804350826822,0.6645102551449527,0.14186915265834052,0.133033198157949,0.5192382343732566,9,9,False,0.19330547815255028,0.31246833350776404,0.28913611778157544,False,0.6247283264911857,0.2500603718908476,0.26607904692908313,0.9850781154560821,2.794954197034972,1.8755243260659615,2.054392579181702,12.692307692307692,-0.9306635311685378,0.4227243757399671,260.0,,86.2300033569336,377360765.0,32539820032.72503,31600020032.72503,1681600000.0,-939800000.0,1748700000.0,343700000.0,162400000.0,264100000.0,-939800000.0,4969200000.0,1139100000.0,1405000000.0,1242600000.0,1322200000.0,1403200000.0,999700000.0,889654898.4375,0.218984375,0.5290526275199215,27.741216778794687,25.4305649708072,0.03932275988158113,23.89957648822041,0.04184174562644984,32.54958490819749,1.4054216264879464,-0.6697548460661346,24100000.0,70800000.0,0.05643434823977165,7.0,0.25752265310978284,0.2728602777404583,9.871244635193133,-0.44439080018563104,0.26546705173451435,233.0,[],True,1.0,ig,Health Care Equipment and Services,85.18518518518519,34.48275862068966,59.09090909090909,76.78571428571429,58.333333333333336,65.51724137931035,81.48148148148148,20.0,71.42857142857143,1.0,61.651194718026545,"{'profitability': 69.9, 'growth': 100.0, 'balance': 100.0, 'stability': 70.1}",48.094700304899874,True,-0.005139798128491524,25.561609423578144,41.891891891891895,54.87294751146321,16.0,False,"{""floor"": true, ""depressed_arms"": {""self_pct"": true, ""self_z"": false, ""median_ratio"": true}, ""yield_arm"": false, ""residual_arm"": false, ""brakes"": {""gm"": true, ""fcf_margin"": true, ""roic"": true}, ""self_pct"": 9.871244635193133, ""self_z"": -0.44439080018563104, ""median_ratio"": 0.26546705173451435, ""fcf_yield"": 0.03932275988158113, ""yield_threshold"": 0.0495, ""gs10"": 0.0495, ""residual_pct"": 41.891891891891895, ""brake_values"": {""gm"": 0.9850781154560821, ""fcf_margin"": 2.794954197034972, ""roic"": 2.054392579181702}}",False,"{""floor"": true, ""mom_sector_pct"": 71.42857142857143, ""eps_rev_proxy"": 16.0}"
HAL,45012,Halliburton,Energy,Oil & Gas Equipment & Services,Energy,69.57973990417523,5.9986310746064335,368947314.5451785,0.5557630579841923,-0.2297843222966004,0.3379478120096304,9.0,,,,,0.2915042420724589,0.08779473359175705,0.08068878470970069,0.3597912517020693,5,9,False,0.08959339537251054,0.07716291557214183,,False,,0.07710186385375228,0.07079962454744558,,,0.8064222266071422,0.7718720275232221,55.00000000000001,0.12236933886443162,1.0833544318914412,260.0,sbc_unreported;gm_derived,31.8799991607666,833130367.0,26560195400.769173,33023195400.769173,17473000000.0,6463000000.0,2750000000.0,1025000000.0,,1166000000.0,6421000000.0,22373000000.0,2559000000.0,1725000000.0,1725000000.0,1584000000.0,3725000000.0,1602000000.0,1975346909.4393868,0.22807858169621467,0.11305138839577558,12.904726612258372,19.143881391750245,0.052236011054212564,20.84797689442498,0.04796628493325954,16.579397878133065,1.0767790262172285,1.723758389261745,3020000000.0,,0.1728380930578607,5.0,0.14646390122276373,0.14040666459845066,40.0,-0.1266233722891515,0.9248968931020529,260.0,[],True,0.8,ig,Energy,63.63636363636363,,,90.9090909090909,72.72727272727273,70.0,27.272727272727266,45.45454545454546,63.63636363636363,1.0,26.01861779907666,"{'profitability': 43.7, 'growth': 69.5, 'balance': 42.5, 'stability': 50.9}",51.51993291007422,False,-0.02009449392278162,19.53245906065418,,38.76927535457544,,False,"{""floor"": false, ""depressed_arms"": {""self_pct"": false, ""self_z"": false, ""median_ratio"": false}, ""yield_arm"": true, ""residual_arm"": false, ""brakes"": {""gm"": false, ""fcf_margin"": false, ""roic"": false}, ""self_pct"": 40.0, ""self_z"": -0.1266233722891515, ""median_ratio"": 0.9248968931020529, ""fcf_yield"": 0.052236011054212564, ""yield_threshold"": 0.0495, ""gs10"": 0.0495, ""residual_pct"": null, ""brake_values"": {""gm"": null, ""fcf_margin"": null, ""roic"": 0.7718720275232221}}",False,"{""floor"": false, ""mom_sector_pct"": 63.63636363636363, ""eps_rev_proxy"": null}"
NSC,702165,Norfolk Southern,Industrials,Rail Transportation,Transportation,69.57973990417523,5.9986310746064335,361670506.7379056,0.11699829932060779,-0.1153626577162824,0.05190284782318311,10.0,,,0.16267952915802913,0.1770935960591133,0.3349688981010178,0.22648182573995249,0.23546488819144762,0.16166143898365332,5,9,False,0.044676419652051935,0.0013031785833279574,0.03632848470094219,False,,0.13006379585326955,0.1850877192982456,,0.7995092961384452,0.8172298977789247,0.8924957161320612,86.53846153846155,1.5192996613171657,1.3751659386290112,260.0,sbc_unreported,310.260009765625,224608373.0,69686996000.42114,79980996000.42114,26547000000.0,10294000000.0,3732000000.0,2101000000.0,,1411000000.0,10294000000.0,12540000000.0,4036000000.0,1631000000.0,1631000000.0,2321000000.0,5447000000.0,2636000000.0,3163513529.5866785,0.21617603330359797,0.11916651710500917,19.816896927755487,49.03801103643234,0.020392344201257656,34.45971391659679,0.02901939355678665,26.43664491669998,0.6187405159332322,1.88984762254452,,,0.0,6.0,0.1335205479993321,0.1345420065213395,67.6923076923077,0.4260459651683468,1.3961810252784856,260.0,[],True,0.9,ig,Transportation,36.36363636363637,77.77777777777779,,22.727272727272727,77.27272727272727,9.090909090909092,33.33333333333334,36.36363636363637,56.25,1.0,18.817269754467137,"{'profitability': 55.8, 'growth': 19.2, 'balance': 37.0, 'stability': 48.0}",30.218283531170336,False,0.6178621861678861,26.43618053324232,,24.51777664281874,,False,"{""floor"": false, ""depressed_arms"": {""self_pct"": false, ""self_z"": false, ""median_ratio"": false}, ""yield_arm"": false, ""residual_arm"": false, ""brakes"": {""gm"": false, ""fcf_margin"": false, ""roic"": false}, ""self_pct"": 67.6923076923077, ""self_z"": 0.4260459651683468, ""median_ratio"": 1.3961810252784856, ""fcf_yield"": 0.020392344201257656, ""yield_threshold"": 0.0495, ""gs10"": 0.0495, ""residual_pct"": null, ""brake_values"": {""gm"": null, ""fcf_margin"": 0.7995092961384452, ""roic"": 0.8924957161320612}}",False,"{""floor"": false, ""mom_sector_pct"": 56.25, ""eps_rev_proxy"": null}"
EQT,33213,EQT Corporation,Energy,Oil & Gas Exploration & Production,Energy,3.997262149212868,5.9986310746064335,361600247.98290527,-0.0037417331999155534,-0.2540533474734614,-0.09547619372365901,9.0,0.7158915877091989,0.08492974253602878,0.18301839434077882,0.16065875969380466,0.6070538951430415,0.16221704033317605,0.2021840451833086,0.7327384028999501,5,9,False,0.26673595375868553,0.4177006151182334,,False,0.8374337384448007,0.3863223019934941,0.3640140790270445,1.1697773138032364,2.110838658513007,2.243994085204609,1.1557025688113116,33.76623376623377,-0.432681823688417,0.5446917625365855,231.0,gm_derived,50.09000015258789,625516000.0,31332096535.446167,40944934535.44617,34871714000.0,9612838000.0,6246145000.0,2487812000.0,74627000.0,2700528000.0,6008317000.0,9535318000.0,4049329000.0,3758333000.0,3683706000.0,3470990000.0,6749857000.0,2711615000.0,3147924314.952893,0.22260593916846647,0.09027156838212463,10.111535648362029,11.115147228211526,0.08996731932276027,11.79632742688575,0.08477214677178571,11.554773275500455,1.3860127636113533,0.8901398948155494,2062462000.0,193100000.0,0.06468170735743015,1.0,0.07810968913478553,0.08140954768869922,25.71428571428571,-0.048006418229727475,0.5947388562646073,245.0,[],True,1.0,ig,Energy,18.181818181818183,100.0,100.0,27.27272727272727,72.72727272727273,90.0,45.45454545454546,63.63636363636363,18.181818181818183,1.0,31.925914189779512,"{'profitability': 52.5, 'growth': 100.0, 'balance': 70.3, 'stability': 44.3}",72.63429637709886,False,-0.5486683832450763,19.239725470995435,,52.280105283439184,,False,"{""floor"": false, ""depressed_arms"": {""self_pct"": false, ""self_z"": false, ""median_ratio"": true}, ""yield_arm"": true, ""residual_arm"": false, ""brakes"": {""gm"": true, ""fcf_margin"": true, ""roic"": true}, ""self_pct"": 25.71428571428571, ""self_z"": -0.048006418229727475, ""median_ratio"": 0.5947388562646073, ""fcf_yield"": 0.08996731932276027, ""yield_threshold"": 0.0495, ""gs10"": 0.0495, ""residual_pct"": null, ""brake_values"": {""gm"": 1.1697773138032364, ""fcf_margin"": 2.110838658513007, ""roic"": 1.1557025688113116}}",False,"{""floor"": false, ""mom_sector_pct"": 18.181818181818183, ""eps_rev_proxy"": null}"
JBL,898293,Jabil,Information Technology,Electronic Manufacturing Services,Technology Hardware and Equipment,2.7898699520876113,5.9986310746064335,359719287.6857985,0.5386389441997663,-0.22079211502001495,0.4852322225296448,7.0,0.08464506764772181,0.062153577068021645,,,0.5350708829097841,0.026355255314265073,0.023341594144429715,0.20462466395087145,8,9,False,0.01794613089068231,,,False,0.09225960107174755,0.03888061923191426,0.03453408752604942,1.089958383112364,,1.310330221212369,0.8919975841394582,75.76923076923077,1.0989647772937179,1.4259293402172422,260.0,sbc_unreported,299.7900085449219,104787089.0,31414122306.70749,34317522306.70749,4226400000.0,2903400000.0,1857000000.0,551000000.0,,697000000.0,2899400000.0,33590000000.0,1439000000.0,1306000000.0,1306000000.0,1160000000.0,2136000000.0,862000000.0,1063501287.553648,0.2609442060085837,0.2516328997618891,23.84817394489749,26.27681646761676,0.038056360489193516,29.58407095405818,0.033801974094536356,36.443297339567856,1.5150812064965198,1.3573970037453182,1228000000.0,627000000.0,0.43890781752791974,9.0,0.2821004274407854,0.23952776036879278,56.92307692307692,0.06795179060785667,1.080826330889589,260.0,['fcf_cagr5 gate'],False,0.9,ig,Technology Hardware and Equipment,66.66666666666666,,10.0,61.904761904761905,9.523809523809524,85.71428571428571,35.0,71.42857142857143,72.88135593220339,1.0,27.835348583490738,"{'profitability': 57.8, 'growth': 15.0, 'balance': 54.8, 'stability': 63.2}",48.845479575329485,False,-0.3263233182141603,36.41607745724978,,38.34041407941011,,False,"{""floor"": false, ""depressed_arms"": {""self_pct"": false, ""self_z"": false, ""median_ratio"": false}, ""yield_arm"": false, ""residual_arm"": false, ""brakes"": {""gm"": true, ""fcf_margin"": false, ""roic"": false}, ""self_pct"": 56.92307692307692, ""self_z"": 0.06795179060785667, ""median_ratio"": 1.080826330889589, ""fcf_yield"": 0.038056360489193516, ""yield_threshold"": 0.0495, ""gs10"": 0.0495, ""residual_pct"": null, ""brake_values"": {""gm"": 1.089958383112364, ""fcf_margin"": null, ""roic"": 0.8919975841394582}}",False,"{""floor"": false, ""mom_sector_pct"": 72.88135593220339, ""eps_rev_proxy"": null}"
YUM,1041061,Yum! Brands,Consumer Discretionary,Restaurants,Consumer Services,28.98836413415469,5.9986310746064335,359552705.2487483,0.014440267008165364,-0.17904714983304393,-0.07529067888971075,9.0,0.7298263084733565,0.02613959142766898,0.18254109599548318,0.18055371572393694,0.11676701120753127,0.19835463402640796,0.19149236856981344,0.12169571447002071,6,9,False,0.07763207419433016,0.07437202978281343,0.10302388113102201,False,0.6812657647328595,0.18470534281128181,0.20396698005044714,0.9334628757874247,1.0118562168370688,1.028294504192385,-2.4223898574231817,17.307692307692307,-0.9350325719737536,0.9250729225641312,260.0,gm_derived,136.69000244140625,272901085.0,37302849974.912415,46597849974.912415,2188000000.0,9295000000.0,2083000000.0,404000000.0,68000000.0,236000000.0,9229000000.0,8722000000.0,2703000000.0,1679000000.0,1611000000.0,1779000000.0,2939000000.0,2216000000.0,2172441587.790231,0.19628502116528623,0.992889208313634,17.239308166819242,28.924798246376422,0.03457241054828363,26.193282729012036,0.03817772710452922,16.833416053660837,0.7576714801444043,3.1401837359646136,716000000.0,807000000.0,0.6960694698354661,0.0,-0.40988002210751506,-0.42271515920535374,20.384615384615383,-0.6857802507568088,0.9344495068531774,260.0,[],True,1.0,ig,Consumer Services,16.666666666666664,92.3076923076923,100.0,11.538461538461538,50.0,23.076923076923077,44.44444444444444,46.15384615384615,51.515151515151516,1.0,25.04381627016207,"{'profitability': 36.1, 'growth': 63.3, 'balance': 0.0, 'stability': 74.9}",51.707238712766596,False,,,,38.37552749146433,,False,"{""floor"": false, ""depressed_arms"": {""self_pct"": false, ""self_z"": false, ""median_ratio"": false}, ""yield_arm"": false, ""residual_arm"": false, ""brakes"": {""gm"": false, ""fcf_margin"": true, ""roic"": false}, ""self_pct"": 20.384615384615383, ""self_z"": -0.6857802507568088, ""median_ratio"": 0.9344495068531774, ""fcf_yield"": 0.03457241054828363, ""yield_threshold"": 0.0495, ""gs10"": 0.0495, ""residual_pct"": null, ""brake_values"": {""gm"": 0.9334628757874247, ""fcf_margin"": 1.0118562168370688, ""roic"": -2.4223898574231817}}",False,"{""floor"": false, ""mom_sector_pct"": 51.515151515151516, ""eps_rev_proxy"": null}"
FAST,815556,Fastenal,Industrials,Trading Companies & Distributors,Capital Goods,18.04517453798768,5.9986310746064335,358416422.5331536,0.05842521183617455,-0.031153581668849073,0.07176222348432515,10.0,0.45604882678986564,0.010740026583842295,0.12640090375033794,0.12441028359395706,0.24120790474902407,0.12869548647266832,0.13118208322289954,0.2514467744639874,9,9,False,0.07745687030729775,0.023872804151259475,0.034880002371733054,False,0.4470135094977941,0.13102612750588613,0.13830662674011932,0.9801878291066524,1.0365916984635153,1.0746812536389314,1.0544623541883251,91.53846153846153,2.0352292001923336,1.9158848043481858,260.0,,50.224998474121094,1147497573.0,57633063852.98266,57842669852.98266,4278406000.0,209606000.0,1399200000.0,243300000.0,9500000.0,179600000.0,209606000.0,8749400000.0,1775100000.0,1155900000.0,1146400000.0,1210100000.0,1954700000.0,1352100000.0,1351719255.4629421,0.23851092588420816,0.3159399214246946,32.58558382794359,50.45592276080134,0.019819278793903838,47.79990897692972,0.020920541929957286,42.62485308259941,0.8548923896161527,0.10723180027625723,,,0.0,7.0,0.29962181216786077,0.30168585872621995,89.61538461538461,1.9691299544679002,2.2589300659946625,260.0,[],True,1.0,ig,Capital Goods,89.1891891891892,70.73170731707317,87.5,54.87804878048781,64.28571428571429,25.64102564102564,86.48648648648648,17.07317073170732,46.875,1.0,62.14948389495933,"{'profitability': 74.9, 'growth': 42.2, 'balance': 96.4, 'stability': 86.9}",14.897522091725897,True,0.5792567556277164,28.27119333592564,74.32432432432432,38.52350299334262,2.0,False,"{""floor"": true, ""depressed_arms"": {""self_pct"": false, ""self_z"": false, ""median_ratio"": false}, ""yield_arm"": false, ""residual_arm"": false, ""brakes"": {""gm"": true, ""fcf_margin"": true, ""roic"": true}, ""self_pct"": 89.61538461538461, ""self_z"": 1.9691299544679002, ""median_ratio"": 2.2589300659946625, ""fcf_yield"": 0.019819278793903838, ""yield_threshold"": 0.0495, ""gs10"": 0.0495, ""residual_pct"": 74.32432432432432, ""brake_values"": {""gm"": 0.9801878291066524, ""fcf_margin"": 1.0365916984635153, ""roic"": 1.0544623541883251}}",False,"{""floor"": true, ""mom_sector_pct"": 46.875, ""eps_rev_proxy"": 2.0}"
MLM,916076,Martin Marietta Materials,Materials,Construction Materials,Materials,12.251882272416154,5.9986310746064335,349443308.78788596,-0.18448347315609837,-0.30257468427748047,-0.24088223810281706,10.0,0.27487298422544315,0.10767696042187586,0.11783543538828958,0.12404876246767639,0.2336379484486437,0.1361723808866464,0.14623807841752032,0.292983570773367,6,9,False,0.053912684057572546,0.07213040966121098,0.11953645731518026,False,0.28154904306220097,0.11363636363636363,0.11692583732057417,1.024287795526978,0.9643649489808458,0.8586604461142999,0.6671446954227355,55.38461538461539,0.13446950019206022,1.0367386908452911,260.0,,479.1700134277344,60065839.0,28781748880.17813,35318748880.17813,18083000000.0,6537000000.0,1519000000.0,709000000.0,50000000.0,687000000.0,6535000000.0,6688000000.0,1318000000.0,810000000.0,760000000.0,782000000.0,2005000000.0,2457610000.0,1052014479.6380091,0.20180995475113123,0.05817698831156385,26.797229802866564,46.472038000234384,0.0215183160246804,45.16464051173674,0.022141214646447464,11.711275947029078,0.3295885026509495,3.2593516209476308,3959000000.0,459000000.0,0.24431786761046287,1.0,0.08720295418777192,0.07610998809376278,34.23076923076923,-0.15011679026565233,0.955907662020559,260.0,[],True,1.0,ig,Materials,25.0,92.85714285714286,57.14285714285714,28.57142857142857,71.42857142857143,9.090909090909092,18.181818181818173,25.0,14.285714285714285,1.0,18.669386728094644,"{'profitability': 37.3, 'growth': 52.5, 'balance': 0.0, 'stability': 60.9}",37.35975012655306,False,0.523233295446826,27.539394392262352,,28.01456842732385,,False,"{""floor"": false, ""depressed_arms"": {""self_pct"": false, ""self_z"": false, ""median_ratio"": false}, ""yield_arm"": false, ""residual_arm"": false, ""brakes"": {""gm"": true, ""fcf_margin"": true, ""roic"": false}, ""self_pct"": 34.23076923076923, ""self_z"": -0.15011679026565233, ""median_ratio"": 0.955907662020559, ""fcf_yield"": 0.0215183160246804, ""yield_threshold"": 0.0495, ""gs10"": 0.0495, ""residual_pct"": null, ""brake_values"": {""gm"": 1.024287795526978, ""fcf_margin"": 0.9643649489808458, ""roic"": 0.6671446954227355}}",False,"{""floor"": false, ""mom_sector_pct"": 14.285714285714285, ""eps_rev_proxy"": null}"
KDP,1418135,Keurig Dr Pepper,Consumer Staples,Soft Drinks & Non-alcoholic Beverages,Food Beverage and Tobacco,4.2819986310746065,5.9986310746064335,347028572.32524824,0.29203493584551166,-0.07447517601504083,0.22553150684159418,11.0,0.5428192640639168,0.021830910100845466,0.11976218223395219,0.10149175949449547,0.3335401210434496,0.11251242293474224,0.10201289818252883,0.3714618791287085,9,10,False,0.07401671198285564,-0.0548108666739644,-0.07058667963172871,False,0.49392732702837233,0.09238427078148333,0.08073668491786959,0.9099296206448055,0.7713976904747206,0.7175801819208645,0.7086703368284221,65.0,0.5626887669195015,1.2503424829099161,260.0,,30.690000534057617,1360826038.0,41763751832.97951,76609751832.9795,59878000000.0,34846000000.0,2527000000.0,557000000.0,114000000.0,791000000.0,30650000000.0,20090000000.0,3260000000.0,1970000000.0,1856000000.0,1622000000.0,4051000000.0,1427000000.0,2472704211.0603757,0.24150177574835108,0.041295704784067196,23.49992387514709,41.27680594449327,0.024226680750074118,47.23165957643619,0.021172239319299686,29.266819784848987,1.3805185704274703,7.566033078252284,29760000000.0,38113000000.0,1.1335214937038645,2.0,0.05827209442528904,0.058893988089081487,65.38461538461539,0.34368944965953746,1.1565351599135993,260.0,['fcf_cagr5 gate'],False,1.0,ig,Food Beverage and Tobacco,18.181818181818183,50.0,71.42857142857143,18.181818181818183,100.0,69.23076923076923,0.0,14.285714285714292,81.48148148148148,1.0,15.81608606490749,"{'profitability': 28.8, 'growth': 30.8, 'balance': 0.0, 'stability': 76.1}",25.511165319247162,False,0.7583885208306205,19.33490906604893,,20.663625692077325,,False,"{""floor"": false, ""depressed_arms"": {""self_pct"": false, ""self_z"": false, ""median_ratio"": false}, ""yield_arm"": false, ""residual_arm"": false, ""brakes"": {""gm"": false, ""fcf_margin"": false, ""roic"": false}, ""self_pct"": 65.38461538461539, ""self_z"": 0.34368944965953746, ""median_ratio"": 1.1565351599135993, ""fcf_yield"": 0.024226680750074118, ""yield_threshold"": 0.0495, ""gs10"": 0.0495, ""residual_pct"": null, ""brake_values"": {""gm"": 0.9099296206448055, ""fcf_margin"": 0.7713976904747206, ""roic"": 0.7086703368284221}}",False,"{""floor"": false, ""mom_sector_pct"": 81.48148148148148, ""eps_rev_proxy"": null}"
ECL,31462,Ecolab,Materials,Specialty Chemicals,Materials,37.667351129363446,5.9986310746064335,342980304.6361985,0.018037168533064696,-0.11317392446504726,-0.008570532755220128,10.0,0.4122314531465502,0.058994399159062974,0.09832274117298731,0.10440505454288429,0.19004241455634815,0.09168585194894763,0.09092570593073197,0.28901504256194954,7,9,False,0.0640436792245791,0.06789096606222178,0.1377524450097658,False,0.44113997328187615,0.1032328929790708,0.11222799465637524,1.0701269151460135,1.0499391264676465,1.2240492101100382,1.5469909008737963,18.846153846153847,-0.6930683986918459,0.8333205248870321,260.0,gm_derived,271.260009765625,280328603.0,76041939587.36401,77663939587.36401,11677500000.0,1622000000.0,3056800000.0,1182300000.0,135800000.0,1030800000.0,1593100000.0,16842500000.0,2852100000.0,1874500000.0,1738700000.0,1890200000.0,3882900000.0,2116400000.0,2314043639.9589305,0.18865269802639084,0.19816258959185876,27.230440583206764,44.667820548320016,0.022387481361850564,41.087683624676764,0.024338193633271946,35.92985238488188,0.8857021357021357,0.41028612634886297,9419300000.0,3419100000.0,1.0994134018411474,7.0,0.1280955107621702,0.11975987834425743,45.76923076923077,-0.08434274845250139,0.9852300348919673,260.0,[],True,1.0,ig,Materials,50.0,85.71428571428571,92.85714285714286,71.42857142857143,71.42857142857143,45.45454545454545,90.9090909090909,16.666666666666657,35.714285714285715,1.0,46.020402164907935,"{'profitability': 50.6, 'growth': 55.0, 'balance': 86.3, 'stability': 73.5}",31.035393344725378,False,0.47439927496164636,27.79494220740071,,38.52789775481666,,False,"{""floor"": false, ""depressed_arms"": {""self_pct"": false, ""self_z"": false, ""median_ratio"": false}, ""yield_arm"": false, ""residual_arm"": false, ""brakes"": {""gm"": true, ""fcf_margin"": true, ""roic"": true}, ""self_pct"": 45.76923076923077, ""self_z"": -0.08434274845250139, ""median_ratio"": 0.9852300348919673, ""fcf_yield"": 0.022387481361850564, ""yield_threshold"": 0.0495, ""gs10"": 0.0495, ""residual_pct"": null, ""brake_values"": {""gm"": 1.0701269151460135, ""fcf_margin"": 1.0499391264676465, ""roic"": 1.5469909008737963}}",False,"{""floor"": false, ""mom_sector_pct"": 35.714285714285715, ""eps_rev_proxy"": null}"
GWW,277135,W. W. Grainger,Industrials,Industrial Machinery & Supplies & Components,Capital Goods,45.256673511293634,5.9986310746064335,336243622.9837684,0.396036431302099,-0.07944528886039615,0.3509139830774253,10.0,0.38501363649632897,0.03073839873086191,0.0735323418550858,0.07061643072121279,0.2713268723028499,0.08411296839854662,0.09034667261174897,0.2931040678990064,9,9,False,0.08747643442914854,,,False,0.39395065003979834,0.0765189705492173,0.09418944016980632,1.023212200026984,1.0406165317027087,1.119796887009326,0.9642691974591847,,,,,,1281.6800537109375,47100942.0,60368337872.39575,62958337872.39575,6721000000.0,2590000000.0,2175000000.0,665000000.0,68000000.0,332000000.0,2208000000.0,18845000000.0,2745000000.0,1510000000.0,1442000000.0,1775000000.0,3077000000.0,1870000000.0,2025268156.424581,0.2621973929236499,0.3013343485232229,22.93564221216603,43.66042848293741,0.022904035410252606,35.46948612529338,0.028193247471011356,32.282533621602006,0.8074866310160428,0.7175820604484888,354000000.0,288000000.0,0.09552149977681892,10.0,0.31250023262925775,0.3254863215931069,83.84615384615385,1.369837166929918,1.2430134394526442,260.0,['fcf_cagr5 gate'],False,1.0,ig,Capital Goods,91.8918918918919,31.70731707317073,68.75,87.8048780487805,64.28571428571429,15.384615384615385,81.08108108108108,48.78048780487805,85.9375,1.0,58.63746434067693,"{'profitability': 64.1, 'growth': 72.9, 'balance': 76.1, 'stability': 83.4}",27.973442070922175,False,0.4335879245993164,28.29978593705745,,43.30545320579955,,False,"{""floor"": false, ""depressed_arms"": {""self_pct"": false, ""self_z"": false, ""median_ratio"": false}, ""yield_arm"": false, ""residual_arm"": false, ""brakes"": {""gm"": true, ""fcf_margin"": true, ""roic"": true}, ""self_pct"": 83.84615384615385, ""self_z"": 1.369837166929918, ""median_ratio"": 1.2430134394526442, ""fcf_yield"": 0.022904035410252606, ""yield_threshold"": 0.0495, ""gs10"": 0.0495, ""residual_pct"": null, ""brake_values"": {""gm"": 1.023212200026984, ""fcf_margin"": 1.0406165317027087, ""roic"": 0.9642691974591847}}",False,"{""floor"": false, ""mom_sector_pct"": 85.9375, ""eps_rev_proxy"": null}"
ODFL,878927,Old Dominion,Industrials,Cargo Ground Transportation,Transportation,6.8145106091718,5.9986310746064335,333893590.4151306,0.32332224804877696,-0.27415415083252714,0.2680029410115985,10.0,,,0.14514518194104437,0.14385462031856797,0.12210334464329892,0.20344635911682984,0.21036873916666327,0.1524441185992953,5,9,False,0.06481850942440892,0.06172005206375064,0.08490900369337329,False,,0.1989769936922881,,,1.3708825262495405,,0.805290335379538,,,,,sbc_unreported,178.10000610351562,207356622.0,36930215643.80438,36767673643.80438,4384810000.0,-162542000.0,1394102000.0,279332000.0,,,-162542000.0,5602507000.0,1447737000.0,1114770000.0,1114770000.0,,,1089276000.0,1087130629.5296962,0.2490827895331154,0.24793106874179183,25.396652599059347,32.98229558007875,0.030319296532046073,,,33.903451139843696,1.0234045365912772,,19463000.0,,0.004438732807122771,7.0,0.30787786447845605,0.3093586046972486,44.230769230769226,-0.29983007908791554,0.9197290661463039,260.0,[],True,0.8,ig,Transportation,90.9090909090909,66.66666666666666,,54.54545454545454,77.27272727272727,63.63636363636363,,0.0,78.125,0.7,42.07263789285463,"{'profitability': 78.8, 'growth': 52.7, 'balance': None, 'stability': 62.2}",29.180895342592542,False,0.20116999471824482,26.97204408135232,,35.62676661772359,,False,"{""floor"": false, ""depressed_arms"": {""self_pct"": false, ""self_z"": false, ""median_ratio"": false}, ""yield_arm"": false, ""residual_arm"": false, ""brakes"": {""gm"": false, ""fcf_margin"": true, ""roic"": false}, ""self_pct"": 44.230769230769226, ""self_z"": -0.29983007908791554, ""median_ratio"": 0.9197290661463039, ""fcf_yield"": 0.030319296532046073, ""yield_threshold"": 0.0495, ""gs10"": 0.0495, ""residual_pct"": null, ""brake_values"": {""gm"": null, ""fcf_margin"": 1.3708825262495405, ""roic"": 0.805290335379538}}",False,"{""floor"": false, ""mom_sector_pct"": 78.125, ""eps_rev_proxy"": null}"
PAYX,723531,Paychex,Industrials,Human Resource & Employment Services,Commercial and Professional Services,28.00273785078713,5.9986310746064335,333432261.1245376,0.01974685780794716,-0.20623429147373729,-0.1551123968412903,10.0,0.7134709981142798,0.016067728499474694,0.31775762531684204,0.30810276679841897,0.17070918173415253,0.3060057175456143,0.29894239194669164,0.1414088914702114,9,9,False,0.09528106546435477,0.15249578779376405,0.14715628981229933,False,0.7353742135411776,0.3017654239834726,0.26921150655773624,1.0306995175484195,0.949671699247427,0.8797597270959704,0.6397975690248965,26.53846153846154,-0.7823137903727276,0.8652024073705301,260.0,gm_derived,100.83999633789062,355980473.0,35897069593.68057,39605769593.68057,7414200000.0,3708700000.0,2251800000.0,235100000.0,88600000.0,443100000.0,3708700000.0,6389400000.0,2587800000.0,2016700000.0,1928100000.0,1720100000.0,3030900000.0,1805900000.0,1965004540.8678102,0.24066599394550958,0.26503257814299724,15.304803150815586,20.541346192459194,0.04868230108341701,23.025271550305547,0.04343054099558404,19.877661882540878,1.11672850102442,1.2236299449008545,4534100000.0,105100000.0,0.6257182163955652,10.0,0.4142444281977008,0.5074994648857736,10.76923076923077,-1.1694761684110926,0.7902180713848597,260.0,[],True,1.0,ig,Commercial and Professional Services,100.0,90.9090909090909,100.0,90.9090909090909,63.63636363636363,36.36363636363637,36.36363636363637,72.72727272727273,40.625,1.0,76.0860171270722,"{'profitability': 100.0, 'growth': 89.7, 'balance': 59.2, 'stability': 89.9}",66.21010618576011,True,-0.12008609424985206,23.162297213963672,31.08108108108108,71.14806165641616,4.0,False,"{""floor"": true, ""depressed_arms"": {""self_pct"": true, ""self_z"": true, ""median_ratio"": true}, ""yield_arm"": false, ""residual_arm"": false, ""brakes"": {""gm"": true, ""fcf_margin"": false, ""roic"": false}, ""self_pct"": 10.76923076923077, ""self_z"": -1.1694761684110926, ""median_ratio"": 0.7902180713848597, ""fcf_yield"": 0.04868230108341701, ""yield_threshold"": 0.0495, ""gs10"": 0.0495, ""residual_pct"": 31.08108108108108, ""brake_values"": {""gm"": 1.0306995175484195, ""fcf_margin"": 0.949671699247427, ""roic"": 0.6397975690248965}}",False,"{""floor"": true, ""mom_sector_pct"": 40.625, ""eps_rev_proxy"": 4.0}"
KMI,1506307,Kinder Morgan,Energy,Oil & Gas Storage & Transportation,Energy,14.354551676933607,5.9986310746064335,333344930.83369195,0.1476558987676253,-0.0880330941191928,0.11585782812338685,10.0,,,,,0.17402457470255972,0.231313038682341,0.22786475463754768,0.13619847775554514,4,9,False,0.08527968679767972,0.0033541386493711745,0.07741120732456874,False,,0.19394460480255482,0.250383835902475,,,1.0824458375920765,1.2291928368168543,61.92307692307693,0.5327262371682823,1.0985201861443519,260.0,sbc_unreported;gm_derived,30.530000686645508,2226802089.0,67984269306.19365,101608269306.19365,65255000000.0,33624000000.0,6557000000.0,3399000000.0,,2480000000.0,32376000000.0,16283000000.0,5217000000.0,3158000000.0,3158000000.0,4077000000.0,7697000000.0,3467000000.0,4050606785.558939,0.22357546759460636,0.06207350832210465,19.476379012113025,32.174879450979624,0.0310801475270035,24.922312805051178,0.040124686975172026,19.608961438186803,0.9108739544274589,4.206314148369494,20084000000.0,1872000000.0,0.33646463872500193,0.0,0.050499406165473285,0.0516922231007157,71.92307692307692,1.7166381295498514,1.6262468643070833,260.0,[],True,0.8,ig,Energy,9.090909090909092,,,9.090909090909092,95.45454545454545,40.0,9.090909090909093,9.090909090909093,27.27272727272727,1.0,16.314420856184977,"{'profitability': 51.7, 'growth': 36.9, 'balance': 0.0, 'stability': 51.4}",23.881104219416333,False,0.5246851739445253,19.039215634799078,,20.097762537800655,,False,"{""floor"": false, ""depressed_arms"": {""self_pct"": false, ""self_z"": false, ""median_ratio"": false}, ""yield_arm"": false, ""residual_arm"": false, ""brakes"": {""gm"": false, ""fcf_margin"": false, ""roic"": true}, ""self_pct"": 71.92307692307692, ""self_z"": 1.7166381295498514, ""median_ratio"": 1.6262468643070833, ""fcf_yield"": 0.0310801475270035, ""yield_threshold"": 0.0495, ""gs10"": 0.0495, ""residual_pct"": null, ""brake_values"": {""gm"": null, ""fcf_margin"": null, ""roic"": 1.2291928368168543}}",False,"{""floor"": false, ""mom_sector_pct"": 27.27272727272727, ""eps_rev_proxy"": null}"
LYV,1335258,Live Nation Entertainment,Communication Services,Movies & Entertainment,Media and Entertainment,6.776180698151951,5.9986310746064335,331484714.8263568,0.10990271155853226,-0.1146662413270596,0.06736181093861471,9.0,,,0.0786699019674674,0.04181243218440444,0.4196958479622363,0.07273742987591972,0.04601754433318038,0.26441659183633937,8,9,True,0.6839429426424875,-0.3269840566073986,,False,,0.04638958516945548,0.0668616484857666,,0.5896738652177183,0.9192192877837942,1.1119702071745268,44.921875,-0.066947689768873,0.9498447910027803,256.0,,166.85000610351562,235633860.0,39315510979.19495,42367270979.19495,3134090000.0,3051760000.0,2608702000.0,1226000000.0,163930000.0,688147000.0,2378527000.0,26272535000.0,801196000.0,1382702000.0,1218772000.0,1756625000.0,1489343000.0,134700000.0,589692373.1020703,0.2639848762324446,0.18815425629196045,52.880033074547235,34.76226150518304,0.028766828068734835,24.11856314193123,0.04146183975037278,291.8746175144391,10.26504825538233,1.5970310398612007,3063726000.0,1574955000.0,1.480072684575108,5.0,0.16920800132770925,0.21116699069120004,58.07692307692308,0.1336915076647925,1.20248590015588,260.0,['fcf_cagr5 gate'],False,0.9,ig,Media and Entertainment,37.5,22.22222222222222,,50.0,33.33333333333333,87.5,33.33333333333334,0.0,90.9090909090909,1.0,33.07539879173548,"{'profitability': 55.4, 'growth': 50.0, 'balance': 46.8, 'stability': 64.6}",23.77898459083322,False,0.08710068125604842,31.862560790073793,,28.42719169128435,,False,"{""floor"": false, ""depressed_arms"": {""self_pct"": false, ""self_z"": false, ""median_ratio"": false}, ""yield_arm"": false, ""residual_arm"": false, ""brakes"": {""gm"": false, ""fcf_margin"": false, ""roic"": true}, ""self_pct"": 58.07692307692308, ""self_z"": 0.1336915076647925, ""median_ratio"": 1.20248590015588, ""fcf_yield"": 0.028766828068734835, ""yield_threshold"": 0.0495, ""gs10"": 0.0495, ""residual_pct"": null, ""brake_values"": {""gm"": null, ""fcf_margin"": 0.5896738652177183, ""roic"": 1.1119702071745268}}",False,"{""floor"": false, ""mom_sector_pct"": 90.9090909090909, ""eps_rev_proxy"": null}"
A,1090872,Agilent Technologies,Health Care,Life Sciences Tools & Services,Pharmaceuticals Biotechnology and Life Sciences,26.324435318275153,5.9986310746064335,330995049.99077904,0.0714899510843856,-0.03536084754765667,0.18385215747283956,10.0,0.5314232302392261,0.026379493077951458,0.17132632313655516,0.187846178192752,0.1269690657751401,0.17429053705356717,0.16679854407342934,0.16761270621811228,7,9,False,0.05409554484855006,0.0751167353183495,0.16614907507492327,False,0.5382528486163863,0.1540965816603364,0.16372761801410743,1.012851561596368,0.8994331918132287,0.9393947645234848,0.926029450579723,71.92307692307692,0.6902432318708038,1.1617185420623648,260.0,gm_derived,166.67999267578125,281928854.0,46991899319.8114,48456899319.8114,8828000000.0,1465000000.0,1609000000.0,342000000.0,131000000.0,271000000.0,1465000000.0,7372000000.0,1639000000.0,1267000000.0,1136000000.0,1207000000.0,1910000000.0,1440000000.0,1423498190.5910738,0.13148371531966224,0.16124809589839983,29.56491721770067,42.655721232228345,0.023443514049516393,40.14656115974432,0.024908733677611167,32.6332634165357,0.8798611111111111,0.7670157068062827,5030000000.0,547000000.0,0.631739918441323,10.0,0.17412847485299043,0.17487574576827336,80.0,1.0807815425312035,1.2145790792477016,260.0,[],True,1.0,ig,Pharmaceuticals Biotechnology and Life Sciences,75.0,41.66666666666667,22.22222222222222,100.0,62.5,33.33333333333333,66.66666666666667,60.0,35.714285714285715,1.0,53.48186151907408,"{'profitability': 71.1, 'growth': 53.8, 'balance': 74.4, 'stability': 79.9}",32.692628682940025,False,0.22090878677914638,34.20092265572873,,43.087245101007056,,False,"{""floor"": false, ""depressed_arms"": {""self_pct"": false, ""self_z"": false, ""median_ratio"": false}, ""yield_arm"": false, ""residual_arm"": false, ""brakes"": {""gm"": true, ""fcf_margin"": false, ""roic"": true}, ""self_pct"": 80.0, ""self_z"": 1.0807815425312035, ""median_ratio"": 1.2145790792477016, ""fcf_yield"": 0.023443514049516393, ""yield_threshold"": 0.0495, ""gs10"": 0.0495, ""residual_pct"": null, ""brake_values"": {""gm"": 1.012851561596368, ""fcf_margin"": 0.8994331918132287, ""roic"": 0.926029450579723}}",False,"{""floor"": false, ""mom_sector_pct"": 35.714285714285715, ""eps_rev_proxy"": null}"
IR,1699150,Ingersoll Rand,Industrials,Industrial Machinery & Supplies & Components,Capital Goods,6.581793292265571,5.9986310746064335,328325931.5340139,-0.08950791447431683,-0.23563428835183997,-0.10274320471234188,10.0,0.4144792856455153,0.05197705480210092,0.1407452964663197,0.1525441451332523,0.2874609963247357,0.08624844939572326,0.10415768079572338,0.5112118859726508,8,9,False,0.140025116890367,0.1481530746442674,,False,0.42820629044849035,0.14649593311676865,0.09548991463322505,1.0331186751144787,1.0408584641535432,1.1071493493767093,,24.23076923076923,-0.06322421017203715,0.9003015607077653,260.0,,75.25,387999429.0,29196957032.25,31112057032.25,12092400000.0,1915100000.0,1349200000.0,129900000.0,55800000.0,535000000.0,1849400000.0,7942200000.0,1435700000.0,1219300000.0,1163500000.0,758400000.0,1970700000.0,959100000.0,1213977990.3881354,0.1544347771901264,0.10039181555258968,21.670305100125375,26.74005761259132,0.037397077242239056,41.02328195180643,0.02437640170220378,30.442036317641538,1.2712960066729226,0.9384482671132085,8541900000.0,4072300000.0,1.0431510700936124,2.0,,,9.230769230769232,-0.9281004128852346,0.8272154080847017,260.0,[],True,0.9,ig,Capital Goods,,82.92682926829268,75.0,15.853658536585366,64.28571428571429,58.97435897435898,70.27027027027027,53.65853658536585,28.125,1.0,54.189363462259735,"{'profitability': 54.4, 'growth': 100.0, 'balance': 68.7, 'stability': 74.9}",57.9549820206219,False,,,,56.072172741440816,,False,"{""floor"": false, ""depressed_arms"": {""self_pct"": true, ""self_z"": false, ""median_ratio"": false}, ""yield_arm"": false, ""residual_arm"": false, ""brakes"": {""gm"": true, ""fcf_margin"": true, ""roic"": false}, ""self_pct"": 9.230769230769232, ""self_z"": -0.9281004128852346, ""median_ratio"": 0.8272154080847017, ""fcf_yield"": 0.037397077242239056, ""yield_threshold"": 0.0495, ""gs10"": 0.0495, ""residual_pct"": null, ""brake_values"": {""gm"": 1.0331186751144787, ""fcf_margin"": 1.0408584641535432, ""roic"": null}}",False,"{""floor"": false, ""mom_sector_pct"": 28.125, ""eps_rev_proxy"": null}"
EW,1099800,Edwards Lifesciences,Health Care,Health Care Equipment,Health Care Equipment and Services,15.50444900752909,5.9986310746064335,328194113.207928,0.16647206282415894,-0.09727667731267786,0.10535880081400006,10.0,0.7957158320202075,0.03222141342043694,0.1510941901765252,0.18969534050179213,0.45261348512454663,0.1744031032184392,0.21103896103896103,0.49844766179386457,8,9,False,0.06704742515528728,0.15577988481103255,0.08426016693354588,False,0.7783885877493358,0.19433994134176866,0.2129508775701365,0.9782243313836294,1.2862171676801002,1.2210268833543425,0.6447446476090066,1.153846153846154,-0.5614953890875899,0.5720581659092298,260.0,,85.19000244140625,576400000.0,49103517407.22656,45662117407.22656,7176600000.0,-3441400000.0,1720300000.0,286700000.0,168000000.0,165500000.0,-3548300000.0,6512300000.0,1449000000.0,1433600000.0,1265600000.0,1386800000.0,1614500000.0,1004900000.0,1000276100.4514673,0.3096783295711061,0.13938022189497357,31.512848452192245,36.079422730109485,0.0277166297110809,32.926245606595444,0.030370908725764055,48.864083398573555,1.4266096128968055,-2.1977702074945804,1951200000.0,617700000.0,0.3579550204832372,7.0,0.21617895148390298,0.20166235272072994,1.153846153846154,-0.32231609308301257,0.5582828108034803,260.0,[],True,1.0,ig,Health Care Equipment and Services,77.77777777777779,82.75862068965517,90.9090909090909,76.78571428571429,58.333333333333336,68.96551724137932,92.5925925925926,13.333333333333329,50.0,1.0,56.584374467812104,"{'profitability': 72.8, 'growth': 77.9, 'balance': 100.0, 'stability': 68.6}",47.2937123175796,False,0.34883461270724414,25.45438642187678,,51.93904339269585,,False,"{""floor"": false, ""depressed_arms"": {""self_pct"": true, ""self_z"": false, ""median_ratio"": true}, ""yield_arm"": false, ""residual_arm"": false, ""brakes"": {""gm"": true, ""fcf_margin"": true, ""roic"": false}, ""self_pct"": 1.153846153846154, ""self_z"": -0.32231609308301257, ""median_ratio"": 0.5582828108034803, ""fcf_yield"": 0.0277166297110809, ""yield_threshold"": 0.0495, ""gs10"": 0.0495, ""residual_pct"": null, ""brake_values"": {""gm"": 0.9782243313836294, ""fcf_margin"": 1.2862171676801002, ""roic"": 0.6447446476090066}}",False,"{""floor"": false, ""mom_sector_pct"": 50.0, ""eps_rev_proxy"": null}"
ROK,1024478,Rockwell Automation,Industrials,Electrical Components & Equipment,Capital Goods,26.55715263518138,5.9986310746064335,323062545.31162864,0.25819401083801674,-0.07554375448855255,0.2832529415804981,10.0,0.4499093353035171,0.08029767995081916,0.11535190609472867,0.1241996025612718,0.28950350089635024,0.10332079278785075,0.1143740340030912,0.3472983741876739,7,9,False,0.05675920504497323,0.06171650501697035,0.04691204613327771,False,0.5453025743898362,0.15769530814666222,,1.2120276944730766,1.3670802112031033,,,50.0,-0.007694506550190229,0.9974339841529704,260.0,,442.45001220703125,111048676.0,49133488051.77466,52263488051.77466,6624000000.0,3130000000.0,1732000000.0,228000000.0,89000000.0,,3128000000.0,8973000000.0,,1504000000.0,1415000000.0,,,1201000000.0,,0.1703422053231939,,,36.93532724507043,0.027074350617360913,,,40.910481308721614,1.2522897585345545,,3814000000.0,743700000.0,0.6880585748792271,3.0,0.21526741675523128,0.20206275421266706,33.84615384615385,-0.4269838918814371,0.8867368203148678,260.0,[],True,0.8,ig,Capital Goods,72.97297297297297,63.41463414634146,84.375,28.04878048780488,64.28571428571429,56.41025641025641,,,71.875,0.7,42.433976177112115,"{'profitability': 74.8, 'growth': 49.4, 'balance': None, 'stability': 66.4}",,False,0.2752670303472251,28.04755438930244,,,,False,"{""floor"": false, ""depressed_arms"": {""self_pct"": false, ""self_z"": false, ""median_ratio"": false}, ""yield_arm"": false, ""residual_arm"": false, ""brakes"": {""gm"": true, ""fcf_margin"": true, ""roic"": false}, ""self_pct"": 33.84615384615385, ""self_z"": -0.4269838918814371, ""median_ratio"": 0.8867368203148678, ""fcf_yield"": 0.027074350617360913, ""yield_threshold"": 0.0495, ""gs10"": 0.0495, ""residual_pct"": null, ""brake_values"": {""gm"": 1.2120276944730766, ""fcf_margin"": 1.3670802112031033, ""roic"": null}}",False,"{""floor"": false, ""mom_sector_pct"": 71.875, ""eps_rev_proxy"": null}"
TRGP,1389170,Targa Resources,Energy,Oil & Gas Storage & Transportation,Energy,3.972621492128679,5.9986310746064335,322258190.025386,0.8255513590328016,-0.06616518937172056,0.7579547219236253,7.0,,,0.05472001113296334,0.04755826478957429,0.43922013435352114,0.1059187685610378,0.11329800813185308,0.24120204818309088,6,9,True,0.19892244153238936,-0.24487298872602725,0.1415505451960304,True,0.4319206761640235,0.039715676612012064,0.15269838425469642,,0.7257980360330617,1.4416555850222235,1.5979054727392372,88.07692307692308,1.5732143286687128,1.3604332980497342,260.0,,279.30999755859375,214431021.0,59892727951.996765,68237227951.996765,12001000000.0,8344500000.0,4285500000.0,3544600000.0,76000000.0,1653100000.0,8205300000.0,16741500000.0,3835700000.0,740900000.0,664900000.0,2556400000.0,5488800000.0,2267600000.0,3017963800.22531,0.21319086471170587,0.25147602701652444,17.79003257606089,102.62780561286925,0.009743947987859956,26.692703783444205,0.037463421019950656,26.412386643145513,0.3267331098959252,1.4949169217315261,118900000.0,2105200000.0,0.18532622281476543,4.0,0.15737853790902118,0.17407039063213398,67.6923076923077,0.6406739633290055,2.0123430968766423,260.0,['fcf_cagr5 gate'],False,0.9,ig,Energy,72.72727272727273,37.5,,68.18181818181817,36.36363636363637,20.0,36.36363636363637,27.272727272727266,81.81818181818183,1.0,24.55623023250498,"{'profitability': 51.5, 'growth': 50.0, 'balance': 50.2, 'stability': 48.5}",24.296491939878294,False,1.6573048265070636,19.566209618525956,,24.426361086191637,,False,"{""floor"": false, ""depressed_arms"": {""self_pct"": false, ""self_z"": false, ""median_ratio"": false}, ""yield_arm"": false, ""residual_arm"": false, ""brakes"": {""gm"": false, ""fcf_margin"": false, ""roic"": true}, ""self_pct"": 67.6923076923077, ""self_z"": 0.6406739633290055, ""median_ratio"": 2.0123430968766423, ""fcf_yield"": 0.009743947987859956, ""yield_threshold"": 0.0495, ""gs10"": 0.0495, ""residual_pct"": null, ""brake_values"": {""gm"": null, ""fcf_margin"": 0.7257980360330617, ""roic"": 1.5979054727392372}}",False,"{""floor"": false, ""mom_sector_pct"": 81.81818181818183, ""eps_rev_proxy"": null}"
OKE,1039684,Oneok,Energy,Oil & Gas Storage & Transportation,Energy,16.550308008213552,5.9986310746064335,321736032.39310443,0.38030286059529295,-0.09790932328251567,0.2606853400353677,8.0,,,,,0.20693149531227414,0.1438497802890443,0.12147253858277082,0.2759074348501827,6,9,False,0.3153108920107406,,,False,0.2721383935375705,0.07382004775694762,0.11751257430269776,,,0.8169117399176703,0.9648464884339715,43.07692307692308,-0.213325968490126,0.9679998908705328,260.0,sbc_unreported,87.16000366210938,630369667.0,54943022484.20267,88167267484.20267,56161245000.0,33224245000.0,6157000000.0,3251000000.0,,1531000000.0,33124245000.0,39366000000.0,6111000000.0,2906000000.0,2906000000.0,4626000000.0,7642000000.0,3656000000.0,4684332286.43216,0.23345896147403686,0.08340862611632203,14.427633363476136,30.33973416524524,0.03296007784885339,19.059072089105634,0.052468451524017815,15.028179016466813,0.7948577680525164,4.334499476576813,8058000000.0,489205000.0,0.15219044734496182,1.0,0.08644756146825117,0.07972214257423045,78.07692307692308,0.8205853158882774,1.2042025578545466,260.0,['fcf_cagr5 gate'],False,0.8,ig,Energy,27.27272727272727,,,27.27272727272727,50.0,30.0,0.0,36.36363636363637,45.45454545454545,1.0,28.074056834483933,"{'profitability': 34.7, 'growth': 100.0, 'balance': 0.0, 'stability': 64.0}",29.222646178640538,False,0.45304484295458414,19.286654288296962,,28.648351506562236,,False,"{""floor"": false, ""depressed_arms"": {""self_pct"": false, ""self_z"": false, ""median_ratio"": false}, ""yield_arm"": false, ""residual_arm"": false, ""brakes"": {""gm"": false, ""fcf_margin"": false, ""roic"": true}, ""self_pct"": 78.07692307692308, ""self_z"": 0.8205853158882774, ""median_ratio"": 1.2042025578545466, ""fcf_yield"": 0.03296007784885339, ""yield_threshold"": 0.0495, ""gs10"": 0.0495, ""residual_pct"": null, ""brake_values"": {""gm"": null, ""fcf_margin"": null, ""roic"": 0.9648464884339715}}",False,"{""floor"": false, ""mom_sector_pct"": 45.45454545454545, ""eps_rev_proxy"": null}"
TSCO,916365,Tractor Supply,Consumer Discretionary,Other Specialty Retail,Consumer Discretionary Distribution and Retail,12.687200547570157,5.9986310746064335,321575835.5442494,-0.3581873693797428,-0.42263833191107036,-0.41798475281826286,10.0,0.3575460802672047,0.01601184912986224,0.03862698400979492,0.03729592078462387,0.1253834212458995,0.06496201953891194,0.06448089148585295,0.09398178637669168,8,8,False,0.07888014810034849,-0.07618568653399116,-0.010010203657942585,False,0.364612128305975,0.01541084714582009,,1.0197626220192084,0.39896584061319035,,0.7053193358074278,,,,,,31.729999542236328,521040137.0,16532603308.496754,22830093308.496754,8929055000.0,6297490000.0,1285820000.0,978839000.0,64249000.0,,6297490000.0,15750724000.0,1340986000.0,306981000.0,242732000.0,,,1011914000.0,1065742924.3977051,0.2052542499342237,0.11935674317133281,17.02485582138572,94.05473241474859,0.010632107224444045,,,16.337952937202918,0.3033666892641074,,425419000.0,80800000.0,0.05669345748234276,7.0,0.16922369359787492,0.1687901774323052,97.3076923076923,3.580790512155459,4.216999545931462,260.0,['fcf_cagr5 gate'],False,0.9,ig,Consumer Discretionary Distribution and Retail,25.0,25.0,55.55555555555556,50.0,55.55555555555556,11.11111111111111,,33.33333333333334,12.121212121212121,0.7,30.308758437190633,"{'profitability': 32.9, 'growth': 32.9, 'balance': None, 'stability': 92.1}",14.551334294992794,False,1.2008112269484332,28.30576928705241,,22.430046366091712,,False,"{""floor"": false, ""depressed_arms"": {""self_pct"": false, ""self_z"": false, ""median_ratio"": false}, ""yield_arm"": false, ""residual_arm"": false, ""brakes"": {""gm"": true, ""fcf_margin"": false, ""roic"": false}, ""self_pct"": 97.3076923076923, ""self_z"": 3.580790512155459, ""median_ratio"": 4.216999545931462, ""fcf_yield"": 0.010632107224444045, ""yield_threshold"": 0.0495, ""gs10"": 0.0495, ""residual_pct"": null, ""brake_values"": {""gm"": 1.0197626220192084, ""fcf_margin"": 0.39896584061319035, ""roic"": 0.7053193358074278}}",False,"{""floor"": false, ""mom_sector_pct"": 12.121212121212121, ""eps_rev_proxy"": null}"
CPRT,900075,Copart,Industrials,Diversified Support Services,Commercial and Professional Services,8.251882272416154,5.9986310746064335,313228658.4444345,-0.2524938868441232,-0.3889386249716097,-0.39503434834215,10.0,,,0.23518490202653944,0.22858842001861795,0.17961547034031505,0.30003093950848403,0.29445860731024165,0.14406224147675753,9,9,False,0.11624966137531545,0.1913919364161869,0.10046187477914459,False,,0.2632353158634772,0.286378299814689,,1.119269619755491,0.9544958939362685,0.8153975474895429,29.615384615384617,-0.2577983361832501,0.8219510641069437,260.0,gm_derived,27.290000915527344,926330452.0,25279558883.16086,23557779883.16086,7375516000.0,-1721779000.0,1604492000.0,337363000.0,38818000.0,229373000.0,-1721779000.0,4666209000.0,1652590000.0,1267129000.0,1228311000.0,1336301000.0,1881963000.0,1484270000.0,1333253374.963283,0.19323402963633876,0.18076747104382704,14.25506621918374,19.17900261673213,0.052140354740218914,17.62909694983455,0.05672440300519109,17.031644433398814,0.8537051884091169,-0.9148846178166096,511297000.0,33556000.0,0.07387320426123406,10.0,0.22169243898313945,0.2097342269818778,20.76923076923077,-0.3371381411020009,0.7255492276568238,260.0,[],True,0.9,ig,Commercial and Professional Services,40.0,81.81818181818183,,90.9090909090909,63.63636363636363,9.090909090909092,90.9090909090909,81.81818181818181,10.9375,1.0,84.41220796087057,"{'profitability': 90.9, 'growth': 98.4, 'balance': 100.0, 'stability': 88.0}",67.25139075475425,True,-0.17369335943298703,22.817081095403797,28.37837837837838,75.83179935781241,-2.0,False,"{""floor"": true, ""depressed_arms"": {""self_pct"": false, ""self_z"": false, ""median_ratio"": true}, ""yield_arm"": true, ""residual_arm"": false, ""brakes"": {""gm"": false, ""fcf_margin"": true, ""roic"": false}, ""self_pct"": 20.76923076923077, ""self_z"": -0.3371381411020009, ""median_ratio"": 0.7255492276568238, ""fcf_yield"": 0.052140354740218914, ""yield_threshold"": 0.0495, ""gs10"": 0.0495, ""residual_pct"": 28.37837837837838, ""brake_values"": {""gm"": null, ""fcf_margin"": 1.119269619755491, ""roic"": 0.8153975474895429}}",False,"{""floor"": true, ""mom_sector_pct"": 10.9375, ""eps_rev_proxy"": -2.0}"
RSG,1060391,Republic Services,Industrials,Environmental & Facilities Services,Commercial and Professional Services,17.82340862422998,5.9986310746064335,309397452.07088697,0.002262718426387922,-0.09900930911082118,-0.06852711183161875,10.0,0.4069916631212635,0.02435463666813785,0.1269890658754349,0.12639224779291983,0.16395739385368735,0.1392949847701031,0.13828592814371257,0.16096989218755384,7,9,False,0.1031904727551265,0.13534847394906713,0.1281187586683934,False,0.42004617843822156,0.15446095553845243,0.15582262743472855,1.0320756332374024,1.2163327171015261,1.1186521014514859,1.1366463408611134,9.615384615384617,-1.1884473922572514,0.9003308656400358,260.0,gm_derived,206.97999572753906,306212978.0,63379960878.15701,77502960878.15701,26155000000.0,14123000000.0,4542000000.0,1889000000.0,44000000.0,1866000000.0,14122000000.0,16891000000.0,3368000000.0,2653000000.0,2609000000.0,2632000000.0,5234000000.0,2185883000.0,2871469578.783151,0.14742589703588144,0.10978664036639844,23.01156795669745,29.706002636319283,0.033663230029387245,29.446413707506466,0.033959992885146506,28.995129601244447,1.213697164944327,2.6981276270538785,17186000000.0,707000000.0,0.6841139361498757,3.0,0.09658821431055244,0.09257919528290706,3.076923076923077,-1.3954616220908909,0.854185779531334,260.0,[],True,1.0,ig,Commercial and Professional Services,20.0,45.45454545454545,42.857142857142854,22.727272727272727,63.63636363636363,63.63636363636363,9.090909090909093,9.090909090909093,35.9375,1.0,39.35223987712966,"{'profitability': 48.4, 'growth': 93.0, 'balance': 10.1, 'stability': 78.3}",45.251773650982514,False,0.2837962708811599,22.36624412325233,,42.30200676405609,,False,"{""floor"": false, ""depressed_arms"": {""self_pct"": true, ""self_z"": true, ""median_ratio"": false}, ""yield_arm"": false, ""residual_arm"": false, ""brakes"": {""gm"": true, ""fcf_margin"": true, ""roic"": true}, ""self_pct"": 3.076923076923077, ""self_z"": -1.3954616220908909, ""median_ratio"": 0.854185779531334, ""fcf_yield"": 0.033663230029387245, ""yield_threshold"": 0.0495, ""gs10"": 0.0495, ""residual_pct"": null, ""brake_values"": {""gm"": 1.0320756332374024, ""fcf_margin"": 1.2163327171015261, ""roic"": 1.1366463408611134}}",False,"{""floor"": false, ""mom_sector_pct"": 35.9375, ""eps_rev_proxy"": null}"
DLTR,935703,Dollar Tree,Consumer Staples,Consumer Staples Merchandise Retail,Consumer Staples Distribution and Retail,14.787132101300479,5.9986310746064335,309130525.5884026,0.46054671333615227,-0.182350819575255,0.27172700640223013,10.0,0.3495958375040161,0.08194804963580872,0.044157082398457184,0.04474034772113994,0.31237948258613824,0.07330954723825153,0.07649633681692333,0.3483962712136354,8,9,False,-0.0533172843938553,-0.10278720660484053,-0.05278279136463293,False,0.35166638403144235,0.09526968388081439,0.11974921942801281,1.0059226864433202,2.157517632644657,1.6334737280375664,1.679704548837779,7.6923076923076925,-0.44429932602566474,0.5102093623257999,260.0,,114.43000030517578,187630299.0,21470535171.830223,28083235171.830223,10038000000.0,6612700000.0,3117000000.0,1138900000.0,68000000.0,648100000.0,6612700000.0,20049400000.0,2201400000.0,1978100000.0,1910100000.0,2400900000.0,2849500000.0,1612500000.0,1659408059.2564988,0.24620329823907575,0.165312617977336,12.756988812496694,14.702494723747565,0.06801566800665423,11.696961627652223,0.0854922869573196,13.315060571677657,1.2267286821705425,2.3206527460958064,422100000.0,2150000000.0,0.25623630205220166,2.0,0.09841767594885606,0.08822435245279006,1.2244897959183674,-0.1304765318045605,0.21835230445500808,245.0,"['rev_cagr5 gate', 'fcf_cagr5 gate']",False,1.0,sector,Consumer Staples,37.5,29.629629629629626,29.166666666666668,14.583333333333334,55.55555555555556,66.66666666666666,40.0,88.88888888888889,96.29629629629629,1.0,13.557651990834701,"{'profitability': 31.0, 'growth': 0.0, 'balance': 22.6, 'stability': 70.6}",81.62455855802463,False,-0.5792076443342964,26.238422203244085,,47.591105274429665,,False,"{""floor"": false, ""depressed_arms"": {""self_pct"": true, ""self_z"": false, ""median_ratio"": true}, ""yield_arm"": true, ""residual_arm"": false, ""brakes"": {""gm"": true, ""fcf_margin"": true, ""roic"": true}, ""self_pct"": 1.2244897959183674, ""self_z"": -0.1304765318045605, ""median_ratio"": 0.21835230445500808, ""fcf_yield"": 0.06801566800665423, ""yield_threshold"": 0.0495, ""gs10"": 0.0495, ""residual_pct"": null, ""brake_values"": {""gm"": 1.0059226864433202, ""fcf_margin"": 2.157517632644657, ""roic"": 1.679704548837779}}",False,"{""floor"": false, ""mom_sector_pct"": 96.29629629629629, ""eps_rev_proxy"": null}"
AME,1037868,Ametek,Industrials,Electrical Components & Equipment,Capital Goods,13.023956194387406,5.9986310746064335,306130602.6483746,0.29973342031337724,-0.020946623582236312,0.3638835698367846,10.0,0.3544529687178088,0.018476239040815922,0.20611686486613917,0.21939231867194084,0.21998293967275948,0.17232143206166506,0.17986422588161027,0.2413487538388577,8,9,False,0.10267547865932358,0.06732421561729329,0.062280551821928265,False,0.3635780767436304,0.22582825391347297,,1.0257441997420154,1.0956321020122988,,1.0583903375298978,72.3076923076923,0.585204200030129,1.080966352591191,260.0,gm_derived,249.08999633789062,229261244.0,57106682428.38025,58916927428.38025,13071008000.0,1810245000.0,1960339000.0,135389000.0,49054000.0,,1810245000.0,7863923000.0,2036991000.0,1824950000.0,1775896000.0,,,1576270000.0,1683451897.2212029,0.17355948199024798,0.1287928136239533,28.9235089543254,33.17588835628902,0.030142372956546135,,,36.228997841981545,1.1577648499305322,,7418304000.0,3634056000.0,0.8455629435771136,10.0,0.12168744276760286,0.12344316333949408,78.07692307692308,0.825408074311359,1.1066300470616683,260.0,[],True,0.9,ig,Capital Goods,32.432432432432435,97.5609756097561,50.0,87.8048780487805,64.28571428571429,48.717948717948715,,26.829268292682926,75.0,0.7,59.61953090395761,"{'profitability': 74.7, 'growth': 70.8, 'balance': None, 'stability': 81.6}",25.517024289662334,False,0.18162347881507523,27.665879832316833,,42.56827759680997,,False,"{""floor"": false, ""depressed_arms"": {""self_pct"": false, ""self_z"": false, ""median_ratio"": false}, ""yield_arm"": false, ""residual_arm"": false, ""brakes"": {""gm"": true, ""fcf_margin"": true, ""roic"": true}, ""self_pct"": 78.07692307692308, ""self_z"": 0.825408074311359, ""median_ratio"": 1.1066300470616683, ""fcf_yield"": 0.030142372956546135, ""yield_threshold"": 0.0495, ""gs10"": 0.0495, ""residual_pct"": null, ""brake_values"": {""gm"": 1.0257441997420154, ""fcf_margin"": 1.0956321020122988, ""roic"": 1.0583903375298978}}",False,"{""floor"": false, ""mom_sector_pct"": 75.0, ""eps_rev_proxy"": null}"
BBY,764478,Best Buy,Consumer Discretionary,Computer & Electronics Retail,Consumer Discretionary Distribution and Retail,27.260780287474333,5.9986310746064335,304803887.6167859,0.22417777363294733,-0.05546582240724862,0.2018047855295979,10.0,0.22215726981438438,0.01968312592407111,0.026280750494786436,0.02684032525005397,0.4732197638573075,0.023853587583195897,0.023794104243122016,0.5626666363040964,6,9,False,-0.024772266419715416,-0.21476938825639136,-0.2415674360022383,False,0.22677187744366248,0.03862467714035212,0.036468330134357005,1.020771805636312,1.4696946020629993,1.5288404734576613,,17.307692307692307,-0.5592581003024245,0.7586164404026368,260.0,,87.69999694824219,209727698.0,18393118474.56186,20349118474.56186,5139000000.0,1956000000.0,2475000000.0,707000000.0,138000000.0,798000000.0,1956000000.0,42201000000.0,1710000000.0,1768000000.0,1630000000.0,1539000000.0,2508000000.0,1272000000.0,,,,11.900069283369508,12.484121763534883,0.08010174996217352,13.222299203743898,0.07562981177410126,14.459998800756178,1.389937106918239,0.7799043062200957,790000000.0,18000000.0,0.15722903288577544,,,,20.76923076923077,-0.5699592765657616,0.7939791282358089,260.0,"['rev_cagr5 gate', 'fcf_cagr5 gate']",False,0.8,ig,Consumer Discretionary Distribution and Retail,,12.5,11.11111111111111,,55.55555555555556,100.0,50.0,77.77777777777777,81.81818181818183,1.0,15.288919420295976,"{'profitability': 10.7, 'growth': 0.0, 'balance': 74.0, 'stability': 57.7}",74.42768810921943,False,,,,44.85830376475771,,False,"{""floor"": false, ""depressed_arms"": {""self_pct"": false, ""self_z"": false, ""median_ratio"": true}, ""yield_arm"": true, ""residual_arm"": false, ""brakes"": {""gm"": true, ""fcf_margin"": true, ""roic"": false}, ""self_pct"": 20.76923076923077, ""self_z"": -0.5699592765657616, ""median_ratio"": 0.7939791282358089, ""fcf_yield"": 0.08010174996217352, ""yield_threshold"": 0.0495, ""gs10"": 0.0495, ""residual_pct"": null, ""brake_values"": {""gm"": 1.020771805636312, ""fcf_margin"": 1.4696946020629993, ""roic"": null}}",False,"{""floor"": false, ""mom_sector_pct"": 81.81818181818183, ""eps_rev_proxy"": null}"
EME,105634,Emcor,Industrials,Construction & Engineering,Capital Goods,1.0266940451745379,5.9986310746064335,302188249.80065733,0.15471368772512695,-0.1651542231251666,0.17748161228728354,10.0,0.16911207004900902,0.11586632706916226,0.05916719407776368,0.06526736779430262,0.49875317489495813,0.05770643472008337,0.06567851664111489,0.4822364533275853,8,9,False,0.14065119855596442,,,False,0.1942613027633682,0.06298506138503128,0.058348539005338006,1.1487134106221446,1.0645267595798065,1.011127082939178,1.1421570454243921,90.76923076923077,2.014479359607253,1.6656481156828484,260.0,sbc_unreported,769.030029296875,44109901.0,33921838458.312256,33546492458.312256,3703561000.0,-375346000.0,1289818000.0,118436000.0,,204665000.0,-376383000.0,18597775000.0,1930635000.0,1171382000.0,1171382000.0,1085153000.0,2135300000.0,1439158000.0,1426963324.2139473,0.26088394532682396,0.3852949429519177,17.375885373626943,28.638388210090522,0.034918166227234024,30.914066918040366,0.03234773356256258,23.57061452482094,0.8139356484833493,-0.17626703507703836,1457924000.0,664690000.0,0.5731278626165466,7.0,0.33733972442358257,0.31441102579602564,90.76923076923077,1.956304856554963,1.5727849289259106,260.0,['fcf_cagr5 gate'],False,1.0,ig,Capital Goods,94.5945945945946,21.951219512195124,15.625,54.87804878048781,64.28571428571429,23.076923076923077,89.1891891891892,75.60975609756098,62.5,1.0,49.25460590756878,"{'profitability': 62.6, 'growth': 100.0, 'balance': 100.0, 'stability': 57.9}",36.56263201658744,False,0.010056652676749156,28.351825233955214,,42.90861896207811,,False,"{""floor"": false, ""depressed_arms"": {""self_pct"": false, ""self_z"": false, ""median_ratio"": false}, ""yield_arm"": false, ""residual_arm"": false, ""brakes"": {""gm"": true, ""fcf_margin"": true, ""roic"": true}, ""self_pct"": 90.76923076923077, ""self_z"": 1.956304856554963, ""median_ratio"": 1.5727849289259106, ""fcf_yield"": 0.034918166227234024, ""yield_threshold"": 0.0495, ""gs10"": 0.0495, ""residual_pct"": null, ""brake_values"": {""gm"": 1.1487134106221446, ""fcf_margin"": 1.0645267595798065, ""roic"": 1.1421570454243921}}",False,"{""floor"": false, ""mom_sector_pct"": 62.5, ""eps_rev_proxy"": null}"
BDX,10795,Becton Dickinson,Health Care,Health Care Equipment,Health Care Equipment and Services,54.0041067761807,5.9986310746064335,301986127.913531,0.2367828854928793,-0.06708269303500647,0.1991593756313057,10.0,,,0.11139188640322129,0.11043956043956044,0.23944525150961024,0.04159239506718156,0.03250915750915751,0.7185980189169954,6,9,False,0.0632263568424074,0.04253440627462113,-0.1920320832387351,True,0.46428215602271594,0.12309455016439175,0.043489090365647104,,1.1050584933880072,1.0456019735194841,0.8022705811727483,49.08256880733945,-0.00022267362444627526,0.9953857185737246,218.0,,178.07000732421875,272386800.0,48503919471.02051,65442919471.02051,41355000000.0,16939000000.0,3458000000.0,728000000.0,259000000.0,2326000000.0,16939000000.0,20074000000.0,1922000000.0,2730000000.0,2471000000.0,873000000.0,4248000000.0,942000000.0,1655584158.4158416,0.13861386138613863,0.04003347015876778,34.04938578096801,26.484386673824567,0.037758095451322436,74.96325254412429,0.013339869416837105,51.49036037263323,2.8980891719745223,3.9875235404896423,25944000000.0,8036000000.0,0.8216660621448434,0.0,0.04990020960290902,0.05123221744352186,43.84615384615385,-0.02925159385371307,0.9790935980673143,260.0,[],True,0.9,ig,Health Care Equipment and Services,22.22222222222222,58.620689655172406,,8.928571428571429,58.333333333333336,93.10344827586206,3.7037037037037095,10.0,61.904761904761905,1.0,16.108065788477415,"{'profitability': 32.1, 'growth': 44.1, 'balance': 0.0, 'stability': 61.8}",34.5827477843329,False,0.07488243319731858,24.573606096525634,,25.345406786405157,,False,"{""floor"": false, ""depressed_arms"": {""self_pct"": false, ""self_z"": false, ""median_ratio"": false}, ""yield_arm"": false, ""residual_arm"": false, ""brakes"": {""gm"": false, ""fcf_margin"": true, ""roic"": false}, ""self_pct"": 43.84615384615385, ""self_z"": -0.02925159385371307, ""median_ratio"": 0.9790935980673143, ""fcf_yield"": 0.037758095451322436, ""yield_threshold"": 0.0495, ""gs10"": 0.0495, ""residual_pct"": null, ""brake_values"": {""gm"": null, ""fcf_margin"": 1.1050584933880072, ""roic"": 0.8022705811727483}}",False,"{""floor"": false, ""mom_sector_pct"": 61.904761904761905, ""eps_rev_proxy"": null}"
CF,1324404,CF Industries,Materials,Fertilizers & Agricultural Chemicals,Materials,18.09719370294319,5.9986310746064335,300588063.60038275,0.5108201765949079,-0.1528018283650523,0.2977078101972106,9.0,0.4007495856359071,0.15766020103714848,0.30578153769123584,0.30046486679778295,0.25672502073807435,0.26383802638875736,0.2649740747362775,0.27355810220457405,6,9,False,0.11427395430219223,0.14341733759094755,-0.019203924804488848,True,0.42486109316449155,0.24124563897144333,0.26437524227936426,1.0601660198608176,0.7889476938108739,1.0020361579335624,1.0692012355529974,44.230769230769226,-0.13372322532093364,0.9168761773582932,260.0,,114.54000091552734,151338130.0,17334269548.754196,22635069548.754196,11048800000.0,5300800000.0,2977000000.0,1067000000.0,43000000.0,888000000.0,2128800000.0,7739000000.0,3181000000.0,1910000000.0,1867000000.0,2046000000.0,4069000000.0,,2562016752.5773196,0.19458762886597938,0.2318819014352074,7.115708754716818,12.123765157340223,0.08248262705703757,11.063083845920916,0.09039070967257572,,,0.523175227328582,2492000000.0,473000000.0,0.2683549344725219,5.0,0.2168739557388153,0.1725156042454646,75.38461538461539,0.44739304302450494,1.1550177677580686,260.0,[],True,0.9,ig,Materials,91.66666666666666,100.0,85.71428571428571,60.71428571428571,39.285714285714285,,81.81818181818181,91.66666666666667,92.85714285714286,1.0,49.588369342547836,"{'profitability': 91.4, 'growth': 97.6, 'balance': 82.6, 'stability': 54.7}",61.94691577668574,False,-0.8423339265935104,28.14870966035748,,55.76764255961679,,False,"{""floor"": false, ""depressed_arms"": {""self_pct"": false, ""self_z"": false, ""median_ratio"": false}, ""yield_arm"": true, ""residual_arm"": false, ""brakes"": {""gm"": true, ""fcf_margin"": false, ""roic"": true}, ""self_pct"": 75.38461538461539, ""self_z"": 0.44739304302450494, ""median_ratio"": 1.1550177677580686, ""fcf_yield"": 0.08248262705703757, ""yield_threshold"": 0.0495, ""gs10"": 0.0495, ""residual_pct"": null, ""brake_values"": {""gm"": 1.0601660198608176, ""fcf_margin"": 0.7889476938108739, ""roic"": 1.0692012355529974}}",False,"{""floor"": false, ""mom_sector_pct"": 92.85714285714286, ""eps_rev_proxy"": null}"
IDXX,874716,Idexx Laboratories,Health Care,Health Care Equipment,Health Care Equipment and Services,9.738535249828884,5.9986310746064335,299537533.4007737,-0.1517926411825381,-0.3123074106867947,-0.1797240165443479,10.0,0.6018803848819233,0.018079706416436945,0.18133480170273228,0.19186227903807154,0.29645515592718963,0.18406611049654878,0.19070803891321655,0.2812847440807529,9,9,False,0.09719004339104931,0.1433239155872983,0.13385520037224152,False,0.6244574447594594,0.26165202099699486,0.2535469929761841,1.0375108749921553,1.442922255077815,1.3774778653832536,1.1803092231252514,1.153846153846154,-1.4986961155113336,0.5747612899920863,260.0,,517.75,78781116.0,40788922809.0,41169070809.0,1992723000.0,380148000.0,1371510000.0,117178000.0,62972000.0,154082000.0,380148000.0,4553223000.0,1458603000.0,1254332000.0,1191360000.0,1154456000.0,1612685000.0,1139656000.0,1167006099.0256379,0.19991519349292589,0.585633878379302,28.225000777456238,34.55636483430701,0.028938229029438184,35.66101333355277,0.028041827938162345,35.790556807492784,1.100623345992124,0.2357236534103064,410946000.0,109843000.0,0.2613454052570277,7.0,0.49616987388156336,0.5116134371495717,1.153846153846154,-1.374960660522488,0.5531348272845876,260.0,[],True,1.0,ig,Health Care Equipment and Services,96.29629629629629,93.10344827586206,54.54545454545454,76.78571428571429,58.333333333333336,27.586206896551722,70.37037037037038,16.666666666666657,19.047619047619047,1.0,75.14947924346413,"{'profitability': 88.4, 'growth': 90.5, 'balance': 92.1, 'stability': 83.4}",48.66019211308678,True,0.2857476484644361,25.967457143970304,58.108108108108105,61.904835678275454,0.0,False,"{""floor"": true, ""depressed_arms"": {""self_pct"": true, ""self_z"": true, ""median_ratio"": true}, ""yield_arm"": false, ""residual_arm"": false, ""brakes"": {""gm"": true, ""fcf_margin"": true, ""roic"": true}, ""self_pct"": 1.153846153846154, ""self_z"": -1.374960660522488, ""median_ratio"": 0.5531348272845876, ""fcf_yield"": 0.028938229029438184, ""yield_threshold"": 0.0495, ""gs10"": 0.0495, ""residual_pct"": 58.108108108108105, ""brake_values"": {""gm"": 1.0375108749921553, ""fcf_margin"": 1.442922255077815, ""roic"": 1.1803092231252514}}",False,"{""floor"": true, ""mom_sector_pct"": 19.047619047619047, ""eps_rev_proxy"": 0.0}"
ULTA,1403568,Ulta Beauty,Consumer Discretionary,Other Specialty Retail,Consumer Discretionary Distribution and Retail,10.455852156057494,5.9986310746064335,299139719.50732046,0.013783777054357627,-0.2210988538436226,-0.033641892942067764,10.0,0.3913529370993555,0.006618747636700252,0.0921959589268388,0.08858090122128401,0.09326817349605666,0.09883270587857791,0.09397231622826765,0.16081649453052177,8,9,False,0.15035378713848258,0.10154073105170847,0.11844765353727826,True,0.39318237936780137,0.08872297415842224,0.09629326255370589,1.0046746608879582,0.9623304013663712,0.9743056379738112,0.7954824210325763,36.92307692307693,-0.4033272408528837,0.9156291592846487,260.0,sbc_unreported,537.72998046875,42757471.0,22991974045.723145,26102554045.723145,5754321000.0,3110580000.0,1567827000.0,418375000.0,,320298000.0,3110580000.0,12955517000.0,1614258000.0,1149452000.0,1149452000.0,1247529000.0,1934556000.0,1209548000.0,1227205592.752063,0.2397710943652979,0.21326679424941067,16.170001354011035,22.708694269724308,0.04403599731989964,20.92340462283694,0.04779336910153454,19.008732225362817,0.9503153244021734,1.6079038290956684,223146000.0,200404000.0,0.07360555658956112,9.0,0.26809743196157576,0.26318731165336445,32.30769230769231,-0.3357841482633749,0.9471119046167746,260.0,[],True,1.0,ig,Consumer Discretionary Distribution and Retail,37.5,75.0,66.66666666666666,75.0,55.55555555555556,44.44444444444444,25.0,55.55555555555556,48.484848484848484,1.0,61.22488605862355,"{'profitability': 67.7, 'growth': 92.3, 'balance': 46.4, 'stability': 89.1}",54.21789139455145,True,-0.23137004302340047,28.62034709203199,22.972972972972975,57.7213887265875,2.0,False,"{""floor"": true, ""depressed_arms"": {""self_pct"": false, ""self_z"": false, ""median_ratio"": false}, ""yield_arm"": false, ""residual_arm"": false, ""brakes"": {""gm"": true, ""fcf_margin"": true, ""roic"": false}, ""self_pct"": 32.30769230769231, ""self_z"": -0.3357841482633749, ""median_ratio"": 0.9471119046167746, ""fcf_yield"": 0.04403599731989964, ""yield_threshold"": 0.0495, ""gs10"": 0.0495, ""residual_pct"": 22.972972972972975, ""brake_values"": {""gm"": 1.0046746608879582, ""fcf_margin"": 0.9623304013663712, ""roic"": 0.7954824210325763}}",False,"{""floor"": true, ""mom_sector_pct"": 48.484848484848484, ""eps_rev_proxy"": 2.0}"
RMD,943819,ResMed|,Health Care,Health Care Equipment,Health Care Equipment and Services,9.1854893908282,5.9986310746064335,296968980.11777675,-0.17166480299984488,-0.17917972375494107,-0.19778270696526512,10.0,0.5788943443314525,0.03441301261241535,0.20006830259822542,0.2607339513375566,0.5418746007804023,0.18741030069548778,0.24421205315266034,0.588457133352212,9,9,False,0.12077602188982173,0.21074896733770743,0.23791494272180125,False,0.6105551961875267,0.2733194621401507,0.2653496285360974,1.054691935006963,1.3661307592988745,1.4158753683835594,1.1192305902693522,10.76923076923077,-0.18868283504944425,0.6367301330985253,260.0,,221.14999389648438,144252306.0,31901396591.453796,31877555591.453796,6561552000.0,-23841000.0,1805829000.0,156285000.0,104348000.0,201342000.0,-23841000.0,5653443000.0,1886715000.0,1649544000.0,1545196000.0,1500139000.0,2088057000.0,1523293000.0,1497340728.896185,0.2063768354541173,0.22819917130827966,16.89579803597989,20.630104913197936,0.04847285092380982,21.24973458556427,0.047059411305745764,20.942390329013392,1.082880312585957,-0.01141779175568483,2909575000.0,452737000.0,0.512426328405231,10.0,0.20388932655366543,0.19063123432298504,10.76923076923077,-0.18812351362826663,0.6653221234780837,260.0,[],True,1.0,ig,Health Care Equipment and Services,74.07407407407408,96.55172413793103,50.0,100.0,58.333333333333336,24.137931034482758,74.07407407407408,73.33333333333333,16.666666666666664,1.0,70.88828205812294,"{'profitability': 97.7, 'growth': 100.0, 'balance': 100.0, 'stability': 71.6}",66.32908931969612,True,-0.20873080377768183,25.418626100219107,25.675675675675674,68.60868568890953,-5.0,False,"{""floor"": true, ""depressed_arms"": {""self_pct"": true, ""self_z"": false, ""median_ratio"": true}, ""yield_arm"": false, ""residual_arm"": false, ""brakes"": {""gm"": true, ""fcf_margin"": true, ""roic"": true}, ""self_pct"": 10.76923076923077, ""self_z"": -0.18812351362826663, ""median_ratio"": 0.6653221234780837, ""fcf_yield"": 0.04847285092380982, ""yield_threshold"": 0.0495, ""gs10"": 0.0495, ""residual_pct"": 25.675675675675674, ""brake_values"": {""gm"": 1.054691935006963, ""fcf_margin"": 1.3661307592988745, ""roic"": 1.1192305902693522}}",False,"{""floor"": true, ""mom_sector_pct"": 16.666666666666664, ""eps_rev_proxy"": -5.0}"
EXE,895126,Expand Energy,Energy,Oil & Gas Exploration & Production,Energy,1.5249828884325805,5.634496919917864,295601474.2886258,-0.06815962386157193,-0.28801491188015094,-0.18189158529535865,6.0,,,0.11963604973204851,0.1478884856483009,0.7125499771774645,0.1065955675165667,0.12776311448366875,0.7841713824362575,5,9,True,0.18266822352216505,0.1268955987803806,0.15140189814334803,True,,0.1936741449062155,0.19683707245310775,,1.61886108192298,1.846578399449077,1.3920933224209076,31.47410358565737,-0.01966863664266667,0.6696038185201549,251.0,,85.95999908447266,231503789.0,19900065490.49195,23888065490.49195,23398000000.0,3988000000.0,5655000000.0,2976000000.0,46000000.0,2933000000.0,3988000000.0,13595000000.0,3662000000.0,2679000000.0,2633000000.0,2676000000.0,6595000000.0,2781000000.0,2881726655.3480473,0.21307300509337862,0.12316123836858053,6.523229243717081,9.07256570090845,0.11022240377932654,8.92678082604333,0.11202246582357685,7.155722937969058,0.9633225458468176,0.6047005307050796,15000000.0,,0.0006410804342251474,1.0,0.08847196979179389,0.08537725939458729,27.932960893854748,-0.3692634526271311,0.42926640051008336,179.0,[],True,0.9,ig,Energy,36.36363636363637,62.5,,27.27272727272727,27.27272727272727,60.0,54.54545454545455,81.81818181818181,9.090909090909092,1.0,27.526592401582228,"{'profitability': 50.9, 'growth': 100.0, 'balance': 79.8, 'stability': 37.0}",79.73694390715667,False,-0.7547142745758975,19.297380791555483,,53.63176815436945,,False,"{""floor"": false, ""depressed_arms"": {""self_pct"": false, ""self_z"": false, ""median_ratio"": true}, ""yield_arm"": true, ""residual_arm"": false, ""brakes"": {""gm"": false, ""fcf_margin"": true, ""roic"": true}, ""self_pct"": 27.932960893854748, ""self_z"": -0.3692634526271311, ""median_ratio"": 0.42926640051008336, ""fcf_yield"": 0.11022240377932654, ""yield_threshold"": 0.0495, ""gs10"": 0.0495, ""residual_pct"": null, ""brake_values"": {""gm"": null, ""fcf_margin"": 1.61886108192298, ""roic"": 1.3920933224209076}}",False,"{""floor"": false, ""mom_sector_pct"": 9.090909090909092, ""eps_rev_proxy"": null}"
DG,29534,Dollar General,Consumer Staples,Consumer Staples Merchandise Retail,Consumer Staples Distribution and Retail,13.828884325804244,5.9986310746064335,290171512.34825885,0.35630403870959215,-0.2312889560685909,0.21090932818676178,10.0,0.3067422078096451,0.02300031460122228,0.03398886933082311,0.04007253170639797,0.5236009511225581,0.04789209451277431,0.04839968710963189,0.25110230587365356,9,9,False,0.048307062204305806,-0.03420081889029303,-0.05039119803262415,False,0.3116120496636899,0.04379135358134441,0.04884829959431228,1.0158760083550902,1.2884027754824967,1.0199658229874018,0.8154188928965916,39.23076923076923,-0.606401384672313,0.7062518777780707,260.0,,118.93000030517578,220616790.0,26237954902.0269,42985043902.0269,26035737000.0,16747089000.0,3316350000.0,1305694000.0,99689000.0,1085019000.0,16747089000.0,43637998000.0,2439807000.0,2010656000.0,1910967000.0,2131642000.0,3524826000.0,1703399000.0,1861206724.222897,0.23715001874209843,0.07148661565535468,17.61821484323428,22.493870329538343,0.04445655573495624,20.16522657276733,0.04959031808501853,15.403293592415459,1.1803787603491607,4.7511817604613675,4338589000.0,1200659000.0,0.21275556747250904,4.0,0.08766857903109726,0.07828131682155728,31.92307692307692,-0.017969206208367696,0.5878664736182555,260.0,[],True,1.0,sector,Consumer Staples,20.833333333333336,25.925925925925924,20.833333333333336,27.083333333333332,55.55555555555556,62.5,12.0,51.851851851851855,92.5925925925926,1.0,11.917594522795017,"{'profitability': 25.9, 'growth': 20.1, 'balance': 0.0, 'stability': 72.7}",53.403160573914775,False,-0.1512039233088931,26.165631258676257,,32.660377548354894,,False,"{""floor"": false, ""depressed_arms"": {""self_pct"": false, ""self_z"": false, ""median_ratio"": true}, ""yield_arm"": false, ""residual_arm"": false, ""brakes"": {""gm"": true, ""fcf_margin"": true, ""roic"": false}, ""self_pct"": 31.92307692307692, ""self_z"": -0.017969206208367696, ""median_ratio"": 0.5878664736182555, ""fcf_yield"": 0.04445655573495624, ""yield_threshold"": 0.0495, ""gs10"": 0.0495, ""residual_pct"": null, ""brake_values"": {""gm"": 1.0158760083550902, ""fcf_margin"": 1.2884027754824967, ""roic"": 0.8154188928965916}}",False,"{""floor"": false, ""mom_sector_pct"": 92.5925925925926, ""eps_rev_proxy"": null}"
SYY,96021,Sysco,Consumer Staples,Food Distributors,Consumer Staples Distribution and Retail,39.75359342915811,5.9986310746064335,288460152.7046956,-0.004413961623071727,-0.13475607194104766,-0.03277051954144439,10.0,0.18330690211768047,0.011385605673041269,0.021431186529042284,0.021524960675552613,0.20518595253239147,0.022018547570645995,0.020058424893262213,0.23799248983552676,7,9,False,0.10511120778351901,,,False,0.18496091209064136,0.021524960675552613,,1.0090231734531143,1.0043755928484526,,1.0200732883784758,51.92307692307693,0.0059793984021105666,1.0031002669251317,260.0,,77.7699966430664,479096016.0,37259295556.02649,47905479556.02649,13312184000.0,10646184000.0,2638000000.0,700000000.0,118000000.0,,10646184000.0,84553000000.0,3095000000.0,1938000000.0,1820000000.0,,,1757000000.0,2389242091.3884006,0.22803163444639718,0.1794778446112524,15.478345575452824,26.321692063750817,0.03799147857128684,,,21.20620122710671,1.1030165054069436,,5225000000.0,951000000.0,0.4639358951168343,9.0,0.17594602922752067,0.18002038521504493,38.07692307692307,-0.09375317446916814,0.9276090271285566,260.0,['fcf_cagr5 gate'],False,0.9,sector,Consumer Staples,66.66666666666666,11.11111111111111,12.5,66.66666666666666,55.55555555555556,45.83333333333333,,62.96296296296296,37.03703703703704,0.7,50.86465121202047,"{'profitability': 49.2, 'growth': 87.6, 'balance': None, 'stability': 77.5}",53.17994948155153,False,-0.010785970837944525,26.60713368195701,,52.022300346786,,False,"{""floor"": false, ""depressed_arms"": {""self_pct"": false, ""self_z"": false, ""median_ratio"": false}, ""yield_arm"": false, ""residual_arm"": false, ""brakes"": {""gm"": true, ""fcf_margin"": true, ""roic"": true}, ""self_pct"": 38.07692307692307, ""self_z"": -0.09375317446916814, ""median_ratio"": 0.9276090271285566, ""fcf_yield"": 0.03799147857128684, ""yield_threshold"": 0.0495, ""gs10"": 0.0495, ""residual_pct"": null, ""brake_values"": {""gm"": 1.0090231734531143, ""fcf_margin"": 1.0043755928484526, ""roic"": 1.0200732883784758}}",False,"{""floor"": false, ""mom_sector_pct"": 37.03703703703704, ""eps_rev_proxy"": null}"
VMC,1396009,Vulcan Materials Company,Materials,Construction Materials,Materials,27.2580424366872,5.9986310746064335,278275134.0264752,-0.13163177076643173,-0.25108107363759713,-0.19329675619938325,10.0,0.250820578839041,0.08604011794651709,0.09520825186891764,0.09471921040308347,0.29613182993386494,0.09948517641358534,0.09760437871577443,0.2626086603477724,7,9,False,0.10333168192433528,0.09898292065839542,0.09346309653898088,False,0.27684064298471917,0.1304450287755507,0.12471472514387776,1.103739750008216,1.370102131012204,1.2536010855065154,1.178209825955706,0.7692307692307693,-1.6710237052208172,0.7298293621473658,260.0,,243.97999572753906,129754885.0,31657596287.927322,36683096287.92732,13476800000.0,5025500000.0,1802600000.0,686200000.0,64700000.0,732400000.0,5001100000.0,8062400000.0,1658600000.0,1116400000.0,1051700000.0,1005500000.0,2391000000.0,1113300000.0,1290201528.9457223,0.2221141149489193,0.09573500600630137,22.11690358611318,34.8798101054743,0.028669880855889535,36.482442852240005,0.02741044518455541,28.43581809748255,1.0027845145064223,2.0916352990380593,3780900000.0,1478800000.0,0.39027810756262615,0.0,0.08125463215233827,0.07950514684152611,0.7692307692307693,-1.6538111286580026,0.6617354010828016,260.0,[],True,1.0,ig,Materials,16.666666666666664,78.57142857142857,50.0,14.285714285714285,71.42857142857143,54.54545454545454,36.36363636363637,50.0,21.428571428571427,1.0,32.674334911855084,"{'profitability': 38.8, 'growth': 84.3, 'balance': 30.3, 'stability': 65.5}",59.85628340570303,False,0.2379876674204695,27.49269924378375,,46.26530915877906,,False,"{""floor"": false, ""depressed_arms"": {""self_pct"": true, ""self_z"": true, ""median_ratio"": true}, ""yield_arm"": false, ""residual_arm"": false, ""brakes"": {""gm"": true, ""fcf_margin"": true, ""roic"": true}, ""self_pct"": 0.7692307692307693, ""self_z"": -1.6538111286580026, ""median_ratio"": 0.6617354010828016, ""fcf_yield"": 0.028669880855889535, ""yield_threshold"": 0.0495, ""gs10"": 0.0495, ""residual_pct"": null, ""brake_values"": {""gm"": 1.103739750008216, ""fcf_margin"": 1.370102131012204, ""roic"": 1.178209825955706}}",False,"{""floor"": false, ""mom_sector_pct"": 21.428571428571427, ""eps_rev_proxy"": null}"
DPZ,1286681,Domino's,Consumer Discretionary,Restaurants,Consumer Services,6.3901437371663246,5.9986310746064335,272260410.0020188,-0.1884001096277239,-0.30437791233496214,-0.2937063647281639,10.0,0.38574191087683113,0.031596855773516626,0.10553042709707043,0.1000040630822542,0.17749470211894217,,,,8,9,False,0.037099536577790415,0.05905650670180562,,False,0.4002102304877964,0.12113413083019164,,1.0375077719143282,1.1478597610409405,,,1.153846153846154,-2.644783375591153,0.5801633107300475,260.0,ev_or_ic_nonpos,295.0,33081735.0,9759111825.0,11495948825.0,-2245594000.0,1736837000.0,777805000.0,124335000.0,44430000.0,,1736837000.0,5027815000.0,981231000.0,653470000.0,609040000.0,,,596523000.0,764657363.2785352,0.2207162602093338,,11.71584349149181,18.875523487784054,0.05297866311613474,,,16.359992531721325,1.0954648856791775,,7870000.0,100000.0,-0.0035491722902715275,0.0,-0.2848090658063545,-0.2757136595410137,1.153846153846154,-2.4936710607072015,0.572460622360822,260.0,['mktcap<10B'],False,0.9,ig,Consumer Services,25.0,76.92307692307693,80.0,11.538461538461538,80.76923076923077,38.46153846153847,,76.92307692307692,21.21212121212121,0.7,23.569067194524738,"{'profitability': 20.0, 'growth': 40.1, 'balance': None, 'stability': 82.4}",73.94924541601883,False,,,,48.75915630527178,,False,"{""floor"": false, ""depressed_arms"": {""self_pct"": true, ""self_z"": true, ""median_ratio"": true}, ""yield_arm"": true, ""residual_arm"": false, ""brakes"": {""gm"": true, ""fcf_margin"": true, ""roic"": false}, ""self_pct"": 1.153846153846154, ""self_z"": -2.4936710607072015, ""median_ratio"": 0.572460622360822, ""fcf_yield"": 0.05297866311613474, ""yield_threshold"": 0.0495, ""gs10"": 0.0495, ""residual_pct"": null, ""brake_values"": {""gm"": 1.0375077719143282, ""fcf_margin"": 1.1478597610409405, ""roic"": null}}",False,"{""floor"": false, ""mom_sector_pct"": 21.21212121212121, ""eps_rev_proxy"": null}"
TYL,860731,Tyler Technologies,Information Technology,Application Software,Software and Services,6.277891854893908,5.9986310746064335,270704068.5255775,-0.27590801239108154,-0.3508827305102764,-0.34323905181711745,10.0,0.44257870946283956,0.02996940542030094,0.1694487536317592,0.14639823097218027,0.2876884701282625,0.10623911518024161,0.08252469561077871,0.535240328227355,9,9,False,0.15870784367787483,0.139115892484327,0.12046132245506636,False,0.4720526395289541,0.22971596402290528,0.17715916279540692,1.0665959058488992,1.3556662949679579,1.6675511886073675,1.5633371200422344,1.9230769230769231,-1.1150884428633032,0.24797075535071594,260.0,,330.17999267578125,40952274.0,13521621529.376587,13195859529.376587,2711469000.0,-325762000.0,730747000.0,16481000.0,156135000.0,144176000.0,-325762000.0,2429657000.0,367814000.0,714266000.0,558131000.0,430436000.0,511990000.0,324616000.0,284574394.19593483,0.22630896541204287,0.10495211053341744,35.87644714278572,23.6429431968061,0.042295918561234325,30.656960684925487,0.032619019552441016,41.654205366884526,2.2003413263671536,-0.6362663333268228,2754742000.0,780414000.0,1.303778874108463,5.0,0.0671333835728164,0.061035780820580546,1.9230769230769231,-1.843215116620579,0.3774473198556901,260.0,[],True,1.0,ig,Software and Services,26.31578947368421,36.36363636363637,11.11111111111111,55.00000000000001,63.63636363636363,71.42857142857143,75.0,36.36363636363637,8.47457627118644,1.0,64.29005224548261,"{'profitability': 44.5, 'growth': 100.0, 'balance': 100.0, 'stability': 82.6}",57.299994137035675,False,-0.3421272402709752,33.28783203215772,,60.79502319125915,,False,"{""floor"": false, ""depressed_arms"": {""self_pct"": true, ""self_z"": true, ""median_ratio"": true}, ""yield_arm"": false, ""residual_arm"": false, ""brakes"": {""gm"": true, ""fcf_margin"": true, ""roic"": true}, ""self_pct"": 1.9230769230769231, ""self_z"": -1.843215116620579, ""median_ratio"": 0.3774473198556901, ""fcf_yield"": 0.042295918561234325, ""yield_threshold"": 0.0495, ""gs10"": 0.0495, ""residual_pct"": null, ""brake_values"": {""gm"": 1.0665959058488992, ""fcf_margin"": 1.3556662949679579, ""roic"": 1.5633371200422344}}",False,"{""floor"": false, ""mom_sector_pct"": 8.47457627118644, ""eps_rev_proxy"": null}"
OTIS,1781335,Otis Worldwide,Industrials,Industrial Machinery & Supplies & Components,Capital Goods,6.496919917864476,5.9986310746064335,269978640.3342465,-0.20532632567477305,-0.29573869530979835,-0.2804302507099682,8.0,,,0.09961699690981714,0.10028854951087339,0.03984593914185232,0.09598460729031846,0.09514066496163683,0.04797111488165476,5,7,False,0.024982341114742734,0.02170482285634856,0.018093492555780744,False,,0.10978472268794849,0.10891288310643149,,1.1020681820727456,1.1346911362257253,0.679005674028292,0.38461538461538464,-2.4769446199420235,0.6223799393748511,260.0,,64.4800033569336,380669339.0,24545560256.601692,32924560256.601692,2631000000.0,8379000000.0,1871000000.0,159000000.0,75000000.0,172000000.0,8191000000.0,14911000000.0,2289000000.0,1712000000.0,1637000000.0,1624000000.0,2461000000.0,1516000000.0,1741582449.3731918,0.2391513982642237,0.6619469590928133,14.383818373351547,20.112742978986983,0.04971972251844323,20.2737440003705,0.04932488049477813,16.191002807784756,1.129287598944591,3.328321820398212,1794000000.0,7000000.0,0.6845305967312809,6.0,0.9748769184294506,1.0305594912483578,0.38461538461538464,-2.38810254090537,0.6487136765073132,260.0,[],True,0.9,ig,Capital Goods,100.0,46.34146341463415,,46.34146341463415,15.476190476190476,46.15384615384615,13.513513513513516,85.3658536585366,17.1875,1.0,26.51022148025381,"{'profitability': 70.1, 'growth': 19.5, 'balance': 0.0, 'stability': 78.3}",79.16397072543437,False,-0.36838272011990325,29.070860449512995,,52.837096102844086,,False,"{""floor"": false, ""depressed_arms"": {""self_pct"": true, ""self_z"": true, ""median_ratio"": true}, ""yield_arm"": true, ""residual_arm"": false, ""brakes"": {""gm"": false, ""fcf_margin"": true, ""roic"": false}, ""self_pct"": 0.38461538461538464, ""self_z"": -2.38810254090537, ""median_ratio"": 0.6487136765073132, ""fcf_yield"": 0.04971972251844323, ""yield_threshold"": 0.0495, ""gs10"": 0.0495, ""residual_pct"": null, ""brake_values"": {""gm"": null, ""fcf_margin"": 1.1020681820727456, ""roic"": 0.679005674028292}}",False,"{""floor"": false, ""mom_sector_pct"": 17.1875, ""eps_rev_proxy"": null}"
ALB,915913,Albemarle Corporation,Materials,Specialty Chemicals,Materials,10.25325119780972,5.9986310746064335,269710533.4913748,0.44297260352937995,-0.48087238077309924,0.20419699174945483,3.0,0.19697345886094988,0.7342919869762679,-0.05161357333088827,-0.08989141645445146,,0.09048105444855464,0.08943286317237975,0.8917757858718727,6,9,False,0.10448598383827279,,0.0140198296164451,False,0.23812353755240437,0.22080724399042367,0.1896891012447054,1.208911794154479,-4.278084808716025,2.096451046031499,,16.599190283400812,-0.019498690748322518,0.28379814079360793,247.0,,105.02999877929688,118005057.0,12394070992.660858,15359959992.660858,13241058000.0,2965889000.0,1800328000.0,457956000.0,37864000.0,641799000.0,472099000.0,5907904000.0,252078000.0,1342372000.0,1304508000.0,1120665000.0,893877000.0,224177000.0,225745707.20312488,0.10446089225110927,0.017048917632044577,60.933361866806536,11.774523416231144,0.08492912746018264,13.706111989453456,0.07296015097275416,55.286987481592035,5.988000553134354,0.5281476086754665,1482672000.0,202079000.0,0.12723688696175184,2.0,,,,,,,['fcf_cagr5 gate'],False,0.8,ig,Materials,,7.142857142857142,21.428571428571427,35.714285714285715,7.142857142857142,100.0,72.72727272727273,0.0,85.71428571428571,1.0,23.353294060452438,"{'profitability': 4.3, 'growth': 87.1, 'balance': 82.4, 'stability': 44.4}",,False,,,,,,False,"{""floor"": false, ""depressed_arms"": {""self_pct"": false, ""self_z"": false, ""median_ratio"": false}, ""yield_arm"": true, ""residual_arm"": false, ""brakes"": {""gm"": true, ""fcf_margin"": false, ""roic"": false}, ""self_pct"": null, ""self_z"": null, ""median_ratio"": null, ""fcf_yield"": 0.08492912746018264, ""yield_threshold"": 0.0495, ""gs10"": 0.0495, ""residual_pct"": null, ""brake_values"": {""gm"": 1.208911794154479, ""fcf_margin"": -4.278084808716025, ""roic"": null}}",False,"{""floor"": false, ""mom_sector_pct"": 85.71428571428571, ""eps_rev_proxy"": null}"
EL,1001250,Estée Lauder Companies (The),Consumer Staples,Personal Care Products,Household and Personal Products,20.739219712525667,5.9986310746064335,268659007.2759667,0.1967443398293982,-0.22566655459142027,0.03922948485131128,10.0,0.736336679740275,0.025248002338170334,0.0573941233182723,0.06684829556781181,0.399690911298311,0.05770944723058887,0.04525455688246386,0.657251062197244,5,9,False,-0.014814212841128271,-0.1515996897631844,-0.24128666573511692,False,0.7550003322479899,0.06684829556781181,0.04432188185261479,1.0253466288197106,1.1647236982279967,0.7680177852946405,0.9836077349813234,43.46153846153846,-0.07252877309243938,0.9451360072477081,260.0,shares_was_proxy,90.19000244140625,362300000.0,32675837884.521484,32189737884.521484,3319900000.0,-486100000.0,1773000000.0,457000000.0,310000000.0,796000000.0,-486100000.0,15049000000.0,780000000.0,1316000000.0,1006000000.0,667000000.0,1576000000.0,,591270708.2481728,0.24196063045106056,0.1780989512479812,41.26889472374549,31.9977513762639,0.03125219607593442,48.26047658848798,0.020720889445972425,,,-0.30843908629441624,2107000000.0,1594000000.0,1.1147926142353686,9.0,0.1810670503230263,0.16986134867970318,20.76923076923077,-0.6587762710304248,0.6334482900038212,260.0,"['rev_cagr5 gate', 'fcf_cagr5 gate']",False,0.9,sector,Consumer Staples,70.83333333333334,33.33333333333333,100.0,66.66666666666666,55.55555555555556,,88.0,0.0,66.66666666666666,1.0,28.92418037029038,"{'profitability': 55.8, 'growth': 0.0, 'balance': 100.0, 'stability': 55.3}",36.43948861001437,False,0.18379713366427053,26.62547587674091,,32.681834490152376,,False,"{""floor"": false, ""depressed_arms"": {""self_pct"": false, ""self_z"": false, ""median_ratio"": true}, ""yield_arm"": false, ""residual_arm"": false, ""brakes"": {""gm"": true, ""fcf_margin"": true, ""roic"": true}, ""self_pct"": 20.76923076923077, ""self_z"": -0.6587762710304248, ""median_ratio"": 0.6334482900038212, ""fcf_yield"": 0.03125219607593442, ""yield_threshold"": 0.0495, ""gs10"": 0.0495, ""residual_pct"": null, ""brake_values"": {""gm"": 1.0253466288197106, ""fcf_margin"": 1.1647236982279967, ""roic"": 0.9836077349813234}}",False,"{""floor"": false, ""mom_sector_pct"": 66.66666666666666, ""eps_rev_proxy"": null}"
CHRW,1043277,C.H. Robinson,Industrials,Air Freight & Logistics,Transportation,19.586584531143053,5.9986310746064335,266697651.65542763,0.10702372935343063,-0.26234753396237465,0.1482634376751224,10.0,,,0.03341920967394243,0.03658625780221605,0.6752825287733719,0.03223730439982446,0.03487039965974942,0.825395432562774,6,9,False,0.00031641390725023477,,,False,,0.034107703980675565,0.032613397384122104,,1.0206017531069853,1.0116663905776095,0.9726858687940518,70.2127659574468,0.011792891065241937,1.2410366188309947,235.0,gm_derived,153.13999938964844,116851258.0,17894601578.799652,19712582578.799652,3445671000.0,1817981000.0,685357000.0,16598000.0,89047000.0,41996000.0,1817981000.0,16996512000.0,833618000.0,668759000.0,579712000.0,554314000.0,875614000.0,633327000.0,680088608.8960453,0.18417235604791962,0.19737479547410225,23.647021272093035,34.00409613532177,0.029408221763061352,35.56212287403827,0.028119806107808,28.254916620955132,1.055945822616121,2.076235647214412,1508335000.0,32313000.0,0.44712568321235546,7.0,0.20291730537713065,0.20972890355387663,74.04255319148936,0.07773525438689835,1.235693239040032,235.0,['fcf_cagr5 gate'],False,0.9,ig,Transportation,72.72727272727273,22.22222222222222,,54.54545454545454,77.27272727272727,72.72727272727273,22.222222222222214,18.181818181818173,54.6875,1.0,14.12570794245898,"{'profitability': 56.2, 'growth': 0.3, 'balance': 30.8, 'stability': 44.4}",25.000416238783007,False,0.24169407741488413,26.7032936242824,,19.563062090620996,,False,"{""floor"": false, ""depressed_arms"": {""self_pct"": false, ""self_z"": false, ""median_ratio"": false}, ""yield_arm"": false, ""residual_arm"": false, ""brakes"": {""gm"": false, ""fcf_margin"": true, ""roic"": true}, ""self_pct"": 74.04255319148936, ""self_z"": 0.07773525438689835, ""median_ratio"": 1.235693239040032, ""fcf_yield"": 0.029408221763061352, ""yield_threshold"": 0.0495, ""gs10"": 0.0495, ""residual_pct"": null, ""brake_values"": {""gm"": null, ""fcf_margin"": 1.0206017531069853, ""roic"": 0.9726858687940518}}",False,"{""floor"": false, ""mom_sector_pct"": 54.6875, ""eps_rev_proxy"": null}"
GEHC,1932393,GE HealthCare,Health Care,Health Care Equipment,Health Care Equipment and Services,3.7426420260095825,3.7946611909650922,264705709.16685048,-0.09886289775864354,-0.26618595906788145,-0.1627250816459178,5.0,0.4043097433798857,0.021075484483121177,0.07797945144186538,0.07295990901336366,0.10211472671538131,0.06513769162597298,0.06354209028060187,0.14724152949114921,4,4,True,,0.025821217351280623,,False,0.39148672482005814,0.06558939892273226,0.06144239477572811,0.968284171307296,0.8411113147112858,0.9432694533993679,0.8858697303362978,,,,,,63.97999954223633,454891786.0,29103976260.047066,37433976260.047066,18998000000.0,8330000000.0,2027000000.0,508000000.0,143000000.0,595000000.0,8318000000.0,20979000000.0,2649000000.0,1519000000.0,1376000000.0,1289000000.0,3244000000.0,1909000000.0,2029086788.066641,0.23401782254939946,0.10680528413867992,14.131361366571184,27.204924607592343,0.03675805077294426,29.0410987277324,0.0344339588999456,15.245665929830835,0.7957045573598743,2.5641183723797782,15060000000.0,1908000000.0,0.8931466470154753,4.0,0.1205654516473139,0.12076928291754095,,,,,['rev_cagr5 gate'],False,0.9,ig,Health Care Equipment and Services,51.85185185185185,31.03448275862069,31.818181818181817,51.78571428571429,10.0,17.24137931034483,33.33333333333334,86.66666666666667,21.428571428571427,1.0,24.812838683391373,"{'profitability': 39.8, 'growth': 21.5, 'balance': 14.5, 'stability': 92.8}",,False,0.08053548095869978,25.099866507695268,,,,False,"{""floor"": false, ""depressed_arms"": {""self_pct"": false, ""self_z"": false, ""median_ratio"": false}, ""yield_arm"": false, ""residual_arm"": false, ""brakes"": {""gm"": false, ""fcf_margin"": false, ""roic"": false}, ""self_pct"": null, ""self_z"": null, ""median_ratio"": null, ""fcf_yield"": 0.03675805077294426, ""yield_threshold"": 0.0495, ""gs10"": 0.0495, ""residual_pct"": null, ""brake_values"": {""gm"": 0.968284171307296, ""fcf_margin"": 0.8411113147112858, ""roic"": 0.8858697303362978}}",False,"{""floor"": false, ""mom_sector_pct"": 21.428571428571427, ""eps_rev_proxy"": null}"
NCLH,1513761,Norwegian Cruise Line Holdings,Consumer Discretionary,"Hotels, Resorts & Cruise Lines",Consumer Services,8.969199178644764,5.9986310746064335,262139569.98602182,-0.35978618872524804,-0.40943929799724554,-0.39802629411880963,5.0,-0.03520968147804673,20.771945373220845,-1.1321265783836587,-0.12803268593160969,,-1.0023248885535925,0.085396809309951,,7,9,False,0.5033277455063068,,,False,0.4245725483777475,-0.12543504938347835,0.07866898253125497,-12.058403557057707,0.11079595848952017,-0.07848651014221392,,39.8876404494382,-0.05380898149900482,0.9379267977216507,178.0,gm_derived,14.640000343322754,459187846.0,6722510223.089636,8798992223.089636,4649348000.0,2076482000.0,2109712000.0,3295106000.0,88312000.0,1222571000.0,2045110000.0,10154307000.0,1532360000.0,-1185394000.0,-1273706000.0,798829000.0,2754931000.0,760722000.0,1507832900.8734477,0.01600609460345628,0.32431061320285076,5.74211818573288,,-0.14475589564196217,11.014863284995457,0.09078641959743693,8.83701302590123,-1.5582486111877927,0.7423452710793845,135764000.0,4771000.0,0.03022681890019848,1.0,,,,,,,"['mktcap<10B', 'fcf_cagr5 gate']",False,0.8,ig,Consumer Services,,7.6923076923076925,20.0,26.923076923076923,15.384615384615385,7.6923076923076925,66.66666666666667,92.3076923076923,9.090909090909092,1.0,37.632283779588384,"{'profitability': 50.0, 'growth': 100.0, 'balance': 75.3, 'stability': 51.9}",,False,,,,,,False,"{""floor"": false, ""depressed_arms"": {""self_pct"": false, ""self_z"": false, ""median_ratio"": false}, ""yield_arm"": false, ""residual_arm"": false, ""brakes"": {""gm"": false, ""fcf_margin"": false, ""roic"": false}, ""self_pct"": null, ""self_z"": null, ""median_ratio"": null, ""fcf_yield"": -0.14475589564196217, ""yield_threshold"": 0.0495, ""gs10"": 0.0495, ""residual_pct"": null, ""brake_values"": {""gm"": -12.058403557057707, ""fcf_margin"": 0.11079595848952017, ""roic"": null}}",False,"{""floor"": false, ""mom_sector_pct"": 9.090909090909092, ""eps_rev_proxy"": null}"
STLD,1022671,Steel Dynamics,Materials,Steel,Materials,3.7782340862423,5.9986310746064335,261978157.0612565,0.682220199520412,-0.19640102601981213,0.5755542372443558,8.0,0.2145537498204529,0.2903431347933774,0.0666518237053311,0.061936622874324034,0.8760939763107259,0.11170718326590054,0.09771213302297536,0.5328328879718944,5,9,True,0.13647433753701965,-0.19549357045616378,-0.175912207465717,True,0.1465219913375145,0.04314153033608103,0.043046003252984445,0.6829150805340384,0.6472670654416075,0.38534677891322827,0.46962876145011506,91.15384615384615,2.410956902285874,4.3317290688788015,260.0,,226.1699981689453,143328088.0,32416513400.518433,36002881400.51843,13005900000.0,3586368000.0,1571572000.0,616009000.0,69493000.0,617971000.0,3786088000.0,20538678000.0,2056470000.0,955563000.0,886070000.0,884108000.0,2674441000.0,1607241000.0,1627297341.6676233,0.20869385808320898,0.12511993338927896,17.50712697025409,40.63209611037326,0.024611085711246455,40.722266284796014,0.024556590073017574,20.169043348519875,0.5945362269877387,1.415655832377682,477471000.0,370790000.0,0.06522124574231696,9.0,0.266423063619304,0.24784885402396728,71.17117117117117,0.7769716932724564,2.714629795256925,222.0,['fcf_cagr5 gate'],False,1.0,ig,Materials,100.0,42.857142857142854,28.57142857142857,92.85714285714286,28.57142857142857,18.181818181818183,54.54545454545455,66.66666666666667,100.0,1.0,13.001877067232655,"{'profitability': 39.9, 'growth': 50.0, 'balance': 52.8, 'stability': 27.8}",39.46843209635266,False,0.36211422675157134,28.2881806385673,,26.235154581792656,,False,"{""floor"": false, ""depressed_arms"": {""self_pct"": false, ""self_z"": false, ""median_ratio"": false}, ""yield_arm"": false, ""residual_arm"": false, ""brakes"": {""gm"": false, ""fcf_margin"": false, ""roic"": false}, ""self_pct"": 71.17117117117117, ""self_z"": 0.7769716932724564, ""median_ratio"": 2.714629795256925, ""fcf_yield"": 0.024611085711246455, ""yield_threshold"": 0.0495, ""gs10"": 0.0495, ""residual_pct"": null, ""brake_values"": {""gm"": 0.6829150805340384, ""fcf_margin"": 0.6472670654416075, ""roic"": 0.46962876145011506}}",False,"{""floor"": false, ""mom_sector_pct"": 100.0, ""eps_rev_proxy"": null}"
JBHT,728535,J.B. Hunt,Industrials,Cargo Ground Transportation,Transportation,11.255304585900069,5.9986310746064335,261728794.02654186,1.0008024714693846,-0.2190274486816316,0.6604534231441201,9.0,,,0.026334025632322157,0.01765488726364615,0.9249098121711721,0.06437128796219554,0.07120474356721639,0.2055080611721831,6,9,False,0.044828913865963216,,,False,,0.08093590346192636,0.06339613787869125,,3.0734345212524716,0.9848511640146616,0.945199508543824,61.92307692307693,0.3556392374177712,1.0930502471361403,260.0,,227.1999969482422,93914939.0,21337473854.19435,22732348854.19435,5051990000.0,1394875000.0,1595293000.0,495571000.0,71730000.0,718349000.0,1394875000.0,12701310000.0,955615000.0,1099722000.0,1027992000.0,805214000.0,1673964000.0,674505000.0,724336865.9481363,0.24202020065807217,0.14337654388629753,23.788187559000594,22.1133519075969,0.0452215477860892,28.231437672711046,0.035421504621658564,31.63427084186826,1.6304134142815843,0.8332765818141847,134057000.0,76300000.0,0.041638443464852466,10.0,0.1516891858176944,0.13459619356978,0.966183574879227,-0.2783248376482078,0.4069176164878805,207.0,['fcf_cagr5 gate'],False,0.9,ig,Transportation,45.45454545454545,11.11111111111111,,100.0,40.909090909090914,90.9090909090909,77.77777777777777,9.090909090909093,100.0,1.0,21.220654660630508,"{'profitability': 37.2, 'growth': 37.4, 'balance': 72.2, 'stability': 44.4}",51.69799238224842,False,-0.18161637877004821,26.517316265669606,,36.459323521439465,,False,"{""floor"": false, ""depressed_arms"": {""self_pct"": true, ""self_z"": false, ""median_ratio"": true}, ""yield_arm"": false, ""residual_arm"": false, ""brakes"": {""gm"": false, ""fcf_margin"": true, ""roic"": true}, ""self_pct"": 0.966183574879227, ""self_z"": -0.2783248376482078, ""median_ratio"": 0.4069176164878805, ""fcf_yield"": 0.0452215477860892, ""yield_threshold"": 0.0495, ""gs10"": 0.0495, ""residual_pct"": null, ""brake_values"": {""gm"": null, ""fcf_margin"": 3.0734345212524716, ""roic"": 0.945199508543824}}",False,"{""floor"": false, ""mom_sector_pct"": 100.0, ""eps_rev_proxy"": null}"
VRSK,1442145,Verisk Analytics,Industrials,Research & Consulting Services,Commercial and Professional Services,10.984257357973991,5.9986310746064335,261313126.36180234,-0.2484894295810084,-0.30028446556274935,-0.31708620612723937,10.0,0.6764607538438451,0.022978356262502712,0.3183533421519252,0.30266856369504114,0.15427111091843573,0.3296381011945897,0.32254705646776133,0.13187621932710306,8,9,False,0.06248258905176751,0.07730090393612565,0.06266649912397004,False,0.6998033716919705,0.34500209521967573,0.34264900235309287,1.0345069802135392,1.0837080989557608,1.039470258781835,1.4388163815079134,2.307692307692308,-2.237593082588663,0.5829414775401246,260.0,gm_derived,168.3800048828125,131021840.0,22061458058.95508,26184058058.95508,2954900000.0,4122600000.0,1381700000.0,254400000.0,57000000.0,261700000.0,4121800000.0,3102300000.0,1366000000.0,1127300000.0,1070300000.0,1063000000.0,1627700000.0,910200000.0,1050644921.4128782,0.23086023322629712,0.3555602292506948,19.168417319879268,24.46422317009724,0.04087601691037162,24.63222771303394,0.04059722131713074,24.238033464024475,1.2385190068116898,2.532284819069853,1863100000.0,346600000.0,0.7478087244915226,7.0,0.2471199479102812,0.26901761551619463,2.6923076923076925,-2.5226590793719947,0.5321733137334899,260.0,[],True,1.0,ig,Commercial and Professional Services,60.0,100.0,85.71428571428571,50.0,63.63636363636363,72.72727272727273,18.181818181818173,27.272727272727266,12.5,1.0,52.47521727522039,"{'profitability': 100.0, 'growth': 58.2, 'balance': 15.6, 'stability': 84.4}",53.12547431875946,False,0.06709419573067787,22.87666912704937,,52.80034579698992,,False,"{""floor"": false, ""depressed_arms"": {""self_pct"": true, ""self_z"": true, ""median_ratio"": true}, ""yield_arm"": false, ""residual_arm"": false, ""brakes"": {""gm"": true, ""fcf_margin"": true, ""roic"": true}, ""self_pct"": 2.6923076923076925, ""self_z"": -2.5226590793719947, ""median_ratio"": 0.5321733137334899, ""fcf_yield"": 0.04087601691037162, ""yield_threshold"": 0.0495, ""gs10"": 0.0495, ""residual_pct"": null, ""brake_values"": {""gm"": 1.0345069802135392, ""fcf_margin"": 1.0837080989557608, ""roic"": 1.4388163815079134}}",False,"{""floor"": false, ""mom_sector_pct"": 12.5, ""eps_rev_proxy"": null}"
HSY,47111,Hershey Company (The),Consumer Staples,Packaged Foods & Meats,Food Beverage and Tobacco,69.57973990417523,5.9986310746064335,254260150.56414795,-0.08588408433039729,-0.3152748195116032,-0.1590027531685363,10.0,0.4278744447530034,0.11229634950996795,0.15733348026206667,0.16722486187643806,0.08320591443086103,0.17220669102804403,0.1807115722044123,0.06697725161833572,9,9,False,0.0748639898139154,0.0769782050700687,0.04863373705692298,False,0.38377373989552044,0.1774801560550586,0.1691796191883006,0.8969307342415818,1.1280507858812636,0.9824218686180407,0.7953141090522835,1.5384615384615385,-2.3746336268590245,0.7424739129079354,260.0,shares_was_proxy,159.3000030517578,218731000.0,34843848967.51404,40051488967.51404,9770330000.0,5207640000.0,2656591000.0,428434000.0,69304000.0,529401000.0,5207640000.0,12163912000.0,2162830000.0,2228157000.0,2158853000.0,2057886000.0,2692231000.0,1489107000.0,1675331258.9360166,0.22539854776565127,0.171471307410908,18.518093871230768,18.552207569257398,0.05390194111762128,19.46244299612031,0.0513810111196905,23.399157325507193,1.4963041608158447,1.934321386240631,2985609000.0,331134000.0,0.3394709288222609,10.0,0.2156019935509978,0.2417870246745679,0.38461538461538464,-2.6357040875740156,0.641973869597751,260.0,[],True,1.0,ig,Food Beverage and Tobacco,81.81818181818183,64.28571428571429,42.857142857142854,81.81818181818183,53.57142857142857,76.92307692307693,61.53846153846153,42.85714285714286,14.814814814814813,1.0,50.90326236707616,"{'profitability': 76.3, 'growth': 63.3, 'balance': 35.5, 'stability': 84.6}",67.66602306476967,False,-0.07274893741342492,19.952166338072356,,59.284642715922914,,False,"{""floor"": false, ""depressed_arms"": {""self_pct"": true, ""self_z"": true, ""median_ratio"": true}, ""yield_arm"": true, ""residual_arm"": false, ""brakes"": {""gm"": false, ""fcf_margin"": true, ""roic"": false}, ""self_pct"": 0.38461538461538464, ""self_z"": -2.6357040875740156, ""median_ratio"": 0.641973869597751, ""fcf_yield"": 0.05390194111762128, ""yield_threshold"": 0.0495, ""gs10"": 0.0495, ""residual_pct"": null, ""brake_values"": {""gm"": 0.8969307342415818, ""fcf_margin"": 1.1280507858812636, ""roic"": 0.7953141090522835}}",False,"{""floor"": false, ""mom_sector_pct"": 14.814814814814813, ""eps_rev_proxy"": null}"
EFX,33185,Equifax,Industrials,Research & Consulting Services,Commercial and Professional Services,29.286789869952088,5.9986310746064335,253992090.5612347,-0.24336125355099836,-0.3955213097279777,-0.402851584375842,9.0,,,0.11303810284598677,0.12874267307387655,0.49393722693805325,0.09964525402578114,0.09897731073207654,0.46669331855268587,9,9,False,0.08035053389890412,0.16662229501691672,0.10487097450192295,False,,0.15714174877802778,0.1199006905112887,,1.3901661901751108,1.2032754764242648,1.0331362387307905,0.38461538461538464,-0.9335342475013334,0.42668546075569774,260.0,gm_derived,139.72999572753906,117484896.0,16416164016.130371,21731364016.13037,9695400000.0,5315200000.0,1612400000.0,507400000.0,92300000.0,747400000.0,5297000000.0,6444500000.0,1150400000.0,1105000000.0,1012700000.0,772700000.0,1897800000.0,691400000.0,851337570.4113083,0.25996386438516317,0.08780840093356729,18.89026774698398,21.4588367889112,0.04660084839811762,28.123934277378506,0.03555690289051593,23.743367104614364,1.5982065374602257,2.7911265676045947,6792800000.0,1319000000.0,0.8366648101161376,1.0,0.08499208298165985,0.08393549212194472,0.38461538461538464,-0.4693563588402786,0.38365837748622195,260.0,[],True,0.9,ig,Commercial and Professional Services,10.0,36.36363636363637,,9.090909090909092,18.181818181818183,100.0,0.0,45.45454545454546,15.625,1.0,30.735562541316504,"{'profitability': 46.7, 'growth': 83.5, 'balance': 7.0, 'stability': 67.1}",66.25491602813936,False,-0.0383442184166598,22.297637930676988,,48.49523928472793,,False,"{""floor"": false, ""depressed_arms"": {""self_pct"": true, ""self_z"": false, ""median_ratio"": true}, ""yield_arm"": false, ""residual_arm"": false, ""brakes"": {""gm"": false, ""fcf_margin"": true, ""roic"": true}, ""self_pct"": 0.38461538461538464, ""self_z"": -0.4693563588402786, ""median_ratio"": 0.38365837748622195, ""fcf_yield"": 0.04660084839811762, ""yield_threshold"": 0.0495, ""gs10"": 0.0495, ""residual_pct"": null, ""brake_values"": {""gm"": null, ""fcf_margin"": 1.3901661901751108, ""roic"": 1.0331362387307905}}",False,"{""floor"": false, ""mom_sector_pct"": 15.625, ""eps_rev_proxy"": null}"
STZ,16918,Constellation Brands,Consumer Staples,Distillers & Vintners,Food Beverage and Tobacco,21.253935660506503,5.9986310746064335,252005160.46608853,-0.07225145900769037,-0.3100199150825279,-0.18219447921186693,10.0,0.5155978845469453,0.021533819935070784,0.17540775927474656,0.18277547581964404,0.0810353579013169,0.24649287718491136,0.24346740579311513,0.06489247450289357,8,9,False,0.011881573321183447,-0.01571896922042826,-0.022518323864087253,False,0.5261850342840108,0.19454105800125873,0.2438967835966743,1.0205337338541804,1.1090789757854618,0.9894678758352536,1.3093880547692003,1.9230769230769231,-1.9407431964948414,0.6869425311120928,260.0,shares_was_proxy,112.98999786376953,170778434.0,19296254892.837906,30378754892.837906,19338100000.0,11082500000.0,2693600000.0,859400000.0,72300000.0,412400000.0,11082500000.0,9056700000.0,2852900000.0,1834200000.0,1761900000.0,2208900000.0,3265300000.0,1824400000.0,2151080276.2824574,0.24600221659278024,0.11123534764441477,10.648377052416105,17.24204262037454,0.057997768710902155,13.752888266937347,0.07271199915177466,10.576767645712511,1.0053716290287218,3.394021988791229,5248900000.0,3340900000.0,0.4441904840703068,5.0,0.08495216314159953,0.10475588141953707,1.153846153846154,-1.8636752395871194,0.5857469591590029,260.0,[],True,1.0,ig,Food Beverage and Tobacco,36.36363636363637,71.42857142857143,50.0,27.27272727272727,53.57142857142857,38.46153846153847,30.769230769230774,92.85714285714286,22.22222222222222,1.0,23.456495375883655,"{'profitability': 62.7, 'growth': 5.0, 'balance': 0.0, 'stability': 88.2}",80.23519687466883,False,-0.1236161465332466,19.51077517844017,,51.84584612527624,,False,"{""floor"": false, ""depressed_arms"": {""self_pct"": true, ""self_z"": true, ""median_ratio"": true}, ""yield_arm"": true, ""residual_arm"": false, ""brakes"": {""gm"": true, ""fcf_margin"": true, ""roic"": true}, ""self_pct"": 1.153846153846154, ""self_z"": -1.8636752395871194, ""median_ratio"": 0.5857469591590029, ""fcf_yield"": 0.057997768710902155, ""yield_threshold"": 0.0495, ""gs10"": 0.0495, ""residual_pct"": null, ""brake_values"": {""gm"": 1.0205337338541804, ""fcf_margin"": 1.1090789757854618, ""roic"": 1.3093880547692003}}",False,"{""floor"": false, ""mom_sector_pct"": 22.22222222222222, ""eps_rev_proxy"": null}"
WAB,943452,Wabtec,Industrials,Construction Machinery & Heavy Transportation Equipment,Capital Goods,7.594798083504449,5.9986310746064335,250496219.61863732,0.42034020870770084,-0.04748064021577647,0.4453466083753548,10.0,0.3151459767033983,0.04788649358649496,0.11869470857543607,0.11467655331117362,0.2562618698468932,0.08503085807427482,0.06929174124264893,0.3943030410162603,8,9,False,0.08125695343398509,0.18262028879515158,,False,0.34974958263772954,0.1352253756260434,0.11469115191986644,1.1098018330943145,1.1392704632667032,1.3488179999275465,1.2358625124569798,45.76923076923077,-0.056783439710170795,0.9708746417153686,260.0,,287.8399963378906,168910851.0,48619298733.26999,54550298733.26999,17145000000.0,5931000000.0,1999000000.0,285000000.0,94000000.0,531000000.0,5901000000.0,11980000000.0,1964000000.0,1714000000.0,1620000000.0,1374000000.0,2495000000.0,1269000000.0,1471558426.3065178,0.2507339988256019,0.08583017942878494,27.77510118801934,33.67302390942592,0.029697362573964586,39.70181858316593,0.02518776307199219,38.313080168061454,1.350669818754925,2.3651302605210422,10603000000.0,3225000000.0,0.8065325167687373,3.0,0.0694496180308509,0.06845030014714407,72.6923076923077,1.0455107956006244,1.2603252439940698,260.0,[],True,1.0,ig,Capital Goods,13.513513513513514,65.85365853658537,37.5,28.04878048780488,64.28571428571429,74.35897435897436,27.02702702702703,29.268292682926827,89.0625,1.0,36.51947153544143,"{'profitability': 40.0, 'growth': 83.9, 'balance': 21.2, 'stability': 76.8}",29.264164662173805,False,0.20996882762033353,27.29567355299564,,32.89181809880762,,False,"{""floor"": false, ""depressed_arms"": {""self_pct"": false, ""self_z"": false, ""median_ratio"": false}, ""yield_arm"": false, ""residual_arm"": false, ""brakes"": {""gm"": true, ""fcf_margin"": true, ""roic"": true}, ""self_pct"": 72.6923076923077, ""self_z"": 1.0455107956006244, ""median_ratio"": 1.2603252439940698, ""fcf_yield"": 0.029697362573964586, ""yield_threshold"": 0.0495, ""gs10"": 0.0495, ""residual_pct"": null, ""brake_values"": {""gm"": 1.1098018330943145, ""fcf_margin"": 1.1392704632667032, ""roic"": 1.2358625124569798}}",False,"{""floor"": false, ""mom_sector_pct"": 89.0625, ""eps_rev_proxy"": null}"
DRI,940944,Darden Restaurants,Consumer Discretionary,Restaurants,Consumer Services,31.340177960301162,5.9986310746064335,249570207.1455463,0.15829430912648146,-0.12363487314158395,0.0543105803138062,10.0,0.199230317545572,0.026501449223354265,0.08347671135655174,0.08358208955223881,0.07634215600805352,0.09425722451180374,0.09206157311186003,0.11697399538565519,7,9,False,0.12919005107612413,0.03580420358021419,0.09507608928610467,False,0.20302174719360527,0.07872287277929589,0.09181055037885383,1.0190303850073723,0.9430519183134694,0.9740425824585625,1.0486921152895066,59.61538461538461,0.35022587362592467,1.0415865251272358,260.0,,197.41000366210938,114077969.0,22520132278.056,29844332278.056,9531700000.0,7324200000.0,1853100000.0,734000000.0,79100000.0,561100000.0,7324200000.0,13210900000.0,1582800000.0,1119100000.0,1040000000.0,1212900000.0,2143900000.0,1206700000.0,1383439694.6564887,0.12595419847328243,0.14514091868779846,18.855403258817287,28.696473344284616,0.03484748763384776,24.60576492543161,0.04064088245297495,18.662577507297588,0.9274053202950194,3.41629740193106,1658200000.0,14300000.0,0.1754671254865344,5.0,0.13840184032253378,0.13895180613002628,67.3076923076923,0.6638955391839583,1.0948891821768767,260.0,[],True,1.0,ig,Consumer Services,58.333333333333336,53.84615384615385,60.0,61.53846153846154,80.76923076923077,30.76923076923077,33.33333333333334,38.46153846153846,69.6969696969697,1.0,32.695456317820614,"{'profitability': 50.5, 'growth': 64.9, 'balance': 0.0, 'stability': 82.4}",35.694835488190336,False,0.2234118204621125,22.951020798687292,,34.195145903005475,,False,"{""floor"": false, ""depressed_arms"": {""self_pct"": false, ""self_z"": false, ""median_ratio"": false}, ""yield_arm"": false, ""residual_arm"": false, ""brakes"": {""gm"": true, ""fcf_margin"": false, ""roic"": true}, ""self_pct"": 67.3076923076923, ""self_z"": 0.6638955391839583, ""median_ratio"": 1.0948891821768767, ""fcf_yield"": 0.03484748763384776, ""yield_threshold"": 0.0495, ""gs10"": 0.0495, ""residual_pct"": null, ""brake_values"": {""gm"": 1.0190303850073723, ""fcf_margin"": 0.9430519183134694, ""roic"": 1.0486921152895066}}",False,"{""floor"": false, ""mom_sector_pct"": 69.6969696969697, ""eps_rev_proxy"": null}"
LYB,1489393,LyondellBasell,Materials,Specialty Chemicals,Materials,14.072553045859001,5.9986310746064335,247140350.0775346,0.36492148871430996,-0.2667850330173961,0.24157999659002982,10.0,0.13850326933221963,0.24168704280304712,0.07422233037564255,0.0824364234603873,0.5846947696839863,0.08426107431732625,0.09478503894868288,0.5510691146888592,5,9,True,0.022373159046871427,-0.4911011636856222,-0.16842407016118444,False,0.12759681969735825,0.04731982559630674,0.0463901000256476,0.9212549300283973,0.6375416314311203,0.550551964848478,0.37137761176619855,77.3076923076923,0.8833884096977903,1.6564037501328732,260.0,gm_derived,57.779998779296875,323037952.0,18665132472.226562,20829132472.226562,12835000000.0,2164000000.0,2973000000.0,1395000000.0,102000000.0,1424000000.0,2155000000.0,31192000000.0,963000000.0,1578000000.0,1476000000.0,1447000000.0,2387000000.0,,797460525.1644281,0.17189976618439448,0.06213171212812062,21.629421051117927,14.111878368717184,0.07086228876637514,14.394701086542199,0.06947000802503037,,,0.902806870548806,705000000.0,450000000.0,0.08998831320607713,9.0,0.16730063999451789,0.16613580599496441,67.3076923076923,0.2943095963260796,1.5456760513313137,260.0,['fcf_cagr5 gate'],False,0.9,ig,Materials,75.0,57.14285714285714,7.142857142857142,92.85714285714286,71.42857142857143,,63.63636363636363,58.33333333333333,71.42857142857143,1.0,9.660521240809842,"{'profitability': 25.0, 'growth': 9.3, 'balance': 69.9, 'stability': 28.6}",52.460814289487004,False,-0.6842508951078954,27.973783705344438,,31.060667765148423,,False,"{""floor"": false, ""depressed_arms"": {""self_pct"": false, ""self_z"": false, ""median_ratio"": false}, ""yield_arm"": true, ""residual_arm"": false, ""brakes"": {""gm"": false, ""fcf_margin"": false, ""roic"": false}, ""self_pct"": 67.3076923076923, ""self_z"": 0.2943095963260796, ""median_ratio"": 1.5456760513313137, ""fcf_yield"": 0.07086228876637514, ""yield_threshold"": 0.0495, ""gs10"": 0.0495, ""residual_pct"": null, ""brake_values"": {""gm"": 0.9212549300283973, ""fcf_margin"": 0.6375416314311203, ""roic"": 0.37137761176619855}}",False,"{""floor"": false, ""mom_sector_pct"": 71.42857142857143, ""eps_rev_proxy"": null}"
GRMN,1121788,Garmin,Consumer Discretionary,Consumer Electronics,Consumer Durables and Apparel,13.804243668720055,5.9986310746064335,245578106.11263758,0.09126764030787715,-0.08792891803632796,0.1169659515206809,10.0,0.5813631200164734,0.008753557192912046,0.15319511106563782,0.1651931352329626,0.3194510232230973,0.16811516279952407,0.17698897760119048,0.2696051643643785,8,9,False,0.11594339557461586,0.0748829109184983,0.0637569252425898,False,0.5913854255189874,0.17149244450863482,0.18610502887963934,1.0172393211014659,1.1194381029245597,1.1070091821614452,1.077267798842685,85.0,1.162924072669079,1.297228729725716,260.0,,282.4599914550781,192856206.0,54474162298.81879,52152851298.81879,6949713000.0,-2321311000.0,1748559000.0,297001000.0,171554000.0,187934000.0,-2321311000.0,7463909000.0,1974917000.0,1451558000.0,1280004000.0,1389071000.0,2162851000.0,1736196000.0,1634349798.2026572,0.1724463366295104,0.2351679555979732,26.407616775195507,40.744287751302956,0.02454331773091361,37.5451300177016,0.026634612785427152,31.375583343596453,0.8360565281799981,-1.0732644088751375,750633000.0,,0.10800920843781607,10.0,0.21830036677102527,0.23261318568123762,79.23076923076923,0.5743553122893137,1.2409780352594433,260.0,[],True,1.0,ig,Consumer Durables and Apparel,62.5,100.0,62.5,100.0,70.0,11.11111111111111,60.0,11.111111111111114,57.57575757575758,1.0,67.56232686572459,"{'profitability': 83.0, 'growth': 79.5, 'balance': 100.0, 'stability': 77.6}",18.526115886649965,True,0.3581333254900465,28.479437239195885,63.51351351351351,43.044221376187274,3.0,False,"{""floor"": true, ""depressed_arms"": {""self_pct"": false, ""self_z"": false, ""median_ratio"": false}, ""yield_arm"": false, ""residual_arm"": false, ""brakes"": {""gm"": true, ""fcf_margin"": true, ""roic"": true}, ""self_pct"": 79.23076923076923, ""self_z"": 0.5743553122893137, ""median_ratio"": 1.2409780352594433, ""fcf_yield"": 0.02454331773091361, ""yield_threshold"": 0.0495, ""gs10"": 0.0495, ""residual_pct"": 63.51351351351351, ""brake_values"": {""gm"": 1.0172393211014659, ""fcf_margin"": 1.1194381029245597, ""roic"": 1.077267798842685}}",False,"{""floor"": true, ""mom_sector_pct"": 57.57575757575758, ""eps_rev_proxy"": 3.0}"
CDW,1402057,CDW Corporation,Information Technology,Technology Distributors,Technology Hardware and Equipment,7.025325119780972,5.9986310746064335,243923809.9040281,-0.02377820950889853,-0.13035167896960154,-0.12980572686096392,10.0,0.20457650910546005,0.09013765605118493,,,0.22242613210496784,0.04458437512985059,0.044015040823287166,0.24262197165446053,7,9,False,0.03958829916272788,,,False,0.21360061956392232,0.036603632278599516,0.0291143980527991,1.0441111762925346,,0.6530179680214051,0.9499696367135091,76.15384615384615,0.6959851703988845,1.1587087519482164,260.0,sbc_unreported,135.8300018310547,125017426.0,16981117202.493744,22616517202.493744,8077500000.0,5635400000.0,981800000.0,121600000.0,,297600000.0,5635400000.0,23500400000.0,1678600000.0,860200000.0,860200000.0,684200000.0,1976200000.0,1080300000.0,1250269980.6949806,0.25517098731384447,0.15478427492355068,13.473440487604995,26.29216136072279,0.03803414965701052,33.055418302387814,0.03025222645353011,15.71889031055609,0.7962602980653523,2.851634449954458,4652100000.0,1186400000.0,0.722810275456515,10.0,0.16293602336495558,0.16188756039143823,64.61538461538461,0.21937202245203657,1.0483769855536327,260.0,['fcf_cagr5 gate'],False,0.9,ig,Technology Hardware and Equipment,42.857142857142854,,15.0,85.71428571428571,64.28571428571429,19.047619047619047,0.0,85.71428571428572,28.8135593220339,1.0,20.480007642618073,"{'profitability': 46.0, 'growth': 33.0, 'balance': 4.9, 'stability': 68.8}",51.25219018585695,False,-0.31255485828471175,35.939095206339566,,35.86609891423751,,False,"{""floor"": false, ""depressed_arms"": {""self_pct"": false, ""self_z"": false, ""median_ratio"": false}, ""yield_arm"": false, ""residual_arm"": false, ""brakes"": {""gm"": true, ""fcf_margin"": false, ""roic"": true}, ""self_pct"": 64.61538461538461, ""self_z"": 0.21937202245203657, ""median_ratio"": 1.0483769855536327, ""fcf_yield"": 0.03803414965701052, ""yield_threshold"": 0.0495, ""gs10"": 0.0495, ""residual_pct"": null, ""brake_values"": {""gm"": 1.0441111762925346, ""fcf_margin"": null, ""roic"": 0.9499696367135091}}",False,"{""floor"": false, ""mom_sector_pct"": 28.8135593220339, ""eps_rev_proxy"": null}"
GNRC,1474735,Generac,Industrials,Heavy Electrical Equipment,Capital Goods,5.530458590006845,5.9986310746064335,238902087.16996646,0.13086260743759826,-0.2552032663156444,0.2549647248145013,9.0,0.3614873028304954,0.06095382596077019,0.06630728926210988,0.07417617114918612,0.6649912494157956,0.05951821452239421,0.07897952040894962,0.8828530891345456,7,9,False,0.1111342884289317,-0.08775322776285444,-0.13409904030539777,False,0.39539422519764655,0.07394341447061908,0.06360870627016905,1.0937983771536517,1.1151626811092206,1.0687267214011564,0.7101852009954744,60.824742268041234,0.5008656321649251,1.5591471098098058,194.0,,207.91000366210938,59006361.0,12268012731.597748,13408049731.597748,4017660000.0,1140037000.0,548133000.0,168884000.0,51034000.0,214757000.0,1140032000.0,4438732000.0,421488000.0,379249000.0,328215000.0,282342000.0,636245000.0,260041000.0,323490124.19659567,0.23250454533321074,0.08051704828098835,31.811225305578684,40.85142279176073,0.024478951567916716,47.48868298587439,0.021057648625409386,47.17722486683926,1.4584200183817166,1.7918129022624931,1651751000.0,721188000.0,0.5906271312156828,8.0,0.11337471995773316,0.1132596709722605,53.62318840579711,0.024416199643638597,1.1014005089563252,207.0,['fcf_cagr5 gate'],False,1.0,ig,Capital Goods,27.027027027027028,24.390243902439025,53.125,63.41463414634146,22.61904761904762,82.05128205128204,43.24324324324324,21.951219512195124,59.375,1.0,23.08320899880118,"{'profitability': 34.9, 'growth': 46.3, 'balance': 40.3, 'stability': 57.8}",31.120540685735676,False,0.39144135704351024,27.618899236184312,,27.10187484226843,,False,"{""floor"": false, ""depressed_arms"": {""self_pct"": false, ""self_z"": false, ""median_ratio"": false}, ""yield_arm"": false, ""residual_arm"": false, ""brakes"": {""gm"": true, ""fcf_margin"": true, ""roic"": false}, ""self_pct"": 53.62318840579711, ""self_z"": 0.024416199643638597, ""median_ratio"": 1.1014005089563252, ""fcf_yield"": 0.024478951567916716, ""yield_threshold"": 0.0495, ""gs10"": 0.0495, ""residual_pct"": null, ""brake_values"": {""gm"": 1.0937983771536517, ""fcf_margin"": 1.1151626811092206, ""roic"": 0.7101852009954744}}",False,"{""floor"": false, ""mom_sector_pct"": 59.375, ""eps_rev_proxy"": null}"
CRL,1100682,Charles River Laboratories,Health Care,Life Sciences Tools & Services,Pharmaceuticals Biotechnology and Life Sciences,5.385352498288843,5.9986310746064335,238414534.41100135,0.6269102634694543,-0.02832079609742222,0.6174927175917668,10.0,,,0.09496074369946848,0.10659757347489092,0.21444085952020764,0.07861432615046224,0.07209893716025707,0.20595312048383602,7,9,False,0.06549616324686203,0.0641150832577817,0.006144692963417908,False,,0.07190420974111694,0.05031399201847868,,0.7571993114194556,0.6400104724192544,0.2182226519264275,98.07692307692307,2.9516833256973594,1.8249621959570428,260.0,gm_derived,286.8299865722656,47738872.0,13692940014.735107,15629724014.735107,4776420000.0,1936784000.0,582148000.0,211543000.0,83061000.0,297882000.0,1930430000.0,3998987000.0,90144000.0,370605000.0,287544000.0,201205000.0,388026000.0,-238458000.0,73634153.8625793,0.18314969534767375,0.015416180709104162,173.38618227208806,54.355938620646256,0.018397253830516425,77.68059449186207,0.012873227947615173,,,4.97500167514548,3076851000.0,253174000.0,0.6971801056021036,3.0,0.07064427351154012,0.09347342300526175,81.53846153846153,0.9329802996809916,1.3425653115003242,260.0,[],True,0.8,ig,Pharmaceuticals Biotechnology and Life Sciences,25.0,16.666666666666664,,29.166666666666668,62.5,,8.333333333333343,0.0,95.23809523809523,1.0,16.6556562673617,"{'profitability': 18.2, 'growth': 54.0, 'balance': 0.0, 'stability': 70.9}",12.668112319367694,False,0.48497048351314254,33.46778687313602,,14.661884293364697,,False,"{""floor"": false, ""depressed_arms"": {""self_pct"": false, ""self_z"": false, ""median_ratio"": false}, ""yield_arm"": false, ""residual_arm"": false, ""brakes"": {""gm"": false, ""fcf_margin"": false, ""roic"": false}, ""self_pct"": 81.53846153846153, ""self_z"": 0.9329802996809916, ""median_ratio"": 1.3425653115003242, ""fcf_yield"": 0.018397253830516425, ""yield_threshold"": 0.0495, ""gs10"": 0.0495, ""residual_pct"": null, ""brake_values"": {""gm"": null, ""fcf_margin"": 0.7571993114194556, ""roic"": 0.2182226519264275}}",False,"{""floor"": false, ""mom_sector_pct"": 95.23809523809523, ""eps_rev_proxy"": null}"
DOV,29905,Dover Corporation,Industrials,Industrial Machinery & Supplies & Components,Capital Goods,40.91991786447639,5.9986310746064335,236592513.514193,0.16952423565083663,-0.1879708442482262,0.1402982130513799,10.0,0.37974150854078975,0.02567880190192772,0.1114150229008857,0.11550267412209385,0.21983569557604066,0.09475671352172418,0.10049612492903513,0.23767570986017078,6,9,False,0.03899422656407947,0.03543843341733166,0.02691420761036989,False,0.39583429328486786,0.134880038914258,0.11430196362143913,1.0423782609541867,1.2106090848650337,1.2062677078308963,0.911721059704058,10.384615384615385,-0.7256980850233918,0.8692326934995976,260.0,,188.05999755859375,134680225.0,25327962784.690857,27770251784.690857,10146293000.0,2442289000.0,1395359000.0,218730000.0,40863000.0,392009000.0,2442289000.0,8420564000.0,1420151000.0,1176629000.0,1135766000.0,962487000.0,1812160000.0,1134750000.0,1153085118.1254156,0.18805456734853157,0.11364595110011268,19.55443596116952,24.45068067250724,0.04089865690832963,28.852599343877742,0.034658922341157826,22.32030207948082,1.03690592641551,1.3477226072752957,5376664000.0,1642611000.0,0.6918068500485842,8.0,0.12464991335946744,0.1220213861711389,5.384615384615385,-0.8658479927049386,0.8569113108748098,260.0,[],True,1.0,ig,Capital Goods,43.24324324324324,60.97560975609756,65.625,63.41463414634146,64.28571428571429,38.46153846153847,62.16216216216216,60.97560975609756,65.625,1.0,32.397076277380414,"{'profitability': 51.5, 'growth': 31.0, 'balance': 55.1, 'stability': 69.8}",62.05164170145582,False,-0.12411958212659036,27.681868636814684,,47.22435898941812,,False,"{""floor"": false, ""depressed_arms"": {""self_pct"": true, ""self_z"": false, ""median_ratio"": false}, ""yield_arm"": false, ""residual_arm"": false, ""brakes"": {""gm"": true, ""fcf_margin"": true, ""roic"": true}, ""self_pct"": 5.384615384615385, ""self_z"": -0.8658479927049386, ""median_ratio"": 0.8569113108748098, ""fcf_yield"": 0.04089865690832963, ""yield_threshold"": 0.0495, ""gs10"": 0.0495, ""residual_pct"": null, ""brake_values"": {""gm"": 1.0423782609541867, ""fcf_margin"": 1.2106090848650337, ""roic"": 0.911721059704058}}",False,"{""floor"": false, ""mom_sector_pct"": 65.625, ""eps_rev_proxy"": null}"
WSM,719955,"Williams-Sonoma, Inc.",Consumer Discretionary,Homefurnishing Retail,Consumer Discretionary Distribution and Retail,1.5249828884325805,5.9986310746064335,236083489.1859962,0.1564086413557424,-0.07303995344669367,0.18676551874607972,10.0,0.4433456988056802,0.038490248614738834,0.12706312368603515,0.1272614776539619,0.22871553051075788,0.13039290641401502,0.13095178036792912,0.18988302416064007,7,9,False,0.02850878391314704,-0.009193537164358001,-0.007229080269054777,False,0.4719449564755515,0.1527035825410523,0.15702729590778744,1.064507804512177,1.2017930782055468,1.2042625647840433,0.9687432205568355,76.53846153846153,1.7946793582062155,3.2038762517579698,260.0,,233.38999938964844,117779173.0,27488481114.583298,27994764114.583298,2647197000.0,506283000.0,1609073000.0,265579000.0,121078000.0,230967000.0,506283000.0,8005156000.0,1537433000.0,1343494000.0,1222416000.0,1257028000.0,1768400000.0,1178646000.0,1150976245.328662,0.25136494056738606,0.4347905521684491,18.20877014776143,22.90117612546244,0.043665879626512284,22.270597086606898,0.04490225368054368,23.322084081720295,1.1398621808414062,0.2862943904094096,77369000.0,,0.029226763251847143,10.0,0.44881919474856363,0.41981016915734803,78.46153846153847,1.8535369807349917,3.238620203244682,260.0,[],True,1.0,ig,Consumer Discretionary Distribution and Retail,87.5,87.5,77.77777777777779,93.75,55.55555555555556,88.88888888888889,75.0,22.222222222222214,66.66666666666666,1.0,44.81132574627202,"{'profitability': 75.5, 'growth': 11.9, 'balance': 90.5, 'stability': 73.6}",27.76643055462035,False,-0.23530636284201778,28.976774542680243,,36.28887815044618,,False,"{""floor"": false, ""depressed_arms"": {""self_pct"": false, ""self_z"": false, ""median_ratio"": false}, ""yield_arm"": false, ""residual_arm"": false, ""brakes"": {""gm"": true, ""fcf_margin"": true, ""roic"": true}, ""self_pct"": 78.46153846153847, ""self_z"": 1.8535369807349917, ""median_ratio"": 3.238620203244682, ""fcf_yield"": 0.043665879626512284, ""yield_threshold"": 0.0495, ""gs10"": 0.0495, ""residual_pct"": null, ""brake_values"": {""gm"": 1.064507804512177, ""fcf_margin"": 1.2017930782055468, ""roic"": 0.9687432205568355}}",False,"{""floor"": false, ""mom_sector_pct"": 66.66666666666666, ""eps_rev_proxy"": null}"
DECK,910521,Deckers Brands,Consumer Discretionary,Footwear,Consumer Durables and Apparel,2.54072553045859,5.9986310746064335,235474284.34718242,-0.16729747678420848,-0.3332495212289476,-0.22785058380969236,10.0,0.5451392780020936,0.059427068706471076,0.1473557935506418,0.1846130424910723,0.5143436801086595,0.1521816236314129,0.18798634951937696,0.5174322271175997,9,9,False,0.1653985803329907,0.14238355335082042,0.14769983454089708,False,0.5780379857105354,0.1937606302113025,0.19409406672963908,1.0603491787071624,1.3149169472234747,1.2754106711316144,,54.61538461538461,0.2768061202077352,1.4954468094450144,260.0,,79.56999969482422,136414227.0,10854480000.759682,9755301000.759682,1202503000.0,-1099179000.0,1193713000.0,75905000.0,46837000.0,74062000.0,-1104821000.0,5527289000.0,1252917000.0,1117808000.0,1070971000.0,1072814000.0,1326979000.0,1014840000.0,,,,7.786071224797558,9.108837681654949,0.10978349103903606,9.093189500472292,0.10997241396410587,10.69575499660999,1.1014622994757794,-0.8325836354606968,13990000.0,15699000.0,0.024689335494381303,,,,53.84615384615385,0.22011101161400193,1.379254390989422,260.0,[],True,0.8,ig,Consumer Durables and Apparel,,90.0,37.5,,70.0,44.44444444444444,50.0,77.77777777777777,27.27272727272727,1.0,61.832579062904,"{'profitability': 73.8, 'growth': 100.0, 'balance': 100.0, 'stability': 69.1}",70.26950354609929,True,,,,66.05104130450164,-5.0,False,"{""floor"": true, ""depressed_arms"": {""self_pct"": false, ""self_z"": false, ""median_ratio"": false}, ""yield_arm"": true, ""residual_arm"": false, ""brakes"": {""gm"": true, ""fcf_margin"": true, ""roic"": false}, ""self_pct"": 53.84615384615385, ""self_z"": 0.22011101161400193, ""median_ratio"": 1.379254390989422, ""fcf_yield"": 0.10978349103903606, ""yield_threshold"": 0.0495, ""gs10"": 0.0495, ""residual_pct"": null, ""brake_values"": {""gm"": 1.0603491787071624, ""fcf_margin"": 1.3149169472234747, ""roic"": null}}",False,"{""floor"": true, ""mom_sector_pct"": 27.27272727272727, ""eps_rev_proxy"": -5.0}"
HUBB,48898,Hubbell Incorporated,Industrials,Industrial Machinery & Supplies & Components,Capital Goods,2.9568788501026693,5.9986310746064335,235324876.54452562,0.12915530140891684,-0.15049670013901162,0.14449764208220772,10.0,0.3226087042960694,0.09651001475307312,0.12101790171610449,0.1281617003852668,0.2609000632934075,0.11515707801918869,0.1311396080329059,0.28492618039602396,7,9,False,0.0967872864810233,0.1095693576106167,0.12617400413653557,False,0.35469721985957536,0.14614499424626007,0.13782291823018294,1.0994657463862387,1.2076312031016794,1.196825419686469,1.0255510959078005,50.0,-0.004119602929403844,0.9995186462094022,260.0,,466.9800109863281,52841777.0,24676053603.9971,26908453603.9971,6001000000.0,2232400000.0,1079000000.0,169700000.0,33000000.0,219600000.0,2221800000.0,5996100000.0,1233600000.0,909300000.0,876300000.0,826400000.0,1453200000.0,905700000.0,981904755.1954913,0.20403311025008805,0.16362352194559096,21.812948771074172,30.706896729427253,0.032565973983351856,32.56105227976416,0.030711538171678616,27.245283873244013,1.0039748261013581,1.5289017341040463,3059600000.0,53600000.0,0.5187802032994501,7.0,0.15954692320888625,0.16475793622887916,43.46153846153846,-0.16379868979324777,0.9832050572708843,260.0,[],True,1.0,ig,Capital Goods,62.16216216216216,68.29268292682927,40.625,54.87804878048781,64.28571428571429,35.8974358974359,54.05405405405405,51.21951219512195,57.8125,1.0,44.42922747130226,"{'profitability': 66.5, 'growth': 86.0, 'balance': 49.0, 'stability': 66.2}",45.646284151414484,False,0.0977808328041867,27.84647662287121,,45.03775581135837,,False,"{""floor"": false, ""depressed_arms"": {""self_pct"": false, ""self_z"": false, ""median_ratio"": false}, ""yield_arm"": false, ""residual_arm"": false, ""brakes"": {""gm"": true, ""fcf_margin"": true, ""roic"": true}, ""self_pct"": 43.46153846153846, ""self_z"": -0.16379868979324777, ""median_ratio"": 0.9832050572708843, ""fcf_yield"": 0.032565973983351856, ""yield_threshold"": 0.0495, ""gs10"": 0.0495, ""residual_pct"": null, ""brake_values"": {""gm"": 1.0994657463862387, ""fcf_margin"": 1.2076312031016794, ""roic"": 1.0255510959078005}}",False,"{""floor"": false, ""mom_sector_pct"": 57.8125, ""eps_rev_proxy"": null}"
XYL,1524472,Xylem Inc.,Industrials,Industrial Machinery & Supplies & Components,Capital Goods,14.91854893908282,5.9986310746064335,234426834.2064225,-0.2848078589048211,-0.3239434941820216,-0.31735661308791807,10.0,0.37725824070431696,0.013825168144425571,0.07755615633853155,0.06871265616512764,0.40858954143422394,0.05960558095440736,0.0584932995291561,0.3663197535199703,8,9,False,0.1405593869282733,0.07259723371599303,0.023044746725821685,False,0.39239535393381547,0.09938636861713784,0.07484111330265177,1.0401240094881388,1.2814762013645664,1.2556058024146792,,0.38461538461538464,-0.6045667569357724,0.6415974652499735,260.0,,100.87999725341797,233486812.0,23554148953.269318,25582148953.269318,12449000000.0,2028000000.0,1301000000.0,341000000.0,53000000.0,565000000.0,2025000000.0,9126000000.0,1321000000.0,960000000.0,907000000.0,683000000.0,1886000000.0,1018000000.0,,,,19.36574485485944,28.205235891145886,0.035454410091068145,37.4555621570561,0.026698304401543044,23.137670877474772,0.9430255402750491,1.0737009544008485,8256000000.0,168000000.0,0.6766808579002329,,,,0.38461538461538464,-0.5503216813493067,0.6209028201583927,260.0,[],True,0.8,ig,Capital Goods,,34.146341463414636,62.5,,64.28571428571429,30.76923076923077,64.86486486486487,63.41463414634146,7.8125,1.0,39.46242310104976,"{'profitability': 27.5, 'growth': 80.2, 'balance': 64.2, 'stability': 72.6}",68.29901114356332,False,,,,53.880717122306535,,False,"{""floor"": false, ""depressed_arms"": {""self_pct"": true, ""self_z"": false, ""median_ratio"": true}, ""yield_arm"": false, ""residual_arm"": false, ""brakes"": {""gm"": true, ""fcf_margin"": true, ""roic"": false}, ""self_pct"": 0.38461538461538464, ""self_z"": -0.5503216813493067, ""median_ratio"": 0.6209028201583927, ""fcf_yield"": 0.035454410091068145, ""yield_threshold"": 0.0495, ""gs10"": 0.0495, ""residual_pct"": null, ""brake_values"": {""gm"": 1.0401240094881388, ""fcf_margin"": 1.2814762013645664, ""roic"": null}}",False,"{""floor"": false, ""mom_sector_pct"": 7.8125, ""eps_rev_proxy"": null}"
FFIV,1048695,"F5, Inc.",Information Technology,Communications Equipment,Technology Hardware and Equipment,15.783709787816564,5.9986310746064335,231643632.07138014,0.20152005668167128,0.0,0.36525317766220033,10.0,0.8031229335139299,0.0109350533114446,0.14842066001746476,0.14260725139585836,0.2540876570316046,0.12304448178940015,0.11004503314107311,0.5233864246278732,9,9,False,0.05607201474998624,0.08566473257280083,0.1150137046003683,False,0.8186552452277378,0.2172075814696138,0.21190197900966115,1.0193398931416997,1.4634592073910386,1.7221575151362518,1.4258809432378443,58.07692307692308,0.04974404626616416,1.0307180194623415,260.0,,443.67999267578125,56627182.0,25124347695.01013,23770945695.01013,2502327000.0,-1353402000.0,1049441000.0,79846000.0,250783000.0,97404000.0,-1353402000.0,3309332000.0,812125000.0,969595000.0,718812000.0,701254000.0,909529000.0,726510000.0,691366409.872429,0.14869458535024907,0.27628939378124,29.27005780515331,33.069767470507074,0.030239099833158475,33.89776841916072,0.0295004670406194,34.58224621135309,1.3345927791771621,-1.4880251206943373,2482495000.0,69552000.0,1.0198695054643139,7.0,0.19376750568939577,0.1685951130117355,70.0,0.6225896185703111,1.18292930206822,260.0,[],True,1.0,ig,Technology Hardware and Equipment,47.61904761904761,68.42105263157895,100.0,47.61904761904761,64.28571428571429,76.19047619047619,95.0,42.85714285714286,52.54237288135594,1.0,65.50083399016017,"{'profitability': 70.7, 'growth': 59.1, 'balance': 100.0, 'stability': 86.2}",34.184191956026574,True,-0.08736889372171674,36.089010086634765,33.78378378378378,49.84251297309338,4.0,False,"{""floor"": true, ""depressed_arms"": {""self_pct"": false, ""self_z"": false, ""median_ratio"": false}, ""yield_arm"": false, ""residual_arm"": false, ""brakes"": {""gm"": true, ""fcf_margin"": true, ""roic"": true}, ""self_pct"": 70.0, ""self_z"": 0.6225896185703111, ""median_ratio"": 1.18292930206822, ""fcf_yield"": 0.030239099833158475, ""yield_threshold"": 0.0495, ""gs10"": 0.0495, ""residual_pct"": 33.78378378378378, ""brake_values"": {""gm"": 1.0193398931416997, ""fcf_margin"": 1.4634592073910386, ""roic"": 1.4258809432378443}}",False,"{""floor"": true, ""mom_sector_pct"": 52.54237288135594, ""eps_rev_proxy"": 4.0}"
PODD,1145197,Insulet Corporation,Health Care,Health Care Equipment,Health Care Equipment and Services,3.5509924709103355,5.9986310746064335,230229543.8831853,-0.5229037329933014,-0.6068831124516301,-0.5768957189697475,3.0,0.6798617974467656,0.049304298760763844,0.002716455016479327,0.01278651817806847,1.7933526908063109,0.03384511812113236,0.014436391491367627,1.7870425256672648,9,9,False,0.2452622671955278,,,False,0.7107486736097465,0.07067531276609682,0.10938625794196634,1.0454311100858693,26.01747952288783,3.231965613193333,1.4667004300967132,7.9787234042553195,-0.19698555094497178,0.2908530920034712,188.0,,130.7899932861328,69354199.0,9070835221.575119,9975335221.575119,2326700000.0,904500000.0,511200000.0,217500000.0,77900000.0,99300000.0,904500000.0,3053400000.0,515700000.0,293700000.0,215800000.0,334000000.0,615000000.0,375300000.0,391231473.620376,0.24135839902971498,0.16814865415411354,19.34329110253077,46.22490834835551,0.021633358198655594,29.86627311848838,0.0334825840516727,24.169558277578254,0.7825739408473221,1.4707317073170731,51600000.0,115100000.0,0.07164653801521469,3.0,0.11464417048205675,0.13872106706596404,,,,,"['mktcap<10B', 'fcf_cagr5 gate']",False,0.9,ig,Health Care Equipment and Services,48.148148148148145,3.4482758620689653,77.27272727272727,41.07142857142857,5.0,13.793103448275861,55.55555555555556,50.0,2.380952380952381,1.0,42.17327042656028,"{'profitability': 37.2, 'growth': 100.0, 'balance': 51.0, 'stability': 70.1}",,False,0.6118659000460966,25.069523231446365,,,,False,"{""floor"": false, ""depressed_arms"": {""self_pct"": false, ""self_z"": false, ""median_ratio"": false}, ""yield_arm"": false, ""residual_arm"": false, ""brakes"": {""gm"": true, ""fcf_margin"": true, ""roic"": true}, ""self_pct"": null, ""self_z"": null, ""median_ratio"": null, ""fcf_yield"": 0.021633358198655594, ""yield_threshold"": 0.0495, ""gs10"": 0.0495, ""residual_pct"": null, ""brake_values"": {""gm"": 1.0454311100858693, ""fcf_margin"": 26.01747952288783, ""roic"": 1.4667004300967132}}",False,"{""floor"": false, ""mom_sector_pct"": 2.380952380952381, ""eps_rev_proxy"": null}"
OMC,29989,Omnicom Group,Communication Services,Advertising,Media and Entertainment,28.752908966461327,5.9986310746064335,228748596.0428279,0.0974210227308212,-0.14512778670536308,0.0024242892094406,10.0,0.16772482089715476,0.247747676294742,0.09485015064372773,0.08567130858550796,0.4167021354166537,0.09465934836179912,0.08925942214658585,0.43578075114916864,5,9,False,0.0557075161852465,0.11075007077923482,0.12339290009419623,False,0.09459050463065721,0.14543693630072033,0.13519198563386534,0.5639624721296204,1.533333740786608,1.4281947633650056,,20.384615384615383,-0.3592137414957412,0.7771116393200372,260.0,gm_derived,74.69999694824219,285006196.0,21289961971.430115,29707961971.430115,17855100000.0,8418000000.0,3171800000.0,181500000.0,107100000.0,384600000.0,7783000000.0,19824400000.0,638300000.0,2990300000.0,2883200000.0,2680100000.0,1022900000.0,63000000.0,,,,46.54231861417846,10.303815889092022,0.0970514235467498,11.084646830875757,0.09021487244993207,337.93590430841454,47.46507936507936,7.608759409521947,18733900000.0,4945200000.0,1.3261813151424522,,,,10.0,-0.6704593909066228,0.6891800960522685,260.0,[],True,0.8,ig,Media and Entertainment,,33.33333333333333,25.0,,72.22222222222221,100.0,0.0,11.111111111111114,81.81818181818183,1.0,11.102625670280672,"{'profitability': 34.3, 'growth': 69.4, 'balance': 0.0, 'stability': 32.2}",62.576419971826354,False,,,,36.839522821053514,,False,"{""floor"": false, ""depressed_arms"": {""self_pct"": true, ""self_z"": false, ""median_ratio"": true}, ""yield_arm"": true, ""residual_arm"": false, ""brakes"": {""gm"": false, ""fcf_margin"": true, ""roic"": false}, ""self_pct"": 10.0, ""self_z"": -0.6704593909066228, ""median_ratio"": 0.6891800960522685, ""fcf_yield"": 0.0970514235467498, ""yield_threshold"": 0.0495, ""gs10"": 0.0495, ""residual_pct"": null, ""brake_values"": {""gm"": 0.5639624721296204, ""fcf_margin"": 1.533333740786608, ""roic"": null}}",False,"{""floor"": false, ""mom_sector_pct"": 81.81818181818183, ""eps_rev_proxy"": null}"
TECH,842023,Bio-Techne,Health Care,Life Sciences Tools & Services,Pharmaceuticals Biotechnology and Life Sciences,5.089664613278576,5.9986310746064335,227633193.93990558,0.1571136127582582,-0.0028921509806835166,0.15663436388701313,10.0,0.6662357724729555,0.01965704651584564,0.18028380645715947,0.17687012917799178,0.08887064216956629,0.12534396903105566,0.12620911756741965,0.1649814180818298,8,9,False,0.05469071323715702,-0.03084494017537176,-0.06572885157777075,False,0.6576504951692909,0.18259331593471484,0.12620911756741965,0.9871137551323648,1.0128104100026543,1.0069021951598616,0.930869024597259,52.69230769230769,0.008177894034835277,1.0032103686037175,260.0,,72.4000015258789,156818238.0,11353640670.485641,11189756670.485641,1944337000.0,-163884000.0,292073000.0,28850000.0,41365000.0,97359000.0,-163125000.0,1215039000.0,251890000.0,263223000.0,221858000.0,153349000.0,349249000.0,109563000.0,190332471.2481303,0.24438258268239987,0.09789068008690381,44.423187385309625,50.436570556327204,0.019826883330285254,72.96921838737548,0.013704408819226323,103.62659538791053,2.402480764491662,-0.46707363514283506,975355000.0,326165000.0,0.6693901314432632,4.0,0.10516053010707524,0.09789068008690381,56.53846153846154,0.08293886238966969,1.0300258111309726,260.0,[],True,1.0,ig,Pharmaceuticals Biotechnology and Life Sciences,41.66666666666667,50.0,55.55555555555556,45.83333333333333,62.5,88.88888888888889,75.0,20.0,47.61904761904761,1.0,53.50341287420881,"{'profitability': 59.8, 'growth': 22.8, 'balance': 100.0, 'stability': 88.0}",28.28849053100047,False,0.40057726421918183,33.789133408555955,,40.89595170260464,,False,"{""floor"": false, ""depressed_arms"": {""self_pct"": false, ""self_z"": false, ""median_ratio"": false}, ""yield_arm"": false, ""residual_arm"": false, ""brakes"": {""gm"": true, ""fcf_margin"": true, ""roic"": true}, ""self_pct"": 56.53846153846154, ""self_z"": 0.08293886238966969, ""median_ratio"": 1.0300258111309726, ""fcf_yield"": 0.019826883330285254, ""yield_threshold"": 0.0495, ""gs10"": 0.0495, ""residual_pct"": null, ""brake_values"": {""gm"": 0.9871137551323648, ""fcf_margin"": 1.0128104100026543, ""roic"": 0.930869024597259}}",False,"{""floor"": false, ""mom_sector_pct"": 47.61904761904761, ""eps_rev_proxy"": null}"
RL,1037038,Ralph Lauren Corporation,Consumer Discretionary,"Apparel, Accessories & Luxury Goods",Consumer Durables and Apparel,19.66324435318275,5.9986310746064335,225223118.69424438,0.09977423577559352,-0.1172547342573913,0.13889775651294367,9.0,0.6731908040771881,0.026368850272516644,0.08590061516048361,0.0982996116029336,0.4852857448309943,0.08454448625420616,0.09984595477232115,0.49348678883700586,6,9,False,0.13017585944048937,0.16038850681605243,,False,0.702688146304098,0.09170337035618537,0.1156644963615473,1.0438172091006872,1.0675519632177344,1.3680903567592841,1.3061640378337958,59.05172413793104,0.20055901155468123,1.1316239271681932,232.0,shares_was_proxy,362.6600036621094,60100000.0,21795866220.092773,22858166220.092773,3783900000.0,1062300000.0,1317400000.0,436600000.0,114600000.0,236400000.0,1062300000.0,8355200000.0,1248000000.0,880800000.0,766200000.0,966400000.0,1484400000.0,982900000.0,987727836.3797407,0.20855141315725903,0.2610343392742252,18.31583831738203,29.833158731522804,0.033519749249460586,23.652903787347654,0.0422781071191317,22.175059741675422,0.8961237155356598,0.715642683912692,899500000.0,93300000.0,0.2623747984883321,7.0,0.19984805255175828,0.190698964556656,75.30364372469636,0.02544965178135048,1.7994284519487553,247.0,[],True,1.0,ig,Consumer Durables and Apparel,50.0,50.0,75.0,72.22222222222221,25.0,22.22222222222222,30.0,33.33333333333334,60.60606060606061,1.0,44.7223404939789,"{'profitability': 66.0, 'growth': 100.0, 'balance': 76.1, 'stability': 56.4}",29.92826520037009,False,0.04855946615470419,28.419087596152487,,37.3253028471745,,False,"{""floor"": false, ""depressed_arms"": {""self_pct"": false, ""self_z"": false, ""median_ratio"": false}, ""yield_arm"": false, ""residual_arm"": false, ""brakes"": {""gm"": true, ""fcf_margin"": true, ""roic"": true}, ""self_pct"": 75.30364372469636, ""self_z"": 0.02544965178135048, ""median_ratio"": 1.7994284519487553, ""fcf_yield"": 0.033519749249460586, ""yield_threshold"": 0.0495, ""gs10"": 0.0495, ""residual_pct"": null, ""brake_values"": {""gm"": 1.0438172091006872, ""fcf_margin"": 1.0675519632177344, ""roic"": 1.3061640378337958}}",False,"{""floor"": false, ""mom_sector_pct"": 60.60606060606061, ""eps_rev_proxy"": null}"
LVS,1300514,Las Vegas Sands,Consumer Discretionary,Casinos & Gaming,Consumer Services,6.997946611909651,5.9986310746064335,224402261.37480402,-0.11063247756591632,-0.45227550190950616,-0.26457304570054463,7.0,,,-0.033700289625769264,0.1383575324575555,2.640444568868794,0.09702989786465398,0.22217100714450333,1.1621407839663513,6,9,False,0.34658172096858997,,,False,,0.19221517603323857,0.26160798892047527,,-5.703665403702029,2.696158551927877,2.403995642292418,,,,,,36.689998626708984,647701184.0,23764155551.477783,36818155551.47778,13635000000.0,13054000000.0,3732000000.0,1029000000.0,66000000.0,77000000.0,12738000000.0,13719000000.0,2948000000.0,2703000000.0,2637000000.0,3589000000.0,3025000000.0,1727000000.0,2458345004.269855,0.16609735269000853,0.18029666331278732,12.489197948262477,13.962137107120888,0.07162227331874473,10.25861118737191,0.09747908188887933,13.760368008962237,1.5651418645049218,4.210909090909091,103000000.0,488000000.0,0.04334433443344334,7.0,0.0749987479764559,0.1393881061823174,0.5988023952095809,-0.430401542381944,0.5370212735458878,167.0,['fcf_cagr5 gate'],False,0.9,ig,Consumer Services,50.0,23.076923076923077,,76.92307692307693,30.76923076923077,69.23076923076923,11.111111111111114,69.23076923076923,45.45454545454545,1.0,24.44773920659385,"{'profitability': 62.5, 'growth': 100.0, 'balance': 0.0, 'stability': 44.4}",79.36229574357759,False,-0.48229648585460394,22.615729491266954,,51.90501747508572,,False,"{""floor"": false, ""depressed_arms"": {""self_pct"": true, ""self_z"": false, ""median_ratio"": true}, ""yield_arm"": true, ""residual_arm"": false, ""brakes"": {""gm"": false, ""fcf_margin"": false, ""roic"": true}, ""self_pct"": 0.5988023952095809, ""self_z"": -0.430401542381944, ""median_ratio"": 0.5370212735458878, ""fcf_yield"": 0.07162227331874473, ""yield_threshold"": 0.0495, ""gs10"": 0.0495, ""residual_pct"": null, ""brake_values"": {""gm"": null, ""fcf_margin"": -5.703665403702029, ""roic"": 2.403995642292418}}",False,"{""floor"": false, ""mom_sector_pct"": 45.45454545454545, ""eps_rev_proxy"": null}"
APA,1841666,APA Corporation,Energy,Oil & Gas Exploration & Production,Energy,29.180013689253936,5.9986310746064335,221847616.1601224,0.8036549759696845,-0.03409848040378827,0.8276924502476228,4.0,0.4806949264706237,0.12787378975173047,0.14882482846329473,0.14634371934610071,0.5243235562296557,0.22930262358320685,0.22158228826838883,0.4127225259668044,1,3,False,,,,False,0.5148762207585738,0.2387008857597093,0.2657279127867363,1.0711080820821581,1.6039049950498083,1.1588524746656979,0.7028537535225448,,,,,sbc_unreported;facts_yf,43.34000015258789,350351510.0,15184234496.859398,19406234496.859398,11243000000.0,4222000000.0,4528000000.0,2426000000.0,,2188000000.0,3299000000.0,8806000000.0,3640000000.0,2102000000.0,2102000000.0,2340000000.0,5828000000.0,1677000000.0,2318493723.8493724,0.36305117476665594,0.20621664358706504,5.331383103532802,9.23227140668858,0.10831570649835116,8.29326260549547,0.12057980647295038,9.054403397053905,1.2534287418008347,0.5660603980782429,,,0.0,4.0,0.2933990784762174,0.23483588338642075,,,,,"['rev_cagr5 gate', 'fcf_cagr5 gate']",False,0.9,ig,Energy,90.9090909090909,75.0,80.0,68.18181818181817,13.636363636363635,80.0,63.63636363636363,90.9090909090909,72.72727272727273,0.7,23.122776621902723,"{'profitability': 79.3, 'growth': None, 'balance': 81.1, 'stability': 28.9}",,False,-0.7660604857816624,19.861150621828934,,,,False,"{""floor"": false, ""depressed_arms"": {""self_pct"": false, ""self_z"": false, ""median_ratio"": false}, ""yield_arm"": true, ""residual_arm"": false, ""brakes"": {""gm"": true, ""fcf_margin"": true, ""roic"": false}, ""self_pct"": null, ""self_z"": null, ""median_ratio"": null, ""fcf_yield"": 0.10831570649835116, ""yield_threshold"": 0.0495, ""gs10"": 0.0495, ""residual_pct"": null, ""brake_values"": {""gm"": 1.0711080820821581, ""fcf_margin"": 1.6039049950498083, ""roic"": 0.7028537535225448}}",False,"{""floor"": false, ""mom_sector_pct"": 72.72727272727273, ""eps_rev_proxy"": null}"
ZBRA,877212,Zebra Technologies,Information Technology,Electronic Equipment & Instruments,Technology Hardware and Equipment,6.776180698151951,5.9986310746064335,220708746.4121244,0.18927241277461926,-0.002762299275729352,0.230943248372516,9.0,0.46980986097445443,0.02398001504640197,0.09756189472170244,0.12379540400296515,0.6639099010213969,0.07645980771507294,0.10544848035581912,0.9339652698845281,7,9,False,0.03939693656763299,-0.014729232461778152,-0.05748088617015479,False,0.495809817000171,0.12485035060714897,0.1017615871387036,1.055341443816843,1.2797040377627706,1.3309160744677466,0.8657274000436184,60.57692307692307,0.08192642033460587,1.1440627074571055,208.0,,375.45001220703125,47310660.0,17762787874.522705,20567787874.522705,6240000000.0,2805000000.0,979000000.0,75000000.0,174000000.0,210000000.0,2805000000.0,5847000000.0,858000000.0,904000000.0,730000000.0,595000000.0,1068000000.0,539000000.0,652273624.8236954,0.2397743300423131,0.10453102961918195,23.971780739536953,28.175051882907816,0.03549239249517203,34.567710713483535,0.028928730869352548,32.955079544569024,1.6771799628942485,2.6264044943820224,4701000000.0,809000000.0,0.8830128205128205,5.0,0.12074358465946129,0.09327397055776941,50.427350427350426,0.00011888241830344194,1.0003100924528334,234.0,[],True,1.0,ig,Technology Hardware and Equipment,23.809523809523807,42.10526315789473,65.0,35.714285714285715,26.190476190476193,95.23809523809523,5.0,66.66666666666667,50.847457627118644,1.0,17.150793269964186,"{'profitability': 48.1, 'growth': 16.4, 'balance': 12.5, 'stability': 61.5}",48.52005817408353,False,-0.23619031520479528,35.6813169327508,,32.83542572202386,,False,"{""floor"": false, ""depressed_arms"": {""self_pct"": false, ""self_z"": false, ""median_ratio"": false}, ""yield_arm"": false, ""residual_arm"": false, ""brakes"": {""gm"": true, ""fcf_margin"": true, ""roic"": false}, ""self_pct"": 50.427350427350426, ""self_z"": 0.00011888241830344194, ""median_ratio"": 1.0003100924528334, ""fcf_yield"": 0.03549239249517203, ""yield_threshold"": 0.0495, ""gs10"": 0.0495, ""residual_pct"": null, ""brake_values"": {""gm"": 1.055341443816843, ""fcf_margin"": 1.2797040377627706, ""roic"": 0.8657274000436184}}",False,"{""floor"": false, ""mom_sector_pct"": 50.847457627118644, ""eps_rev_proxy"": null}"
LH,920148,Labcorp,Health Care,Health Care Services,Health Care Equipment and Services,21.916495550992472,5.9986310746064335,220123120.92584935,0.1923032527413766,-0.09242708188415483,0.11100236100160976,10.0,0.3071127043945487,0.12585442907183025,0.10546711065494778,0.0774242565422135,0.4333340904458086,0.0933498405688397,0.0634642437100754,0.5362573579245019,7,9,False,-0.00038374040677147114,-0.07213807399036487,-0.09835784744759202,False,0.28882771117925843,0.07176609980485085,0.05691385558962922,0.9404616189638333,0.6804595229658364,0.6096834792948446,,90.76923076923077,1.0404281176336834,1.3295435018372468,260.0,,304.6000061035156,81100000.0,24703060494.995117,31347560494.995117,15251300000.0,6644500000.0,1638400000.0,483200000.0,125500000.0,696300000.0,6624300000.0,14348000000.0,1496600000.0,1155200000.0,1029700000.0,816600000.0,2192900000.0,1002800000.0,,,,20.945850925427713,30.443391759731103,0.032847851116338055,38.38790165931315,0.026049873964845736,24.634085056835975,1.1519744714798563,3.0207943818687584,7030100000.0,3136600000.0,0.6666120265157724,,,,81.53846153846153,0.9718104813271645,1.3216784497234568,260.0,"['rev_cagr5 gate', 'fcf_cagr5 gate']",False,0.8,ig,Health Care Equipment and Services,,48.275862068965516,18.181818181818183,,58.333333333333336,37.93103448275862,18.51851851851852,43.333333333333336,54.761904761904766,1.0,6.273705344941185,"{'profitability': 28.7, 'growth': 0.0, 'balance': 0.0, 'stability': 54.6}",30.003291505114184,False,,,,18.138498425027684,,False,"{""floor"": false, ""depressed_arms"": {""self_pct"": false, ""self_z"": false, ""median_ratio"": false}, ""yield_arm"": false, ""residual_arm"": false, ""brakes"": {""gm"": false, ""fcf_margin"": false, ""roic"": false}, ""self_pct"": 81.53846153846153, ""self_z"": 0.9718104813271645, ""median_ratio"": 1.3216784497234568, ""fcf_yield"": 0.032847851116338055, ""yield_threshold"": 0.0495, ""gs10"": 0.0495, ""residual_pct"": null, ""brake_values"": {""gm"": 0.9404616189638333, ""fcf_margin"": 0.6804595229658364, ""roic"": null}}",False,"{""floor"": false, ""mom_sector_pct"": 54.761904761904766, ""eps_rev_proxy"": null}"
WST,105770,West Pharmaceutical Services,Health Care,Health Care Supplies,Health Care Equipment and Services,6.362765229295003,5.9986310746064335,217566300.5385911,0.25121281351958125,-0.014658224381801532,0.34336911975116213,10.0,0.3791735860692516,0.06548686709520675,0.12279722051539388,0.13261916062105905,0.18545619442774117,0.18142161542250174,0.1820370189649003,0.13157355400857676,8,9,False,0.07443769129295252,0.0948223416998002,0.11181063049575268,False,0.3678610075748467,0.12152819526271492,0.13472405915594565,0.9701651726016094,0.9896656842284157,0.7426020259063123,0.8469307175296453,88.84615384615384,1.3152009178216664,1.366179813742485,260.0,,365.010009765625,70375762.0,25687857574.8833,25560057574.8833,2862400000.0,-127800000.0,662200000.0,225300000.0,32600000.0,181400000.0,-127800000.0,3326800000.0,680400000.0,436900000.0,404300000.0,448200000.0,861800000.0,564900000.0,538944290.6574394,0.20790080738177624,0.18828405906143075,37.566222185307616,63.22052331160846,0.01581764825120297,57.028240907816375,0.01753517176895664,45.473283014486285,0.7734112232253496,-0.14829426781155722,108700000.0,17700000.0,0.044158747903856904,4.0,0.2223134137944881,0.21302831719844637,53.84615384615385,0.02931650566661582,1.0073076127457512,260.0,[],True,1.0,ig,Health Care Equipment and Services,81.48148148148148,68.96551724137932,27.27272727272727,51.78571428571429,58.333333333333336,10.344827586206897,77.77777777777777,6.666666666666671,66.66666666666666,1.0,62.66890964252944,"{'profitability': 71.4, 'growth': 70.5, 'balance': 100.0, 'stability': 78.6}",23.681464688126848,True,0.9090687858975155,25.47150046895159,87.83783783783784,43.17518716532815,6.0,False,"{""floor"": true, ""depressed_arms"": {""self_pct"": false, ""self_z"": false, ""median_ratio"": false}, ""yield_arm"": false, ""residual_arm"": false, ""brakes"": {""gm"": true, ""fcf_margin"": true, ""roic"": false}, ""self_pct"": 53.84615384615385, ""self_z"": 0.02931650566661582, ""median_ratio"": 1.0073076127457512, ""fcf_yield"": 0.01581764825120297, ""yield_threshold"": 0.0495, ""gs10"": 0.0495, ""residual_pct"": 87.83783783783784, ""brake_values"": {""gm"": 0.9701651726016094, ""fcf_margin"": 0.9896656842284157, ""roic"": 0.8469307175296453}}",False,"{""floor"": true, ""mom_sector_pct"": 66.66666666666666, ""eps_rev_proxy"": 6.0}"
RVTY,31791,Revvity,Health Care,Health Care Equipment,Health Care Equipment and Services,41.3388090349076,5.9986310746064335,217312561.68777418,0.38841100105414883,-0.013566296363427988,0.5892838157534357,10.0,,,0.16879454207147146,0.1703625040309154,0.7059295581750906,0.06291734015503388,0.05903428860562478,1.9349319814994428,6,9,False,0.014078223738904772,-0.09270053824079161,-0.25262367100314376,False,,0.18328250013479583,0.06558427040766039,,1.0858319107094698,1.0423878416674157,0.7649466114447454,75.38461538461539,0.0008307196794847698,1.1784499400606714,195.0,,149.05999755859375,111586401.0,16633068660.632263,18988214660.632263,9583904000.0,2355146000.0,627633000.0,69520000.0,24429000.0,412235000.0,2355146000.0,2911811000.0,358847000.0,558113000.0,533684000.0,190969000.0,771082000.0,237554000.0,326643134.9015217,0.08974260645477973,0.034082471496117,52.91451415403295,35.579508961543276,0.02810606523774308,99.43087443842856,0.01005723831403332,70.01805341367547,2.3494152908391355,3.0543392272157823,6607802000.0,2224001000.0,0.9215245686935094,1.0,0.04455535979399379,0.032756169303545066,73.93162393162393,0.09741286153015499,1.2160135454854246,234.0,['fcf_cagr5 gate'],False,0.9,ig,Health Care Equipment and Services,11.11111111111111,89.65517241379311,,25.0,58.333333333333336,86.20689655172413,14.81481481481481,0.0,83.33333333333334,1.0,8.295286764529259,"{'profitability': 42.3, 'growth': 5.9, 'balance': 0.0, 'stability': 44.4}",19.325436592599516,False,0.3728182184677653,24.50682530684562,,13.810361678564387,,False,"{""floor"": false, ""depressed_arms"": {""self_pct"": false, ""self_z"": false, ""median_ratio"": false}, ""yield_arm"": false, ""residual_arm"": false, ""brakes"": {""gm"": false, ""fcf_margin"": true, ""roic"": false}, ""self_pct"": 73.93162393162393, ""self_z"": 0.09741286153015499, ""median_ratio"": 1.2160135454854246, ""fcf_yield"": 0.02810606523774308, ""yield_threshold"": 0.0495, ""gs10"": 0.0495, ""residual_pct"": null, ""brake_values"": {""gm"": null, ""fcf_margin"": 1.0858319107094698, ""roic"": 0.7649466114447454}}",False,"{""floor"": false, ""mom_sector_pct"": 83.33333333333334, ""eps_rev_proxy"": null}"
ROL,84839,"Rollins, Inc.",Industrials,Environmental & Facilities Services,Commercial and Professional Services,8.002737850787133,5.9986310746064335,214369731.52983528,-0.3803282271931988,-0.5231763167962891,-0.4717410601458052,10.0,,,0.15599047261862312,0.15360318537233342,0.19436009138634167,0.13200388923725312,0.1314430389961468,0.1867714870330904,9,9,False,0.11717710237805679,0.09518855324042774,0.09476315183954398,False,,0.1472408772740397,0.12124635482142161,,0.943909424737913,0.9185059282874857,1.014417867699591,0.7692307692307693,-4.213043128705556,0.5990256259425882,260.0,gm_derived,30.56999969482422,481145404.0,14708614853.446075,15498914853.446075,2219897000.0,790300000.0,646966000.0,27797000.0,41393000.0,129800000.0,790300000.0,3924019000.0,731932000.0,619169000.0,577776000.0,475773000.0,861732000.0,531716000.0,556775507.6431818,0.23930705633421986,0.25081141496347886,21.175348056166523,26.825127477510446,0.03727848081387037,32.57628081762957,0.030697181351003758,27.66253950124893,1.1644731397964327,0.9171064785803474,1449382000.0,601532000.0,0.9238779997450333,7.0,0.24724664553893091,0.24928631278349161,0.7692307692307693,-4.367033281786515,0.5828401245963618,260.0,[],True,0.9,ig,Commercial and Professional Services,70.0,63.63636363636363,,50.0,63.63636363636363,54.54545454545454,54.54545454545455,18.181818181818173,3.125,1.0,68.89767125667868,"{'profitability': 79.4, 'growth': 88.5, 'balance': 69.4, 'stability': 87.0}",52.89340884764274,True,0.15920915311750283,22.876950781213072,55.4054054054054,60.89554005216071,-15.0,False,"{""floor"": true, ""depressed_arms"": {""self_pct"": true, ""self_z"": true, ""median_ratio"": true}, ""yield_arm"": false, ""residual_arm"": false, ""brakes"": {""gm"": false, ""fcf_margin"": false, ""roic"": true}, ""self_pct"": 0.7692307692307693, ""self_z"": -4.367033281786515, ""median_ratio"": 0.5828401245963618, ""fcf_yield"": 0.03727848081387037, ""yield_threshold"": 0.0495, ""gs10"": 0.0495, ""residual_pct"": 55.4054054054054, ""brake_values"": {""gm"": null, ""fcf_margin"": 0.943909424737913, ""roic"": 1.014417867699591}}",False,"{""floor"": true, ""mom_sector_pct"": 3.125, ""eps_rev_proxy"": -15.0}"
SW,2005951,Smurfit Westrock,Materials,Paper & Plastic Packaging Products & Materials,Materials,2.2340862422997945,5.9986310746064335,214050191.06575236,0.12410458742601649,-0.14047472471818567,0.05567227883418191,4.0,0.22182461030700198,0.11662156791952011,0.025978773487826887,0.03311503482748247,0.7169034564478736,0.03712011823201705,0.04092051571550309,0.7824427225351009,2,3,False,,,,False,0.17933984549575432,0.028730128327906532,0.014109685245482985,0.8084758731123234,1.1059078035908383,0.3801088444086102,,,,,,,43.040000915527344,524522908.0,22575466440.535065,36790466440.535065,32251000000.0,14215000000.0,3297000000.0,2282000000.0,115000000.0,2740000000.0,14191000000.0,31326000000.0,1477000000.0,1015000000.0,900000000.0,442000000.0,4217000000.0,497000000.0,1009181189.4882435,0.31673582295988933,0.03129146970600116,24.908914313158473,40.87829604503896,0.024462859188118267,83.23634941297526,0.012013981956831416,45.423473723410595,2.0422535211267605,3.3651885226464313,7175000000.0,1021000000.0,0.2541316548324083,0.0,,,,,,,"['rev_cagr5 gate', 'fcf_cagr5 gate']",False,0.8,ig,Materials,,14.285714285714285,35.714285714285715,14.285714285714285,14.285714285714285,90.9090909090909,9.090909090909093,33.33333333333334,50.0,0.7,3.6187211712666842,"{'profitability': 13.6, 'growth': None, 'balance': 0.0, 'stability': 46.7}",,False,,,,,,False,"{""floor"": false, ""depressed_arms"": {""self_pct"": false, ""self_z"": false, ""median_ratio"": false}, ""yield_arm"": false, ""residual_arm"": false, ""brakes"": {""gm"": false, ""fcf_margin"": true, ""roic"": false}, ""self_pct"": null, ""self_z"": null, ""median_ratio"": null, ""fcf_yield"": 0.024462859188118267, ""yield_threshold"": 0.0495, ""gs10"": 0.0495, ""residual_pct"": null, ""brake_values"": {""gm"": 0.8084758731123234, ""fcf_margin"": 1.1059078035908383, ""roic"": null}}",False,"{""floor"": false, ""mom_sector_pct"": 50.0, ""eps_rev_proxy"": null}"
VRSN,1014473,Verisign,Information Technology,Internet Services & Infrastructure,Software and Services,20.6652977412731,5.9986310746064335,209842198.93280262,0.08330055621311017,-0.0717993694529453,0.06408839103634523,10.0,0.8682134854161827,0.011527041004784615,0.5354074857934782,0.5229138886939434,0.1278082584331425,,,,9,9,False,0.05540357333639068,0.09237710284589173,0.11723272617923519,True,0.8846536682475554,0.5804203993208034,,1.0189356455612897,1.0840722528573086,,,,,,,gm_derived;ev_or_ic_nonpos,286.8999938964844,90300000.0,25907069448.85254,24933882448.85254,-3227287000.0,-973187000.0,1101300000.0,35200000.0,74800000.0,,-1025439000.0,1707900000.0,1159000000.0,1066100000.0,991300000.0,,,850000000.0,892507700.6704113,0.22993295886936038,,21.513272173298134,25.152711034855784,0.03975714580484917,,,30.478905233944165,1.2542352941176471,,52500000.0,0.0,-0.016267533690062272,0.0,-0.31470886620955224,-0.3239741215158847,42.30769230769231,-0.11979961764226277,0.9822521221773289,260.0,[],True,0.9,ig,Software and Services,5.263157894736842,100.0,88.88888888888889,15.0,63.63636363636363,28.57142857142857,,59.090909090909086,42.3728813559322,0.7,50.815074929702256,"{'profitability': 50.0, 'growth': 61.6, 'balance': None, 'stability': 92.5}",50.76079944745088,False,,,,50.787937188576564,,False,"{""floor"": false, ""depressed_arms"": {""self_pct"": false, ""self_z"": false, ""median_ratio"": false}, ""yield_arm"": false, ""residual_arm"": false, ""brakes"": {""gm"": true, ""fcf_margin"": true, ""roic"": false}, ""self_pct"": 42.30769230769231, ""self_z"": -0.11979961764226277, ""median_ratio"": 0.9822521221773289, ""fcf_yield"": 0.03975714580484917, ""yield_threshold"": 0.0495, ""gs10"": 0.0495, ""residual_pct"": null, ""brake_values"": {""gm"": 1.0189356455612897, ""fcf_margin"": 1.0840722528573086, ""roic"": null}}",False,"{""floor"": false, ""mom_sector_pct"": 42.3728813559322, ""eps_rev_proxy"": null}"
LII,1069202,Lennox International,Industrials,Building Products,Capital Goods,1.7741273100616017,5.9986310746064335,209046631.08462617,-0.2850889785883881,-0.3652505141278485,-0.3376345165367719,10.0,0.30665839290725294,0.08210446337006892,0.09592610265844886,0.09165255954793639,0.39394069815478294,,,,6,9,False,0.07409513973577586,0.036527902202271534,,False,0.3368709346114344,0.12012628856175586,,1.0985218158151604,1.2522794654701372,,-0.44321335464834877,,,,,,360.4599914550781,34799968.0,12543996167.916992,13011996167.916992,1681900000.0,468000000.0,809500000.0,148800000.0,29100000.0,,468000000.0,5257800000.0,1063000000.0,660700000.0,631600000.0,,,813100000.0,856700664.0896026,0.19407275250272574,0.5093648041438864,12.240824240749758,20.601640544517085,0.048539823701862404,,,15.427371993502634,0.8125691796826958,,503700000.0,274000000.0,0.4623937213865271,9.0,-1.1492541883085248,0.7421120276314146,1.9230769230769231,-1.214980477085461,0.5931151872228527,260.0,[],True,0.9,ig,Capital Goods,2.7027027027027026,43.90243902439025,34.375,70.73170731707317,64.28571428571429,20.51282051282051,,92.6829268292683,6.25,0.7,32.59046833573243,"{'profitability': 68.3, 'growth': 46.1, 'balance': None, 'stability': 55.4}",76.06895281891367,False,,,,54.329710577323056,,False,"{""floor"": false, ""depressed_arms"": {""self_pct"": true, ""self_z"": true, ""median_ratio"": true}, ""yield_arm"": false, ""residual_arm"": false, ""brakes"": {""gm"": true, ""fcf_margin"": true, ""roic"": false}, ""self_pct"": 1.9230769230769231, ""self_z"": -1.214980477085461, ""median_ratio"": 0.5931151872228527, ""fcf_yield"": 0.048539823701862404, ""yield_threshold"": 0.0495, ""gs10"": 0.0495, ""residual_pct"": null, ""brake_values"": {""gm"": 1.0985218158151604, ""fcf_margin"": 1.2522794654701372, ""roic"": -0.44321335464834877}}",False,"{""floor"": false, ""mom_sector_pct"": 6.25, ""eps_rev_proxy"": null}"
PNR,77360,Pentair,Industrials,Industrial Machinery & Supplies & Components,Capital Goods,14.001368925393566,5.9986310746064335,203601752.67056832,-0.4569449041480673,-0.5132920639800438,-0.5230567267007104,10.0,0.36959247297878706,0.07233596821297011,0.13105494969997536,0.1389715257118572,0.28869820587985057,0.12289573019555984,0.1343763280917977,0.29946139304120867,6,9,False,0.06712183699096541,0.0784390887112405,0.06659620029731594,False,0.4093948551983438,0.16079289912666872,0.1492516003141137,1.1076926212776017,1.226912066234603,1.2144571668732074,0.9558018760851027,0.38461538461538464,-1.1634068280432375,0.627928640895116,260.0,,52.880001068115234,161605541.0,8545701180.69334,10559801180.69334,5824200000.0,2014100000.0,786300000.0,70500000.0,40100000.0,119000000.0,2014100000.0,4202300000.0,864400000.0,715800000.0,675700000.0,627200000.0,983400000.0,671300000.0,742500340.7601572,0.14102228047182175,0.12748537837989032,12.216336395989519,15.62794314147305,0.0639879471628115,16.836417698809534,0.059395057659487015,12.730077730810875,1.066289289438403,2.048098434004474,3524700000.0,1057700000.0,0.7867861680574156,8.0,0.13338054838525895,0.13304199261865776,0.38461538461538464,-1.2320250723675383,0.6210664191110169,260.0,['mktcap<10B'],False,1.0,ig,Capital Goods,45.94594594594595,73.17073170731707,56.25,63.41463414634146,64.28571428571429,41.02564102564102,37.83783783783784,95.1219512195122,1.5625,1.0,31.806958637794878,"{'profitability': 59.7, 'growth': 60.7, 'balance': 31.7, 'stability': 61.7}",86.37126738703753,False,-0.5733431784381495,27.72691819665574,,59.089113012416206,,False,"{""floor"": false, ""depressed_arms"": {""self_pct"": true, ""self_z"": true, ""median_ratio"": true}, ""yield_arm"": true, ""residual_arm"": false, ""brakes"": {""gm"": true, ""fcf_margin"": true, ""roic"": true}, ""self_pct"": 0.38461538461538464, ""self_z"": -1.2320250723675383, ""median_ratio"": 0.6210664191110169, ""fcf_yield"": 0.0639879471628115, ""yield_threshold"": 0.0495, ""gs10"": 0.0495, ""residual_pct"": null, ""brake_values"": {""gm"": 1.1076926212776017, ""fcf_margin"": 1.226912066234603, ""roic"": 0.9558018760851027}}",False,"{""floor"": false, ""mom_sector_pct"": 1.5625, ""eps_rev_proxy"": null}"
TDY,1094285,Teledyne Technologies,Information Technology,Electronic Equipment & Instruments,Technology Hardware and Equipment,6.277891854893908,5.9986310746064335,202737933.50077748,0.03919204500909168,-0.1136987949860585,0.042680673391384705,10.0,0.423165097333821,0.028893507037725467,0.14558990468914032,0.15668682140302972,0.3275123620630468,0.10754271720589204,0.12138352512840518,0.44529316284586484,8,9,False,0.1465689073362828,0.14425819528975348,0.11184464266532967,False,0.4333898092369478,0.17916980421686746,0.14566076807228914,1.024162465117157,1.2306471702102288,1.3544456738378627,1.1450368233649644,16.923076923076923,-0.15291391850298416,0.8481834056554358,260.0,sbc_unreported;gm_derived,612.7000122070312,46355673.0,28402121412.96515,30255721412.96515,12772100000.0,1853600000.0,1271300000.0,129200000.0,,342800000.0,1853600000.0,6374400000.0,1239700000.0,1142100000.0,1142100000.0,928500000.0,1582500000.0,974800000.0,1011470711.2970711,0.18410041841004185,0.07919376698405674,24.405679933020206,26.491306727051178,0.03774823229006163,32.58559118251497,0.030688410543141774,29.136357625118126,1.171624948707427,1.1713112164297,8661900000.0,1193500000.0,0.7716350482692744,2.0,0.06916263771441597,0.07349148361525377,27.692307692307693,-0.22422149332459643,0.9096351190738224,260.0,[],True,1.0,ig,Technology Hardware and Equipment,9.523809523809524,63.1578947368421,50.0,16.666666666666664,64.28571428571429,61.904761904761905,40.0,61.904761904761905,37.28813559322034,1.0,51.25058673648843,"{'profitability': 49.7, 'growth': 100.0, 'balance': 61.0, 'stability': 75.2}",55.34270676908535,False,-0.2844264919590853,35.20693650867821,,53.29664675278689,,False,"{""floor"": false, ""depressed_arms"": {""self_pct"": false, ""self_z"": false, ""median_ratio"": false}, ""yield_arm"": false, ""residual_arm"": false, ""brakes"": {""gm"": true, ""fcf_margin"": true, ""roic"": true}, ""self_pct"": 27.692307692307693, ""self_z"": -0.22422149332459643, ""median_ratio"": 0.9096351190738224, ""fcf_yield"": 0.03774823229006163, ""yield_threshold"": 0.0495, ""gs10"": 0.0495, ""residual_pct"": null, ""brake_values"": {""gm"": 1.024162465117157, ""fcf_margin"": 1.2306471702102288, ""roic"": 1.1450368233649644}}",False,"{""floor"": false, ""mom_sector_pct"": 37.28813559322034, ""eps_rev_proxy"": null}"
PTC,857005,PTC Inc.,Information Technology,Application Software,Software and Services,5.451060917180014,5.9986310746064335,200677113.99371246,-0.3053201759977294,-0.28484935810421186,-0.278472900390625,10.0,0.8057464567813162,0.02092781505528905,0.17101329454036007,0.18148706780419951,0.32554111082893594,0.1347026950200695,0.1428871850163062,0.52006608375412,9,9,False,0.13435593739979002,0.3201990243696191,,False,0.8450063169183729,0.23521753083644664,0.20812045611806748,1.0487248312501263,1.3754341817029554,1.5450355769575312,1.7161441934482127,5.384615384615385,-1.229011051584781,0.42459787960314826,260.0,,146.47000122070312,108506261.0,15892912181.123932,17124078181.123932,4700909000.0,1231166000.0,955321000.0,19837000.0,240658000.0,99881000.0,1231166000.0,2953972000.0,1117008000.0,935484000.0,694826000.0,614782000.0,1216889000.0,1223814000.0,893288446.0894248,0.2002846478365196,0.1900246199382768,15.330309345254404,24.64513155973428,0.040575965179014115,27.853902978818397,0.03590161137419247,12.986378797042633,0.7644004726208394,1.011732376576664,3398303000.0,765799000.0,0.8858078299324662,3.0,0.11072765369235338,0.10829925101680227,5.769230769230769,-1.5799458614760888,0.46912093107158687,260.0,[],True,1.0,ig,Software and Services,42.10526315789473,40.909090909090914,77.77777777777779,40.0,63.63636363636363,9.523809523809524,25.0,72.72727272727273,6.779661016949152,1.0,61.41165053850497,"{'profitability': 63.4, 'growth': 100.0, 'balance': 66.3, 'stability': 81.6}",65.13990754209883,True,-0.3126319213590425,33.69034506402425,20.27027027027027,63.2757790403019,-1.0,False,"{""floor"": true, ""depressed_arms"": {""self_pct"": true, ""self_z"": true, ""median_ratio"": true}, ""yield_arm"": false, ""residual_arm"": false, ""brakes"": {""gm"": true, ""fcf_margin"": true, ""roic"": true}, ""self_pct"": 5.769230769230769, ""self_z"": -1.5799458614760888, ""median_ratio"": 0.46912093107158687, ""fcf_yield"": 0.040575965179014115, ""yield_threshold"": 0.0495, ""gs10"": 0.0495, ""residual_pct"": 20.27027027027027, ""brake_values"": {""gm"": 1.0487248312501263, ""fcf_margin"": 1.3754341817029554, ""roic"": 1.7161441934482127}}",False,"{""floor"": true, ""mom_sector_pct"": 6.779661016949152, ""eps_rev_proxy"": -1.0}"
ZBH,1136869,Zimmer Biomet,Health Care,Health Care Equipment,Health Care Equipment and Services,25.152635181382614,5.9986310746064335,197970798.1530527,-0.01905438216511479,-0.1361452508196449,-0.11685898612546919,10.0,,,0.16225729778036696,0.1610316193773498,0.07610686433161824,0.05808093534572608,0.05721148916848535,0.18014228079247144,7,9,False,0.060813730964938806,0.0885003861160647,,False,0.6987471793907484,0.1674501692365551,0.063075874388868,,1.0320039315779637,1.0859996316073355,1.0716703457247037,4.615384615384616,-0.6728201701149179,0.7130356398847337,260.0,,88.05999755859375,190737689.0,16796360427.671814,24074560427.671814,19902100000.0,7278200000.0,1743300000.0,220300000.0,98200000.0,1108400000.0,7269500000.0,8508800000.0,1205000000.0,1523000000.0,1424800000.0,536700000.0,2313400000.0,806700000.0,1041597043.7017994,0.13560411311053985,0.05233603708662902,19.97888832171935,16.896799850976848,0.05918280436648407,44.856643241423164,0.022293241931142616,20.82107403950888,1.8879385149373993,3.1423446010201435,9919500000.0,675400000.0,0.5323508574472041,0.0,0.048835947822403754,0.04698906006854681,0.7692307692307693,-1.2742831197703675,0.7230271824218277,260.0,[],True,0.9,ig,Health Care Equipment and Services,18.51851851851852,86.20689655172413,,8.928571428571429,58.333333333333336,82.75862068965517,7.407407407407405,46.666666666666664,28.57142857142857,1.0,29.036935772278852,"{'profitability': 44.0, 'growth': 62.2, 'balance': 0.0, 'stability': 80.1}",68.01016045888139,False,-0.3740308641685983,24.560884346805867,,48.52354811558012,,False,"{""floor"": false, ""depressed_arms"": {""self_pct"": true, ""self_z"": true, ""median_ratio"": true}, ""yield_arm"": true, ""residual_arm"": false, ""brakes"": {""gm"": false, ""fcf_margin"": true, ""roic"": true}, ""self_pct"": 0.7692307692307693, ""self_z"": -1.2742831197703675, ""median_ratio"": 0.7230271824218277, ""fcf_yield"": 0.05918280436648407, ""yield_threshold"": 0.0495, ""gs10"": 0.0495, ""residual_pct"": null, ""brake_values"": {""gm"": null, ""fcf_margin"": 1.0320039315779637, ""roic"": 1.0716703457247037}}",False,"{""floor"": false, ""mom_sector_pct"": 28.57142857142857, ""eps_rev_proxy"": null}"
GDDY,1609711,GoDaddy,Information Technology,Internet Services & Infrastructure,Software and Services,2.272416153319644,5.9986310746064335,197849585.60864973,-0.24955557364004632,-0.2715390986254368,-0.2816296047634549,10.0,,,0.18812851670273298,0.1667332690815919,0.2541655865295747,0.15917315803795115,0.1363390611410169,0.3806254669801067,9,9,False,0.08342562059026815,0.1767932100472862,0.25756658595248716,False,,0.2744852177661096,0.26139769988832506,,1.4590303616746803,1.642222238412841,1.7930444307703832,,,,,gm_derived,96.9800033569336,126647704.0,12282294759.067932,14988494759.067932,2712900000.0,2706200000.0,1728800000.0,25900000.0,301900000.0,92700000.0,2706200000.0,5104100000.0,1266700000.0,1702900000.0,1401000000.0,1334200000.0,1359400000.0,910300000.0,994203319.5378515,0.21512329712019312,0.36647252738318825,11.832710791085445,10.698425952225504,0.09347169429087634,11.234068924500024,0.08901494255737845,13.492579104765387,1.8707019663847084,1.9907312049433574,3607700000.0,12500000.0,1.3344391610453759,5.0,0.20438563657105419,0.17158848674347216,,,,,[],True,0.8,ig,Software and Services,63.1578947368421,54.54545454545454,,55.00000000000001,63.63636363636363,61.904761904761905,20.0,81.81818181818181,11.864406779661017,1.0,54.831997030510394,"{'profitability': 76.2, 'growth': 84.8, 'balance': 33.6, 'stability': 83.1}",,False,-1.161837317738721,34.19002521395104,,,,False,"{""floor"": false, ""depressed_arms"": {""self_pct"": false, ""self_z"": false, ""median_ratio"": false}, ""yield_arm"": true, ""residual_arm"": false, ""brakes"": {""gm"": false, ""fcf_margin"": true, ""roic"": true}, ""self_pct"": null, ""self_z"": null, ""median_ratio"": null, ""fcf_yield"": 0.09347169429087634, ""yield_threshold"": 0.0495, ""gs10"": 0.0495, ""residual_pct"": null, ""brake_values"": {""gm"": null, ""fcf_margin"": 1.4590303616746803, ""roic"": 1.7930444307703832}}",False,"{""floor"": false, ""mom_sector_pct"": 11.864406779661017, ""eps_rev_proxy"": null}"
ALLE,1579241,Allegion,Industrials,Building Products,Capital Goods,12.83230663928816,5.9986310746064335,194099934.0866446,-0.10674656168765029,-0.1319200077064263,-0.11977689057121521,10.0,0.43037068790934396,0.038978415420535525,0.14046451548924574,0.146404408174653,0.1956706211108801,0.13201571130915374,0.13461672595382576,0.2162657033730178,8,9,False,0.08380376143729995,0.09120633734178307,0.09782297082018387,False,0.4480121254517897,0.1564882826162994,0.14695114842019355,1.0409912618076858,1.1140769757489426,1.1131337850845955,0.8840218591718505,29.615384615384617,-0.2962565523195412,0.9466706747655851,260.0,sbc_unreported;gm_derived,154.27999877929688,85036786.0,13119475240.27533,15021175240.27533,4020300000.0,1901700000.0,769300000.0,98200000.0,,139100000.0,1901700000.0,4288500000.0,893400000.0,671100000.0,671100000.0,630200000.0,1032500000.0,,742733198.6872002,0.16864428174703358,0.18474571516732588,16.813493664960074,22.38291646591466,0.044676930351003556,23.835568454895796,0.04195410744628586,,,1.8418401937046005,1925600000.0,769200000.0,0.6702982364500162,10.0,0.20898319792724945,0.20571622248284407,28.846153846153843,-0.3282727234461754,0.9456484971299957,260.0,[],True,0.9,ig,Capital Goods,70.27027027027027,80.48780487804879,78.125,87.8048780487805,64.28571428571429,,40.54054054054054,80.48780487804878,23.4375,1.0,51.40148309795965,"{'profitability': 75.5, 'growth': 72.9, 'balance': 38.6, 'stability': 80.8}",62.400484398502925,False,-0.2248917879370631,28.027601656190033,,56.90098374823128,,False,"{""floor"": false, ""depressed_arms"": {""self_pct"": false, ""self_z"": false, ""median_ratio"": false}, ""yield_arm"": false, ""residual_arm"": false, ""brakes"": {""gm"": true, ""fcf_margin"": true, ""roic"": false}, ""self_pct"": 28.846153846153843, ""self_z"": -0.3282727234461754, ""median_ratio"": 0.9456484971299957, ""fcf_yield"": 0.044676930351003556, ""yield_threshold"": 0.0495, ""gs10"": 0.0495, ""residual_pct"": null, ""brake_values"": {""gm"": 1.0409912618076858, ""fcf_margin"": 1.1140769757489426, ""roic"": 0.8840218591718505}}",False,"{""floor"": false, ""mom_sector_pct"": 23.4375, ""eps_rev_proxy"": null}"
APTV,1521332,Aptiv,Consumer Discretionary,Automotive Parts & Equipment,Consumer Durables and Apparel,13.77138945927447,5.9986310746064335,192199028.19016957,-0.4549897825258429,-0.5041163625950921,-0.5002273295862758,10.0,,,0.048052646964906014,0.043638721260784996,0.4628137493062764,0.04221185777336403,0.043339484314996755,0.468574647772139,6,9,False,0.09317322677777895,,,False,0.205506568292244,0.03868994061543998,0.020994541419231,,0.8051573234601658,0.4973612280215418,,67.94871794871796,0.2683288956014226,1.4615217087433805,234.0,,43.970001220703125,207633331.0,9129637817.528656,13269637817.528656,12893000000.0,4140000000.0,1351000000.0,588000000.0,118000000.0,883000000.0,4140000000.0,16671000000.0,891000000.0,763000000.0,645000000.0,350000000.0,1774000000.0,220000000.0,798627615.0627615,0.10367271036727103,0.06194272978071524,14.892971736844732,20.573081887641326,0.04860720457253031,37.91325090722473,0.026376002481218,41.49835371603935,3.4681818181818183,2.333709131905299,3937000000.0,1838000000.0,0.4479174745986194,1.0,,,38.46153846153847,-0.022282659990861327,0.9116131050040428,234.0,"['mktcap<10B', 'fcf_cagr5 gate']",False,0.8,ig,Consumer Durables and Apparel,,30.0,,11.11111111111111,70.0,88.88888888888889,0.0,44.44444444444444,3.0303030303030303,1.0,18.415459265041434,"{'profitability': 23.2, 'growth': 77.6, 'balance': 22.2, 'stability': 46.9}",50.55379257743285,False,,,,34.48462592123714,,False,"{""floor"": false, ""depressed_arms"": {""self_pct"": false, ""self_z"": false, ""median_ratio"": false}, ""yield_arm"": false, ""residual_arm"": false, ""brakes"": {""gm"": false, ""fcf_margin"": false, ""roic"": false}, ""self_pct"": 38.46153846153847, ""self_z"": -0.022282659990861327, ""median_ratio"": 0.9116131050040428, ""fcf_yield"": 0.04860720457253031, ""yield_threshold"": 0.0495, ""gs10"": 0.0495, ""residual_pct"": null, ""brake_values"": {""gm"": null, ""fcf_margin"": 0.8051573234601658, ""roic"": null}}",False,"{""floor"": false, ""mom_sector_pct"": 3.0303030303030303, ""eps_rev_proxy"": null}"
EXPD,746515,Expeditors International,Industrials,Air Freight & Logistics,Transportation,18.978781656399725,5.9986310746064335,190754768.6929373,0.5444697989375245,-0.02523364722916721,0.5357985373393626,10.0,,,0.08060546521210087,0.07987788247348972,0.4365150793233774,0.07970144164837252,0.07954650682820838,0.4854765825216912,7,9,False,0.029221442160778155,0.09435028171535054,0.0416561774780948,True,,0.07049068286961069,0.06997464772770892,,0.8745149312658306,0.8779596238224103,0.9186675475928318,86.15384615384616,0.894628474840232,1.335415460748015,260.0,,187.74000549316406,129990622.0,24404440088.339813,23942608088.339813,1656870000.0,-461832000.0,972541000.0,48677000.0,75438000.0,54888000.0,-464203000.0,12036002000.0,1183398000.0,923864000.0,848426000.0,842215000.0,1238286000.0,918799000.0,889926577.8641158,0.24799046655130758,0.5371130975056074,20.232084293145512,28.220031079127484,0.03543582206539931,28.428142562575843,0.03517641005910979,26.561239279036887,1.0055126311630727,-0.37487543265449175,7927000.0,2630000.0,0.006371652573828966,9.0,0.5846653655209606,0.49505661502604464,89.61538461538461,0.9434421217801106,1.3406081285798392,260.0,[],True,0.9,ig,Transportation,100.0,55.55555555555556,,86.36363636363636,77.27272727272727,54.54545454545454,88.88888888888889,27.272727272727266,92.1875,1.0,39.8678431498329,"{'profitability': 64.1, 'growth': 51.5, 'balance': 100.0, 'stability': 56.1}",22.64235203548052,False,0.02982627898318535,27.390761054912296,,31.25509759265671,,False,"{""floor"": false, ""depressed_arms"": {""self_pct"": false, ""self_z"": false, ""median_ratio"": false}, ""yield_arm"": false, ""residual_arm"": false, ""brakes"": {""gm"": false, ""fcf_margin"": false, ""roic"": true}, ""self_pct"": 89.61538461538461, ""self_z"": 0.9434421217801106, ""median_ratio"": 1.3406081285798392, ""fcf_yield"": 0.03543582206539931, ""yield_threshold"": 0.0495, ""gs10"": 0.0495, ""residual_pct"": null, ""brake_values"": {""gm"": null, ""fcf_margin"": 0.8745149312658306, ""roic"": 0.9186675475928318}}",False,"{""floor"": false, ""mom_sector_pct"": 92.1875, ""eps_rev_proxy"": null}"
COO,711404,Cooper Companies (The),Health Care,Health Care Supplies,Health Care Equipment and Services,10.023271731690622,5.9986310746064335,185371648.67127797,-0.01234747030778427,-0.31711668781002067,-0.18521145907786973,10.0,0.658777276675185,0.012331154277608565,0.09402358819929127,0.08874987782230476,0.2965957768935426,0.08425028961346048,0.08508454696510605,0.24673571533985322,8,9,True,0.10979355015450176,-0.04624421429162717,-0.025103169030716965,True,0.6592791899738016,0.16002265807547972,0.15324883759352356,1.0007618861736545,1.7019416206101134,1.8189710480121524,0.7733966539855072,44.61538461538462,-0.2689825567306584,0.6963852999135132,260.0,sbc_unreported,57.40999984741211,190155294.0,10916815399.524605,13585415399.524605,10996800000.0,2668600000.0,1033300000.0,355300000.0,,384000000.0,2668400000.0,4236900000.0,544200000.0,678000000.0,678000000.0,649300000.0,928200000.0,570300000.0,371509336.8358856,0.3173294067697803,0.03378340397532788,24.964012127020588,20.03748584000679,0.04990646071990742,20.92317172266226,0.04779390109946296,19.142232859064713,1.1888479747501315,2.874811463046757,3876300000.0,1445900000.0,0.4839771569911247,0.0,0.043681859497624556,0.0414129762223886,39.23076923076923,-0.23004351395976194,0.6454010393572784,260.0,[],True,1.0,ig,Health Care Equipment and Services,7.4074074074074066,37.93103448275862,68.18181818181817,8.928571428571429,58.333333333333336,44.827586206896555,22.222222222222214,26.66666666666667,30.952380952380953,1.0,19.951558413276388,"{'profitability': 26.2, 'growth': 45.7, 'balance': 4.2, 'stability': 78.4}",45.4400233223552,False,-0.20087126796356758,24.495173036568747,,32.695790867815795,,False,"{""floor"": false, ""depressed_arms"": {""self_pct"": false, ""self_z"": false, ""median_ratio"": true}, ""yield_arm"": true, ""residual_arm"": false, ""brakes"": {""gm"": true, ""fcf_margin"": true, ""roic"": false}, ""self_pct"": 39.23076923076923, ""self_z"": -0.23004351395976194, ""median_ratio"": 0.6454010393572784, ""fcf_yield"": 0.04990646071990742, ""yield_threshold"": 0.0495, ""gs10"": 0.0495, ""residual_pct"": null, ""brake_values"": {""gm"": 1.0007618861736545, ""fcf_margin"": 1.7019416206101134, ""roic"": 0.7733966539855072}}",False,"{""floor"": false, ""mom_sector_pct"": 30.952380952380953, ""eps_rev_proxy"": null}"
PPG,79879,PPG Industries,Materials,Specialty Chemicals,Materials,69.57973990417523,5.9986310746064335,185256340.8928948,0.10576377602347686,-0.18823739080145974,0.028528336152058298,10.0,0.3964714810699771,0.051010158825329305,0.06418306008311253,0.06749196524223307,0.4500263677353527,0.06778121582646121,0.056183787644328055,0.43747504500703227,5,9,False,0.027905506355126564,-0.08627440941703046,-0.028176572571445346,False,0.4138701073134421,0.07400285342100366,0.08802183487376714,1.04388367656738,1.1529966524683488,1.2986169368682843,,5.769230769230769,-0.23749541198482788,0.6793664002847296,260.0,gm_derived,104.66999816894531,222900000.0,23330942591.85791,29593942591.85791,14367000000.0,6263000000.0,1992000000.0,765000000.0,34000000.0,539000000.0,6113000000.0,16121000000.0,,1227000000.0,1193000000.0,1419000000.0,,1585000000.0,,0.22718446601941747,,,24.80632237372834,0.04031230365122849,20.855491608074637,0.04794900157677555,14.719837597386695,0.7741324921135647,,6152000000.0,690000000.0,0.47623024987819307,8.0,0.13424041026516817,0.1345019449272278,20.384615384615383,-0.18885753812426662,0.8132548713322791,260.0,['fcf_cagr5 gate'],False,0.8,ig,Materials,66.66666666666666,35.714285714285715,78.57142857142857,78.57142857142857,71.42857142857143,36.36363636363637,,,42.857142857142854,0.7,16.01151445432576,"{'profitability': 47.1, 'growth': 11.6, 'balance': None, 'stability': 50.2}",,False,-0.11488099410549202,27.826242471005198,,,,False,"{""floor"": false, ""depressed_arms"": {""self_pct"": false, ""self_z"": false, ""median_ratio"": false}, ""yield_arm"": false, ""residual_arm"": false, ""brakes"": {""gm"": true, ""fcf_margin"": true, ""roic"": false}, ""self_pct"": 20.384615384615383, ""self_z"": -0.18885753812426662, ""median_ratio"": 0.8132548713322791, ""fcf_yield"": 0.04031230365122849, ""yield_threshold"": 0.0495, ""gs10"": 0.0495, ""residual_pct"": null, ""brake_values"": {""gm"": 1.04388367656738, ""fcf_margin"": 1.1529966524683488, ""roic"": null}}",False,"{""floor"": false, ""mom_sector_pct"": 42.857142857142854, ""eps_rev_proxy"": null}"
GEN,849399,Gen Digital,Information Technology,Systems Software,Software and Services,23.523613963039015,5.9986310746064335,179645940.31643617,0.12370982917533047,-0.2827208358589408,-0.1842563128765865,8.0,0.8143068328750797,0.028575256982864214,0.3077289150565471,0.2726810673443456,0.34849427069936545,0.21482100746585883,0.17001270648030495,0.4648271384315235,7,9,False,0.1440681863736788,0.16820852899657845,0.11401951782545239,False,0.780074817877535,0.26048434731246306,0.16774955699940933,0.9579617736023638,0.8464734204928304,0.7808805990543988,0.8380228140315666,44.230769230769226,-0.17327111070131937,0.8586801904089708,260.0,,22.25,598587032.0,13318561462.0,20990561462.0,10328000000.0,7672000000.0,1570000000.0,22000000.0,225000000.0,493000000.0,7657000000.0,5079000000.0,2117000000.0,1548000000.0,1323000000.0,852000000.0,2610000000.0,1053000000.0,1453194915.2542372,0.3135593220338983,0.14070438761175805,9.915239235710912,15.865881679516251,0.06302832834629395,24.63680922769953,0.040589671769495426,12.648206516619183,1.4700854700854702,2.9337164750957854,10938000000.0,2054000000.0,1.2579395817195973,5.0,0.16790042616483947,0.10487380608451032,27.692307692307693,-0.41744199834195145,0.8397817413669951,260.0,[],True,1.0,ig,Software and Services,52.63157894736842,90.9090909090909,83.33333333333334,55.00000000000001,15.909090909090908,42.857142857142854,5.0,95.45454545454545,45.76271186440678,1.0,41.953114357014414,"{'profitability': 76.2, 'growth': 100.0, 'balance': 2.2, 'stability': 68.6}",72.99167065089011,False,-0.7630397295578097,34.028919170267514,,57.472392503952264,,False,"{""floor"": false, ""depressed_arms"": {""self_pct"": false, ""self_z"": false, ""median_ratio"": false}, ""yield_arm"": true, ""residual_arm"": false, ""brakes"": {""gm"": false, ""fcf_margin"": false, ""roic"": false}, ""self_pct"": 27.692307692307693, ""self_z"": -0.41744199834195145, ""median_ratio"": 0.8397817413669951, ""fcf_yield"": 0.06302832834629395, ""yield_threshold"": 0.0495, ""gs10"": 0.0495, ""residual_pct"": null, ""brake_values"": {""gm"": 0.9579617736023638, ""fcf_margin"": 0.8464734204928304, ""roic"": 0.8380228140315666}}",False,"{""floor"": false, ""mom_sector_pct"": 45.76271186440678, ""eps_rev_proxy"": null}"
BR,1383312,Broadridge Financial Solutions,Industrials,Data Processing & Outsourced Services,Commercial and Professional Services,8.290212183436003,5.9986310746064335,178855884.5157372,-0.24653358059919717,-0.2921067458922103,-0.2976567245590307,10.0,,,0.10690486146074045,0.11744130409675131,0.3263373616749185,0.12135695547082456,0.13306079793446857,0.389344632540453,9,9,False,0.08407333722918064,0.16796101908543926,0.18630585941712852,False,0.3177963834795634,0.1709822383907554,0.1615530708324417,,1.5993869320297152,1.3312221801022412,,8.461538461538462,-0.8778978276464525,0.5578486126123889,260.0,sbc_unreported,161.14999389648438,114021798.0,18374612051.766174,21888412051.766174,6354300000.0,3513800000.0,1345600000.0,67200000.0,,137700000.0,3513800000.0,7476800000.0,1300600000.0,1278400000.0,1278400000.0,1207900000.0,1438300000.0,1124300000.0,1003242603.3503332,0.22863093699036352,0.15788404755053007,16.82947259093201,17.121724070530487,0.05840533324101261,18.121046487098415,0.05518445089316265,16.34315756627784,1.1370630614604642,2.443023013279566,3787800000.0,1199900000.0,0.7849330374706891,4.0,,,8.461538461538462,-0.9853320505427288,0.5634965585136644,260.0,[],True,0.8,ig,Commercial and Professional Services,,27.27272727272727,,36.36363636363637,63.63636363636363,45.45454545454545,27.272727272727266,63.63636363636363,14.0625,1.0,44.02224377676959,"{'profitability': 63.0, 'growth': 85.0, 'balance': 18.6, 'stability': 78.2}",67.42101970151074,False,,,,55.721631739140165,,False,"{""floor"": false, ""depressed_arms"": {""self_pct"": true, ""self_z"": false, ""median_ratio"": true}, ""yield_arm"": true, ""residual_arm"": false, ""brakes"": {""gm"": false, ""fcf_margin"": true, ""roic"": false}, ""self_pct"": 8.461538461538462, ""self_z"": -0.9853320505427288, ""median_ratio"": 0.5634965585136644, ""fcf_yield"": 0.05840533324101261, ""yield_threshold"": 0.0495, ""gs10"": 0.0495, ""residual_pct"": null, ""brake_values"": {""gm"": null, ""fcf_margin"": 1.5993869320297152, ""roic"": null}}",False,"{""floor"": false, ""mom_sector_pct"": 14.0625, ""eps_rev_proxy"": null}"
TSN,100493,Tyson Foods,Consumer Staples,Packaged Foods & Meats,Food Beverage and Tobacco,21.144421629021217,5.9986310746064335,173814297.22089374,-0.026730420860424542,-0.2487493169110342,-0.04471181259368917,9.0,0.08941420962719623,0.3973583891006285,0.021560752828898924,0.019782884223287597,0.7790825673783913,0.024212791336131644,0.020653173010185898,0.6139806687166007,8,9,False,0.04741462587264644,,,False,0.06135310805472762,0.020846051639314828,0.01127590045606349,0.6861673140156735,0.96685175164078,0.46570014582486313,0.5065989276173385,87.3076923076923,1.2354460660392432,1.523341115115227,260.0,shares_was_proxy;sbc_unreported,50.470001220703125,351801512.0,17755422740.085205,19581422740.085205,19905000000.0,1826000000.0,2004000000.0,843000000.0,,1376000000.0,1720000000.0,55694000000.0,1257000000.0,1161000000.0,1161000000.0,628000000.0,2633000000.0,574000000.0,916690243.902439,0.2707317073170732,0.04605326520484496,15.577901941197458,16.865997192149187,0.05929089093323707,31.180609458734402,0.03207121404485175,30.9327922301136,2.0226480836236935,0.653247246486897,9469000000.0,5624000000.0,0.7582516955538809,7.0,0.09090675620148861,0.05995256792272224,46.808510638297875,-0.0078616113173898,0.9768752980643554,235.0,['fcf_cagr5 gate'],False,1.0,ig,Food Beverage and Tobacco,45.45454545454545,7.142857142857142,7.142857142857142,50.0,7.142857142857142,84.61538461538461,84.61538461538461,57.142857142857146,25.925925925925924,1.0,18.44850722739562,"{'profitability': 15.5, 'growth': 39.5, 'balance': 78.2, 'stability': 44.4}",53.993954210062306,False,-0.14729454451273272,19.542549991203035,,36.22123071872896,,False,"{""floor"": false, ""depressed_arms"": {""self_pct"": false, ""self_z"": false, ""median_ratio"": false}, ""yield_arm"": true, ""residual_arm"": false, ""brakes"": {""gm"": false, ""fcf_margin"": true, ""roic"": false}, ""self_pct"": 46.808510638297875, ""self_z"": -0.0078616113173898, ""median_ratio"": 0.9768752980643554, ""fcf_yield"": 0.05929089093323707, ""yield_threshold"": 0.0495, ""gs10"": 0.0495, ""residual_pct"": null, ""brake_values"": {""gm"": 0.6861673140156735, ""fcf_margin"": 0.96685175164078, ""roic"": 0.5065989276173385}}",False,"{""floor"": false, ""mom_sector_pct"": 25.925925925925924, ""eps_rev_proxy"": null}"
CHD,313927,Church & Dwight,Consumer Staples,Household Products,Household and Personal Products,10.759753593429158,5.9986310746064335,171454616.6682176,0.13568050293276035,-0.09684210680458993,0.08451435326728873,10.0,0.439996949140412,0.028997976897450158,0.14663306093425782,0.15018584925742168,0.15003347754641566,0.13524224089775277,0.14047583959653517,0.12395170549278987,9,9,False,0.04847582950857543,0.04162047082912834,0.031548466068753056,False,0.4564864908253199,,,1.0374764909554992,,,1.067574893892673,26.923076923076923,-0.5381637244359952,0.9281056171925739,260.0,,94.11000061035156,237203907.0,22323259832.547775,24477059832.547775,6501600000.0,2153800000.0,,145200000.0,70400000.0,241100000.0,2153800000.0,6229100000.0,1088000000.0,,,,1329100000.0,744800000.0,850485306.4651554,0.218303946263644,0.13081169350085445,22.497297640209354,,,,,29.972153373452976,,1.6204950718531337,2649900000.0,4032700000.0,1.027839301095115,9.0,0.12253163150350874,0.13546379047894302,17.692307692307693,-0.9021842589271356,0.8574354504551224,260.0,[],True,0.8,sector,Consumer Staples,41.66666666666667,70.37037037037037,50.0,66.66666666666666,55.55555555555556,,64.0,37.03703703703704,59.25925925925925,1.0,44.936461169610354,"{'profitability': 62.7, 'growth': 37.5, 'balance': 46.0, 'stability': 89.6}",,False,,,,,,False,"{""floor"": false, ""depressed_arms"": {""self_pct"": true, ""self_z"": false, ""median_ratio"": false}, ""yield_arm"": false, ""residual_arm"": false, ""brakes"": {""gm"": true, ""fcf_margin"": false, ""roic"": true}, ""self_pct"": 17.692307692307693, ""self_z"": -0.9021842589271356, ""median_ratio"": 0.8574354504551224, ""fcf_yield"": null, ""yield_threshold"": 0.0495, ""gs10"": 0.0495, ""residual_pct"": null, ""brake_values"": {""gm"": 1.0374764909554992, ""fcf_margin"": null, ""roic"": 1.067574893892673}}",False,"{""floor"": false, ""mom_sector_pct"": 59.25925925925925, ""eps_rev_proxy"": null}"
LDOS,1336920,Leidos,Industrials,Diversified Support Services,Commercial and Professional Services,7.148528405201916,5.9986310746064335,168778913.62554792,-0.3140654056725871,-0.3793342761752382,-0.3691457609178018,10.0,0.15160309044989323,0.10532650451176659,0.06787180373843497,0.06330322391128736,0.24988450798576517,0.056523034665670366,0.050785579242453874,0.32750858626144,9,9,False,0.07000095748778401,0.07140978486624738,0.0663493077648547,False,0.17528588496330433,0.11736928941230017,0.10798202196051658,1.156215776625204,1.729279066526935,1.9104073693003636,1.393700259153297,0.38461538461538464,-2.0967473154273617,0.38029931191849903,260.0,gm_derived,121.97000122070312,125492209.0,15306284884.918732,16482284884.918732,6460000000.0,1176000000.0,2300000000.0,137000000.0,100000000.0,302000000.0,1124000000.0,17577000000.0,2030000000.0,2163000000.0,2063000000.0,1898000000.0,2332000000.0,1376000000.0,1579392080.3123257,0.22197434467373117,0.24448793812884298,8.119352160058488,7.98947401110942,0.12516468526081856,8.684027863497752,0.1151539372879465,11.123753550086288,1.5719476744186047,0.48198970840480276,7663000000.0,947000000.0,1.3328173374613004,8.0,0.17542361531695105,0.15012565585799076,0.38461538461538464,-2.9247932247605983,0.413435603190883,260.0,[],True,1.0,ig,Commercial and Professional Services,30.0,9.090909090909092,14.285714285714285,63.63636363636363,63.63636363636363,90.9090909090909,72.72727272727273,90.9090909090909,4.6875,1.0,48.44170343953385,"{'profitability': 50.2, 'growth': 58.9, 'balance': 83.9, 'stability': 77.0}",95.9110251450677,False,-1.0437617441685103,22.689146238740516,,72.17636429230078,,False,"{""floor"": false, ""depressed_arms"": {""self_pct"": true, ""self_z"": true, ""median_ratio"": true}, ""yield_arm"": true, ""residual_arm"": false, ""brakes"": {""gm"": true, ""fcf_margin"": true, ""roic"": true}, ""self_pct"": 0.38461538461538464, ""self_z"": -2.9247932247605983, ""median_ratio"": 0.413435603190883, ""fcf_yield"": 0.12516468526081856, ""yield_threshold"": 0.0495, ""gs10"": 0.0495, ""residual_pct"": null, ""brake_values"": {""gm"": 1.156215776625204, ""fcf_margin"": 1.729279066526935, ""roic"": 1.393700259153297}}",False,"{""floor"": false, ""mom_sector_pct"": 4.6875, ""eps_rev_proxy"": null}"
MAS,62996,Masco,Industrials,Building Products,Capital Goods,45.256673511293634,5.9986310746064335,167991727.20721906,0.05217680314473738,-0.17144578867618,-0.01179320701382447,10.0,0.3452597123400786,0.05092328955910966,0.10364033840912305,0.11055276381909548,0.20541753633064722,0.10794256689783241,0.1116106850039672,0.2344769325627946,5,9,False,0.010196177670730222,0.006354947957538437,0.017204209673307602,False,0.35434301341320484,0.12280244823544732,0.12371402526370621,1.0263086040695628,1.1848904598389223,1.1461097213002307,0.8390811921768606,33.84615384615385,-0.36436687427789693,0.9526257208427165,260.0,sbc_unreported,68.27999877929688,201734437.0,13774427112.102142,17016427112.102142,3000000000.0,3242000000.0,1101000000.0,158000000.0,,151000000.0,2973000000.0,7679000000.0,1278000000.0,943000000.0,943000000.0,950000000.0,1429000000.0,837000000.0,968313993.1740614,0.24232081911262798,0.32277133105802047,13.314888194133133,18.044991635315103,0.05541703871133648,17.912028539054887,0.05582840591279921,16.456902164996585,1.1266427718040621,2.0804758572428272,618000000.0,198000000.0,0.272,10.0,0.38467234645153037,0.3827531560394655,26.53846153846154,-0.562416955319108,0.9395556930834418,260.0,[],True,1.0,ig,Capital Goods,97.2972972972973,53.65853658536586,46.875,87.8048780487805,64.28571428571429,43.58974358974359,35.13513513513513,87.8048780487805,45.3125,1.0,25.033457011032166,"{'profitability': 72.1, 'growth': 6.9, 'balance': 30.7, 'stability': 62.4}",68.66870268760957,False,-0.4549770836267508,28.441383731821162,,46.85107984932087,,False,"{""floor"": false, ""depressed_arms"": {""self_pct"": false, ""self_z"": false, ""median_ratio"": false}, ""yield_arm"": true, ""residual_arm"": false, ""brakes"": {""gm"": true, ""fcf_margin"": true, ""roic"": false}, ""self_pct"": 26.53846153846154, ""self_z"": -0.562416955319108, ""median_ratio"": 0.9395556930834418, ""fcf_yield"": 0.05541703871133648, ""yield_threshold"": 0.0495, ""gs10"": 0.0495, ""residual_pct"": null, ""brake_values"": {""gm"": 1.0263086040695628, ""fcf_margin"": 1.1848904598389223, ""roic"": 0.8390811921768606}}",False,"{""floor"": false, ""mom_sector_pct"": 45.3125, ""eps_rev_proxy"": null}"
TRMB,864749,Trimble Inc.,Information Technology,Application Software,Software and Services,5.69472963723477,5.9986310746064335,165955770.40400013,-0.26325569473046273,-0.31118293712152767,-0.2872894213418131,10.0,0.6168495428689483,0.08022675531299438,0.096124267109118,0.09209133114326827,0.26750226033136737,0.05511836382315675,0.03822659028588494,0.8577459847932467,6,9,False,0.026490354149407702,-0.10117713660786176,-0.3932029767528583,False,0.6979830288931772,0.16331385973723864,0.11676227233075154,1.1315288095163036,1.6989867870914281,2.118391480294567,1.137169847906564,6.926406926406926,-0.39450051650540197,0.49693771910434825,231.0,,57.529998779296875,233179848.0,13414836370.79663,15359036370.79663,7055000000.0,1944200000.0,799100000.0,26000000.0,155300000.0,202100000.0,1944200000.0,3782900000.0,642700000.0,773100000.0,617800000.0,441700000.0,844800000.0,-104700000.0,525798893.96285933,0.18189062709995443,0.07452854627397014,23.897676008708,24.86085524570513,0.04022387766296802,34.77255234502294,0.028758314606236606,,,2.301373106060606,4826600000.0,850400000.0,0.804677533664068,0.0,0.06553862328584517,0.0636195186187638,0.38461538461538464,-0.6122967022907656,0.5436816474856381,260.0,['fcf_cagr5 gate'],False,0.9,ig,Software and Services,21.052631578947366,18.181818181818183,22.22222222222222,15.0,63.63636363636363,,15.0,54.54545454545455,10.16949152542373,1.0,14.88114282868958,"{'profitability': 34.3, 'growth': 11.0, 'balance': 23.3, 'stability': 61.9}",67.0690975348672,False,-0.2913199559152675,33.26861446170039,,40.97512018177839,,False,"{""floor"": false, ""depressed_arms"": {""self_pct"": true, ""self_z"": false, ""median_ratio"": true}, ""yield_arm"": false, ""residual_arm"": false, ""brakes"": {""gm"": true, ""fcf_margin"": true, ""roic"": true}, ""self_pct"": 0.38461538461538464, ""self_z"": -0.6122967022907656, ""median_ratio"": 0.5436816474856381, ""fcf_yield"": 0.04022387766296802, ""yield_threshold"": 0.0495, ""gs10"": 0.0495, ""residual_pct"": null, ""brake_values"": {""gm"": 1.1315288095163036, ""fcf_margin"": 1.6989867870914281, ""roic"": 1.137169847906564}}",False,"{""floor"": false, ""mom_sector_pct"": 10.16949152542373, ""eps_rev_proxy"": null}"
HAS,46080,Hasbro,Consumer Discretionary,Leisure Products,Consumer Durables and Apparel,42.0041067761807,5.9986310746064335,164942571.65936983,0.25859904709167036,-0.10172981912594992,0.22391384390335434,10.0,0.6942912349039847,0.035416387804924676,0.11069310878495457,0.1034717086722763,0.3292291294645613,0.0927964346091717,0.08844162852517339,0.48675713488416567,5,9,False,-0.029670572494690073,-0.004891835852933735,0.004701650739675767,False,0.7235381645620527,0.22482506233411084,0.21426847904769564,1.0421248723701841,2.0310664756094474,2.309016288719761,-158.99636819034535,1.9230769230769231,-0.046404977344441274,0.6310496515400128,260.0,gm_derived,89.9800033569336,141044467.0,12691181614.13691,15713981614.13691,3753100000.0,3022800000.0,1288200000.0,74600000.0,95500000.0,127100000.0,2997700000.0,4973200000.0,1161400000.0,1213600000.0,1118100000.0,1065600000.0,1288500000.0,794100000.0,900539333.2685393,0.22460880552045875,0.2399454672853213,13.530206314910375,14.05418264389313,0.07115319512618709,14.746604367620973,0.0678122213813299,15.9818431106119,1.528270998614784,2.3265036864571207,1256200000.0,456700000.0,0.4563960459353601,5.0,-0.0015091254600109248,0.04887027736150304,3.4615384615384617,-0.12578367114322758,0.6456219043535498,260.0,['rev_cagr5 gate'],False,1.0,ig,Consumer Durables and Apparel,25.0,60.0,87.5,38.88888888888889,70.0,77.77777777777779,10.0,66.66666666666667,87.87878787878788,1.0,11.49700442403974,"{'profitability': 32.9, 'growth': 0.0, 'balance': 22.4, 'stability': 57.8}",73.51617130381356,False,,,,42.506587863926654,,False,"{""floor"": false, ""depressed_arms"": {""self_pct"": true, ""self_z"": false, ""median_ratio"": true}, ""yield_arm"": true, ""residual_arm"": false, ""brakes"": {""gm"": true, ""fcf_margin"": true, ""roic"": false}, ""self_pct"": 3.4615384615384617, ""self_z"": -0.12578367114322758, ""median_ratio"": 0.6456219043535498, ""fcf_yield"": 0.07115319512618709, ""yield_threshold"": 0.0495, ""gs10"": 0.0495, ""residual_pct"": null, ""brake_values"": {""gm"": 1.0421248723701841, ""fcf_margin"": 2.0310664756094474, ""roic"": -158.99636819034535}}",False,"{""floor"": false, ""mom_sector_pct"": 87.87878787878788, ""eps_rev_proxy"": null}"
SJM,91419,J.M. Smucker Company (The),Consumer Staples,Packaged Foods & Meats,Food Beverage and Tobacco,17.90280629705681,5.9986310746064335,159799059.8417572,0.212106218140653,-0.12384766392014601,0.11471851406443156,10.0,0.3540396230197812,0.07080125736384568,0.09182262486592925,0.08707447274000175,0.22404220688259996,0.08789208237653849,0.08650283731182291,0.1125527827080354,5,9,False,0.024922544207570674,-0.016782151670354906,-0.03798805971145436,False,0.3865281918553222,0.17053806419203005,0.14566064934639453,1.0917653469361135,1.8572553816778128,1.6572670189149656,2.0903540520382666,3.8461538461538463,-1.6817448045385375,0.5348232955689803,260.0,,115.94999694824219,106823183.0,12386147742.851517,19283147742.851517,12647800000.0,6897000000.0,1909900000.0,321500000.0,26800000.0,549300000.0,6897000000.0,9156900000.0,826200000.0,1588400000.0,1561600000.0,1333800000.0,1375500000.0,229500000.0,617182072.188963,0.2529870828020298,0.04879758315192864,23.33956395891009,12.348327191887497,0.08098262902014548,14.457300751875481,0.06916920503782661,53.97014267037698,6.921132897603486,5.014176663031625,5200000000.0,3086600000.0,0.655181138221667,0.0,0.023344171339944538,0.021320415803670858,0.38461538461538464,-1.9046864373425694,0.4988267439472305,260.0,[],True,1.0,ig,Food Beverage and Tobacco,9.090909090909092,35.714285714285715,21.428571428571427,9.090909090909092,53.57142857142857,100.0,15.384615384615387,21.42857142857143,70.37037037037037,1.0,7.2663793615155345,"{'profitability': 22.7, 'growth': 10.4, 'balance': 0.0, 'stability': 59.5}",69.36165800695551,False,-0.4382317929283772,19.13946429332427,,38.31401868423552,,False,"{""floor"": false, ""depressed_arms"": {""self_pct"": true, ""self_z"": true, ""median_ratio"": true}, ""yield_arm"": true, ""residual_arm"": false, ""brakes"": {""gm"": true, ""fcf_margin"": true, ""roic"": true}, ""self_pct"": 0.38461538461538464, ""self_z"": -1.9046864373425694, ""median_ratio"": 0.4988267439472305, ""fcf_yield"": 0.08098262902014548, ""yield_threshold"": 0.0495, ""gs10"": 0.0495, ""residual_pct"": null, ""brake_values"": {""gm"": 1.0917653469361135, ""fcf_margin"": 1.8572553816778128, ""roic"": 2.0903540520382666}}",False,"{""floor"": false, ""mom_sector_pct"": 70.37037037037037, ""eps_rev_proxy"": null}"
WYNN,1174922,Wynn Resorts,Consumer Discretionary,Casinos & Gaming,Consumer Services,17.880903490759753,5.9986310746064335,158179265.81212488,-0.25281291239177284,-0.39491567167637565,-0.36904562404747643,4.0,,,0.010366684333990215,0.08409910220394613,1.9616381619454695,-0.03745847082940017,0.08548267065448215,17.459538429409132,6,9,False,0.2777382286479426,,,False,,0.09517112535703807,0.10619477501964342,,9.18047876166072,-2.835000272789938,2.166672817002169,,,,,,77.30000305175781,102973891.0,7959882088.551376,18107901088.551376,9978568000.0,10148019000.0,1459197000.0,667323000.0,86330000.0,585600000.0,10885235000.0,7413425000.0,1165387000.0,791874000.0,705544000.0,787267000.0,1750987000.0,448885000.0,981090311.1093489,0.1581420497145164,0.09831974999913304,15.538101153137434,25.665162043120453,0.038963323057141966,23.000965477470004,0.04347643584698755,17.732564217007422,1.764091025541063,6.216628107461677,18463000.0,224242000.0,0.024322628256880145,2.0,0.04537821734209471,0.04164157077037584,32.31707317073171,-0.21964247692193198,0.865987362779731,164.0,"['mktcap<10B', 'fcf_cagr5 gate']",False,0.9,ig,Consumer Services,41.66666666666667,30.76923076923077,,42.30769230769231,7.6923076923076925,76.92307692307693,0.0,61.53846153846153,18.181818181818183,1.0,18.174260112601452,"{'profitability': 27.2, 'growth': 100.0, 'balance': 0.0, 'stability': 44.4}",54.3207481446385,False,0.13855739422373636,22.344430950739653,,36.24750412861998,,False,"{""floor"": false, ""depressed_arms"": {""self_pct"": false, ""self_z"": false, ""median_ratio"": false}, ""yield_arm"": false, ""residual_arm"": false, ""brakes"": {""gm"": false, ""fcf_margin"": true, ""roic"": true}, ""self_pct"": 32.31707317073171, ""self_z"": -0.21964247692193198, ""median_ratio"": 0.865987362779731, ""fcf_yield"": 0.038963323057141966, ""yield_threshold"": 0.0495, ""gs10"": 0.0495, ""residual_pct"": null, ""brake_values"": {""gm"": null, ""fcf_margin"": 9.18047876166072, ""roic"": 2.166672817002169}}",False,"{""floor"": false, ""mom_sector_pct"": 18.181818181818183, ""eps_rev_proxy"": null}"
MKC,63754,McCormick & Company,Consumer Staples,Packaged Foods & Meats,Food Beverage and Tobacco,23.537303216974674,5.9986310746064335,155625471.4901487,-0.21981832414256341,-0.37142254929708296,-0.33876310511902397,10.0,0.3785894246149789,0.03205303595736535,0.09113081411500469,0.08917708999509198,0.29534799571527426,0.09959509648684615,0.0990079866740039,0.2877314268575915,9,9,False,0.040775986020144206,-0.01925692501253995,-0.037827238833880394,False,0.39063455508281614,0.11482363350117751,0.10735521813237571,1.0318158133447255,1.2599869167883555,1.077916703926829,,0.38461538461538464,-1.609012364419687,0.4947634627570686,260.0,shares_was_proxy,44.13999938964844,269300000.0,11886901835.632324,17266501835.632324,12382900000.0,5379600000.0,1140800000.0,214900000.0,43400000.0,272300000.0,4795800000.0,7685700000.0,1032000000.0,925900000.0,882500000.0,825100000.0,1304300000.0,1490500000.0,,,,16.731106429876284,19.565441173521048,0.051110526521290674,20.926556581786844,0.04778617046200219,7.975110255372241,0.6212009392821201,3.6769148202100745,6303900000.0,2816300000.0,0.7365156788797455,,,,0.38461538461538464,-1.474642702675604,0.4385951473454567,260.0,[],True,0.8,ig,Food Beverage and Tobacco,,28.57142857142857,35.714285714285715,,53.57142857142857,7.6923076923076925,23.076923076923066,50.0,3.7037037037037033,1.0,15.884858855395999,"{'profitability': 35.7, 'growth': 17.0, 'balance': 0.0, 'stability': 82.0}",68.97145582872763,False,,,,42.428157342061816,,False,"{""floor"": false, ""depressed_arms"": {""self_pct"": true, ""self_z"": true, ""median_ratio"": true}, ""yield_arm"": true, ""residual_arm"": false, ""brakes"": {""gm"": true, ""fcf_margin"": true, ""roic"": false}, ""self_pct"": 0.38461538461538464, ""self_z"": -1.474642702675604, ""median_ratio"": 0.4385951473454567, ""fcf_yield"": 0.051110526521290674, ""yield_threshold"": 0.0495, ""gs10"": 0.0495, ""residual_pct"": null, ""brake_values"": {""gm"": 1.0318158133447255, ""fcf_margin"": 1.2599869167883555, ""roic"": null}}",False,"{""floor"": false, ""mom_sector_pct"": 3.7037037037037033, ""eps_rev_proxy"": null}"
VLTO,1967680,Veralto,Industrials,Environmental & Facilities Services,Commercial and Professional Services,3.0006844626967832,2.9897330595482545,152515613.93993565,-0.09723708638200279,-0.09094447511023374,-0.11207149596206079,5.0,0.5838307942666603,0.021884428131867428,0.16428976560761807,0.1700856403106951,0.08106556165967808,0.1570317607963617,0.16085106382978723,0.09110181475122846,4,4,True,,0.047532853252115315,0.051695440677989035,True,0.5986053996066512,0.17307348471303416,0.16896120150187735,1.0253063138927931,1.0534647978401448,1.075968330514906,0.9178991671949419,,,,,,94.5999984741211,245599266.0,23233690188.84526,24671690188.84526,4443000000.0,1438000000.0,1102000000.0,60000000.0,74000000.0,83000000.0,1437000000.0,5593000000.0,1293000000.0,1042000000.0,968000000.0,945000000.0,1376000000.0,969000000.0,1039765145.2282158,0.195850622406639,0.2340232152212955,19.080966890058207,25.487283252939317,0.0392352527366633,26.10760866544472,0.038303010161308694,23.976976459076635,1.0753353973168214,1.0443313953488371,3042000000.0,750000000.0,0.8534773801485482,3.0,0.2549552538940195,0.25636970674260423,,,,,['rev_cagr5 gate'],False,0.9,ig,Commercial and Professional Services,80.0,72.72727272727273,71.42857142857143,22.727272727272727,9.090909090909092,27.27272727272727,45.45454545454546,36.36363636363637,26.5625,1.0,60.986713960889816,"{'profitability': 84.0, 'growth': 39.6, 'balance': 65.2, 'stability': 93.8}",,True,0.1073122933946209,22.893827629894172,50.0,,7.0,False,"{""floor"": true, ""depressed_arms"": {""self_pct"": false, ""self_z"": false, ""median_ratio"": false}, ""yield_arm"": false, ""residual_arm"": false, ""brakes"": {""gm"": true, ""fcf_margin"": true, ""roic"": true}, ""self_pct"": null, ""self_z"": null, ""median_ratio"": null, ""fcf_yield"": 0.0392352527366633, ""yield_threshold"": 0.0495, ""gs10"": 0.0495, ""residual_pct"": 50.0, ""brake_values"": {""gm"": 1.0253063138927931, ""fcf_margin"": 1.0534647978401448, ""roic"": 0.9178991671949419}}",False,"{""floor"": true, ""mom_sector_pct"": 26.5625, ""eps_rev_proxy"": 7.0}"
AMCR,1748790,Amcor,Materials,Paper & Plastic Packaging Products & Materials,Materials,7.321013004791239,5.9986310746064335,151805988.17593354,0.17102656106012337,-0.13481783540129166,0.08439912450547649,12.0,0.19330295592028762,0.028460083932397132,0.064078014995485,0.05843108504398827,0.16381555291242958,0.053249268919611396,0.05087976539589443,0.17077283456959685,9,11,False,0.12818624051338734,,,False,0.19952352590827874,0.04875350974219348,0.025057432144984258,1.0321804183406087,0.7608461302309177,0.4705685665433756,0.9957257559608156,0.38461538461538464,-1.944102692396545,0.3970032974495366,260.0,,41.810001373291016,462345690.0,19330673933.835182,24653073933.835182,17112400000.0,5322400000.0,2151000000.0,922000000.0,83000000.0,1479000000.0,5311400000.0,23506000000.0,1899000000.0,1229000000.0,1146000000.0,589000000.0,3378000000.0,1106000000.0,1582354849.004771,0.1667431021565187,0.09246831823734666,12.98213477295165,21.51228091957695,0.046485075373386565,41.85581313045022,0.02389154397462887,17.478005365131267,1.1112115732368897,1.5723505032563647,12075000000.0,6588000000.0,1.090612655150651,3.0,0.09286524696563693,0.0953044842066701,0.38461538461538464,-2.8161277766225723,0.22964276833840888,260.0,['fcf_cagr5 gate'],False,1.0,ig,Materials,33.33333333333333,28.57142857142857,14.285714285714285,46.42857142857143,100.0,72.72727272727273,45.45454545454546,83.33333333333334,64.28571428571429,1.0,45.865558906231215,"{'profitability': 32.9, 'growth': 100.0, 'balance': 47.6, 'stability': 79.9}",77.5838204843564,False,-0.24850464838277464,27.58104126496837,,61.724689695293804,,False,"{""floor"": false, ""depressed_arms"": {""self_pct"": true, ""self_z"": true, ""median_ratio"": true}, ""yield_arm"": false, ""residual_arm"": false, ""brakes"": {""gm"": true, ""fcf_margin"": false, ""roic"": true}, ""self_pct"": 0.38461538461538464, ""self_z"": -2.8161277766225723, ""median_ratio"": 0.22964276833840888, ""fcf_yield"": 0.046485075373386565, ""yield_threshold"": 0.0495, ""gs10"": 0.0495, ""residual_pct"": null, ""brake_values"": {""gm"": 1.0321804183406087, ""fcf_margin"": 0.7608461302309177, ""roic"": 0.9957257559608156}}",False,"{""floor"": false, ""mom_sector_pct"": 64.28571428571429, ""eps_rev_proxy"": null}"
VTRS,1792044,Viatris,Health Care,Pharmaceuticals,Pharmaceuticals Biotechnology and Life Sciences,22.442162902121833,5.9986310746064335,151649642.79361936,0.7152537064337947,-0.02075158950177336,0.7741901441310433,8.0,0.3733118085428981,0.09999887837575834,0.13808751878709008,0.1374511609107648,0.12761545459667076,-0.03932470133573536,-0.046321506764722395,,3,7,False,0.03810826926878108,0.1439544094903733,,False,0.3493378159495842,0.1213096680232479,-0.04390967618995767,0.9357802457766107,0.8784984268584689,1.1165927444706574,0.3894955265895008,,,,,,17.459999084472656,1148590864.0,20054395433.873657,32791595433.873657,26997600000.0,12737200000.0,2330800000.0,376000000.0,172300000.0,2803700000.0,12737200000.0,14693800000.0,-87300000.0,1954800000.0,1782500000.0,-645200000.0,2716400000.0,,-64503689.748329304,0.26112611972131383,-0.0023892379229386797,,18.396406975525192,0.05435844082653816,,-0.019675773363973307,,,4.689000147253718,6654400000.0,13676900000.0,0.7530780513823451,0.0,-0.0061341857860584825,0.007595043516924357,89.58333333333334,1.4966075898601134,1.2815743917810578,240.0,[],True,0.8,ig,Pharmaceuticals Biotechnology and Life Sciences,16.666666666666664,25.0,11.11111111111111,8.333333333333332,8.333333333333332,,16.666666666666657,,97.61904761904762,1.0,16.221687424953316,"{'profitability': 24.3, 'growth': 65.9, 'balance': 0.0, 'stability': 55.0}",,False,,,,,,False,"{""floor"": false, ""depressed_arms"": {""self_pct"": false, ""self_z"": false, ""median_ratio"": false}, ""yield_arm"": true, ""residual_arm"": false, ""brakes"": {""gm"": false, ""fcf_margin"": false, ""roic"": false}, ""self_pct"": 89.58333333333334, ""self_z"": 1.4966075898601134, ""median_ratio"": 1.2815743917810578, ""fcf_yield"": 0.05435844082653816, ""yield_threshold"": 0.0495, ""gs10"": 0.0495, ""residual_pct"": null, ""brake_values"": {""gm"": 0.9357802457766107, ""fcf_margin"": 0.8784984268584689, ""roic"": 0.3894955265895008}}",False,"{""floor"": false, ""mom_sector_pct"": 97.61904761904762, ""eps_rev_proxy"": null}"
DVA,927066,DaVita,Health Care,Health Care Services,Health Care Equipment and Services,18.171115674195757,5.9986310746064335,150992668.45906514,0.4027904876181143,-0.2654837402915802,0.34454102759728067,10.0,,,0.09650706657454272,0.10217942528817743,0.14521901066236892,0.0867985662218346,0.09385894479753112,0.16168697275946112,8,9,False,0.0338593890156329,0.0009409735461125557,-0.03962937117869003,False,,0.10551508582015563,0.09699359998104164,,1.0933405144861081,1.117456246145255,1.3857130036126917,11.923076923076923,-0.5832045216853624,0.8413746735649824,260.0,,176.35000610351562,63800000.0,11251130389.404297,19213078389.404297,7196852000.0,7961948000.0,2193155000.0,583351000.0,131575000.0,702734000.0,7678830000.0,14009646000.0,2127730000.0,1609804000.0,1478229000.0,1358846000.0,2830464000.0,1179389000.0,1688113033.1528826,0.20661313552335936,0.2345626995181897,9.029847955052707,12.997362647738813,0.07693868572436677,14.139261100525223,0.07072505365664784,9.539795936204507,1.3649474431252115,2.7129226868810203,7590966000.0,1855807000.0,1.3126257146874774,8.0,0.16927220781407218,0.1548716560065859,11.923076923076923,-0.7358313750805711,0.8524677547886833,260.0,[],True,0.9,ig,Health Care Equipment and Services,62.96296296296296,41.37931034482759,,92.85714285714286,58.333333333333336,58.620689655172406,25.925925925925924,93.33333333333333,85.71428571428571,1.0,25.604955755490437,"{'profitability': 59.2, 'growth': 14.5, 'balance': 9.6, 'stability': 82.9}",80.1028823130547,False,-0.6662663873380117,25.30527446713743,,52.85391903427257,,False,"{""floor"": false, ""depressed_arms"": {""self_pct"": true, ""self_z"": false, ""median_ratio"": false}, ""yield_arm"": true, ""residual_arm"": false, ""brakes"": {""gm"": false, ""fcf_margin"": true, ""roic"": true}, ""self_pct"": 11.923076923076923, ""self_z"": -0.7358313750805711, ""median_ratio"": 0.8524677547886833, ""fcf_yield"": 0.07693868572436677, ""yield_threshold"": 0.0495, ""gs10"": 0.0495, ""residual_pct"": null, ""brake_values"": {""gm"": null, ""fcf_margin"": 1.0933405144861081, ""roic"": 1.3857130036126917}}",False,"{""floor"": false, ""mom_sector_pct"": 85.71428571428571, ""eps_rev_proxy"": null}"
STE,1757898,Steris,Health Care,Health Care Equipment,Health Care Equipment and Services,6.776180698151951,5.9986310746064335,146937157.4109882,-0.06589599821844905,-0.21407349357421024,-0.12932307092625228,10.0,0.43934986616900673,0.011104044184521556,0.11051984460992872,0.10829587249693502,0.3534709233134412,0.07370671082135634,0.06842197442933037,0.6754159051403761,9,9,False,0.1381894523048055,0.16641623661536342,0.1228312718733593,False,0.44433954451345753,0.14293995859213252,0.12173913043478261,1.0113569588354703,1.293342015604782,1.6516695573330211,1.3793115047297195,4.230769230769231,-0.28741919890054446,0.38520643716064357,260.0,,209.33999633789062,97500110.0,20410672670.343933,21991672670.343933,8787700000.0,1581000000.0,1288500000.0,362900000.0,62600000.0,490900000.0,1566500000.0,6037500000.0,1141600000.0,925600000.0,863000000.0,735000000.0,1632500000.0,805000000.0,847209991.7347782,0.2578749196436771,0.09640861564855174,19.263903880819843,25.482818853237465,0.03924212646015631,29.92064308890331,0.033421741539067074,25.354872882414824,1.1498136645962733,0.9595712098009188,4189200000.0,14300000.0,0.47833904207016625,1.0,0.06989618756746564,0.07066786227880759,4.615384615384616,-1.3259725552840824,0.5454896917241102,260.0,[],True,1.0,ig,Health Care Equipment and Services,29.629629629629626,55.172413793103445,36.36363636363637,25.0,58.333333333333336,34.48275862068966,62.96296296296296,53.333333333333336,23.809523809523807,1.0,53.712026310948254,"{'profitability': 39.3, 'growth': 100.0, 'balance': 68.0, 'stability': 81.2}",59.432212406132,False,0.02823714025772084,24.773321157802506,,56.57211935854013,,False,"{""floor"": false, ""depressed_arms"": {""self_pct"": true, ""self_z"": true, ""median_ratio"": true}, ""yield_arm"": false, ""residual_arm"": false, ""brakes"": {""gm"": true, ""fcf_margin"": true, ""roic"": true}, ""self_pct"": 4.615384615384616, ""self_z"": -1.3259725552840824, ""median_ratio"": 0.5454896917241102, ""fcf_yield"": 0.03924212646015631, ""yield_threshold"": 0.0495, ""gs10"": 0.0495, ""residual_pct"": null, ""brake_values"": {""gm"": 1.0113569588354703, ""fcf_margin"": 1.293342015604782, ""roic"": 1.3793115047297195}}",False,"{""floor"": false, ""mom_sector_pct"": 23.809523809523807, ""eps_rev_proxy"": null}"
PKG,75677,Packaging Corporation of America,Materials,Paper & Plastic Packaging Products & Materials,Materials,9.1854893908282,5.9986310746064335,144768124.2270543,0.12657654694669662,-0.09702887499434676,0.09783272788582753,10.0,0.22590546458435962,0.0681208205655404,0.07384457185761927,0.07492333097428638,0.20286191058589645,0.09349072603502713,0.09561367403468568,0.1843677098896179,6,9,False,0.06187600584788355,0.03562932157398624,0.07712854976867134,False,0.2010676903068823,0.07268265055691901,0.08380005453820821,0.8900523529912124,0.98426531197255,0.8963461734890344,0.6903537149180389,56.15384615384615,0.0001552772728543254,1.0341713586171397,260.0,,229.7100067138672,89098299.0,20466770861.484146,24428670861.484146,8623800000.0,3961900000.0,1624100000.0,881700000.0,49400000.0,775700000.0,3961500000.0,9534600000.0,1035500000.0,742400000.0,693000000.0,799000000.0,1811200000.0,691800000.0,779922591.1812738,0.2468154599891127,0.09043839040576936,23.591183835329932,35.25060730372893,0.028368305583609525,30.57405614703898,0.032707469208230894,29.584808993183213,1.0731425267418329,2.1872239399293285,1416300000.0,565600000.0,0.2298174818525476,9.0,0.13100297492642088,0.12833516745662293,57.692307692307686,0.00015723195397539358,1.0334679216348548,260.0,[],True,1.0,ig,Materials,58.333333333333336,50.0,42.857142857142854,92.85714285714286,71.42857142857143,63.63636363636363,27.272727272727266,41.666666666666664,57.14285714285714,1.0,23.348103155544397,"{'profitability': 37.1, 'growth': 40.6, 'balance': 27.1, 'stability': 66.4}",36.414746994231784,False,0.23708958876658537,27.809930490993903,,29.881425074888092,,False,"{""floor"": false, ""depressed_arms"": {""self_pct"": false, ""self_z"": false, ""median_ratio"": false}, ""yield_arm"": false, ""residual_arm"": false, ""brakes"": {""gm"": false, ""fcf_margin"": true, ""roic"": false}, ""self_pct"": 57.692307692307686, ""self_z"": 0.00015723195397539358, ""median_ratio"": 1.0334679216348548, ""fcf_yield"": 0.028368305583609525, ""yield_threshold"": 0.0495, ""gs10"": 0.0495, ""residual_pct"": null, ""brake_values"": {""gm"": 0.8900523529912124, ""fcf_margin"": 0.98426531197255, ""roic"": 0.6903537149180389}}",False,"{""floor"": false, ""mom_sector_pct"": 57.14285714285714, ""eps_rev_proxy"": null}"
ALGN,1097149,Align Technology,Health Care,Health Care Supplies,Health Care Equipment and Services,9.286789869952088,5.9986310746064335,141603784.1690697,0.2002723884952169,-0.23542873985202262,0.09968225190498203,10.0,0.7041128153004574,0.03208929039405078,0.1020101401042968,0.11226472938815887,0.2974345370149372,0.11936403855859909,0.10489941015430812,0.5647138623594249,8,9,False,0.10296139708637742,-0.0065838037320232745,-0.18418971003597528,False,0.6804646032450045,0.10977569445048377,0.07782425646184157,0.9664141717895564,1.0761253179168986,0.6519908123218829,0.7128283027285993,19.615384615384617,-0.5672941308093158,0.7321749164448846,260.0,,145.34500122070312,71039852.0,10325287375.65857,9081436375.65857,2988602000.0,-1243851000.0,755696000.0,122127000.0,179149000.0,254391000.0,-1243851000.0,4139532000.0,547590000.0,633569000.0,454420000.0,322156000.0,801981000.0,413227000.0,398080492.8389125,0.2730318434615087,0.13319956716849968,16.58437220485869,19.984675796968816,0.05003833988398628,28.189561503304514,0.035474123990285385,24.986962070867996,1.5332226597003584,-1.550973152730551,497301000.0,94927000.0,0.19816221765226685,7.0,0.18686066007568977,0.15774782930056896,4.230769230769231,-0.9389475118074264,0.41238614339269125,260.0,[],True,1.0,ig,Health Care Equipment and Services,66.66666666666666,44.827586206896555,86.36363636363636,76.78571428571429,58.333333333333336,72.41379310344827,88.88888888888889,76.66666666666667,57.14285714285714,1.0,49.61522343004857,"{'profitability': 55.3, 'growth': 42.9, 'balance': 100.0, 'stability': 76.4}",70.01150196519589,False,-0.2384215713885034,25.365432986357327,,59.81336269762223,,False,"{""floor"": false, ""depressed_arms"": {""self_pct"": true, ""self_z"": false, ""median_ratio"": true}, ""yield_arm"": true, ""residual_arm"": false, ""brakes"": {""gm"": false, ""fcf_margin"": true, ""roic"": false}, ""self_pct"": 4.230769230769231, ""self_z"": -0.9389475118074264, ""median_ratio"": 0.41238614339269125, ""fcf_yield"": 0.05003833988398628, ""yield_threshold"": 0.0495, ""gs10"": 0.0495, ""residual_pct"": null, ""brake_values"": {""gm"": 0.9664141717895564, ""fcf_margin"": 1.0761253179168986, ""roic"": 0.7128283027285993}}",False,"{""floor"": false, ""mom_sector_pct"": 57.14285714285714, ""eps_rev_proxy"": null}"
IEX,832101,IDEX Corporation,Industrials,Industrial Machinery & Supplies & Components,Capital Goods,7.148528405201916,5.9986310746064335,141092275.23651123,0.35967627834898885,-0.038043007637951765,0.3968069777618244,10.0,0.4440925586597052,0.00549684319330994,0.16993627529802136,0.17078993055555555,0.1086815811461864,0.14566807570144608,0.14277410670582477,0.09316133570230765,7,9,False,0.08013924934357308,0.03565054967020065,-0.01058255745001846,False,0.4469918835243913,0.17044598778344908,0.13209494324045407,1.0065286499585502,1.0029994330788634,0.9068215022706085,0.8476819465327478,69.23076923076923,0.9740789912043568,1.1129820669899988,260.0,,229.85000610351562,73719896.0,16944518545.550537,18301418545.550537,5364900000.0,1356900000.0,716700000.0,75200000.0,30400000.0,212700000.0,1358300000.0,3585300000.0,741700000.0,641500000.0,611100000.0,473600000.0,954400000.0,519500000.0,565338044.9141347,0.23778071334214002,0.1053771822241113,24.674960962047372,29.948320316724818,0.033390854292470754,38.643197942463125,0.025877775475231794,32.6169750636199,1.2348411934552455,1.423197820620285,3382600000.0,1073600000.0,0.8306212604149192,6.0,0.1243121699773517,0.1288706123154617,51.92307692307693,0.04263535157662771,1.0057297303820785,260.0,[],True,1.0,ig,Capital Goods,40.54054054054054,90.2439024390244,81.25,46.34146341463415,64.28571428571429,53.84615384615385,59.45945945945946,43.90243902439024,79.6875,1.0,45.112943360903785,"{'profitability': 60.4, 'growth': 48.2, 'balance': 52.6, 'stability': 82.9}",40.6347965056966,False,0.07876077417616001,27.680064637002413,,42.87386993330019,,False,"{""floor"": false, ""depressed_arms"": {""self_pct"": false, ""self_z"": false, ""median_ratio"": false}, ""yield_arm"": false, ""residual_arm"": false, ""brakes"": {""gm"": true, ""fcf_margin"": true, ""roic"": false}, ""self_pct"": 51.92307692307693, ""self_z"": 0.04263535157662771, ""median_ratio"": 1.0057297303820785, ""fcf_yield"": 0.033390854292470754, ""yield_threshold"": 0.0495, ""gs10"": 0.0495, ""residual_pct"": null, ""brake_values"": {""gm"": 1.0065286499585502, ""fcf_margin"": 1.0029994330788634, ""roic"": 0.8476819465327478}}",False,"{""floor"": false, ""mom_sector_pct"": 79.6875, ""eps_rev_proxy"": null}"
FTV,1659166,Fortive,Industrials,Industrial Machinery & Supplies & Components,Capital Goods,10.25325119780972,5.9986310746064335,138457371.6036533,0.1345433575324999,-0.10761404132521202,0.11262561969952811,10.0,0.6118634013940201,0.04975609584347539,0.23789454982111335,0.20708807193864057,0.16737134155537814,0.16139934391928218,0.12767564412860258,0.2673995991472709,7,9,False,-0.02140910787620065,-0.06393711288329884,-0.11789054489653683,False,0.6325494640411767,0.20321575293950986,0.12971620153940597,1.0338083019837878,0.8542261816940301,0.80369720464464,1.2171606156974826,81.92307692307692,1.1627478926288077,1.2420999922057607,260.0,,55.84000015258789,304861021.0,17023439459.1581,20265339459.1581,9325000000.0,3241900000.0,1076300000.0,105000000.0,110600000.0,416300000.0,3233600000.0,4235400000.0,746600000.0,971300000.0,860700000.0,549400000.0,1162900000.0,497200000.0,657706449.3267187,0.11906449326718639,0.07053152271600201,27.14350315986887,23.545183524059603,0.04247153134220219,36.886311356312525,0.027110328011392914,34.23861516323029,1.9535398230088497,2.7806346203456873,7288500000.0,2093500000.0,1.0061126005361931,2.0,0.05794758868005647,0.057382385318106056,85.38461538461539,1.1346411742987166,1.1530911927268097,260.0,"['rev_cagr5 gate', 'fcf_cagr5 gate']",False,1.0,ig,Capital Goods,10.81081081081081,100.0,100.0,15.853658536585366,64.28571428571429,100.0,16.21621621621621,34.14634146341463,60.9375,1.0,18.273625694201993,"{'profitability': 55.0, 'growth': 0.0, 'balance': 7.3, 'stability': 75.5}",28.091744820408444,False,-0.14345782623426384,27.17721951366676,,23.182685257305216,,False,"{""floor"": false, ""depressed_arms"": {""self_pct"": false, ""self_z"": false, ""median_ratio"": false}, ""yield_arm"": false, ""residual_arm"": false, ""brakes"": {""gm"": true, ""fcf_margin"": false, ""roic"": true}, ""self_pct"": 85.38461538461539, ""self_z"": 1.1346411742987166, ""median_ratio"": 1.1530911927268097, ""fcf_yield"": 0.04247153134220219, ""yield_threshold"": 0.0495, ""gs10"": 0.0495, ""residual_pct"": null, ""brake_values"": {""gm"": 1.0338083019837878, ""fcf_margin"": 0.8542261816940301, ""roic"": 1.2171606156974826}}",False,"{""floor"": false, ""mom_sector_pct"": 60.9375, ""eps_rev_proxy"": null}"
HII,1501585,Huntington Ingalls Industries,Industrials,Aerospace & Defense,Capital Goods,8.744695414099931,5.9986310746064335,137756366.9687007,0.022663769829120328,-0.37730650598947757,-0.018825078055800692,10.0,,,0.0398231930406463,0.04177594604720869,0.5463901099723378,0.04015490377694115,0.045569088618227636,0.5636679234910986,9,9,False,0.059269098321768965,0.014186339457962216,-0.0024420316034008405,False,,-0.010390595373530527,-0.0020477815699658703,,-0.2609181881253261,-0.05099704836403577,0.8081894009635096,,,,,gm_derived,274.3299865722656,39404598.0,10809862840.225525,14381862840.225525,8884000000.0,3572000000.0,347000000.0,432000000.0,52000000.0,322000000.0,3572000000.0,13185000000.0,698000000.0,-85000000.0,-137000000.0,-27000000.0,1020000000.0,661000000.0,546656398.1042655,0.21682464454976302,0.061532687765000614,20.604388023245736,,-0.009525886981540124,,-0.001877364587602798,16.353801573714865,-0.12859304084720122,3.5019607843137255,2650000000.0,651000000.0,0.3715668617739757,5.0,0.0761364696092802,0.07251799099553727,,,,,[],True,0.8,ig,Capital Goods,18.91891891891892,12.195121951219512,,41.46341463414634,64.28571428571429,2.564102564102564,10.810810810810807,56.09756097560975,42.1875,1.0,10.22346566597764,"{'profitability': 15.4, 'growth': 30.6, 'balance': 0.0, 'stability': 66.7}",,False,,,,,,False,"{""floor"": false, ""depressed_arms"": {""self_pct"": false, ""self_z"": false, ""median_ratio"": false}, ""yield_arm"": false, ""residual_arm"": false, ""brakes"": {""gm"": false, ""fcf_margin"": false, ""roic"": false}, ""self_pct"": null, ""self_z"": null, ""median_ratio"": null, ""fcf_yield"": -0.009525886981540124, ""yield_threshold"": 0.0495, ""gs10"": 0.0495, ""residual_pct"": null, ""brake_values"": {""gm"": null, ""fcf_margin"": -0.2609181881253261, ""roic"": 0.8081894009635096}}",False,"{""floor"": false, ""mom_sector_pct"": 42.1875, ""eps_rev_proxy"": null}"
IFF,51253,International Flavors & Fragrances,Materials,Specialty Chemicals,Materials,50.50513347022587,5.9986310746064335,134850741.63446105,0.4129382369800454,-0.050444259438029104,0.3665235927687056,9.0,0.3391029035519759,0.053156405942039034,0.042248861604364016,0.04615116684082202,0.7822942925853421,-0.009200441377870138,-0.0019157088122605363,,6,9,False,0.16456696810652138,-0.13281073620242412,,False,0.3888220496554741,0.049436727551132015,0.013671661380290932,1.1466196413616891,1.170131588729613,-1.4859788589246858,-1.7611340758178622,,,,,,83.12000274658203,255149963.0,21208065625.350304,27019065625.350304,19787000000.0,5811000000.0,1161000000.0,621000000.0,88000000.0,948000000.0,5778000000.0,9143000000.0,734000000.0,540000000.0,452000000.0,125000000.0,1682000000.0,,557649350.6493506,0.24025974025974026,0.028182612354038038,36.81071611083148,59.77669386139448,0.016728927871433,216.15252500280243,0.004626362796303374,,,3.435196195005945,8145000000.0,3732000000.0,0.6002425835144287,0.0,-0.016002536513837068,-0.016355477386741278,54.54545454545454,0.05448879885798738,1.057427099860974,220.0,['fcf_cagr5 gate'],False,0.9,ig,Materials,8.333333333333332,21.428571428571427,64.28571428571429,14.285714285714285,39.285714285714285,,0.0,8.333333333333343,78.57142857142857,1.0,9.910116617364615,"{'profitability': 9.2, 'growth': 50.0, 'balance': 0.0, 'stability': 53.0}",24.029316659302246,False,,,,16.96971663833343,,False,"{""floor"": false, ""depressed_arms"": {""self_pct"": false, ""self_z"": false, ""median_ratio"": false}, ""yield_arm"": false, ""residual_arm"": false, ""brakes"": {""gm"": true, ""fcf_margin"": true, ""roic"": false}, ""self_pct"": 54.54545454545454, ""self_z"": 0.05448879885798738, ""median_ratio"": 1.057427099860974, ""fcf_yield"": 0.016728927871433, ""yield_threshold"": 0.0495, ""gs10"": 0.0495, ""residual_pct"": null, ""brake_values"": {""gm"": 1.1466196413616891, ""fcf_margin"": 1.170131588729613, ""roic"": -1.7611340758178622}}",False,"{""floor"": false, ""mom_sector_pct"": 78.57142857142857, ""eps_rev_proxy"": null}"
UHS,352915,Universal Health Services,Health Care,Health Care Facilities,Health Care Equipment and Services,12.032854209445585,5.9986310746064335,132744837.13699389,-0.17781874402074072,-0.2782807143351387,-0.15155152558418616,10.0,,,0.029651855390810722,0.030599547289534724,0.7057506794638717,0.050699682468984354,0.04512519836190734,0.5620056985846631,9,9,False,0.08480286480142118,-0.12213094292578985,-0.0833885508301867,False,,0.04140365664233274,,,1.3963260004014442,,1.288180279220817,18.076923076923077,-0.43073281472354674,0.7092938139069812,260.0,shares_was_proxy,175.07000732421875,59657000.0,10444151426.940918,15726470426.940918,12796131000.0,5282319000.0,1800302000.0,954902000.0,95394000.0,,5214496000.0,18114487000.0,2058455000.0,845400000.0,750006000.0,,,1526027000.0,1574600199.1295638,0.23505726424451165,0.12305283519913666,7.639938899291419,20.96845948824532,0.04769067563406786,,,6.844014835216492,0.5539875768908413,,3981713000.0,75876000.0,0.31709498753959303,3.0,0.09552454511535277,0.09713264136732536,26.495726495726498,-0.15277050310928336,0.6749631022192918,234.0,['fcf_cagr5 gate'],False,0.8,ig,Health Care Equipment and Services,37.03703703703704,13.793103448275861,,41.07142857142857,58.333333333333336,6.896551724137931,,96.66666666666667,9.523809523809524,0.7,21.677700971498062,"{'profitability': 30.4, 'growth': 35.3, 'balance': None, 'stability': 66.7}",69.17954311575227,False,-0.17425108442666204,24.959898175675672,,45.42862204362517,,False,"{""floor"": false, ""depressed_arms"": {""self_pct"": false, ""self_z"": false, ""median_ratio"": true}, ""yield_arm"": false, ""residual_arm"": false, ""brakes"": {""gm"": false, ""fcf_margin"": true, ""roic"": true}, ""self_pct"": 26.495726495726498, ""self_z"": -0.15277050310928336, ""median_ratio"": 0.6749631022192918, ""fcf_yield"": 0.04769067563406786, ""yield_threshold"": 0.0495, ""gs10"": 0.0495, ""residual_pct"": null, ""brake_values"": {""gm"": null, ""fcf_margin"": 1.3963260004014442, ""roic"": 1.288180279220817}}",False,"{""floor"": false, ""mom_sector_pct"": 9.523809523809524, ""eps_rev_proxy"": null}"
MGM,789570,MGM Resorts,Consumer Discretionary,Casinos & Gaming,Consumer Services,9.1854893908282,5.9986310746064335,116876705.97556584,0.21485413645620577,-0.3805651521850213,-0.10197468201299986,8.0,,,0.08051335687434653,0.07811636234957606,0.2522421921184583,0.08992908021706693,0.12547578977346713,0.9241762408317052,8,9,False,0.277113404785333,,0.1992826380306052,True,,0.07873105122883604,,,0.9778632302179121,,0.6862095320138739,,,,,,30.469999313354492,251592756.0,7666031102.564964,36806219102.564964,31653963000.0,29140188000.0,2463036000.0,968489000.0,96170000.0,,28286309000.0,17761442000.0,1017036000.0,1494547000.0,1398377000.0,,,425926000.0,938657258.0395802,0.07706584817097897,0.029653704278342026,36.18969151786659,26.320669678180465,0.037992954291318375,,,17.998504675847364,3.5089358245329,,4768737000.0,1356676000.0,0.19351172553022825,1.0,0.043213774940308584,0.04202766631619687,4.296875,-0.10382605104481014,0.8112628885931119,256.0,"['mktcap<10B', 'fcf_cagr5 gate']",False,0.8,ig,Consumer Services,33.33333333333333,38.46153846153847,,26.923076923076923,38.46153846153847,100.0,,7.692307692307693,78.78787878787878,0.7,42.45070078369601,"{'profitability': 23.0, 'growth': 100.0, 'balance': None, 'stability': 75.8}",45.53536582913037,False,0.16495135652271786,22.318215716722005,,43.99303330641319,,False,"{""floor"": false, ""depressed_arms"": {""self_pct"": true, ""self_z"": false, ""median_ratio"": false}, ""yield_arm"": false, ""residual_arm"": false, ""brakes"": {""gm"": false, ""fcf_margin"": true, ""roic"": false}, ""self_pct"": 4.296875, ""self_z"": -0.10382605104481014, ""median_ratio"": 0.8112628885931119, ""fcf_yield"": 0.037992954291318375, ""yield_threshold"": 0.0495, ""gs10"": 0.0495, ""residual_pct"": null, ""brake_values"": {""gm"": null, ""fcf_margin"": 0.9778632302179121, ""roic"": 0.6862095320138739}}",False,"{""floor"": false, ""mom_sector_pct"": 78.78787878787878, ""eps_rev_proxy"": null}"
J,52988,Jacobs Solutions,Industrials,Construction & Engineering,Capital Goods,18.934976043805612,5.9986310746064335,116702339.37131135,-0.044062774281373396,-0.11473579706542969,-0.08616246823834783,9.0,0.24479021776876628,0.06398820513893612,0.05228839435626618,0.045429913407415576,0.30284276723000336,0.04803221828878799,0.03908856876304419,0.3858079703136637,7,9,False,-0.023763696704604875,,,False,0.22067032387720956,0.04037655803245411,0.03659414133662503,0.9014670843001543,0.7721896709497149,0.7618665687394889,0.9482567388850125,61.15384615384616,0.25805715790805184,1.2094224307966075,260.0,,139.7899932861328,117038611.0,16360826645.90831,19280364645.90831,6184027000.0,2919538000.0,735843000.0,91299000.0,70421000.0,145082000.0,2933379000.0,14219216000.0,649643000.0,644544000.0,574123000.0,520340000.0,794725000.0,338427000.0,410025020.5939171,0.3688456266073566,0.0663038858973153,29.67839974556535,33.582289240995934,0.029777600711604835,37.05339709787506,0.026988078781509293,48.34373925812157,1.9045288939712257,3.6910616880052847,4756461000.0,604199000.0,0.8668558529902926,1.0,0.06992187155482524,0.05868170577027504,62.69230769230769,0.2943343323824561,1.1664300533690908,260.0,"['rev_cagr5 gate', 'fcf_cagr5 gate']",False,1.0,ig,Capital Goods,16.216216216216218,17.073170731707318,25.0,6.097560975609756,22.61904761904762,97.43589743589743,5.4054054054054035,24.390243902439025,29.6875,1.0,6.127513496933432,"{'profitability': 22.7, 'growth': 0.0, 'balance': 0.0, 'stability': 67.3}",30.718438490596135,False,0.20710782915253034,27.300117137284335,,18.422975993764783,,False,"{""floor"": false, ""depressed_arms"": {""self_pct"": false, ""self_z"": false, ""median_ratio"": false}, ""yield_arm"": false, ""residual_arm"": false, ""brakes"": {""gm"": false, ""fcf_margin"": false, ""roic"": true}, ""self_pct"": 62.69230769230769, ""self_z"": 0.2943343323824561, ""median_ratio"": 1.1664300533690908, ""fcf_yield"": 0.029777600711604835, ""yield_threshold"": 0.0495, ""gs10"": 0.0495, ""residual_pct"": null, ""brake_values"": {""gm"": 0.9014670843001543, ""fcf_margin"": 0.7721896709497149, ""roic"": 0.9482567388850125}}",False,"{""floor"": false, ""mom_sector_pct"": 29.6875, ""eps_rev_proxy"": null}"
NDSN,72331,Nordson Corporation,Industrials,Industrial Machinery & Supplies & Components,Capital Goods,4.6269678302532515,5.9986310746064335,111238020.93054858,0.37656192416655965,-0.006717741624174045,0.42692731752352175,10.0,0.5515110513763457,0.01052251518027549,0.1999210543180704,0.20525999181274815,0.13821767513675173,0.18625867436321228,0.1774978420622392,0.1816045396712159,7,9,False,0.056479601334163076,0.07907001567409888,0.10538966928464055,False,0.5528561528561529,0.2351879911201945,0.2261655583689482,1.002438938397427,1.1764043158056536,1.2142551703547284,0.9835044012205103,20.384615384615383,-1.1221004185056815,0.8998177156234317,260.0,gm_derived,329.0199890136719,55699366.0,18326204789.38849,19838692789.38849,4781547000.0,1512488000.0,773384000.0,49371000.0,23201000.0,76256000.0,1512488000.0,2979795000.0,800961000.0,724013000.0,700812000.0,673927000.0,877217000.0,555178000.0,659254789.8380016,0.17692023726748038,0.1378747902797989,24.76861269074086,28.308152242525082,0.035325512998258486,29.4374506280183,0.03397033298285039,33.00960194638204,1.3041096729337258,1.7241891117021215,3315820000.0,626343000.0,0.8244534666291056,10.0,0.1401872631263255,0.12266630092557447,54.230769230769226,0.07219602330682337,1.006269287738365,260.0,[],True,1.0,ig,Capital Goods,48.64864864864865,95.1219512195122,90.625,87.8048780487805,64.28571428571429,66.66666666666666,45.945945945945944,41.463414634146346,82.8125,1.0,47.25193286090637,"{'profitability': 71.7, 'growth': 56.5, 'balance': 42.5, 'stability': 80.9}",39.717529353551235,False,0.019550572495246055,27.76008661520623,,43.484731107228804,,False,"{""floor"": false, ""depressed_arms"": {""self_pct"": false, ""self_z"": false, ""median_ratio"": false}, ""yield_arm"": false, ""residual_arm"": false, ""brakes"": {""gm"": true, ""fcf_margin"": true, ""roic"": true}, ""self_pct"": 54.230769230769226, ""self_z"": 0.07219602330682337, ""median_ratio"": 1.006269287738365, ""fcf_yield"": 0.035325512998258486, ""yield_threshold"": 0.0495, ""gs10"": 0.0495, ""residual_pct"": null, ""brake_values"": {""gm"": 1.002438938397427, ""fcf_margin"": 1.1764043158056536, ""roic"": 0.9835044012205103}}",False,"{""floor"": false, ""mom_sector_pct"": 82.8125, ""eps_rev_proxy"": null}"
HSIC,1000228,Henry Schein,Health Care,Health Care Distributors,Health Care Equipment and Services,11.545516769336071,5.9986310746064335,99911362.12249932,0.33984781730792424,-0.05433690442129413,0.2670446345197841,10.0,0.3080539601006563,0.024171537990602482,0.039688483712754,0.04050364077669903,0.21457814490906063,0.02914355891642152,0.027457524271844662,0.26754432872366896,7,9,False,0.054343001644374,,,False,0.31318923687692984,0.0389648581091016,0.024555212468754594,1.0166700560336754,0.9817673658462327,0.8425605307565395,,58.46153846153847,0.3989979144603637,1.1522304033096724,260.0,,84.93000030517578,111446542.0,9465154846.070786,11801700846.070786,5493546000.0,2336546000.0,700000000.0,131000000.0,39000000.0,327000000.0,1676546000.0,13602000000.0,680000000.0,569000000.0,530000000.0,334000000.0,1007000000.0,424000000.0,,,,17.35544242069233,22.26736008692601,0.04490878110814479,35.33443367087062,0.02830100545305728,22.323478410544304,1.3419811320754718,1.664891757696127,4272000000.0,1043059000.0,0.9675096922825439,,,,44.61538461538462,-0.19706748205965524,0.9582100950001523,260.0,"['mktcap<10B', 'fcf_cagr5 gate']",False,0.8,ig,Health Care Equipment and Services,,24.137931034482758,22.727272727272727,,58.333333333333336,55.172413793103445,48.14814814814815,66.66666666666667,73.80952380952381,1.0,25.124812583865147,"{'profitability': 15.6, 'growth': 45.3, 'balance': 44.5, 'stability': 75.7}",53.132208800528545,False,,,,39.12851069219685,,False,"{""floor"": false, ""depressed_arms"": {""self_pct"": false, ""self_z"": false, ""median_ratio"": false}, ""yield_arm"": false, ""residual_arm"": false, ""brakes"": {""gm"": true, ""fcf_margin"": true, ""roic"": false}, ""self_pct"": 44.61538461538462, ""self_z"": -0.19706748205965524, ""median_ratio"": 0.9582100950001523, ""fcf_yield"": 0.04490878110814479, ""yield_threshold"": 0.0495, ""gs10"": 0.0495, ""residual_pct"": null, ""brake_values"": {""gm"": 1.0166700560336754, ""fcf_margin"": 0.9817673658462327, ""roic"": null}}",False,"{""floor"": false, ""mom_sector_pct"": 73.80952380952381, ""eps_rev_proxy"": null}"
HRL,48465,Hormel Foods,Consumer Staples,Packaged Foods & Meats,Food Beverage and Tobacco,17.579739904175224,5.9986310746064335,98247739.65515313,-0.0799415922522968,-0.23804906903218692,-0.14742970307548253,10.0,0.16682132833702906,0.035594130283219394,0.06383424041884073,0.06541029663217429,0.19524254570376157,0.06596444905635719,0.06743968504299375,0.17985095183844876,5,9,False,0.04729856026370727,-0.06815746663983346,-0.09187039915676254,False,0.1567837288015035,0.062185439573896606,0.06540164820504571,0.93983023852174,0.9741705887917564,0.9914681186705486,0.4609207233650294,0.7692307692307693,-1.300127417271311,0.7056338708872807,260.0,shares_was_proxy,19.959999084472656,550675000.0,10991472495.84198,13280467495.84198,10132439000.0,2288995000.0,1091658000.0,310789000.0,25508000.0,271722000.0,2272785000.0,12146911000.0,573886000.0,780869000.0,755361000.0,794428000.0,845608000.0,342711000.0,376571452.4740182,0.3438218522946749,0.03716493654430273,23.141298961539366,17.581616599006278,0.056877591111645594,16.717018402979225,0.05981927972405563,32.07213219255285,2.2785057964290614,2.6877524810550515,4867763000.0,1572850000.0,0.6356429088790961,6.0,0.08063194961809017,0.08001175529317855,1.9230769230769231,-0.9758729663041126,0.6971682269427594,260.0,['fcf_cagr5 gate'],False,1.0,ig,Food Beverage and Tobacco,27.27272727272727,14.285714285714285,14.285714285714285,36.36363636363637,53.57142857142857,92.3076923076923,38.46153846153846,28.57142857142857,18.51851851851852,1.0,11.425592606208756,"{'profitability': 21.7, 'growth': 19.7, 'balance': 10.4, 'stability': 64.5}",59.336833564496715,False,-0.10285936217641911,19.486330249871596,,35.381213085352734,,False,"{""floor"": false, ""depressed_arms"": {""self_pct"": true, ""self_z"": false, ""median_ratio"": true}, ""yield_arm"": true, ""residual_arm"": false, ""brakes"": {""gm"": false, ""fcf_margin"": true, ""roic"": false}, ""self_pct"": 1.9230769230769231, ""self_z"": -0.9758729663041126, ""median_ratio"": 0.6971682269427594, ""fcf_yield"": 0.056877591111645594, ""yield_threshold"": 0.0495, ""gs10"": 0.0495, ""residual_pct"": null, ""brake_values"": {""gm"": 0.93983023852174, ""fcf_margin"": 0.9741705887917564, ""roic"": 0.4609207233650294}}",False,"{""floor"": false, ""mom_sector_pct"": 18.51851851851852, ""eps_rev_proxy"": null}"
AOS,91142,A. O. Smith,Industrials,Building Products,Capital Goods,9.1854893908282,5.9986310746064335,90107039.46923476,-0.15707649344411634,-0.2873812218089926,-0.21017734896436824,10.0,0.37594040956193764,0.03313037334138961,0.13345055553018087,0.1425513028040311,0.19702988229748036,0.13342765054945965,0.13881781630202078,0.1953671815539953,6,9,False,0.05756136403417389,0.015613976621913883,0.019778627439967167,False,0.38592341454440326,0.16804646639859128,0.15766511603458697,1.0265547537017856,1.2592414151515936,1.1816524939569617,0.7774915923471257,2.6923076923076925,-1.7150291155627062,0.7097834461819266,260.0,shares_was_proxy;sbc_unreported,56.66999816894531,137147703.0,7772160077.885056,8455360077.885056,2525100000.0,683200000.0,692300000.0,52900000.0,,92400000.0,664200000.0,3804900000.0,666300000.0,639400000.0,639400000.0,599900000.0,758700000.0,500300000.0,516741419.9348938,0.22446132382576345,0.20464196266876314,12.690019627622776,13.223897525625674,0.07562067068821196,14.094615899124946,0.07094907780084196,15.534999156276346,1.2780331800919449,0.8754448398576512,915200000.0,93300000.0,0.3993901231634391,10.0,0.2632079429321943,0.2721726536780593,1.9230769230769231,-2.0249782774747462,0.6557476712746158,260.0,['mktcap<10B'],False,1.0,ig,Capital Goods,83.78378378378379,75.60975609756098,59.375,87.8048780487805,64.28571428571429,61.53846153846154,72.97297297297297,90.2439024390244,18.75,1.0,43.361915165787565,"{'profitability': 78.5, 'growth': 30.5, 'balance': 70.8, 'stability': 70.2}",83.46149959774536,False,-0.7567053517340683,28.18333830559024,,63.41170738176646,,False,"{""floor"": false, ""depressed_arms"": {""self_pct"": true, ""self_z"": true, ""median_ratio"": true}, ""yield_arm"": true, ""residual_arm"": false, ""brakes"": {""gm"": true, ""fcf_margin"": true, ""roic"": false}, ""self_pct"": 1.9230769230769231, ""self_z"": -2.0249782774747462, ""median_ratio"": 0.6557476712746158, ""fcf_yield"": 0.07562067068821196, ""yield_threshold"": 0.0495, ""gs10"": 0.0495, ""residual_pct"": null, ""brake_values"": {""gm"": 1.0265547537017856, ""fcf_margin"": 1.2592414151515936, ""roic"": 0.7774915923471257}}",False,"{""floor"": false, ""mom_sector_pct"": 18.75, ""eps_rev_proxy"": null}"
SOLV,1964738,Solventum,Health Care,Health Care Technology,Health Care Equipment and Services,2.5023956194387407,2.510609171800137,85721353.6302684,0.23905408704603048,-0.04275281594462699,0.18608103571711365,3.0,0.5602823597059503,0.029831750034154086,0.10699972109162445,0.1275270017056846,0.6627905418282916,0.08007538786941634,0.09681537983298419,0.9356442657316714,3,3,False,,,,False,0.5468110709987967,-0.03429602888086643,-0.05583634175691937,0.9759562504980102,-0.320524469886221,-0.6972971751067255,,,,,,,87.7699966430664,170223729.0,14940536122.900246,20035536122.900246,9895000000.0,5095000000.0,209000000.0,327000000.0,167000000.0,506000000.0,5095000000.0,8310000000.0,2076000000.0,-118000000.0,-285000000.0,-464000000.0,2582000000.0,1434000000.0,1755107964.60177,0.15457227138643068,0.17737321521998686,9.651028960934608,,-0.014224725420461812,,-0.023158851210857125,10.418783907182878,-0.08228730822873083,1.9732765298218435,5626000000.0,2544000000.0,0.8256695300656898,1.0,,,,,,,"['rev_cagr5 gate', 'fcf_cagr5 gate']",False,0.8,ig,Health Care Equipment and Services,,51.724137931034484,45.45454545454545,25.0,5.0,3.4482758620689653,37.03703703703704,90.0,64.28571428571429,0.7,28.81141749535709,"{'profitability': 44.3, 'growth': None, 'balance': 34.2, 'stability': 72.0}",,False,,,,,,False,"{""floor"": false, ""depressed_arms"": {""self_pct"": false, ""self_z"": false, ""median_ratio"": false}, ""yield_arm"": false, ""residual_arm"": false, ""brakes"": {""gm"": true, ""fcf_margin"": false, ""roic"": false}, ""self_pct"": null, ""self_z"": null, ""median_ratio"": null, ""fcf_yield"": -0.014224725420461812, ""yield_threshold"": 0.0495, ""gs10"": 0.0495, ""residual_pct"": null, ""brake_values"": {""gm"": 0.9759562504980102, ""fcf_margin"": -0.320524469886221, ""roic"": null}}",False,"{""floor"": false, ""mom_sector_pct"": 64.28571428571429, ""eps_rev_proxy"": null}"
BF-B,14693,Brown–Forman,Consumer Staples,Distillers & Vintners,Food Beverage and Tobacco,43.92060232717317,5.9986310746064335,60585140.257743634,-0.011136222369099835,-0.1331887688662582,-0.039252073854429304,10.0,0.5994472994507823,0.013465347238644223,0.14355978573978317,0.10383159886471145,0.3391977793070172,,,,6,9,False,0.025637699680790327,0.03414372589540915,0.05833783074022758,False,0.6066411238825032,0.2280970625798212,,1.0120007620992069,1.5888646072046284,,0.7975207561404152,3.4615384615384617,-1.5557327913211236,0.5647073824669203,260.0,shares_was_proxy,25.969999313354492,458824000.0,11915658964.950562,14164658964.950562,6218000000.0,2249000000.0,1013000000.0,88000000.0,32000000.0,,2249000000.0,3915000000.0,993000000.0,925000000.0,893000000.0,,,721000000.0,800842281.8791946,0.1935123042505593,0.12879419136043657,14.264510538721613,15.861880139922242,0.06304422875338296,,,16.52657276692172,1.2829403606102636,,1513000000.0,936000000.0,0.3938565455130267,7.0,0.1614932155292526,0.14726582917289982,0.7692307692307693,-0.8737805130499332,0.38612050856174246,260.0,[],True,0.9,ig,Food Beverage and Tobacco,63.63636363636363,57.14285714285714,85.71428571428571,50.0,53.57142857142857,61.53846153846154,,71.42857142857143,29.629629629629626,0.7,26.62259763074485,"{'profitability': 53.0, 'growth': 24.9, 'balance': None, 'stability': 65.0}",76.59715920352248,False,-0.22247791497282154,19.814156761567784,,51.609878417133665,,False,"{""floor"": false, ""depressed_arms"": {""self_pct"": true, ""self_z"": false, ""median_ratio"": true}, ""yield_arm"": true, ""residual_arm"": false, ""brakes"": {""gm"": true, ""fcf_margin"": true, ""roic"": false}, ""self_pct"": 0.7692307692307693, ""self_z"": -0.8737805130499332, ""median_ratio"": 0.38612050856174246, ""fcf_yield"": 0.06304422875338296, ""yield_threshold"": 0.0495, ""gs10"": 0.0495, ""residual_pct"": null, ""brake_values"": {""gm"": 1.0120007620992069, ""fcf_margin"": 1.5888646072046284, ""roic"": 0.7975207561404152}}",False,"{""floor"": false, ""mom_sector_pct"": 29.629629629629626, ""eps_rev_proxy"": null}"
MU,723125,Micron Technology,Information Technology,Semiconductors,Semiconductors and Semiconductor Equipment,32.01368925393566,5.9986310746064335,30943524291.520256,4.417581872492498,-0.03212651039483683,4.848178806950756,8.0,0.271675862383062,0.7236685441326504,-0.056565969486111624,0.0186205789501846,13.616582641589419,0.04712893595768157,0.21209168020212957,1.929702928078838,6,9,False,0.11763119291842661,,0.08716558604518232,True,0.7256906750559408,0.2765801892017635,0.4565766444380442,2.671163601692076,-4.889515581796418,9.687819917004227,,69.39890710382514,0.335314254054772,1.3446220344591282,183.0,,1097.3900146484375,1129393151.0,1239384766519.7349,1221630766519.7349,82970000000.0,-17754000000.0,51432000000.0,25260000000.0,1204000000.0,9011000000.0,-17754000000.0,90274000000.0,59243000000.0,26172000000.0,24968000000.0,41217000000.0,68254000000.0,50469000000.0,,,,20.62067698326781,48.92785831943828,0.020438254081575354,29.639002511578592,0.033739327077871334,24.557347411673202,0.5185757593770434,-0.2601166232015706,1150000000.0,453000000.0,0.019320236229962637,,,,,,,,"['fcf_cagr5 gate', 'coverage<80%']",False,0.7,,,,,,,,,,,,,,,,,,,,,,,,,
SNDK,2023554,Sandisk,Information Technology,"Technology Hardware, Storage & Peripherals",Technology Hardware and Equipment,0.8432580424366872,1.6290212183436004,19582809455.077057,12.550346159778446,-0.18174164485353017,12.921734214028008,1.0,0.3117568742990426,0.7912611640002911,0.06031032921610818,-0.06735600569436236,2.089060200858698,0.05046661989408037,-0.06892117993244347,2.319027121857016,3,3,False,,,,False,0.7147372580007902,0.5562030817858554,,2.2926110598453135,9.22235194228222,,,,,,,,1787.68994140625,146419001.0,261751775318.45166,257190775318.45166,11175000000.0,-4561000000.0,11671000000.0,177000000.0,232000000.0,,-4561000000.0,20248000000.0,12389000000.0,11494000000.0,11262000000.0,,,11433000000.0,10881419451.486519,0.12168702466005993,0.9737288099764223,20.759607338643285,22.837042738274878,0.04378850674584062,,,22.894408756971195,1.0053354325198984,,4994000000.0,,0.4468903803131991,1.0,,,,,,,"['tenure<1y', 'rev_cagr5 gate', 'fcf_cagr5 gate', 'coverage<80%']",False,0.7,,,,,,,,,,,,,,,,,,,,,,,,,
INTC,50863,Intel,Information Technology,Semiconductors,Semiconductors and Semiconductor Equipment,49.752224503764545,5.9986310746064335,10627029019.534304,1.6011403282358843,-0.10441081363996074,2.2582132509919455,6.0,0.41104004759759505,0.19477074278616033,-0.18210652988854154,-0.19886129349446507,,-0.009076877278101308,-0.02507929482923951,15.110477781828079,5,9,False,-0.07457071162960704,,,False,0.38604643007434425,0.0076798990040678914,0.0028755786225277036,0.939194203413193,-0.04217256244885002,-0.31680263315504625,-0.023881797577247715,,,,,,120.0,5044000000.0,605280000000.0,658544000000.0,140806000000.0,53264000000.0,14936000000.0,12105000000.0,2393000000.0,12379000000.0,37663000000.0,57032000000.0,-77000000.0,2831000000.0,438000000.0,164000000.0,12302000000.0,-11289000000.0,-68386759.5455941,0.11186026564163509,-0.0004856807206056141,,1503.5251141552512,0.0006651036225369907,4015.512195121951,0.00024903423309604217,,,3.061534709803284,20465000000.0,4840000000.0,0.179715353038933,6.0,0.020336857769380143,0.007872824926945434,,,,,"['rev_cagr5 gate', 'fcf_cagr5 gate', 'coverage<80%']",False,0.7,,,,,,,,,,,,,,,,,,,,,,,,,
AMZN,1018724,Amazon,Consumer Discretionary,Broadline Retail,Broadline Retail,20.870636550308006,5.9986310746064335,9798821624.18305,0.17766851731015154,-0.09563543503390703,0.13083687275938005,28.0,,,-0.014042908857436014,-0.0010821926664167985,2.857810092979188,0.03316522033754214,0.04285422996575114,1.3319269758744086,8,8,False,0.13178194800406007,,,False,0.5076964727722773,-0.03988629331683168,0.0862327248349835,,2.84031561564334,2.6000950380350814,,12.352941176470589,-0.012131089616868582,0.7326995300066901,170.0,,248.22999572753906,10786313572.0,2677486571893.4565,2796818571893.4565,670952000000.0,119332000000.0,161403000000.0,173028000000.0,19314000000.0,75200000000.0,119332000000.0,775680000000.0,93712000000.0,-11625000000.0,-30939000000.0,66889000000.0,168912000000.0,135281000000.0,,,,29.844828537364016,,-0.01106221201150498,41.812832781076956,0.023916102628965274,19.792037107158112,-0.08593224473503301,0.7064743771904898,23504000000.0,9197000000.0,0.04873821078109909,,,,,,,,"['fcf_cagr5 gate', 'coverage<80%']",False,0.6,,,,,,,,,,,,,,,,,,,,,,,,,
ORCL,1341439,Oracle Corporation,Information Technology,Application Software,Software and Services,37.086926762491444,5.9986310746064335,4418881095.120531,-0.4387722312310145,-0.5241610672609169,-0.5119742868105348,8.0,,,-0.041602494487030794,0.05690386427898209,51.542104679270196,0.16813605105218637,0.16162836804441003,0.4860544724465163,8,9,False,0.10721151086579872,,0.0992700300941678,False,,-0.46720352206865806,0.43531263932233616,,11.230180493487104,2.589049978265655,,0.7692307692307693,-2.6413364364164806,0.3385402235618154,260.0,,138.07000732421875,3023736000.0,417487251666.5039,560269251666.5039,209554000000.0,142782000000.0,46940000000.0,75660000000.0,4814000000.0,10881000000.0,137404000000.0,71776000000.0,23057000000.0,-28720000000.0,-33534000000.0,31245000000.0,33938000000.0,18920000000.0,18330739313.414387,0.20498159719762385,0.08747501509593893,24.299312645465754,,-0.0598533649673869,17.931485090942676,0.055767829319675666,22.065922392521347,-1.517970401691332,4.048676999233897,62267000000.0,3244000000.0,0.3126210905065043,4.0,,,,,,,"['fcf_cagr5 gate', 'coverage<80%']",False,0.7,,,,,,,,,,,,,,,,,,,,,,,,,
LITE,1633978,Lumentum,Information Technology,Communications Equipment,Technology Hardware and Equipment,0.5284052019164955,5.9986310746064335,3927304290.6465592,4.37973883167658,0.0,5.384103808577413,7.0,0.3327565488970501,0.29481760690012027,-0.04058523255034342,-0.05495189586870402,1.972219203371944,-0.07068895010449733,-0.11482739105829089,,7,9,False,0.1157814561822057,-0.14424207131315925,-0.07540695559983868,False,0.4166887856668879,0.04309887193098872,0.10507631055076311,1.2522331627973615,-1.0619348275885148,-1.486460194916348,,,,,,,1045.780029296875,89700000.0,93806468627.92969,94336268627.92969,5173700000.0,529800000.0,751400000.0,451300000.0,170200000.0,264500000.0,529800000.0,3014000000.0,524800000.0,300100000.0,129900000.0,316700000.0,789300000.0,-6935100000.0,503158762.88659793,0.041237113402061855,0.09725317720134487,179.7566094282197,726.2222373204748,0.0013769889554603512,297.87265117754873,0.0033571393548444436,,,0.6712276700874192,1069300000.0,326900000.0,0.269864893596459,1.0,,,,,,,"['tenure<1y', 'fcf_cagr5 gate', 'coverage<80%']",False,0.7,,,,,,,,,,,,,,,,,,,,,,,,,
BE,1664703,Bloom Energy,Industrials,Electrical Components & Equipment,Capital Goods,0.030116358658453114,5.9986310746064335,3587057316.3937483,1.8006422920935088,-0.15606097874291258,2.074315912699583,3.0,0.21571488574062653,0.30113368148991726,-0.1403296159713175,-0.12183936184055276,,-0.12665183402115926,-0.12585763151452597,,9,9,False,0.223111300072111,,,False,0.2981929409865886,0.09451722756492735,0.10144382734679072,1.3823475369480662,-0.6735372780058494,-0.8009661141570431,,,,,,sbc_unreported,277.5799865722656,284443868.0,78955925060.0033,79231864060.0033,1197408000.0,275939000.0,298241000.0,68682000.0,,51859000.0,249400000.0,2428753000.0,164062000.0,229559000.0,229559000.0,246382000.0,215921000.0,,128578673.22060558,0.2162799842705466,0.10738083695833466,482.9385479879759,345.14814953891283,0.0028973065662843936,321.58138200032187,0.0031096327585251786,,,1.1550520792326824,1957000.0,,0.0016343635586199524,,,,,,,,"['tenure<1y', 'fcf_cagr5 gate', 'coverage<80%']",False,0.6,,,,,,,,,,,,,,,,,,,,,,,,,
LLY,59478,Lilly (Eli),Health Care,Pharmaceuticals,Pharmaceuticals Biotechnology and Life Sciences,55.75359342915811,5.9986310746064335,2853468568.6415415,0.3771283986202034,-0.08407682553406737,0.3777154901106019,,0.7890977638403605,0.04005281419640179,,,,0.1627529909512464,0.19335485055652862,0.5908489210118519,9,9,False,0.21575855656690868,,0.23860692158425345,False,0.8339940099766776,,0.31802354335235444,1.0568956702117838,,1.9540258000396455,,1.9230769230769231,-0.2838580603240085,0.5355168875765629,260.0,gm_derived,1149.8499755859375,941357065.0,1082419398207.8998,1129675298207.9,81134900000.0,47255900000.0,28083500000.0,,649200000.0,2098700000.0,47198400000.0,79665800000.0,,,,25335600000.0,,26711200000.0,,0.20491732523701092,,,,,44.58845648841551,0.022427329375256783,40.52305393272859,,,8849000000.0,5354400000.0,0.17505906829243642,,,,,,,,"['fcf_cagr5 gate', 'coverage<80%']",False,0.1,,,,,,,,,,,,,,,,,,,,,,,,,
MRNA,1682852,Moderna,Health Care,Biotechnology,Pharmaceuticals Biotechnology and Life Sciences,5.19917864476386,5.9986310746064335,2300234721.085943,4.108810256969873,-0.04997989841795947,5.631800770772376,4.0,0.5985871300693586,0.3054523497458655,-0.4718133376705834,-0.6030957943925234,4.174140859339719,-0.41651375786138656,-0.5899532710280374,4.463448777996849,4,9,False,0.19342778041847408,,,False,0.23384201077199285,-0.7657091561938959,-0.7917414721723519,0.3906565962166568,1.622906974131597,1.9008771192519385,-2.513410876170363,,,,,ebitda_nonpositive;gm_derived,188.94000244140625,399235889.0,75431629842.357,74995629842.357,6325000000.0,-436000000.0,-1073000000.0,171000000.0,462000000.0,229000000.0,-436000000.0,2228000000.0,-3320000000.0,-1244000000.0,-1706000000.0,-1764000000.0,-3091000000.0,-3151000000.0,-2949389885.06967,0.11162955268985843,-0.4663067011967858,,,-0.02274799216415759,,-0.023521370561297765,,,,52000000.0,109000000.0,0.025454545454545455,2.0,0.18552744623564635,-0.3115430994398627,,,,,"['fcf_cagr5 gate', 'coverage<80%']",False,0.6,,,,,,,,,,,,,,,,,,,,,,,,,
CAT,18230,Caterpillar Inc.,Industrials,Construction Machinery & Heavy Transportation Equipment,Capital Goods,69.57973990417523,5.9986310746064335,2188856408.7576604,0.6496269083438897,-0.1700171778488203,0.6747784251260096,10.0,0.8585401405021356,0.32339139763827013,0.136788648804193,0.13194454718963144,0.2345188804444848,0.1282558045954994,0.14021512376274245,0.2981573719474643,6,9,False,0.10115402157081044,0.10764087497839547,0.194627983733606,False,0.9416023230606592,0.14315727495349864,0.1497410643792905,1.0967481642849488,1.04655814795292,1.167518810174343,,85.76923076923076,1.4975500343685557,1.5603836733516114,260.0,sbc_unreported;gm_derived,826.3499755859375,459674889.0,379852333302.6185,409698333302.6185,49240000000.0,29846000000.0,13569000000.0,2871000000.0,,2379000000.0,29847000000.0,74729000000.0,13092000000.0,10698000000.0,10698000000.0,11190000000.0,15471000000.0,,,,,31.29379264456298,38.296722125875725,0.026111895339584055,36.61289841846457,0.027312778916614842,,,1.9292224161334108,5859000000.0,438000000.0,0.1278838342810723,,,,88.84615384615384,1.9376196581338945,1.8625557503328956,260.0,['coverage<80%'],True,0.7,,,,,,,,,,,,,,,,,,,,,,,,,
CRWD,1535527,CrowdStrike,Information Technology,Systems Software,Software and Services,2.272416153319644,5.9986310746064335,2032040188.7107177,0.7400179960763471,0.0,1.1726953024060967,7.0,0.7431215415468153,0.0105377119731134,0.0816809227012403,0.08008259728114309,0.328189295920868,0.14803250669094636,0.16335035697279218,0.22173360018116497,8,8,False,0.40643417090854195,0.33955983909505494,,False,0.7524562442262023,0.07008317975147073,0.13342932778863428,1.0125614750178775,0.8580116070408511,0.9013515394101935,0.09260128981934233,,,,,ebitda_nonpositive;share_jump_gt20pct,266.0899963378906,1023934842.0,272458818358.01862,268302951358.01862,945857000.0,-4155867000.0,2016615000.0,407897000.0,1230539000.0,66072000.0,-4193668000.0,5396145000.0,-119489000.0,1608718000.0,378179000.0,720004000.0,-53417000.0,59797000.0,-83042203.357591,0.3050221915189598,-0.08779572742770948,,709.4602062991827,0.0014095223257360474,372.6409177699271,0.0026835485646195508,4556.396112815335,26.902988444236332,,2251426000.0,273235000.0,2.6691783218816374,1.0,-0.9481048006889741,0.038592068489530194,,,,,['coverage<80%'],True,0.7,,,,,,,,,,,,,,,,,,,,,,,,,
KLAC,319201,KLA Corporation,Information Technology,Semiconductor Materials & Equipment,Semiconductors and Semiconductor Equipment,29.00479123887748,5.9986310746064335,1977264255.887457,0.6939880291892528,-0.22732153829131585,0.8284300314084938,10.0,0.6059831245679101,0.009826117327548007,0.28829135284142665,0.28724266725042696,0.09815102483658607,0.28190607976787535,0.28156946246685427,0.09817342455706492,8,9,False,0.14438267834282237,0.14036548966752482,0.14599324059225793,False,0.6130145227989652,0.25457263593970786,0.2532446760095898,1.0116032904976828,0.8830394440576037,0.8983299552039258,,99.61538461538461,6.1721150821091335,22.21562519945767,260.0,gm_derived;share_jump_gt20pct,200.3300018310547,1306546783.0,261740519430.7486,263051025430.7486,7660326000.0,1310506000.0,4143079000.0,375945000.0,310171000.0,393978000.0,1310506000.0,13579476000.0,,3767134000.0,3456963000.0,3438930000.0,,4830771000.0,,0.1382740582508685,,,76.09309831512475,0.013141796327686577,76.49211395135946,0.013073243087985378,54.181934815529154,0.7798204468810466,,1788758000.0,230788000.0,0.2636370828082251,,,,99.61538461538461,6.175514325026992,22.995604953757013,260.0,['coverage<80%'],True,0.6,,,,,,,,,,,,,,,,,,,,,,,,,
COHR,820318,Coherent Corp.,Information Technology,Electronic Components,Technology Hardware and Equipment,0.5284052019164955,5.9986310746064335,1857209593.1820462,1.4815987040642682,-0.18066073763280988,1.8102658680723347,8.0,0.3462190574588253,0.08696861560732114,-0.026320632928828185,0.007774792137528131,,-0.030795242713235516,-0.02972138340518743,,8,9,False,0.18042001127353102,,,False,0.3749609626391911,-0.169968001656603,-0.08829713658587778,1.0830165311849824,6.45759553412723,2.867233014141125,,,,,,gm_derived;capex_gt_2x_cfo,319.19000244140625,195832246.0,62507695078.84607,64393816078.84607,12789616000.0,1886121000.0,79514000.0,1102909000.0,186468000.0,521561000.0,1551416000.0,7118181000.0,,-1023395000.0,-1209863000.0,-628515000.0,,804998000.0,,0.07177849629541377,,,,-0.01878849668605757,,-0.009760486926732592,77.64950357497294,-1.2713012951584972,,4375597000.0,3097313000.0,0.5842951031524324,0.0,0.031214114111488292,0.008996982675030574,,,,,"['tenure<1y', 'fcf_cagr5 gate', 'coverage<80%']",False,0.7,,,,,,,,,,,,,,,,,,,,,,,,,
IBM,51143,IBM,Information Technology,IT Consulting & Other Services,Software and Services,69.57973990417523,5.9986310746064335,1825276499.6549587,-0.16428049706190495,-0.25554226143640535,-0.19726241788844345,10.0,0.5583809342770133,0.0260590604563556,0.16422352218774233,0.17004359197907584,0.11717911791446448,0.10425690582486706,0.0956096838676242,0.2095889765265551,6,9,False,0.041240412922473046,-0.0492561730972797,-0.09378289144913798,False,0.5810261234532166,0.17241479122946668,0.11301830812649251,1.0405550902369618,1.049878780655794,1.084036661478742,,51.92307692307693,0.07316698109221882,1.0218705853329058,260.0,,225.6199951171875,942134390.0,212564356471.53442,276160356471.5344,98048000000.0,63596000000.0,14888000000.0,1098000000.0,1877000000.0,5202000000.0,63507000000.0,69095000000.0,,13790000000.0,11913000000.0,7809000000.0,,10725000000.0,,0.11704592341717036,,,23.18142839515944,0.04313798023804313,35.3643688656082,0.028277049246946937,19.819520416926288,1.2857808857808857,,74599000000.0,13955000000.0,0.9031698759791122,,,,60.38461538461538,0.4122150717129851,1.1012687152227283,260.0,['coverage<80%'],True,0.6,,,,,,,,,,,,,,,,,,,,,,,,,
JNJ,200406,Johnson & Johnson,Health Care,Pharmaceuticals,Pharmaceuticals Biotechnology and Life Sciences,53.256673511293634,5.9986310746064335,1774449481.1556842,0.4919027302004062,-0.06020421706498369,0.402083894391579,10.0,0.6906005595176778,0.011172971178056155,0.20853273789673366,0.20063645651076223,0.055937879214138786,0.17248789922352653,0.16639240707908232,0.06799553419276018,8,9,False,0.02665503872479502,-0.004912054981440983,0.004828953651687673,False,0.6790736145574855,0.21270512309938833,0.1883303209468084,0.9833088102792114,1.0200082981921086,1.0918465689164185,,81.92307692307692,1.1113577303654998,1.2423337082665602,260.0,,258.6600036621094,2409898597.0,623344379925.3323,655867379925.3323,117494000000.0,32523000000.0,27608000000.0,5364000000.0,1414000000.0,7751000000.0,31263000000.0,97929000000.0,,22244000000.0,20830000000.0,18443000000.0,,21037000000.0,,0.16506588347356724,,,31.486672103952582,0.031759469425619864,35.5618597801514,0.028120014143864964,29.630858959230512,1.0573751010125019,,48479000000.0,26216000000.0,0.6357345907025039,,,,86.92307692307692,1.600997646365662,1.3667921197394348,260.0,['coverage<80%'],True,0.6,,,,,,,,,,,,,,,,,,,,,,,,,
CVX,93410,Chevron Corporation,Energy,Integrated Oil & Gas,Energy,69.57973990417523,5.9986310746064335,1635004512.0412583,0.41204722011024475,-0.03251420879406952,0.4018934772138314,9.0,0.3963725881773958,0.030735177692233082,0.1127249390407999,0.1004504527380112,0.3673135191205665,0.09095076347012668,0.07486227986466557,0.43397205045789816,4,9,True,0.14316140269739064,-0.05862503806451547,0.05221820016558776,True,0.4364551940242728,0.1294229820181974,0.10428774717192674,1.1011235565788877,1.1481308672196646,1.1466396013946674,,61.71875,0.243915963347867,1.158575216873075,256.0,sbc_unreported;gm_derived,207.10000610351562,1975771274.0,409182242904.55084,445305242904.55084,226006000000.0,36123000000.0,45321000000.0,18309000000.0,,23555000000.0,30448000000.0,208711000000.0,,27012000000.0,27012000000.0,21766000000.0,,20592000000.0,,,,,16.485459903174547,0.06065951486178639,20.458754153475642,0.048878831648217186,19.870932541984793,1.3117715617715617,,4568000000.0,,0.020211852782669487,,,,64.61538461538461,0.1722769050425822,1.0637146058412288,260.0,"['fcf_cagr5 gate', 'coverage<80%']",False,0.6,,,,,,,,,,,,,,,,,,,,,,,,,
GLW,24741,Corning Inc.,Information Technology,Electronic Components,Technology Hardware and Equipment,31.59479808350445,5.9986310746064335,1584821659.7563617,0.8626809075117181,-0.2729153402612786,0.9365603490761247,,0.33500094740918773,0.0613409022559631,,,,0.06370205640930096,0.06795060464521083,0.5665662215091974,7,9,False,0.06695841428340232,,-0.11617115649227316,True,0.36377033718462626,,0.12143362414524876,1.0858785325770977,,1.9062747890744478,1.7739119809112294,36.92307692307693,-0.28844001289214244,0.85080556248363,260.0,,160.4199981689453,861388331.0,138183914481.77087,143192914481.77087,17569000000.0,5009000000.0,3915000000.0,,419000000.0,1436000000.0,2142000000.0,16964000000.0,2598000000.0,,,2060000000.0,4034000000.0,1900000000.0,2239506234.413965,0.13798836242726517,0.12746919200944648,55.11659525857232,,,69.51112353484022,0.014386186687067171,72.7283760430373,,0.5309866137828458,2476000000.0,657000000.0,0.17832545961636975,1.0,0.0718576757928923,0.06418452049712484,,,,,"['fcf_cagr5 gate', 'coverage<80%']",False,0.5,,,,,,,,,,,,,,,,,,,,,,,,,
SMCI,1375365,Supermicro,Information Technology,"Technology Hardware, Storage & Peripherals",Technology Hardware and Equipment,2.54072553045859,5.9986310746064335,1542088586.6917367,-0.23806772805701082,-0.20696182964598508,-0.1932255791460863,5.0,0.13808110937007195,0.196114475775482,-0.06853656782630588,-0.09984394061775959,,-0.06487485066506368,-0.095921382560263,,8,9,False,0.6148277410083174,,,False,0.10821604097086886,-0.18902763203057865,-0.18623729848999074,0.7837135830132885,2.7580551233559962,2.8707164113794716,,,,,,,41.91999816894531,656965384.0,27539987694.340454,20824395694.340454,7763860000.0,-6715592000.0,-6809886000.0,161999000.0,412115000.0,53000000.0,-6715756000.0,39063072000.0,2770486000.0,-6971885000.0,-7384000000.0,-7275001000.0,2823486000.0,2230453000.0,,,,7.51651359882001,,-0.35458411895269476,,-0.3493499214470441,12.347262055887505,-3.1257708635869035,-2.3785334866190233,,,0.0,,,,,,,,"['fcf_cagr5 gate', 'coverage<80%']",False,0.7,,,,,,,,,,,,,,,,,,,,,,,,,
MRK,310158,Merck & Co.,Health Care,Pharmaceuticals,Pharmaceuticals Biotechnology and Life Sciences,69.57973990417523,5.9986310746064335,1332343752.492439,0.7248146071734272,-0.051728117438134213,0.6597468078903348,10.0,0.7339051213104868,0.027335597866452805,0.19924757865358825,0.17750842165172048,0.27971374478964256,0.19728492857883606,0.19433722076215507,0.2627242763251946,8,9,True,0.09383063963833482,0.09250503157236656,0.21479422273940196,False,0.7296639576980276,0.22789887184725624,0.19633763463473988,0.9942211009443754,1.1437974473129289,0.9951983461133087,,82.6923076923077,1.4045815477491153,1.4199997674461284,260.0,gm_derived,143.80999755859375,2467171638.0,354803947237.41174,405314947237.41174,92444000000.0,50511000000.0,19967000000.0,3904000000.0,892000000.0,6005000000.0,47960000000.0,66569000000.0,,16063000000.0,15171000000.0,13070000000.0,,3173000000.0,,0.14176416557667743,,,26.71642918973118,0.03743015179529918,31.0110900717224,0.03224652850600226,111.81971233451362,5.0624015127639455,,21582000000.0,39456000000.0,0.6602700012980831,,,,69.23076923076923,0.3939936227782947,1.1145782541938367,260.0,['coverage<80%'],True,0.6,,,,,,,,,,,,,,,,,,,,,,,,,
GE,40545,GE Aerospace,Industrials,Aerospace & Defense,Capital Goods,69.57973990417523,5.9986310746064335,1304895033.8374305,0.13945612859737033,-0.1714891267415578,0.05586948819232673,7.0,,,0.11962693923081102,0.12241145185017539,0.3579642689856936,0.11974048830686597,0.12425031119158085,0.4118721587572139,3,9,False,-0.0459869626385655,,,False,,0.16580106242224374,0.17601058472718656,,1.3859843233332525,1.469933747690371,,46.53846153846154,-0.004214117018197867,0.9709381201562763,260.0,sbc_unreported;gm_derived,312.3900146484375,1037562513.0,324124168634.7396,335236168634.7396,28752000000.0,11112000000.0,9800000000.0,1404000000.0,,887000000.0,10885000000.0,50639000000.0,,8396000000.0,8396000000.0,8913000000.0,,8971000000.0,,0.13429811866859623,,,39.92808106654831,0.025045030296680062,37.612046295830766,0.02658722665963666,36.13021610018277,0.9359045814290492,,8954000000.0,6467000000.0,0.5363452977184195,,,,53.07692307692308,0.014049652124361526,1.0170974968642097,260.0,"['rev_cagr5 gate', 'fcf_cagr5 gate', 'coverage<80%']",False,0.5,,,,,,,,,,,,,,,,,,,,,,,,,
UBER,1543151,Uber,Industrials,Passenger Ground Transportation,Transportation,2.7898699520876113,5.9986310746064335,1269344413.6866384,-0.21573495514571472,-0.296580339342819,-0.29730850594575464,4.0,,,0.030662297875314926,0.03827687025562619,1.0009563348972361,0.012556856153484081,0.022182881360478527,2.3182426834505425,7,8,False,0.3610053095492587,,,False,,0.14806163651836965,0.14014884024118637,,4.828784754503626,11.161140856288304,,,,,,,67.87999725341797,2042560121.0,138648975403.42108,148210975403.42108,36878000000.0,9562000000.0,10424000000.0,308000000.0,1939000000.0,745000000.0,9562000000.0,55227000000.0,6700000000.0,10116000000.0,8177000000.0,7740000000.0,7445000000.0,9579000000.0,,,,22.121041104988223,18.12534858791991,0.055171352713540366,19.148704832483343,0.05222285312496055,14.47426405714804,1.0560601315377387,1.284351914036266,9472000000.0,1132000000.0,0.28754270838982593,,,,,,,,"['fcf_cagr5 gate', 'coverage<80%']",False,0.6,,,,,,,,,,,,,,,,,,,,,,,,,
MCD,63908,McDonald's,Consumer Discretionary,Restaurants,Consumer Services,56.257357973990416,5.9986310746064335,1236877790.864366,-0.1286246508393687,-0.3069418528047596,-0.20993802314293553,10.0,,,0.26379163827057617,0.2611493397805468,0.09766688355766677,0.34680145034968657,0.3551816113595356,0.11619331491663687,5,9,False,0.06956327691923625,0.09216024512251142,0.11076179693949428,False,,0.2738430438235506,0.38647029095372176,,1.0381035790932256,1.1143848751613823,,0.38461538461538464,-2.503795263629671,0.7433397147588677,260.0,,231.8300018310547,707641531.0,164052537427.46033,222292037427.46033,57216500000.0,58239500000.0,11347000000.0,3586000000.0,175000000.0,466000000.0,58239500000.0,27702000000.0,12805000000.0,7761000000.0,7586000000.0,10706000000.0,13271000000.0,8787000000.0,,,,17.359784258294443,29.302931377202786,0.03412627860084961,20.763313789226633,0.04816186906152069,18.669914353870528,0.8832365995220212,4.388478637630924,3347000000.0,,0.05849711184710704,,,,1.5384615384615385,-1.9178240383244536,0.7888923342849953,260.0,['coverage<80%'],True,0.7,,,,,,,,,,,,,,,,,,,,,,,,,
BKNG,1075531,Booking Holdings,Consumer Discretionary,"Hotels, Resorts & Cruise Lines",Consumer Services,16.903490759753595,5.9986310746064335,1188233777.204773,-0.10212368007157469,-0.26513476667398683,-0.25366456524000425,9.0,,,,,0.3410602646154019,0.30966111552138564,0.32570874931547245,0.342057778356195,8,9,True,0.3169056376027688,0.3782628172317084,0.3830687522857248,True,,0.33777132537799653,0.3288835381183386,,,1.0620756744500761,,91.92307692307692,2.970929347692821,14.282186958450415,260.0,sbc_unreported;ev_or_ic_nonpos,160.27999877929688,751380500.0,120431265622.78748,124132265622.78748,-7082000000.0,3701000000.0,9859000000.0,320000000.0,,571000000.0,3701000000.0,28241000000.0,9284000000.0,9539000000.0,9539000000.0,9288000000.0,9855000000.0,,7203568614.788505,0.22408782692928642,,13.370558554802615,13.013131944940504,0.07684545152013149,13.364800346984008,0.07482341479389677,,,0.37554540842212075,2672000000.0,1613000000.0,-0.6050550691894945,3.0,-3.39825488462711,-2.136648401551531,91.92307692307692,2.991147925286293,14.217414945229658,260.0,['coverage<80%'],True,0.7,,,,,,,,,,,,,,,,,,,,,,,,,
VZ,732712,Verizon,Communication Services,Integrated Telecommunication Services,Telecommunication Services,42.83915126625599,5.9986310746064335,1035248719.5416158,0.22658594878367455,-0.09148391646468845,0.12481894794818249,3.0,,,,,,0.14926598939335872,0.14646837431943582,0.08086757910339055,7,9,False,0.014976616276052734,-0.04462029513981125,-0.05589238762322879,False,,,0.14649915403722236,,,0.981463725478381,0.905582519915608,76.92307692307693,0.9853205456755815,1.1303477996168454,260.0,gm_derived,45.97999954223633,4154775202.0,191036561886.05484,327830561886.0548,241990000000.0,136794000000.0,38799000000.0,,,18451000000.0,135518000000.0,138895000000.0,28530000000.0,,,20348000000.0,46981000000.0,16606000000.0,21875899390.2439,0.23323170731707318,0.09040001400985123,11.49073122629004,,,16.11119333035457,0.06206864876457865,11.504068522585502,,2.8845277878291222,30664000000.0,12317000000.0,0.1776147774701434,8.0,0.09982526387355145,0.10240343971437954,70.0,0.8145407687264457,1.0867527841198343,260.0,['coverage<80%'],True,0.6,,,,,,,,,,,,,,,,,,,,,,,,,
NKE,320187,"Nike, Inc.",Consumer Discretionary,"Apparel, Accessories & Luxury Goods",Consumer Durables and Apparel,37.83709787816564,5.9986310746064335,1027795607.1659687,-0.4485454919167944,-0.4746207428504702,-0.49521807212652647,10.0,0.43943336459472615,0.02738456314588682,0.07233247350111024,0.08038346642716286,0.35096976797054263,0.07184749068215826,0.08205951616356241,0.44480511866594485,7,9,False,0.008216289449518577,-0.1819645349191309,-0.2331522997876183,False,0.42913487650329757,0.03166084745032113,0.030303030303030304,0.9765641643962868,0.4377127715649758,0.4217688052194618,,57.30769230769231,0.09350565949490137,1.0653085083432574,260.0,shares_was_proxy,35.150001525878906,1479800000.0,52014972257.995605,52901972257.995605,15752000000.0,887000000.0,2868000000.0,684000000.0,715000000.0,747000000.0,887000000.0,46398000000.0,,2184000000.0,1469000000.0,1406000000.0,,3108000000.0,,0.20307692307692307,,,36.012234348533426,0.027768340901089473,37.625869315786346,0.02657745902446004,16.735834059844144,0.7027027027027027,,240000000.0,103000000.0,0.021775012696800405,,,,43.07692307692308,-0.06821984379130377,0.9163413319954608,260.0,"['fcf_cagr5 gate', 'coverage<80%']",False,0.6,,,,,,,,,,,,,,,,,,,,,,,,,
LIN,1707925,Linde plc,Materials,Industrial Gases,Materials,34.25325119780972,5.9986310746064335,963228924.891779,0.03710608361682688,-0.13837999102249166,0.019472446232105423,10.0,,,,,0.10785402155375838,0.16589333388187538,0.167072502587204,0.12651323207866239,7,9,False,0.04522316072101629,0.04782085172873507,0.19794058996486497,False,,0.14034246382126436,,,,,,31.153846153846153,-0.5573013122874381,0.9098998685619595,260.0,sbc_unreported,469.45001220703125,460980163.0,216407143147.54926,242138143147.54926,64812000000.0,25731000000.0,10489000000.0,5514000000.0,,,24195000000.0,35449000000.0,9378000000.0,4975000000.0,4975000000.0,,,7244000000.0,,,,25.819806264400647,48.67098354724608,0.020546122702231325,,,29.87398442125197,0.6867752622860298,,27927000000.0,11871000000.0,0.6140529531568228,,,,85.0,0.7608465486907361,1.1820478589427408,260.0,['coverage<80%'],True,0.5,,,,,,,,,,,,,,,,,,,,,,,,,
TJX,109198,TJX Companies,Consumer Discretionary,Apparel Retail,Consumer Discretionary Distribution and Retail,41.00479123887748,5.9986310746064335,960264584.5076323,-0.05404792535192371,-0.20425452936520716,-0.04323340069530135,10.0,0.2953514981950169,0.04330860968845772,0.06277146286077358,0.07123846699787083,0.3052861646388147,0.07382035835871362,0.08568133427963094,0.31998750166112166,8,9,False,0.13439955145745608,0.042457671185629486,0.08307476574883577,False,0.3199813992271058,0.09064669756105383,0.10410018761124384,1.0833918269675615,1.444074957470837,1.4101826369548645,,24.23076923076923,-0.346726443280162,0.7822757317059825,260.0,gm_derived,133.58999633789062,1099974061.0,146945530780.76468,155258530780.76468,18964000000.0,8313000000.0,8034000000.0,2158000000.0,223000000.0,1319000000.0,8313000000.0,62363000000.0,,5876000000.0,5653000000.0,6492000000.0,,6066706000.0,,0.24586699813548787,,,27.464802897711778,0.036410237631208875,23.915362104245947,0.04181412749014825,24.22163374667648,0.9685651488633206,,97000000.0,,0.005114954650917528,3.0,,,23.076923076923077,-0.25908386776594455,0.7453353812702401,260.0,['coverage<80%'],True,0.7,,,,,,,,,,,,,,,,,,,,,,,,,
PFE,78003,Pfizer,Health Care,Pharmaceuticals,Pharmaceuticals Biotechnology and Life Sciences,69.57973990417523,5.9986310746064335,949211673.7266983,0.11235888190138565,-0.019183789173245147,0.09945630417494189,10.0,0.6571327036422661,0.10285038180747899,0.19659039914300083,0.1407892875665991,0.630936162650095,0.15267229258772924,0.07628836814559857,0.8596777169307774,5,9,False,0.08482737844510346,-0.057109488132706554,-0.13617362986119574,False,0.731804194925898,0.1575923134890731,0.09215649334338107,1.1136322859443046,0.8016277202552484,0.6036229087895938,,77.3076923076923,0.15905300447348686,1.4225106003754178,260.0,gm_derived,28.1200008392334,5699673589.0,160274826106.03644,197685826106.03644,122601000000.0,37411000000.0,13401000000.0,2416000000.0,947000000.0,6584000000.0,37109000000.0,63696000000.0,,10985000000.0,10038000000.0,5870000000.0,,4334000000.0,,0.085565309380174,,,19.693746374380996,0.05077754029070213,33.67731279489548,0.029693580544572773,36.98080897693504,2.534610059990771,,71419000000.0,47053000000.0,0.9663216450110521,,,,62.30769230769231,0.1692352276162923,1.105441654351487,260.0,"['fcf_cagr5 gate', 'coverage<80%']",False,0.6,,,,,,,,,,,,,,,,,,,,,,,,,
RDDT,1713445,Reddit,Communication Services,Interactive Media & Services,Media and Entertainment,0.12320328542094455,2.529774127310062,903207801.8959007,-0.25453663615424305,-0.38857539960732457,-0.27833011109238126,2.0,0.8803758874591268,0.032840777885715,-0.1734487804263477,-0.19902471755285145,1.7785038557564858,-0.17820374522317284,-0.20282369067421294,,3,3,False,,,,False,0.9144238194868783,0.2449462616334765,0.2416812231317164,1.0386743123167743,-1.4122109191623233,-1.3562073166815196,,,,,,shares_was_proxy;gm_derived,149.52999877929688,192345684.0,28761449893.723022,27295478893.723022,1819729000.0,-1465971000.0,1026095000.0,7446000.0,337984000.0,16519000.0,-1465971000.0,2778834000.0,784998000.0,1018649000.0,680665000.0,671592000.0,801517000.0,871374000.0,778861668.565011,0.007817002635661386,0.4280097028541124,34.7713992821931,40.10119352944991,0.024936913642373517,40.64294823899484,0.024604514271938344,33.00700949732609,1.1690146825588095,-1.828995517250414,42174000.0,10539000.0,0.02896750010578498,,,,,,,,"['tenure<1y', 'rev_cagr5 gate', 'fcf_cagr5 gate', 'coverage<80%']",False,0.7,,,,,,,,,,,,,,,,,,,,,,,,,
FCX,831259,Freeport-McMoRan,Materials,Copper,Materials,15.255304585900069,5.9986310746064335,902531687.4996523,0.8530844869024579,-0.09626929989908417,0.7651819753188174,9.0,0.31766252041894655,0.12812041396940582,0.09138574379433743,0.06768080443470414,0.8010065676543123,0.1674351315479975,0.1366339250319341,0.26714807590544587,6,9,True,0.12633189095015696,-0.33167314496480027,0.1847861813212779,False,0.25295957556321025,0.05760779189927545,0.14265352179593777,0.7963154583977884,0.630380511307334,0.8519927716307509,,95.0,1.8695827203781585,1.64618365445292,260.0,gm_derived,69.27999877929688,1436017523.0,99487292240.48892,118814292240.48892,39436000000.0,19327000000.0,5900000000.0,4295000000.0,150000000.0,2147000000.0,6382000000.0,25257000000.0,6923000000.0,1605000000.0,1455000000.0,3603000000.0,9070000000.0,,,,,17.162255126460916,81.65930738177933,0.012246001491596418,32.976489658753515,0.030324634621458346,,,0.703638368246968,0.0,433000000.0,0.010979815397099097,,,,70.76923076923077,0.43593439661170824,1.5581415504046519,260.0,"['fcf_cagr5 gate', 'coverage<80%']",False,0.7,,,,,,,,,,,,,,,,,,,,,,,,,
ETN,1551182,Eaton Corporation,Industrials,Electrical Components & Equipment,Capital Goods,69.57973990417523,5.9986310746064335,855921624.1587708,0.11238335359619356,-0.031516490617151116,0.18394300663609364,10.0,0.35521609428530854,0.06676608727887066,0.11372855930226111,0.12359889636144163,0.29934085140325606,0.10376229255899472,0.11631315744093809,0.37092037354345014,7,9,False,0.0897718296066381,0.0681711907707716,0.10196433944938676,False,0.35902218077666026,0.13101978285485913,0.12542463198561246,1.0107148480955221,1.1520394143624242,1.2087688975675002,,72.6923076923077,0.2696363419338796,1.0624370370947434,260.0,sbc_unreported;gm_derived,437.2799987792969,388400000.0,169839551525.8789,172269551525.8789,22684000000.0,2430000000.0,4950000000.0,1016000000.0,,1184000000.0,2385000000.0,30026000000.0,,3934000000.0,3934000000.0,3766000000.0,,3829000000.0,,0.20477178423236514,,,43.78992158766622,0.022836304878921226,45.74337533878887,0.02186108901220573,44.35611165470851,1.0274223034734917,,20229000000.0,1215000000.0,0.9453359195909011,2.0,,,84.61538461538461,0.9206243851301907,1.1288327992351461,260.0,['coverage<80%'],True,0.7,,,,,,,,,,,,,,,,,,,,,,,,,
WBD,1437107,Warner Bros. Discovery,Communication Services,Broadcasting,Media and Entertainment,4.476386036960986,5.9986310746064335,836169535.0087287,0.4876250837541001,0.0,0.6298052204303457,10.0,,,0.11356386721569989,0.09842069123369192,0.33697888390184927,-0.030102820924211036,-0.0564329493146156,,6,9,False,0.28437376883638876,0.05731335015126526,,False,,0.037851308320642395,-0.06825418801052194,,0.3333041507713781,2.2673685028510597,0.37952413454110395,,,,,gm_derived,30.950000762939453,2510703314.0,77706269483.8146,94786269483.8146,49918000000.0,17080000000.0,3423000000.0,1243000000.0,813000000.0,5075000000.0,15923000000.0,36115000000.0,-1272000000.0,2180000000.0,1367000000.0,-2465000000.0,3803000000.0,-3167000000.0,-1062721691.1331075,0.1645269723796324,-0.02128934835396265,,69.33889501376343,0.014421920046483362,,-0.02600587630913057,,,4.186957665001315,25861000000.0,27928000000.0,1.0775471773708882,2.0,-0.05609484724786832,-0.06122546636310646,100.0,3.4936837399000393,4.201590222361868,260.0,['coverage<80%'],True,0.7,,,,,,,,,,,,,,,,,,,,,,,,,
NEM,1164727,Newmont,Materials,Gold,Materials,57.256673511293634,5.9986310746064335,820116764.2565535,0.4885030532066983,-0.12670089667849427,0.33255248079970734,10.0,,,,,0.8779945174735306,0.169944167715495,0.16003927344133528,0.8579943940643354,6,9,False,0.14543267087660494,0.15312414918389394,0.2478785432756867,False,,0.37773120658206233,0.39135328132883146,,,2.302834434330217,,5.0,-0.7477312829941194,0.4491524444918747,260.0,sbc_unreported,114.66999816894531,1053692271.0,120826890786.20183,117175890786.20183,31592000000.0,-3651000000.0,12628000000.0,2895000000.0,,2544000000.0,-3822000000.0,25767000000.0,,9733000000.0,9733000000.0,10084000000.0,,8597000000.0,,0.39092613423322087,,,12.03903121198005,0.08306316200965566,11.619981236235802,0.0860586587594131,14.054541210445716,1.1321391182970804,,2658000000.0,62000000.0,0.08609774626487718,,,,5.769230769230769,-0.008986322927590482,0.5522585773558903,260.0,['coverage<80%'],True,0.4,,,,,,,,,,,,,,,,,,,,,,,,,
DASH,1792789,DoorDash,Consumer Discretionary,Specialized Consumer Services,Consumer Services,1.5249828884325805,5.806981519507187,814538288.9246218,-0.21934225066518798,-0.3151830291880996,-0.32831280056106793,6.0,,,0.026347771988085883,0.0535031847133758,0.6079973363545961,-0.005229869702709372,0.010229132569558102,7.788594047184248,7,7,False,0.3658171522120788,,,False,,0.09319740733748663,0.0450569504751117,,3.5372025907780467,-8.61531033015404,,,,,,shares_was_proxy,182.1750030517578,434425000.0,79141375700.75989,75295375700.75989,6075000000.0,-3846000000.0,2830000000.0,235000000.0,1114000000.0,1000000000.0,-3846000000.0,15891000000.0,712000000.0,2595000000.0,1481000000.0,716000000.0,1712000000.0,841000000.0,687391705.0691245,0.03456221198156682,0.11315089795376534,105.75193216398861,50.840901891127544,0.01966920260662241,105.16113924687136,0.00950921611501799,94.10389500684886,3.0856123662306776,-2.246495327102804,5495000000.0,2005000000.0,1.2345679012345678,1.0,,,,,,,"['fcf_cagr5 gate', 'coverage<80%']",False,0.7,,,,,,,,,,,,,,,,,,,,,,,,,
COP,1163165,ConocoPhillips,Energy,Oil & Gas Exploration & Production,Energy,69.57973990417523,5.9986310746064335,810945249.5640324,0.4708234499613022,-0.07491815134807256,0.3919472039877838,6.0,0.525993993260456,0.10913166204623066,,,,0.24758594391369662,0.24102468983141667,0.3626674732797656,6,9,True,0.3055795231251637,0.3087348210945504,-0.04047568153846626,True,0.5729684614291803,,0.17971302741866743,1.0893060924090514,,0.7258611881509385,,83.07692307692308,0.7950377024619684,1.411863793573278,260.0,gm_derived,127.05999755859375,1201337479.0,152641937148.78717,167746937148.78717,80454000000.0,15105000000.0,21925000000.0,,,11805000000.0,15105000000.0,56312000000.0,,,,10120000000.0,,9282000000.0,,0.3650294157887536,,,,,16.57578430323984,0.060328970364590465,16.444940438352422,,,0.0,745000000.0,0.009259949784970294,,,,72.3076923076923,0.5298719441689101,1.1597931947120643,260.0,['coverage<80%'],True,0.3,,,,,,,,,,,,,,,,,,,,,,,,,
ABNB,1559720,Airbnb,Consumer Discretionary,"Hotels, Resorts & Cruise Lines",Consumer Services,3.0390143737166326,5.806981519507187,769117601.2713267,0.5133921193978019,-0.15287965250911761,0.3348028580211704,3.0,0.8234615058430332,0.010689373180236656,,,,0.26334893269086407,0.2755873752142785,0.25409424258373203,5,6,False,0.29369366217901005,,0.22946885288142727,True,0.8290143627935254,,,1.0067433109029271,,,,,,,,shares_was_proxy;gm_derived;ev_or_ic_nonpos,160.47000122070312,592000000.0,94998240722.65625,85629240722.65625,-1570000000.0,-9369000000.0,4860000000.0,,1707000000.0,,-9369000000.0,13159000000.0,2738000000.0,,,,,2691277000.0,2190888492.4174843,0.19982158786797502,,31.27437572047343,,,,,35.29857414255621,,,754000000.0,16000000.0,-0.49044585987261147,2.0,5.061676468662535,1.3167269689405097,62.5,0.12081727480614876,1.0453169833368876,240.0,"['fcf_cagr5 gate', 'coverage<80%']",False,0.6,,,,,,,,,,,,,,,,,,,,,,,,,
DE,315189,Deere & Company,Industrials,Agricultural & Farm Machinery,Capital Goods,69.57973990417523,5.9986310746064335,758138120.0123723,0.5117819208382524,-0.03558283680668217,0.45798843146177215,11.0,,,0.12143306457006293,0.13019875667629804,0.22795050399230832,0.10577243399616294,0.11117677961649593,0.2733396521801118,7,10,False,0.0515001521854499,-0.017533470075129065,-0.007882567302485155,False,,0.12208490507054581,0.09865994206281391,,1.005367899614415,0.9327566581893441,,78.84615384615384,1.023368406080876,1.6093034340653345,260.0,gm_derived,667.260009765625,269625412.0,179910255044.18066,220663255044.18066,68743000000.0,40753000000.0,7245000000.0,1224000000.0,163000000.0,2348000000.0,40746000000.0,47983000000.0,,6021000000.0,5858000000.0,4734000000.0,,4873000000.0,,,,,37.66870178289189,0.02654723822879856,46.6124324132194,0.02145350388786828,36.9198142918491,1.2355838292632875,,4466000000.0,940000000.0,0.07864073432931352,,,,81.15384615384616,1.149443596434687,1.4427676856760403,260.0,['coverage<80%'],True,0.5,,,,,,,,,,,,,,,,,,,,,,,,,
BMY,14272,Bristol Myers Squibb,Health Care,Pharmaceuticals,Pharmaceuticals Biotechnology and Life Sciences,69.57973990417523,5.9986310746064335,678235166.7502835,0.5198647047196645,-0.08282350208666955,0.39794797646232793,10.0,,,0.2735192820957631,0.26958627738523755,0.08626648406100176,0.10817118523959328,0.10523809523809524,0.48108327498397646,6,9,False,0.025378080148594995,-0.006922769238850601,0.2709022462419326,False,0.701581750904729,0.221343471719595,0.18405643882405562,,0.8092426611521283,1.7015292789515122,,20.0,-0.6926218916125214,0.5199508909645993,260.0,,61.459999084472656,2042714656.0,125545240887.59888,161705240887.59888,58479000000.0,36160000000.0,12782000000.0,1342000000.0,553000000.0,3176000000.0,36160000000.0,49186000000.0,,11440000000.0,10887000000.0,9053000000.0,,9282000000.0,,0.22115869017632242,,,14.853057856856699,0.06732620377819133,17.86206129322864,0.05598458003159421,13.525666977763292,1.2324929971988796,,21740000000.0,1802000000.0,0.40257186340395695,,,,96.53846153846153,2.1341397460266855,1.3131201865944773,260.0,['coverage<80%'],True,0.5,,,,,,,,,,,,,,,,,,,,,,,,,
PSX,1534701,Phillips 66,Energy,Oil & Gas Refining & Marketing,Energy,14.420260095824778,5.9986310746064335,663185446.4770845,0.9746170613205063,-0.03258519290219675,1.045368674965197,,0.10965243669007525,0.16640064475556476,,,,0.03071478156021267,0.034274316650723544,0.6142859649144061,4,9,False,0.15598169539945306,,,False,0.1309810931410884,,0.04033726103557276,1.1945114681883182,,1.3132849718138597,,61.382113821138205,0.04577997591189361,1.3780560630765941,246.0,gm_derived,264.2300109863281,399020916.0,105433301018.45471,124256301018.45471,50329000000.0,18823000000.0,8925000000.0,,,2787000000.0,17626000000.0,152167000000.0,,,,6138000000.0,,7093000000.0,,0.1981951576600833,,,,,20.243776640347786,0.0493978973274633,14.864415764620713,,,1433000000.0,977000000.0,0.047884917244530985,,,,,,,,"['fcf_cagr5 gate', 'coverage<80%']",False,0.1,,,,,,,,,,,,,,,,,,,,,,,,,
SLB,87347,Schlumberger,Energy,Oil & Gas Equipment & Services,Energy,69.57973990417523,5.9986310746064335,640621265.4289644,0.7196724935460528,-0.1538862586057046,0.45503852748710805,10.0,,,0.11611447328736808,0.12498599753556626,0.2627975902396158,0.09300135544501179,0.0984093200403271,0.35687405703139424,6,9,False,0.08634313500805857,0.2127254286211202,0.12322119707675916,True,,0.12272452290601112,0.09412638178518397,,1.0569270085933562,1.0120968811130648,,42.69230769230769,-0.14668486619972373,0.9005628522526974,260.0,gm_derived,48.65999984741211,1484143231.0,72218409393.99771,83191409393.99771,37047000000.0,10973000000.0,6533000000.0,1727000000.0,343000000.0,2767000000.0,9793000000.0,36366000000.0,,4806000000.0,4463000000.0,3423000000.0,,3101000000.0,,0.19601837672281777,,,18.64024409455472,0.05364736614646184,24.30365451183106,0.04114607535723479,23.288748595291104,1.5498226378587552,,17001000000.0,4876000000.0,0.5905201500796285,3.0,0.14010324005706312,0.14993702716012994,40.76923076923077,-0.14314521676025052,0.9348656950190222,260.0,['coverage<80%'],True,0.7,,,,,,,,,,,,,,,,,,,,,,,,,
HCA,860730,HCA Healthcare,Health Care,Health Care Facilities,Health Care Equipment and Services,11.679671457905544,5.9986310746064335,591090798.4083064,-0.052428605682703244,-0.21217687577015465,-0.00757535438924184,10.0,,,0.0772589284349481,0.07477019390110902,0.22073630227103805,0.0977770616758424,0.09643927015250545,0.18866891898717986,9,9,False,0.07966065216727913,0.03755848171451159,0.07216758929977862,False,,0.09868042100853537,0.11804210085353721,,1.2772688284386982,1.2072576004061049,,7.377049180327869,-0.04423226019234823,0.8363273359941064,244.0,,423.3900146484375,221839800.0,93924756171.60645,147264756171.60645,47037000000.0,53340000000.0,12999000000.0,5072000000.0,389000000.0,3593000000.0,50015000000.0,76388000000.0,,7927000000.0,7538000000.0,9017000000.0,,6794000000.0,,0.2020016339869281,,,19.536316817671324,0.051186721086313614,16.331901538383768,0.06122985726124832,13.824662374390115,1.1667647924639388,,2701000000.0,,0.05742287986053533,,,,6.967213114754098,-0.08907267748418732,0.7857192239808019,244.0,['coverage<80%'],True,0.5,,,,,,,,,,,,,,,,,,,,,,,,,
ADP,8670,Automatic Data Processing,Industrials,Human Resource & Employment Services,Commercial and Professional Services,45.50581793292265,5.9986310746064335,581196286.3295283,-0.025572044557280127,-0.075938215693378,-0.06758836572604143,,0.4505497437344613,0.029502281572005087,,,,0.18380128568638116,0.19086508033444,0.21054446594252485,9,9,False,0.07901405164575914,,0.1388984419535153,False,0.46416432014726117,,0.21017068080957196,1.030217698716135,,1.1434668698029933,,9.615384615384617,-1.2714456238666831,0.7585644359478422,260.0,gm_derived,263.9599914550781,397262737.0,104861468663.94095,106006768663.94095,7176500000.0,1145300000.0,5441200000.0,,242600000.0,585900000.0,1145300000.0,21947400000.0,,,,4612700000.0,,4413500000.0,,0.22979599671919446,,,,,22.98150078347626,0.0435132591827511,23.759254257152136,,,3284400000.0,1653300000.0,0.6880373441092454,,,,,,,,"['fcf_cagr5 gate', 'coverage<80%']",False,0.1,,,,,,,,,,,,,,,,,,,,,,,,,
CVNA,1690820,Carvana,Consumer Discretionary,Automotive Retail,Consumer Discretionary Distribution and Retail,0.7775496235455168,5.9986310746064335,578738933.684073,-0.0073725230915496764,-0.3340516869664232,-0.16107735453394834,3.0,0.16376181191276745,0.2644106369821125,-0.04728620188879999,0.03902174982777286,,-0.027655317840001536,0.04556638126168684,,8,9,False,0.2946654403024904,,,False,0.1937105914278873,0.03320296911166094,0.04050602601963445,1.1828801181747608,-0.7021703538326528,-1.4646740367975535,,,,,,shares_was_proxy;share_jump_gt20pct,63.040000915527344,717691000.0,45243241297.065735,49284241297.065735,8069000000.0,4041000000.0,1120000000.0,191000000.0,97000000.0,8000000.0,2931000000.0,25058000000.0,2237000000.0,929000000.0,832000000.0,1015000000.0,2245000000.0,1568000000.0,,,,22.03139977517467,59.235866943588626,0.01688166395795841,48.55590275572979,0.02059481841024974,28.85410797006743,0.5924744897959183,1.3055679287305122,12000000.0,17000000.0,0.0035940017350353202,,,,,,,,"['tenure<1y', 'fcf_cagr5 gate', 'coverage<80%']",False,0.7,,,,,,,,,,,,,,,,,,,,,,,,,
TTWO,946581,Take-Two Interactive,Communication Services,Interactive Home Entertainment,Media and Entertainment,8.539356605065024,5.9986310746064335,515140419.6158306,-0.16683480074631163,-0.2208915616533883,-0.20979509117967587,7.0,0.5048075571903464,0.13348742202613095,-0.05711786125827408,-0.09223119485569015,,-0.052797938330684316,-0.0820576085534309,,8,9,False,0.14564420997425698,-0.11360433846070306,-0.3055733803152364,False,0.5604127720032902,-0.0019591714648919466,-0.006984221939729305,1.110151312160283,0.03430050463607198,0.1322820958649122,0.11748018626934786,,,,,,203.6199951171875,186980443.0,38072956890.669556,39331199890.669556,4866643000.0,1258243000.0,500200000.0,162700000.0,350600000.0,196300000.0,1245868000.0,6686500000.0,-161300000.0,337500000.0,-13100000.0,-46700000.0,35000000.0,-320400000.0,-143273653.52013257,0.11175664277661142,-0.029439934986012446,,,-0.0003330689131380322,,-0.0011873525376752752,,,35.59622857142857,1060900000.0,1653200000.0,0.5576944928978764,3.0,-0.25059489536827295,-0.2293079035745501,,,,,"['fcf_cagr5 gate', 'coverage<80%']",False,0.7,,,,,,,,,,,,,,,,,,,,,,,,,
CCL,815097,Carnival Corporation,Consumer Discretionary,"Hotels, Resorts & Cruise Lines",Consumer Services,27.7782340862423,5.9986310746064335,511518064.87088424,-0.16388526149997606,-0.25057772207876183,-0.10840510272378756,7.0,-0.1734960737501054,4.282059953923919,-0.8943298352548883,0.04371787153244107,,,,,7,9,False,0.36611769802331207,,,False,0.42485412967056857,0.11144130757800892,,-2.448782387332327,-0.12460873291367677,,,20.588235294117645,-0.12242403275374832,0.8700792248889111,170.0,gm_derived,25.06999969482422,1344610129.0,33709375523.687553,57670375523.68755,38149000000.0,23961000000.0,6821000000.0,3645000000.0,101000000.0,,23942000000.0,27593000000.0,4413000000.0,3176000000.0,3075000000.0,,,3137000000.0,4393896103.896104,0.004329004329004329,0.11517722886303976,13.06829266342342,18.754593666239856,0.053320270105350245,,,10.745736539269224,1.0124322601211349,,579000000.0,1180000000.0,0.04610867912658261,1.0,,,,,,,"['fcf_cagr5 gate', 'coverage<80%']",False,0.7,,,,,,,,,,,,,,,,,,,,,,,,,
DVN,1090012,Devon Energy,Energy,Oil & Gas Exploration & Production,Energy,26.088980150581794,5.9986310746064335,509712911.0503955,0.4168942400227109,-0.08194672834790218,0.3993651490053669,8.0,,,0.2061894746588305,0.17991183128797808,0.3514490681796659,0.22936933096718953,0.2039072806080784,0.3350264998902011,6,9,True,0.29142826541130273,0.01747897083552785,0.03371486295441217,True,,0.23123001167571958,0.2195542920960455,,1.1214443029079062,0.9572085822033982,,90.76923076923077,1.3582112250542433,1.6979206414465244,260.0,gm_derived;share_jump_gt20pct,47.15999984741211,1100000000.0,51875999832.15332,63446999832.15332,53318000000.0,11571000000.0,8553000000.0,3859000000.0,139000000.0,4089000000.0,11571000000.0,19699000000.0,,4694000000.0,4555000000.0,4325000000.0,,3280000000.0,,0.2192919933475885,,,13.929088876433221,0.07179220470707966,14.669826550786896,0.0681671318020021,15.815853607363817,1.4310975609756098,,753000000.0,1466000000.0,0.041618215236880605,,,,89.61538461538461,0.2588310389721623,1.3788137694037013,260.0,['coverage<80%'],True,0.5,,,,,,,,,,,,,,,,,,,,,,,,,
URI,1067701,United Rentals,Industrials,Trading Companies & Distributors,Capital Goods,12.032854209445585,5.9986310746064335,487003231.6596323,0.03803714375232681,-0.10916849596327916,0.062963768335071,9.0,1.7589098525280948,0.06870009461928543,0.17891421700901577,0.19231426064613166,0.2802752519711112,1.3718345586735414,1.3039242219215155,0.11540007049391314,7,9,False,0.1313001839740795,-0.09199824733073192,0.15559181678464862,False,0.6199346081442584,,,0.3524538834399168,,,0.9760191692728603,76.92307692307693,0.7690774643062158,1.1163375819474648,260.0,,1034.1099853515625,62646557.0,64783430141.595825,80710430141.59583,24895000000.0,15927000000.0,5279000000.0,,134000000.0,,15927000000.0,10093000000.0,4038000000.0,,,,,2507000000.0,3020968666.06983,0.25186511489107727,0.1213484099646447,19.98772415591774,,,,,25.84101720845466,,,7285000000.0,547000000.0,0.314601325567383,6.0,0.12432994533811252,0.12529217794238443,38.034188034188034,-0.0264700096953889,0.9152824994314914,234.0,"['fcf_cagr5 gate', 'coverage<80%']",False,0.7,,,,,,,,,,,,,,,,,,,,,,,,,
OXY,797468,Occidental Petroleum,Energy,Oil & Gas Exploration & Production,Energy,69.57973990417523,5.9986310746064335,482765837.9013401,0.35910369379706464,-0.1063411758493007,0.3153109708740476,10.0,0.8828303408155032,0.022128418725598488,0.2668140235727488,0.2846319414550151,0.39677408420483845,0.18764150951829134,0.1976221928665786,0.5460864986904461,5,9,False,0.04716358074234517,0.23653087118924065,0.10831716102802247,True,0.846770346340998,0.25341093407117643,0.17436313328880831,0.9591541060525908,0.9497661729990818,0.9292354007193241,,75.78125,0.09397164154689609,1.174531092459115,256.0,sbc_unreported;gm_derived,57.84000015258789,999637371.0,57819025691.17256,78957025691.17256,62884000000.0,21138000000.0,10976000000.0,5664000000.0,,7321000000.0,12216000000.0,20962000000.0,,5312000000.0,5312000000.0,3655000000.0,,,,0.26720119336192427,,,14.863897908729774,0.06727710363327281,21.60246940934954,0.04629100410007758,,,,668000000.0,2387000000.0,0.048581515170790665,,,,51.153846153846146,0.14181645474686513,1.0441435635435385,260.0,['coverage<80%'],True,0.5,,,,,,,,,,,,,,,,,,,,,,,,,
BKR,1701605,Baker Hughes,Energy,Oil & Gas Equipment & Services,Energy,9.23750855578371,5.9986310746064335,473242459.3028123,0.329751040901034,-0.1896514563704662,0.16473624369430184,8.0,,,0.06235973613394001,0.06433780286991296,0.30914475451921003,0.061957810189492556,0.06970908805771191,0.41169617007879244,6,9,True,0.06019151313311255,0.1369045557927311,,False,,0.1055004508566276,0.10593327321911632,,1.6918039972142818,1.7097646429905873,,,,,,,55.619998931884766,992674071.0,55212530768.729706,56529530768.729706,21225000000.0,1317000000.0,4436000000.0,1308000000.0,203000000.0,1296000000.0,1141000000.0,27725000000.0,,3128000000.0,2925000000.0,2937000000.0,,3096000000.0,,0.1109846328969835,,,19.326335305548618,0.05174286713906379,19.247371729223598,0.05195514556835226,17.833504770261534,1.0103359173126616,,5566000000.0,3997000000.0,0.45055359246171967,1.0,,,,,,,['coverage<80%'],True,0.5,,,,,,,,,,,,,,,,,,,,,,,,,
JCI,833444,Johnson Controls,Industrials,Building Products,Capital Goods,16.098562628336754,5.9986310746064335,462133707.4911194,0.3400964397699915,-0.009405785830091329,0.40717419250420495,9.0,0.34991336453004573,0.023401079079083294,0.059447199025038734,0.058349379785947786,0.3573894084227978,0.04560536704960276,0.04495992118579553,0.45593610564014764,7,9,False,0.01120804194605829,0.008118576350585105,-0.004333029115990983,False,0.36561208202021855,0.10309826873490771,0.0854581917897925,1.0448645838699449,1.7342830347899731,1.8738626025494705,,53.84615384615385,0.07476087213495647,1.0367724783756935,260.0,,151.77000427246094,610115603.0,92597247674.00508,102429247674.00508,23350000000.0,9832000000.0,3038000000.0,372000000.0,147000000.0,803000000.0,9807000000.0,24433000000.0,,2666000000.0,2519000000.0,2088000000.0,,3531000000.0,,0.17956903431763768,,,40.66266283207824,0.02459258519614493,49.05615310057715,0.020384802655637402,26.224086002267086,0.7550269045596149,,16547000000.0,3662000000.0,0.8654817987152035,,,,61.92307692307693,0.1450184134894724,1.0502833780502379,260.0,['coverage<80%'],True,0.6,,,,,,,,,,,,,,,,,,,,,,,,,
CI,1739940,Cigna,Health Care,Health Care Services,Health Care Equipment and Services,50.25598904859685,5.9986310746064335,450175007.7039687,-0.07611652305399363,-0.09581271441656813,-0.1188645496968489,4.0,0.285461010196494,0.1406729581316688,,,,0.03133816199868723,0.03070560575588477,0.23325439278674373,9,9,False,0.11376491684986534,,,False,0.20629501880431478,,0.026747455574363806,0.7226731898073009,,0.8535106677757383,1.1321915750892864,17.307692307692307,-0.5114924184208584,0.7808862480476936,260.0,gm_derived,267.9599914550781,264240486.0,70805878370.64569,106709878370.64569,78524000000.0,35904000000.0,10277000000.0,,,2724000000.0,35614000000.0,282382000000.0,9957000000.0,,,7553000000.0,12681000000.0,,8048354091.908785,0.19168885287649035,0.10249546752469035,10.717071243411237,,,14.128144892181345,0.07078070104967638,,,2.8084535919880134,45534000000.0,47403000000.0,1.183548978656207,2.0,0.09052837857109775,0.08868275102459855,17.692307692307693,-0.5940085518227698,0.8222731046978746,260.0,"['fcf_cagr5 gate', 'coverage<80%']",False,0.7,,,,,,,,,,,,,,,,,,,,,,,,,
FANG,1539838,Diamondback Energy,Energy,Oil & Gas Exploration & Production,Energy,7.83025325119781,5.9986310746064335,437925847.2674941,0.3834584506252756,-0.11963746472961923,0.28825101899085737,,,,,,,0.38989151420320384,0.38516992790937177,0.20034958824232252,7,9,False,0.4038245538628422,,0.09173495759527772,True,,,0.2821892176353643,,,0.723763424838974,0.12361404415894112,58.84615384615385,0.5737790695701374,1.4265695119477986,260.0,,185.50999450683594,280024353.0,51947316186.81029,70197316186.81029,56150000000.0,18250000000.0,10143000000.0,,77000000.0,5240000000.0,12165000000.0,17102000000.0,1082000000.0,,,4826000000.0,6322000000.0,1350000000.0,887614718.6147187,0.17965367965367965,0.015807920189042184,64.87737170684869,,,14.545651924328697,0.06874906708907456,38.47949347171132,,1.9242328377095856,,7000000.0,0.00012466607301869992,3.0,0.12788126378841383,0.1527048785846811,,,,,"['fcf_cagr5 gate', 'coverage<80%']",False,0.4,,,,,,,,,,,,,,,,,,,,,,,,,
CTSH,1058290,Cognizant,Information Technology,IT Consulting & Other Services,Software and Services,19.874058863791923,5.9986310746064335,427987827.0427628,-0.05829133149367738,-0.2756505848868923,-0.07990333042917974,10.0,,,0.10021868444015392,0.10165740168828495,0.11782968269320332,0.08716611318275602,0.08945851348569075,0.14323059420281245,7,9,False,0.04856688163062173,-0.022047127468793892,-0.03015362478470396,False,,0.10674577221339811,0.09422591796692516,,1.0651284519419317,1.0809925385724986,,16.923076923076923,-0.7437061164232791,0.7547904163546885,260.0,,60.880001068115234,473869469.0,28849173778.8672,28446173778.8672,14665000000.0,-403000000.0,2757000000.0,287000000.0,185000000.0,555000000.0,-403000000.0,21406000000.0,3379000000.0,2470000000.0,2285000000.0,2017000000.0,3934000000.0,2229000000.0,,,,8.418518431153359,12.449091369307308,0.08032714760737128,14.103209607767575,0.07090584539346516,12.942653108509287,1.10812023328847,-0.10244026436197255,7681000000.0,953749000.0,0.588799795431299,,,,15.769230769230768,-0.8358575957294339,0.7565707726180554,260.0,['coverage<80%'],True,0.7,,,,,,,,,,,,,,,,,,,,,,,,,
EOG,821189,EOG Resources,Energy,Oil & Gas Exploration & Production,Energy,25.913757700205338,5.9986310746064335,423338595.1161236,0.35556428065072754,-0.07670699287208693,0.3193386732435395,,,,,,,0.2882306800978,0.2886156719321454,0.1833550051690913,5,9,False,0.1545526335723717,,0.297050377806088,False,,,0.30637164212240064,,,1.0629390390309776,0.8318485428789568,52.69230769230769,0.016929939262815486,1.00579953841398,260.0,,141.30999755859375,524529176.0,74121216579.97119,78308216579.97119,36051000000.0,4187000000.0,13358000000.0,,231000000.0,4847000000.0,4187000000.0,27026000000.0,8905000000.0,,,8280000000.0,13752000000.0,6876000000.0,6967544378.698224,0.21756941283568504,0.19326910151447182,8.793735719255608,,,9.457514079706666,0.1057360307975366,10.779699909827107,,0.3044648051192554,,,0.0,7.0,0.2323368877290858,0.22329124872282605,,,,,"['fcf_cagr5 gate', 'coverage<80%']",False,0.4,,,,,,,,,,,,,,,,,,,,,,,,,
VEEV,1393052,Veeva Systems,Health Care,Health Care Technology,Health Care Equipment and Services,0.405201916495551,5.9986310746064335,404062644.36509633,-0.07152019214496819,-0.04385129660901521,-0.04843393466531354,4.0,0.7318139357563659,0.022003489322575096,,,,0.23784078015669374,0.2307203875018705,0.30953705770173723,9,9,False,0.16877526262793308,,0.22452973572986812,False,0.7496085998719527,,0.3348285676114442,1.0243158311780374,,1.4077845161408113,0.9663533014648779,,,,,,281.92999267578125,161908850.0,45646960894.644165,43987264894.644165,5771753000.0,-1659696000.0,1665459000.0,,494589000.0,13000000.0,-1659696000.0,3458098000.0,1034859000.0,,,1157870000.0,1047859000.0,1014772000.0,791140113.4020851,0.23550926899018595,0.13707102736414484,42.50556345805966,,,37.98981310047256,0.02632284600493496,44.98247970445003,,-1.583892489352098,492991000.0,55647000.0,0.09505569625034196,9.0,0.14184359608060665,0.11838183717958636,,,,,"['tenure<1y', 'fcf_cagr5 gate', 'coverage<80%']",False,0.6,,,,,,,,,,,,,,,,,,,,,,,,,
PCAR,75362,Paccar,Industrials,Construction Machinery & Heavy Transportation Equipment,Capital Goods,45.752224503764545,5.9986310746064335,402811635.8599666,0.3026223991071382,-0.1718795525615373,0.1484387589641234,10.0,0.21312026350695662,0.08179084337974808,0.09951420451184875,0.09949498112584478,0.2758854591847002,0.10994467926782545,0.10746596673821575,0.2654207459493208,6,9,False,0.087176303639803,0.08551412442533901,0.07974037320182403,False,0.19988639550183707,0.132884907139108,0.14148074116149814,0.9379042246506627,1.335336073789204,1.2868357259640621,,86.15384615384616,0.9507243418893571,1.2224023690632198,260.0,sbc_unreported;gm_derived,109.94000244140625,526364953.0,57868564217.890686,54649164217.890686,17101900000.0,-3219400000.0,4344700000.0,648400000.0,,409300000.0,-3219400000.0,27815800000.0,,3696300000.0,3696300000.0,3935400000.0,,2504200000.0,,0.21897514268783333,,,14.784829212426125,0.06763689898829102,13.886558982032497,0.07201208026364755,23.10860323372362,1.4760402523760083,,114200000.0,,0.006677620615253276,,,,81.53846153846153,0.9566673905272717,1.2135533880914322,260.0,['coverage<80%'],True,0.6,,,,,,,,,,,,,,,,,,,,,,,,,
KHC,1637459,Kraft Heinz,Consumer Staples,Packaged Foods & Meats,Food Beverage and Tobacco,11.241615331964407,5.9986310746064335,402137772.8822485,0.018848915732409877,-0.11827387111539645,-0.0791410316585085,9.0,0.3310439732667877,0.039943543628061746,0.116731114307929,0.11804534550800898,0.3022762004822465,0.11620372264927503,0.12098583920142382,0.3106729305343735,4,9,False,-0.009679568109466907,-0.03314308432771251,-0.02226281767810001,False,0.3336947791164659,0.14943775100401607,0.1415261044176707,1.0080074131044274,1.2801878221586158,1.2179136880564785,-2.5881368230459483,7.6923076923076925,-0.5603482345887312,0.7404402311162168,260.0,ebitda_nonpositive,22.459999084472656,1185823758.0,26633600519.025925,46732600519.025925,56105000000.0,20099000000.0,4621000000.0,805000000.0,95000000.0,1002000000.0,11668000000.0,24900000000.0,-3177000000.0,3816000000.0,3721000000.0,3524000000.0,-2175000000.0,-3396000000.0,-2504673625.058675,0.21162303271681623,-0.04464260983974111,,12.55915090540874,0.0796232171690316,13.261237377703157,0.07540774450515113,,,,19714000000.0,32372000000.0,0.9283664557526067,0.0,0.01724893732132822,0.03658314644049438,5.384615384615385,-0.6414284755545644,0.6960761418067519,260.0,"['rev_cagr5 gate', 'coverage<80%']",False,0.7,,,,,,,,,,,,,,,,,,,,,,,,,
ZTS,1555280,Zoetis,Health Care,Pharmaceuticals,Pharmaceuticals Biotechnology and Life Sciences,13.281314168377824,5.9986310746064335,398810193.5764636,-0.47229897949646094,-0.5174241114805542,-0.5190061880241659,10.0,0.7050023439006223,0.010626254265348538,0.20551837928721048,0.21579218106995884,0.20596901529622128,0.2211455872986224,0.2195216049382716,0.19884906966532398,9,9,False,0.0723886810840868,0.06414790435222728,0.07496930162906157,False,0.7153514763055584,0.2386256173163812,0.24261847220762844,1.0146795716276298,1.1610913736474322,1.0970984100171544,,0.38461538461538464,-2.239320871173847,0.3444367827898025,260.0,gm_derived,69.0999984741211,413223602.0,28553750267.670822,36174750267.67082,10769000000.0,7621000000.0,2887000000.0,521000000.0,95000000.0,483000000.0,7621000000.0,9517000000.0,,2366000000.0,2271000000.0,2309000000.0,,2616000000.0,,0.20048899755501223,,,15.92899615485285,0.0627785951028273,15.666847235890351,0.06382905155985391,10.915042151250315,0.904434250764526,,2771000000.0,918000000.0,0.3425573405144396,,,,0.38461538461538464,-2.244029068622757,0.3210745181301788,260.0,['coverage<80%'],True,0.6,,,,,,,,,,,,,,,,,,,,,,,,,
EMR,32604,Emerson Electric,Industrials,Electrical Components & Equipment,Capital Goods,61.50581793292265,5.9986310746064335,378812190.4824923,0.15182715712878503,-0.02819140097043915,0.19516576356818494,10.0,0.5135417468550725,0.08314553297598619,0.13952461461026325,0.1516693345529385,0.44913309322656053,0.09045917657825657,0.07906471529842214,0.8305953158788716,7,10,False,0.014255579608092983,0.00940870521967585,-0.09073397540951889,False,0.5107855763039278,0.17246190169564285,0.1170852114187594,0.994633015586321,1.2360679309337923,1.29434310423408,,49.75845410628019,-0.05161927932894101,0.9832395815179149,207.0,,158.57000732421875,557800000.0,88450350085.44922,99988350085.44922,31917000000.0,11538000000.0,3912000000.0,452000000.0,246000000.0,1484000000.0,11523000000.0,18636000000.0,,3460000000.0,3214000000.0,2182000000.0,,2577000000.0,,0.21402439024390243,,,31.110252048988556,0.03214374471879316,45.82417510790523,0.021822542307531636,34.32299188414793,1.3426464881645324,,18122000000.0,8686000000.0,0.8399285647147289,,,,42.69230769230769,-0.0009563320644696395,0.9784552952579095,260.0,['coverage<80%'],True,0.6,,,,,,,,,,,,,,,,,,,,,,,,,
CTVA,1755672,Corteva,Materials,Fertilizers & Agricultural Chemicals,Materials,7.3319644079397674,5.9986310746064335,355029398.7094439,0.3994871740964283,-0.8588594736961586,-0.7997774501582476,6.0,0.4293242650057961,0.05753334901292499,0.09487353968099595,0.09155429382540808,0.5436766798336031,0.05759475669929144,0.05429382540809084,0.8940444772692911,4,7,False,0.04124576663707025,0.12116853340175271,0.10373747652226784,True,0.49539636200314396,0.03531327195149338,-0.0017403997305187515,1.1538978864762182,0.3722141291474018,-0.030218023831675683,,,,,,sbc_unreported;gm_derived,12.569999694824219,667196000.0,8386653516.387939,9873653516.38794,26646000000.0,1487000000.0,1211000000.0,582000000.0,,1242000000.0,1243000000.0,17812000000.0,,629000000.0,629000000.0,-31000000.0,,1009000000.0,,0.30701200252684774,,,15.697382378995135,0.06370488886975911,,-0.003139668608843454,8.31184689433889,0.6233894945490585,,10437000000.0,8006000000.0,0.6921489154094423,,,,2.272727272727273,-0.30679989779019584,0.6256942178586837,220.0,"['mktcap<10B', 'coverage<80%']",False,0.6,,,,,,,,,,,,,,,,,,,,,,,,,
DHI,882184,D. R. Horton,Consumer Discretionary,Homebuilding,Consumer Durables and Apparel,21.27857631759069,5.9986310746064335,346878576.2792274,-0.1742587846720982,-0.1781832694153197,-0.20717275686954495,10.0,0.27140711799274053,0.0951791906209741,0.055938868370035665,0.05180237708348052,0.7259600536854297,0.05737727281397449,0.053927296244164626,0.7460198360873915,8,9,False,0.11016221220279032,,,False,0.22611694152923534,0.09189805097451274,0.09304347826086956,0.833128265763772,1.6428299973214877,1.6216085864263734,,15.584415584415584,-0.1474681583014487,0.7980167849709396,231.0,gm_derived,137.05999755859375,279701267.0,38335854972.15558,36844154972.15558,22327800000.0,-1491700000.0,3352600000.0,150400000.0,137400000.0,112200000.0,-2078700000.0,33350000000.0,,3202200000.0,3064800000.0,3103000000.0,,3052900000.0,,0.2444829606483742,,,12.021715926701768,0.08318280069976301,11.873720584001154,0.08421960016032519,12.55719315148075,1.0489043204821644,,163500000.0,,0.007322709805713057,,,,15.584415584415584,-0.13568762053918265,0.793247097050298,231.0,"['fcf_cagr5 gate', 'coverage<80%']",False,0.6,,,,,,,,,,,,,,,,,,,,,,,,,
ITW,49826,Illinois Tool Works,Industrials,Industrial Machinery & Supplies & Components,Capital Goods,40.591375770020534,5.9986310746064335,346515492.232396,0.058619598593552924,-0.11504492123860921,0.02887689771743962,10.0,0.4252634274778516,0.033547897792921416,0.15939481026372157,0.1644228371977063,0.16116792891027337,0.16649549566557253,0.17078035402642733,0.16694871283723092,6,9,False,0.04994811807277366,0.010362539523898429,0.019155623020066015,False,0.4416175845527962,0.17287024105895926,0.17778857246948812,1.0384565330998192,1.0845412141897364,1.0678281220688346,,44.230769230769226,-0.21468541238882471,0.9743514116401358,260.0,gm_derived,260.8399963378906,284800000.0,74287230957.03125,83385230957.03125,11993000000.0,9098000000.0,3330000000.0,409000000.0,74000000.0,328000000.0,9097000000.0,16469000000.0,4364000000.0,2921000000.0,2847000000.0,2928000000.0,4692000000.0,,,,,19.10752313405849,29.28880609660388,0.03414273687707444,28.47856248532488,0.03511413191994168,,,1.9388320545609548,5074000000.0,370000000.0,0.45393146001834406,,,,36.15384615384615,-0.23328046589755225,0.9731981253839779,260.0,['coverage<80%'],True,0.7,,,,,,,,,,,,,,,,,,,,,,,,,
IQV,1478242,IQVIA,Health Care,Life Sciences Tools & Services,Pharmaceuticals Biotechnology and Life Sciences,9.092402464065708,5.9986310746064335,343269891.91549075,0.2958911227124741,-0.035691807784742346,0.2617722260064168,10.0,,,0.11407117266726204,0.11060698957694666,0.16355347202582649,0.07911238849483127,0.07743715511955855,0.22694070968696273,9,9,False,0.07503541699279603,0.08837342636672774,-0.04332664602101821,True,,0.1127946127946128,0.07798220298220299,,0.9888090931056448,0.9857141778407801,,57.30769230769231,0.15905492535770469,1.0588956896110482,260.0,gm_derived,260.7200012207031,166900000.0,43514168203.73535,57915168203.73535,20622000000.0,14401000000.0,2704000000.0,588000000.0,240000000.0,1167000000.0,14273000000.0,16632000000.0,2200000000.0,2116000000.0,1876000000.0,1297000000.0,3367000000.0,1385000000.0,,,,26.32507645624334,30.871624842076415,0.03239220498161315,44.65317517635725,0.02239482401980398,31.41817198825657,1.527797833935018,4.239085239085239,16544000000.0,4962000000.0,1.0428668412375133,,,,54.230769230769226,0.12739855199986705,1.0314692181578233,260.0,['coverage<80%'],True,0.7,,,,,,,,,,,,,,,,,,,,,,,,,
ECHO,1415404,EchoStar,Communication Services,Wireless Telecommunication Services,Telecommunication Services,0.5284052019164955,5.9986310746064335,342900279.7190857,0.1644190852383982,-0.3569190210046028,0.14432049866480656,7.0,,,0.007981082226128849,-0.02076159791566986,4.627877747986992,0.036737321139162026,0.046028943561078485,2.3018911670685407,4,9,False,0.5137390581525174,,,False,,-0.05245645791144693,-0.07302712413227173,,-6.572599608072257,-1.9878184328041475,15.927107162479329,,,,,ebitda_nonpositive;shares_was_proxy;gm_derived,88.25,290141000.0,25604943250.0,26919214250.0,15469369000.0,1314271000.0,-85317000.0,639864000.0,43512000.0,941305000.0,1267965000.0,14653925000.0,-16515821000.0,-725181000.0,-768693000.0,-1070134000.0,-15574516000.0,,-12518621711.09669,0.24202243950835442,-0.8092522526999446,,,-0.028555551171037617,,-0.03975353775417126,,,,0.0,493574000.0,0.03190653736425836,2.0,-0.050809744948935885,-0.009319415267764695,,,,,"['tenure<1y', 'fcf_cagr5 gate', 'coverage<80%']",False,0.5,,,,,,,,,,,,,,,,,,,,,,,,,
GIS,40704,General Mills,Consumer Staples,Packaged Foods & Meats,Food Beverage and Tobacco,69.57973990417523,5.9986310746064335,337825911.4465579,-0.19236835717044964,-0.32664273419645085,-0.33200069003766963,10.0,0.3387463216533253,0.024006425581009714,0.11146351865482465,0.11295967485348907,0.17063175021946228,0.11581854733017574,0.11738835918015457,0.18400817425575708,6,9,False,0.0032621470033440403,-0.07886799785365306,-0.0774579963077463,False,0.33862575560486646,0.07979624629712624,0.07786146059923701,0.9996440816010329,0.7158956334783919,0.6722710860573083,,83.46153846153847,0.9233160945589911,1.123161591705485,260.0,gm_derived,31.670000076293945,534687144.0,16933541891.273392,30587441891.27339,21104300000.0,13653900000.0,2067000000.0,520900000.0,86100000.0,556300000.0,13640500000.0,18296600000.0,-206400000.0,1546100000.0,1460000000.0,1424600000.0,349900000.0,-892200000.0,,,,,20.950302665255748,0.04773200731168495,21.470898421503154,0.04657466960015505,,,38.98399542726493,14113100000.0,239300000.0,0.6800699383537951,,,,74.23076923076923,0.5359552507106233,1.0651717769623281,260.0,"['fcf_cagr5 gate', 'coverage<80%']",False,0.6,,,,,,,,,,,,,,,,,,,,,,,,,
CASY,726958,Casey's,Consumer Staples,Food Retail,Consumer Staples Distribution and Retail,0.48186173853524983,5.9986310746064335,335250982.90395886,0.3370033946979336,-0.3074105500619755,0.09546955203219398,9.0,,,0.029966808147086004,0.03275714501666616,0.25299711666247054,,,,6,9,False,0.15062751164414712,,,,,0.031266048143640986,,,1.0433559687163854,,,,,,,,619.5,36960167.0,22896823456.5,25275109456.5,6472199000.0,2378286000.0,1389195000.0,740269000.0,65116000.0,,2378286000.0,18672331000.0,,648926000.0,583810000.0,,,772813000.0,,,,,43.29338219026738,0.02309821846685857,,,29.62789634297042,0.8396934316581114,,1284216000.0,,0.19842035141379305,,,,72.6923076923077,0.523555080924317,1.129587911978691,260.0,"['tenure<1y', 'fcf_cagr5 gate', 'coverage<80%']",False,0.5,,,,,,,,,,,,,,,,,,,,,,,,,
NUE,73309,Nucor,Materials,Steel,Materials,41.42368240930869,5.9986310746064335,329827207.593615,0.9088611847404064,-0.13237460143847368,0.7295107707028294,9.0,0.21626547408283878,0.3636449480509451,0.09288134141876017,0.12260222230938386,0.8248173168319766,0.13109949754458042,0.143361576171915,0.5365106229265209,5,9,False,0.10039907578586948,,-0.024762322282568583,False,0.15470485582116844,0.03980499155148057,0.07659067615855517,0.7153469895148865,0.42855745775696513,0.5842179229749563,,77.6923076923077,1.5158082738810497,2.632671610384473,260.0,gm_derived,235.97999572753906,226875676.0,53538121053.16254,56818429053.16254,25389308000.0,3280308000.0,4424000000.0,2841000000.0,146000000.0,1513000000.0,2123308000.0,36101000000.0,,1583000000.0,1437000000.0,2765000000.0,,2884000000.0,,0.20682095006090134,,,39.539616599278034,0.025291089949978404,20.5491605978888,0.048663788247522814,18.563842251443322,0.5488904299583911,,4289000000.0,2754000000.0,0.2774002347759931,,,,80.99547511312217,0.810856808393238,4.291439417800325,221.0,"['fcf_cagr5 gate', 'coverage<80%']",False,0.6,,,,,,,,,,,,,,,,,,,,,,,,,
APD,2969,Air Products,Materials,Industrial Gases,Materials,41.42368240930869,5.9986310746064335,312406107.4383047,0.13186986176349458,-0.1300487461460862,0.026899410492986275,7.0,,,-0.12132977792642055,-0.1175079365079365,,0.1567470470170756,0.14186507936507936,0.09548041657608015,4,9,False,0.06329887156173086,,-0.0442098329578996,False,0.3205630762882671,-0.02783640951579883,0.23626827061941566,,0.22942768042219605,1.5073219886156914,-0.22650696748443516,0.38461538461538464,-1.7456919789772907,0.6899536404344194,260.0,,273.3299865722656,222685530.0,60866632924.737854,67089632924.737854,20106800000.0,6223000000.0,4570800000.0,4872200000.0,49400000.0,1543900000.0,3510400000.0,12602200000.0,-593100000.0,-301400000.0,-350800000.0,2977500000.0,950800000.0,-47300000.0,-479048800.408176,0.19229674522310566,-0.023825213380954502,,,-0.005228825747094676,22.53220249361473,0.04438092549023489,,,3.692048801009676,957400000.0,258400000.0,0.06046710565579804,8.0,0.10518534438721712,0.12863653421506022,,,,,"['fcf_cagr5 gate', 'coverage<80%']",False,0.6,,,,,,,,,,,,,,,,,,,,,,,,,
FOXA,1754301,Fox Corporation (Class A),Communication Services,Broadcasting,Media and Entertainment,7.540041067761807,5.9986310746064335,307386803.8985558,0.06570942439936212,-0.167528080059002,-0.0017322828773942422,10.0,,,0.11024009069158129,0.10050071530758226,0.3345550208636239,0.13083878711876776,0.12195994277539342,0.2872880439161257,8,9,False,0.05816323382679833,-0.07390453775549266,-0.05807301381284713,False,,0.07801004320915567,,,0.7076376907871418,,,,,,,shares_was_proxy,61.279998779296875,424000000.0,25982719482.421875,29445719482.421875,15091000000.0,3463000000.0,1970000000.0,502000000.0,132000000.0,,3363000000.0,17126000000.0,,1468000000.0,1336000000.0,,,,,0.24187884108867427,,,22.040209193429547,0.04537162017037988,,,,,,3647000000.0,2870000000.0,0.4318467961036379,,,,96.92307692307692,2.3206800589572,1.5248925534677478,260.0,"['fcf_cagr5 gate', 'coverage<80%']",False,0.4,,,,,,,,,,,,,,,,,,,,,,,,,
ROP,882835,Roper Technologies,Information Technology,Electronic Equipment & Instruments,Technology Hardware and Equipment,16.774811772758383,5.9986310746064335,302959109.95054555,-0.17955633370536572,-0.28256873787132364,-0.269581941541837,3.0,0.697245642258544,0.006485145223274085,,,,0.16694986017808455,0.18718637702742077,0.5271671337254958,7,9,False,0.1446055560688868,0.12686829535166222,0.0978888548288519,False,0.6952525874666377,,0.18778305133871961,0.9971415313755847,,1.1247871135586003,1.160480892192626,5.485232067510549,-0.4353886382554916,0.6329417174176415,237.0,,362.5899963378906,98900874.0,35860467541.47418,47048467541.47418,29888300000.0,11188000000.0,2669100000.0,,191800000.0,922400000.0,11188000000.0,8280300000.0,2315600000.0,,,1554900000.0,3238000000.0,2504000000.0,1948705249.0086699,0.15844478795617986,0.06519960148314458,20.318046096680852,,,30.25819508744883,0.03304889789724445,14.321272979821957,,3.455219271155034,21330700000.0,3475218000.0,0.8299541292077501,0.0,0.05618326154423422,0.05765566815566838,5.0,-0.6157857395447881,0.6067784696595212,260.0,['coverage<80%'],True,0.7,,,,,,,,,,,,,,,,,,,,,,,,,
WAT,1000697,Waters Corporation,Health Care,Life Sciences Tools & Services,Pharmaceuticals Biotechnology and Life Sciences,24.747433264887064,5.9986310746064335,298349572.7532987,0.24662744487246346,-0.018475826008558682,0.2958067535483804,3.0,,,0.16162507159176795,0.15344047899621077,0.1359325541666642,0.15899112526347906,0.1477474767459545,0.16060642392622507,6,9,False,0.059992904419617465,,-0.08980564477311936,False,0.7224907622308796,,-0.029392265574046526,,,-0.18486733473543165,0.04184527722517189,,,,,,425.5299987792969,98248111.0,41807518553.898224,46721584553.898224,20109066000.0,4914066000.0,549861000.0,,73152000.0,613214000.0,4914066000.0,4644249000.0,328630000.0,,,-136505000.0,941844000.0,166137000.0,265940586.02045783,0.1907598636142231,0.013224909899865953,142.17078341569007,,,,-0.0029216688882314603,251.64483862052538,,5.2174946169429335,9421000000.0,13923000.0,0.46918752964458915,10.0,0.31604307049280467,0.22313148652953216,,,,,"['fcf_cagr5 gate', 'coverage<80%']",False,0.6,,,,,,,,,,,,,,,,,,,,,,,,,
ADM,7084,Archer Daniels Midland,Consumer Staples,Agricultural Products & Services,Materials,69.57973990417523,5.9986310746064335,291818206.02965844,0.42664012610518753,-0.08302588187600057,0.34081570996784527,5.0,0.21512458130186216,0.3667630457113621,0.0916339048133175,0.0728827066579729,0.46391194824264026,0.1015342051801266,0.0834238933565167,0.40633313289296435,4,9,True,-0.17259424658437517,-0.06175838461230476,-0.06316894759314584,True,0.2256361017762842,0.06112978076492239,0.058289326292206754,1.048862479642307,0.6671087616473392,0.5740856117285664,,82.87937743190662,1.3122992482433375,2.7135980762125405,257.0,,79.5199966430664,481959583.0,38325424422.253685,46181424422.253685,31436000000.0,7856000000.0,2795000000.0,1118000000.0,149000000.0,1189000000.0,7849000000.0,24996000000.0,,1677000000.0,1528000000.0,1457000000.0,,1770000000.0,,0.15083532219570406,,,30.223445302522045,0.03308689628169405,31.696241882123324,0.03154948159844779,21.65278215946536,0.9474576271186441,,4653000000.0,1845000000.0,0.20670568774653264,,,,74.31906614785993,0.3489519228033468,2.340724381337894,257.0,"['rev_cagr5 gate', 'fcf_cagr5 gate', 'coverage<80%']",False,0.6,,,,,,,,,,,,,,,,,,,,,,,,,
CNC,1071739,Centene Corporation,Health Care,Managed Health Care,Health Care Equipment and Services,10.507871321013004,5.9986310746064335,287336448.77764815,0.7322997311082051,-0.10123782596660924,0.5759690045503325,9.0,0.11445106008136907,0.14674413594193672,0.02645559228842089,0.026207165439088683,0.6531658957342503,0.022997002607396455,0.022604951560818085,0.8068496953233133,9,9,False,0.10958333315636093,,,False,0.09050964148778372,0.04878117041224707,0.0462735439814167,0.7908152307495957,1.8438888035630054,2.0121554435330578,24.55577613976432,0.4273504273504274,-0.46231921527938724,0.27074983850624956,234.0,ebitda_nonpositive,60.9900016784668,493995000.0,30128755879.154205,20009755879.154205,12443000000.0,-10119000000.0,9749000000.0,798000000.0,236000000.0,1246000000.0,-10191000000.0,178655000000.0,-5640000000.0,8951000000.0,8715000000.0,8267000000.0,-4394000000.0,-5100000000.0,-4203888960.863721,0.2546296168681346,-0.33785172071556063,,2.296013296517981,0.4355375474160145,2.420437387099819,0.41314846867334387,,,,10835000000.0,4530000000.0,1.2348308285783172,0.0,-0.013758543765532278,0.037621047825129456,0.398406374501992,-0.012334501696346657,0.2607614925237667,251.0,"['fcf_cagr5 gate', 'coverage<80%']",False,0.7,,,,,,,,,,,,,,,,,,,,,,,,,
LEN,920760,Lennar,Consumer Discretionary,Homebuilding,Consumer Durables and Apparel,20.993839835728952,5.9986310746064335,265789714.74065408,-0.3444841849525494,-0.36475132901237073,-0.35601336690037655,10.0,,,0.07470777770040757,0.08599052231503557,0.6262216899608015,0.07495030370702446,0.08522452592040095,0.6553815228121059,8,9,False,0.08737305172284682,-0.6309724733073294,,False,,0.017640127518405265,0.018506327733542556,,0.23612170059649665,0.24691464634863264,,89.1891891891892,0.3629943215269453,3.0515040930517796,222.0,shares_was_proxy,82.11000061035156,240776000.0,19770117506.958008,23616422506.958008,25466943000.0,3846305000.0,882991000.0,166218000.0,139284000.0,137861000.0,3701217000.0,32737235000.0,,716773000.0,577489000.0,605846000.0,,1615359000.0,,0.25127022029940843,,,40.8950170599925,0.024452856897773437,38.98090027326748,0.025653589142110838,12.238838243980446,0.44372365523700924,,3632058000.0,0.0,0.14261853101096586,5.0,,,89.1891891891892,0.3660033922183497,3.1530740866284614,222.0,"['fcf_cagr5 gate', 'coverage<80%']",False,0.6,,,,,,,,,,,,,,,,,,,,,,,,,
DOW,1751788,Dow Inc.,Materials,Commodity Chemicals,Materials,7.5044490075290895,5.9986310746064335,265472687.48536474,0.2969366576392485,-0.3189860221080988,0.21543756566066596,6.0,,,0.045273807913581855,0.06364573528752633,1.1437665385332243,0.03440303114160255,0.05793106539375196,1.2805699115311064,4,9,False,0.00729257790550264,,,False,0.06361394320002034,-0.005898655004957921,-0.01967913350791996,,-0.130288466484136,-0.572017431455991,,,,,,sbc_unreported,27.59000015258789,720741438.0,19885256384.396416,35793256384.396416,31157000000.0,15908000000.0,2065000000.0,2297000000.0,,2839000000.0,14394000000.0,39331000000.0,,-232000000.0,-232000000.0,-774000000.0,,,,0.2562482955352814,,,,-0.006481667873648324,,-0.021624185061223287,,,,7947000000.0,2466000000.0,0.33421061077767433,,,,,,,,"['fcf_cagr5 gate', 'coverage<80%']",False,0.3,,,,,,,,,,,,,,,,,,,,,,,,,
CLX,21076,Clorox,Consumer Staples,Household Products,Household and Personal Products,57.50581793292265,5.9986310746064335,261728978.5848735,-0.2093738790470816,-0.3502620536375577,-0.31480765598446747,10.0,0.4138854364302942,0.08178782435313346,0.09184911660592388,0.09572072072072071,0.26407414894349174,0.09504132857144602,0.09586148648648649,0.3286543568375744,7,9,False,0.011145867999568182,-0.10045182122408514,-0.12344687068014382,False,0.43846153846153846,0.046449704142011834,0.042011834319526625,1.0593789968625371,0.5057174838306069,0.4420375319979329,,87.3076923076923,1.3396701202630183,1.3714403117241845,260.0,,80.6500015258789,120921351.0,9752307142.661339,11857307142.661339,2038000000.0,2105000000.0,576000000.0,196000000.0,66000000.0,226000000.0,1946000000.0,6760000000.0,,380000000.0,314000000.0,284000000.0,,756000000.0,,0.22064777327935223,,,37.76212465815713,0.026481560798088898,41.751081488244154,0.023951475371519895,12.89987717283246,0.5026455026455027,,1229000000.0,929000000.0,1.0588812561334642,,,,82.3076923076923,0.8894878976432326,1.2149970137311998,260.0,"['mktcap<10B', 'fcf_cagr5 gate', 'coverage<80%']",False,0.6,,,,,,,,,,,,,,,,,,,,,,,,,
MTD,1037646,Mettler Toledo,Health Care,Life Sciences Tools & Services,Pharmaceuticals Biotechnology and Life Sciences,10.069815195071868,5.9986310746064335,247190310.9347581,0.023758766685221255,-0.02015689609156812,0.1271879089788246,10.0,0.5917680916443541,0.009225112683172115,0.20782799755957995,0.21023795499108375,0.05833703385392214,0.21668198618955622,0.2210229885984943,0.04739977308256945,8,9,False,0.05469611164747934,0.06065448604980528,0.056578812967068126,False,0.6025641800973662,0.2034744640319313,0.2105213631278159,1.0182437826666404,0.9790522279059126,0.9715683653723254,,60.38461538461538,0.23936097245944168,1.038567197010244,260.0,,1481.1700439453125,20036559.0,29677550974.542847,31867611974.542847,2202884000.0,2190061000.0,975167000.0,111198000.0,22831000.0,82067000.0,2190061000.0,4133875000.0,,863969000.0,841138000.0,870269000.0,,905611000.0,,0.1747411529061407,,,37.88630637843356,0.026394760946378267,36.61811689781303,0.027308886548989192,32.77074922294765,0.9540177846779688,,735214000.0,266258000.0,0.45461858182273784,,,,60.76923076923077,0.23934200323609045,1.0428501933774736,260.0,['coverage<80%'],True,0.6,,,,,,,,,,,,,,,,,,,,,,,,,
DGX,1022079,Quest Diagnostics,Health Care,Health Care Services,Health Care Equipment and Services,23.805612594113622,5.9986310746064335,229878978.4311068,0.3396258389789637,-0.06232501846440419,0.3054488109158098,10.0,,,0.11417611372192123,0.11517897598550068,0.27998009672808366,0.11058850715893935,0.11128228364295424,0.32334111821480077,7,9,False,0.03178135709578789,-0.030543100079809316,-0.045135800771224366,False,0.3311418685121107,0.10908304498269897,0.10683391003460208,,0.955392870074151,0.9660489392542291,,66.92307692307692,0.2936108693404858,1.0898740365852324,260.0,,231.08999633789062,110373360.0,25506179358.200684,31587179358.200684,13597000000.0,6081000000.0,1903000000.0,554000000.0,88000000.0,580000000.0,5778000000.0,11560000000.0,1630000000.0,1349000000.0,1261000000.0,1235000000.0,2210000000.0,1062000000.0,,,,19.378637643067904,25.049309562411327,0.039921260005528744,25.576663447935776,0.039098141242528146,24.01711803973699,1.2702448210922788,2.61447963800905,9112000000.0,879000000.0,0.7347944399499889,,,,73.46153846153847,0.26260468962744427,1.0792402577403737,260.0,['coverage<80%'],True,0.7,,,,,,,,,,,,,,,,,,,,,,,,,
LUV,92380,Southwest Airlines,Industrials,Passenger Airlines,Transportation,32.25462012320329,5.9986310746064335,224421557.7450582,0.24007045593683207,-0.2185420219874863,0.3095545044011081,5.0,,,,,,,,,8,9,False,0.2540541822088387,,0.06574263385622459,False,,-0.01519635553486516,,,,,-0.09658344782714115,,,,,sbc_unreported,41.84000015258789,489208201.0,20468471204.487247,20573471204.487247,7187000000.0,105000000.0,2528000000.0,2985000000.0,,,105000000.0,30073000000.0,1041000000.0,-457000000.0,-457000000.0,,,837000000.0,816604498.5941893,0.2155576382380506,0.11362244310479884,19.763180792014648,,-0.022213072138275065,,,24.45456535781033,-0.5459976105137395,,970000000.0,166000000.0,0.1580631696117991,2.0,-1.1764173433542462,0.04195076023720525,,,,,"['fcf_cagr5 gate', 'coverage<80%']",False,0.6,,,,,,,,,,,,,,,,,,,,,,,,,
BIIB,875045,Biogen,Health Care,Biotechnology,Pharmaceuticals Biotechnology and Life Sciences,22.885694729637233,5.9986310746064335,223067952.85648853,0.3812233868326236,-0.02100175154267292,0.393670255936879,10.0,,,0.18102490432611182,0.17794673730612906,0.40330897854311304,0.14354886883199214,0.11464420763148848,0.5759831468178508,4,9,False,-0.059551646346515,-0.11628194195307018,-0.20516542437657026,False,0.7548755207599573,0.21425121259081853,0.1505323324008292,,1.183545509323128,1.048648684072951,,47.69230769230769,-0.029447530315795428,0.9790583029741616,260.0,,222.82000732421875,147637117.0,32896503491.26654,36154403491.26654,21909600000.0,3257900000.0,2590800000.0,167900000.0,293800000.0,801100000.0,3257900000.0,9937400000.0,,2422900000.0,2129100000.0,1495900000.0,,1372000000.0,,0.15471349353049907,,,16.981073454166804,0.05888909218248631,24.168997587583757,0.04137531961663673,23.977043360981444,1.7659620991253644,,6488700000.0,7318500000.0,0.6301895059699858,,,,40.76923076923077,-0.09775434949276948,0.9289958535452156,260.0,"['rev_cagr5 gate', 'fcf_cagr5 gate', 'coverage<80%']",False,0.5,,,,,,,,,,,,,,,,,,,,,,,,,
IT,749251,Gartner,Information Technology,IT Consulting & Other Services,Software and Services,9.492128678986996,5.9986310746064335,216152427.88364965,-0.27519444276352556,-0.2367681303752106,-0.2503888262005024,,0.6875238355263287,0.008255360190949003,,,,0.1652320313068053,0.1495494942699265,0.12063444697322256,8,9,False,0.09648191203252598,,0.08483153810077826,False,0.700840828352383,,0.16146494243324103,1.019369499845572,,0.9772012191354744,1.3768893876670023,9.615384615384617,-1.4485997970350404,0.43267924892040605,260.0,,192.8000030517578,63148976.0,12175122765.51538,14016000765.51538,1673533000.0,1840878000.0,1382615000.0,,149542000.0,189424000.0,1840878000.0,6463626000.0,1115195000.0,,,1043649000.0,1304619000.0,775120000.0,839196273.1619874,0.2474892075717813,0.5014518824319493,12.56820624690335,,,13.42980328205688,0.07446125449477486,15.707403712348256,,1.4110464434444079,2738631000.0,294434000.0,1.8123723882349496,6.0,0.3641918420778941,0.39126344838939947,,,,,"['fcf_cagr5 gate', 'coverage<80%']",False,0.5,,,,,,,,,,,,,,,,,,,,,,,,,
NVR,906163,"NVR, Inc.",Consumer Discretionary,Homebuilding,Consumer Durables and Apparel,7.017111567419575,5.9986310746064335,215068022.72253603,-0.2297811081369222,-0.23514327348344488,-0.2508706428451333,10.0,,,0.13260168065937378,0.1302961392689664,0.18513144297838577,0.13295898615221685,0.13011872941925645,0.19010515522886295,7,9,False,0.06495299325159976,0.03824376104954341,0.03807186415746644,False,,0.10293968266227554,0.10230554868801532,,0.7763075260464175,0.7694519313714665,,68.07692307692308,0.5356561401945295,1.1283858392143356,260.0,,6126.3798828125,2664860.0,16325944694.511719,15728800694.511719,2794052000.0,-597144000.0,1066590000.0,20169000.0,65454000.0,26212000.0,-597144000.0,9529532000.0,,1046421000.0,980967000.0,974924000.0,,1141320000.0,,,,,16.03397534729682,0.0623675650198995,16.133360851216832,0.061983365352209094,14.304441080951634,0.9168515403217328,,441000.0,1813000.0,0.0008067136903679674,,,,67.3076923076923,0.48495084793944054,1.1177504217249838,260.0,['coverage<80%'],True,0.5,,,,,,,,,,,,,,,,,,,,,,,,,
TKO,1973266,TKO Group Holdings,Communication Services,Movies & Entertainment,Media and Entertainment,1.5249828884325805,5.9986310746064335,201833781.10661456,-0.04640840825650672,-0.2041612924187337,-0.09382478997345634,,,,,,,0.10652544871729985,0.08584153069222807,1.0243372819308199,3,4,False,,,0.21420901373914703,True,,,0.21378768180166105,,,2.006916510335635,,,,,,shares_was_proxy,176.0399932861328,74797769.0,13167398752.577713,17528490752.577713,7757024000.0,4361092000.0,1795136000.0,,134303000.0,527360000.0,4361092000.0,5301863000.0,997631000.0,,,1133473000.0,1524991000.0,580442539.0,876309989.7844464,0.12160910217861476,0.11296986960262677,17.57011435348111,,,15.464409608855009,0.06466460895004969,22.685102947938336,,2.859749336225591,8445011000.0,3120324000.0,1.4909500086631162,1.0,,,,,,,"['rev_cagr5 gate', 'fcf_cagr5 gate', 'coverage<80%']",False,0.3,,,,,,,,,,,,,,,,,,,,,,,,,
PHM,822416,PulteGroup,Consumer Discretionary,Homebuilding,Consumer Durables and Apparel,42.42299794661191,5.9986310746064335,193471060.88588786,-0.08991119894011745,-0.17858143934089277,-0.1472815236381786,10.0,,,0.08140523789487442,0.0840008469405665,0.40652268284506815,0.08255473952124977,0.08563962121697559,0.4068468953315719,8,9,False,0.09422398249785235,0.0025988733351183235,0.0021879655970853396,False,,0.0886438266026195,0.08884032718566062,,1.0889204293843218,1.076138422831471,,53.46153846153846,0.0065282638540641365,1.0266940953497514,260.0,,116.3499984741211,187452540.0,21810102742.970123,20518293742.970123,11721922000.0,-1291809000.0,1626318000.0,113875000.0,58057000.0,110651000.0,-1291809000.0,16407076000.0,,1512443000.0,1454386000.0,1457610000.0,,1906446000.0,,,,,14.10787352392702,0.07088240465893002,14.076669165942963,0.07103953273402176,11.440189096869318,0.7933311512626111,,40377000.0,49585000.0,0.007674679971424481,,,,54.0650406504065,0.1294972357531679,1.0409611609833855,246.0,['coverage<80%'],True,0.5,,,,,,,,,,,,,,,,,,,,,,,,,
INCY,879169,Incyte,Health Care,Biotechnology,Pharmaceuticals Biotechnology and Life Sciences,9.59069130732375,5.9986310746064335,187762976.70041528,0.4594128062969167,-0.08348328278508665,0.3487622504052539,5.0,0.9347004003410522,0.009181738019249925,,,,0.12753999513132375,0.17032569425305907,0.774742017879292,9,9,False,0.14029891744294387,,0.20441527705224205,True,0.9247410007797023,,0.21816109620930346,0.9893448215516802,,1.7105308494380147,2.1638383778039683,10.85972850678733,-0.08831865113002384,0.6668212281087272,221.0,gm_derived,117.13999938964844,199782155.0,23402481514.76265,19940948514.76265,2161314000.0,-3461533000.0,1516782000.0,,252490000.0,94726000.0,-3461533000.0,5361020000.0,1610808000.0,,,1169566000.0,1705534000.0,1431827000.0,1300168302.8241785,0.19284712838266357,0.6015638185030858,12.379469505218902,,,17.04987022088762,0.05865147282909581,16.344489602977628,,-2.0295889733068937,133000000.0,12298000.0,0.0672266963523116,5.0,0.2780077406306102,0.2627357227737236,85.0,1.1647933809090383,1.3086814198797718,260.0,"['fcf_cagr5 gate', 'coverage<80%']",False,0.7,,,,,,,,,,,,,,,,,,,,,,,,,
IP,51434,International Paper,Materials,Paper & Plastic Packaging Products & Materials,Materials,69.57973990417523,5.9986310746064335,183808111.5676823,-0.1714027322149274,-0.31335996903205354,-0.27642367580092775,9.0,,,0.04460571860964188,0.04780549415850963,0.7120681892952062,0.0304927658745629,0.04818468212570366,1.5625390291589858,5,9,False,0.061152533817306676,,,False,0.33520637937445774,0.02032805850514399,-0.001074246994174276,,0.4557276317649082,-0.035229568829320726,,,,,,sbc_unreported,32.52000045776367,529569895.0,17221613227.81786,27101613227.81786,24335000000.0,9880000000.0,2647000000.0,2155000000.0,,2673000000.0,9880000000.0,24203000000.0,,492000000.0,492000000.0,-26000000.0,,-3438000000.0,,,,,55.084579731337115,0.01815390087166462,,-0.0009593524850879676,,,,5290000000.0,4022000000.0,0.3826587220053421,,,,95.1923076923077,2.9082057128767005,3.1823737751802095,208.0,"['fcf_cagr5 gate', 'coverage<80%']",False,0.4,,,,,,,,,,,,,,,,,,,,,,,,,
MOS,1285785,Mosaic Company (The),Materials,Fertilizers & Agricultural Chemicals,Materials,15.017111567419576,5.9986310746064335,177511308.5836032,-0.2303943661036214,-0.26387167303681247,-0.352983014496027,8.0,0.20301327034398797,0.3192291999922398,0.046976507475192344,0.07031414375192192,1.3303719704163997,0.07360938677830545,0.10321186323113879,0.9764229539535237,3,7,False,0.06780943144483076,,,False,0.10983107308191609,-0.07986675266780428,-0.06050016737563174,0.5410044027950345,-1.7001424107567134,-0.8219083193539479,-0.08997533136229668,,,,,capex_gt_2x_cfo,21.549999237060547,317895646.0,6850650928.76487,10961150928.76487,15574400000.0,4110500000.0,444000000.0,1391100000.0,31100000.0,1153900000.0,3939500000.0,12247900000.0,-169800000.0,-947100000.0,-978200000.0,-741000000.0,984100000.0,-638200000.0,-138440566.14513743,0.1846845338920058,-0.0088889823136132,,,-0.08924245331144492,,-0.06760239000590951,,,4.003150086373336,969200000.0,,0.06223032668995274,2.0,0.09879354906536131,0.07099601202522265,,,,,"['mktcap<10B', 'fcf_cagr5 gate', 'coverage<80%']",False,0.7,,,,,,,,,,,,,,,,,,,,,,,,,
DD,1666700,DuPont,Industrials,Industrial Conglomerates,Capital Goods,7.3319644079397674,5.9986310746064335,176302107.0663107,0.33815327511055937,-0.13505138410660367,0.3138491061024675,7.0,,,0.05087839341330548,0.05121890417654004,0.46632508154244795,0.01712376314178441,0.011013543682095549,1.5796976166547658,5,9,False,-0.09250966195399901,-0.3992474461837586,,False,0.23422897196261683,0.07272196261682243,0.008177570093457943,,1.4293289889496494,0.47755683290803713,,,,,,share_jump_gt20pct,129.1999969482422,135042975.0,17447551957.881546,25212551957.881546,21534000000.0,7765000000.0,429000000.0,146000000.0,34000000.0,367000000.0,7653000000.0,3424000000.0,,283000000.0,249000000.0,28000000.0,,922000000.0,,0.2328859368543487,,,101.25522874651223,0.009876033192354477,900.4482842100552,0.0011105579493410657,18.92359214520775,0.306941431670282,,7840000000.0,2789000000.0,0.4935915296740039,,,,,,,,"['rev_cagr5 gate', 'fcf_cagr5 gate', 'coverage<80%']",False,0.4,,,,,,,,,,,,,,,,,,,,,,,,,
BG,1996862,Bunge Global,Consumer Staples,Agricultural Products & Services,Materials,3.5509924709103355,5.9986310746064335,174889398.49504912,0.44998215893393834,-0.16606941845255285,0.3021868422300875,2.0,0.21317491272892122,0.15196740951310792,-0.07622263969438871,-0.051876770538243626,,-0.04388064497814168,0.008321529745042492,,2,4,False,,,,False,0.08045692698612579,-0.02610690112657687,-0.005239369476737649,0.3774221176224283,0.3425084887016683,0.11940046640945097,,,,,,sbc_unreported;capex_gt_2x_cfo,106.61000061035156,194018115.0,20684271358.56926,36835271358.56926,32196000000.0,16151000000.0,588000000.0,1749000000.0,,821000000.0,14770000000.0,44471000000.0,,-1161000000.0,-1161000000.0,-233000000.0,,683000000.0,,0.21295279912184412,,,,-0.03151870360064303,,-0.006325459034409842,30.284438299515752,-1.6998535871156661,,3291000000.0,309000000.0,0.11181513231457324,,,,,,,,"['rev_cagr5 gate', 'fcf_cagr5 gate', 'coverage<80%']",False,0.5,,,,,,,,,,,,,,,,,,,,,,,,,
GPC,40987,Genuine Parts Company,Consumer Discretionary,Distributors,Consumer Discretionary Distribution and Retail,52.75290896646133,5.9986310746064335,165119753.31801534,0.024049146875710026,-0.1338266764876852,-0.07206669777935104,10.0,0.3583495154085159,0.018679526597185737,0.03614163379410677,0.037491820268065676,0.3011738047422127,0.03800459648796302,0.044513982090555425,0.33685896426104445,7,9,False,0.08001090137708289,-0.25716812742553985,-0.29289208751905005,False,0.36903587645879565,0.028119096642575336,0.022578670682269274,1.0298210562335974,0.7780250556121903,0.5941036813644499,,71.92307692307692,0.48892267232888736,1.752385978756708,260.0,,125.12000274658203,137859758.0,17249013299.603134,23754993299.603134,11031992000.0,6505980000.0,1185761000.0,426407000.0,54365000.0,565314000.0,6488203000.0,25071538000.0,,759354000.0,704989000.0,566082000.0,,32766000.0,,0.23892757032299447,,,33.69555170308066,0.02967750784470977,41.96387325441037,0.023830021455297876,526.4302417018597,23.175059512909723,,3190572000.0,1774401000.0,0.4500522661727819,3.0,,,67.3076923076923,0.11363415576221526,1.254519330075028,260.0,"['fcf_cagr5 gate', 'coverage<80%']",False,0.7,,,,,,,,,,,,,,,,,,,,,,,,,
SWK,93556,Stanley Black & Decker,Industrials,Industrial Machinery & Supplies & Components,Capital Goods,44.00547570157426,5.9986310746064335,158728998.2712379,0.334671126869331,-0.13014066728717955,0.23884351508082458,9.0,,,0.0018043026642233049,0.03924549251837361,11.934886794410382,0.0023820807191881122,0.03380611219795908,384.27309271352783,4,9,False,0.03482769922221651,-0.16294504580710234,-0.1974675263873752,False,0.3190054893524925,0.07914636305803498,0.07220105327360848,,43.865347331903976,30.310078366369073,,,,,,,89.58999633789062,151016641.0,13529580314.150543,17828180314.150543,13257400000.0,4298600000.0,1551200000.0,262100000.0,82300000.0,368000000.0,4298600000.0,15247700000.0,,1289100000.0,1206800000.0,1100900000.0,,620500000.0,,0.2677602076941232,,,14.77310267993913,0.06769058752687965,16.194186859978693,0.061750553371181474,21.804319603788144,2.0775181305398873,,7265600000.0,3892900000.0,0.841680872569282,,,,,,,,"['fcf_cagr5 gate', 'coverage<80%']",False,0.4,,,,,,,,,,,,,,,,,,,,,,,,,
BAX,10456,Baxter International,Health Care,Health Care Equipment,Health Care Equipment and Services,54.0041067761807,5.9986310746064335,157633885.2894333,0.08465142780619495,-0.1415927511904923,-0.007310911070231518,10.0,0.36343314547245137,0.09694963268626282,0.0718231383165144,0.06900666202644924,0.4866144550210326,0.025761997483542638,-9.943323058566172e-05,1.8277128358061923,8,9,False,-0.007460794983869423,-0.2212269221838118,,False,0.3007846556233653,,0.02188317349607672,0.8276203185385168,,0.8494362096749757,1.3976066884028984,,,,,,23.639999389648438,516995999.0,12221785100.810684,18562785100.810684,12547000000.0,6341000000.0,1319000000.0,,115000000.0,953000000.0,6368000000.0,11470000000.0,-274000000.0,,,251000000.0,679000000.0,-1063000000.0,-213048547.5478144,0.2224505563948379,-0.016980038857720123,,,,73.95531912673579,0.01352167784289213,,,9.378497790868925,4886000000.0,867000000.0,0.4585159799155177,5.0,-0.012149368630400517,0.0006674411959370003,3.4615384615384617,-0.6488234873330692,0.4920530624519856,260.0,"['rev_cagr5 gate', 'fcf_cagr5 gate', 'coverage<80%']",False,0.7,,,,,,,,,,,,,,,,,,,,,,,,,
AVY,8818,Avery Dennison,Materials,Paper & Plastic Packaging Products & Materials,Materials,38.75427789185489,5.9986310746064335,150672304.7066087,0.0955776038576539,-0.11342445323526362,0.07404904402342383,10.0,0.27797900710324475,0.0321230436754061,0.0763621137475974,0.07729659533623172,0.10964090507660251,0.06959374420153117,0.06828694450472264,0.15263666862383626,6,9,False,0.049004548094291556,0.05314467995366812,0.0012611826382393776,False,0.28977844097706557,0.11220683167353294,0.09358679080027249,1.0424472120998631,1.4694044751617859,1.3447586686708752,,1.5384615384615385,-1.8106865313610772,0.6503914435194214,260.0,,171.6199951171875,75788142.0,13006760559.980713,14471060559.980713,3787100000.0,1464300000.0,1233600000.0,170500000.0,25400000.0,342700000.0,1464300000.0,9248100000.0,,1063100000.0,1037700000.0,865500000.0,,704900000.0,,0.27006316661489077,,,13.945321923466043,0.07170863501668485,16.719885106852356,0.05980902342386117,18.451923052887945,1.5081571854163711,,2262000000.0,827500000.0,0.8157957276015949,,,,1.5384615384615385,-2.2007073193028446,0.5596466329031963,260.0,['coverage<80%'],True,0.6,,,,,,,,,,,,,,,,,,,,,,,,,
PSKY,2041610,Paramount Skydance Corporation,Communication Services,Movies & Entertainment,Media and Entertainment,32.00547570157426,5.9986310746064335,146659213.7318802,-0.42322898610486803,-0.4403973494797604,-0.5016634286178924,2.0,,,,,,,,,0,1,False,,,,False,,0.013419277017603377,,,,,,,,,,share_jump_gt20pct,9.34000015258789,1071666977.0,10009369728.703403,10751369728.703403,12513000000.0,742000000.0,989000000.0,312000000.0,321000000.0,,-297000000.0,26529000000.0,996000000.0,677000000.0,356000000.0,,,-377000000.0,,,,10.794547920384943,30.200476766020795,0.03311206004287725,,,,,,2034000000.0,6238000000.0,0.6610724846159993,,,,,,,,"['rev_cagr5 gate', 'fcf_cagr5 gate', 'coverage<80%']",False,0.3,,,,,,,,,,,,,,,,,,,,,,,,,
TXT,217346,Textron,Industrials,Aerospace & Defense,Capital Goods,47.75359342915811,5.9986310746064335,137655445.4975147,-0.0889766683856208,-0.2336723567567699,-0.11064340319496857,10.0,,,0.07204960716595323,0.06314404735803551,0.2112925253055583,0.07073536907841277,0.06365563107505665,0.20954077954962128,6,9,True,0.04899600344582322,-0.06629748290325388,-0.06797902841660897,True,,0.049611085691875285,0.05470945813451859,,0.6885684411520125,0.7734385053377065,,38.07692307692307,-0.3234686125815814,0.9013605369515272,260.0,sbc_unreported;gm_derived,77.16999816894531,171986917.0,13272230069.97255,12161230069.97255,6943000000.0,-1111000000.0,1236000000.0,477000000.0,,399000000.0,-1111000000.0,15299000000.0,,759000000.0,759000000.0,837000000.0,,937000000.0,,0.1946826758147513,,,16.022701014456587,0.062411449798491746,14.529546081209736,0.06882527467896915,14.164599861230043,0.8100320170757738,,,276000000.0,0.03975226847184214,,,,46.15384615384615,-0.1143563353722713,0.9674302147792728,260.0,"['fcf_cagr5 gate', 'coverage<80%']",False,0.5,,,,,,,,,,,,,,,,,,,,,,,,,
TPL,1811074,Texas Pacific Land Corporation,Energy,Oil & Gas Exploration & Production,Energy,1.8480492813141685,5.9986310746064335,128944519.17788462,0.1565249731655114,-0.3645333010867543,0.07368348372527955,5.0,,,,,,0.6074335466458701,0.6225318439822988,0.1977276434071605,5,7,True,0.21410935617420757,0.3049035690618971,0.1943857672565239,False,,,0.5781084095322665,,,0.9517228884121871,0.3720849235368813,83.51063829787235,1.5577296015513689,3.291553160782704,188.0,,336.4599914550781,68974683.0,23207221252.796722,22974122252.796722,1439299000.0,-233099000.0,603151000.0,,16700000.0,67575000.0,-233099000.0,897541000.0,672482000.0,,,518876000.0,740057000.0,541416000.0,532138733.8199314,0.2086944575171805,0.369720769499549,34.163177977695646,,,44.27671014422853,0.022585237176442525,42.86393688549419,,-0.31497438710802006,,31675000.0,0.022007241024971185,6.0,0.9936461977151355,1.1934642407692715,83.51063829787235,1.52286888045216,3.1024938040214307,188.0,['coverage<80%'],True,0.6,,,,,,,,,,,,,,,,,,,,,,,,,
SNA,91440,Snap-on,Industrials,Industrial Machinery & Supplies & Components,Capital Goods,44.00547570157426,5.9986310746064335,121179313.62812452,0.1322800032262843,-0.11132101939164085,0.08710706049228989,,,,,,,0.18813009878816753,0.2026415815513983,0.21796898961695357,5,9,False,0.03619988745258418,,0.013503079081576885,False,,,0.2203607446830541,,,1.1713210491170685,1.02129046266041,59.61538461538461,0.273182721390938,1.0522802881790356,260.0,,367.7200012207031,51727124.0,19021098100.423462,18423698100.423462,5443900000.0,-597400000.0,1186200000.0,,32100000.0,90000000.0,-622400000.0,4828900000.0,1342200000.0,,,1064100000.0,1432200000.0,1033700000.0,1049585328.0141845,0.2180112293144208,0.1928002586407143,13.726492400851932,,,17.313878489261782,0.057757134002078665,18.400984908990484,,-0.43457617651166036,1231500000.0,130300000.0,0.2501515457668216,4.0,0.18878102331287747,0.18802101810379235,,,,,"['fcf_cagr5 gate', 'coverage<80%']",False,0.4,,,,,,,,,,,,,,,,,,,,,,,,,
BALL,9389,Ball Corporation,Materials,"Metal, Glass & Plastic Containers",Materials,41.9192334017796,5.9986310746064335,113455589.01928477,0.26459036083925636,-0.15205640035531898,0.14008867839449035,7.0,,,-0.00041794169935035347,0.0024618058069654624,,0.033142048985262164,0.048628523668414254,1.6322177108797833,5,9,False,0.022401190765954704,,-0.03479997812017066,False,,0.057727209269859,0.05479547675554935,,-138.12263614659625,1.6533521141048395,,24.581005586592177,-0.220435926076386,0.692443984300845,179.0,sbc_unreported,56.5,264703357.0,14955739670.5,23224739670.5,14015000000.0,8269000000.0,1426000000.0,599000000.0,,641000000.0,8249000000.0,14326000000.0,,827000000.0,827000000.0,785000000.0,,,,,,,28.083119311366385,0.03560857997691372,29.58565563121019,0.033800163581471906,,,,4397000000.0,29000000.0,0.3158044951837317,,,,,,,,"['fcf_cagr5 gate', 'coverage<80%']",False,0.3,,,,,,,,,,,,,,,,,,,,,,,,,
NWSA,1564708,News Corp (Class A),Communication Services,Publishing,Media and Entertainment,13.169062286105408,5.9986310746064335,110269866.38508478,0.07529934957979867,-0.0721224850068728,0.016788279055808708,10.0,,,0.07054194206303736,0.0675579744439186,0.21078207856885378,0.06282561523338678,0.06140558447704685,0.244748477351698,6,9,False,-0.007154431028680852,-0.008648909226673163,0.061872879820496385,False,,0.08983163491360213,,,1.273449982895668,,,,,,,shares_was_proxy;sbc_unreported,28.639999389648438,556500000.0,15938159660.339355,17484159660.339355,10072000000.0,1546000000.0,1237000000.0,426000000.0,,,836000000.0,9028000000.0,,811000000.0,811000000.0,,,573000000.0,,0.28967495219885275,,,21.558766535560242,0.04638484295242698,,,27.815287365339188,1.4153577661431065,,4542000000.0,1837000000.0,0.6333399523431295,,,,27.692307692307693,-0.7550724254273633,0.8532085130773085,260.0,"['rev_cagr5 gate', 'coverage<80%']",False,0.5,,,,,,,,,,,,,,,,,,,,,,,,,
