ticker,cik,name,sector,sub_industry,ig_name,index_tenure_y,trading_history_y,adv_usd,mom_12_1,dd_52w,ret_12m,fcf_pos_years,gm,gm_stability,fcf_margin,fcf_margin_median_5y,fcf_cov,fcf_owner_margin,fcf_owner_margin_median_5y,fcf_owner_cov,rev_pos_years,rev_yoy_n,fcf_cagr5_base_fallback,rev_cagr5,fcf_cagr5,fcf_owner_cagr5,fcf_owner_cagr5_base_fallback,gm_ttm,fcf_margin_ttm,fcf_owner_margin_ttm,brake_gm,brake_fcf_margin,brake_fcf_owner_margin,brake_roic,ev_fcf_owner_self_pct,ev_fcf_owner_self_z,ev_fcf_owner_self_ratio,ev_fcf_owner_self_n,dq_flags,price,shares_cover,mktcap,ev,ic,stack,cfo_ttm,capex_ttm,sbc_ttm,dna_ttm,net_debt,revenue_ttm,ebit_ttm,fcf_ttm,fcf_adj_ttm,fcf_owner_ttm,ebitda_ttm,ni_ttm,nopat_ttm,t_eff,roic_ttm,ev_ebit,ev_fcf,fcf_yield,ev_fcf_owner,fcf_owner_yield,pe_ttm,fcf_ni,nd_ebitda,goodwill,intangibles,goodwill_share_ic,roic_years,roic,roic_median_5y,ev_fcf_self_pct,ev_fcf_self_z,ev_fcf_self_ratio,ev_fcf_self_n,gate_fail_reasons,gates_pass,input_coverage,peer_level,peer_set,pct_roic,pct_fcf_margin,pct_gm,pct_roic_years,pct_fcf_pos_years,pct_fcf_ni,pct_nd_ebitda,pct_ev_ebit,pct_mom_sector,quality_weight_used,quality_score,quality_component_values,cheapness_score,quality_floor_pass,residual,residual_fitted,residual_pct,composite,eps_rev_proxy,flag_derated_quality,evidence_derated,flag_beaten_but_delivering,evidence_beaten
NVDA,1045810,Nvidia,Information Technology,Semiconductors,Semiconductors and Semiconductor Equipment,24.815879534565365,5.9986310746064335,25305480001.992134,0.22244492229107604,-0.019958622013171223,0.26859121872550684,5.0,0.6812645648281168,0.09567708242734539,0.30037149871533764,0.38527953776960705,0.8916069834336632,0.304667380432823,0.37807360231115195,0.9581204512587501,8,9,False,0.6689858183148778,,,False,0.7467439020365053,0.3953031653299007,0.4074066739281117,1.0961144034034838,1.316047517892268,1.3372178975948559,0.9734364233761907,60.0,0.18739255717770262,1.098746060409123,260.0,,225.50999450683594,24100000000.0,5434790867614.746,5402085867614.746,196279000000.0,-32705000000.0,134360000000.0,7354000000.0,7241000000.0,3687000000.0,-32705000000.0,302970000000.0,197579000000.0,127006000000.0,119765000000.0,123432000000.0,201266000000.0,192880000000.0,165876816790.93597,0.16045320205621064,0.8451073053711093,27.341396948130853,45.10571425387005,0.02217014000425014,43.76568367696178,0.02284895187245525,28.177057588214154,0.6584715885524679,-0.16249639780191388,21125000000.0,2998000000.0,0.12290158396975734,7.0,0.8681689785553793,1.0155847417253008,,,,,['fcf_cagr5 gate'],False,0.9,ig,Semiconductors and Semiconductor Equipment,100.0,87.5,100.0,66.66666666666666,12.5,20.0,64.28571428571428,75.0,55.932203389830505,1.0,59.8767362017099,"{'profitability': 100.0, 'growth': 100.0, 'balance': 100.0, 'stability': 59.9}",,False,-0.22597548278727686,56.54203948343947,,,,False,"{""floor"": false, ""depressed_arms"": {""self_pct"": false, ""self_z"": false, ""median_ratio"": false}, ""yield_arm"": false, ""residual_arm"": false, ""brakes"": {""gm"": true, ""fcf_margin"": true, ""roic"": true}, ""self_pct"": null, ""self_z"": null, ""median_ratio"": null, ""fcf_yield"": 0.02217014000425014, ""yield_threshold"": 0.0495, ""gs10"": 0.0495, ""residual_pct"": null, ""brake_values"": {""gm"": 1.0961144034034838, ""fcf_margin"": 1.316047517892268, ""roic"": 0.9734364233761907}}",False,"{""floor"": false, ""mom_sector_pct"": 55.932203389830505, ""eps_rev_proxy"": null}"
AAPL,320193,Apple Inc.,Information Technology,"Technology Hardware, Storage & Peripherals",Technology Hardware and Equipment,43.81656399726215,5.9986310746064335,14542073519.032303,0.2560908252299685,0.0,0.32414044402675724,10.0,0.4446632673722596,0.04224771564223663,0.2357035364187658,0.23248509500651965,0.06674528697417795,0.23456852980922305,0.23194110716560465,0.06912796148743436,7,9,False,0.08677354924090741,0.061266824126846364,0.06720592945686343,False,0.4865291555900202,0.2634338925031543,0.2568810876927658,1.094151892656138,1.1176493000729568,1.0951217023941353,1.0844822458532013,89.23076923076924,1.134190089241715,1.2126484612531394,260.0,,337.0199890136719,14594180000.0,4918530383263.55,4952198383263.55,141188000000.0,33668000000.0,146724000000.0,10041000000.0,13706000000.0,13100000000.0,33668000000.0,466823000000.0,154859000000.0,136683000000.0,122977000000.0,119918000000.0,167959000000.0,128930000000.0,128064159621.82341,0.17302733698510642,0.907047055145079,31.97875734225037,40.269305506424374,0.02483280969026061,41.29653916229048,0.024215104226291678,38.14884342870976,1.0601334057240364,0.2004536821486196,5889000000.0,2149000000.0,0.05693118395331048,10.0,0.8363871871701066,0.8223395142877403,87.6923076923077,1.0113132501142144,1.190606964175221,260.0,[],True,1.0,ig,Technology Hardware and Equipment,95.23809523809523,94.73684210526315,60.0,85.71428571428571,64.28571428571429,42.857142857142854,65.0,33.33333333333334,57.6271186440678,1.0,69.20859678610759,"{'profitability': 96.5, 'growth': 61.7, 'balance': 93.3, 'stability': 81.3}",22.726438651759036,True,0.08894038170516616,36.842392308602776,47.2972972972973,45.967517718933316,1.0,False,"{""floor"": true, ""depressed_arms"": {""self_pct"": false, ""self_z"": false, ""median_ratio"": false}, ""yield_arm"": false, ""residual_arm"": false, ""brakes"": {""gm"": true, ""fcf_margin"": true, ""roic"": true}, ""self_pct"": 87.6923076923077, ""self_z"": 1.0113132501142144, ""median_ratio"": 1.190606964175221, ""fcf_yield"": 0.02483280969026061, ""yield_threshold"": 0.0495, ""gs10"": 0.0495, ""residual_pct"": 47.2972972972973, ""brake_values"": {""gm"": 1.094151892656138, ""fcf_margin"": 1.1176493000729568, ""roic"": 1.0844822458532013}}",False,"{""floor"": true, ""mom_sector_pct"": 57.6271186440678, ""eps_rev_proxy"": 1.0}"
TSLA,1318605,"Tesla, Inc.",Consumer Discretionary,Automobile Manufacturers,Consumer Durables and Apparel,5.757700205338809,5.9986310746064335,13062918784.717896,-0.2081062560550957,-0.2100582180499928,-0.13687556679091517,7.0,0.21003124827237202,0.17260253220457197,0.04115824860039773,0.03580203950351693,0.26305793138250977,0.10326066690731647,0.09012181390111577,0.15969004107452936,8,9,False,0.24630713363610557,,-0.018107452001611013,True,0.18851754987019756,0.018954052828149277,0.0911705382217547,0.8975690589893789,0.4605165057476745,0.8829164187326671,0.27268896330441955,85.38461538461539,1.2612355079710127,1.7168096032171063,260.0,,380.1199951171875,3949547394.0,1501301936122.3806,1467341536122.3806,52897600000.0,-33960400000.0,18685000000.0,12923000000.0,3798000000.0,5440000000.0,-34567400000.0,103619000000.0,4372000000.0,5762000000.0,1964000000.0,9447000000.0,9812000000.0,3804000000.0,3238146060.9545717,0.2593444508338125,0.06121536820110122,335.6224922512307,747.1189084126174,0.0013384750255145757,155.3235456888304,0.006438173913460385,394.66402106266577,1.5147213459516298,-3.5229718711781493,257000000.0,228000000.0,0.00916865793533166,5.0,0.2244878834086245,0.18126594999483106,97.43589743589743,2.71947862431593,3.5781509418319137,234.0,['fcf_cagr5 gate'],False,1.0,ig,Consumer Durables and Apparel,75.0,20.0,25.0,38.88888888888889,10.0,66.66666666666666,90.0,0.0,21.21212121212121,1.0,43.30939810484206,"{'profitability': 19.1, 'growth': 100.0, 'balance': 100.0, 'stability': 64.0}",1.933457401271395,False,1.8296087885665409,28.585710524941803,,22.62142775305673,,False,"{""floor"": false, ""depressed_arms"": {""self_pct"": false, ""self_z"": false, ""median_ratio"": false}, ""yield_arm"": false, ""residual_arm"": false, ""brakes"": {""gm"": false, ""fcf_margin"": false, ""roic"": false}, ""self_pct"": 97.43589743589743, ""self_z"": 2.71947862431593, ""median_ratio"": 3.5781509418319137, ""fcf_yield"": 0.0013384750255145757, ""yield_threshold"": 0.0495, ""gs10"": 0.0495, ""residual_pct"": null, ""brake_values"": {""gm"": 0.8975690589893789, ""fcf_margin"": 0.4605165057476745, ""roic"": 0.27268896330441955}}",False,"{""floor"": false, ""mom_sector_pct"": 21.21212121212121, ""eps_rev_proxy"": null}"
MSFT,789019,Microsoft,Information Technology,Systems Software,Software and Services,32.31485284052019,5.9986310746064335,12817899288.50661,0.012308309441383836,-0.03609813535815021,-0.013200038934583325,10.0,0.687708079904994,0.008802118348736152,0.23212217229294924,0.2353018899086898,0.07566316835758023,0.3475709904518274,0.3414263605514617,0.2717266509976591,9,9,False,0.1457190738095313,0.03604273274160441,0.1710571643865748,False,0.6794409337058032,0.16448337898800322,0.396366912870398,0.9879786984612235,0.7086069260993187,1.1403912402330758,0.7249715515875705,21.923076923076923,-1.316741305293971,0.8220158441417158,260.0,,500.5899963378906,7425545491.0,3717153790146.5303,3697136790146.5303,422370000000.0,-20017000000.0,182935000000.0,115948000000.0,12405000000.0,39000000000.0,-20017000000.0,331839000000.0,155237000000.0,66987000000.0,54582000000.0,131530000000.0,194237000000.0,133749000000.0,125126818572.44446,0.19396265985271252,0.29624930409935474,23.816079865924557,67.73545839556137,0.01476331634400704,28.108696040040524,0.03557617893677854,27.79201182922138,0.5008411277841329,-0.10305451587493629,119651000000.0,18609000000.0,0.32734332457324145,7.0,0.40863576432843,0.353169746630197,99.61538461538461,2.0600898722258707,1.4107628581998042,260.0,[],True,1.0,ig,Software and Services,84.21052631578947,77.27272727272727,27.77777777777778,80.0,63.63636363636363,4.761904761904762,44.99999999999999,54.54545454545455,33.89830508474576,1.0,78.80908297051678,"{'profitability': 82.9, 'growth': 65.0, 'balance': 100.0, 'stability': 95.3}",20.962844032795918,True,0.6756185604823366,34.466617262379444,79.72972972972973,49.88596350165635,9.0,False,"{""floor"": true, ""depressed_arms"": {""self_pct"": false, ""self_z"": false, ""median_ratio"": false}, ""yield_arm"": false, ""residual_arm"": false, ""brakes"": {""gm"": true, ""fcf_margin"": false, ""roic"": false}, ""self_pct"": 99.61538461538461, ""self_z"": 2.0600898722258707, ""median_ratio"": 1.4107628581998042, ""fcf_yield"": 0.01476331634400704, ""yield_threshold"": 0.0495, ""gs10"": 0.0495, ""residual_pct"": 79.72972972972973, ""brake_values"": {""gm"": 0.9879786984612235, ""fcf_margin"": 0.7086069260993187, ""roic"": 0.7249715515875705}}",False,"{""floor"": true, ""mom_sector_pct"": 33.89830508474576, ""eps_rev_proxy"": 9.0}"
AMD,2488,Advanced Micro Devices,Information Technology,Semiconductors,Semiconductors and Semiconductor Equipment,9.514031485284052,5.9986310746064335,11815408613.317017,1.9197288785249826,0.0,2.8543205786665373,8.0,0.4763207320578323,0.03812796112130483,0.08666218676539891,0.08618278886487861,0.5618169170892288,0.03518273970825582,0.08664887081055887,3.0874254692211225,8,9,True,0.2882389065515516,0.2021430186788593,0.033671549650546195,True,0.5320421256506476,0.157559617479724,0.13083161844812977,1.11698292734831,1.8180895654785378,3.7186307698894017,0.5737176178274888,78.97435897435898,0.026619719960201602,2.3469977056316393,195.0,,614.6099853515625,1632475042.0,1003335461650.4114,995533461650.4114,59422000000.0,-7802000000.0,10080000000.0,1677000000.0,1895000000.0,2781000000.0,-7802000000.0,41305000000.0,6488000000.0,8403000000.0,6508000000.0,5404000000.0,9269000000.0,6434000000.0,5371098507.438584,0.17214881204707402,0.09038905636697829,153.44227214093885,152.97072244167353,0.0065371986484622354,184.22158801821084,0.005428245466547314,155.94272018191037,1.3060304631644388,-0.8417304995145107,25470000000.0,15635000000.0,0.6917471643499041,3.0,0.15754973101446118,0.028160566330584183,77.88461538461539,0.1335211687820815,1.596687519344968,208.0,[],True,1.0,ig,Semiconductors and Semiconductor Equipment,35.714285714285715,12.5,43.75,20.0,25.0,80.0,85.71428571428572,0.0,94.91525423728814,1.0,45.752268178498305,"{'profitability': 24.3, 'growth': 100.0, 'balance': 100.0, 'stability': 65.6}",10.47179789241101,False,1.0277167671319551,54.73644616173362,,28.112033035454658,,False,"{""floor"": false, ""depressed_arms"": {""self_pct"": false, ""self_z"": false, ""median_ratio"": false}, ""yield_arm"": false, ""residual_arm"": false, ""brakes"": {""gm"": true, ""fcf_margin"": true, ""roic"": false}, ""self_pct"": 77.88461538461539, ""self_z"": 0.1335211687820815, ""median_ratio"": 1.596687519344968, ""fcf_yield"": 0.0065371986484622354, ""yield_threshold"": 0.0495, ""gs10"": 0.0495, ""residual_pct"": null, ""brake_values"": {""gm"": 1.11698292734831, ""fcf_margin"": 1.8180895654785378, ""roic"": 0.5737176178274888}}",False,"{""floor"": false, ""mom_sector_pct"": 94.91525423728814, ""eps_rev_proxy"": null}"
META,1326801,Meta Platforms,Communication Services,Interactive Media & Services,Media and Entertainment,12.752908966461328,5.9986310746064335,11303244385.081503,-0.22080892394481244,0.0,0.003864248598428599,10.0,0.8071268312398934,0.015834172340424366,0.1786484268578379,0.2226875806140754,0.28802439886762765,0.33623101990695897,0.34386792052845355,0.3212957934039315,8,9,False,0.18511415178759827,0.14349336092767184,0.24804841242061948,False,0.817474052232888,0.0693985024994852,0.3611701358615885,1.0128198203708574,0.3884641119997663,1.0741725613583502,0.7434791527554472,54.230769230769226,0.06301954481115375,1.0171522745952164,260.0,shares_was_proxy;gm_derived,744.0999755859375,2543000000.0,1892246237915.039,1915488237915.039,284463000000.0,23242000000.0,130301000000.0,89325000000.0,25136000000.0,22729000000.0,23242000000.0,228247000000.0,86926000000.0,40976000000.0,15840000000.0,82436000000.0,109655000000.0,68098000000.0,67632726429.32224,0.22195055070609204,0.23775579400246163,22.035849319133966,120.92728774716156,0.008269432140831855,23.236064800755,0.04303654721979892,27.78710443647448,0.6017210490763312,0.21195567917559618,23406000000.0,3692000000.0,0.09526019201091179,10.0,0.31978811123526785,0.3066290976575339,95.76923076923077,2.7461445389437538,2.9186086194397007,260.0,[],True,1.0,ig,Media and Entertainment,75.0,77.77777777777779,100.0,93.75,72.22222222222221,25.0,55.55555555555556,33.33333333333334,36.36363636363637,1.0,65.46084014447328,"{'profitability': 63.9, 'growth': 100.0, 'balance': 92.9, 'stability': 78.5}",14.52338283373892,True,1.307420954877986,32.71286685716227,95.94594594594594,39.9921114891061,,False,"{""floor"": true, ""depressed_arms"": {""self_pct"": false, ""self_z"": false, ""median_ratio"": false}, ""yield_arm"": false, ""residual_arm"": false, ""brakes"": {""gm"": true, ""fcf_margin"": false, ""roic"": false}, ""self_pct"": 95.76923076923077, ""self_z"": 2.7461445389437538, ""median_ratio"": 2.9186086194397007, ""fcf_yield"": 0.008269432140831855, ""yield_threshold"": 0.0495, ""gs10"": 0.0495, ""residual_pct"": 95.94594594594594, ""brake_values"": {""gm"": 1.0128198203708574, ""fcf_margin"": 0.3884641119997663, ""roic"": 0.7434791527554472}}",False,"{""floor"": true, ""mom_sector_pct"": 36.36363636363637, ""eps_rev_proxy"": null}"
GOOGL,1652044,Alphabet Inc. (Class A),Communication Services,Interactive Media & Services,Media and Entertainment,20.476386036960985,5.9986310746064335,8911033386.140715,0.4085672689129496,-0.15606523463226707,0.3738484104642199,10.0,0.573594087762007,0.025384626097333184,0.1519742783299251,0.14371579289765093,0.0703608442286252,0.24525129852446045,0.24913861572833398,0.27272951812309715,9,9,False,0.1715483907713573,0.1132802934679571,0.15773364508798515,True,0.6089654739316297,0.05635325411670771,0.2954833963567529,1.0616662321392316,0.3708078415372955,1.2048188863199127,0.5986386231562422,,,,,gm_derived,337.8299865722656,12230000000.0,4131660735778.8086,4009977735778.8086,518797000000.0,-121683000000.0,185675000000.0,132402000000.0,28147000000.0,25782000000.0,-121683000000.0,445866000000.0,147628000000.0,53273000000.0,25126000000.0,131746000000.0,173410000000.0,244205000000.0,120465185969.81311,0.183995001152809,0.23220100727223386,27.162718019473328,159.59475188166874,0.0062658702006783305,30.437187738366315,0.03285454650396272,16.918821218970983,0.21814868655432934,-0.701706937316187,57828000000.0,9105000000.0,0.12901578073890174,8.0,0.3878817675478155,0.3755948568568398,96.92307692307692,3.4235190135940003,4.370045459751912,260.0,[],True,1.0,ig,Media and Entertainment,100.0,66.66666666666666,50.0,75.0,72.22222222222221,12.5,88.88888888888889,22.222222222222214,100.0,1.0,78.60092257046284,"{'profitability': 61.3, 'growth': 97.2, 'balance': 100.0, 'stability': 93.9}",10.418768152402075,True,1.5811983115124573,32.83317673531137,98.64864864864865,44.50984536143246,1.0,False,"{""floor"": true, ""depressed_arms"": {""self_pct"": false, ""self_z"": false, ""median_ratio"": false}, ""yield_arm"": false, ""residual_arm"": false, ""brakes"": {""gm"": true, ""fcf_margin"": false, ""roic"": false}, ""self_pct"": 96.92307692307692, ""self_z"": 3.4235190135940003, ""median_ratio"": 4.370045459751912, ""fcf_yield"": 0.0062658702006783305, ""yield_threshold"": 0.0495, ""gs10"": 0.0495, ""residual_pct"": 98.64864864864865, ""brake_values"": {""gm"": 1.0616662321392316, ""fcf_margin"": 0.3708078415372955, ""roic"": 0.5986386231562422}}",False,"{""floor"": true, ""mom_sector_pct"": 100.0, ""eps_rev_proxy"": 1.0}"
AVGO,1730168,Broadcom,Information Technology,Semiconductors,Semiconductors and Semiconductor Equipment,12.380561259411362,5.9986310746064335,8043055140.886037,0.10859044262205897,-0.20272338876240248,0.06905042341789924,10.0,0.6552755817864064,0.04380219303284204,0.37358333341981426,0.4232058287795993,0.2433527600609242,0.2926460483585944,0.33962422178173596,0.3181120242924162,9,9,False,0.21743712435641926,0.18336584083850394,0.03558850045624995,False,0.687702011133058,0.34702145807146706,0.19679251212066798,1.0494851788285027,0.9288997314061164,0.6724591472341628,1.5254562175210302,83.84615384615385,1.6424070664464296,16.268804770220754,260.0,,354.989990234375,4773629865.0,1694590819158.8708,1731369819158.8708,136469000000.0,36779000000.0,40653000000.0,1250000000.0,8482000000.0,14636000000.0,36779000000.0,89104000000.0,42814000000.0,39403000000.0,30921000000.0,17535000000.0,57450000000.0,,40482287924.09004,0.05446143962045022,0.2966409069025936,40.43933804734131,55.99333201251159,0.017859269381871257,98.73794235294388,0.010127818913072427,,,0.6401914708442124,97801000000.0,26325000000.0,0.9095545508503763,5.0,0.1944604528766189,0.19356110283314357,60.76923076923077,1.3379500709650276,9.25406206435682,260.0,[],True,0.9,ig,Semiconductors and Semiconductor Equipment,50.0,100.0,93.75,50.0,65.625,,35.71428571428571,56.25,45.76271186440678,1.0,77.57226793089508,"{'profitability': 98.4, 'growth': 100.0, 'balance': 78.7, 'stability': 83.5}",37.381716984774144,True,0.01870006683653358,54.955982443881304,41.891891891891895,57.47699245783461,2.0,False,"{""floor"": true, ""depressed_arms"": {""self_pct"": false, ""self_z"": false, ""median_ratio"": false}, ""yield_arm"": false, ""residual_arm"": false, ""brakes"": {""gm"": true, ""fcf_margin"": false, ""roic"": true}, ""self_pct"": 60.76923076923077, ""self_z"": 1.3379500709650276, ""median_ratio"": 9.25406206435682, ""fcf_yield"": 0.017859269381871257, ""yield_threshold"": 0.0495, ""gs10"": 0.0495, ""residual_pct"": 41.891891891891895, ""brake_values"": {""gm"": 1.0494851788285027, ""fcf_margin"": 0.9288997314061164, ""roic"": 1.5254562175210302}}",False,"{""floor"": true, ""mom_sector_pct"": 45.76271186440678, ""eps_rev_proxy"": 2.0}"
PLTR,1321655,Palantir Technologies,Information Technology,Application Software,Software and Services,2.001368925393566,5.979466119096509,5537196780.214136,0.049107313184892476,-0.04329828843076744,0.08008101241979615,5.0,0.7995814556998394,0.01950015320188748,0.015295451418841144,0.09939991334878194,0.7776150853707844,0.01422133685402201,0.09120220475215414,2.7418460051889,7,7,True,0.3257731580149814,0.5986147953294314,,False,0.8479613433592037,0.4098070465587633,0.4120879326166381,1.0605065153956321,26.79273957576417,28.976736635001608,1.6640543855668235,,,,,,191.7899932861328,2402897000.0,460851599497.2687,451810454497.2687,733049000.0,-9041145000.0,3400291000.0,42019000.0,835524000.0,27978000.0,-9151835000.0,6155941000.0,2634652000.0,3358272000.0,2522748000.0,2536789000.0,2662630000.0,3016692000.0,2599391852.6702323,0.01338322758746415,3.546000134602506,171.48771621347666,179.09456453726995,0.005583642376772959,178.10328509673792,0.005614719568237294,152.76720311429494,1.1132299883448493,-3.4371410973360925,37938000.0,14611000.0,0.07168552170455181,3.0,2.130940049411089,2.5811810115618212,,,,,[],True,0.9,ig,Software and Services,100.0,4.545454545454546,72.22222222222221,40.0,4.545454545454546,14.285714285714285,95.0,9.090909090909093,37.28813559322034,1.0,64.24891746169146,"{'profitability': 69.9, 'growth': 100.0, 'balance': 100.0, 'stability': 73.0}",,False,1.6263425150000637,35.02889297596915,,,,False,"{""floor"": false, ""depressed_arms"": {""self_pct"": false, ""self_z"": false, ""median_ratio"": false}, ""yield_arm"": false, ""residual_arm"": false, ""brakes"": {""gm"": true, ""fcf_margin"": true, ""roic"": true}, ""self_pct"": null, ""self_z"": null, ""median_ratio"": null, ""fcf_yield"": 0.005583642376772959, ""yield_threshold"": 0.0495, ""gs10"": 0.0495, ""residual_pct"": null, ""brake_values"": {""gm"": 1.0605065153956321, ""fcf_margin"": 26.79273957576417, ""roic"": 1.6640543855668235}}",False,"{""floor"": false, ""mom_sector_pct"": 37.28813559322034, ""eps_rev_proxy"": null}"
MRVL,1835632,Marvell Technology,Information Technology,Semiconductors,Semiconductors and Semiconductor Equipment,0.25735797399041754,5.9986310746064335,4979726843.194904,1.610094188487841,-0.1597515375335088,2.1436320431885,7.0,0.46138421412244135,0.08995587537354624,0.08918983351507066,0.0895668626258531,0.24861914685275566,-0.07183347378316172,-0.08071491316980878,,5,6,False,0.22514202663068583,0.14469332824590087,,False,0.5221104091933589,0.09536205199834925,0.027194903865485752,1.1316174095518625,1.0692031618405886,-0.37858260826389867,,,,,,,260.8999938964844,876900000.0,228783204647.82715,230136504647.82715,19884900000.0,1353300000.0,2200300000.0,470200000.0,828900000.0,1114400000.0,1353300000.0,9450300000.0,1561300000.0,1730100000.0,901200000.0,257000000.0,2675700000.0,2639900000.0,1368353945.381737,0.1235803846911311,0.06881372022900477,147.40056660976566,255.3667384019387,0.003915936767089978,895.472780730845,0.0011167285276765695,86.66358750249144,0.6553657335505133,0.5057741899316067,13873900000.0,2078600000.0,0.8022419021468552,0.0,,,92.82700421940928,2.0800801905295327,2.223573025102149,237.0,['tenure<1y'],False,0.9,ig,Semiconductors and Semiconductor Equipment,,18.75,25.0,6.666666666666667,18.75,13.333333333333334,50.0,6.25,89.83050847457628,1.0,48.45794296286093,"{'profitability': 35.1, 'growth': 100.0, 'balance': 83.1, 'stability': 70.2}",5.943398051403588,False,,,,27.200670507132262,,False,"{""floor"": false, ""depressed_arms"": {""self_pct"": false, ""self_z"": false, ""median_ratio"": false}, ""yield_arm"": false, ""residual_arm"": false, ""brakes"": {""gm"": true, ""fcf_margin"": true, ""roic"": false}, ""self_pct"": 92.82700421940928, ""self_z"": 2.0800801905295327, ""median_ratio"": 2.223573025102149, ""fcf_yield"": 0.003915936767089978, ""yield_threshold"": 0.0495, ""gs10"": 0.0495, ""residual_pct"": null, ""brake_values"": {""gm"": 1.1316174095518625, ""fcf_margin"": 1.0692031618405886, ""roic"": null}}",False,"{""floor"": false, ""mom_sector_pct"": 89.83050847457628, ""eps_rev_proxy"": null}"
AMAT,6951,Applied Materials,Information Technology,Semiconductor Materials & Equipment,Semiconductors and Semiconductor Equipment,31.526351813826146,5.9986310746064335,3885965223.8156967,1.276498163249475,-0.24241077037661019,1.3391712227093588,10.0,0.47333616555642843,0.01605670875141984,0.21086539993485376,0.19199583748861812,0.21314037597492405,0.23976176182245545,0.24326706147772137,0.22452264656185733,8,9,False,0.10522310397599743,0.10996623630665936,0.17198931365326797,False,0.49398449914064274,0.1596134513733502,,1.0436229789455054,0.7569447212423769,,0.7701852739955846,94.61538461538461,2.4758956326672545,2.3886740753218545,260.0,,474.3800048828125,793597443.0,376466758885.3275,375864758885.3275,25024000000.0,-602000000.0,8396000000.0,2773000000.0,701000000.0,,-602000000.0,30837000000.0,9141000000.0,5623000000.0,4922000000.0,,,9267000000.0,7896862776.172276,0.13610515521581057,0.31557156234703787,41.11856021062548,76.36423382473131,0.013095135640268025,,,40.62444792115329,0.6067767346498327,,3873000000.0,262000000.0,0.165241368286445,7.0,0.4097346093231679,0.41686122684368854,95.0,2.8495171101396326,3.2170990678337925,260.0,[],True,0.9,ig,Semiconductors and Semiconductor Equipment,78.57142857142857,62.5,31.25,66.66666666666666,65.625,6.666666666666667,,50.0,86.4406779661017,0.7,70.05142679946076,"{'profitability': 81.9, 'growth': 89.7, 'balance': None, 'stability': 82.2}",21.226413032505942,True,0.31480916588621266,55.74040439314127,63.51351351351351,45.63891991598335,10.0,False,"{""floor"": true, ""depressed_arms"": {""self_pct"": false, ""self_z"": false, ""median_ratio"": false}, ""yield_arm"": false, ""residual_arm"": false, ""brakes"": {""gm"": true, ""fcf_margin"": false, ""roic"": false}, ""self_pct"": 95.0, ""self_z"": 2.8495171101396326, ""median_ratio"": 3.2170990678337925, ""fcf_yield"": 0.013095135640268025, ""yield_threshold"": 0.0495, ""gs10"": 0.0495, ""residual_pct"": 63.51351351351351, ""brake_values"": {""gm"": 1.0436229789455054, ""fcf_margin"": 0.7569447212423769, ""roic"": 0.7701852739955846}}",False,"{""floor"": true, ""mom_sector_pct"": 86.4406779661017, ""eps_rev_proxy"": 10.0}"
STX,1137789,Seagate Technology,Information Technology,"Technology Hardware, Storage & Peripherals",Technology Hardware and Equipment,14.22861054072553,5.9986310746064335,3607764703.8812447,2.846311228864675,-0.1361494711209592,3.2825069824227624,10.0,0.30448868205163937,0.31100654151911605,0.11064934470739585,0.08197221798198748,0.7186799392256592,0.10892064517464925,0.08044573347580522,0.9173098652262911,6,9,False,0.0268664811857644,0.22447663070396695,0.23313678378976377,False,0.4557605576055761,0.23714637146371464,0.2611726117261173,1.4968062344211597,2.1432243642366884,2.3978246851856135,2.448375965427523,67.3076923076923,0.43150881387254186,1.1961487931000727,260.0,gm_derived,923.8599853515625,226644518.0,209387801079.49194,211581801079.49194,4361000000.0,2194000000.0,3674000000.0,569000000.0,213000000.0,276000000.0,2194000000.0,12195000000.0,4094000000.0,3105000000.0,2892000000.0,3185000000.0,4370000000.0,3184000000.0,3532600542.0054197,0.13712737127371274,0.8100436922736574,51.680947992059586,73.16106538018394,0.013668472360311682,66.43070677535069,0.01505327955310951,65.76250033903642,0.9751884422110553,0.5020594965675057,1221000000.0,0.0,0.27998165558358173,9.0,0.3308493890284582,0.36995539367065217,85.76923076923076,1.1657382555340676,1.5770143338569729,260.0,[],True,1.0,ig,Technology Hardware and Equipment,85.71428571428571,47.368421052631575,30.0,61.904761904761905,64.28571428571429,38.095238095238095,60.0,14.285714285714292,98.30508474576271,1.0,23.29849754036816,"{'profitability': 66.4, 'growth': 61.2, 'balance': 83.3, 'stability': 33.3}",14.25859641933971,False,0.7036508030718074,36.19831543037726,,18.778546979853935,,False,"{""floor"": false, ""depressed_arms"": {""self_pct"": false, ""self_z"": false, ""median_ratio"": false}, ""yield_arm"": false, ""residual_arm"": false, ""brakes"": {""gm"": true, ""fcf_margin"": true, ""roic"": true}, ""self_pct"": 85.76923076923076, ""self_z"": 1.1657382555340676, ""median_ratio"": 1.5770143338569729, ""fcf_yield"": 0.013668472360311682, ""yield_threshold"": 0.0495, ""gs10"": 0.0495, ""residual_pct"": null, ""brake_values"": {""gm"": 1.4968062344211597, ""fcf_margin"": 2.1432243642366884, ""roic"": 2.448375965427523}}",False,"{""floor"": false, ""mom_sector_pct"": 98.30508474576271, ""eps_rev_proxy"": null}"
DELL,1571996,Dell Technologies,Information Technology,"Technology Hardware, Storage & Peripherals",Technology Hardware and Equipment,2.001368925393566,5.9986310746064335,3504324885.4501905,2.5336026264350022,-0.032091646211841574,3.258462287541688,10.0,0.21973990606195087,0.05595260899355222,0.038380842049271134,0.05702007350862313,0.6424246803315292,0.03169277608856077,0.04085101336996156,0.8864832984922548,7,9,False,0.05549088853532669,-0.01715785665831515,,False,0.19798673254098956,0.05180658346395762,0.0554508356647288,0.9010049020644048,1.349803201228657,1.749636431651795,2.010012006474551,79.39914163090128,0.5820701418063697,1.5984287849274714,233.0,,549.8300170898438,640000000.0,351891210937.5,375593210937.5,22275000000.0,23702000000.0,12152000000.0,3592000000.0,727000000.0,3041000000.0,23702000000.0,151197000000.0,14252000000.0,8560000000.0,7833000000.0,8384000000.0,17293000000.0,11378000000.0,11734514509.009335,0.1766408567913742,0.5268019981597906,26.353719543748245,47.95010991159198,0.02085500954729301,44.79880855647662,0.0223220222193929,30.927334411803482,0.7523290560731236,1.3706123865147748,19448000000.0,2727000000.0,0.9955106621773289,5.0,0.2620889807935884,0.2603436488016159,85.6,0.07114803805556513,1.8161183212894938,250.0,[],True,1.0,ig,Technology Hardware and Equipment,57.14285714285714,21.052631578947366,25.0,35.714285714285715,64.28571428571429,14.285714285714285,30.0,57.142857142857146,96.61016949152543,1.0,27.61646861647702,"{'profitability': 60.4, 'growth': 23.1, 'balance': 54.3, 'stability': 58.3}",29.52701958151313,False,0.2855789902920627,36.038294285444195,,28.571744098995076,,False,"{""floor"": false, ""depressed_arms"": {""self_pct"": false, ""self_z"": false, ""median_ratio"": false}, ""yield_arm"": false, ""residual_arm"": false, ""brakes"": {""gm"": false, ""fcf_margin"": true, ""roic"": true}, ""self_pct"": 85.6, ""self_z"": 0.07114803805556513, ""median_ratio"": 1.8161183212894938, ""fcf_yield"": 0.02085500954729301, ""yield_threshold"": 0.0495, ""gs10"": 0.0495, ""residual_pct"": null, ""brake_values"": {""gm"": 0.9010049020644048, ""fcf_margin"": 1.349803201228657, ""roic"": 2.010012006474551}}",False,"{""floor"": false, ""mom_sector_pct"": 96.61016949152543, ""eps_rev_proxy"": null}"
WDC,106040,Western Digital,Information Technology,"Technology Hardware, Storage & Peripherals",Technology Hardware and Equipment,17.232032854209447,5.9986310746064335,3401866363.7905807,3.305384101954896,-0.36501870186874685,3.4402480774895663,8.0,0.3383873831499854,0.2722429349151652,-0.006435341815301354,0.022987282498802747,2.3777900600368187,0.0024608161619531,0.03325706380035119,3.306722947212123,7,9,False,-0.05255187314310028,0.36095134072981216,,False,0.4885053022679774,0.25597956498180974,,1.4436274122296526,-39.777151288710954,,3.293748804392054,,,,,,473.69000244140625,360540944.0,170784640643.5869,170373640643.5869,8453000000.0,-411000000.0,3929000000.0,418000000.0,204000000.0,,-411000000.0,12919000000.0,4453000000.0,3511000000.0,3307000000.0,,,9424000000.0,4236756385.663806,0.04856133266027259,0.5012133426787893,38.260417840464164,51.51909302799725,0.019410279592006124,,,18.122309066594536,0.3725594227504245,,4321000000.0,72000000.0,0.5196971489412043,2.0,0.15217108906740112,0.09893463865635733,,,,,['rev_cagr5 gate'],False,0.8,ig,Technology Hardware and Equipment,33.33333333333333,5.263157894736842,45.0,16.666666666666664,16.666666666666664,4.761904761904762,,23.80952380952381,100.0,0.7,14.851359147522201,"{'profitability': 29.3, 'growth': 50.0, 'balance': None, 'stability': 38.9}",,False,0.3677093098160893,35.667616188781814,,,,False,"{""floor"": false, ""depressed_arms"": {""self_pct"": false, ""self_z"": false, ""median_ratio"": false}, ""yield_arm"": false, ""residual_arm"": false, ""brakes"": {""gm"": true, ""fcf_margin"": false, ""roic"": true}, ""self_pct"": null, ""self_z"": null, ""median_ratio"": null, ""fcf_yield"": 0.019410279592006124, ""yield_threshold"": 0.0495, ""gs10"": 0.0495, ""residual_pct"": null, ""brake_values"": {""gm"": 1.4436274122296526, ""fcf_margin"": -39.777151288710954, ""roic"": 3.293748804392054}}",False,"{""floor"": false, ""mom_sector_pct"": 100.0, ""eps_rev_proxy"": null}"
LRCX,707549,Lam Research,Information Technology,Semiconductor Materials & Equipment,Semiconductors and Semiconductor Equipment,14.236824093086927,5.9986310746064335,3033771160.83067,1.360886590845062,-0.21015835896010238,1.4029587393819982,10.0,0.47361484816849553,0.04403542890938855,0.22398496048547453,0.2519302274502316,0.22405296020770388,0.23868774637910128,0.2615276022353251,0.23980833792677111,7,9,False,0.09696783854733271,0.08592547483092305,0.10646848811249732,False,0.5046900724797688,0.19390225583003948,,1.0656128591226468,0.8656931939080529,,1.0181825683867596,98.07692307692307,3.420886534301131,36.852289981485335,260.0,,307.2799987792969,1251321000.0,384505915352.50854,380476833352.50854,8441839000.0,-4029082000.0,5857657000.0,966405000.0,386381000.0,,-4029082000.0,23232690000.0,8199795000.0,4891252000.0,4504871000.0,,,7265396000.0,7210281690.944104,0.12067537164720538,0.8541126750870401,46.40077384282272,84.4589852522988,0.011840066477388587,,,52.922912302716675,0.6732257952629148,,1630000000.0,147645000.0,0.21057556297863533,7.0,0.8388600449527663,0.8541126750870401,98.46153846153847,3.51262000356898,41.20036977742995,260.0,[],True,0.9,ig,Semiconductors and Semiconductor Equipment,92.85714285714286,68.75,37.5,66.66666666666666,65.625,26.666666666666668,,25.0,88.13559322033898,0.7,61.11132610042564,"{'profitability': 88.8, 'growth': 76.2, 'balance': None, 'stability': 73.3}",12.073296538961259,True,0.4019346902717986,56.50512514819353,68.91891891891892,36.59231131969345,4.0,False,"{""floor"": true, ""depressed_arms"": {""self_pct"": false, ""self_z"": false, ""median_ratio"": false}, ""yield_arm"": false, ""residual_arm"": false, ""brakes"": {""gm"": true, ""fcf_margin"": false, ""roic"": true}, ""self_pct"": 98.46153846153847, ""self_z"": 3.51262000356898, ""median_ratio"": 41.20036977742995, ""fcf_yield"": 0.011840066477388587, ""yield_threshold"": 0.0495, ""gs10"": 0.0495, ""residual_pct"": 68.91891891891892, ""brake_values"": {""gm"": 1.0656128591226468, ""fcf_margin"": 0.8656931939080529, ""roic"": 1.0181825683867596}}",False,"{""floor"": true, ""mom_sector_pct"": 88.13559322033898, ""eps_rev_proxy"": 4.0}"
CRM,1108524,Salesforce,Information Technology,Application Software,Software and Services,18.023271731690624,5.9986310746064335,2699656520.8626213,0.05869430488875205,-0.10098840191631564,-0.01575352614649539,10.0,0.7543583833559248,0.02397220797771279,0.1780533061037523,0.19252947757982614,0.36299656798405766,0.17086567660694313,0.18208681183119602,0.5002099126931402,9,9,False,0.14335729427517552,0.2862300905601418,0.417854733938382,True,0.772816241066958,0.2614820883972871,,1.0244682873794277,1.4685607030791135,,1.714042535507176,11.538461538461538,-1.0605665904212467,0.4981946905901588,260.0,,237.5800018310547,823000000.0,195528341506.958,229416562506.958,72266221000.0,33888221000.0,15750000000.0,596000000.0,3665000000.0,,33888221000.0,43938000000.0,8735000000.0,15154000000.0,11489000000.0,,,9662000000.0,6799127527.59204,0.221622492548135,0.0940844482180968,26.264059817625416,19.96836648158743,0.05007920907912457,,,20.23683931970172,1.5684123369902712,,59250000000.0,6142000000.0,0.9048764290580519,0.0,0.0548903812298087,0.06475740190396975,11.538461538461538,-1.015040437628286,0.4741626388906009,260.0,[],True,0.9,ig,Software and Services,15.789473684210526,45.45454545454545,38.88888888888889,15.0,63.63636363636363,47.61904761904761,,45.45454545454546,38.983050847457626,0.7,58.8838285667734,"{'profitability': 54.7, 'growth': 100.0, 'balance': None, 'stability': 79.5}",58.61757316861165,False,-0.5076662707077366,33.17563152374971,,58.75070086769253,,False,"{""floor"": false, ""depressed_arms"": {""self_pct"": true, ""self_z"": true, ""median_ratio"": true}, ""yield_arm"": true, ""residual_arm"": false, ""brakes"": {""gm"": true, ""fcf_margin"": true, ""roic"": true}, ""self_pct"": 11.538461538461538, ""self_z"": -1.015040437628286, ""median_ratio"": 0.4741626388906009, ""fcf_yield"": 0.05007920907912457, ""yield_threshold"": 0.0495, ""gs10"": 0.0495, ""residual_pct"": null, ""brake_values"": {""gm"": 1.0244682873794277, ""fcf_margin"": 1.4685607030791135, ""roic"": 1.714042535507176}}",False,"{""floor"": false, ""mom_sector_pct"": 38.983050847457626, ""eps_rev_proxy"": null}"
NFLX,1065280,Netflix,Communication Services,Movies & Entertainment,Media and Entertainment,15.761806981519507,5.9986310746064335,2645620284.4220514,-0.3249683775986032,-0.41512033048369124,-0.4105450774960743,5.0,,,0.1164012209587683,0.17048905916843188,0.7274362431016872,0.1210680691508905,0.17332550173244426,0.7749736536114266,9,9,False,0.12569512175392594,,,False,0.49117872109690064,0.22047776628047472,0.22970677080891258,,1.8941190175193476,1.89733570891118,1.367695307751628,72.52252252252252,0.16116197285565861,3.6995857785622284,222.0,,71.36000061035156,4163939676.0,297138737820.8271,304650554820.8271,37663869000.0,7511817000.0,11970833000.0,818828000.0,487327000.0,372414000.0,7511817000.0,48370764000.0,14354517000.0,11152005000.0,10664678000.0,11111092000.0,14726931000.0,13649441000.0,11879956398.787157,0.1723889839841245,0.3154205001824735,21.223323280109465,28.56631534687002,0.03500626482125455,27.41859709386144,0.03647159614245483,21.769297205711727,0.8170301626271728,0.510073483742132,,33837573000.0,0.8984093747777213,7.0,0.23062190708323574,0.1991989984775381,77.40384615384616,0.7174475796952741,3.900235262679101,208.0,['fcf_cagr5 gate'],False,0.9,ig,Media and Entertainment,62.5,44.44444444444444,,62.5,11.11111111111111,37.5,44.44444444444444,44.44444444444444,27.27272727272727,1.0,58.972193162538034,"{'profitability': 83.9, 'growth': 100.0, 'balance': 83.0, 'stability': 66.7}",32.68627660949693,False,-0.12932410575243658,32.510149873202074,,45.82923488601748,,False,"{""floor"": false, ""depressed_arms"": {""self_pct"": false, ""self_z"": false, ""median_ratio"": false}, ""yield_arm"": false, ""residual_arm"": false, ""brakes"": {""gm"": false, ""fcf_margin"": true, ""roic"": true}, ""self_pct"": 77.40384615384616, ""self_z"": 0.7174475796952741, ""median_ratio"": 3.900235262679101, ""fcf_yield"": 0.03500626482125455, ""yield_threshold"": 0.0495, ""gs10"": 0.0495, ""residual_pct"": null, ""brake_values"": {""gm"": null, ""fcf_margin"": 1.8941190175193476, ""roic"": 1.367695307751628}}",False,"{""floor"": false, ""mom_sector_pct"": 27.27272727272727, ""eps_rev_proxy"": null}"
WMT,104169,Walmart,Consumer Staples,Consumer Staples Merchandise Retail,Consumer Staples Distribution and Retail,44.06570841889117,5.9986310746064335,2463373609.6819086,0.007735246031358889,-0.16921454312152495,0.0804634733773979,10.0,0.2399505174184396,0.014630526268597002,0.02054147379976837,0.01977946164345804,0.1222654914322255,0.03280632628644076,0.03479418505703163,0.23092713764768005,9,9,False,0.049341097880894136,,,False,0.24473757182902156,0.018544448196621394,0.038203567496629905,1.0199501733194183,0.9027808022631028,1.1645183054958486,1.0970919331898368,73.46153846153847,0.8015578578709225,1.3711691793744132,260.0,sbc_unreported;gm_derived,110.52999877929688,7933746241.0,876916962332.9812,945410962332.9812,166732000000.0,68494000000.0,42923000000.0,29414000000.0,,15093000000.0,62226000000.0,728466000000.0,32280000000.0,13509000000.0,13509000000.0,27830000000.0,47373000000.0,22076000000.0,24773765861.64552,0.23253513439759857,0.1485843501046321,29.28782411192631,69.98378579709684,0.01428902407336591,33.970929296909134,0.029436933893091516,39.72263826476632,0.6119315093314006,1.313533025140903,28260000000.0,4300000000.0,0.1952834488880359,7.0,0.13543473031710063,0.14185582959684043,90.76923076923077,1.2286842184043527,1.6987216968686993,260.0,['fcf_cagr5 gate'],False,1.0,sector,Consumer Staples,45.83333333333333,7.4074074074074066,16.666666666666664,52.083333333333336,55.55555555555556,4.166666666666666,68.0,11.111111111111114,25.925925925925924,1.0,41.46965449260149,"{'profitability': 39.2, 'growth': 41.1, 'balance': 56.2, 'stability': 92.4}",11.36472140640694,False,0.9563434548239269,26.894454929923157,,26.417187949504218,,False,"{""floor"": false, ""depressed_arms"": {""self_pct"": false, ""self_z"": false, ""median_ratio"": false}, ""yield_arm"": false, ""residual_arm"": false, ""brakes"": {""gm"": true, ""fcf_margin"": false, ""roic"": true}, ""self_pct"": 90.76923076923077, ""self_z"": 1.2286842184043527, ""median_ratio"": 1.6987216968686993, ""fcf_yield"": 0.01428902407336591, ""yield_threshold"": 0.0495, ""gs10"": 0.0495, ""residual_pct"": null, ""brake_values"": {""gm"": 1.0199501733194183, ""fcf_margin"": 0.9027808022631028, ""roic"": 1.0970919331898368}}",False,"{""floor"": false, ""mom_sector_pct"": 25.925925925925924, ""eps_rev_proxy"": null}"
GEV,1996810,GE Vernova,Industrials,Heavy Electrical Equipment,Capital Goods,2.4777549623545516,2.4914442162902124,2288895380.173255,0.5103205998963674,-0.17132378666510228,0.5763856611813103,3.0,0.15841942273393206,0.1929980071217351,0.034568188873811315,0.030979716393012665,1.235447050882942,0.022805023948241368,0.023534097847272745,2.264697566736727,3,3,False,,,,False,0.2020692822781444,0.3006744506490681,0.31273720598544735,1.2755335096601317,8.698009946273395,13.713522366617132,,,,,,sbc_unreported,951.8200073242188,266333581.0,253501631018.1054,242724631018.1054,1180000000.0,-10777000000.0,14139000000.0,1701000000.0,,1202000000.0,-11935000000.0,41367000000.0,1800000000.0,12438000000.0,12438000000.0,12937000000.0,3002000000.0,9529000000.0,1123378702.96237,0.3759007205764612,0.9520158499681101,134.8470172322808,19.51476370944729,0.051243254332405265,18.762049240017422,0.05329908195033984,26.603172527873376,1.305278623150383,-3.975682878081279,9689000000.0,727000000.0,8.827118644067797,1.0,,,,,,,"['rev_cagr5 gate', 'fcf_cagr5 gate']",False,0.8,ig,Capital Goods,,7.317073170731707,12.5,6.097560975609756,2.380952380952381,69.23076923076923,97.29729729729729,2.439024390243901,90.625,0.7,41.75794392212882,"{'profitability': 56.2, 'growth': None, 'balance': 100.0, 'stability': 55.7}",,False,,,,,,False,"{""floor"": false, ""depressed_arms"": {""self_pct"": false, ""self_z"": false, ""median_ratio"": false}, ""yield_arm"": true, ""residual_arm"": false, ""brakes"": {""gm"": true, ""fcf_margin"": true, ""roic"": false}, ""self_pct"": null, ""self_z"": null, ""median_ratio"": null, ""fcf_yield"": 0.051243254332405265, ""yield_threshold"": 0.0495, ""gs10"": 0.0495, ""residual_pct"": null, ""brake_values"": {""gm"": 1.2755335096601317, ""fcf_margin"": 8.698009946273395, ""roic"": null}}",False,"{""floor"": false, ""mom_sector_pct"": 90.625, ""eps_rev_proxy"": null}"
NOW,1373715,ServiceNow,Information Technology,Systems Software,Software and Services,6.841889117043121,5.9986310746064335,2187195705.9199767,-0.22697644725989397,-0.24325660166516783,-0.24797007973124974,10.0,0.7812806860861385,0.009663407531349569,0.1383626386143415,0.12261732248355812,0.33567166111186414,0.1490236812961451,0.1373314011815851,0.526454882936996,9,9,False,0.24056083043090437,0.2733374147765524,,False,0.7476920988324736,0.1625712734184089,0.13928862340483303,0.9570082969516006,1.1749651137511492,0.9346744235101385,0.9694415986861162,99.23076923076923,3.8635226089345664,2.8158017985990043,260.0,,140.77999877929688,1034000000.0,145566518737.79297,147565518737.79297,14515000000.0,1999000000.0,5308000000.0,728000000.0,2185000000.0,1071000000.0,1999000000.0,14732000000.0,1680000000.0,4580000000.0,2395000000.0,2052000000.0,2751000000.0,1670000000.0,1195907928.3887467,0.28815004262574595,0.08239117660273833,87.83661829630533,61.61399529761711,0.016230078818451083,71.91302082738449,0.013905687572217796,87.16558008251076,2.7425149700598803,0.7266448564158487,9837000000.0,3781000000.0,0.9382018601446779,2.0,0.08498828265096428,0.08026680453609913,99.23076923076923,3.3076106479271385,2.2135817766603143,260.0,[],True,1.0,ig,Software and Services,31.57894736842105,27.27272727272727,50.0,30.0,63.63636363636363,90.47619047619048,30.0,18.181818181818173,10.16949152542373,1.0,58.043564316381165,"{'profitability': 44.6, 'growth': 100.0, 'balance': 75.8, 'stability': 82.3}",10.834207397953115,False,0.6107598238022978,33.45259015878608,,34.438885857167136,,False,"{""floor"": false, ""depressed_arms"": {""self_pct"": false, ""self_z"": false, ""median_ratio"": false}, ""yield_arm"": false, ""residual_arm"": false, ""brakes"": {""gm"": false, ""fcf_margin"": true, ""roic"": true}, ""self_pct"": 99.23076923076923, ""self_z"": 3.3076106479271385, ""median_ratio"": 2.2135817766603143, ""fcf_yield"": 0.016230078818451083, ""yield_threshold"": 0.0495, ""gs10"": 0.0495, ""residual_pct"": null, ""brake_values"": {""gm"": 0.9570082969516006, ""fcf_margin"": 1.1749651137511492, ""roic"": 0.9694415986861162}}",False,"{""floor"": false, ""mom_sector_pct"": 10.16949152542373, ""eps_rev_proxy"": null}"
CSCO,858877,Cisco,Information Technology,Communications Equipment,Technology Hardware and Equipment,32.813141683778234,5.9986310746064335,2147031458.2438087,0.6692390943201076,-0.12352795818415763,0.6160931213018095,10.0,0.6389395685235996,0.016210277008174703,0.18949024147046223,0.17027923888869276,0.2143838302515839,0.19161465824524232,0.1738976947788329,0.29969409795918445,7,9,False,0.04915047605967504,-0.028620952708283687,-0.056357137883215724,False,0.645242795104619,0.14112909593367548,0.15234109751283065,1.0098651373174217,0.7447829230597857,0.7950388498872225,0.7144654137237557,92.6923076923077,2.3127045660302454,2.666135916514959,260.0,,106.43000030517578,3942586873.0,419609522096.572,434876522096.572,65552000000.0,15267000000.0,14177000000.0,1410000000.0,3830000000.0,700000000.0,15267000000.0,63325000000.0,15368000000.0,12767000000.0,8937000000.0,9647000000.0,16068000000.0,13267000000.0,12735789618.339684,0.17127865575613718,0.19428529439742012,28.297535274373505,48.660235212775206,0.02055066104032027,45.0789387474419,0.02218330838715113,31.628063774521145,0.9623125047109369,0.9501493651979089,59477000000.0,7557000000.0,1.0226080058579448,10.0,0.27193099996935544,0.19428529439742012,92.6923076923077,2.438811052172246,2.956630239707823,260.0,[],True,1.0,ig,Technology Hardware and Equipment,61.904761904761905,89.47368421052632,85.0,85.71428571428571,64.28571428571429,33.33333333333333,50.0,47.61904761904761,74.57627118644068,1.0,43.90921481872899,"{'profitability': 76.8, 'growth': 20.5, 'balance': 68.3, 'stability': 76.5}",23.514742385044407,False,0.2995790332627055,36.06356723549832,,33.7119786018867,,False,"{""floor"": false, ""depressed_arms"": {""self_pct"": false, ""self_z"": false, ""median_ratio"": false}, ""yield_arm"": false, ""residual_arm"": false, ""brakes"": {""gm"": true, ""fcf_margin"": false, ""roic"": false}, ""self_pct"": 92.6923076923077, ""self_z"": 2.438811052172246, ""median_ratio"": 2.956630239707823, ""fcf_yield"": 0.02055066104032027, ""yield_threshold"": 0.0495, ""gs10"": 0.0495, ""residual_pct"": null, ""brake_values"": {""gm"": 1.0098651373174217, ""fcf_margin"": 0.7447829230597857, ""roic"": 0.7144654137237557}}",False,"{""floor"": false, ""mom_sector_pct"": 74.57627118644068, ""eps_rev_proxy"": null}"
PANW,1327567,Palo Alto Networks,Information Technology,Systems Software,Software and Services,3.263518138261465,5.9986310746064335,2136791658.6014245,0.8361911612574382,0.0,0.943469868471452,10.0,0.7183577778958825,0.028313735439498337,0.21191159452547717,0.22584763590465276,0.25902955783433673,0.19222723874043474,0.20613112423288407,0.3158396888919708,9,9,False,0.21951181689477006,0.2428435124901247,0.2915334401172134,True,0.7035714285714286,0.20374564459930314,0.167595818815331,0.9794164554495893,0.9614652990344411,0.8718630091838148,0.17956216266539698,100.0,4.244696033416645,5.959120464603435,260.0,,393.29998779296875,818000000.0,321719390014.64844,321432890014.64844,27205500000.0,-286500000.0,4553000000.0,440000000.0,1774000000.0,855000000.0,-286500000.0,11480000000.0,695000000.0,4113000000.0,2339000000.0,1924000000.0,1550000000.0,307000000.0,516722039.18324864,0.25651505153489407,0.018993293237883832,462.49336692755173,137.42321078009766,0.007276791120825894,167.06491165002518,0.005985697356335622,1047.945895813187,13.397394136807817,-0.18483870967741936,22010000000.0,7017000000.0,1.0669533733987613,3.0,0.10577558743974733,0.11304825377531981,98.84615384615385,3.6346218859178303,5.406601108036907,260.0,[],True,1.0,ig,Software and Services,36.84210526315789,63.63636363636363,33.33333333333333,40.0,63.63636363636363,100.0,55.0,4.545454545454547,77.96610169491525,1.0,65.8569519133851,"{'profitability': 45.5, 'growth': 100.0, 'balance': 100.0, 'stability': 84.2}",4.312631146692643,False,1.4087751168281297,33.59207503930294,,35.08479153003887,,False,"{""floor"": false, ""depressed_arms"": {""self_pct"": false, ""self_z"": false, ""median_ratio"": false}, ""yield_arm"": false, ""residual_arm"": false, ""brakes"": {""gm"": true, ""fcf_margin"": true, ""roic"": false}, ""self_pct"": 98.84615384615385, ""self_z"": 3.6346218859178303, ""median_ratio"": 5.406601108036907, ""fcf_yield"": 0.007276791120825894, ""yield_threshold"": 0.0495, ""gs10"": 0.0495, ""residual_pct"": null, ""brake_values"": {""gm"": 0.9794164554495893, ""fcf_margin"": 0.9614652990344411, ""roic"": 0.17956216266539698}}",False,"{""floor"": false, ""mom_sector_pct"": 77.96610169491525, ""eps_rev_proxy"": null}"
QCOM,804328,Qualcomm,Information Technology,Semiconductors,Semiconductors and Semiconductor Equipment,27.175906913073238,5.9986310746064335,2115242076.7161946,-0.01476375424730314,-0.20705147209882424,0.18999711023660248,10.0,0.5653804415454701,0.017113839777244726,0.1935039362198669,0.20809747959244473,0.20819332165269014,0.19031991938475704,0.20142703146655716,0.18806940225394744,6,9,False,0.13480513327048627,0.23808081787161428,0.2457309396155174,False,0.5422632689645783,0.16279016996074339,0.17213914543102862,0.9591121820243713,0.8412757545964062,0.904472563815175,0.513630288850838,95.0,1.3934919132871024,1.232815133893648,260.0,gm_derived,197.24000549316406,1050000000.0,207102005767.82227,216930005767.82227,37486000000.0,9828000000.0,12401000000.0,1985000000.0,3242000000.0,1573000000.0,9828000000.0,44069000000.0,10220000000.0,10416000000.0,7174000000.0,7586000000.0,11793000000.0,9260000000.0,8440706386.014984,0.17409917945058864,0.2251695669320542,21.226027961626446,30.23836155113218,0.0330705748824727,28.596098835726636,0.03496980499838833,22.365227404732426,1.1248380129589632,0.8333757313660646,14274000000.0,74000000.0,0.38275622899215705,10.0,0.4383884124821251,0.43661223362610413,95.0,1.6272547024765482,1.3383348517984686,260.0,[],True,1.0,ig,Semiconductors and Semiconductor Equipment,85.71428571428571,56.25,62.5,93.33333333333333,65.625,66.66666666666666,14.285714285714292,81.25,30.508474576271187,1.0,60.309295510733314,"{'profitability': 82.6, 'growth': 100.0, 'balance': 72.2, 'stability': 71.2}",36.59404480516734,True,-0.612879350243261,55.81210149681416,14.864864864864865,48.45167015795033,-8.0,False,"{""floor"": true, ""depressed_arms"": {""self_pct"": false, ""self_z"": false, ""median_ratio"": false}, ""yield_arm"": false, ""residual_arm"": true, ""brakes"": {""gm"": false, ""fcf_margin"": false, ""roic"": false}, ""self_pct"": 95.0, ""self_z"": 1.6272547024765482, ""median_ratio"": 1.3383348517984686, ""fcf_yield"": 0.0330705748824727, ""yield_threshold"": 0.0495, ""gs10"": 0.0495, ""residual_pct"": 14.864864864864865, ""brake_values"": {""gm"": 0.9591121820243713, ""fcf_margin"": 0.8412757545964062, ""roic"": 0.513630288850838}}",False,"{""floor"": true, ""mom_sector_pct"": 30.508474576271187, ""eps_rev_proxy"": -8.0}"
XOM,2115436,ExxonMobil,Energy,Integrated Oil & Gas,Energy,69.55783709787816,5.9986310746064335,2095828010.4943223,0.3756344470544364,-0.04453231779629785,0.4153118915131535,4.0,0.2390187961271401,0.06815941121822523,0.10246022683555203,0.09524142024927004,0.35890465282497397,0.10234458088807989,0.09842401821550431,0.2765190996376004,1,3,False,,,,False,0.20630920068686645,0.08462028471722151,0.08330194427518972,0.8631505305429009,0.8258842219140944,0.8139360535980458,0.700491076313704,,,,,sbc_unreported;facts_yf,161.22999572753906,4111911960.0,662963547742.8168,701474547742.8168,297891000000.0,38511000000.0,59727000000.0,29174000000.0,,29650000000.0,31780000000.0,361060000000.0,38723000000.0,30553000000.0,30553000000.0,30077000000.0,68373000000.0,32757000000.0,28798491643.515457,0.25629492437271245,0.09667459454470077,18.11519117172783,22.9592690649958,0.04355539356105293,23.322623524381314,0.04287682296781949,20.238835905083395,0.9327166712458406,0.4648033580506925,,,0.0,2.0,0.13800974461151674,0.12177360310836151,,,,,"['rev_cagr5 gate', 'fcf_cagr5 gate']",False,0.9,ig,Energy,45.45454545454545,50.0,60.0,45.45454545454545,13.636363636363635,50.0,72.72727272727273,18.181818181818173,54.54545454545454,0.7,25.01700973866813,"{'profitability': 41.1, 'growth': None, 'balance': 84.5, 'stability': 41.9}",,False,0.16081113610241626,19.548735415184403,,,,False,"{""floor"": false, ""depressed_arms"": {""self_pct"": false, ""self_z"": false, ""median_ratio"": false}, ""yield_arm"": false, ""residual_arm"": false, ""brakes"": {""gm"": false, ""fcf_margin"": false, ""roic"": false}, ""self_pct"": null, ""self_z"": null, ""median_ratio"": null, ""fcf_yield"": 0.04355539356105293, ""yield_threshold"": 0.0495, ""gs10"": 0.0495, ""residual_pct"": null, ""brake_values"": {""gm"": 0.8631505305429009, ""fcf_margin"": 0.8258842219140944, ""roic"": 0.700491076313704}}",False,"{""floor"": false, ""mom_sector_pct"": 54.54545454545454, ""eps_rev_proxy"": null}"
APP,1751008,AppLovin,Communication Services,Advertising,Media and Entertainment,1.0047912388774811,5.4428473648186175,2035064094.3205771,-0.525632196706219,-0.5629843185412955,-0.5293792629894927,6.0,0.7447791581884224,0.166146677211224,0.26788585997665004,0.22913579295030198,0.712417358367512,0.1946952220104903,0.11369275726179603,1.5961773375733628,5,6,False,0.304454229088547,,,False,0.8846386447222221,,0.6020021015872606,1.1877865203344162,,3.0920229853140637,3.3624458943326534,1.8404907975460123,-1.182975261884098,0.2893819521193941,163.0,gm_derived,315.25,335291000.0,105700487750.0,106516660750.0,3979189000.0,816173000.0,4527589000.0,,282376000.0,134066000.0,816173000.0,6829124000.0,5288460000.0,,,4111147000.0,5422526000.0,4410201000.0,4475303690.81872,0.15376051046642694,1.124677337723521,20.141338073843805,,,25.909231839678807,0.03859628128644654,23.967272183285978,,0.15051527645971638,1518587000.0,355661000.0,0.4710125605996599,3.0,0.33448191378161535,0.16355620741106636,5.485232067510549,-0.7082131333740151,0.5467384733142951,237.0,['fcf_cagr5 gate'],False,0.8,ig,Media and Entertainment,87.5,88.88888888888889,75.0,37.5,22.22222222222222,,66.66666666666667,55.55555555555556,9.090909090909092,1.0,46.63911901604545,"{'profitability': 86.7, 'growth': 100.0, 'balance': 95.0, 'stability': 50.1}",,False,,,,,,False,"{""floor"": false, ""depressed_arms"": {""self_pct"": true, ""self_z"": false, ""median_ratio"": true}, ""yield_arm"": false, ""residual_arm"": false, ""brakes"": {""gm"": true, ""fcf_margin"": false, ""roic"": true}, ""self_pct"": 5.485232067510549, ""self_z"": -0.7082131333740151, ""median_ratio"": 0.5467384733142951, ""fcf_yield"": null, ""yield_threshold"": 0.0495, ""gs10"": 0.0495, ""residual_pct"": null, ""brake_values"": {""gm"": 1.1877865203344162, ""fcf_margin"": null, ""roic"": 3.3624458943326534}}",False,"{""floor"": false, ""mom_sector_pct"": 9.090909090909092, ""eps_rev_proxy"": null}"
UNH,731766,UnitedHealth Group,Health Care,Managed Health Care,Health Care Equipment and Services,32.23271731690623,5.9986310746064335,1858772332.0872192,0.16526528541766772,-0.12693390278438366,0.1078137988135357,10.0,0.8907926977881928,0.00559426179482579,0.056981498442376356,0.06625818708257315,0.15416652476341944,0.0585865788802515,0.06725730796913737,0.15147023396074094,9,9,False,0.11721651214881779,,,False,0.8857127623414621,0.050194499798946524,,0.994297286608496,0.8808911869825025,,0.720563516050539,,,,,gm_derived,371.2900085449219,897594847.0,333267998412.5078,381861998412.5078,153107000000.0,48594000000.0,27017000000.0,3400000000.0,1023000000.0,,42528000000.0,450129000000.0,21676000000.0,23617000000.0,22594000000.0,,,14122000000.0,18533974311.926605,0.14495412844036698,0.12105242942469388,17.616811146544926,16.9010356029259,0.059167971921607006,,,23.599206798789677,1.6723551904829344,,110645000000.0,2795000000.0,0.7409197489337522,7.0,0.16799688955692765,0.18845202378848547,26.153846153846157,-0.17459439998507,0.8237284801528932,260.0,['fcf_cagr5 gate'],False,0.9,ig,Health Care Equipment and Services,59.25925925925925,27.586206896551722,95.45454545454545,76.78571428571429,58.333333333333336,79.3103448275862,,63.333333333333336,35.714285714285715,0.7,59.527585908042745,"{'profitability': 40.3, 'growth': 97.7, 'balance': None, 'stability': 91.7}",63.13337029988635,False,-0.41501162139804126,25.594731249296814,,61.33047810396455,,False,"{""floor"": false, ""depressed_arms"": {""self_pct"": false, ""self_z"": false, ""median_ratio"": false}, ""yield_arm"": true, ""residual_arm"": false, ""brakes"": {""gm"": true, ""fcf_margin"": false, ""roic"": false}, ""self_pct"": 26.153846153846157, ""self_z"": -0.17459439998507, ""median_ratio"": 0.8237284801528932, ""fcf_yield"": 0.059167971921607006, ""yield_threshold"": 0.0495, ""gs10"": 0.0495, ""residual_pct"": null, ""brake_values"": {""gm"": 0.994297286608496, ""fcf_margin"": 0.8808911869825025, ""roic"": 0.720563516050539}}",False,"{""floor"": false, ""mom_sector_pct"": 35.714285714285715, ""eps_rev_proxy"": null}"
COST,909832,Costco,Consumer Staples,Consumer Staples Merchandise Retail,Consumer Staples Distribution and Retail,32.98015058179329,5.9986310746064335,1803384483.5656364,0.038251395420631606,-0.13614719189944047,-0.006519425029996917,10.0,,,0.021816050527772142,0.024013800917679365,0.24614911652656876,0.03144516513801062,0.033236529559177046,0.23676064149093223,9,9,False,0.10540604135545939,,,False,0.12875910718117622,0.026891517676191384,0.039252419214747244,,1.2326483036862286,1.2482815416128723,1.155863064441664,32.30769230769231,-0.5270218226997846,0.8838018525797895,260.0,,904.7000122070312,443478804.0,401215279392.3596,391078279392.3596,23372000000.0,-10137000000.0,15000000000.0,6194000000.0,911000000.0,2565000000.0,-10137000000.0,293587000000.0,11225000000.0,8806000000.0,7895000000.0,11524000000.0,13790000000.0,8838000000.0,8405258662.1750765,0.251201900919815,0.3596294139215761,34.83993580332825,49.534930892002485,0.020187774202819208,33.93598398059351,0.029467246347471634,45.39661454993886,0.9963792713283548,-0.735097897026831,994000000.0,,0.04252952250556221,10.0,0.31113496484576564,0.30592835813443564,35.38461538461539,-0.3216416839766913,0.902434830533407,260.0,['fcf_cagr5 gate'],False,0.9,sector,Consumer Staples,87.5,18.51851851851852,,87.5,55.55555555555556,33.33333333333333,92.0,3.7037037037037095,48.148148148148145,1.0,65.42812448840766,"{'profitability': 54.8, 'growth': 87.8, 'balance': 100.0, 'stability': 83.6}",30.827017840041986,True,0.5949411307614474,27.323222032809813,77.02702702702703,48.127571164224825,-1.0,False,"{""floor"": true, ""depressed_arms"": {""self_pct"": false, ""self_z"": false, ""median_ratio"": false}, ""yield_arm"": false, ""residual_arm"": false, ""brakes"": {""gm"": false, ""fcf_margin"": true, ""roic"": true}, ""self_pct"": 35.38461538461539, ""self_z"": -0.3216416839766913, ""median_ratio"": 0.902434830533407, ""fcf_yield"": 0.020187774202819208, ""yield_threshold"": 0.0495, ""gs10"": 0.0495, ""residual_pct"": 77.02702702702703, ""brake_values"": {""gm"": null, ""fcf_margin"": 1.2326483036862286, ""roic"": 1.155863064441664}}",False,"{""floor"": true, ""mom_sector_pct"": 48.148148148148145, ""eps_rev_proxy"": -1.0}"
TXN,97476,Texas Instruments,Information Technology,Semiconductors,Semiconductors and Semiconductor Equipment,25.53593429158111,5.9986310746064335,1797452185.0038161,0.43775675694015614,-0.15128585739280598,0.5154702206056987,10.0,0.6285770394545432,0.07540584222462968,0.17255260217388493,0.12351543942992874,0.6084619884103073,0.3249072764760771,0.2827824307908702,0.24105572457726998,6,9,False,0.041038070937830184,-0.13864859842051325,-0.006834353545900451,False,0.5832519405747185,0.2542024366421632,0.31321647046728013,0.9278925318061948,1.4731880796906092,0.9640180234324246,0.6195148921453446,87.6923076923077,1.0830772406763798,1.3760263617609243,260.0,,272.6199951171875,913247686.0,248969579698.10278,256751579698.10278,25789000000.0,7782000000.0,8667000000.0,3312000000.0,410000000.0,2164000000.0,7782000000.0,19453000000.0,7254000000.0,5355000000.0,4945000000.0,6093000000.0,9418000000.0,6052000000.0,6355125651.418645,0.1239143022582513,0.24642776576907383,35.39448300221985,51.92145191063757,0.019259862026221996,42.13877887708892,0.023731110075990013,41.13839717417429,0.8848314606741573,0.8262900828201316,4330000000.0,314000000.0,0.18007677692039242,10.0,0.39777537052532924,0.3199069778528573,43.84615384615385,-0.46596868719930695,0.6069712277565428,260.0,['fcf_cagr5 gate'],False,1.0,ig,Semiconductors and Semiconductor Equipment,71.42857142857143,50.0,87.5,93.33333333333333,65.625,53.333333333333336,21.42857142857143,68.75,67.79661016949152,1.0,28.823916600937615,"{'profitability': 74.7, 'growth': 17.1, 'balance': 72.5, 'stability': 50.8}",47.42423520361128,False,-0.07040992605389818,55.70901385295719,,38.12407590227445,,False,"{""floor"": false, ""depressed_arms"": {""self_pct"": false, ""self_z"": false, ""median_ratio"": true}, ""yield_arm"": false, ""residual_arm"": false, ""brakes"": {""gm"": false, ""fcf_margin"": true, ""roic"": false}, ""self_pct"": 43.84615384615385, ""self_z"": -0.46596868719930695, ""median_ratio"": 0.6069712277565428, ""fcf_yield"": 0.019259862026221996, ""yield_threshold"": 0.0495, ""gs10"": 0.0495, ""residual_pct"": null, ""brake_values"": {""gm"": 0.9278925318061948, ""fcf_margin"": 1.4731880796906092, ""roic"": 0.6195148921453446}}",False,"{""floor"": false, ""mom_sector_pct"": 67.79661016949152, ""eps_rev_proxy"": null}"
VRT,1674101,Vertiv,Industrials,Electrical Components & Equipment,Capital Goods,0.5065023956194388,5.9986310746064335,1378538931.1996644,0.8560860532695709,-0.3290215075491041,0.7966015631844057,6.0,0.33355499729356763,0.09946548629009941,0.08063688618481042,0.1089287795780394,1.0194836544018606,0.058729996629034296,0.08807844737148852,1.375996812062986,7,8,False,0.18540311841994384,,,False,0.38038781839088465,0.25067075507857417,0.2539112861075299,1.1404050950437377,3.1086363442167864,4.323366263944309,2.3920058108698354,3.048780487804878,-1.2978961965784415,0.6195399073404626,164.0,gm_derived,248.77999877929688,384988173.0,95777357208.98373,96250157208.98373,5230400000.0,472800000.0,3354200000.0,424400000.0,52200000.0,387200000.0,472800000.0,11479600000.0,2174600000.0,2929800000.0,2877600000.0,2914800000.0,2561800000.0,1732000000.0,1781902445.9478638,0.18058381037990254,0.3406818686807632,44.261085813015605,33.44806686439524,0.02989709402502059,33.021187460197524,0.030283586900239787,55.29870508601832,1.6915704387990762,0.184557732844094,2283300000.0,1894800000.0,0.7988107984092995,3.0,0.14242518439237267,0.17186136474685,12.209302325581394,-1.216219782243901,0.7370415456276841,172.0,"['tenure<1y', 'fcf_cagr5 gate']",False,1.0,ig,Capital Goods,54.054054054054056,39.02439024390244,43.75,28.04878048780488,11.904761904761903,92.3076923076923,83.78378378378378,9.756097560975604,96.875,1.0,49.42715961444846,"{'profitability': 64.8, 'growth': 100.0, 'balance': 93.8, 'stability': 58.8}",41.172553220479706,False,0.18227739184760328,27.8746201075794,,45.299856417464085,,False,"{""floor"": false, ""depressed_arms"": {""self_pct"": true, ""self_z"": true, ""median_ratio"": true}, ""yield_arm"": false, ""residual_arm"": false, ""brakes"": {""gm"": true, ""fcf_margin"": true, ""roic"": true}, ""self_pct"": 12.209302325581394, ""self_z"": -1.216219782243901, ""median_ratio"": 0.7370415456276841, ""fcf_yield"": 0.02989709402502059, ""yield_threshold"": 0.0495, ""gs10"": 0.0495, ""residual_pct"": null, ""brake_values"": {""gm"": 1.1404050950437377, ""fcf_margin"": 3.1086363442167864, ""roic"": 2.3920058108698354}}",False,"{""floor"": false, ""mom_sector_pct"": 96.875, ""eps_rev_proxy"": null}"
ADI,6281,Analog Devices,Information Technology,Semiconductors,Semiconductors and Semiconductor Equipment,26.951403148528406,5.9986310746064335,1337545282.9566073,0.47516604326657697,-0.11061151928163615,0.5755697893462084,10.0,0.6141865157382538,0.03807054903158704,0.3015783770617116,0.2934815611196392,0.18601321592356143,0.1824887497070502,0.18078915519263317,0.219258481727963,6,9,False,0.14485112925375,0.18349369163147533,0.18912213329543337,False,0.6579962143085192,0.3304622243429932,0.23226353979730502,1.071329632689194,1.0957755909515063,1.2727553899632633,1.8521335720334082,57.30769230769231,0.17837993461750162,1.0402166968675512,260.0,,385.2300109863281,484565465.0,186669159405.5452,192270301405.5452,39152039000.0,5601142000.0,5545325000.0,607830000.0,350103000.0,1970999000.0,5601142000.0,13881744000.0,4934886000.0,4937495000.0,4587392000.0,3224223000.0,6905885000.0,4135004000.0,4338176901.522546,0.12091649097414901,0.11080334542787276,38.96144741855135,41.912769042964975,0.023859077384624606,59.63306551859012,0.016769220084589784,45.14364663384732,1.1940726054920383,0.8110679514645842,27988737000.0,12200000.0,0.7151846421076563,2.0,0.059824705464533376,0.06268121327146056,83.07692307692308,0.9550546723453754,1.1988480042030911,260.0,[],True,1.0,ig,Semiconductors and Semiconductor Equipment,7.142857142857142,93.75,75.0,13.333333333333334,65.625,73.33333333333333,28.57142857142857,62.5,71.1864406779661,1.0,54.88654623975974,"{'profitability': 65.7, 'growth': 100.0, 'balance': 73.0, 'stability': 70.2}",32.54602108772781,False,-0.24852501681972017,53.737739988298294,,43.71628366374377,,False,"{""floor"": false, ""depressed_arms"": {""self_pct"": false, ""self_z"": false, ""median_ratio"": false}, ""yield_arm"": false, ""residual_arm"": false, ""brakes"": {""gm"": true, ""fcf_margin"": true, ""roic"": true}, ""self_pct"": 83.07692307692308, ""self_z"": 0.9550546723453754, ""median_ratio"": 1.1988480042030911, ""fcf_yield"": 0.023859077384624606, ""yield_threshold"": 0.0495, ""gs10"": 0.0495, ""residual_pct"": null, ""brake_values"": {""gm"": 1.071329632689194, ""fcf_margin"": 1.0957755909515063, ""roic"": 1.8521335720334082}}",False,"{""floor"": false, ""mom_sector_pct"": 71.1864406779661, ""eps_rev_proxy"": null}"
KO,21344,Coca-Cola Company (The),Consumer Staples,Soft Drinks & Non-alcoholic Beverages,Food Beverage and Tobacco,69.55783709787816,5.9986310746064335,1273442344.5013685,0.39329280110221077,-0.02727065172795229,0.3770636486903436,10.0,0.6012535520477675,0.020293105333908545,0.18054797425150276,0.20747912750797745,0.32079410373034606,0.1929482019291689,0.2186308250395312,0.26293096547435896,6,9,False,0.07746156826284567,-0.09381715561220638,-0.05768840811094755,False,0.6174417660904148,0.24937099261423587,0.27010794578362146,1.0269241054585256,1.3811896458437294,1.3998987452745366,1.1793067151687637,69.36170212765957,0.18490650863032634,1.0952771845591227,235.0,,88.08999633789062,4302482418.0,379005660445.4588,408775660445.4588,63403000000.0,29770000000.0,14631000000.0,2069000000.0,272000000.0,1047000000.0,27669000000.0,49284000000.0,14462000000.0,12562000000.0,12290000000.0,13312000000.0,15509000000.0,13701000000.0,12029532141.13098,0.16819719671338812,0.1897312767713039,28.26549996165529,33.260834861306655,0.030065390846918595,30.707306223366796,0.032565539703350715,27.662627577947507,0.9168673819429238,1.7840608678831646,15411000000.0,355000000.0,0.24866331246155546,10.0,0.16088374154992627,0.16375180460192806,70.2127659574468,0.20336395134530214,1.145811067705518,235.0,['fcf_cagr5 gate'],False,1.0,ig,Food Beverage and Tobacco,54.54545454545454,78.57142857142857,92.85714285714286,81.81818181818183,53.57142857142857,23.076923076923077,69.23076923076923,7.142857142857139,92.5925925925926,1.0,35.775025990113384,"{'profitability': 82.4, 'growth': 32.3, 'balance': 40.5, 'stability': 65.3}",24.43907014161357,False,0.49499140786619256,20.275011488702674,,30.107048065863477,,False,"{""floor"": false, ""depressed_arms"": {""self_pct"": false, ""self_z"": false, ""median_ratio"": false}, ""yield_arm"": false, ""residual_arm"": false, ""brakes"": {""gm"": true, ""fcf_margin"": true, ""roic"": true}, ""self_pct"": 70.2127659574468, ""self_z"": 0.20336395134530214, ""median_ratio"": 1.145811067705518, ""fcf_yield"": 0.030065390846918595, ""yield_threshold"": 0.0495, ""gs10"": 0.0495, ""residual_pct"": null, ""brake_values"": {""gm"": 1.0269241054585256, ""fcf_margin"": 1.3811896458437294, ""roic"": 1.1793067151687637}}",False,"{""floor"": false, ""mom_sector_pct"": 92.5925925925926, ""eps_rev_proxy"": null}"
T,732717,AT&T,Communication Services,Integrated Telecommunication Services,Telecommunication Services,42.81724845995893,5.9986310746064335,1261639421.4004235,-0.03791929947121553,-0.10972164585119915,-0.06418143886285843,10.0,,,0.15370786034816727,0.15473385967146314,0.09604759728421368,0.1508263958082061,0.14869703112738686,0.037869400793008524,4,9,False,-0.02560837254106174,-0.03131164492179361,0.05331741929027234,False,,0.13850313190138244,0.153184165232358,,0.9010803454530937,1.0156323394954694,1.7289420288730555,69.61538461538461,0.5383974654892454,1.066045775143301,260.0,sbc_unreported;gm_derived,25.299999237060547,6852385650.0,173365351717.04465,263429351717.04465,216498000000.0,90064000000.0,39868000000.0,22245000000.0,,20377000000.0,74074000000.0,127239000000.0,25603000000.0,17623000000.0,17623000000.0,19491000000.0,45980000000.0,21558000000.0,22617387328.793327,0.11661182952023873,0.10446926682368117,10.289003308871798,14.948042428476686,0.06689839186534255,13.515435417220495,0.07398947715186924,8.041810544440331,0.8174691529826514,1.6110047846889952,63865000000.0,130711000000.0,0.8987427135585548,0.0,0.060423811255126615,0.07282192055979697,91.53846153846153,1.5673210809091227,1.3049255831045201,260.0,['rev_cagr5 gate'],False,0.9,sector,Communication Services,20.0,72.72727272727273,,25.0,72.72727272727273,40.0,36.36363636363637,72.72727272727273,63.63636363636363,1.0,18.241886685846342,"{'profitability': 45.9, 'growth': 0.0, 'balance': 46.3, 'stability': 56.6}",45.46216746289096,False,-0.7515011869694241,31.69254681501676,,31.85202707436865,,False,"{""floor"": false, ""depressed_arms"": {""self_pct"": false, ""self_z"": false, ""median_ratio"": false}, ""yield_arm"": true, ""residual_arm"": false, ""brakes"": {""gm"": false, ""fcf_margin"": false, ""roic"": true}, ""self_pct"": 91.53846153846153, ""self_z"": 1.5673210809091227, ""median_ratio"": 1.3049255831045201, ""fcf_yield"": 0.06689839186534255, ""yield_threshold"": 0.0495, ""gs10"": 0.0495, ""residual_pct"": null, ""brake_values"": {""gm"": null, ""fcf_margin"": 0.9010803454530937, ""roic"": 1.7289420288730555}}",False,"{""floor"": false, ""mom_sector_pct"": 63.63636363636363, ""eps_rev_proxy"": null}"
ADBE,796343,Adobe Inc.,Information Technology,Application Software,Software and Services,29.388090349075977,5.9986310746064335,1256746198.6895704,-0.19105365884062164,-0.32472012067641953,-0.33210310041728897,10.0,0.8841245778690814,0.0070930560183759955,0.3178719147729066,0.33278640245698177,0.14014141101557284,0.290673095844474,0.30590264630400943,0.15169398338179332,9,9,False,0.13057654594156753,0.13166711980319734,0.12354955232939746,False,0.8925298421255294,0.3281093569503273,0.30685406237966883,1.0095068777261078,1.0322061865224377,1.055667231561921,1.2704153499398687,3.8461538461538463,-1.5070317080250977,0.35161250438640873,260.0,,240.69000244140625,389200000.0,93676548950.19531,91933548950.19531,10021000000.0,-1743000000.0,10806000000.0,214000000.0,2071000000.0,766000000.0,-1743000000.0,25970000000.0,9271000000.0,10592000000.0,8521000000.0,7969000000.0,10037000000.0,7284000000.0,7276151707.790109,0.21517077901088244,0.7260903809789551,9.916249482277566,10.789056325571567,0.09268651213080246,11.536397157760737,0.08668217523417027,12.860591563728077,1.4541460735859417,-0.17365746737072832,14037000000.0,975000000.0,1.498054086418521,10.0,0.5715377896003243,0.48167714097804204,4.615384615384616,-1.5522559668350377,0.3584429855550089,260.0,[],True,1.0,ig,Software and Services,94.73684210526315,95.45454545454545,94.44444444444444,97.5,63.63636363636363,33.33333333333333,50.0,95.45454545454545,15.254237288135593,1.0,92.28362384738375,"{'profitability': 100.0, 'growth': 100.0, 'balance': 100.0, 'stability': 92.3}",88.61253004156183,True,-1.1678391244651216,34.68722424109296,6.756756756756757,90.44807694447279,10.0,True,"{""floor"": true, ""depressed_arms"": {""self_pct"": true, ""self_z"": true, ""median_ratio"": true}, ""yield_arm"": true, ""residual_arm"": true, ""brakes"": {""gm"": true, ""fcf_margin"": true, ""roic"": true}, ""self_pct"": 4.615384615384616, ""self_z"": -1.5522559668350377, ""median_ratio"": 0.3584429855550089, ""fcf_yield"": 0.09268651213080246, ""yield_threshold"": 0.0495, ""gs10"": 0.0495, ""residual_pct"": 6.756756756756757, ""brake_values"": {""gm"": 1.0095068777261078, ""fcf_margin"": 1.0322061865224377, ""roic"": 1.2704153499398687}}",True,"{""floor"": true, ""mom_sector_pct"": 15.254237288135593, ""eps_rev_proxy"": 10.0}"
ABBV,1551152,AbbVie,Health Care,Biotechnology,Pharmaceuticals Biotechnology and Life Sciences,13.730321697467488,5.9986310746064335,1237847968.7032287,0.19398806292692772,0.0,0.2388537066739842,10.0,0.6832078081522587,0.04369912314226034,0.3507154787673492,0.3789882022172002,0.12284161298632312,0.2182905189828226,0.24136519743046783,0.191413511132184,8,9,False,0.05952891709050534,0.011933332554763254,-0.00839927482346392,False,0.714767185412978,0.26766688410524025,0.1655950051253378,1.0461929399578613,0.7632023686151586,0.75859916361447,1.323093335819506,93.84615384615384,2.1533112708523423,2.085605646511557,260.0,gm_derived,265.0799865722656,1767117285.0,468427426179.41846,527304426179.41846,52942000000.0,58877000000.0,19507000000.0,1297000000.0,976000000.0,7869000000.0,58830000000.0,64386000000.0,16870000000.0,18210000000.0,17234000000.0,10662000000.0,24739000000.0,6310000000.0,12248640073.571674,0.27393953327968734,0.23135960246253776,31.25693101241366,30.596752128317192,0.03268320754458456,49.45642714119475,0.02021981889522807,74.23572522653224,2.885895404120444,2.378026597679777,35519000000.0,49139000000.0,1.599070681122738,7.0,0.17486264664709897,0.1721750032024096,100.0,2.6748613841494815,2.042546939219534,260.0,[],True,1.0,ig,Pharmaceuticals Biotechnology and Life Sciences,83.33333333333334,100.0,66.66666666666666,87.5,62.5,100.0,41.666666666666664,50.0,45.23809523809524,1.0,43.9554378912908,"{'profitability': 93.0, 'growth': 29.8, 'balance': 20.7, 'stability': 83.9}",24.97517502933281,False,-0.12761788243222627,34.76154496904441,,34.46530646031181,,False,"{""floor"": false, ""depressed_arms"": {""self_pct"": false, ""self_z"": false, ""median_ratio"": false}, ""yield_arm"": false, ""residual_arm"": false, ""brakes"": {""gm"": true, ""fcf_margin"": false, ""roic"": true}, ""self_pct"": 100.0, ""self_z"": 2.6748613841494815, ""median_ratio"": 2.042546939219534, ""fcf_yield"": 0.03268320754458456, ""yield_threshold"": 0.0495, ""gs10"": 0.0495, ""residual_pct"": null, ""brake_values"": {""gm"": 1.0461929399578613, ""fcf_margin"": 0.7632023686151586, ""roic"": 1.323093335819506}}",False,"{""floor"": false, ""mom_sector_pct"": 45.23809523809524, ""eps_rev_proxy"": null}"
HD,354950,Home Depot (The),Consumer Discretionary,Home Improvement Retail,Consumer Discretionary Distribution and Retail,38.483230663928815,5.9986310746064335,1199221805.591704,-0.17809088408837437,-0.2276546677188167,-0.2559615009941255,10.0,0.3345460743662461,0.0033366901363473347,0.08979467774211614,0.09001237124314454,0.16312581627119477,0.0904167998030245,0.08805414238176201,0.16650976215620117,8,9,False,0.04506334520303379,-0.05038171248203038,-0.05152684703979871,False,0.33206246748947843,0.08594008606421714,0.08621790324868776,0.9925761888509003,0.9570732723272408,0.9535606594849171,0.5133106092118068,21.53846153846154,-0.907298276579726,0.856431396553983,260.0,,296.7200012207031,997689626.0,296034467044.60284,317807467044.60284,38390000000.0,21773000000.0,18779000000.0,3680000000.0,560000000.0,3633000000.0,21773000000.0,169176000000.0,21022000000.0,15099000000.0,14539000000.0,14586000000.0,24655000000.0,14231000000.0,15953485571.024698,0.24110524350562756,0.4155635730925944,15.117851158053604,21.858963274269403,0.04574782378527159,21.78852783796811,0.04589571206630246,20.80208467743678,1.0609936055090998,0.8831068748732509,22899000000.0,9833000000.0,0.8526178692367804,7.0,0.8095752661934965,0.8942910717646713,23.076923076923077,-0.9311379329611369,0.8537378685136635,260.0,['fcf_cagr5 gate'],False,1.0,ig,Consumer Discretionary Distribution and Retail,100.0,62.5,44.44444444444444,50.0,55.55555555555556,77.77777777777779,37.5,66.66666666666667,27.27272727272727,1.0,46.13783708901644,"{'profitability': 67.2, 'growth': 18.8, 'balance': 70.6, 'stability': 86.0}",61.63924075260275,False,-0.2926883108474829,29.29155844329107,,53.888538920809594,,False,"{""floor"": false, ""depressed_arms"": {""self_pct"": false, ""self_z"": false, ""median_ratio"": false}, ""yield_arm"": false, ""residual_arm"": false, ""brakes"": {""gm"": true, ""fcf_margin"": true, ""roic"": false}, ""self_pct"": 23.076923076923077, ""self_z"": -0.9311379329611369, ""median_ratio"": 0.8537378685136635, ""fcf_yield"": 0.04574782378527159, ""yield_threshold"": 0.0495, ""gs10"": 0.0495, ""residual_pct"": null, ""brake_values"": {""gm"": 0.9925761888509003, ""fcf_margin"": 0.9570732723272408, ""roic"": 0.5133106092118068}}",False,"{""floor"": false, ""mom_sector_pct"": 27.27272727272727, ""eps_rev_proxy"": null}"
ANET,1596532,Arista Networks,Information Technology,Communications Equipment,Technology Hardware and Equipment,8.073921971252567,5.9986310746064335,1187135884.6366296,0.3710877535635966,0.0,0.4278596576891447,10.0,0.6300117588715485,0.019905546914760246,0.2994003639006137,0.29057028770349136,0.6558627821344996,0.2985025388847603,0.2843930241288693,0.7205658387430762,8,9,False,0.31189506024306746,0.4265693890376421,0.4697088222955339,False,0.6300375683060109,0.4414275956284153,0.4469869459623558,1.0000409665916532,1.474372274894588,1.497430968702478,0.9344576314583829,96.15384615384616,2.0753010409024326,2.7355956820858234,260.0,,203.47000122070312,1261224648.0,256621380668.14087,254393134668.14087,12569454000.0,-2228246000.0,5306600000.0,151300000.0,502300000.0,92700000.0,-2228246000.0,10540800000.0,4546900000.0,5155300000.0,4653000000.0,4711600000.0,4639600000.0,533203511.0,3685301539.0164723,0.18949140315017435,0.29319503766961336,55.94869794104574,54.67292814703221,0.018290587936148114,53.99293969525021,0.01852094006446496,481.2822409718545,9.66854098603263,-0.48026683334770237,416100000.0,258200000.0,0.05364592606806946,10.0,0.3137595839546323,0.305047720091394,97.6923076923077,2.205213777829328,2.894977455409753,260.0,[],True,1.0,ig,Technology Hardware and Equipment,76.19047619047619,100.0,75.0,85.71428571428571,64.28571428571429,100.0,90.0,9.523809523809518,61.016949152542374,1.0,67.45388975296842,"{'profitability': 100.0, 'growth': 100.0, 'balance': 100.0, 'stability': 67.5}",9.706021365646867,True,0.41336465941843503,36.161825291839165,71.62162162162163,38.57995555930764,15.0,False,"{""floor"": true, ""depressed_arms"": {""self_pct"": false, ""self_z"": false, ""median_ratio"": false}, ""yield_arm"": false, ""residual_arm"": false, ""brakes"": {""gm"": true, ""fcf_margin"": true, ""roic"": true}, ""self_pct"": 97.6923076923077, ""self_z"": 2.205213777829328, ""median_ratio"": 2.894977455409753, ""fcf_yield"": 0.018290587936148114, ""yield_threshold"": 0.0495, ""gs10"": 0.0495, ""residual_pct"": 71.62162162162163, ""brake_values"": {""gm"": 1.0000409665916532, ""fcf_margin"": 1.474372274894588, ""roic"": 0.9344576314583829}}",False,"{""floor"": true, ""mom_sector_pct"": 61.016949152542374, ""eps_rev_proxy"": 15.0}"
PG,80424,Procter & Gamble,Consumer Staples,Personal Care Products,Household and Personal Products,69.55783709787816,5.9986310746064335,1185080466.7938402,-0.029455215553739755,-0.10521282821951883,-0.005086963404825284,10.0,0.4960308374217678,0.03342660756789801,0.1686010061597643,0.1626074051903675,0.07520314878990104,0.17640154633406457,0.17196620948222677,0.08143540413946149,9,9,False,0.02716052126592894,-0.005672302269087881,0.010075770660538996,False,0.5017694641051567,0.16801865980329075,0.1823697030977112,1.0115690925854866,0.9965460090082634,1.0338327916488004,0.9874143293530108,16.153846153846153,-1.1540235829326462,0.8934119125745378,260.0,gm_derived,147.38999938964844,2324433060.0,342598187294.67865,368670187294.67865,80383000000.0,26072000000.0,19556000000.0,4409000000.0,524000000.0,3160000000.0,25083000000.0,87032000000.0,19748000000.0,15147000000.0,14623000000.0,15872000000.0,22908000000.0,16046000000.0,15712886429.749765,0.20433023953059726,0.19547524264769622,18.66873543116663,25.211665683832226,0.03966417818404126,23.227708372900622,0.04305203009896074,21.35100257351855,0.9439735759690888,1.0949449973808276,41276000000.0,19544000000.0,0.7566276451488498,5.0,0.1979667874333752,0.19599836678114885,32.69230769230769,-0.24536303681303698,0.9803742965431865,260.0,[],True,1.0,sector,Consumer Staples,75.0,81.48148148148148,54.166666666666664,35.41666666666667,55.55555555555556,25.0,76.0,48.14814814814815,18.51851851851852,1.0,51.0950588452932,"{'profitability': 81.4, 'growth': 11.3, 'balance': 63.5, 'stability': 92.9}",50.854336197529165,False,-0.07183221068889223,27.08930558261111,,50.97469752141119,,False,"{""floor"": false, ""depressed_arms"": {""self_pct"": false, ""self_z"": false, ""median_ratio"": false}, ""yield_arm"": false, ""residual_arm"": false, ""brakes"": {""gm"": true, ""fcf_margin"": true, ""roic"": true}, ""self_pct"": 32.69230769230769, ""self_z"": -0.24536303681303698, ""median_ratio"": 0.9803742965431865, ""fcf_yield"": 0.03966417818404126, ""yield_threshold"": 0.0495, ""gs10"": 0.0495, ""residual_pct"": null, ""brake_values"": {""gm"": 1.0115690925854866, ""fcf_margin"": 0.9965460090082634, ""roic"": 0.9874143293530108}}",False,"{""floor"": false, ""mom_sector_pct"": 18.51851851851852, ""eps_rev_proxy"": null}"
INTU,896878,Intuit,Information Technology,Application Software,Software and Services,25.801505817932924,5.9986310746064335,1182150952.8636982,-0.4814503837508737,-0.5762010533889893,-0.5846505484434597,10.0,,,0.22112985155290388,0.21742761692650334,0.304118191663643,0.19187676557713212,0.1872912026726058,0.4467168983603445,9,9,False,0.17361336924030368,0.22063308046324348,0.22833818765975522,False,,0.308047370384185,0.2848750466243939,,1.3930609920863022,1.484677135178608,1.3593111099141546,0.38461538461538464,-2.679287861662748,0.223605484777803,260.0,gm_derived,286.79998779296875,267236000.0,76643281537.8418,80604281537.8418,22953000000.0,3961000000.0,8838000000.0,175000000.0,2056000000.0,672000000.0,3961000000.0,21448000000.0,5884000000.0,8663000000.0,6607000000.0,6110000000.0,6556000000.0,4566000000.0,4465072959.946817,0.24115007478810038,0.19453112708346698,13.698892171625051,12.199830715580717,0.08196835048890264,13.192190104393093,0.07580242492616847,16.785650796724003,1.8972842750766534,0.6041793776693105,13981000000.0,4642000000.0,0.8113536356903237,9.0,0.14311008397169087,0.14001441060057837,0.38461538461538464,-2.642379303610246,0.24465735818615003,260.0,[],True,0.9,ig,Software and Services,47.368421052631575,68.18181818181817,,90.0,63.63636363636363,66.66666666666666,35.0,77.27272727272728,1.694915254237288,1.0,68.04874961607848,"{'profitability': 78.5, 'growth': 100.0, 'balance': 79.9, 'stability': 79.7}",86.92125949870174,True,-1.0186167227209078,33.78573927752663,12.162162162162163,77.48500455739011,-12.0,False,"{""floor"": true, ""depressed_arms"": {""self_pct"": true, ""self_z"": true, ""median_ratio"": true}, ""yield_arm"": true, ""residual_arm"": true, ""brakes"": {""gm"": false, ""fcf_margin"": true, ""roic"": true}, ""self_pct"": 0.38461538461538464, ""self_z"": -2.642379303610246, ""median_ratio"": 0.24465735818615003, ""fcf_yield"": 0.08196835048890264, ""yield_threshold"": 0.0495, ""gs10"": 0.0495, ""residual_pct"": 12.162162162162163, ""brake_values"": {""gm"": null, ""fcf_margin"": 1.3930609920863022, ""roic"": 1.3593111099141546}}",False,"{""floor"": true, ""mom_sector_pct"": 1.694915254237288, ""eps_rev_proxy"": -12.0}"
BA,12927,Boeing,Industrials,Aerospace & Defense,Capital Goods,69.55783709787816,5.9986310746064335,1172552160.24775,-0.05170382114541605,-0.2070989588924642,-0.09640243315831631,5.0,0.043849103906464355,0.948203502115392,-0.05186714378442213,-0.025742485720353665,,-0.05534079014685596,-0.0146876362295027,,6,9,False,0.0899505600378272,,,False,0.04677908399382946,-0.006872705994999734,0.01071333581573488,1.0668196114934325,0.13250596608066734,-0.19358841439208344,,,,,,,199.92999267578125,790370020.0,158018672309.75708,185985672309.75708,34067000000.0,27967000000.0,3639000000.0,3849000000.0,436000000.0,2196000000.0,27952000000.0,93995000000.0,4600000000.0,-210000000.0,-646000000.0,1007000000.0,6796000000.0,2435000000.0,4045882775.979863,0.12046026609133405,0.11876252020958297,40.431667893425455,,-0.0034733858365395705,184.6928225518938,0.0054143955687234475,64.8947319547257,-0.08624229979466119,4.113007651559741,17554000000.0,1531000000.0,0.560219567323216,2.0,,,,,,,['fcf_cagr5 gate'],False,0.8,ig,Capital Goods,,4.878048780487805,3.125,15.853658536585366,8.333333333333332,5.128205128205128,2.7027027027026946,12.195121951219505,28.125,1.0,15.27284090240671,"{'profitability': 29.7, 'growth': 75.0, 'balance': 0.0, 'stability': 44.4}",,False,,,,,,False,"{""floor"": false, ""depressed_arms"": {""self_pct"": false, ""self_z"": false, ""median_ratio"": false}, ""yield_arm"": false, ""residual_arm"": false, ""brakes"": {""gm"": true, ""fcf_margin"": false, ""roic"": false}, ""self_pct"": null, ""self_z"": null, ""median_ratio"": null, ""fcf_yield"": -0.0034733858365395705, ""yield_threshold"": 0.0495, ""gs10"": 0.0495, ""residual_pct"": null, ""brake_values"": {""gm"": 1.0668196114934325, ""fcf_margin"": 0.13250596608066734, ""roic"": null}}",False,"{""floor"": false, ""mom_sector_pct"": 28.125, ""eps_rev_proxy"": null}"
TMO,97745,Thermo Fisher Scientific,Health Care,Life Sciences Tools & Services,Pharmaceuticals Biotechnology and Life Sciences,22.140999315537304,5.9986310746064335,1121828401.137437,0.3438915439036161,0.0,0.43813108366050546,10.0,,,0.15323784555708894,0.1551438504795016,0.046097538448707814,0.12522589345535068,0.12169653790493154,0.12156390462963886,8,9,False,0.06699288544037874,-0.015811300096795544,-0.03898438743251165,False,,0.15104886049723756,0.12413674033149172,,0.9857151146187586,0.9913024926889638,0.8126193081402059,65.38461538461539,0.4763801544263789,1.0795663079172881,260.0,gm_derived,665.2999877929688,369747286.0,245992864862.28333,265546864862.28333,72233000000.0,19554000000.0,9013000000.0,1695000000.0,319000000.0,2942000000.0,19547000000.0,46336000000.0,8145000000.0,7318000000.0,6999000000.0,5752000000.0,11087000000.0,6984000000.0,7261616721.04174,0.10845712448842972,0.10053046005346228,32.60243890267444,37.94068650697004,0.02635692951460673,46.16600571319251,0.021660959932564353,35.22234605702797,1.047823596792669,1.7630558311536033,54832000000.0,15839000000.0,0.9783755347278944,6.0,0.12371163107549148,0.12228683158899688,76.92307692307693,0.7200161966859435,1.1010047164403378,260.0,[],True,0.9,ig,Pharmaceuticals Biotechnology and Life Sciences,50.0,33.33333333333333,,70.83333333333334,62.5,44.44444444444444,50.0,40.0,69.04761904761905,1.0,38.386382792639296,"{'profitability': 55.3, 'growth': 27.9, 'balance': 41.2, 'stability': 89.5}",29.43899374799904,False,0.09409297042896014,34.5335421673969,,33.912688270319165,,False,"{""floor"": false, ""depressed_arms"": {""self_pct"": false, ""self_z"": false, ""median_ratio"": false}, ""yield_arm"": false, ""residual_arm"": false, ""brakes"": {""gm"": false, ""fcf_margin"": true, ""roic"": false}, ""self_pct"": 76.92307692307693, ""self_z"": 0.7200161966859435, ""median_ratio"": 1.1010047164403378, ""fcf_yield"": 0.02635692951460673, ""yield_threshold"": 0.0495, ""gs10"": 0.0495, ""residual_pct"": null, ""brake_values"": {""gm"": null, ""fcf_margin"": 0.9857151146187586, ""roic"": 0.8126193081402059}}",False,"{""floor"": false, ""mom_sector_pct"": 69.04761904761905, ""eps_rev_proxy"": null}"
TER,97210,Teradyne,Information Technology,Semiconductor Materials & Equipment,Semiconductors and Semiconductor Equipment,6.006844626967831,5.9986310746064335,1099578205.9488149,1.6274555442028182,-0.11104886395966385,1.8814852167660412,10.0,0.5857841672566705,0.01292909404255615,0.15401353414029612,0.1374686227019562,0.38614895420570244,0.17294492727986716,0.1556863249159847,0.35140962049366264,6,9,False,0.004354396137920213,-0.08015437579846507,-0.071021693580818,False,0.5924161368951066,0.16263327920437828,0.19229794775170692,1.0113215242219584,1.055967451900884,1.1119027934281174,0.9825840134449219,88.46153846153845,1.4069868299172095,1.949539073941705,260.0,,389.1400146484375,156340750.0,60838441745.147705,60494464745.147705,3093185000.0,-343977000.0,1064951000.0,265019000.0,73932000.0,132595000.0,-380128000.0,4464031000.0,1349317000.0,799932000.0,726000000.0,858424000.0,1481912000.0,1150220000.0,1167561123.5007112,0.13470213189286787,0.37746242901756966,44.833397003926954,83.32570901535496,0.012001098002247104,70.47154406813848,0.014190124726557807,52.89287418506695,0.6954599989567213,-0.2565118576541657,663817000.0,101910000.0,0.2475529268375477,9.0,0.38415282953179053,0.24870590404398574,88.07692307692308,1.364952923909019,2.0500382866211164,260.0,['fcf_cagr5 gate'],False,1.0,ig,Semiconductors and Semiconductor Equipment,64.28571428571429,37.5,68.75,80.0,65.625,33.33333333333333,71.42857142857143,31.25,91.52542372881356,1.0,38.60699606713908,"{'profitability': 77.5, 'growth': 1.8, 'balance': 100.0, 'stability': 62.7}",18.08171237939753,False,0.40327784300820646,55.672109264313185,,28.344354223268304,,False,"{""floor"": false, ""depressed_arms"": {""self_pct"": false, ""self_z"": false, ""median_ratio"": false}, ""yield_arm"": false, ""residual_arm"": false, ""brakes"": {""gm"": true, ""fcf_margin"": true, ""roic"": true}, ""self_pct"": 88.07692307692308, ""self_z"": 1.364952923909019, ""median_ratio"": 2.0500382866211164, ""fcf_yield"": 0.012001098002247104, ""yield_threshold"": 0.0495, ""gs10"": 0.0495, ""residual_pct"": null, ""brake_values"": {""gm"": 1.0113215242219584, ""fcf_margin"": 1.055967451900884, ""roic"": 0.9825840134449219}}",False,"{""floor"": false, ""mom_sector_pct"": 91.52542372881356, ""eps_rev_proxy"": null}"
PEP,77476,PepsiCo,Consumer Staples,Soft Drinks & Non-alcoholic Beverages,Food Beverage and Tobacco,69.55783709787816,5.9986310746064335,1060944536.0201114,0.03413965262639751,-0.2131926153978957,-0.03549684572722145,10.0,0.5385972080414163,0.010617562470375602,0.07609798619323727,0.0786159169550173,0.11413243911489646,0.09894583364186303,0.09781827683062251,0.09127622347234332,9,9,False,0.0594397460523417,0.03779825265584025,0.013646283752731359,False,0.5395649302402378,0.09249360191529761,0.09842730950218773,1.0017967456651706,1.2154540026910383,0.9947595151752209,0.9680616484220023,3.4615384615384617,-1.477317872473278,0.839784455045996,260.0,,130.17999267578125,1364891558.0,177681573023.67566,225506573023.67566,69923000000.0,47825000000.0,13456000000.0,4174000000.0,319000000.0,3599000000.0,47653000000.0,96904000000.0,14362000000.0,9282000000.0,8963000000.0,9538000000.0,17961000000.0,10451000000.0,11481519805.367598,0.2005626092906561,0.1642023340727314,15.701613495590841,25.159720297185725,0.039746069836549665,23.642962153876667,0.04229588464811009,17.001394414283386,0.8881446751507033,2.653137353154056,19093000000.0,15177000000.0,0.49011055017662286,10.0,0.16961970793945916,0.17256964776665804,0.7692307692307693,-1.8992899177438423,0.6752821366278772,260.0,[],True,1.0,ig,Food Beverage and Tobacco,72.72727272727273,21.428571428571427,57.14285714285714,81.81818181818183,53.57142857142857,15.384615384615385,46.15384615384615,64.28571428571428,44.44444444444444,1.0,35.738368568404326,"{'profitability': 56.8, 'growth': 40.5, 'balance': 11.6, 'stability': 93.2}",68.7414501302962,False,0.21484960729210245,20.295409094973643,,52.23990934935026,,False,"{""floor"": false, ""depressed_arms"": {""self_pct"": true, ""self_z"": true, ""median_ratio"": true}, ""yield_arm"": false, ""residual_arm"": false, ""brakes"": {""gm"": true, ""fcf_margin"": true, ""roic"": true}, ""self_pct"": 0.7692307692307693, ""self_z"": -1.8992899177438423, ""median_ratio"": 0.6752821366278772, ""fcf_yield"": 0.039746069836549665, ""yield_threshold"": 0.0495, ""gs10"": 0.0495, ""residual_pct"": null, ""brake_values"": {""gm"": 1.0017967456651706, ""fcf_margin"": 1.2154540026910383, ""roic"": 0.9680616484220023}}",False,"{""floor"": false, ""mom_sector_pct"": 44.44444444444444, ""eps_rev_proxy"": null}"
ISRG,1035267,Intuitive Surgical,Health Care,Health Care Equipment,Health Care Equipment and Services,18.310746064339494,5.9986310746064335,1048533881.5535936,-0.15533185929481375,-0.3205854352690424,-0.09707110944459285,10.0,0.6732046156419665,0.017161202901436936,0.11311518254304347,0.07507094024257373,0.42795596900743005,0.15280313263776174,0.15355419595071898,0.3209482740394754,8,9,False,0.182210329592003,0.16850948894019702,0.14755946849101176,False,0.6667875009062568,0.2171753788153411,0.20322808671065032,0.9904678093604715,1.9199489753084193,1.329999478429719,1.1146826316116072,6.923076923076923,-0.7085644773449425,0.5913879787573453,260.0,,398.29998779296875,353278038.0,140710638222.92395,135794638222.92395,13252400000.0,-4916000000.0,3706400000.0,483800000.0,826200000.0,637700000.0,-5045300000.0,11034400000.0,3451200000.0,3222600000.0,2396400000.0,2242500000.0,4088900000.0,3138800000.0,2863667160.649535,0.17024015975616164,0.21608668321583527,39.34707876185789,56.66609840716239,0.0176472357919317,60.55502261891815,0.01651390680329112,44.829437435619965,1.0266981011851664,-1.2339015383110372,580600000.0,192000000.0,0.058298874166188765,7.0,0.1938548938395293,0.1983429177606938,5.47945205479452,-0.4487756278416923,0.43135150734746674,219.0,[],True,1.0,ig,Health Care Equipment and Services,70.37037037037037,62.06896551724138,72.72727272727273,76.78571428571429,58.333333333333336,20.689655172413794,85.18518518518519,3.3333333333333286,7.142857142857142,1.0,61.23009972195189,"{'profitability': 64.6, 'growth': 100.0, 'balance': 100.0, 'stability': 71.3}",37.78353243970717,True,0.7920670949480364,25.664507987742507,85.13513513513513,49.50681608082953,-19.0,False,"{""floor"": true, ""depressed_arms"": {""self_pct"": true, ""self_z"": false, ""median_ratio"": true}, ""yield_arm"": false, ""residual_arm"": false, ""brakes"": {""gm"": true, ""fcf_margin"": true, ""roic"": true}, ""self_pct"": 5.47945205479452, ""self_z"": -0.4487756278416923, ""median_ratio"": 0.43135150734746674, ""fcf_yield"": 0.0176472357919317, ""yield_threshold"": 0.0495, ""gs10"": 0.0495, ""residual_pct"": 85.13513513513513, ""brake_values"": {""gm"": 0.9904678093604715, ""fcf_margin"": 1.9199489753084193, ""roic"": 1.1146826316116072}}",False,"{""floor"": true, ""mom_sector_pct"": 7.142857142857142, ""eps_rev_proxy"": -19.0}"
ACN,1467373,Accenture,Information Technology,IT Consulting & Other Services,Software and Services,15.219712525667351,5.9986310746064335,1010577066.5271279,-0.19020292823715346,-0.3455793949661623,-0.21621242766015514,10.0,0.3224575194765293,0.008049117648886508,0.11897095117754213,0.11597406610887159,0.09736445034724285,0.10703331309743261,0.10621361828824921,0.1153000163334282,9,9,False,0.09465969836955224,0.07382899430159862,0.05972356766465903,False,0.3201307502371321,0.1436051668745674,0.1324547239657177,0.9927842611852427,1.2070607610782507,1.2375093336141425,0.8693360224451271,7.307692307692308,-1.9853396457448138,0.3995439109051444,260.0,shares_was_proxy;gm_derived,183.52000427246094,612213453.0,112353415510.21806,107576483510.21806,27113634000.0,-4776932000.0,13182094000.0,600406000.0,2084065000.0,1415510000.0,-5900205000.0,73100594000.0,10592234000.0,12581688000.0,10497623000.0,9682519000.0,12007744000.0,7789752000.0,7896376163.061968,0.2545126775841652,0.2912326751575229,10.156165688014262,10.247699265845046,0.09758287924519202,11.110381865526735,0.09000590727694045,14.42323395022307,1.615158993508394,-0.49136665471882146,25322800000.0,2498992000.0,1.0261181514805429,7.0,0.33500587533275217,0.32839133682714733,7.307692307692308,-1.9859760850976844,0.412925375303885,260.0,[],True,1.0,ig,Software and Services,68.42105263157895,22.727272727272727,5.555555555555555,80.0,63.63636363636363,52.38095238095239,65.0,90.9090909090909,16.94915254237288,1.0,75.78127184803738,"{'profitability': 73.2, 'growth': 70.2, 'balance': 100.0, 'stability': 94.3}",87.5263144505402,True,-1.2091598705150393,34.336642864767214,1.3513513513513513,81.65379314928879,3.0,False,"{""floor"": true, ""depressed_arms"": {""self_pct"": true, ""self_z"": true, ""median_ratio"": true}, ""yield_arm"": true, ""residual_arm"": true, ""brakes"": {""gm"": true, ""fcf_margin"": true, ""roic"": false}, ""self_pct"": 7.307692307692308, ""self_z"": -1.9859760850976844, ""median_ratio"": 0.412925375303885, ""fcf_yield"": 0.09758287924519202, ""yield_threshold"": 0.0495, ""gs10"": 0.0495, ""residual_pct"": 1.3513513513513513, ""brake_values"": {""gm"": 0.9927842611852427, ""fcf_margin"": 1.2070607610782507, ""roic"": 0.8693360224451271}}",True,"{""floor"": true, ""mom_sector_pct"": 16.94915254237288, ""eps_rev_proxy"": 3.0}"
HPE,1645590,Hewlett Packard Enterprise,Information Technology,"Technology Hardware, Storage & Peripherals",Technology Hardware and Equipment,10.89390828199863,5.9986310746064335,1008166627.144099,1.2132870465284977,0.0,1.6439135543110788,8.0,,,0.0472835377783387,0.040226531662948345,0.49563092787570834,0.04865802903424363,0.047503003260683026,0.7818303083367093,6,9,True,0.0491410171503146,-0.342998158475206,,False,,0.08027035418308615,0.05753385398008168,,1.697638500726974,1.182412340203743,1.4864785814972894,89.54545454545455,1.3995211294607686,2.115206515518636,220.0,gm_derived,62.33000183105469,1327464779.0,82740882105.7306,98568882105.7306,42342000000.0,15828000000.0,6694000000.0,2538000000.0,795000000.0,3490000000.0,15771000000.0,41871000000.0,2602000000.0,4156000000.0,3361000000.0,2409000000.0,6092000000.0,2791000000.0,2346585113.072043,0.098160986521121,0.055419798617732816,37.88196852641453,29.327248469422972,0.03409798232666167,40.91692906007912,0.02443976180450103,29.645604480734722,1.4890720171981369,2.5888049901510177,23907000000.0,5469000000.0,0.6937792263001276,1.0,0.037282608244452446,0.03252455646083665,71.81818181818181,0.13078855705424416,1.2255237439026632,220.0,['fcf_cagr5 gate'],False,0.9,ig,Technology Hardware and Equipment,4.761904761904762,31.57894736842105,,7.142857142857142,16.666666666666664,80.95238095238095,10.0,28.57142857142857,84.7457627118644,1.0,7.482118016394577,"{'profitability': 16.2, 'growth': 20.5, 'balance': 13.7, 'stability': 44.7}",30.885929652405792,False,-0.16942881268071552,34.74188009689093,,19.184023834400186,,False,"{""floor"": false, ""depressed_arms"": {""self_pct"": false, ""self_z"": false, ""median_ratio"": false}, ""yield_arm"": false, ""residual_arm"": false, ""brakes"": {""gm"": false, ""fcf_margin"": true, ""roic"": true}, ""self_pct"": 71.81818181818181, ""self_z"": 0.13078855705424416, ""median_ratio"": 1.2255237439026632, ""fcf_yield"": 0.03409798232666167, ""yield_threshold"": 0.0495, ""gs10"": 0.0495, ""residual_pct"": null, ""brake_values"": {""gm"": null, ""fcf_margin"": 1.697638500726974, ""roic"": 1.4864785814972894}}",False,"{""floor"": false, ""mom_sector_pct"": 84.7457627118644, ""eps_rev_proxy"": null}"
MPWR,1280452,Monolithic Power Systems,Information Technology,Semiconductors,Semiconductors and Semiconductor Equipment,5.6125941136208075,5.9986310746064335,993783664.2897198,0.42532866075822184,-0.16820574184722137,0.5378903913376296,10.0,0.5635248689538707,0.021088396592173132,0.13823752228634945,0.1572135623565872,0.45479670607615164,0.17195902902029758,0.20003805825493226,0.5867483076513033,9,9,False,0.27004800152081065,0.2571099993861663,0.35017191186391794,True,0.551953190160695,0.11507785447570817,0.16905722241333904,0.9794655401550293,0.8324646779861431,0.9831250116757985,0.8470964980641138,73.46153846153847,0.2062591900427058,1.324822457466416,260.0,,1355.469970703125,49143000.0,66611860770.26367,65221164770.26367,2504728000.0,-1390696000.0,822337000.0,236800000.0,208869000.0,60117000.0,-1390696000.0,3273158000.0,940165000.0,585537000.0,376668000.0,553351000.0,1000282000.0,801946000.0,766019473.6243205,0.18522868472627632,0.3058294048792206,69.37204083353845,173.1529218576138,0.005775241845600011,117.86581170046439,0.008484224437713348,83.06277576079147,0.7301451718694276,-1.3903039342905301,25944000.0,111000.0,0.010402327118952637,10.0,0.36103254538076657,0.42917691706248634,81.92307692307692,0.031014811294577328,1.5237851744603386,260.0,[],True,1.0,ig,Semiconductors and Semiconductor Equipment,57.14285714285714,25.0,56.25,93.33333333333333,65.625,40.0,92.85714285714286,12.5,66.10169491525424,1.0,67.03966262658942,"{'profitability': 73.0, 'growth': 100.0, 'balance': 100.0, 'stability': 75.2}",12.54640234091405,True,1.1358762624492593,55.606432275638035,93.24324324324324,39.79303248375173,3.0,False,"{""floor"": true, ""depressed_arms"": {""self_pct"": false, ""self_z"": false, ""median_ratio"": false}, ""yield_arm"": false, ""residual_arm"": false, ""brakes"": {""gm"": true, ""fcf_margin"": false, ""roic"": false}, ""self_pct"": 81.92307692307692, ""self_z"": 0.031014811294577328, ""median_ratio"": 1.5237851744603386, ""fcf_yield"": 0.005775241845600011, ""yield_threshold"": 0.0495, ""gs10"": 0.0495, ""residual_pct"": 93.24324324324324, ""brake_values"": {""gm"": 0.9794655401550293, ""fcf_margin"": 0.8324646779861431, ""roic"": 0.8470964980641138}}",False,"{""floor"": true, ""mom_sector_pct"": 66.10169491525424, ""eps_rev_proxy"": 3.0}"
DDOG,1561550,Datadog,Information Technology,Application Software,Software and Services,1.2101300479123889,5.9986310746064335,981140725.5006816,0.7040338192767859,-0.06149940535308629,0.8083698299293007,9.0,0.7960431954942917,0.016433439691962922,0.07279577792730438,0.07291347524683718,0.4320728751267351,0.07036331274504795,0.0730237707161444,0.5556103703899132,8,8,True,0.4153252804745149,0.3788155747941202,,False,0.7951226767673585,0.09052102174968016,0.08672065746932293,0.9988436321896306,1.243492745418239,1.2324697926537886,2.6360107516720643,55.6910569105691,0.039354014813179496,1.1234147933222869,246.0,shares_was_proxy,251.49000549316406,356253000.0,89594068926.95618,89451367926.95618,4224459000.0,-142701000.0,1229034000.0,46925000.0,823037000.0,62000000.0,-142701000.0,3966725000.0,16329000.0,1182109000.0,359072000.0,343997000.0,78329000.0,177543000.0,14513359.03903904,0.1111911911911912,0.003435554479056144,5478.067727782239,249.11819336221197,0.004014158847668037,260.03531404912303,0.0038456315199215246,504.63306876056043,6.658156052336617,-1.8218156749096759,706721000.0,23157000.0,0.172774312639796,0.0,0.0013033158066130483,-0.010378670736420537,53.65853658536586,0.02921369372550931,1.088605356438861,246.0,[],True,1.0,ig,Software and Services,10.526315789473683,13.636363636363635,66.66666666666666,15.0,22.727272727272727,95.23809523809523,90.0,0.0,76.27118644067797,1.0,50.528870453155804,"{'profitability': 14.6, 'growth': 100.0, 'balance': 100.0, 'stability': 76.8}",18.225524250045087,False,1.687606783904751,32.94728848099051,,34.377197351600444,,False,"{""floor"": false, ""depressed_arms"": {""self_pct"": false, ""self_z"": false, ""median_ratio"": false}, ""yield_arm"": false, ""residual_arm"": false, ""brakes"": {""gm"": true, ""fcf_margin"": true, ""roic"": true}, ""self_pct"": 53.65853658536586, ""self_z"": 0.02921369372550931, ""median_ratio"": 1.088605356438861, ""fcf_yield"": 0.004014158847668037, ""yield_threshold"": 0.0495, ""gs10"": 0.0495, ""residual_pct"": null, ""brake_values"": {""gm"": 0.9988436321896306, ""fcf_margin"": 1.243492745418239, ""roic"": 2.6360107516720643}}",False,"{""floor"": false, ""mom_sector_pct"": 76.27118644067797, ""eps_rev_proxy"": null}"
AMGN,318154,Amgen,Health Care,Biotechnology,Pharmaceuticals Biotechnology and Life Sciences,34.72689938398357,5.9986310746064335,968503534.0519686,0.6280145963093304,-0.07566064518773141,0.5288849288280557,10.0,0.6992395922218686,0.07511966676368191,0.27516480161656653,0.29511728099569173,0.11727636373980152,0.17102572124203272,0.16060315940641456,0.14877409690317264,7,9,False,0.07647774623365566,-0.03912580906510643,-0.08130173740024371,False,0.6951568447302796,0.2541803386271164,0.19212495078094238,0.9941611608710316,0.9237385637037571,1.1233687505346075,1.088209060857111,65.0,0.49920841357031764,1.1741220173036564,260.0,gm_derived,406.0899963378906,540632005.0,219545248930.59647,263691248930.59647,55834000000.0,44146000000.0,12478000000.0,2303000000.0,492000000.0,4667000000.0,44146000000.0,38095000000.0,11426000000.0,10175000000.0,9683000000.0,7319000000.0,16093000000.0,8743000000.0,9908577614.569862,0.13280433970156985,0.1774649427690988,23.078176871223217,27.232391710275376,0.03672097591129604,36.028316563819715,0.02775594574974447,25.11097437156542,1.1637881733958595,2.743180264711365,18668000000.0,21279000000.0,0.7154601139090877,5.0,0.163079824596683,0.14191731200885857,74.23076923076923,1.4537001263445586,1.3904942249818022,260.0,[],True,1.0,ig,Pharmaceuticals Biotechnology and Life Sciences,66.66666666666666,83.33333333333334,77.77777777777779,58.333333333333336,62.5,66.66666666666666,33.33333333333334,80.0,92.85714285714286,1.0,34.977403097245954,"{'profitability': 85.5, 'growth': 31.9, 'balance': 8.6, 'stability': 75.5}",45.739697028707965,False,-0.24277799066927264,34.71546021779332,,40.35855006297696,,False,"{""floor"": false, ""depressed_arms"": {""self_pct"": false, ""self_z"": false, ""median_ratio"": false}, ""yield_arm"": false, ""residual_arm"": false, ""brakes"": {""gm"": true, ""fcf_margin"": false, ""roic"": true}, ""self_pct"": 74.23076923076923, ""self_z"": 1.4537001263445586, ""median_ratio"": 1.3904942249818022, ""fcf_yield"": 0.03672097591129604, ""yield_threshold"": 0.0495, ""gs10"": 0.0495, ""residual_pct"": null, ""brake_values"": {""gm"": 0.9941611608710316, ""fcf_margin"": 0.9237385637037571, ""roic"": 1.088209060857111}}",False,"{""floor"": false, ""mom_sector_pct"": 92.85714285714286, ""eps_rev_proxy"": null}"
APH,820313,Amphenol,Information Technology,Electronic Components,Technology Hardware and Equipment,17.982203969883642,5.9986310746064335,958548143.2078854,0.2936007018423361,-0.02686507302029506,0.3501451309687931,10.0,0.33272634672800655,0.05957262415458759,0.14342933551978476,0.1347777865800523,0.4649387036090449,0.14396569744529666,0.14009722130986008,0.4903446263239141,8,9,False,0.21847048472093156,,,False,0.38496616905476716,0.15705968929990796,0.15203071842933416,1.157005367445293,1.095031840806674,1.056020434917158,1.2162254390722969,83.07692307692308,1.5764953852742722,1.818336452267143,260.0,,82.19000244140625,1232983457.0,101338913341.04352,99846698341.04352,13999385000.0,-1492215000.0,5871700000.0,1158000000.0,157100000.0,1303900000.0,-1613715000.0,29011900000.0,7841400000.0,4713700000.0,4556600000.0,4410700000.0,9145300000.0,5143100000.0,5554440989.650182,0.2916518747098501,0.3967632142162089,12.733274458775668,21.912544076952887,0.045635960684810545,22.637381445358677,0.04417472057948774,19.703858245230215,0.9165094981625868,-0.17645293210720261,17554700000.0,5019800000.0,1.612535122078577,10.0,0.3262250578468815,0.2189957525932241,80.38461538461539,1.4519931660838485,1.8139381314329113,260.0,['fcf_cagr5 gate'],False,1.0,ig,Technology Hardware and Equipment,80.95238095238095,57.89473684210527,40.0,85.71428571428571,64.28571428571429,23.809523809523807,75.0,90.47619047619048,59.32203389830508,1.0,59.22654633177201,"{'profitability': 77.0, 'growth': 100.0, 'balance': 100.0, 'stability': 65.2}",48.32300705042797,False,-0.5016856475932654,36.18862740306372,,53.77477669109999,,False,"{""floor"": false, ""depressed_arms"": {""self_pct"": false, ""self_z"": false, ""median_ratio"": false}, ""yield_arm"": false, ""residual_arm"": false, ""brakes"": {""gm"": true, ""fcf_margin"": true, ""roic"": true}, ""self_pct"": 80.38461538461539, ""self_z"": 1.4519931660838485, ""median_ratio"": 1.8139381314329113, ""fcf_yield"": 0.045635960684810545, ""yield_threshold"": 0.0495, ""gs10"": 0.0495, ""residual_pct"": null, ""brake_values"": {""gm"": 1.157005367445293, ""fcf_margin"": 1.095031840806674, ""roic"": 1.2162254390722969}}",False,"{""floor"": false, ""mom_sector_pct"": 59.32203389830508, ""eps_rev_proxy"": null}"
ABT,1800,Abbott Laboratories,Health Care,Health Care Equipment,Health Care Equipment and Services,69.55783709787816,5.9986310746064335,956949268.7055943,-0.13837821851505705,-0.21329931108366207,-0.2071731541082259,10.0,0.5602537985573318,0.011679804718473043,0.14925237279273162,0.15184533477711604,0.1759181212699683,0.12047627368739491,0.1289487549538405,0.20266572647129205,8,9,False,0.05075224605174555,0.05256205756552523,0.07512211055170948,False,0.5626135507599592,0.1481366597243763,0.1242743829485532,1.0042119343210234,0.9925246543992656,1.031525786322155,0.5693851351505428,43.46153846153846,-0.2912816469431295,0.9181693954174828,260.0,gm_derived,103.48999786376953,1741812429.0,180260164556.2972,208859164556.2972,80660000000.0,28599000000.0,9464000000.0,2086000000.0,692000000.0,3163000000.0,27959000000.0,45134000000.0,7705000000.0,7378000000.0,6686000000.0,5609000000.0,10868000000.0,6276000000.0,5942802015.484822,0.22870836917782966,0.07367718838934816,27.10696490023325,31.23828366082818,0.03201200203114771,37.23643511433361,0.026855417199028942,28.72214221738324,1.175589547482473,2.5725984541774016,35221000000.0,1200000000.0,0.4515373171336474,6.0,0.12939780798785386,0.11731647172692065,46.53846153846154,-0.23316888132163494,0.9445633538119874,260.0,[],True,1.0,ig,Health Care Equipment and Services,55.55555555555556,79.3103448275862,40.909090909090914,60.71428571428571,58.333333333333336,41.37931034482759,29.629629629629633,23.33333333333333,11.904761904761903,1.0,30.756798724752155,"{'profitability': 48.0, 'growth': 43.0, 'balance': 14.2, 'stability': 84.5}",37.02913252423793,False,0.2042222315545783,25.46798444716601,,33.89296562449504,,False,"{""floor"": false, ""depressed_arms"": {""self_pct"": false, ""self_z"": false, ""median_ratio"": false}, ""yield_arm"": false, ""residual_arm"": false, ""brakes"": {""gm"": true, ""fcf_margin"": true, ""roic"": false}, ""self_pct"": 46.53846153846154, ""self_z"": -0.23316888132163494, ""median_ratio"": 0.9445633538119874, ""fcf_yield"": 0.03201200203114771, ""yield_threshold"": 0.0495, ""gs10"": 0.0495, ""residual_pct"": null, ""brake_values"": {""gm"": 1.0042119343210234, ""fcf_margin"": 0.9925246543992656, ""roic"": 0.5693851351505428}}",False,"{""floor"": false, ""mom_sector_pct"": 11.904761904761903, ""eps_rev_proxy"": null}"
VLO,1035002,Valero Energy,Energy,Oil & Gas Refining & Marketing,Energy,23.761806981519506,5.9986310746064335,918083883.2666016,1.0487997730127572,-0.09059234066974597,1.185324472692061,8.0,0.05865570886822978,0.4778365143891965,0.04221953922401318,0.042312082297149764,0.395140153597486,0.036137934599664474,0.02953227405529186,0.5189869050087139,4,9,False,0.13578129304273,,,False,0.08032454070030204,,0.055080094980523256,1.3694240893201266,,1.524162783255318,1.3978606685765236,65.625,0.23535034663238943,1.248167809998046,256.0,gm_derived,375.8399963378906,287927461.0,108214655887.81815,116150655887.81815,32937000000.0,7936000000.0,10908000000.0,,,3230000000.0,4669000000.0,139397000000.0,10011000000.0,,,7678000000.0,13241000000.0,7212000000.0,7739000000.0,0.22695035460992907,0.23496371861432433,11.602303055420851,,,15.127722829879936,0.06610380235317523,15.004805308904347,,0.35261687183747453,260000000.0,123000000.0,0.011628260011537177,4.0,0.16808808194996555,0.08872031432067749,92.578125,0.1318201527988012,2.5050931010944852,256.0,['fcf_cagr5 gate'],False,0.8,ig,Energy,81.81818181818183,12.5,20.0,68.18181818181817,50.0,,81.81818181818181,54.54545454545455,100.0,1.0,18.877069723283675,"{'profitability': 30.6, 'growth': 100.0, 'balance': 88.2, 'stability': 27.5}",,False,,,,,,False,"{""floor"": false, ""depressed_arms"": {""self_pct"": false, ""self_z"": false, ""median_ratio"": false}, ""yield_arm"": false, ""residual_arm"": false, ""brakes"": {""gm"": true, ""fcf_margin"": false, ""roic"": true}, ""self_pct"": 92.578125, ""self_z"": 0.1318201527988012, ""median_ratio"": 2.5050931010944852, ""fcf_yield"": null, ""yield_threshold"": 0.0495, ""gs10"": 0.0495, ""residual_pct"": null, ""brake_values"": {""gm"": 1.3694240893201266, ""fcf_margin"": null, ""roic"": 1.3978606685765236}}",False,"{""floor"": false, ""mom_sector_pct"": 100.0, ""eps_rev_proxy"": null}"
DIS,1744489,Walt Disney Company (The),Communication Services,Movies & Entertainment,Media and Entertainment,50.234086242299796,5.9986310746064335,915351811.8165586,-0.033530407721343414,-0.10033864242891621,-0.0750143890496161,10.0,,,0.04696478487902189,0.04222817161240973,0.6653792386657661,0.04762362424298669,0.03772863281513645,1.021189226100107,7,9,False,0.07626145769160764,,,False,,0.06852044790159921,0.10055532515349834,,1.4589750187955348,2.111458897803366,1.2007256868832439,21.354166666666664,-0.01299825365807652,0.7281231860545394,192.0,,103.45999908447266,1726686902.0,178643025300.09094,229706025300.09094,161095000000.0,51063000000.0,16989000000.0,8696000000.0,1519000000.0,5529000000.0,44253000000.0,98861000000.0,18238000000.0,8293000000.0,6774000000.0,9941000000.0,23767000000.0,8600000000.0,13211464156.862747,0.2756078431372549,0.0820103923576942,12.594913109995117,33.9099535429718,0.029489866411428946,23.1069334372891,0.04327705373428036,20.772444802336157,0.9643023255813954,1.8619514452812724,74682000000.0,7480000000.0,0.5100220366864273,0.0,0.06830068953598452,0.06510317640628185,31.17408906882591,-0.011547047483303995,0.8444597880433414,247.0,['fcf_cagr5 gate'],False,0.9,ig,Media and Entertainment,12.5,11.11111111111111,,18.75,72.22222222222221,62.5,22.222222222222214,66.66666666666667,72.72727272727273,1.0,20.91414439836823,"{'profitability': 24.7, 'growth': 63.6, 'balance': 37.9, 'stability': 51.9}",53.69802375321592,False,0.06529681554663913,31.76648396401196,,37.30608407579207,,False,"{""floor"": false, ""depressed_arms"": {""self_pct"": false, ""self_z"": false, ""median_ratio"": false}, ""yield_arm"": false, ""residual_arm"": false, ""brakes"": {""gm"": false, ""fcf_margin"": true, ""roic"": true}, ""self_pct"": 31.17408906882591, ""self_z"": -0.011547047483303995, ""median_ratio"": 0.8444597880433414, ""fcf_yield"": 0.029489866411428946, ""yield_threshold"": 0.0495, ""gs10"": 0.0495, ""residual_pct"": null, ""brake_values"": {""gm"": null, ""fcf_margin"": 1.4589750187955348, ""roic"": 1.2007256868832439}}",False,"{""floor"": false, ""mom_sector_pct"": 72.72727272727273, ""eps_rev_proxy"": null}"
BSX,885725,Boston Scientific,Health Care,Health Care Equipment,Health Care Equipment and Services,31.581108829568787,5.9986310746064335,880490658.3073556,-0.5229170909860079,-0.5654883837660396,-0.5455286331921867,9.0,0.6894320910981699,0.004411551642505278,0.11397261407507511,0.10948033707865168,0.47236973500304247,0.07882838797324879,0.07542134831460674,0.731699236223419,8,9,False,0.15155785671653277,0.2643853490752126,,False,0.699323680701086,0.15741093541626977,0.13316822251857496,1.0143474458625215,1.3811294642463963,1.689343470575181,1.764287430472952,1.2987012987012987,-0.7735150906045245,0.24335278460697762,231.0,,44.619998931884766,1449229526.0,64664619902.175865,69834619902.17587,30100000000.0,5170000000.0,4529000000.0,904000000.0,320000000.0,1413000000.0,4928000000.0,20996000000.0,4152000000.0,3625000000.0,3305000000.0,2796000000.0,5565000000.0,,3944453768.4537687,0.04998704998704999,0.1310449756961385,16.81951346391519,21.129990893245346,0.04732609706517533,24.976616560148738,0.0400374485307807,,,0.8855345911949686,18640000000.0,770000000.0,0.6448504983388704,1.0,0.0742764321916692,0.07833883656686005,1.153846153846154,-0.9476956965342905,0.32900896891835724,260.0,[],True,0.9,ig,Health Care Equipment and Services,33.33333333333333,65.51724137931035,81.81818181818183,25.0,13.333333333333334,,66.66666666666667,80.0,4.761904761904762,1.0,47.67652885170147,"{'profitability': 41.5, 'growth': 100.0, 'balance': 70.5, 'stability': 70.4}",74.1978291195526,False,-0.17617266146207555,25.200556109293128,,60.93717898562703,,False,"{""floor"": false, ""depressed_arms"": {""self_pct"": true, ""self_z"": false, ""median_ratio"": true}, ""yield_arm"": false, ""residual_arm"": false, ""brakes"": {""gm"": true, ""fcf_margin"": true, ""roic"": true}, ""self_pct"": 1.153846153846154, ""self_z"": -0.9476956965342905, ""median_ratio"": 0.32900896891835724, ""fcf_yield"": 0.04732609706517533, ""yield_threshold"": 0.0495, ""gs10"": 0.0495, ""residual_pct"": null, ""brake_values"": {""gm"": 1.0143474458625215, ""fcf_margin"": 1.3811294642463963, ""roic"": 1.764287430472952}}",False,"{""floor"": false, ""mom_sector_pct"": 4.761904761904762, ""eps_rev_proxy"": null}"
NXPI,1413447,NXP Semiconductors,Information Technology,Semiconductors,Semiconductors and Semiconductor Equipment,5.508555783709788,5.9986310746064335,867297968.3117723,0.002078570043832828,-0.26154752968828754,0.05998320216984099,10.0,0.5596697637860223,0.01745413666574701,0.16427159456798573,0.17136185598071707,0.11161907704946696,0.1380571013467178,0.13215221910874084,0.19987088589380053,4,9,False,0.07334918054419859,0.030009963166075515,0.010761302236520276,True,0.5504558065794689,0.17970669837495046,0.1428458184700753,0.9835367965133165,1.0939608813535728,1.0346864962152946,,70.76923076923077,0.5977428874361135,1.2664152752914393,260.0,,235.44000244140625,252471079.0,59441791456.14447,68101791456.14447,19587000000.0,8660000000.0,3048000000.0,337000000.0,444000000.0,802000000.0,8313000000.0,12615000000.0,3829000000.0,2711000000.0,2267000000.0,1802000000.0,4631000000.0,2653000000.0,,,,17.785790403798504,30.04049027619959,0.033288404776545134,37.79233710107906,0.02646039056344699,22.405499983469458,1.0218620429702223,1.7950766573094363,10280000000.0,1505000000.0,0.6016745800786236,,,,72.3076923076923,0.638062301467916,1.2204305894885006,260.0,[],True,0.8,ig,Semiconductors and Semiconductor Equipment,,43.75,50.0,,65.625,60.0,7.142857142857139,87.5,32.20338983050847,1.0,33.997006554979436,"{'profitability': 68.5, 'growth': 43.1, 'balance': 40.2, 'stability': 64.9}",47.64077675211247,False,,,,40.818891653545954,,False,"{""floor"": false, ""depressed_arms"": {""self_pct"": false, ""self_z"": false, ""median_ratio"": false}, ""yield_arm"": false, ""residual_arm"": false, ""brakes"": {""gm"": true, ""fcf_margin"": true, ""roic"": false}, ""self_pct"": 72.3076923076923, ""self_z"": 0.638062301467916, ""median_ratio"": 1.2204305894885006, ""fcf_yield"": 0.033288404776545134, ""yield_threshold"": 0.0495, ""gs10"": 0.0495, ""residual_pct"": null, ""brake_values"": {""gm"": 0.9835367965133165, ""fcf_margin"": 1.0939608813535728, ""roic"": null}}",False,"{""floor"": false, ""mom_sector_pct"": 32.20338983050847, ""eps_rev_proxy"": null}"
DHR,313616,Danaher Corporation,Health Care,Life Sciences Tools & Services,Pharmaceuticals Biotechnology and Life Sciences,27.849418206707735,5.9986310746064335,864536652.9713304,0.17550415255260887,-0.0666068495793316,0.20537181626910717,10.0,0.5991216904491218,0.017070404912784474,0.2374381052701874,0.22917538719129343,0.14775899253474936,0.19809131737571067,0.19640016743407285,0.20648799664036563,6,9,False,0.019706835895877406,-0.005864959565540895,-0.028683248018713026,False,0.5851356195483332,0.2058788385709165,0.1516310192376628,0.9766557093095658,0.8670842379602096,0.765460199096315,0.7745957558763628,83.07692307692308,1.1901040342548452,1.2325295573600348,260.0,,221.55999755859375,702986054.0,155753588407.96545,179252588407.96545,76080000000.0,23499000000.0,6635000000.0,1169000000.0,297000000.0,2531000000.0,23488000000.0,25107000000.0,5127000000.0,5466000000.0,5169000000.0,3807000000.0,7658000000.0,4004000000.0,4295827383.452332,0.1621167576648467,0.056464608089541686,34.962470920219516,34.67838816172673,0.02883640367990527,47.084998268443776,0.02123818703993023,38.89949760438698,1.3651348651348651,3.0671193523113085,47414000000.0,21358000000.0,0.9039432176656151,1.0,0.07289558154841516,0.06481671277570224,71.15384615384616,0.8011030992474998,1.138073189121798,260.0,[],True,1.0,ig,Pharmaceuticals Biotechnology and Life Sciences,33.33333333333333,66.66666666666666,33.33333333333333,16.666666666666664,62.5,77.77777777777779,25.0,30.0,38.095238095238095,1.0,18.24787561640629,"{'profitability': 55.3, 'growth': 8.2, 'balance': 0.0, 'stability': 74.2}",29.99134663588647,False,0.014243962160298107,34.187931826095145,,24.11961112614638,,False,"{""floor"": false, ""depressed_arms"": {""self_pct"": false, ""self_z"": false, ""median_ratio"": false}, ""yield_arm"": false, ""residual_arm"": false, ""brakes"": {""gm"": true, ""fcf_margin"": false, ""roic"": false}, ""self_pct"": 71.15384615384616, ""self_z"": 0.8011030992474998, ""median_ratio"": 1.138073189121798, ""fcf_yield"": 0.02883640367990527, ""yield_threshold"": 0.0495, ""gs10"": 0.0495, ""residual_pct"": null, ""brake_values"": {""gm"": 0.9766557093095658, ""fcf_margin"": 0.8670842379602096, ""roic"": 0.7745957558763628}}",False,"{""floor"": false, ""mom_sector_pct"": 38.095238095238095, ""eps_rev_proxy"": null}"
RTX,101829,RTX Corporation,Industrials,Aerospace & Defense,Capital Goods,69.55783709787816,5.9986310746064335,861582420.1052678,0.3152884806165821,-0.13804547073949114,0.19401676011706814,10.0,,,0.06901587274362934,0.07091383487606387,0.21992982481569692,0.04259072079525541,0.039359513373289204,0.399775724597179,8,9,True,0.09382123755404659,0.12203084425734056,,False,,0.11567914438502674,0.09855614973262032,,1.6761237638004767,2.314028687290952,1.6782490454237171,5.384615384615385,-0.10108121451664827,0.44939353524509884,260.0,gm_derived,192.19000244140625,1347758144.0,259025640985.78516,294749640985.78516,102101000000.0,35724000000.0,14206000000.0,2799000000.0,591000000.0,4400000000.0,33985000000.0,93500000000.0,10485000000.0,11407000000.0,10816000000.0,9215000000.0,14885000000.0,7738000000.0,8521618985.695708,0.18725617685305593,0.08346263979486693,28.11155374208728,27.251261185815935,0.03669554936123441,31.985853606704847,0.03126382094709459,33.47449482886859,1.4741535280434221,2.283170977494122,52928000000.0,8466000000.0,0.6013065493971655,1.0,0.04973197513352057,0.04773358455168937,11.923076923076923,-0.6765237075184959,0.721873461816277,260.0,[],True,0.9,ig,Capital Goods,5.405405405405405,26.82926829268293,,6.097560975609756,64.28571428571429,84.61538461538461,29.729729729729726,31.707317073170728,70.3125,1.0,34.556308189815844,"{'profitability': 26.1, 'growth': 89.1, 'balance': 23.9, 'stability': 77.9}",50.137881206917285,False,-0.002608093329176331,27.32242778254891,,42.34709469836656,,False,"{""floor"": false, ""depressed_arms"": {""self_pct"": true, ""self_z"": false, ""median_ratio"": true}, ""yield_arm"": false, ""residual_arm"": false, ""brakes"": {""gm"": false, ""fcf_margin"": true, ""roic"": true}, ""self_pct"": 11.923076923076923, ""self_z"": -0.6765237075184959, ""median_ratio"": 0.721873461816277, ""fcf_yield"": 0.03669554936123441, ""yield_threshold"": 0.0495, ""gs10"": 0.0495, ""residual_pct"": null, ""brake_values"": {""gm"": null, ""fcf_margin"": 1.6761237638004767, ""roic"": 1.6782490454237171}}",False,"{""floor"": false, ""mom_sector_pct"": 70.3125, ""eps_rev_proxy"": null}"
PM,1413329,Philip Morris International,Consumer Staples,Tobacco,Food Beverage and Tobacco,18.483230663928815,5.9986310746064335,832962834.9302627,0.20589215352819523,-0.011191728819219593,0.19929363122206767,10.0,0.6548753062561236,0.027533589284085537,0.2868657064721064,0.2844131157928085,0.11826061086101033,0.280923737864036,0.2753577274407308,0.11074922317837099,8,9,False,0.07213535484188793,0.029750712780618693,0.029988945737428052,False,0.6751439652133036,0.29902456222822893,0.28710776824538725,1.030950409587215,1.0423851840139866,1.0220131998398236,,86.15384615384616,1.3918820458622487,1.438668814477394,260.0,sbc_unreported,190.83999633789062,1558613439.0,297445782990.94714,314286782990.94714,8258000000.0,16841000000.0,14264000000.0,1542000000.0,,2049000000.0,14915000000.0,42545000000.0,16059000000.0,12722000000.0,12722000000.0,12215000000.0,18108000000.0,10874000000.0,,,,19.57075677133988,24.70419611625115,0.040478953263416266,25.72957699475621,0.038865776930720776,27.353851663688353,1.1699466617620011,0.8236690965319196,16917000000.0,10178000000.0,3.281060789537418,,,,76.15384615384615,0.9440802132006417,1.2735668733005594,260.0,[],True,0.8,ig,Food Beverage and Tobacco,,92.85714285714286,100.0,,53.57142857142857,53.84615384615385,76.92307692307692,35.71428571428571,66.66666666666666,1.0,63.90385106378418,"{'profitability': 100.0, 'growth': 42.5, 'balance': 72.5, 'stability': 85.8}",32.90052488479995,True,,,,48.40218797429206,7.0,False,"{""floor"": true, ""depressed_arms"": {""self_pct"": false, ""self_z"": false, ""median_ratio"": false}, ""yield_arm"": false, ""residual_arm"": false, ""brakes"": {""gm"": true, ""fcf_margin"": true, ""roic"": false}, ""self_pct"": 76.15384615384615, ""self_z"": 0.9440802132006417, ""median_ratio"": 1.2735668733005594, ""fcf_yield"": 0.040478953263416266, ""yield_threshold"": 0.0495, ""gs10"": 0.0495, ""residual_pct"": null, ""brake_values"": {""gm"": 1.030950409587215, ""fcf_margin"": 1.0423851840139866, ""roic"": null}}",False,"{""floor"": true, ""mom_sector_pct"": 66.66666666666666, ""eps_rev_proxy"": 7.0}"
GILD,882095,Gilead Sciences,Health Care,Biotechnology,Pharmaceuticals Biotechnology and Life Sciences,22.23134839151266,5.9986310746064335,817778084.650953,0.32421239786545697,-0.005722402442830621,0.3836833147973886,10.0,0.7764249748288283,0.018483065643030375,0.30410705427176765,0.2907991712801005,0.1342563168718781,0.23730170832644365,0.23136981782192734,0.2028325133159393,5,9,False,0.03584723676709367,0.0469381568096201,0.01031982684091437,False,0.7959089864398989,0.3951144236136192,0.32412910004268314,1.0250945194226475,1.299260961110498,1.3658945075810223,-0.39028374604315247,65.0,0.4969156570905737,1.170976279455258,260.0,gm_derived,151.3699951171875,1239955155.0,187692005757.88147,211280005757.88147,35417000000.0,23588000000.0,13552000000.0,609000000.0,909000000.0,2771000000.0,23672000000.0,30457000000.0,-2497000000.0,12943000000.0,12034000000.0,9872000000.0,274000000.0,-3240000000.0,-1981885461.7985902,0.2062933673213495,-0.05595859225226841,,17.556922532647622,0.0569575902690503,21.401945477905336,0.046724724209412045,,,86.39416058394161,8314000000.0,14032000000.0,0.6309399440946438,4.0,0.14337925373423377,0.1512377202400723,73.84615384615385,0.7846814831420911,1.1995905666086895,260.0,[],True,0.8,ig,Pharmaceuticals Biotechnology and Life Sciences,58.333333333333336,91.66666666666666,88.88888888888889,45.83333333333333,62.5,,0.0,,64.28571428571429,1.0,21.00599114505035,"{'profitability': 50.0, 'growth': 34.5, 'balance': 0.0, 'stability': 69.2}",,False,-0.6792884827861028,34.630569419360086,,,,False,"{""floor"": false, ""depressed_arms"": {""self_pct"": false, ""self_z"": false, ""median_ratio"": false}, ""yield_arm"": true, ""residual_arm"": false, ""brakes"": {""gm"": true, ""fcf_margin"": true, ""roic"": false}, ""self_pct"": 73.84615384615385, ""self_z"": 0.7846814831420911, ""median_ratio"": 1.1995905666086895, ""fcf_yield"": 0.0569575902690503, ""yield_threshold"": 0.0495, ""gs10"": 0.0495, ""residual_pct"": null, ""brake_values"": {""gm"": 1.0250945194226475, ""fcf_margin"": 1.299260961110498, ""roic"": -0.39028374604315247}}",False,"{""floor"": false, ""mom_sector_pct"": 64.28571428571429, ""eps_rev_proxy"": null}"
MPC,1510295,Marathon Petroleum,Energy,Oil & Gas Refining & Marketing,Energy,15.233401779603012,5.9986310746064335,812570015.2798115,0.8873147412536087,-0.08592814259434667,0.9873528051110976,9.0,0.1105474730531378,0.2210653449589253,0.0519947956857167,0.04317173637515843,0.5400458367519454,0.045217912186809664,0.03738189883627146,0.6273465141348971,5,9,False,0.13717834715373045,,,False,0.1249601177259616,0.08399044127701413,0.08992231909726066,1.1303751616818591,1.6153624640568947,1.9886437641296393,1.4187522776248285,48.36065573770492,-0.02359020761631172,0.9725525912362538,244.0,sbc_unreported;gm_derived,388.3800048828125,280824763.0,109066722825.15466,115536722825.15466,25547000000.0,6470000000.0,17126000000.0,4227000000.0,,3316000000.0,-173000000.0,153577000000.0,14133000000.0,12899000000.0,12899000000.0,13810000000.0,17449000000.0,8554000000.0,11411539780.736101,0.19256068911511354,0.44668805655208443,8.174960930103634,8.957029446093081,0.11164415680649399,8.366163854102437,0.11952909570491371,12.750376762351491,1.5079494973111995,-0.009914608287007852,9335000000.0,2714000000.0,0.47164050573452854,6.0,0.314845701816174,0.24577882683491659,49.61538461538461,-0.0031022381328028896,0.9940666765694154,260.0,['fcf_cagr5 gate'],False,1.0,ig,Energy,100.0,25.0,40.0,100.0,72.72727272727273,100.0,90.9090909090909,72.72727272727273,90.9090909090909,1.0,25.596299288919322,"{'profitability': 58.6, 'growth': 100.0, 'balance': 100.0, 'stability': 30.7}",69.94584139264991,False,-0.7961560893814661,19.857757292097507,,47.77107034078462,,False,"{""floor"": false, ""depressed_arms"": {""self_pct"": false, ""self_z"": false, ""median_ratio"": false}, ""yield_arm"": true, ""residual_arm"": false, ""brakes"": {""gm"": true, ""fcf_margin"": true, ""roic"": true}, ""self_pct"": 49.61538461538461, ""self_z"": -0.0031022381328028896, ""median_ratio"": 0.9940666765694154, ""fcf_yield"": 0.11164415680649399, ""yield_threshold"": 0.0495, ""gs10"": 0.0495, ""residual_pct"": null, ""brake_values"": {""gm"": 1.1303751616818591, ""fcf_margin"": 1.6153624640568947, ""roic"": 1.4187522776248285}}",False,"{""floor"": false, ""mom_sector_pct"": 90.9090909090909, ""eps_rev_proxy"": null}"
CIEN,936395,Ciena,Information Technology,Communications Equipment,Technology Hardware and Equipment,0.621492128678987,5.9986310746064335,811724271.1152861,1.6663849923947947,-0.3902936074000868,1.507644768749723,11.0,0.4364211147441573,0.045500614881491735,0.02892076328800175,0.05516549998692389,1.2403009453572813,0.024702121881756873,0.05870875265102598,2.809379526940817,9,11,False,0.061907524784472256,0.1011255584819819,0.09762853026243157,False,0.44071827207055964,0.1000441130503211,0.11535811791405064,1.0098463552317387,3.45924870841241,4.669967967377145,2.128685578118145,63.18681318681318,0.48492838758824325,1.3639335262401764,182.0,,355.9100036621094,141808525.0,50471072652.06833,51165551652.06833,3751217000.0,694479000.0,1054683000.0,240321000.0,212007000.0,148117000.0,694479000.0,6020894000.0,738953000.0,814362000.0,602355000.0,694559000.0,887070000.0,654410000.0,666403317.1869789,0.0981790219581233,0.17764989793631744,69.24060346472419,84.94252002900005,0.011772666971248227,73.6662423956328,0.013574738814956624,77.12454371428971,1.2444216928225424,0.782890865433393,513340000.0,224210000.0,0.1966161914919878,3.0,0.08345520811644153,0.06785878177919694,70.32967032967034,0.4770343852827237,1.4321527304702688,182.0,['tenure<1y'],False,1.0,ig,Technology Hardware and Equipment,19.047619047619047,15.789473684210526,55.00000000000001,23.809523809523807,100.0,66.66666666666666,55.0,4.761904761904773,93.22033898305084,1.0,32.98007636968152,"{'profitability': 28.0, 'growth': 67.9, 'balance': 73.9, 'stability': 61.4}",18.066754498669304,False,0.8791548288417701,35.262496037112456,,25.523415434175412,,False,"{""floor"": false, ""depressed_arms"": {""self_pct"": false, ""self_z"": false, ""median_ratio"": false}, ""yield_arm"": false, ""residual_arm"": false, ""brakes"": {""gm"": true, ""fcf_margin"": true, ""roic"": true}, ""self_pct"": 70.32967032967034, ""self_z"": 0.4770343852827237, ""median_ratio"": 1.4321527304702688, ""fcf_yield"": 0.011772666971248227, ""yield_threshold"": 0.0495, ""gs10"": 0.0495, ""residual_pct"": null, ""brake_values"": {""gm"": 1.0098463552317387, ""fcf_margin"": 3.45924870841241, ""roic"": 2.128685578118145}}",False,"{""floor"": false, ""mom_sector_pct"": 93.22033898305084, ""eps_rev_proxy"": null}"
TMUS,1283699,T-Mobile US,Communication Services,Wireless Telecommunication Services,Telecommunication Services,7.195071868583162,5.9986310746064335,808737454.6818097,-0.22010588766296724,-0.265385969457681,-0.2876591223243241,6.0,,,0.09912887591457693,0.10299396624150309,0.6981245189098858,0.06405330663676487,0.06458922070317473,1.041571301549262,7,9,False,0.05243088054913425,,,False,,0.19018538003449437,0.147002353860005,,1.918566898694425,2.295000236188113,1.3585829438241543,0.49019607843137253,-0.22415158019361375,0.46468930023159455,204.0,gm_derived,165.66000366210938,1072671613.0,177698783337.82077,298658783337.8208,177225000000.0,120960000000.0,28833000000.0,10434000000.0,866000000.0,14415000000.0,120960000000.0,92189000000.0,18253000000.0,18399000000.0,17533000000.0,13552000000.0,32668000000.0,10560000000.0,13942255334.53888,0.23616636528028934,0.07866980016667445,16.362175167798213,17.034094754909074,0.05870579061513139,22.03798578348737,0.045376197708108176,16.827536300929996,1.7423295454545455,3.7027060119995103,13667000000.0,3295000000.0,0.09570884468895471,0.0,0.057905776400544104,0.06197752167107899,0.39215686274509803,-0.18196403671541506,0.4728664116715431,255.0,['fcf_cagr5 gate'],False,0.9,sector,Communication Services,10.0,36.36363636363637,,25.0,22.727272727272727,70.0,18.181818181818173,54.54545454545455,45.45454545454545,1.0,14.282587201924594,"{'profitability': 36.1, 'growth': 43.7, 'balance': 0.0, 'stability': 51.9}",72.27324588860132,False,-0.6200551635780962,31.666903218876318,,43.27791654526296,,False,"{""floor"": false, ""depressed_arms"": {""self_pct"": true, ""self_z"": false, ""median_ratio"": true}, ""yield_arm"": true, ""residual_arm"": false, ""brakes"": {""gm"": false, ""fcf_margin"": true, ""roic"": true}, ""self_pct"": 0.39215686274509803, ""self_z"": -0.18196403671541506, ""median_ratio"": 0.4728664116715431, ""fcf_yield"": 0.05870579061513139, ""yield_threshold"": 0.0495, ""gs10"": 0.0495, ""residual_pct"": null, ""brake_values"": {""gm"": null, ""fcf_margin"": 1.918566898694425, ""roic"": 1.3585829438241543}}",False,"{""floor"": false, ""mom_sector_pct"": 45.45454545454545, ""eps_rev_proxy"": null}"
MCK,927653,McKesson Corporation,Health Care,Health Care Distributors,Health Care Equipment and Services,27.696098562628336,5.9986310746064335,789687747.277817,0.17803556981130986,-0.10555930320225393,0.16227266128079743,10.0,0.04181892019331979,0.12015224907476518,,,0.15652509207595816,0.015414434245121612,0.015615647469749892,0.15959459784668628,9,9,False,0.11110493647209152,,,False,0.03639079961944898,0.015611351321100872,0.015900901010504086,0.8701994085744493,,1.0315591709463117,2.3821310566266685,90.38461538461539,1.588178732110164,1.4812370804013262,260.0,sbc_unreported,880.5,116590363.0,102657814621.5,109733814621.5,2836000000.0,7076000000.0,6853000000.0,437000000.0,,318000000.0,6700000000.0,410983000000.0,6495000000.0,6416000000.0,6416000000.0,6535000000.0,6813000000.0,4592000000.0,5330365438.2161665,0.17931248064416228,1.879536473277915,16.895121573749037,17.103150657964463,0.05846875935308023,16.79170843481255,0.059553201741330934,22.355795867051395,1.397212543554007,0.9834140613532951,11278000000.0,4013000000.0,5.3917489421720735,7.0,0.7890147219437722,0.8310921139778324,90.38461538461539,1.588178732110164,1.4812370804013264,260.0,['fcf_cagr5 gate'],False,0.9,ig,Health Care Equipment and Services,100.0,,13.636363636363635,76.78571428571429,58.333333333333336,62.06896551724138,59.25925925925926,76.66666666666667,40.476190476190474,1.0,55.46248320204898,"{'profitability': 53.1, 'growth': 92.6, 'balance': 67.2, 'stability': 80.2}",44.54062780592407,False,-0.43253950186881207,26.358800325052478,,50.00155550398652,,False,"{""floor"": false, ""depressed_arms"": {""self_pct"": false, ""self_z"": false, ""median_ratio"": false}, ""yield_arm"": true, ""residual_arm"": false, ""brakes"": {""gm"": false, ""fcf_margin"": false, ""roic"": true}, ""self_pct"": 90.38461538461539, ""self_z"": 1.588178732110164, ""median_ratio"": 1.4812370804013264, ""fcf_yield"": 0.05846875935308023, ""yield_threshold"": 0.0495, ""gs10"": 0.0495, ""residual_pct"": null, ""brake_values"": {""gm"": 0.8701994085744493, ""fcf_margin"": null, ""roic"": 2.3821310566266685}}",False,"{""floor"": false, ""mom_sector_pct"": 40.476190476190474, ""eps_rev_proxy"": null}"
ON,1097864,ON Semiconductor,Information Technology,Semiconductors,Semiconductors and Semiconductor Equipment,4.26009582477755,5.9986310746064335,774952695.6715791,0.44756779966572724,-0.39072523597518516,0.477272701346392,10.0,0.42959479994248556,0.13311514584373776,0.15321524320112506,0.17970983161586318,0.3340603585970165,0.17280096020779312,0.1591855753074566,0.2887236353021681,4,9,False,0.026713065370281175,0.23156254615801708,-0.037686773338911794,True,0.37716609119364936,0.21777082190454677,0.11809029010293975,0.877957766816881,1.4213391393353718,0.6833890851123524,0.4240673760364165,92.3076923076923,1.0488767798496372,1.7428719434294646,260.0,,74.0999984741211,389311721.0,28847997932.057457,29712297932.057457,8083000000.0,864300000.0,1672000000.0,171600000.0,150700000.0,789400000.0,844500000.0,6197800000.0,669700000.0,1500400000.0,1349700000.0,731900000.0,1459100000.0,630200000.0,593850918.2790439,0.11325829732858905,0.07346912263751626,44.36657896380089,22.014001579652852,0.0454256349706217,40.59611686303793,0.02463289785507744,45.775940863309195,2.3808314820691843,0.5787814406140772,1687600000.0,311900000.0,0.24737102560930346,4.0,0.1732487024213038,0.1723682283347282,38.07692307692307,-0.1395012604651306,0.8678626398870709,260.0,[],True,1.0,ig,Semiconductors and Semiconductor Equipment,42.857142857142854,31.25,12.5,33.33333333333333,65.625,100.0,42.85714285714286,43.75,69.49152542372882,1.0,27.128999970711302,"{'profitability': 54.3, 'growth': 61.1, 'balance': 80.7, 'stability': 42.2}",49.56120112948439,False,-0.9126574255789093,54.8354077394784,,38.34510055009785,,False,"{""floor"": false, ""depressed_arms"": {""self_pct"": false, ""self_z"": false, ""median_ratio"": false}, ""yield_arm"": false, ""residual_arm"": false, ""brakes"": {""gm"": false, ""fcf_margin"": true, ""roic"": false}, ""self_pct"": 38.07692307692307, ""self_z"": -0.1395012604651306, ""median_ratio"": 0.8678626398870709, ""fcf_yield"": 0.0454256349706217, ""yield_threshold"": 0.0495, ""gs10"": 0.0495, ""residual_pct"": null, ""brake_values"": {""gm"": 0.877957766816881, ""fcf_margin"": 1.4213391393353718, ""roic"": 0.4240673760364165}}",False,"{""floor"": false, ""mom_sector_pct"": 69.49152542372882, ""eps_rev_proxy"": null}"
SYK,310764,Stryker Corporation,Health Care,Health Care Equipment,Health Care Equipment and Services,25.782340862423,5.9986310746064335,763664488.0322791,-0.09474582407908194,-0.29058070767313715,-0.2515755410071733,10.0,0.6368841552583351,0.0075950343782137655,0.13986665078941377,0.144191192741757,0.2389333126678582,0.1037984383378537,0.10638297872340426,0.3156450055450918,8,9,False,0.11844250103109899,0.08950386245589304,0.09429930218380478,False,0.6497658396872702,0.17227232263807718,0.14146379223594072,1.0202261028517974,1.2316897678307468,1.3628701404494161,1.118869809346284,0.38461538461538464,-2.0337698272369655,0.5060882681890636,260.0,,273.3999938964844,383573046.0,104868868435.25592,116932868435.25592,36052000000.0,12064000000.0,5525000000.0,823000000.0,251000000.0,1619000000.0,12055000000.0,25837000000.0,5534000000.0,4702000000.0,4451000000.0,3655000000.0,7153000000.0,3729000000.0,4008602564.102564,0.27564102564102566,0.11118946422119616,21.1299003316328,26.27114545838147,0.03806457550867706,31.992576863271115,0.03125725083896083,28.12251768175273,1.2609278626977742,1.685306864252761,19584000000.0,5681000000.0,0.7007932985687341,4.0,0.09937658813598717,0.10108864956285928,0.38461538461538464,-2.4469937267634045,0.5530885416639539,260.0,[],True,1.0,ig,Health Care Equipment and Services,40.74074074074074,72.41379310344827,63.63636363636363,51.78571428571429,58.333333333333336,48.275862068965516,44.44444444444444,40.0,19.047619047619047,1.0,49.684109768105436,"{'profitability': 54.1, 'growth': 86.6, 'balance': 43.8, 'stability': 81.7}",62.56830882281589,False,0.036068967840821475,25.34045772818785,,56.12620929546066,,False,"{""floor"": false, ""depressed_arms"": {""self_pct"": true, ""self_z"": true, ""median_ratio"": true}, ""yield_arm"": false, ""residual_arm"": false, ""brakes"": {""gm"": true, ""fcf_margin"": true, ""roic"": true}, ""self_pct"": 0.38461538461538464, ""self_z"": -2.4469937267634045, ""median_ratio"": 0.5530885416639539, ""fcf_yield"": 0.03806457550867706, ""yield_threshold"": 0.0495, ""gs10"": 0.0495, ""residual_pct"": null, ""brake_values"": {""gm"": 1.0202261028517974, ""fcf_margin"": 1.2316897678307468, ""roic"": 1.118869809346284}}",False,"{""floor"": false, ""mom_sector_pct"": 19.047619047619047, ""eps_rev_proxy"": null}"
AZO,866787,AutoZone,Consumer Discretionary,Automotive Retail,Consumer Discretionary Distribution and Retail,29.724845995893222,5.9986310746064335,736436612.4519756,-0.29444046075836594,-0.3254362823029848,-0.32269654256757585,10.0,0.5251256824348962,0.007899391470498967,,,0.17976027941071257,0.15758567833070375,0.13995427333200858,0.09651671128038758,9,9,False,0.08436605609642212,-0.04575106342143098,0.015161635423842856,False,0.5175387987523318,0.08171665506794794,0.12062220500607337,0.9855522517059427,,0.7654388792421851,0.7217990892890791,50.76923076923077,0.0071130424337667334,1.0014273792171167,260.0,sbc_unreported,2843.340087890625,16325355.0,46418536320.545654,59876828320.545654,10673740000.0,13458292000.0,3072342000.0,1439120000.0,,661538000.0,13458292000.0,19986403000.0,3602447000.0,1633222000.0,1633222000.0,2410804000.0,4263985000.0,2478124000.0,2851784058.2373667,0.20837584612976492,0.26717758332481084,16.621154543160706,36.661781631980006,0.027276361253750464,24.836871151925106,0.0402627204482836,18.73132108019843,0.6590558018888482,3.1562709531107638,302645000.0,1443000.0,0.02848935799447991,10.0,0.37015505739687454,0.38597011526553093,70.0,0.6159356944701716,1.1767382875598293,260.0,[],True,0.9,ig,Consumer Discretionary Distribution and Retail,62.5,,100.0,93.75,55.55555555555556,22.22222222222222,0.0,44.44444444444444,15.151515151515152,1.0,33.45712231969425,"{'profitability': 66.3, 'growth': 35.2, 'balance': 0.0, 'stability': 90.2}",35.13326298605422,False,0.23931765653942838,28.85886380834373,,34.295192652874235,,False,"{""floor"": false, ""depressed_arms"": {""self_pct"": false, ""self_z"": false, ""median_ratio"": false}, ""yield_arm"": false, ""residual_arm"": false, ""brakes"": {""gm"": true, ""fcf_margin"": false, ""roic"": false}, ""self_pct"": 70.0, ""self_z"": 0.6159356944701716, ""median_ratio"": 1.1767382875598293, ""fcf_yield"": 0.027276361253750464, ""yield_threshold"": 0.0495, ""gs10"": 0.0495, ""residual_pct"": null, ""brake_values"": {""gm"": 0.9855522517059427, ""fcf_margin"": null, ""roic"": 0.7217990892890791}}",False,"{""floor"": false, ""mom_sector_pct"": 15.151515151515152, ""eps_rev_proxy"": null}"
FTNT,1262039,Fortinet,Information Technology,Systems Software,Software and Services,7.953456536618754,5.9986310746064335,732614789.5674332,0.9686907092124848,0.0,1.1197818564998832,10.0,0.7794200707206859,0.027473272153326362,0.2829603198027521,0.27944503091539735,0.2071513558095127,0.32190464658520185,0.3175333843167245,0.2053468088721978,9,9,False,0.21252104718544174,0.18370167203478394,0.21270028359210702,False,0.8020432021680793,0.374750910008768,0.39069266944761805,1.029025595179343,1.3243938594287774,1.213690680119491,,90.76923076923077,1.1253865927580018,1.4330440522080792,260.0,ev_or_ic_nonpos,178.74000549316406,733713653.0,131143982367.62947,127537582367.62947,-2055300000.0,-3606400000.0,3396100000.0,279100000.0,296100000.0,159100000.0,-3606400000.0,7527400000.0,2442200000.0,3117000000.0,2820900000.0,2940900000.0,2601300000.0,2120742685.0,,,,52.22241518615571,45.211663783767406,0.02211818624465299,43.36685448931602,0.023059085372363425,61.83870551350244,1.4697681251226384,-1.3863837312113174,257400000.0,85984000.0,-0.16707244684474287,,,,85.0,0.8292288523237682,1.325168692323309,260.0,[],True,0.8,ig,Software and Services,,86.36363636363636,44.44444444444444,,63.63636363636363,38.095238095238095,85.0,27.272727272727266,83.05084745762711,1.0,86.89510499419173,"{'profitability': 100.0, 'growth': 100.0, 'balance': 100.0, 'stability': 86.9}",21.115146395639613,True,,,,54.00512569491567,22.0,False,"{""floor"": true, ""depressed_arms"": {""self_pct"": false, ""self_z"": false, ""median_ratio"": false}, ""yield_arm"": false, ""residual_arm"": false, ""brakes"": {""gm"": true, ""fcf_margin"": true, ""roic"": false}, ""self_pct"": 85.0, ""self_z"": 0.8292288523237682, ""median_ratio"": 1.325168692323309, ""fcf_yield"": 0.02211818624465299, ""yield_threshold"": 0.0495, ""gs10"": 0.0495, ""residual_pct"": null, ""brake_values"": {""gm"": 1.029025595179343, ""fcf_margin"": 1.3243938594287774, ""roic"": null}}",False,"{""floor"": true, ""mom_sector_pct"": 83.05084745762711, ""eps_rev_proxy"": 22.0}"
UNP,100885,Union Pacific Corporation,Industrials,Rail Transportation,Transportation,69.55783709787816,5.9986310746064335,728292854.8534954,0.32839707290214015,-0.10141651376877259,0.1961608404078774,10.0,,,0.23195249432241727,0.22685427135678393,0.08169301494439866,0.2805714303134275,0.2820904522613065,0.05727256070513881,6,9,False,0.046441301388703726,-0.00409540654240681,0.01753018201731682,False,,0.25596221959858323,0.30499803227075956,,1.1035113907539709,1.087060189735088,0.9748196182432454,57.692307692307686,0.24038123184754592,1.0269976503139244,260.0,sbc_unreported,275.5299987792969,594075498.0,163685621238.75018,194832621238.75018,51820000000.0,31147000000.0,10263000000.0,3759000000.0,,2513000000.0,31147000000.0,25410000000.0,10171000000.0,6504000000.0,6504000000.0,7750000000.0,12684000000.0,7330000000.0,7839477392.218717,0.22923238696109358,0.1512828520304654,19.155699659694246,29.955815073608576,0.0333825001103379,25.13969306306454,0.03977773306505515,22.330916949352,0.8873124147339699,2.455613371176285,,,0.0,7.0,0.15519061085690625,0.15382244592219566,59.61538461538461,0.35595979462865535,1.0488532238503223,260.0,[],True,0.9,ig,Transportation,54.54545454545454,100.0,,54.54545454545454,77.27272727272727,36.36363636363637,11.111111111111114,54.54545454545455,71.875,1.0,32.20610896553829,"{'profitability': 83.2, 'growth': 19.4, 'balance': 18.1, 'stability': 72.3}",41.69753533290795,False,0.11708165797500136,26.646073585372033,,36.95182214922312,,False,"{""floor"": false, ""depressed_arms"": {""self_pct"": false, ""self_z"": false, ""median_ratio"": false}, ""yield_arm"": false, ""residual_arm"": false, ""brakes"": {""gm"": false, ""fcf_margin"": true, ""roic"": true}, ""self_pct"": 59.61538461538461, ""self_z"": 0.35595979462865535, ""median_ratio"": 1.0488532238503223, ""fcf_yield"": 0.0333825001103379, ""yield_threshold"": 0.0495, ""gs10"": 0.0495, ""residual_pct"": null, ""brake_values"": {""gm"": null, ""fcf_margin"": 1.1035113907539709, ""roic"": 0.9748196182432454}}",False,"{""floor"": false, ""mom_sector_pct"": 71.875, ""eps_rev_proxy"": null}"
HON,773840,Honeywell Technologies,Industrials,Industrial Conglomerates,Capital Goods,69.55783709787816,5.9986310746064335,726974009.9059908,0.07726210237499775,-0.1608402712203204,0.05318318863864513,10.0,,,0.13661173049647984,0.1395758773569788,0.07242834065339265,0.12736324960003814,0.12883927140644197,0.08433565708029482,6,9,False,0.0278500503505279,0.004486161469561267,-0.008604211529697148,False,0.3933274552746096,0.11268807417730879,0.10389942831138542,,0.824878462250447,0.8157724354369356,0.7217397651105685,1.5384615384615385,-1.4107138056474526,0.7644862320315249,260.0,,212.57000732421875,316940010.0,67371940247.037964,91029940247.03796,42195000000.0,23658000000.0,5118000000.0,970000000.0,186000000.0,1279000000.0,23338000000.0,35159000000.0,7935000000.0,4148000000.0,3962000000.0,3653000000.0,9214000000.0,8213000000.0,6361022692.736299,0.19835882889271603,0.15075299662842276,11.47195214203377,22.975754731710744,0.04352414149946583,24.919228099380774,0.04012965393678664,8.20308538256885,0.5050529648118836,2.532884740612112,19967000000.0,6413000000.0,0.6251925583599952,4.0,0.20887445020481563,0.21060821526254975,1.5384615384615385,-1.6321270199875022,0.7544530676973322,260.0,[],True,0.9,ig,Capital Goods,67.56756756756756,78.04878048780488,,37.80487804878049,64.28571428571429,7.6923076923076925,24.324324324324323,97.5609756097561,46.875,1.0,23.929915947002502,"{'profitability': 60.2, 'growth': 13.5, 'balance': 15.6, 'stability': 72.9}",77.21915215404317,False,-0.20055886584123028,28.078337839969027,,50.574534050522836,,False,"{""floor"": false, ""depressed_arms"": {""self_pct"": true, ""self_z"": true, ""median_ratio"": true}, ""yield_arm"": false, ""residual_arm"": false, ""brakes"": {""gm"": false, ""fcf_margin"": false, ""roic"": false}, ""self_pct"": 1.5384615384615385, ""self_z"": -1.6321270199875022, ""median_ratio"": 0.7544530676973322, ""fcf_yield"": 0.04352414149946583, ""yield_threshold"": 0.0495, ""gs10"": 0.0495, ""residual_pct"": null, ""brake_values"": {""gm"": null, ""fcf_margin"": 0.824878462250447, ""roic"": 0.7217397651105685}}",False,"{""floor"": false, ""mom_sector_pct"": 46.875, ""eps_rev_proxy"": null}"
CMCSA,1166691,Comcast,Communication Services,Cable & Satellite,Media and Entertainment,23.8466803559206,5.9986310746064335,725506230.3571653,-0.04565754406858025,-0.27536730567321854,-0.2047146312684326,10.0,,,0.13684120459358895,0.12353173428091994,0.14409407456016202,0.10873036324231584,0.10630737340835061,0.13491370891090426,7,9,False,0.03618450068524881,0.07070616175279487,0.09102383187198626,False,,0.15270127457887658,0.12318260424005636,,1.1159012742718188,1.1329181708473863,0.8686864948629768,0.38461538461538464,-2.0693901804851245,0.4887836731963121,260.0,shares_was_proxy,22.549999237060547,3564000000.0,80368197280.88379,84910197280.88379,94305000000.0,4542000000.0,32517000000.0,12073000000.0,1371000000.0,15760000000.0,4535000000.0,124904000000.0,18318000000.0,20444000000.0,19073000000.0,15386000000.0,34078000000.0,11199000000.0,14114771543.086172,0.22945891783567135,0.14967150780007604,4.635342137836215,4.451853262773753,0.22462555276966703,5.518666143304549,0.1812032063605147,7.176372647636734,1.8255201357264041,0.13307705851282353,53070000000.0,79925000000.0,1.4102645670961242,10.0,0.17229634475172156,0.15818887429972628,1.5384615384615385,-1.9659974565794582,0.5041828629198151,260.0,[],True,0.9,ig,Media and Entertainment,50.0,55.55555555555556,,93.75,72.22222222222221,75.0,77.77777777777777,88.88888888888889,54.54545454545454,1.0,50.547367644746586,"{'profitability': 62.1, 'growth': 44.5, 'balance': 95.6, 'stability': 75.6}",91.56028368794327,False,-1.5040680891528626,32.330394219880816,,71.05382566634492,,False,"{""floor"": false, ""depressed_arms"": {""self_pct"": true, ""self_z"": true, ""median_ratio"": true}, ""yield_arm"": true, ""residual_arm"": false, ""brakes"": {""gm"": false, ""fcf_margin"": true, ""roic"": false}, ""self_pct"": 1.5384615384615385, ""self_z"": -1.9659974565794582, ""median_ratio"": 0.5041828629198151, ""fcf_yield"": 0.22462555276966703, ""yield_threshold"": 0.0495, ""gs10"": 0.0495, ""residual_pct"": null, ""brake_values"": {""gm"": null, ""fcf_margin"": 1.1159012742718188, ""roic"": 0.8686864948629768}}",False,"{""floor"": false, ""mom_sector_pct"": 54.54545454545454, ""eps_rev_proxy"": null}"
MCHP,827054,Microchip Technology,Information Technology,Semiconductors,Semiconductors and Semiconductor Equipment,19.04722792607803,5.9986310746064335,720784929.9259546,0.16175414760885642,-0.2384040274347452,0.20317138329303774,10.0,0.6239912727819514,0.07355780748229103,0.2532650122478004,0.3183092318977261,0.4895780190996826,0.1491342829316765,0.21829963787769943,0.8644354055059223,6,9,False,-0.028221913703690094,-0.13741197174832065,-0.5014421776466628,False,0.601936630029479,0.16270034945239442,0.04794721121371259,0.9646555269048142,0.6424114725061376,0.3215036158766985,0.533981680382873,87.98076923076923,0.24063664433283619,6.7348018914516246,208.0,,75.52999877929688,543008691.0,41013445768.377594,46246845768.377594,11684400000.0,5233400000.0,1198000000.0,87100000.0,277500000.0,674900000.0,5233400000.0,5122300000.0,794800000.0,1110900000.0,833400000.0,245600000.0,1469700000.0,478400000.0,656478453.038674,0.17403314917127072,0.05618418173279535,58.18677122342425,55.49177558000671,0.018020688463252072,188.30148928492505,0.005310632453293387,85.73044684025417,2.3221153846153846,3.560862761107709,6695500000.0,5939500000.0,1.0813563383656841,4.0,0.10521743310090795,0.11946060964878757,75.0,1.3625595906479413,2.550898142931696,260.0,"['rev_cagr5 gate', 'fcf_cagr5 gate']",False,1.0,ig,Semiconductors and Semiconductor Equipment,14.285714285714285,81.25,81.25,33.33333333333333,65.625,93.33333333333333,0.0,18.75,49.152542372881356,1.0,9.596488495418713,"{'profitability': 46.6, 'growth': 0.0, 'balance': 0.0, 'stability': 51.5}",21.58439802833733,False,0.021382288217423273,54.317829989548045,,15.590443261878022,,False,"{""floor"": false, ""depressed_arms"": {""self_pct"": false, ""self_z"": false, ""median_ratio"": false}, ""yield_arm"": false, ""residual_arm"": false, ""brakes"": {""gm"": false, ""fcf_margin"": false, ""roic"": false}, ""self_pct"": 75.0, ""self_z"": 1.3625595906479413, ""median_ratio"": 2.550898142931696, ""fcf_yield"": 0.018020688463252072, ""yield_threshold"": 0.0495, ""gs10"": 0.0495, ""residual_pct"": null, ""brake_values"": {""gm"": 0.9646555269048142, ""fcf_margin"": 0.6424114725061376, ""roic"": 0.533981680382873}}",False,"{""floor"": false, ""mom_sector_pct"": 49.152542372881356, ""eps_rev_proxy"": null}"
CDNS,813672,Cadence Design Systems,Information Technology,Application Software,Software and Services,9.015742642026009,5.9986310746064335,706393920.0463974,-0.027762620632955426,-0.2021219322898794,-0.11716315080954265,10.0,,,0.22198518524072827,0.2252398907966922,0.1596177471548714,0.2086427162941821,0.21473740985910464,0.15134805224098605,9,9,False,0.1457277629468552,0.14393610637353804,0.13224518533976393,False,,0.17077827657678335,0.15415493904167285,,0.7693228554490499,0.7388464921263651,0.5430436785927608,76.53846153846153,0.5761891466571674,1.1798876012275294,260.0,gm_derived,309.0899963378906,275816000.0,85251966429.93164,84218037429.93164,5527534000.0,-1033929000.0,1597542000.0,167630000.0,485745000.0,259534000.0,-1033929000.0,5528613000.0,1561851000.0,1429912000.0,944167000.0,852263000.0,1821385000.0,1170969000.0,1147025316.2643764,0.265598756690378,0.20751121861292512,53.92194097255861,89.19824292729109,0.011210983167181202,98.8169584153385,0.010119720501787662,72.80463140350568,1.22113565773304,-0.5676608734561885,4929581000.0,591028000.0,0.998747180930954,10.0,0.3821262023538661,0.37370047619423696,71.92307692307692,0.3787798397488521,1.1145614585430554,260.0,[],True,0.9,ig,Software and Services,78.94736842105263,72.72727272727273,,97.5,63.63636363636363,19.047619047619047,70.0,22.727272727272734,28.8135593220339,1.0,83.69548927680673,"{'profitability': 84.2, 'growth': 100.0, 'balance': 100.0, 'stability': 89.4}",22.09637038535746,True,0.952145609147482,34.42268284535458,90.54054054054053,52.89592983108209,6.0,False,"{""floor"": true, ""depressed_arms"": {""self_pct"": false, ""self_z"": false, ""median_ratio"": false}, ""yield_arm"": false, ""residual_arm"": false, ""brakes"": {""gm"": false, ""fcf_margin"": false, ""roic"": false}, ""self_pct"": 71.92307692307692, ""self_z"": 0.3787798397488521, ""median_ratio"": 1.1145614585430554, ""fcf_yield"": 0.011210983167181202, ""yield_threshold"": 0.0495, ""gs10"": 0.0495, ""residual_pct"": 90.54054054054053, ""brake_values"": {""gm"": null, ""fcf_margin"": 0.7693228554490499, ""roic"": 0.5430436785927608}}",False,"{""floor"": true, ""mom_sector_pct"": 28.8135593220339, ""eps_rev_proxy"": 6.0}"
WDAY,1327811,"Workday, Inc.",Information Technology,Application Software,Software and Services,1.7522245037645447,5.9986310746064335,691807683.2495803,-0.170065258278838,-0.20749740522013393,-0.22009159479925633,7.0,,,0.0672192589275002,0.07435023053681358,0.2610073822841178,0.06765280566158013,0.07301281168204987,0.6366513802938552,9,9,False,0.17209392670406998,,,False,,0.11797144263909404,0.11619891678975874,,1.7550244456924606,1.7175772039820638,,12.145748987854251,-0.46587213534957594,0.34774614208175925,247.0,shares_was_proxy;gm_derived,192.3800048828125,245181000.0,47167921977.17285,47536921977.17285,6829000000.0,369000000.0,3081000000.0,237000000.0,1646000000.0,255000000.0,369000000.0,10155000000.0,1085000000.0,2844000000.0,1198000000.0,1180000000.0,1340000000.0,1251000000.0,1057114485.9813085,0.02570093457943925,0.15479784536261657,43.81283131536669,39.68023537326615,0.02520146341353943,40.285527099299024,0.024822810373937,37.70417424234441,2.273381294964029,0.2753731343283582,5227000000.0,383000000.0,0.8214965587933811,0.0,,,12.550607287449392,-0.7396783130619777,0.2975417915820296,247.0,['fcf_cagr5 gate'],False,0.8,ig,Software and Services,,9.090909090909092,,15.0,9.090909090909092,76.19047619047619,40.0,31.818181818181827,18.64406779661017,1.0,64.9843959750395,"{'profitability': 53.6, 'growth': 100.0, 'balance': 90.8, 'stability': 82.6}",46.212276548239785,True,,,,55.598336261639645,19.0,False,"{""floor"": true, ""depressed_arms"": {""self_pct"": true, ""self_z"": false, ""median_ratio"": true}, ""yield_arm"": false, ""residual_arm"": false, ""brakes"": {""gm"": false, ""fcf_margin"": true, ""roic"": false}, ""self_pct"": 12.550607287449392, ""self_z"": -0.7396783130619777, ""median_ratio"": 0.2975417915820296, ""fcf_yield"": 0.02520146341353943, ""yield_threshold"": 0.0495, ""gs10"": 0.0495, ""residual_pct"": null, ""brake_values"": {""gm"": null, ""fcf_margin"": 1.7550244456924606, ""roic"": null}}",True,"{""floor"": true, ""mom_sector_pct"": 18.64406779661017, ""eps_rev_proxy"": 19.0}"
SNPS,883241,Synopsys,Information Technology,Application Software,Software and Services,9.52498288843258,5.9986310746064335,690728361.6420335,-0.09256606427361214,-0.2134887023131602,-0.15314911167671486,10.0,0.7946476583909342,0.016588977037796018,0.16710025916525123,0.17870656226177667,0.0832666902490432,0.13673282658828487,0.16789387918121312,0.6220302268118992,9,9,False,0.13866287520721876,0.1002950225005994,,False,0.7237516414068337,0.19090922124172924,0.01881608437986017,0.9107830794749255,1.1424830948522497,0.137612048615927,0.10209136885058233,100.0,3.2914727730910314,4.471219567381774,250.0,,413.05999755859375,191636646.0,79157432528.8971,86390392528.8971,38385499000.0,7232960000.0,2938341000.0,190635000.0,950016000.0,1811144000.0,7234120000.0,9416465000.0,802356000.0,2747706000.0,1797690000.0,177181000.0,2613500000.0,1076559000.0,664571500.458509,0.17172489461223076,0.017313087435922324,107.67089986103063,48.056334812396514,0.020808911122827494,487.5827121920358,0.0020509340774291997,73.52818798495679,2.552304146823351,2.7679816338243732,26834774000.0,336723000.0,0.7078583764144892,6.0,0.16958424233944014,0.21763821244221634,23.46153846153846,-0.31693996949771513,0.6797301427633882,260.0,[],True,1.0,ig,Software and Services,57.89473684210527,31.818181818181817,61.111111111111114,67.5,63.63636363636363,85.71428571428571,10.0,13.63636363636364,22.033898305084744,1.0,43.21337004821303,"{'profitability': 40.1, 'growth': 91.8, 'balance': 7.7, 'stability': 94.2}",37.993156895842446,False,0.34910736556538957,33.89496909472981,,40.603263472027734,,False,"{""floor"": false, ""depressed_arms"": {""self_pct"": false, ""self_z"": false, ""median_ratio"": true}, ""yield_arm"": false, ""residual_arm"": false, ""brakes"": {""gm"": false, ""fcf_margin"": true, ""roic"": false}, ""self_pct"": 23.46153846153846, ""self_z"": -0.31693996949771513, ""median_ratio"": 0.6797301427633882, ""fcf_yield"": 0.020808911122827494, ""yield_threshold"": 0.0495, ""gs10"": 0.0495, ""residual_pct"": null, ""brake_values"": {""gm"": 0.9107830794749255, ""fcf_margin"": 1.1424830948522497, ""roic"": 0.10209136885058233}}",False,"{""floor"": false, ""mom_sector_pct"": 22.033898305084744, ""eps_rev_proxy"": null}"
HWM,4281,Howmet Aerospace,Industrials,Aerospace & Defense,Capital Goods,9.924709103353868,5.9986310746064335,677970689.1087097,0.37406904920195405,-0.20886643414574946,0.18693414443882017,5.0,,,0.10216369093517774,0.09518072289156626,0.5188785099295833,0.10047309090255807,0.08719879518072289,0.6657987551961007,6,9,False,0.09428692393516935,,,False,,0.1964461994076999,0.21037622024788857,,1.922857304875015,2.0938563585340275,1.459947405338947,,,,,sbc_unreported;gm_derived,228.77999877929688,398801399.0,91237783576.40189,95338783576.40189,9833000000.0,4101000000.0,2221000000.0,430000000.0,,303000000.0,4101000000.0,9117000000.0,2495000000.0,1791000000.0,1791000000.0,1918000000.0,2798000000.0,1871000000.0,2045637598.5977213,0.1801051709027169,0.20803799436567896,38.2119373051711,53.23215163394857,0.018785639304541177,49.70739498248273,0.02011773098051925,48.76418149460282,0.9572421165152325,1.4656897784131522,5084000000.0,457000000.0,0.5635106274788976,3.0,0.14249691023450264,0.12899990538366923,,,,,['fcf_cagr5 gate'],False,0.8,ig,Capital Goods,56.75675675675676,51.21951219512195,,28.04878048780488,8.333333333333332,33.33333333333333,56.75675675675676,14.63414634146342,79.6875,1.0,26.41301403082357,"{'profitability': 51.3, 'growth': 78.6, 'balance': 51.1, 'stability': 44.4}",,False,0.646936392126567,27.87488699258161,,,,False,"{""floor"": false, ""depressed_arms"": {""self_pct"": false, ""self_z"": false, ""median_ratio"": false}, ""yield_arm"": false, ""residual_arm"": false, ""brakes"": {""gm"": false, ""fcf_margin"": true, ""roic"": true}, ""self_pct"": null, ""self_z"": null, ""median_ratio"": null, ""fcf_yield"": 0.018785639304541177, ""yield_threshold"": 0.0495, ""gs10"": 0.0495, ""residual_pct"": null, ""brake_values"": {""gm"": null, ""fcf_margin"": 1.922857304875015, ""roic"": 1.459947405338947}}",False,"{""floor"": false, ""mom_sector_pct"": 79.6875, ""eps_rev_proxy"": null}"
FIX,1035983,Comfort Systems USA,Industrials,Construction & Engineering,Capital Goods,0.75564681724846,5.9986310746064335,676569035.2254057,0.8919885888542343,-0.1836656681422666,1.0254978385688909,10.0,0.19659443124877105,0.08100351152728659,0.17252296145824347,0.10213472485768502,0.5853704711450496,0.1806172260737498,0.09774860846198549,0.6859689192105073,8,9,False,-0.08508751361229527,0.3149343608446671,0.38861010216781766,False,0.27509703312732825,0.536067569066539,0.6226427728038904,1.3993124392176695,3.107224479196561,3.4473055883919526,1.725476250779451,35.38461538461539,-0.21890626943600333,0.8884787801239897,260.0,,1625.9000244140625,35194329.0,57222460380.33655,55756359380.33655,1751168000.0,-1466101000.0,2550065000.0,390259000.0,38228000.0,47623000.0,-1484385000.0,3957669000.0,743811000.0,2159806000.0,2121578000.0,2464214000.0,791434000.0,1434401000.0,601318080.3392045,0.19157140679661291,0.34338114923251484,74.9603856091622,26.280607821318164,0.03805087031468219,22.626427485736446,0.04419610654975884,39.89293118196135,1.5057198091747008,-1.8755638499230511,1101475000.0,534580000.0,0.9342650162634311,6.0,0.19900659257257175,0.14350713819195393,56.15384615384615,0.18747731594243652,1.0924210303116486,260.0,"['tenure<1y', 'rev_cagr5 gate']",False,1.0,ig,Capital Goods,64.86486486486487,92.6829268292683,18.75,46.34146341463415,64.28571428571429,89.74358974358975,94.5945945945946,4.878048780487802,98.4375,1.0,41.42044692654132,"{'profitability': 56.3, 'growth': 50.0, 'balance': 100.0, 'stability': 61.3}",29.38931402642334,False,-0.0652467441112039,28.05250874027223,,35.404880476482326,,False,"{""floor"": false, ""depressed_arms"": {""self_pct"": false, ""self_z"": false, ""median_ratio"": false}, ""yield_arm"": false, ""residual_arm"": false, ""brakes"": {""gm"": true, ""fcf_margin"": true, ""roic"": true}, ""self_pct"": 56.15384615384615, ""self_z"": 0.18747731594243652, ""median_ratio"": 1.0924210303116486, ""fcf_yield"": 0.03805087031468219, ""yield_threshold"": 0.0495, ""gs10"": 0.0495, ""residual_pct"": null, ""brake_values"": {""gm"": 1.3993124392176695, ""fcf_margin"": 3.107224479196561, ""roic"": 1.725476250779451}}",False,"{""floor"": false, ""mom_sector_pct"": 98.4375, ""eps_rev_proxy"": null}"
CVS,64803,CVS Health,Health Care,Health Care Services,Health Care Equipment and Services,69.55783709787816,5.9986310746064335,672708645.5558684,0.2671732425855795,-0.20308147101584184,0.16913279858314167,10.0,,,0.03071697999167266,0.027411005768972766,0.3240091096033006,0.025839506839701393,0.023679620768301955,0.4104448589873081,9,9,False,0.08393742925077285,,,False,0.4449078022385723,0.026604125410155968,0.02299041644382128,,0.8661048520189263,0.889738979402556,0.9643303543684867,50.0,-0.0008956049753561036,0.9992268314592487,246.0,,85.86000061035156,1278970369.0,109812396662.96156,183946396662.96155,153836000000.0,74134000000.0,14780000000.0,3022000000.0,715000000.0,4522000000.0,73937000000.0,415086000000.0,8288000000.0,11758000000.0,11043000000.0,9543000000.0,12810000000.0,4890000000.0,6996177639.536893,0.15586659754622428,0.04547815621530001,22.19430461667007,16.657284855832796,0.06003379354167886,19.275531453731695,0.05187924402501507,22.456522834961465,2.4044989775051127,5.771818891491023,85478000000.0,10498000000.0,0.6238851764216439,2.0,0.047160349157610415,0.04058011647135661,48.84615384615385,-0.009557179012021758,0.9856493100323105,260.0,['fcf_cagr5 gate'],False,0.9,ig,Health Care Equipment and Services,14.814814814814813,17.24137931034483,,35.714285714285715,58.333333333333336,89.65517241379311,0.0,36.66666666666667,57.14285714285714,1.0,21.30166300070467,"{'profitability': 15.5, 'growth': 69.9, 'balance': 0.0, 'stability': 78.4}",47.563329551865365,False,-0.40538029334462333,24.983808198100913,,34.43249627628502,,False,"{""floor"": false, ""depressed_arms"": {""self_pct"": false, ""self_z"": false, ""median_ratio"": false}, ""yield_arm"": true, ""residual_arm"": false, ""brakes"": {""gm"": false, ""fcf_margin"": false, ""roic"": true}, ""self_pct"": 48.84615384615385, ""self_z"": -0.009557179012021758, ""median_ratio"": 0.9856493100323105, ""fcf_yield"": 0.06003379354167886, ""yield_threshold"": 0.0495, ""gs10"": 0.0495, ""residual_pct"": null, ""brake_values"": {""gm"": null, ""fcf_margin"": 0.8661048520189263, ""roic"": 0.9643303543684867}}",False,"{""floor"": false, ""mom_sector_pct"": 57.14285714285714, ""eps_rev_proxy"": null}"
SBUX,829224,Starbucks,Consumer Discretionary,Restaurants,Consumer Services,26.297056810403834,5.9986310746064335,657221816.713672,0.32632474237927744,-0.12712099470045346,0.15772102183220094,10.0,,,0.0898828895044791,0.08319834587380653,0.23130852669390775,0.1057793537095246,0.11595745268989004,0.21597106099244498,8,9,True,0.09595337505976698,-0.14298220922492444,-0.1054818622589877,True,,0.08549414032442754,0.07706914495426245,,0.9511725846348891,0.7285840029416155,0.6130110097877871,70.38461538461539,0.6421569418024632,1.2123675156638118,260.0,gm_derived,94.13999938964844,1140000000.0,107319599304.19922,126150599304.19922,11156700000.0,18831000000.0,4985900000.0,1343800000.0,364400000.0,1666800000.0,18823800000.0,38338300000.0,2977500000.0,3642100000.0,3277700000.0,2954700000.0,4644300000.0,1982800000.0,1918601033.7429295,0.3556335738898641,0.17196850625569654,42.367959464046756,38.48753678011997,0.025982437008453388,42.69489264703666,0.023422005256392354,54.12527703459715,1.8368468831954812,4.053097345132743,1238800000.0,296200000.0,0.13758548674787346,9.0,0.2805308608000838,0.3004904593713034,37.69230769230769,-0.4045146986549745,0.8787649994486421,260.0,['fcf_cagr5 gate'],False,0.9,ig,Consumer Services,91.66666666666666,61.53846153846154,,100.0,80.76923076923077,84.61538461538461,22.222222222222214,0.0,87.87878787878788,1.0,27.663770743832895,"{'profitability': 59.6, 'growth': 40.0, 'balance': 0.0, 'stability': 77.2}",30.773454506791335,False,0.4827754124580075,23.749442497845678,,29.218612625312115,,False,"{""floor"": false, ""depressed_arms"": {""self_pct"": false, ""self_z"": false, ""median_ratio"": false}, ""yield_arm"": false, ""residual_arm"": false, ""brakes"": {""gm"": false, ""fcf_margin"": true, ""roic"": false}, ""self_pct"": 37.69230769230769, ""self_z"": -0.4045146986549745, ""median_ratio"": 0.8787649994486421, ""fcf_yield"": 0.025982437008453388, ""yield_threshold"": 0.0495, ""gs10"": 0.0495, ""residual_pct"": null, ""brake_values"": {""gm"": null, ""fcf_margin"": 0.9511725846348891, ""roic"": 0.6130110097877871}}",False,"{""floor"": false, ""mom_sector_pct"": 87.87878787878788, ""eps_rev_proxy"": null}"
MDT,1613103,Medtronic,Health Care,Health Care Equipment,Health Care Equipment and Services,39.898699520876114,5.9986310746064335,645484600.2647235,-0.0077786535604076334,-0.1312128896689143,-0.028769417902901773,10.0,,,0.14792446034464962,0.14181351939648745,0.08538024080072006,0.11322082245849044,0.11193607060858157,0.11287353506544918,7,9,False,0.038417474974348664,0.021228777171166335,0.04154819570596069,False,0.650098556283629,0.15012519311704225,0.12252943370092163,,1.0148774095052646,1.0822164248616368,1.1506337414540628,6.923076923076923,-0.9527391190181279,0.8468280818183934,260.0,,89.30000305175781,1279137890.0,114227017480.61905,131947019480.61905,67952002000.0,17720002000.0,8035000000.0,1903000000.0,496000000.0,2939000000.0,17102000000.0,37542000000.0,6786000000.0,6132000000.0,5636000000.0,4600000000.0,9725000000.0,430004801.0,5416056338.028169,0.20187793427230047,0.07970414673033722,19.44400522850266,23.411465486270234,0.042714113757058685,28.684134669699795,0.03486247751640702,265.6412607835489,14.26030589830554,1.758560411311054,43187000000.0,27262000000.0,1.036746496446124,0.0,0.06926978052078901,0.07582692183093777,16.153846153846153,-0.8517597620302624,0.9049301201965132,260.0,[],True,0.9,ig,Health Care Equipment and Services,25.925925925925924,75.86206896551724,,8.928571428571429,58.333333333333336,100.0,40.74074074074075,56.666666666666664,26.190476190476193,1.0,30.841720919308656,"{'profitability': 47.3, 'growth': 24.9, 'balance': 41.4, 'stability': 79.5}",58.49508519094739,False,-0.07231310679878566,25.16713526483099,,44.668403055128024,,False,"{""floor"": false, ""depressed_arms"": {""self_pct"": true, ""self_z"": false, ""median_ratio"": false}, ""yield_arm"": false, ""residual_arm"": false, ""brakes"": {""gm"": false, ""fcf_margin"": true, ""roic"": true}, ""self_pct"": 16.153846153846153, ""self_z"": -0.8517597620302624, ""median_ratio"": 0.9049301201965132, ""fcf_yield"": 0.042714113757058685, ""yield_threshold"": 0.0495, ""gs10"": 0.0495, ""residual_pct"": null, ""brake_values"": {""gm"": null, ""fcf_margin"": 1.0148774095052646, ""roic"": 1.1506337414540628}}",False,"{""floor"": false, ""mom_sector_pct"": 26.190476190476193, ""eps_rev_proxy"": null}"
F,37996,Ford Motor Company,Consumer Discretionary,Automobile Manufacturers,Consumer Durables and Apparel,69.55783709787816,5.9986310746064335,637278719.7315743,0.2095865290438612,-0.24999176396610245,0.12766923985686995,9.0,0.13324574356055613,0.24677735648354715,0.039700696966098556,0.03531394906663791,0.5843633148779162,0.03125951592536076,0.03841285877258203,0.6480181591880756,7,9,False,0.08052066341481323,-0.07617146693896004,-0.20695747901764305,False,0.08043779396505868,0.047650649685822784,0.012698763832487978,0.6036800262103844,1.2002471827261092,0.4062367396478301,1.5508184675126946,92.3076923076923,2.7325054847759414,9.50669050073294,247.0,shares_was_proxy;gm_derived,12.9399995803833,3991000000.0,51643538325.30975,24752538325.309753,10562000000.0,-26891000000.0,18919000000.0,9373000000.0,499000000.0,16009000000.0,-26922000000.0,189861000000.0,-7159000000.0,9546000000.0,9047000000.0,2411000000.0,8850000000.0,,-5918477228.325975,0.17328157168236133,-0.5603557307636788,,2.7359940671283027,0.36549786858624267,10.266502830904086,0.09740415178085897,,,-3.0420338983050845,483000000.0,170000000.0,0.061825411853815564,5.0,-0.36132902883366774,0.46524879216498705,89.06882591093117,1.5705231092512457,3.0084308583650508,247.0,['fcf_cagr5 gate'],False,0.8,ig,Consumer Durables and Apparel,12.5,10.0,12.5,38.88888888888889,25.0,,80.0,,78.78787878787878,1.0,16.817741597099186,"{'profitability': 7.1, 'growth': 33.6, 'balance': 100.0, 'stability': 39.2}",,False,,,,,,False,"{""floor"": false, ""depressed_arms"": {""self_pct"": false, ""self_z"": false, ""median_ratio"": false}, ""yield_arm"": true, ""residual_arm"": false, ""brakes"": {""gm"": false, ""fcf_margin"": true, ""roic"": true}, ""self_pct"": 89.06882591093117, ""self_z"": 1.5705231092512457, ""median_ratio"": 3.0084308583650508, ""fcf_yield"": 0.36549786858624267, ""yield_threshold"": 0.0495, ""gs10"": 0.0495, ""residual_pct"": null, ""brake_values"": {""gm"": 0.6036800262103844, ""fcf_margin"": 1.2002471827261092, ""roic"": 1.5508184675126946}}",False,"{""floor"": false, ""mom_sector_pct"": 78.78787878787878, ""eps_rev_proxy"": null}"
PWR,1050915,Quanta Services,Industrials,Construction & Engineering,Capital Goods,17.232032854209447,5.9986310746064335,630368746.7909931,0.4877990717901872,-0.17531782587810651,0.5672866233132448,10.0,0.1475346341239276,0.024182864034821915,0.039690042546249055,0.04857662068844642,0.508076692604365,0.03161097397375563,0.039947405339319446,0.600045286602893,8,9,False,0.2051545611518748,,,False,0.1545648187486818,0.06580795583911814,0.05840993230844786,1.047651079805769,1.6580469966096667,1.8477738888065114,1.2731317691937425,31.62393162393162,-0.05192580649783343,0.7522147948826463,234.0,,634.9000244140625,150343393.0,95453023886.193,98135401886.193,12320320000.0,2682378000.0,3178249000.0,787091000.0,225738000.0,1030524000.0,2578377000.0,32905140000.0,2035759000.0,2391158000.0,2165420000.0,1921987000.0,3066283000.0,1340415000.0,1565980503.6620963,0.230763315470006,0.12710550567372408,48.20580524816199,45.31933845914095,0.022065635421875826,51.059347376539485,0.019585052519873677,71.21154559311333,1.78389379408616,0.8408803101344526,7868886000.0,3217584000.0,0.899852438897691,3.0,0.09983688157763773,0.10345907512982935,35.62753036437247,-0.05034512191147382,0.8896118265149948,247.0,['fcf_cagr5 gate'],False,1.0,ig,Capital Goods,24.324324324324326,9.75609756097561,9.375,28.04878048780488,64.28571428571429,94.87179487179486,75.67567567567568,7.317073170731703,87.5,1.0,44.118784893228316,"{'profitability': 35.6, 'growth': 100.0, 'balance': 72.0, 'stability': 67.0}",32.30417427990992,False,0.49277345089014135,27.686927989120484,,38.21147958656912,,False,"{""floor"": false, ""depressed_arms"": {""self_pct"": false, ""self_z"": false, ""median_ratio"": false}, ""yield_arm"": false, ""residual_arm"": false, ""brakes"": {""gm"": true, ""fcf_margin"": true, ""roic"": true}, ""self_pct"": 35.62753036437247, ""self_z"": -0.05034512191147382, ""median_ratio"": 0.8896118265149948, ""fcf_yield"": 0.022065635421875826, ""yield_threshold"": 0.0495, ""gs10"": 0.0495, ""residual_pct"": null, ""brake_values"": {""gm"": 1.047651079805769, ""fcf_margin"": 1.6580469966096667, ""roic"": 1.2731317691937425}}",False,"{""floor"": false, ""mom_sector_pct"": 87.5, ""eps_rev_proxy"": null}"
VRTX,875320,Vertex Pharmaceuticals,Health Care,Biotechnology,Pharmaceuticals Biotechnology and Life Sciences,13.00205338809035,5.9986310746064335,600120602.3651922,0.4042879041716061,-0.05785961434868003,0.3385701247665336,9.0,0.8710581185761932,0.009325386393999456,0.1994603070790299,0.2597037389100127,0.6932130193927832,0.20943781513893778,0.274147127165188,0.8916470902314352,9,9,False,0.14100488310526438,0.013024357577106516,0.0015571251147354914,False,0.8599529680945722,0.24683805770941908,0.268661815177323,0.9872509649530927,1.2375297186904322,1.2827760593238473,0.6352873450517654,83.09178743961353,1.0060225986962168,1.2331142723289226,207.0,gm_derived,516.3400268554688,253460924.0,130872020304.97192,125291720304.97192,14667600000.0,-5580300000.0,4292900000.0,496800000.0,689100000.0,222100000.0,-5580300000.0,12587200000.0,4777100000.0,3796100000.0,3107000000.0,3381700000.0,4999200000.0,4405200000.0,3989777404.493317,0.16481183050526116,0.2720129676629658,26.227569091074486,40.325626103949766,0.024798127062484795,37.049921727229474,0.02699061032739132,29.708530896434198,0.8617315899391628,-1.1162385981757081,1088000000.0,236300000.0,0.09028743625405657,6.0,0.428173124778365,0.43528024329737486,86.47342995169082,1.0975253295976102,1.271427649112261,207.0,[],True,1.0,ig,Pharmaceuticals Biotechnology and Life Sciences,100.0,58.333333333333336,100.0,70.83333333333334,16.666666666666664,11.11111111111111,91.66666666666667,70.0,80.95238095238095,1.0,63.97583590275062,"{'profitability': 99.4, 'growth': 55.4, 'balance': 100.0, 'stability': 74.1}",34.05645939534118,True,0.13144550024725898,35.35860020735695,52.702702702702695,49.0161476490459,9.0,False,"{""floor"": true, ""depressed_arms"": {""self_pct"": false, ""self_z"": false, ""median_ratio"": false}, ""yield_arm"": false, ""residual_arm"": false, ""brakes"": {""gm"": true, ""fcf_margin"": true, ""roic"": false}, ""self_pct"": 86.47342995169082, ""self_z"": 1.0975253295976102, ""median_ratio"": 1.271427649112261, ""fcf_yield"": 0.024798127062484795, ""yield_threshold"": 0.0495, ""gs10"": 0.0495, ""residual_pct"": 52.702702702702695, ""brake_values"": {""gm"": 0.9872509649530927, ""fcf_margin"": 1.2375297186904322, ""roic"": 0.6352873450517654}}",False,"{""floor"": true, ""mom_sector_pct"": 80.95238095238095, ""eps_rev_proxy"": 9.0}"
SHW,89800,Sherwin-Williams,Materials,Specialty Chemicals,Materials,62.234086242299796,5.9986310746064335,589636716.1733248,0.018195730061951076,-0.11499055833048943,-0.03613007175430616,10.0,0.4578350353148436,0.061498395438229075,0.08856759496455152,0.08899150647293001,0.24455291392691372,0.09432119911976286,0.10351754442929195,0.2873580052044409,9,9,False,0.05124800274973418,-0.030889145816553554,-0.005935379353634751,False,0.489817822804308,0.12670880734771797,0.12453759273749196,1.0698565750160876,1.4306452308932196,1.320356334522023,,3.076923076923077,-0.6814207674824787,0.7466136909923876,260.0,,326.4599914550781,242758151.0,79250823901.11057,93382748901.11057,17986625000.0,14131925000.0,3886700000.0,673500000.0,120200000.0,726500000.0,14117300000.0,24410300000.0,,3213200000.0,3093000000.0,3040000000.0,,2688200000.0,,0.23013918322928004,,,30.191642063081332,0.03312174932090927,30.718009506944266,0.032554192672345356,29.480999888814285,1.1952979689011234,,8023200000.0,3966100000.0,0.6665675189203089,5.0,0.1892866797451632,0.1855246972080784,2.6923076923076925,-1.1209443090680706,0.658828336977516,260.0,[],True,0.8,ig,Materials,83.33333333333334,71.42857142857143,100.0,60.71428571428571,71.42857142857143,81.81818181818183,,,28.57142857142857,0.7,37.40385621816257,"{'profitability': 64.2, 'growth': 21.4, 'balance': None, 'stability': 81.6}",,False,0.0504678484399399,28.70574522419817,,,,False,"{""floor"": false, ""depressed_arms"": {""self_pct"": true, ""self_z"": true, ""median_ratio"": true}, ""yield_arm"": false, ""residual_arm"": false, ""brakes"": {""gm"": true, ""fcf_margin"": true, ""roic"": false}, ""self_pct"": 2.6923076923076925, ""self_z"": -1.1209443090680706, ""median_ratio"": 0.658828336977516, ""fcf_yield"": 0.03312174932090927, ""yield_threshold"": 0.0495, ""gs10"": 0.0495, ""residual_pct"": null, ""brake_values"": {""gm"": 1.0698565750160876, ""fcf_margin"": 1.4306452308932196, ""roic"": null}}",False,"{""floor"": false, ""mom_sector_pct"": 28.57142857142857, ""eps_rev_proxy"": null}"
RCL,884887,Royal Caribbean Group,Consumer Discretionary,"Hotels, Resorts & Cruise Lines",Consumer Services,11.80287474332649,5.9986310746064335,587331596.3395659,-0.13329178953559095,-0.32726910392946273,-0.28138208101859497,6.0,0.1746119317822866,2.7998895789112415,-0.5565378242521708,0.032661870503597125,,,,,7,9,False,0.52022825771937,,,,0.4906326945723156,-0.030350069585697463,,2.809846323583756,0.05453370510167815,,1.179325032433615,,,,,gm_derived,230.3000030517578,267452084.0,61594215761.39899,71257037761.39899,19898822000.0,9662822000.0,6786000000.0,7202000000.0,151000000.0,,9437822000.0,18682000000.0,5104000000.0,-416000000.0,-567000000.0,,,4398000000.0,5039521016.75698,0.012633029632253068,0.2532572539599068,13.961018370180053,,-0.007957108768660497,,,14.005051332741925,-0.09458844929513416,,808000000.0,390000000.0,0.06020456889357571,3.0,0.21474762851195797,0.22568721448521956,,,,,['fcf_cagr5 gate'],False,0.8,ig,Consumer Services,75.0,15.384615384615385,40.0,53.84615384615385,23.076923076923077,15.384615384615385,,61.53846153846153,42.42424242424242,0.7,37.037037037037045,"{'profitability': 50.0, 'growth': 100.0, 'balance': None, 'stability': 51.9}",,False,,,,,,False,"{""floor"": false, ""depressed_arms"": {""self_pct"": false, ""self_z"": false, ""median_ratio"": false}, ""yield_arm"": false, ""residual_arm"": false, ""brakes"": {""gm"": true, ""fcf_margin"": false, ""roic"": true}, ""self_pct"": null, ""self_z"": null, ""median_ratio"": null, ""fcf_yield"": -0.007957108768660497, ""yield_threshold"": 0.0495, ""gs10"": 0.0495, ""residual_pct"": null, ""brake_values"": {""gm"": 2.809846323583756, ""fcf_margin"": 0.05453370510167815, ""roic"": 1.179325032433615}}",False,"{""floor"": false, ""mom_sector_pct"": 42.42424242424242, ""eps_rev_proxy"": null}"
LOW,60667,Lowe's,Consumer Discretionary,Home Improvement Retail,Consumer Discretionary Distribution and Retail,42.56810403832991,5.9986310746064335,584478861.617904,-0.17422174433052728,-0.3268142243147939,-0.2404665936505006,10.0,0.33344918803430185,0.0024769973993624874,0.07900300700249838,0.08342857142857144,0.1016100183577127,0.07866094768509296,0.08312727272727273,0.10461578683148735,7,9,False,-0.007502609287254769,-0.03741252792524352,-0.044084943015242906,False,0.33082315994338285,0.07450902335456476,0.07228635881104034,0.9921246529151876,0.9431162962215919,0.918961199150914,,21.53846153846154,-0.3965782720601415,0.9211445178992508,260.0,ev_or_ic_nonpos,191.36000061035156,561054019.0,107363297418.2802,114271297418.2802,-529000000.0,6908000000.0,9263000000.0,2263000000.0,262000000.0,2464000000.0,6908000000.0,90432000000.0,10292000000.0,7000000000.0,6738000000.0,6537000000.0,12756000000.0,6643000000.0,7802094716.421316,0.2419262809540112,,11.102924350785095,16.959230842724875,0.05896493828486198,17.48069411324464,0.05720596639479709,16.16186924857447,1.053740779768177,0.5415490749451238,3957000000.0,5709000000.0,-18.272211720226842,6.0,-1.8871481937330075,-1.2449672419140838,16.153846153846153,-0.447303855027521,0.9017155336006218,260.0,['rev_cagr5 gate'],False,1.0,ig,Consumer Discretionary Distribution and Retail,12.5,50.0,33.33333333333333,25.0,55.55555555555556,66.66666666666666,62.5,88.88888888888889,30.303030303030305,1.0,25.52380534473454,"{'profitability': 14.9, 'growth': 0.0, 'balance': 81.9, 'stability': 83.6}",73.03699921595505,False,,,,49.280402280344795,,False,"{""floor"": false, ""depressed_arms"": {""self_pct"": true, ""self_z"": false, ""median_ratio"": false}, ""yield_arm"": true, ""residual_arm"": false, ""brakes"": {""gm"": true, ""fcf_margin"": false, ""roic"": false}, ""self_pct"": 16.153846153846153, ""self_z"": -0.447303855027521, ""median_ratio"": 0.9017155336006218, ""fcf_yield"": 0.05896493828486198, ""yield_threshold"": 0.0495, ""gs10"": 0.0495, ""residual_pct"": null, ""brake_values"": {""gm"": 0.9921246529151876, ""fcf_margin"": 0.9431162962215919, ""roic"": null}}",False,"{""floor"": false, ""mom_sector_pct"": 30.303030303030305, ""eps_rev_proxy"": null}"
LMT,936468,Lockheed Martin,Industrials,Aerospace & Defense,Capital Goods,69.55783709787816,5.9986310746064335,579469981.1377404,0.1793530566352417,-0.20898326180186422,0.10421268030780251,10.0,0.11705843553120325,0.1263162897999264,0.08951085687827204,0.0882627162540143,0.12540478673707614,0.09310330997879919,0.09212532003374228,0.13245777240079795,8,9,False,0.027909621535260998,0.014855145283984017,-0.008085231686713157,False,0.11797854935466279,0.1088892928558444,,1.0078602948970241,1.2164925759109373,,0.9836659938643754,61.53846153846154,0.11117120322257772,1.027185949575563,260.0,,524.6799926757812,230790753.0,121091290593.67804,138660290593.67804,26337000000.0,17569000000.0,10402000000.0,1673000000.0,343000000.0,,17569000000.0,77014000000.0,9153000000.0,8729000000.0,8386000000.0,,,6287000000.0,7754333782.509096,0.15280959439428649,0.2944273752708773,15.149163180779858,16.534735343868117,0.06047874242939416,,,19.2605838386636,1.3884205503419755,,11298000000.0,1887000000.0,0.5006264950449937,10.0,0.2993164113706995,0.30658781076846797,20.384615384615383,-0.6745797203194376,0.7990239033434733,260.0,[],True,0.9,ig,Capital Goods,86.48648648648648,41.46341463414634,6.25,87.8048780487805,64.28571428571429,76.92307692307693,,82.92682926829268,60.9375,0.7,34.97255773039259,"{'profitability': 67.7, 'growth': 17.8, 'balance': None, 'stability': 75.5}",71.27699065824223,False,-0.5363766167391142,28.271096488067826,,53.12477419431741,,False,"{""floor"": false, ""depressed_arms"": {""self_pct"": false, ""self_z"": false, ""median_ratio"": true}, ""yield_arm"": true, ""residual_arm"": false, ""brakes"": {""gm"": true, ""fcf_margin"": true, ""roic"": true}, ""self_pct"": 20.384615384615383, ""self_z"": -0.6745797203194376, ""median_ratio"": 0.7990239033434733, ""fcf_yield"": 0.06047874242939416, ""yield_threshold"": 0.0495, ""gs10"": 0.0495, ""residual_pct"": null, ""brake_values"": {""gm"": 1.0078602948970241, ""fcf_margin"": 1.2164925759109373, ""roic"": 0.9836659938643754}}",False,"{""floor"": false, ""mom_sector_pct"": 60.9375, ""eps_rev_proxy"": null}"
HLT,1585689,Hilton Worldwide,Consumer Discretionary,"Hotels, Resorts & Cruise Lines",Consumer Services,9.264887063655031,5.9986310746064335,571902940.8149812,0.23202046393135145,-0.11890872652757356,0.1760177761537305,10.0,,,0.12342923101055385,0.1558081260068015,0.4829211664750461,0.11325903798919815,0.15133345265795597,0.620550569964594,8,9,False,0.22823963694173832,0.2509558783459027,,False,,0.14769723668402082,0.13872647176611935,,1.1966147360295223,1.224860057343504,,35.38461538461539,-0.17210536810431928,0.9631171780802351,260.0,ev_or_ic_nonpos,307.2200012207031,225064910.0,69144441924.93744,69315441924.93744,-6132000000.0,171000000.0,2109000000.0,80000000.0,185000000.0,192000000.0,143000000.0,12485000000.0,2915000000.0,2029000000.0,1844000000.0,1732000000.0,3107000000.0,1584000000.0,2069636934.1102643,0.29000448229493503,,23.778882307011127,37.58971904823071,0.026603018732779496,40.02046300516018,0.024987217161157316,43.65179414453121,1.2809343434343434,0.04602510460251046,5068000000.0,5664000000.0,-1.7501630789302023,2.0,-0.7223651229167325,-0.7217832560752915,70.38461538461539,0.0880802238302456,1.1422986873995782,260.0,[],True,0.9,ig,Consumer Services,8.333333333333332,84.61538461538461,,42.30769230769231,80.76923076923077,61.53846153846154,77.77777777777777,23.076923076923066,81.81818181818183,1.0,43.097203388639905,"{'profitability': 29.5, 'growth': 100.0, 'balance': 98.5, 'stability': 60.4}",27.755046372698004,False,,,,35.42612488066895,,False,"{""floor"": false, ""depressed_arms"": {""self_pct"": false, ""self_z"": false, ""median_ratio"": false}, ""yield_arm"": false, ""residual_arm"": false, ""brakes"": {""gm"": false, ""fcf_margin"": true, ""roic"": false}, ""self_pct"": 70.38461538461539, ""self_z"": 0.0880802238302456, ""median_ratio"": 1.1422986873995782, ""fcf_yield"": 0.026603018732779496, ""yield_threshold"": 0.0495, ""gs10"": 0.0495, ""residual_pct"": null, ""brake_values"": {""gm"": null, ""fcf_margin"": 1.1966147360295223, ""roic"": null}}",False,"{""floor"": false, ""mom_sector_pct"": 81.81818181818183, ""eps_rev_proxy"": null}"
TGT,27419,Target Corporation,Consumer Staples,Consumer Staples Merchandise Retail,Consumer Staples Distribution and Retail,49.73032169746749,5.9986310746064335,571539611.1022279,0.9327004411762978,-0.05548844172570411,0.8507401267115653,9.0,,,0.02532634640431261,0.03318065020668082,0.7981763749446829,0.03690771201757144,0.03830490024961057,0.4358782256616723,6,9,False,0.02290831244420044,-0.18482759213389788,-0.16686354879050602,False,0.29303189266979246,0.038568311591848106,0.04872568590130449,,1.5228533550058618,1.320203373162406,0.9063930476274913,34.23076923076923,-0.07430027720183251,0.8899724065587681,260.0,,156.25999450683594,454296736.0,70988405471.8335,82568405471.8335,29423000000.0,11580000000.0,8723000000.0,4267000000.0,302000000.0,3173000000.0,11580000000.0,107705000000.0,6023000000.0,4456000000.0,4154000000.0,5248000000.0,9196000000.0,4393000000.0,4673677738.515902,0.22402826855123675,0.15884436456227785,13.708850319082433,19.87684291570378,0.0503098004165413,15.733308969480468,0.06355942045883696,16.159436711093445,1.0143409970407467,1.2592431491953022,631000000.0,37000000.0,0.022703327328960337,7.0,0.17524887793221422,0.15517606087705768,41.88034188034188,-0.014529845435703001,0.9383679294481143,234.0,['fcf_cagr5 gate'],False,0.9,sector,Consumer Staples,62.5,22.22222222222222,,52.083333333333336,9.25925925925926,41.66666666666667,72.0,85.18518518518519,100.0,1.0,17.08585140791656,"{'profitability': 45.4, 'growth': 9.5, 'balance': 58.0, 'stability': 44.4}",62.43572972307114,False,-0.30726566228208174,27.026585882094007,,39.76079056549385,,False,"{""floor"": false, ""depressed_arms"": {""self_pct"": false, ""self_z"": false, ""median_ratio"": false}, ""yield_arm"": true, ""residual_arm"": false, ""brakes"": {""gm"": false, ""fcf_margin"": true, ""roic"": true}, ""self_pct"": 41.88034188034188, ""self_z"": -0.014529845435703001, ""median_ratio"": 0.9383679294481143, ""fcf_yield"": 0.0503098004165413, ""yield_threshold"": 0.0495, ""gs10"": 0.0495, ""residual_pct"": null, ""brake_values"": {""gm"": null, ""fcf_margin"": 1.5228533550058618, ""roic"": 0.9063930476274913}}",False,"{""floor"": false, ""mom_sector_pct"": 100.0, ""eps_rev_proxy"": null}"
PH,76334,Parker Hannifin,Industrials,Industrial Machinery & Supplies & Components,Capital Goods,40.81587953456537,5.9986310746064335,560534843.5836699,0.3337707739189659,-0.09377665667630397,0.30447676498586507,10.0,,,0.14703505531196595,0.14194681384846963,0.1948327902266329,0.12365674814160402,0.11550426492724536,0.22138268026036703,7,9,False,0.0842453236413565,0.10549393088640535,0.11811683343024781,False,0.3768547374296479,0.17331038652960604,0.1510767942695009,,1.1787011346504506,1.2217432250158897,1.1157765075840544,80.76923076923077,0.9841760381025993,1.1901656608052587,260.0,,971.2100219726562,126047469.0,122418565137.0877,131723881137.0877,24709316000.0,9305316000.0,4364000000.0,459000000.0,179000000.0,937000000.0,9296316000.0,21499000000.0,5068000000.0,3905000000.0,3726000000.0,3248000000.0,6005000000.0,,4052845058.0758276,0.20030681569143108,0.16402093275571966,25.991294620577683,35.35262510388827,0.028286442578489442,40.5553821234876,0.024657639692682153,,,1.5480959200666111,11109000000.0,7280000000.0,0.7442132352024637,10.0,0.14700160080522534,0.14611933141342798,85.76923076923076,1.2754651637420054,1.2628608885871084,260.0,[],True,0.8,ig,Capital Goods,59.45945945945946,85.36585365853658,,87.8048780487805,64.28571428571429,,51.35135135135135,36.58536585365854,73.4375,1.0,46.35302419005974,"{'profitability': 64.9, 'growth': 79.1, 'balance': 48.4, 'stability': 72.2}",25.33388295517631,False,0.2370546165849401,27.89138984145776,,35.843453572618024,,False,"{""floor"": false, ""depressed_arms"": {""self_pct"": false, ""self_z"": false, ""median_ratio"": false}, ""yield_arm"": false, ""residual_arm"": false, ""brakes"": {""gm"": false, ""fcf_margin"": true, ""roic"": true}, ""self_pct"": 85.76923076923076, ""self_z"": 1.2754651637420054, ""median_ratio"": 1.2628608885871084, ""fcf_yield"": 0.028286442578489442, ""yield_threshold"": 0.0495, ""gs10"": 0.0495, ""residual_pct"": null, ""brake_values"": {""gm"": null, ""fcf_margin"": 1.1787011346504506, ""roic"": 1.1157765075840544}}",False,"{""floor"": false, ""mom_sector_pct"": 73.4375, ""eps_rev_proxy"": null}"
ORLY,898173,O'Reilly Automotive,Consumer Discretionary,Automotive Retail,Consumer Discretionary Distribution and Retail,17.49486652977413,5.9986310746064335,558344061.9979653,-0.16588123211343797,-0.18026528509028195,-0.1903864018732213,10.0,0.5158929378182571,0.0108552076334035,0.14335644687557894,0.12650375500007904,0.19235533434112342,0.1695985137681996,0.16427213078467645,0.08450450532450492,9,9,False,0.08910774866946913,-0.07643881962372256,-0.023799061709067426,False,0.5163568171154846,0.11427847165081478,0.1463400687530347,1.0008991774517972,0.7971631143313608,0.8628617403631639,0.9413561323683274,78.46153846153847,1.7590587294582085,6.376156615134545,260.0,,85.9000015258789,808960792.0,69489733267.17621,79114865267.17621,7789407000.0,9625132000.0,3289439000.0,1133180000.0,33815000.0,537714000.0,9625132000.0,18572562000.0,3632030000.0,2156259000.0,2122444000.0,2717910000.0,4169744000.0,2650374000.0,2832471895.6995807,0.2201408315185776,0.3636312617506802,21.7825472992173,37.27536051230384,0.026827372995357625,29.108714146964473,0.03435397369156145,26.21884053615686,0.81356782099432,2.3083268421274785,955211000.0,32591000.0,0.1268135045453396,7.0,0.3862844775184415,0.39560214787347137,78.46153846153847,1.5794807237133437,6.2773604143491175,260.0,['fcf_cagr5 gate'],False,1.0,ig,Consumer Discretionary Distribution and Retail,75.0,100.0,88.88888888888889,50.0,55.55555555555556,33.33333333333333,12.5,11.111111111111114,36.36363636363637,1.0,42.14579615193188,"{'profitability': 72.9, 'growth': 37.1, 'balance': 23.1, 'stability': 89.3}",19.551757997898065,False,0.25510424962354694,28.882280704589093,,30.848777074914974,,False,"{""floor"": false, ""depressed_arms"": {""self_pct"": false, ""self_z"": false, ""median_ratio"": false}, ""yield_arm"": false, ""residual_arm"": false, ""brakes"": {""gm"": true, ""fcf_margin"": false, ""roic"": true}, ""self_pct"": 78.46153846153847, ""self_z"": 1.5794807237133437, ""median_ratio"": 6.2773604143491175, ""fcf_yield"": 0.026827372995357625, ""yield_threshold"": 0.0495, ""gs10"": 0.0495, ""residual_pct"": null, ""brake_values"": {""gm"": 1.0008991774517972, ""fcf_margin"": 0.7971631143313608, ""roic"": 0.9413561323683274}}",False,"{""floor"": false, ""mom_sector_pct"": 36.36363636363637, ""eps_rev_proxy"": null}"
CMI,26172,Cummins,Industrials,Construction Machinery & Heavy Transportation Equipment,Capital Goods,61.4839151266256,5.9986310746064335,554323202.1401311,0.37094319523392727,-0.26540339604962726,0.27337419126849594,10.0,0.2437919266134933,0.023525407145051417,,,0.5603613446144116,0.05604860718501113,0.0648182840014987,0.5276056727591492,6,9,False,0.11190413083747286,0.016919940129568323,0.045100113668253394,False,0.2531981099458338,0.09700933502362567,0.10161922323383658,1.0385828335786238,,1.8130552807209137,0.9995529185568636,35.0,-0.06569159477160114,0.760374003103246,260.0,sbc_unreported,524.6500244140625,137664487.0,72225676465.49939,71469676465.49939,12091000000.0,-756000000.0,4647000000.0,1280000000.0,,1120000000.0,-1815000000.0,34708000000.0,3893000000.0,3367000000.0,3367000000.0,3527000000.0,5013000000.0,,2860060031.185031,0.2653326403326403,0.23654453983831206,18.35850923850485,21.226515136768455,0.047110889072309634,20.263588450666116,0.049349600759737475,,,-0.3620586475164572,2222000000.0,2519000000.0,0.3921098337606484,10.0,0.23665034181464928,0.252821063904166,34.146341463414636,-0.1750322386944494,0.732859693337718,246.0,[],True,0.8,ig,Capital Goods,78.37837837837837,,21.875,87.8048780487805,64.28571428571429,,91.89189189189189,70.73170731707317,76.5625,1.0,41.34951588365143,"{'profitability': 69.4, 'growth': 53.7, 'balance': 100.0, 'stability': 56.0}",59.35277891681484,False,-0.2821215025607726,28.145081559545076,,50.35114740023313,,False,"{""floor"": false, ""depressed_arms"": {""self_pct"": false, ""self_z"": false, ""median_ratio"": true}, ""yield_arm"": false, ""residual_arm"": false, ""brakes"": {""gm"": true, ""fcf_margin"": false, ""roic"": true}, ""self_pct"": 34.146341463414636, ""self_z"": -0.1750322386944494, ""median_ratio"": 0.732859693337718, ""fcf_yield"": 0.047110889072309634, ""yield_threshold"": 0.0495, ""gs10"": 0.0495, ""residual_pct"": null, ""brake_values"": {""gm"": 1.0385828335786238, ""fcf_margin"": null, ""roic"": 0.9995529185568636}}",False,"{""floor"": false, ""mom_sector_pct"": 76.5625, ""eps_rev_proxy"": null}"
MO,764180,Altria,Consumer Staples,Tobacco,Food Beverage and Tobacco,69.55783709787816,5.9986310746064335,538350725.2540625,0.09786477309464359,-0.05604084251154118,0.12027317695265927,10.0,0.5823659762021322,0.049983996525152244,0.351410809425052,0.35852277458572734,0.049232968819262035,0.34841730597675674,0.3525272712132567,0.048818545350079526,1,9,False,-0.023013503096606436,0.02161112490938999,0.021134802953271192,False,0.6296201560301828,0.3884554717142005,0.39101334356482076,1.081141724893024,1.1054169686748048,1.1222558031916636,0.9899827182641115,94.23076923076923,2.001478262357127,1.3453016554600958,260.0,sbc_unreported,68.94999694824219,1669743926.0,115128838602.04593,137388838602.04593,19592000000.0,22260000000.0,9408000000.0,296000000.0,,236000000.0,22210000000.0,23457000000.0,10973000000.0,9112000000.0,9112000000.0,9172000000.0,11209000000.0,7973000000.0,8431739494.988435,0.23159213569776407,0.4303664503362819,12.520626866130131,15.07779176932023,0.06632270927330125,14.979158155478187,0.0667594259717646,14.43983928283531,1.1428571428571428,1.9814434829155143,5787000000.0,11089000000.0,0.8613719885667619,10.0,0.43472117482102046,0.45077984625148976,94.23076923076923,2.136175486163838,1.3691642833728421,260.0,['rev_cagr5 gate'],False,1.0,ig,Food Beverage and Tobacco,100.0,100.0,78.57142857142857,81.81818181818183,53.57142857142857,46.15384615384615,53.84615384615385,85.71428571428572,55.55555555555556,1.0,25.436249765808633,"{'profitability': 100.0, 'growth': 9.0, 'balance': 34.0, 'stability': 48.1}",48.249396368616516,False,-0.3150692157591082,20.661914641195704,,36.84282306721258,,False,"{""floor"": false, ""depressed_arms"": {""self_pct"": false, ""self_z"": false, ""median_ratio"": false}, ""yield_arm"": true, ""residual_arm"": false, ""brakes"": {""gm"": true, ""fcf_margin"": true, ""roic"": true}, ""self_pct"": 94.23076923076923, ""self_z"": 2.136175486163838, ""median_ratio"": 1.3691642833728421, ""fcf_yield"": 0.06632270927330125, ""yield_threshold"": 0.0495, ""gs10"": 0.0495, ""residual_pct"": null, ""brake_values"": {""gm"": 1.081141724893024, ""fcf_margin"": 1.1054169686748048, ""roic"": 0.9899827182641115}}",False,"{""floor"": false, ""mom_sector_pct"": 55.55555555555556, ""eps_rev_proxy"": null}"
CMG,1058090,Chipotle Mexican Grill,Consumer Discretionary,Restaurants,Consumer Services,15.408624229979466,5.9986310746064335,531325250.78748024,-0.05114777839579421,-0.2185857953288276,-0.18388229565577574,10.0,,,0.10377713607376786,0.11130156673925501,0.2446467031958324,0.12778409252233064,0.13574905266587173,0.2608102282131376,9,9,True,0.14785897917720714,0.1457820899098703,0.17682451652961562,True,,0.11832763336764662,0.14893600238059995,,1.1402090850101687,1.1655285054716256,1.057928426396366,57.30769230769231,0.9451818816218033,4.176735567704128,260.0,,32.709999084472656,1265418000.0,41391821621.47522,46133160621.47522,6941130000.0,4741339000.0,2327527000.0,758542000.0,98911000.0,378271000.0,4741339000.0,12423759000.0,1820149000.0,1568985000.0,1470074000.0,1850345000.0,2198420000.0,1419645000.0,1381802784.2685463,0.24082985279307004,0.19907461526704534,25.345815436799526,31.381522713465593,0.03186588519399369,24.93219406190479,0.04010878455049219,29.15645927078616,1.1051953129127352,2.156702995787884,21939000.0,,0.0031607245506135168,7.0,0.18817399202057133,0.20301174370634995,57.692307692307686,0.909204885622693,3.357873560934823,260.0,[],True,0.9,ig,Consumer Services,66.66666666666666,69.23076923076923,,76.92307692307693,80.76923076923077,46.15384615384615,55.55555555555556,15.384615384615387,48.484848484848484,1.0,56.277117471033804,"{'profitability': 72.0, 'growth': 100.0, 'balance': 28.1, 'stability': 83.7}",30.175150173582722,False,0.28625387365458543,23.56978034021999,,43.22613382230826,,False,"{""floor"": false, ""depressed_arms"": {""self_pct"": false, ""self_z"": false, ""median_ratio"": false}, ""yield_arm"": false, ""residual_arm"": false, ""brakes"": {""gm"": false, ""fcf_margin"": true, ""roic"": true}, ""self_pct"": 57.692307692307686, ""self_z"": 0.909204885622693, ""median_ratio"": 3.357873560934823, ""fcf_yield"": 0.03186588519399369, ""yield_threshold"": 0.0495, ""gs10"": 0.0495, ""residual_pct"": null, ""brake_values"": {""gm"": null, ""fcf_margin"": 1.1402090850101687, ""roic"": 1.057928426396366}}",False,"{""floor"": false, ""mom_sector_pct"": 48.484848484848484, ""eps_rev_proxy"": null}"
CSX,277948,CSX Corporation,Industrials,Rail Transportation,Transportation,69.55783709787816,5.9986310746064335,529993262.36606896,0.5230037452409129,-0.11104289942050882,0.40536850809855673,10.0,,,0.20490478562937744,0.22221464146824044,0.21961645189638335,0.25725104914272806,0.266562052261718,0.10477196356120543,4,9,False,0.05894344821402786,-0.08287617441838413,0.0036537579282582833,False,,0.19266813671444322,0.2527563395810364,,0.9402812927118875,0.9825279252439592,0.8673858676634922,84.61538461538461,1.5364660545636366,1.3346006467674811,260.0,sbc_unreported,47.189998626708984,1852474917.0,87418288789.24284,96426288789.24284,23096000000.0,9008000000.0,5322000000.0,2526000000.0,,1654000000.0,9002000000.0,14512000000.0,4956000000.0,2796000000.0,2796000000.0,3668000000.0,6610000000.0,3223000000.0,3802234706.0223756,0.23280171387764817,0.16462741193377103,19.456474735521155,34.48722775008685,0.028996241949238194,26.28851929913927,0.038039418980617204,27.123266766752355,0.867514737821905,1.361875945537065,80000000.0,187000000.0,0.011560443366816765,9.0,0.18979720337989098,0.1980238448790183,77.3076923076923,1.0131838510203381,1.4334059862806632,260.0,['fcf_cagr5 gate'],False,0.9,ig,Transportation,63.63636363636363,88.88888888888889,,86.36363636363636,77.27272727272727,27.27272727272727,66.66666666666667,45.45454545454546,92.1875,1.0,26.879213804543408,"{'profitability': 79.7, 'growth': 24.6, 'balance': 54.6, 'stability': 48.3}",31.526725582837223,False,0.25411915137667584,26.748272557672326,,29.202969693690314,,False,"{""floor"": false, ""depressed_arms"": {""self_pct"": false, ""self_z"": false, ""median_ratio"": false}, ""yield_arm"": false, ""residual_arm"": false, ""brakes"": {""gm"": false, ""fcf_margin"": false, ""roic"": false}, ""self_pct"": 77.3076923076923, ""self_z"": 1.0131838510203381, ""median_ratio"": 1.4334059862806632, ""fcf_yield"": 0.028996241949238194, ""yield_threshold"": 0.0495, ""gs10"": 0.0495, ""residual_pct"": null, ""brake_values"": {""gm"": null, ""fcf_margin"": 0.9402812927118875, ""roic"": 0.8673858676634922}}",False,"{""floor"": false, ""mom_sector_pct"": 92.1875, ""eps_rev_proxy"": null}"
MAR,1048286,Marriott International,Consumer Discretionary,"Hotels, Resorts & Cruise Lines",Consumer Services,28.32306639288159,5.9986310746064335,527110826.03170776,0.3398563684525846,-0.12462206616994642,0.34206993693088483,10.0,,,0.08277690059028317,0.0885283781832186,0.29572841680558226,0.08854513580225425,0.08953930582968277,0.3161661447067047,8,9,False,0.1989211404768092,0.11637974983456112,,False,,0.10715878679750224,,,1.2945493976381275,,,45.490196078431374,-0.01584667299836174,0.9848155693906848,255.0,ev_or_ic_nonpos,351.6600036621094,260766288.0,91701073793.03467,94844073793.03467,-1382000000.0,3143000000.0,3728000000.0,596000000.0,249000000.0,,3143000000.0,26904000000.0,4250000000.0,3132000000.0,2883000000.0,,,2587000000.0,3161227717.0787807,0.25618171362852216,,22.316252657184627,32.89770162783027,0.03039726031055118,,,35.44687815733849,1.210668728256668,,8876000000.0,10794000000.0,-14.232995658465992,8.0,2.7542213482599407,0.6779194338937296,48.23529411764706,-0.01636202086582433,0.9882174871296426,255.0,[],True,0.8,ig,Consumer Services,100.0,46.15384615384615,,92.3076923076923,80.76923076923077,53.84615384615385,,30.769230769230774,90.9090909090909,0.7,58.95751638255182,"{'profitability': 67.7, 'growth': 98.5, 'balance': None, 'stability': 72.9}",37.58398987712608,False,0.3025088202119446,24.310150417486838,,48.27075312983895,,False,"{""floor"": false, ""depressed_arms"": {""self_pct"": false, ""self_z"": false, ""median_ratio"": false}, ""yield_arm"": false, ""residual_arm"": false, ""brakes"": {""gm"": false, ""fcf_margin"": true, ""roic"": false}, ""self_pct"": 48.23529411764706, ""self_z"": -0.01636202086582433, ""median_ratio"": 0.9882174871296426, ""fcf_yield"": 0.03039726031055118, ""yield_threshold"": 0.0495, ""gs10"": 0.0495, ""residual_pct"": null, ""brake_values"": {""gm"": null, ""fcf_margin"": 1.2945493976381275, ""roic"": null}}",False,"{""floor"": false, ""mom_sector_pct"": 90.9090909090909, ""eps_rev_proxy"": null}"
REGN,872589,Regeneron Pharmaceuticals,Health Care,Biotechnology,Pharmaceuticals Biotechnology and Life Sciences,13.399041752224504,5.9986310746064335,524455381.4382671,0.41560977414120504,-0.0386312065991502,0.42920993210800273,10.0,,,0.26095768201918196,0.22797548257250022,0.22989873469777575,0.2816783246475902,0.2506632513036319,0.2923448028225207,7,9,False,0.11038413551359794,0.15288186330766362,0.12029842228815468,False,,0.17854866846479173,0.2038018114286082,,0.6842054507966825,0.7235267807119562,0.5066601667557883,78.46153846153847,0.4469705401023039,1.165372134561421,260.0,shares_was_proxy;gm_derived,801.8200073242188,102800000.0,82427096752.92969,78905896752.92969,28190200000.0,-3521200000.0,4681300000.0,920900000.0,986700000.0,528600000.0,-3521200000.0,15534700000.0,3843100000.0,3760400000.0,2773700000.0,3166000000.0,4371700000.0,4328700000.0,3220214279.907085,0.16207897793263648,0.11423169328018548,20.531835433095598,28.447884325244146,0.035151998952435905,24.9228985321951,0.040123743982194204,19.041998002386325,0.8687134705569801,-0.8054532561703686,,915500000.0,0.03247582493206859,7.0,0.22546018174593446,0.19621632451876092,79.61538461538461,0.5149855457013577,1.2026257719230515,260.0,[],True,0.9,ig,Pharmaceuticals Biotechnology and Life Sciences,91.66666666666666,75.0,,87.5,62.5,22.22222222222222,83.33333333333334,90.0,83.33333333333334,1.0,59.03406806530855,"{'profitability': 64.3, 'growth': 96.0, 'balance': 100.0, 'stability': 69.9}",45.54559968573077,False,-0.2052708926481892,34.92995204010596,,52.28983387551966,,False,"{""floor"": false, ""depressed_arms"": {""self_pct"": false, ""self_z"": false, ""median_ratio"": false}, ""yield_arm"": false, ""residual_arm"": false, ""brakes"": {""gm"": false, ""fcf_margin"": false, ""roic"": false}, ""self_pct"": 79.61538461538461, ""self_z"": 0.5149855457013577, ""median_ratio"": 1.2026257719230515, ""fcf_yield"": 0.035151998952435905, ""yield_threshold"": 0.0495, ""gs10"": 0.0495, ""residual_pct"": null, ""brake_values"": {""gm"": null, ""fcf_margin"": 0.6842054507966825, ""roic"": 0.5066601667557883}}",False,"{""floor"": false, ""mom_sector_pct"": 83.33333333333334, ""eps_rev_proxy"": null}"
FERG,2011641,Ferguson Enterprises,Industrials,Trading Companies & Distributors,Capital Goods,0.13689253935660506,5.9986310746064335,524437780.9369749,0.027141357590562132,-0.15673343367097903,-0.005764599255746572,4.0,0.3055589452508955,0.0041359515992652855,0.05082573390328545,0.05009782567167161,0.32312704454435554,0.05149791265831892,0.049616827788172876,0.3602387430003011,2,3,False,,,,False,0.30837004405286345,0.036171530837004404,0.038443006607929514,1.0091998576564654,0.7116774920719093,0.7464964039026827,,,,,,,221.1699981689453,193452717.0,42785937064.667496,49235937064.667496,12651000000.0,6450000000.0,1575000000.0,419000000.0,105000000.0,353000000.0,6450000000.0,29056000000.0,2604000000.0,1156000000.0,1051000000.0,1117000000.0,2957000000.0,1866000000.0,2017046077.2104607,0.22540473225404734,0.15943767901434358,18.90780993266801,46.84675267808515,0.02134619675501646,44.07872610981871,0.022686681042201128,22.92922672275857,0.6195069667738478,2.181264795400744,2713000000.0,685000000.0,0.26859536795510236,2.0,,,,,,,"['tenure<1y', 'rev_cagr5 gate', 'fcf_cagr5 gate']",False,0.8,ig,Capital Goods,,14.634146341463413,31.25,15.853658536585366,4.761904761904762,10.256410256410255,32.432432432432435,68.29268292682927,37.5,0.7,25.77528548923823,"{'profitability': 47.1, 'growth': None, 'balance': 27.3, 'stability': 66.8}",,False,,,,,,False,"{""floor"": false, ""depressed_arms"": {""self_pct"": false, ""self_z"": false, ""median_ratio"": false}, ""yield_arm"": false, ""residual_arm"": false, ""brakes"": {""gm"": true, ""fcf_margin"": false, ""roic"": false}, ""self_pct"": null, ""self_z"": null, ""median_ratio"": null, ""fcf_yield"": 0.02134619675501646, ""yield_threshold"": 0.0495, ""gs10"": 0.0495, ""residual_pct"": null, ""brake_values"": {""gm"": 1.0091998576564654, ""fcf_margin"": 0.7116774920719093, ""roic"": null}}",False,"{""floor"": false, ""mom_sector_pct"": 37.5, ""eps_rev_proxy"": null}"
ROST,745732,Ross Stores,Consumer Discretionary,Apparel Retail,Consumer Discretionary Distribution and Retail,16.758384668035593,5.9986310746064335,523110275.5360445,0.5180009620171775,-0.08148642123594452,0.557069886983798,10.0,0.27155098618562346,0.03266644131950052,0.06848333640072797,0.07007291656165805,0.2686417432943078,0.0820247327056348,0.08300836864817389,0.2593256093226849,7,9,False,0.12667161297888763,0.03704410586443574,0.05641033216438118,False,0.2966845190222276,0.10573251297191663,0.11921757024923263,1.0925554835563134,1.5439159148617752,1.4534344254076772,1.1989407724381362,43.7246963562753,-0.007534780867562065,0.9698285573889224,247.0,gm_derived,233.97999572753906,319453110.0,74745637312.94907,75196664312.94907,7194211000.0,451027000.0,3660573000.0,870387000.0,198492000.0,539844000.0,451027000.0,24511798000.0,3370257000.0,2790186000.0,2591694000.0,2922237000.0,3910101000.0,2659063000.0,2558376910.8668685,0.24089560206629088,0.3556160516930722,22.31184871448945,29.014484083749498,0.034465544764246986,25.732568683836753,0.03886125836431262,28.109765474886856,1.0493117312376579,0.11534919430469955,2889000.0,,0.0004015728757469026,4.0,0.29660852301310947,0.30185517711715315,40.825688073394495,-0.24610850039015225,0.9498412936585253,218.0,[],True,1.0,ig,Consumer Discretionary Distribution and Retail,50.0,37.5,22.22222222222222,12.5,55.55555555555556,55.55555555555556,87.5,0.0,100.0,1.0,53.48052949534306,"{'profitability': 64.0, 'growth': 65.4, 'balance': 96.2, 'stability': 72.2}",32.46732300374218,False,0.009590324801356687,28.737555796076496,,42.97392624954262,,False,"{""floor"": false, ""depressed_arms"": {""self_pct"": false, ""self_z"": false, ""median_ratio"": false}, ""yield_arm"": false, ""residual_arm"": false, ""brakes"": {""gm"": true, ""fcf_margin"": true, ""roic"": true}, ""self_pct"": 40.825688073394495, ""self_z"": -0.24610850039015225, ""median_ratio"": 0.9498412936585253, ""fcf_yield"": 0.034465544764246986, ""yield_threshold"": 0.0495, ""gs10"": 0.0495, ""residual_pct"": null, ""brake_values"": {""gm"": 1.0925554835563134, ""fcf_margin"": 1.5439159148617752, ""roic"": 1.1989407724381362}}",False,"{""floor"": false, ""mom_sector_pct"": 100.0, ""eps_rev_proxy"": null}"
GM,1467858,General Motors,Consumer Discretionary,Automobile Manufacturers,Consumer Durables and Apparel,13.300479123887747,5.9986310746064335,510819607.0210619,0.4179410507954038,-0.05533156999372191,0.3796981864156179,10.0,,,0.06735928063476104,0.06317471996346523,0.37226509816747677,0.05164806823071536,0.050540190902416,0.5018591228874549,4,9,False,0.09099442238405597,0.09086898109859298,,False,,0.08552318950769816,0.06577884432617373,,1.2696571088908506,1.2735973789442665,0.23488462929803205,64.23076923076924,0.020080011452733366,1.1598389959274744,260.0,sbc_unreported;gm_derived,83.7699966430664,877451541.0,73504112644.02344,49263112644.02344,37759000000.0,-24241000000.0,23202000000.0,8804000000.0,,12128000000.0,-25882000000.0,168352000000.0,1815000000.0,14398000000.0,14398000000.0,11074000000.0,13943000000.0,2032000000.0,1535131949.026476,0.1541972732636496,0.04065605415997447,27.14221082315341,3.421524700932313,0.29226736247951546,4.448538255736269,0.22479294152647272,36.1732837815076,7.085629921259843,-1.856271964426594,1900000000.0,2550000000.0,0.1178526973701634,9.0,0.17308946218182825,0.18397730093493642,55.769230769230774,0.044091550448983684,1.0285522716793594,260.0,[],True,0.9,ig,Consumer Durables and Apparel,37.5,40.0,,88.88888888888889,70.0,100.0,70.0,11.111111111111114,93.93939393939394,1.0,23.593818566399626,"{'profitability': 22.8, 'growth': 75.8, 'balance': 100.0, 'stability': 38.1}",50.01418439716312,False,-1.3760226904541546,28.44471522107112,,36.80400148178137,,False,"{""floor"": false, ""depressed_arms"": {""self_pct"": false, ""self_z"": false, ""median_ratio"": false}, ""yield_arm"": true, ""residual_arm"": false, ""brakes"": {""gm"": false, ""fcf_margin"": true, ""roic"": false}, ""self_pct"": 55.769230769230774, ""self_z"": 0.044091550448983684, ""median_ratio"": 1.0285522716793594, ""fcf_yield"": 0.29226736247951546, ""yield_threshold"": 0.0495, ""gs10"": 0.0495, ""residual_pct"": null, ""brake_values"": {""gm"": null, ""fcf_margin"": 1.2696571088908506, ""roic"": 0.23488462929803205}}",False,"{""floor"": false, ""mom_sector_pct"": 93.93939393939394, ""eps_rev_proxy"": null}"
MMM,66740,3M,Industrials,Industrial Conglomerates,Capital Goods,69.55783709787816,5.9986310746064335,496599948.41399276,0.16195435756300025,-0.06481399396193654,0.1350283055843755,10.0,0.41296647974872014,0.0693256455399355,0.1100731211136183,0.13680669699170522,0.6045497957022045,0.09998630040882629,0.1336722602347005,0.7120790645005475,5,9,False,-0.04965970683619114,-0.2673264480198516,-0.334912769173619,False,0.3940428911834789,0.14964257347100873,0.13077839555202542,0.9541764537965508,1.3594833321437896,1.3079631411232908,3.1962386385818986,70.08547008547008,0.0749758596261313,1.8864346121823314,234.0,gm_derived,170.3000030517578,515722417.0,87827529188.95992,97338529188.95992,12463000000.0,9511000000.0,4899000000.0,914000000.0,217000000.0,1389000000.0,9458000000.0,25180000000.0,4624000000.0,3985000000.0,3768000000.0,3293000000.0,6013000000.0,2997000000.0,3561297463.4896235,0.22982321291314373,0.28574961594235926,21.0507199803114,25.832942990700616,0.03871026233286628,29.559225383832345,0.03383038584451398,29.305148211197835,1.329662996329663,1.5729253284550142,6374000000.0,474000000.0,0.5494664206049907,9.0,0.0894018401795994,0.24317489092309505,70.08547008547008,0.18576695746592786,1.7589723541854014,234.0,"['rev_cagr5 gate', 'fcf_cagr5 gate']",False,1.0,ig,Capital Goods,21.62162162162162,58.536585365853654,71.875,70.73170731707317,64.28571428571429,71.7948717948718,48.64864864864865,56.09756097560975,57.8125,1.0,20.729042660302106,"{'profitability': 77.4, 'growth': 0.0, 'balance': 47.6, 'stability': 45.8}",41.88915550318111,False,-0.06721048273233077,27.628863914688786,,31.309099081741607,,False,"{""floor"": false, ""depressed_arms"": {""self_pct"": false, ""self_z"": false, ""median_ratio"": false}, ""yield_arm"": false, ""residual_arm"": false, ""brakes"": {""gm"": false, ""fcf_margin"": true, ""roic"": true}, ""self_pct"": 70.08547008547008, ""self_z"": 0.18576695746592786, ""median_ratio"": 1.7589723541854014, ""fcf_yield"": 0.03871026233286628, ""yield_threshold"": 0.0495, ""gs10"": 0.0495, ""residual_pct"": null, ""brake_values"": {""gm"": 0.9541764537965508, ""fcf_margin"": 1.3594833321437896, ""roic"": 3.1962386385818986}}",False,"{""floor"": false, ""mom_sector_pct"": 57.8125, ""eps_rev_proxy"": null}"
ILMN,1110803,"Illumina, Inc.",Health Care,Life Sciences Tools & Services,Pharmaceuticals Biotechnology and Life Sciences,0.008213552361396304,5.9986310746064335,495977049.02624977,1.3512922957512368,0.0,1.7852546415407833,10.0,0.6539331947230078,0.04281692910952717,0.011639355398500126,-0.021536412078152753,0.6373149888801742,-0.021453551822351834,-0.0741563055062167,,5,9,False,0.060414789756396914,0.00882165341084118,-0.05242669726577276,False,0.6637739207832666,0.14797507788161993,0.12394303515798843,1.0150485189307863,12.713339597886009,-5.777273440981263,-1.2192731083179167,,,,,,255.3800048828125,151000000.0,38562380737.30469,39921380737.30469,4197000000.0,1359000000.0,1095000000.0,164000000.0,266000000.0,272000000.0,1359000000.0,4494000000.0,883000000.0,931000000.0,665000000.0,557000000.0,1155000000.0,824000000.0,716839408.866995,0.18817733990147784,0.17079804833619133,45.21107671268934,60.0321514846687,0.016657740481871363,71.67213776894917,0.013952423230680225,46.79900574915617,1.1298543689320388,1.1766233766233767,1284000000.0,410000000.0,0.40362163450083394,3.0,-0.14008186285008836,-0.12517632465494521,,,,,['tenure<1y'],False,0.9,ig,Pharmaceuticals Biotechnology and Life Sciences,8.333333333333332,8.333333333333332,44.44444444444444,29.166666666666668,62.5,55.55555555555556,58.33333333333333,10.0,100.0,1.0,13.039783276790123,"{'profitability': 0.0, 'growth': 28.8, 'balance': 60.8, 'stability': 48.5}",,False,,,,,,False,"{""floor"": false, ""depressed_arms"": {""self_pct"": false, ""self_z"": false, ""median_ratio"": false}, ""yield_arm"": false, ""residual_arm"": false, ""brakes"": {""gm"": true, ""fcf_margin"": true, ""roic"": false}, ""self_pct"": null, ""self_z"": null, ""median_ratio"": null, ""fcf_yield"": 0.016657740481871363, ""yield_threshold"": 0.0495, ""gs10"": 0.0495, ""residual_pct"": null, ""brake_values"": {""gm"": 1.0150485189307863, ""fcf_margin"": 12.713339597886009, ""roic"": -1.2192731083179167}}",False,"{""floor"": false, ""mom_sector_pct"": 100.0, ""eps_rev_proxy"": null}"
AXON,1069183,Axon Enterprise,Industrials,Aerospace & Defense,Capital Goods,3.3921971252566734,5.9986310746064335,490720356.3672889,-0.1525168476536416,-0.38771658689122934,-0.36429946351852804,9.0,0.6093822655525591,0.0207218869544195,-0.0860343916390448,-0.025486836658942073,0.5984350035736433,-0.06141784676480894,-0.010908387218214802,,9,9,False,0.3248437327961291,,,False,0.5940718194749525,-0.15540155801359323,-0.14818152532742856,0.9748754649698841,1.8062725272188438,2.412678612698179,0.034712620100238116,,,,,,450.6099853515625,81237415.0,36606390383.1488,37773448383.1488,4841595000.0,1167058000.0,265809000.0,132617000.0,633445000.0,109375000.0,1167058000.0,3219099000.0,23774000.0,133192000.0,-500253000.0,-477011000.0,133149000.0,199298000.0,20647919.84791281,0.13149155178292202,0.004264693731696437,1588.8554043555482,,-0.013243508904079009,,-0.012628208977944423,183.67665698174997,0.6683057531937099,8.76505268533748,1898827000.0,281583000.0,0.4503495232459551,3.0,0.12285715452712781,0.11062519310999416,,,,,['fcf_cagr5 gate'],False,0.9,ig,Capital Goods,35.13513513513514,2.4390243902439024,96.875,28.04878048780488,22.61904761904762,12.82051282051282,0.0,0.0,17.1875,1.0,22.189358171104303,"{'profitability': 1.1, 'growth': 100.0, 'balance': 0.0, 'stability': 72.9}",,False,,,,,,False,"{""floor"": false, ""depressed_arms"": {""self_pct"": false, ""self_z"": false, ""median_ratio"": false}, ""yield_arm"": false, ""residual_arm"": false, ""brakes"": {""gm"": true, ""fcf_margin"": true, ""roic"": false}, ""self_pct"": null, ""self_z"": null, ""median_ratio"": null, ""fcf_yield"": -0.013243508904079009, ""yield_threshold"": 0.0495, ""gs10"": 0.0495, ""residual_pct"": null, ""brake_values"": {""gm"": 0.9748754649698841, ""fcf_margin"": 1.8062725272188438, ""roic"": 0.034712620100238116}}",False,"{""floor"": false, ""mom_sector_pct"": 17.1875, ""eps_rev_proxy"": null}"
WMB,107263,Williams Companies,Energy,Oil & Gas Storage & Transportation,Energy,51.48528405201917,5.9986310746064335,487084967.6923253,0.17837417857535875,-0.08077007362691924,0.14475373964376104,10.0,,,0.17436660018904887,0.18223559214692844,0.32527315022869957,0.21487941429700794,0.21025965801139962,0.21094093435723785,6,9,False,0.1425233414783127,-0.14939701872876465,0.14949726502314897,False,,-0.012377681290907912,0.23187090920873565,,-0.070986538003769,1.0790745589442177,0.5557938690678091,78.84615384615384,1.7457625684017235,1.9892842453183759,260.0,gm_derived,71.11000061035156,1223167472.0,86979439680.48218,117827439680.48218,44038000000.0,30848000000.0,5994000000.0,6102000000.0,83000000.0,2333000000.0,28635000000.0,15431000000.0,4660000000.0,-108000000.0,-191000000.0,3578000000.0,6993000000.0,3073000000.0,3567022180.273714,0.2345445965077867,0.08099873246454685,25.284858300532655,,-0.0016210145999772468,32.93108990510961,0.030366441040411463,28.304406013824334,-0.03514480963228116,4.0948090948090945,466000000.0,9792000000.0,0.23293519233389345,4.0,0.1457352032335295,0.1570631848785377,,,,,['fcf_cagr5 gate'],False,0.8,ig,Energy,54.54545454545454,87.5,,68.18181818181817,95.45454545454545,10.0,18.181818181818173,0.0,36.36363636363637,1.0,12.957389053403883,"{'profitability': 20.2, 'growth': 50.0, 'balance': 0.0, 'stability': 56.1}",,False,,,,,,False,"{""floor"": false, ""depressed_arms"": {""self_pct"": false, ""self_z"": false, ""median_ratio"": false}, ""yield_arm"": false, ""residual_arm"": false, ""brakes"": {""gm"": false, ""fcf_margin"": false, ""roic"": false}, ""self_pct"": null, ""self_z"": null, ""median_ratio"": null, ""fcf_yield"": -0.0016210145999772468, ""yield_threshold"": 0.0495, ""gs10"": 0.0495, ""residual_pct"": null, ""brake_values"": {""gm"": null, ""fcf_margin"": -0.070986538003769, ""roic"": 0.5557938690678091}}",False,"{""floor"": false, ""mom_sector_pct"": 36.36363636363637, ""eps_rev_proxy"": null}"
MDLZ,1103982,Mondelez International,Consumer Staples,Packaged Foods & Meats,Food Beverage and Tobacco,13.976728268309378,5.9986310746064335,483119589.70148116,0.01840635879591157,-0.04670284661069013,0.003381729849853965,10.0,0.36163219843891514,0.11254482211868928,0.09349258142386735,0.09264290222551522,0.0674752636359977,0.10007925980780627,0.10206574855619724,0.08922534978745367,7,9,False,0.07711312390360647,0.008496751782827605,0.026197861783298748,False,0.2877060858945654,0.06233462243028699,0.07012008955831467,0.7955765198357001,0.6667333544645697,0.7006455652547227,,77.6923076923077,1.0951451407289554,1.2160234491807616,260.0,,61.439998626708984,1283649766.0,78867439860.2153,108105439860.2153,54988000000.0,29238000000.0,3889000000.0,1314000000.0,125000000.0,1008000000.0,29184000000.0,39304000000.0,3676000000.0,2575000000.0,2450000000.0,2756000000.0,4684000000.0,2609000000.0,,,,29.408443922800682,44.12466933070012,0.022663059353608375,39.225486161181166,0.025493629215732522,30.228991897361173,0.9869681870448448,6.230572160546542,24226000000.0,19533000000.0,0.7957918091219902,,,,90.38461538461539,1.8622880703560107,1.2801894468843673,260.0,[],True,0.8,ig,Food Beverage and Tobacco,,42.857142857142854,28.57142857142857,,53.57142857142857,30.76923076923077,7.692307692307693,0.0,33.33333333333333,1.0,15.353220250452997,"{'profitability': 24.9, 'growth': 35.7, 'balance': 0.0, 'stability': 74.3}",10.79891780608251,False,,,,13.076069028267753,,False,"{""floor"": false, ""depressed_arms"": {""self_pct"": false, ""self_z"": false, ""median_ratio"": false}, ""yield_arm"": false, ""residual_arm"": false, ""brakes"": {""gm"": false, ""fcf_margin"": false, ""roic"": false}, ""self_pct"": 90.38461538461539, ""self_z"": 1.8622880703560107, ""median_ratio"": 1.2801894468843673, ""fcf_yield"": 0.022663059353608375, ""yield_threshold"": 0.0495, ""gs10"": 0.0495, ""residual_pct"": null, ""brake_values"": {""gm"": 0.7955765198357001, ""fcf_margin"": 0.6667333544645697, ""roic"": null}}",False,"{""floor"": false, ""mom_sector_pct"": 33.33333333333333, ""eps_rev_proxy"": null}"
DAL,27904,Delta Air Lines,Industrials,Passenger Airlines,Transportation,13.034907597535934,5.9986310746064335,480247213.81694525,0.4151393202839466,-0.11642209502196965,0.4448312710645703,8.0,,,,,0.981211899766451,0.07600514198439237,0.08414060337669527,0.3861914741885194,8,9,False,0.29955509431200555,,,False,,0.05358267312958542,0.08213862082094689,,,1.0806982090476724,1.1224312751947048,65.56016597510373,0.11432897598140843,1.0530994199946893,241.0,sbc_unreported,81.75,657623030.0,53760682702.5,68837682702.5,36892000000.0,15077000000.0,8134000000.0,4475000000.0,,2525000000.0,15077000000.0,68287000000.0,5516000000.0,3659000000.0,3659000000.0,5609000000.0,8041000000.0,3950000000.0,4285641227.380016,0.22305271439811172,0.116167223988399,12.479637908357505,18.813250260317027,0.05315402634648994,12.272719326528794,0.08148153423816946,13.61029941835443,0.9263291139240506,1.8750155453301829,9753000000.0,9774000000.0,0.5293017456359103,7.0,0.10349606836128815,0.127140256986967,21.91780821917808,-0.03982029298583521,0.46588259789093805,219.0,['fcf_cagr5 gate'],False,0.8,ig,Transportation,27.27272727272727,,,54.54545454545454,27.27272727272727,45.45454545454545,44.44444444444444,81.81818181818181,81.25,1.0,33.86855158275846,"{'profitability': 39.8, 'growth': 100.0, 'balance': 37.5, 'stability': 59.3}",68.57676883238025,False,-0.34037635734668514,26.441580234459554,,51.222660207569355,,False,"{""floor"": false, ""depressed_arms"": {""self_pct"": false, ""self_z"": false, ""median_ratio"": true}, ""yield_arm"": true, ""residual_arm"": false, ""brakes"": {""gm"": false, ""fcf_margin"": false, ""roic"": true}, ""self_pct"": 21.91780821917808, ""self_z"": -0.03982029298583521, ""median_ratio"": 0.46588259789093805, ""fcf_yield"": 0.05315402634648994, ""yield_threshold"": 0.0495, ""gs10"": 0.0495, ""residual_pct"": null, ""brake_values"": {""gm"": null, ""fcf_margin"": null, ""roic"": 1.1224312751947048}}",False,"{""floor"": false, ""mom_sector_pct"": 81.25, ""eps_rev_proxy"": null}"
TT,1466258,Trane Technologies,Industrials,Building Products,Capital Goods,15.852156057494867,5.9986310746064335,468622835.48005563,0.08629957434928381,-0.09735745780712768,0.06007930075125589,10.0,,,0.10843753475390101,0.11452912160021722,0.32914746735622985,0.10639678746575983,0.11184776213965697,0.3527954919317759,7,9,False,0.11352129327156257,0.16882774497590503,0.22247837793850223,True,,0.1555927761943998,0.1528957807104039,,1.434860876794346,1.4370338085593815,1.2191842829141593,5.769230769230769,-0.8542158474310928,0.8328654940403372,260.0,gm_derived,437.0899963378906,220023177.0,96169929629.18106,99490829629.18106,11943800000.0,3320900000.0,3876800000.0,330300000.0,90800000.0,390200000.0,3298700000.0,22209900000.0,3984700000.0,3546500000.0,3455700000.0,3395800000.0,4374900000.0,2949000000.0,3216920040.232697,0.19268199858641874,0.2693380699804666,24.968210813657507,28.790354958237423,0.03473385449573565,29.298200609335375,0.034131788956396424,32.61103073217398,1.202611054594778,0.7540058058469908,7031900000.0,3489500000.0,0.8809089234581959,10.0,0.22091661921418507,0.20922573048228546,8.846153846153847,-0.8783169141828597,0.8270459364457516,260.0,[],True,0.9,ig,Capital Goods,75.67567567567568,56.09756097560976,,87.8048780487805,64.28571428571429,51.28205128205128,78.37837837837839,39.02439024390244,48.4375,1.0,51.10741580955252,"{'profitability': 72.9, 'growth': 97.3, 'balance': 74.9, 'stability': 63.2}",52.765771294231854,False,0.023976130091641235,28.108283058718097,,51.93659355189219,,False,"{""floor"": false, ""depressed_arms"": {""self_pct"": true, ""self_z"": false, ""median_ratio"": false}, ""yield_arm"": false, ""residual_arm"": false, ""brakes"": {""gm"": false, ""fcf_margin"": true, ""roic"": true}, ""self_pct"": 8.846153846153847, ""self_z"": -0.8783169141828597, ""median_ratio"": 0.8270459364457516, ""fcf_yield"": 0.03473385449573565, ""yield_threshold"": 0.0495, ""gs10"": 0.0495, ""residual_pct"": null, ""brake_values"": {""gm"": null, ""fcf_margin"": 1.434860876794346, ""roic"": 1.2191842829141593}}",False,"{""floor"": false, ""mom_sector_pct"": 48.4375, ""eps_rev_proxy"": null}"
FDX,1048911,FedEx,Industrials,Air Freight & Logistics,Transportation,45.73032169746749,5.9986310746064335,467268000.54866284,0.7490362378456814,-0.1317343529652596,0.5469219856318301,7.0,,,0.03532526732430481,0.03215203694015422,0.2576598765784919,0.046100894346754726,0.04623099662162162,0.23546210344111032,6,9,False,0.024412540775736513,,-0.06542743769998727,False,,0.05214315878378378,0.04623099662162162,,1.4760867428144775,1.002822120410253,0.7061930382033119,80.0,1.5178706956119714,1.6107916647563512,260.0,gm_derived,291.5,236581188.0,68963416302.0,98433416302.0,61117000000.0,29470000000.0,8925000000.0,3809000000.0,177000000.0,4369000000.0,29470000000.0,94720000000.0,5463000000.0,5116000000.0,4939000000.0,4379000000.0,9832000000.0,4433.0,4180472812.0145,0.23476609701363715,0.0684011455407579,18.01819811495515,19.92982715165013,0.05017604981672924,22.47851479835579,0.04448692491343538,15556827.498759305,1154071.734716896,2.9973555736371034,6733000000.0,153000000.0,0.11266914279169461,3.0,0.09685899157938924,0.09329093491793942,46.92307692307692,-0.054467631133341646,0.98842987490636,260.0,['fcf_cagr5 gate'],False,0.9,ig,Transportation,18.181818181818183,33.33333333333333,,9.090909090909092,18.181818181818183,100.0,0.0,63.63636363636363,95.3125,1.0,9.418435675631308,"{'profitability': 23.5, 'growth': 20.3, 'balance': 0.1, 'stability': 60.6}",54.313936801885305,False,-0.28145994568571453,26.40827497604463,,31.866186238758306,,False,"{""floor"": false, ""depressed_arms"": {""self_pct"": false, ""self_z"": false, ""median_ratio"": false}, ""yield_arm"": true, ""residual_arm"": false, ""brakes"": {""gm"": false, ""fcf_margin"": true, ""roic"": false}, ""self_pct"": 46.92307692307692, ""self_z"": -0.054467631133341646, ""median_ratio"": 0.98842987490636, ""fcf_yield"": 0.05017604981672924, ""yield_threshold"": 0.0495, ""gs10"": 0.0495, ""residual_pct"": null, ""brake_values"": {""gm"": null, ""fcf_margin"": 1.4760867428144775, ""roic"": 0.7061930382033119}}",False,"{""floor"": false, ""mom_sector_pct"": 95.3125, ""eps_rev_proxy"": null}"
UPS,1090727,United Parcel Service,Industrials,Air Freight & Logistics,Transportation,24.175222450376456,5.9986310746064335,465216228.26746714,0.34076275725370087,-0.17305679537919116,0.21970839036863699,9.0,,,0.07076790643341882,0.0679587130778522,0.33259306854290466,0.09544753463392393,0.07935530684491743,0.3497945322912425,7,9,False,0.00935446750891411,-0.011433429874150636,-0.10276163402623095,False,,0.059401756922050485,,,0.8393883600038098,,0.6526789216917918,,,,,shares_was_proxy,95.81999969482422,851000000.0,81542819740.29541,101808819740.29541,35333000000.0,20266000000.0,8867000000.0,3410000000.0,115000000.0,,20234000000.0,89930000000.0,6576000000.0,5457000000.0,5342000000.0,,,4570000000.0,5124884038.199182,0.22066848567530695,0.14504525622503556,15.481876481188475,19.058184152058296,0.05247089607390531,,,17.843067776869894,1.1940919037199125,,5770000000.0,3954000000.0,0.27521014349191975,7.0,0.22223064267046894,0.1839712773340012,29.230769230769234,-0.8020832757340489,0.8392145816062101,260.0,[],True,0.8,ig,Transportation,81.81818181818183,44.44444444444444,,54.54545454545454,40.909090909090914,81.81818181818183,,72.72727272727273,75.0,0.7,18.38697035924382,"{'profitability': 48.1, 'growth': 3.9, 'balance': None, 'stability': 63.0}",62.75094000205554,False,-0.3419733270392067,26.828639383190076,,40.56895518064968,,False,"{""floor"": false, ""depressed_arms"": {""self_pct"": false, ""self_z"": false, ""median_ratio"": false}, ""yield_arm"": true, ""residual_arm"": false, ""brakes"": {""gm"": false, ""fcf_margin"": false, ""roic"": false}, ""self_pct"": 29.230769230769234, ""self_z"": -0.8020832757340489, ""median_ratio"": 0.8392145816062101, ""fcf_yield"": 0.05247089607390531, ""yield_threshold"": 0.0495, ""gs10"": 0.0495, ""residual_pct"": null, ""brake_values"": {""gm"": null, ""fcf_margin"": 0.8393883600038098, ""roic"": 0.6526789216917918}}",False,"{""floor"": false, ""mom_sector_pct"": 75.0, ""eps_rev_proxy"": null}"
MNST,865752,Monster Beverage,Consumer Staples,Soft Drinks & Non-alcoholic Beverages,Food Beverage and Tobacco,14.239561943874058,5.9986310746064335,460095350.85562545,0.4343435334163763,-0.10020490709218677,0.34404659652387304,10.0,0.5388470614259054,0.03907062059615697,0.184063703180795,0.19992767534352462,0.3179560952946162,0.19748124057024338,0.22129033965837944,0.30495918125757554,9,9,False,0.12520215032714033,0.08367261366855949,0.08479692949313788,False,0.5554644630623616,0.2128351395933401,0.21507248596560327,1.0308388090536913,1.1563123848719081,1.089078057969272,1.0413846028477818,88.07692307692308,1.0627577142675042,1.2826038715095942,260.0,,43.90999984741211,979525882.0,43010981329.15621,39852362329.15621,6205529000.0,-3158619000.0,2238762000.0,140846000.0,135798000.0,120220000.0,-3158619000.0,9218957000.0,2688388000.0,2097916000.0,1962118000.0,1982744000.0,2808608000.0,,2060354119.9536204,0.23360983609746047,0.33201909457737133,14.82388789458821,20.31088972689523,0.049234672308610006,20.09960051784608,0.04975223259348451,,,-1.1246208085998473,1331643000.0,1381827000.0,0.4372665086248086,10.0,0.31882466254007236,0.3055077528339857,83.46153846153847,0.5670690747659328,1.1485860086807071,260.0,[],True,0.9,ig,Food Beverage and Tobacco,90.9090909090909,85.71428571428571,64.28571428571429,81.81818181818183,53.57142857142857,,92.3076923076923,71.42857142857143,96.29629629629629,1.0,73.34108829929441,"{'profitability': 90.0, 'growth': 84.9, 'balance': 100.0, 'stability': 80.2}",42.66705822753741,True,-0.011238586978190135,20.540442938408095,36.486486486486484,58.00407326341591,10.0,False,"{""floor"": true, ""depressed_arms"": {""self_pct"": false, ""self_z"": false, ""median_ratio"": false}, ""yield_arm"": false, ""residual_arm"": false, ""brakes"": {""gm"": true, ""fcf_margin"": true, ""roic"": true}, ""self_pct"": 83.46153846153847, ""self_z"": 0.5670690747659328, ""median_ratio"": 1.1485860086807071, ""fcf_yield"": 0.049234672308610006, ""yield_threshold"": 0.0495, ""gs10"": 0.0495, ""residual_pct"": 36.486486486486484, ""brake_values"": {""gm"": 1.0308388090536913, ""fcf_margin"": 1.1563123848719081, ""roic"": 1.0413846028477818}}",False,"{""floor"": true, ""mom_sector_pct"": 96.29629629629629, ""eps_rev_proxy"": 10.0}"
ELV,1156039,Elevance Health,Health Care,Managed Health Care,Health Care Equipment and Services,24.16700889801506,5.9986310746064335,457343412.4657151,0.25711692512025897,-0.04814674150586673,0.27580887270391274,10.0,0.9038632265521114,0.01434081668829116,0.034445804370759246,0.03779619470059531,0.2848302791382467,0.032356894924330956,0.035175674098284114,0.3134632077023055,9,9,False,0.10318394736699799,,,False,0.8913198052835968,0.030057728739564325,0.028377081541223093,0.9861224343462197,0.8726092854745491,0.8770026174509341,0.6661916423801303,47.69230769230769,-0.006463146086729785,0.9852534059497658,260.0,gm_derived,398.55999755859375,216869290.0,86435423692.93396,108046423692.93396,66494000000.0,21611000000.0,7464000000.0,1175000000.0,244000000.0,1513000000.0,21472000000.0,201113000000.0,5453000000.0,6289000000.0,6045000000.0,5707000000.0,6966000000.0,4963000000.0,4601840839.303992,0.15609007164790173,0.06920685835269336,19.81412501245809,17.8736846473009,0.05594817295554163,18.932262781309614,0.05281988801609199,17.415962863778756,1.2671771106185774,3.0824002296870514,28339000000.0,11200000000.0,0.5946250789544921,4.0,0.10388430888360467,0.10710716702037963,48.07692307692308,-0.0017752690648432192,0.9933263908556138,260.0,['fcf_cagr5 gate'],False,1.0,ig,Health Care Equipment and Services,44.44444444444444,20.689655172413794,100.0,51.78571428571429,58.333333333333336,51.724137931034484,11.111111111111114,53.333333333333336,54.761904761904766,1.0,29.61581942421735,"{'profitability': 23.3, 'growth': 86.0, 'balance': 0.0, 'stability': 84.3}",52.27381358879015,False,-0.3499163412143944,25.3618440269486,,40.94481650650375,,False,"{""floor"": false, ""depressed_arms"": {""self_pct"": false, ""self_z"": false, ""median_ratio"": false}, ""yield_arm"": true, ""residual_arm"": false, ""brakes"": {""gm"": true, ""fcf_margin"": false, ""roic"": false}, ""self_pct"": 48.07692307692308, ""self_z"": -0.0017752690648432192, ""median_ratio"": 0.9933263908556138, ""fcf_yield"": 0.05594817295554163, ""yield_threshold"": 0.0495, ""gs10"": 0.0495, ""residual_pct"": null, ""brake_values"": {""gm"": 0.9861224343462197, ""fcf_margin"": 0.8726092854745491, ""roic"": 0.6661916423801303}}",False,"{""floor"": false, ""mom_sector_pct"": 54.761904761904766, ""eps_rev_proxy"": null}"
ADSK,769397,Autodesk,Information Technology,Application Software,Software and Services,36.813141683778234,5.9986310746064335,456155197.37817943,-0.19270317232336986,-0.3190655438928238,-0.32745914701253254,8.0,0.9062710530819889,0.002236139058699614,0.1917501387605624,0.20975832193342453,0.2340284241840348,0.1828330140487197,0.20155038759689922,0.3635527197598553,9,9,False,0.13713233616993747,0.12346189808598473,0.10541280375226147,False,0.9124518613607189,0.27381258023106547,0.2690629011553273,1.0068200438022497,1.4279654867576086,1.4716319290324111,1.5224068634011836,2.307692307692308,-0.7442198476234787,0.4235562521545426,260.0,,217.14999389648438,209000000.0,45384348724.365234,44934348724.365234,2933000000.0,-450000000.0,2896000000.0,57000000.0,706000000.0,94000000.0,-450000000.0,7790000000.0,2041000000.0,2839000000.0,2133000000.0,2096000000.0,2135000000.0,1642000000.0,1592076959.6199527,0.2199524940617577,0.5428151925059505,22.015849448488602,21.06626756885384,0.04746925371243671,21.43814347536509,0.046645830183435225,27.63967644602024,1.7289890377588306,-0.2107728337236534,4331000000.0,423000000.0,1.6208660075008523,6.0,0.3565506735126352,0.3389969419116391,2.307692307692308,-0.8397344916155641,0.43427653088925366,260.0,[],True,1.0,ig,Software and Services,73.68421052631578,59.09090909090909,100.0,67.5,15.909090909090908,57.14285714285714,60.0,59.090909090909086,13.559322033898304,1.0,85.23953737882893,"{'profitability': 92.0, 'growth': 100.0, 'balance': 100.0, 'stability': 88.1}",65.58507011759949,True,-0.48972529561307443,34.377365336271524,17.56756756756757,75.41230374821421,6.0,True,"{""floor"": true, ""depressed_arms"": {""self_pct"": true, ""self_z"": false, ""median_ratio"": true}, ""yield_arm"": false, ""residual_arm"": true, ""brakes"": {""gm"": true, ""fcf_margin"": true, ""roic"": true}, ""self_pct"": 2.307692307692308, ""self_z"": -0.8397344916155641, ""median_ratio"": 0.43427653088925366, ""fcf_yield"": 0.04746925371243671, ""yield_threshold"": 0.0495, ""gs10"": 0.0495, ""residual_pct"": 17.56756756756757, ""brake_values"": {""gm"": 1.0068200438022497, ""fcf_margin"": 1.4279654867576086, ""roic"": 1.5224068634011836}}",True,"{""floor"": true, ""mom_sector_pct"": 13.559322033898304, ""eps_rev_proxy"": 6.0}"
LULU,1397187,Lululemon Athletica,Consumer Discretionary,"Apparel, Accessories & Luxury Goods",Consumer Durables and Apparel,2.9349760438056127,5.9986310746064335,453534346.70811814,-0.3147476150461178,-0.5148237751349123,-0.41985254107301573,10.0,0.5744094451198023,0.02324883408709348,0.11167683961691992,0.1410514004083442,0.4418406705287986,0.13924875545854123,0.16397405924334485,0.3652658539342016,9,9,False,0.2032540125801856,0.09930078781039131,0.12984266601111005,False,0.5610713221750043,0.113855248195977,0.12179164238542521,0.9767794156970798,1.019506359479097,0.874633615103917,0.6617015195867274,1.5384615384615385,-0.5817289901042536,0.3118339162857016,260.0,,102.27999877929688,105594064.0,10800160737.020996,11551550737.020996,5542564000.0,751390000.0,1982033000.0,627697000.0,91231000.0,539651000.0,751390000.0,11093955000.0,1978775000.0,1354336000.0,1263105000.0,1351151000.0,2518426000.0,1417977000.0,1397038107.9055164,0.2939883979201696,0.2520562880113818,5.837728259666205,9.14536062878462,0.10934505927000233,8.549415081675546,0.11696706621992861,7.616597968105968,0.9551184539664607,0.2983569896435313,185840000.0,2530000.0,0.03398607575843959,7.0,0.380921428393887,0.4128981094833186,1.153846153846154,-0.03717306975696275,0.28680597816929476,260.0,[],True,1.0,ig,Consumer Durables and Apparel,100.0,70.0,50.0,72.22222222222221,70.0,33.33333333333333,40.0,88.88888888888889,12.121212121212121,1.0,63.140179041292356,"{'profitability': 72.8, 'growth': 91.4, 'balance': 90.1, 'stability': 75.6}",92.66666666666666,True,-1.14971569635832,28.87460277260633,9.45945945945946,77.9034228539795,-17.0,False,"{""floor"": true, ""depressed_arms"": {""self_pct"": true, ""self_z"": false, ""median_ratio"": true}, ""yield_arm"": true, ""residual_arm"": true, ""brakes"": {""gm"": true, ""fcf_margin"": true, ""roic"": false}, ""self_pct"": 1.153846153846154, ""self_z"": -0.03717306975696275, ""median_ratio"": 0.28680597816929476, ""fcf_yield"": 0.10934505927000233, ""yield_threshold"": 0.0495, ""gs10"": 0.0495, ""residual_pct"": 9.45945945945946, ""brake_values"": {""gm"": 0.9767794156970798, ""fcf_margin"": 1.019506359479097, ""roic"": 0.6617015195867274}}",False,"{""floor"": true, ""mom_sector_pct"": 12.121212121212121, ""eps_rev_proxy"": -17.0}"
EXPE,1324424,Expedia Group,Consumer Discretionary,"Hotels, Resorts & Cruise Lines",Consumer Services,18.978781656399725,5.9986310746064335,452182188.1926457,0.489145228798463,-0.22025478295625356,0.17092092621991806,9.0,,,0.18945391419276786,0.18407656281816331,0.1832335062561977,0.1817669594272266,0.17613520667888413,0.20344282701144809,8,9,True,0.23161302817574048,0.0028315207796696384,0.007753659335516527,True,,0.2577707006369427,0.24859872611464967,,1.3605984428205744,1.367678300269859,,25.384615384615383,-1.1552736351245596,0.6243902068819553,260.0,gm_derived;ev_or_ic_nonpos,259.0400085449219,114473000.0,29653086898.16284,28382859898.16284,-61227000.0,-1270227000.0,5216000000.0,757000000.0,412000000.0,901000000.0,-1381000000.0,15700000000.0,2507000000.0,4459000000.0,4047000000.0,3903000000.0,3408000000.0,2043000000.0,2097567911.3664339,0.16331555190808372,,11.321443916299499,7.013308598508239,0.14258605420738285,7.272062489921302,0.13751256969889183,14.514482084269623,2.182574645129711,-0.4052230046948357,7024000000.0,819000000.0,-128.09708135299786,7.0,0.2658984072776649,0.1734600993790101,25.0,-1.1443634778488796,0.6296689755208054,260.0,[],True,0.9,ig,Consumer Services,83.33333333333334,100.0,,76.92307692307693,50.0,92.3076923076923,88.88888888888889,84.61538461538461,96.96969696969697,1.0,62.2327761021278,"{'profitability': 80.2, 'growth': 51.2, 'balance': 100.0, 'stability': 80.4}",82.19312602291326,True,-1.1946006501391353,23.725261018614226,4.054054054054054,72.21295106252053,20.0,False,"{""floor"": true, ""depressed_arms"": {""self_pct"": false, ""self_z"": true, ""median_ratio"": true}, ""yield_arm"": true, ""residual_arm"": true, ""brakes"": {""gm"": false, ""fcf_margin"": true, ""roic"": false}, ""self_pct"": 25.0, ""self_z"": -1.1443634778488796, ""median_ratio"": 0.6296689755208054, ""fcf_yield"": 0.14258605420738285, ""yield_threshold"": 0.0495, ""gs10"": 0.0495, ""residual_pct"": 4.054054054054054, ""brake_values"": {""gm"": null, ""fcf_margin"": 1.3605984428205744, ""roic"": null}}",False,"{""floor"": true, ""mom_sector_pct"": 96.96969696969697, ""eps_rev_proxy"": 20.0}"
TDG,1260221,TransDigm Group,Industrials,Aerospace & Defense,Capital Goods,10.30800821355236,5.9986310746064335,441053951.52096975,-0.08470194369269768,-0.23773791082974138,-0.14697615666362496,10.0,0.5735695454573323,0.04665988047904601,0.16695146611253345,0.16719817767653758,0.3520608333096397,0.14494112401039724,0.14760820045558087,0.4364712055351429,7,9,False,0.1159297693411061,0.10386310201805116,0.1265914817451428,False,0.5957425544673196,0.17799320407755348,,1.0386579259404503,1.0661374123997052,,1.97752852330618,1.153846153846154,-1.0489804394593383,0.781302558740155,260.0,,1105.280029296875,55276525.0,61096039171.42944,78215039171.42944,7310000000.0,17119000000.0,2198000000.0,271000000.0,146000000.0,,17110000000.0,10006000000.0,4608000000.0,1927000000.0,1781000000.0,,,2129000000.0,3584747991.2344775,0.2220598977355734,0.49038960208405985,16.973749820188683,43.916361129382054,0.022770556901422195,,,28.697059263236,0.9051197745420385,,12166000000.0,2474860000.0,2.0028536251709985,10.0,0.24798105124885375,0.15500459260529312,0.7692307692307693,-1.7098443295461803,0.7642662930308693,260.0,[],True,0.9,ig,Capital Goods,81.08108108108108,87.8048780487805,93.75,87.8048780487805,64.28571428571429,28.205128205128204,,78.04878048780488,23.4375,0.7,53.62938863435417,"{'profitability': 72.2, 'growth': 91.6, 'balance': None, 'stability': 66.6}",67.77771611038514,False,0.4440249428368719,28.17012442148248,,60.70355237236966,,False,"{""floor"": false, ""depressed_arms"": {""self_pct"": true, ""self_z"": true, ""median_ratio"": true}, ""yield_arm"": false, ""residual_arm"": false, ""brakes"": {""gm"": true, ""fcf_margin"": true, ""roic"": true}, ""self_pct"": 0.7692307692307693, ""self_z"": -1.7098443295461803, ""median_ratio"": 0.7642662930308693, ""fcf_yield"": 0.022770556901422195, ""yield_threshold"": 0.0495, ""gs10"": 0.0495, ""residual_pct"": null, ""brake_values"": {""gm"": 1.0386579259404503, ""fcf_margin"": 1.0661374123997052, ""roic"": 1.97752852330618}}",False,"{""floor"": false, ""mom_sector_pct"": 23.4375, ""eps_rev_proxy"": null}"
EBAY,1065088,eBay Inc.,Consumer Discretionary,Broadline Retail,Broadline Retail,24.175222450376456,5.9986310746064335,441040147.93265283,0.1736452275890823,-0.06636794572458482,0.21220365698029742,10.0,0.7252681620699765,0.015000980879488252,0.12918820021007876,0.133843797856049,0.13680776735883818,0.13242629596242905,0.1394382911392405,0.18273709734613897,6,9,False,0.04531015795011939,-0.060198659443529756,-0.08378608335143245,False,0.7248500999333778,0.1485676215856096,0.15872751499000667,0.9994235757772608,1.1500092217711608,1.1986102445623006,1.0926020301533335,67.6923076923077,0.45281276080072924,1.2445102814416424,260.0,,109.08999633789062,445000000.0,48545048370.36133,55188048370.36133,11308000000.0,6643000000.0,2971000000.0,543000000.0,644000000.0,421000000.0,6643000000.0,12008000000.0,2464000000.0,2428000000.0,1784000000.0,1906000000.0,2885000000.0,2222000000.0,2172772892.2952805,0.118192819685357,0.19214475524365762,22.397746903555735,30.935004691906574,0.032325839609832895,28.95490470638055,0.034536463170595014,21.84745651231383,1.0927092709270927,2.3025996533795494,4471000000.0,119000000.0,0.4059073222497347,10.0,0.17585978237354405,0.17915572606456678,62.69230769230769,0.34945515638226143,1.204913199880694,260.0,['fcf_cagr5 gate'],False,1.0,sector,Consumer Discretionary,44.827586206896555,81.25,91.30434782608695,95.16129032258065,66.66666666666666,46.875,32.14285714285714,21.875,63.63636363636363,1.0,30.942685794539187,"{'profitability': 71.6, 'growth': 18.9, 'balance': 23.2, 'stability': 75.0}",31.238975287205186,False,0.08362404031542425,28.45330550632754,,31.090830540872187,,False,"{""floor"": false, ""depressed_arms"": {""self_pct"": false, ""self_z"": false, ""median_ratio"": false}, ""yield_arm"": false, ""residual_arm"": false, ""brakes"": {""gm"": true, ""fcf_margin"": true, ""roic"": true}, ""self_pct"": 62.69230769230769, ""self_z"": 0.34945515638226143, ""median_ratio"": 1.204913199880694, ""fcf_yield"": 0.032325839609832895, ""yield_threshold"": 0.0495, ""gs10"": 0.0495, ""residual_pct"": null, ""brake_values"": {""gm"": 0.9994235757772608, ""fcf_margin"": 1.1500092217711608, ""roic"": 1.0926020301533335}}",False,"{""floor"": false, ""mom_sector_pct"": 63.63636363636363, ""eps_rev_proxy"": null}"
FLEX,866374,Flex Ltd.,Information Technology,Electronic Manufacturing Services,Technology Hardware and Equipment,0.25735797399041754,5.9986310746064335,438054116.9793258,0.9437115737180033,-0.26079512634753577,0.9753738973779977,5.0,0.07755882592438015,0.11366491043602851,0.023950197492487335,0.024380087071739543,0.3760868269968893,0.02516475282334309,0.025477948135529057,0.38078232016510744,5,9,False,0.029614264794731948,,,False,0.09368913793692554,0.02822291317866539,0.035500734615778864,1.2079751958632334,1.1784000189358903,1.410732498149078,0.9167498120099786,89.23076923076924,1.2993155587433307,1.9869111525114616,260.0,sbc_unreported,112.30000305175781,369402978.0,41483955556.728424,44722955556.728424,8739000000.0,3239000000.0,1562000000.0,736000000.0,,523000000.0,3239000000.0,29267000000.0,1449000000.0,826000000.0,826000000.0,1039000000.0,1972000000.0,880000000.0,1043280000.0,0.28,0.11938208032955716,30.8647036278319,54.14401399119664,0.018469262366890487,43.04423056470493,0.023231917190313818,47.14085858719139,0.9386363636363636,1.6424949290060853,1831000000.0,736000000.0,0.2937407025975512,6.0,0.13022318495796725,0.13323109930558044,88.84615384615384,1.173533089242235,2.4453924035356835,260.0,"['tenure<1y', 'fcf_cagr5 gate']",False,1.0,ig,Technology Hardware and Equipment,28.57142857142857,10.526315789473683,5.0,42.857142857142854,4.761904761904762,28.57142857142857,20.0,38.095238095238095,81.35593220338984,1.0,16.59922405114426,"{'profitability': 34.7, 'growth': 24.7, 'balance': 45.3, 'stability': 47.6}",21.905520351404533,False,0.4203662034231046,35.56212684753357,,19.252372201274397,,False,"{""floor"": false, ""depressed_arms"": {""self_pct"": false, ""self_z"": false, ""median_ratio"": false}, ""yield_arm"": false, ""residual_arm"": false, ""brakes"": {""gm"": true, ""fcf_margin"": true, ""roic"": true}, ""self_pct"": 88.84615384615384, ""self_z"": 1.173533089242235, ""median_ratio"": 2.4453924035356835, ""fcf_yield"": 0.018469262366890487, ""yield_threshold"": 0.0495, ""gs10"": 0.0495, ""residual_pct"": null, ""brake_values"": {""gm"": 1.2079751958632334, ""fcf_margin"": 1.1784000189358903, ""roic"": 0.9167498120099786}}",False,"{""floor"": false, ""mom_sector_pct"": 81.35593220338984, ""eps_rev_proxy"": null}"
FSLR,1274494,First Solar,Information Technology,Semiconductors,Semiconductors and Semiconductor Equipment,3.7645448323066395,5.9986310746064335,435424388.2277001,-0.07072083109009075,-0.37426253830364287,-0.12748842153926243,2.0,0.30324651097447314,0.5044477023523484,-0.04720805742572375,-0.07992341943218832,,0.1508680905571988,0.18220264941377068,0.8572590982999496,6,9,False,0.13995360646283728,,,False,0.44016172341346926,0.2745341219928112,0.2897241408676085,1.4514980634040056,-5.815408151982485,1.9203805111973964,1.5129364594506167,5.288461538461538,-0.0330107511538312,0.3786766335183396,208.0,,191.97000122070312,107469788.0,20630975333.548706,18627674333.548706,8317037000.0,-2003301000.0,2155743000.0,655624000.0,23655000.0,573931000.0,-2003301000.0,5378071000.0,1809702000.0,1500119000.0,1476464000.0,1558157000.0,2383633000.0,1746014000.0,1731000597.0358245,0.043488598102989044,0.20812707663027405,10.293227467035294,12.61640943060495,0.07926185381826584,11.954940569883975,0.08364742544342946,11.81604233044449,0.8591677959054166,-0.8404402019941828,30142000.0,7848000.0,0.004567732474918652,4.0,0.13756498188023703,0.1645573850515877,,,,,['fcf_cagr5 gate'],False,0.9,ig,Semiconductors and Semiconductor Equipment,21.428571428571427,6.25,6.25,33.33333333333333,6.25,46.666666666666664,78.57142857142857,93.75,25.423728813559322,1.0,33.980328224515,"{'profitability': 41.1, 'growth': 100.0, 'balance': 100.0, 'stability': 44.4}",,False,-1.4649519704727552,54.595435092371815,,,,False,"{""floor"": false, ""depressed_arms"": {""self_pct"": false, ""self_z"": false, ""median_ratio"": false}, ""yield_arm"": true, ""residual_arm"": false, ""brakes"": {""gm"": true, ""fcf_margin"": false, ""roic"": true}, ""self_pct"": null, ""self_z"": null, ""median_ratio"": null, ""fcf_yield"": 0.07926185381826584, ""yield_threshold"": 0.0495, ""gs10"": 0.0495, ""residual_pct"": null, ""brake_values"": {""gm"": 1.4514980634040056, ""fcf_margin"": -5.815408151982485, ""roic"": 1.5129364594506167}}",False,"{""floor"": false, ""mom_sector_pct"": 25.423728813559322, ""eps_rev_proxy"": null}"
HUM,49071,Humana,Health Care,Managed Health Care,Health Care Equipment and Services,13.787816563997263,5.9986310746064335,435283895.9075754,0.5287027104535695,-0.08545629589272707,0.48603825091979,10.0,,,0.4259986873714666,0.4928909952606635,0.5855981243119247,0.4576005348785343,0.45073649754500816,0.6745582849364038,7,9,False,0.26299918238784725,-0.3962600276820534,,False,,0.16661269430051814,0.12920984455958548,,0.39111081615900267,0.28236384075443227,0.5884924207848082,91.30434782608695,2.28873098625901,3.2156084319782687,207.0,,374.7799987792969,120061500.0,44996648823.44055,37634648823.44055,11218000000.0,-7362000000.0,1844000000.0,572000000.0,243000000.0,803000000.0,-7428000000.0,6176000000.0,2444000000.0,1272000000.0,1029000000.0,798000000.0,3247000000.0,1130000000.0,1889847915.7233043,0.22673980535053015,0.1684656726442596,15.398792480949488,36.57400274386837,0.02734182547650325,47.161214064461845,0.021203864655247418,39.82004320658456,1.1256637168141592,-2.287650138589467,10489000000.0,342000000.0,0.9655018719914423,9.0,0.2862665120131799,0.2312914271353627,77.41935483870968,0.6701127951730836,2.6291169968302848,217.0,['fcf_cagr5 gate'],False,0.9,ig,Health Care Equipment and Services,88.88888888888889,100.0,,96.42857142857143,58.333333333333336,31.03448275862069,96.29629629629629,83.33333333333334,85.71428571428571,1.0,38.979931826612734,"{'profitability': 75.4, 'growth': 50.0, 'balance': 100.0, 'stability': 51.9}",41.88339870678077,False,0.3468157186314995,25.85546425642216,,40.431665266696754,,False,"{""floor"": false, ""depressed_arms"": {""self_pct"": false, ""self_z"": false, ""median_ratio"": false}, ""yield_arm"": false, ""residual_arm"": false, ""brakes"": {""gm"": false, ""fcf_margin"": false, ""roic"": false}, ""self_pct"": 77.41935483870968, ""self_z"": 0.6701127951730836, ""median_ratio"": 2.6291169968302848, ""fcf_yield"": 0.02734182547650325, ""yield_threshold"": 0.0495, ""gs10"": 0.0495, ""residual_pct"": null, ""brake_values"": {""gm"": null, ""fcf_margin"": 0.39111081615900267, ""roic"": 0.5884924207848082}}",False,"{""floor"": false, ""mom_sector_pct"": 85.71428571428571, ""eps_rev_proxy"": null}"
TEL,1385157,TE Connectivity,Information Technology,Electronic Manufacturing Services,Technology Hardware and Equipment,14.937713894592745,5.9986310746064335,434520398.85568,-0.05610196566212067,-0.12262188146312702,-0.0014689857452949706,10.0,0.3322676863433084,0.041633202735549185,0.14226595239565437,0.14201072720469005,0.22373082283888815,0.13951758442944964,0.13814394411874767,0.24717286141209968,5,9,False,0.07237290827192866,0.17468868131492132,0.21164609717435856,False,0.3611944933236725,0.16256081151019564,0.16778801366318186,1.08705874260212,1.142654365101352,1.2026298645388878,1.0750258952346767,43.46153846153846,-0.29432792341308756,0.9486306591695052,260.0,,214.38999938964844,289513228.0,62068740774.21515,66957740774.21515,18135000000.0,4889000000.0,4418000000.0,1103000000.0,174000000.0,1002000000.0,4884000000.0,19322000000.0,3814000000.0,3315000000.0,3141000000.0,3242000000.0,4816000000.0,3016000000.0,3052413683.3731103,0.19968178202068418,0.1683161667148117,17.55577891300869,21.317332306340386,0.04691018489694282,20.653220473231077,0.04841859899264203,20.579821211609797,1.0991379310344827,1.0141196013289036,7403000000.0,2081000000.0,0.5229666390956713,9.0,0.15656940680305054,0.15899659510268593,47.69230769230769,-0.17223137535439972,0.9695657351780401,260.0,[],True,1.0,ig,Technology Hardware and Equipment,38.095238095238095,52.63157894736842,35.0,61.904761904761905,64.28571428571429,47.61904761904761,44.99999999999999,80.95238095238095,27.11864406779661,1.0,44.42741050967515,"{'profitability': 68.2, 'growth': 80.2, 'balance': 66.2, 'stability': 62.4}",58.103450605860964,False,-0.5152645610430162,35.6869482309496,,51.265430557768056,,False,"{""floor"": false, ""depressed_arms"": {""self_pct"": false, ""self_z"": false, ""median_ratio"": false}, ""yield_arm"": false, ""residual_arm"": false, ""brakes"": {""gm"": true, ""fcf_margin"": true, ""roic"": true}, ""self_pct"": 47.69230769230769, ""self_z"": -0.17223137535439972, ""median_ratio"": 0.9695657351780401, ""fcf_yield"": 0.04691018489694282, ""yield_threshold"": 0.0495, ""gs10"": 0.0495, ""residual_pct"": null, ""brake_values"": {""gm"": 1.08705874260212, ""fcf_margin"": 1.142654365101352, ""roic"": 1.0750258952346767}}",False,"{""floor"": false, ""mom_sector_pct"": 27.11864406779661, ""eps_rev_proxy"": null}"
NTAP,1002047,NetApp,Information Technology,"Technology Hardware, Storage & Peripherals",Technology Hardware and Equipment,27.249828884325805,5.9986310746064335,432990513.0560192,0.5873624556196695,-0.051912303964389284,0.6663825617516992,10.0,0.6892228970051042,0.029269361759577988,0.15024936372583986,0.14485696895922093,0.2761455902122549,0.15286641367079037,0.14059646987218502,0.3040714942564156,7,9,False,0.03810448963486701,0.0980205829542049,0.09017752250661193,False,0.7062643755919361,0.1695305100798268,0.1787308889189555,1.0247256419670365,1.1283276406359315,1.169196585614066,2.532339193104691,98.84615384615385,1.959691649100251,1.6009932491577794,260.0,,196.3300018310547,196419005.0,38562943611.30394,37724943611.30394,657000000.0,-838000000.0,1897000000.0,247000000.0,397000000.0,179000000.0,-838000000.0,7391000000.0,1849000000.0,1650000000.0,1253000000.0,1321000000.0,2028000000.0,1418000000.0,1434289934.354486,0.22428884026258206,2.1830897022138296,20.402890000705213,30.107696417640813,0.033214098685214466,28.557867987361046,0.03501661960348628,27.195305790764415,1.16361071932299,-0.41321499013806706,2916000000.0,38000000.0,4.4961948249619486,4.0,0.8620842374347666,1.6737991565991628,98.84615384615385,2.041428867989258,1.5807200347217623,260.0,[],True,1.0,ig,Technology Hardware and Equipment,100.0,73.68421052631578,90.0,28.57142857142857,64.28571428571429,52.38095238095239,80.0,76.19047619047619,72.88135593220339,1.0,56.716597565356885,"{'profitability': 79.0, 'growth': 56.7, 'balance': 100.0, 'stability': 72.2}",33.58732990951571,False,-0.20244378184893375,36.86360005667797,,45.1519637374363,,False,"{""floor"": false, ""depressed_arms"": {""self_pct"": false, ""self_z"": false, ""median_ratio"": false}, ""yield_arm"": false, ""residual_arm"": false, ""brakes"": {""gm"": true, ""fcf_margin"": true, ""roic"": true}, ""self_pct"": 98.84615384615385, ""self_z"": 2.041428867989258, ""median_ratio"": 1.5807200347217623, ""fcf_yield"": 0.033214098685214466, ""yield_threshold"": 0.0495, ""gs10"": 0.0495, ""residual_pct"": null, ""brake_values"": {""gm"": 1.0247256419670365, ""fcf_margin"": 1.1283276406359315, ""roic"": 2.532339193104691}}",False,"{""floor"": false, ""mom_sector_pct"": 72.88135593220339, ""eps_rev_proxy"": null}"
SWKS,4127,Skyworks Solutions,Information Technology,Semiconductors,Semiconductors and Semiconductor Equipment,11.537303216974674,5.9986310746064335,420635736.1658567,-0.14573202191179802,0.0,0.18745710445352848,10.0,0.4463051220706157,0.07287175184748614,0.2390373731300016,0.2137072108444053,0.23199280453409218,0.19644246972961774,0.22160757690051128,0.3058940837052957,4,9,False,0.04021275962874182,0.06290179014117925,-0.02400392191315781,False,0.40733912956827184,0.05027278842081662,0.005082085648090481,0.9126920338230433,0.2103135077269927,0.025870605552279165,0.3160905559829089,100.0,6.8624572709001965,42.83323020722537,260.0,,91.44999694824219,150472782.0,13760735454.693512,13642635454.693512,5620200000.0,-118100000.0,716200000.0,282000000.0,232400000.0,463400000.0,-118100000.0,4014100000.0,305400000.0,434200000.0,201800000.0,20400000.0,768800000.0,290100000.0,271851917.76618594,0.10984964713102179,0.04837050599021137,44.67136691124267,67.60473466151393,0.014791863395468374,668.7566399359565,0.001495312256033473,47.4344552040452,1.4967252671492588,-0.15361602497398544,2176700000.0,1631600000.0,0.6776093377459876,5.0,0.15302736850140747,0.1562759240789808,100.0,6.145045620226058,5.823460048485525,260.0,[],True,1.0,ig,Semiconductors and Semiconductor Equipment,28.57142857142857,75.0,18.75,50.0,65.625,86.66666666666667,57.142857142857146,37.5,20.33898305084746,1.0,27.600108930520175,"{'profitability': 22.1, 'growth': 43.0, 'balance': 100.0, 'stability': 53.3}",15.857771784597956,False,0.21170208815447022,54.70613890893523,,21.728940357559065,,False,"{""floor"": false, ""depressed_arms"": {""self_pct"": false, ""self_z"": false, ""median_ratio"": false}, ""yield_arm"": false, ""residual_arm"": false, ""brakes"": {""gm"": false, ""fcf_margin"": false, ""roic"": false}, ""self_pct"": 100.0, ""self_z"": 6.145045620226058, ""median_ratio"": 5.823460048485525, ""fcf_yield"": 0.014791863395468374, ""yield_threshold"": 0.0495, ""gs10"": 0.0495, ""residual_pct"": null, ""brake_values"": {""gm"": 0.9126920338230433, ""fcf_margin"": 0.2103135077269927, ""roic"": 0.3160905559829089}}",False,"{""floor"": false, ""mom_sector_pct"": 20.33898305084746, ""eps_rev_proxy"": null}"
UAL,100517,United Airlines Holdings,Industrials,Passenger Airlines,Transportation,11.058179329226558,5.9986310746064335,418629594.41547805,0.12960876659554943,-0.18654029296740338,0.13083440996286222,6.0,,,,,1.0594169742408996,0.06988956605364824,0.0803025247469692,0.6110840153868083,8,9,False,0.3092525547522449,,,False,,0.040443865059934504,0.09406696130488697,,,1.3459371207524713,1.6381808163719902,46.320346320346324,-0.020309207797621395,0.9675272295406936,231.0,sbc_unreported,110.72000122070312,324583772.0,35937915632.060425,48244915632.060425,29004000000.0,12307000000.0,8913000000.0,6369000000.0,,2996000000.0,12307000000.0,62902000000.0,4874000000.0,2544000000.0,2544000000.0,5917000000.0,7870000000.0,3496000000.0,3806859696.1572833,0.21894548704200179,0.1312529201543678,9.89842339599106,18.964196396250166,0.05273094515081758,8.153610889312223,0.12264504813576557,10.279724151047033,0.7276887871853547,1.5637865311308767,4527000000.0,2581000000.0,0.2450696455661288,6.0,0.08012114343094805,0.11088867455611505,48.484848484848484,-0.005450742784752574,0.9881831519957861,198.0,['fcf_cagr5 gate'],False,0.8,ig,Transportation,9.090909090909092,,,22.727272727272727,9.090909090909092,18.181818181818183,55.55555555555556,90.9090909090909,53.125,1.0,34.77719191057629,"{'profitability': 35.8, 'growth': 100.0, 'balance': 47.9, 'stability': 59.3}",61.81541507329169,False,-0.3275168380714182,26.31317171097431,,48.29630349193399,,False,"{""floor"": false, ""depressed_arms"": {""self_pct"": false, ""self_z"": false, ""median_ratio"": false}, ""yield_arm"": true, ""residual_arm"": false, ""brakes"": {""gm"": false, ""fcf_margin"": false, ""roic"": true}, ""self_pct"": 48.484848484848484, ""self_z"": -0.005450742784752574, ""median_ratio"": 0.9881831519957861, ""fcf_yield"": 0.05273094515081758, ""yield_threshold"": 0.0495, ""gs10"": 0.0495, ""residual_pct"": null, ""brake_values"": {""gm"": null, ""fcf_margin"": null, ""roic"": 1.6381808163719902}}",False,"{""floor"": false, ""mom_sector_pct"": 53.125, ""eps_rev_proxy"": null}"
HPQ,47217,HP Inc.,Information Technology,"Technology Hardware, Storage & Peripherals",Technology Hardware and Equipment,51.73169062286105,5.9986310746064335,418434997.4988299,0.18931784106258265,-0.09357383702533606,0.26540522666759525,10.0,0.20895880844983267,0.04602734468673726,0.05578757557854926,0.050505050505050504,0.3003924110547742,0.05318580476392014,0.046061352900539594,0.36841234757755,5,9,False,-0.004788030560913592,-0.05604730057855212,-0.07010630315908084,False,0.19874243602312294,0.05750312700720057,0.05508603495486968,0.9511081992546752,1.0307514963835593,1.0357281458724605,0.6510444804832353,36.15384615384615,-0.565558132667851,0.8111506137801041,260.0,,32.15999984741211,901790969.0,29001597425.43762,35105597425.43762,6012000000.0,6104000000.0,4668000000.0,787000000.0,479000000.0,930000000.0,6104000000.0,59162000000.0,3222000000.0,3881000000.0,3402000000.0,3259000000.0,4152000000.0,2451000000.0,2824435622.3175964,0.12339055793991416,0.4697996710441777,10.89559200044619,10.319105651216232,0.0969076229859259,10.771892428793379,0.09283419850415417,11.832557089121835,1.5834353325173398,1.4701348747591523,8726000000.0,802000000.0,1.5848303393213572,10.0,0.7216091759129433,0.5151710444012921,33.07692307692307,-0.532935827371417,0.8296234026105802,260.0,"['rev_cagr5 gate', 'fcf_cagr5 gate']",False,1.0,ig,Technology Hardware and Equipment,90.47619047619048,36.84210526315789,20.0,85.71428571428571,64.28571428571429,90.47619047619048,25.0,95.23809523809524,52.54237288135594,1.0,22.877793913895434,"{'profitability': 60.1, 'growth': 0.0, 'balance': 51.0, 'stability': 58.2}",81.98414099912124,False,-1.269845046173561,36.739120490962,,52.430967456508334,,False,"{""floor"": false, ""depressed_arms"": {""self_pct"": false, ""self_z"": false, ""median_ratio"": false}, ""yield_arm"": true, ""residual_arm"": false, ""brakes"": {""gm"": false, ""fcf_margin"": true, ""roic"": false}, ""self_pct"": 33.07692307692307, ""self_z"": -0.532935827371417, ""median_ratio"": 0.8296234026105802, ""fcf_yield"": 0.0969076229859259, ""yield_threshold"": 0.0495, ""gs10"": 0.0495, ""residual_pct"": null, ""brake_values"": {""gm"": 0.9511081992546752, ""fcf_margin"": 1.0307514963835593, ""roic"": 0.6510444804832353}}",False,"{""floor"": false, ""mom_sector_pct"": 52.54237288135594, ""eps_rev_proxy"": null}"
NOC,1133421,Northrop Grumman,Industrials,Aerospace & Defense,Capital Goods,69.55783709787816,5.9986310746064335,417589469.3003718,-0.07159685153729622,-0.313565273000156,-0.1206239122904399,10.0,,,0.056736892548627384,0.05770039532340819,0.26258040918493253,0.062286603901821315,0.06263492864552668,0.2424375061145355,8,9,False,0.026567406658034587,0.02767945767344271,0.014370676884596811,False,,0.0820199571015574,0.07987503497155647,,1.4456194799752333,1.2823790344623502,0.9649407969098219,0.7692307692307693,-0.2822844602230939,0.736049540542593,260.0,gm_derived,514.4199829101562,142063026.0,73080059407.08508,88906059407.08508,33710000000.0,15826000000.0,5078000000.0,1432000000.0,128000000.0,1524000000.0,15826000000.0,42892000000.0,4598000000.0,3646000000.0,3518000000.0,3426000000.0,6122000000.0,4496000000.0,3929406576.6964455,0.14540961794335677,0.11656501265785955,19.33581109331994,25.271762196442605,0.039569856356940776,25.950396791326643,0.038535056247549486,16.254461611896147,0.8109430604982206,2.5851029075465535,17439000000.0,208000000.0,0.5234945120142391,9.0,0.12080017036397839,0.12044575587253604,0.38461538461538464,-0.2508795916792618,0.6419897816045127,260.0,[],True,0.9,ig,Capital Goods,29.72972972972973,19.51219512195122,,70.73170731707317,64.28571428571429,17.94871794871795,21.621621621621628,65.85365853658536,25.0,1.0,20.42550055214772,"{'profitability': 40.7, 'growth': 22.6, 'balance': 13.8, 'stability': 75.1}",70.77599063827061,False,-0.094897304899217,27.78746330108274,,45.60074559520917,,False,"{""floor"": false, ""depressed_arms"": {""self_pct"": true, ""self_z"": false, ""median_ratio"": true}, ""yield_arm"": false, ""residual_arm"": false, ""brakes"": {""gm"": false, ""fcf_margin"": true, ""roic"": true}, ""self_pct"": 0.38461538461538464, ""self_z"": -0.2508795916792618, ""median_ratio"": 0.6419897816045127, ""fcf_yield"": 0.039569856356940776, ""yield_threshold"": 0.0495, ""gs10"": 0.0495, ""residual_pct"": null, ""brake_values"": {""gm"": null, ""fcf_margin"": 1.4456194799752333, ""roic"": 0.9649407969098219}}",False,"{""floor"": false, ""mom_sector_pct"": 25.0, ""eps_rev_proxy"": null}"
CAH,721371,Cardinal Health,Health Care,Health Care Distributors,Health Care Equipment and Services,29.32785763175907,5.9986310746064335,417060837.5882925,0.5417949492334542,-0.10482235282410457,0.45449998109300105,10.0,0.03542393457570216,0.0590966061176067,0.012671440765937025,0.013799062721810014,0.3083342829792862,0.011493844321302446,0.012921742120647013,0.3323245863612733,8,9,False,0.09370066663339904,,,False,0.03695135956971141,0.021015804767996468,0.019846897696108683,1.0431184455454856,1.658517382213592,1.7267414749410575,-0.7643011554965274,46.15384615384615,-0.003431296838779825,0.9638633121093285,247.0,,221.27000427246094,232575728.0,51462032328.23071,56844032328.23071,2499000000.0,5382000000.0,6103000000.0,597000000.0,364000000.0,883000000.0,5223000000.0,244673000000.0,2533000000.0,5506000000.0,5142000000.0,4856000000.0,3416000000.0,1662000000.0,1864430390.8651736,0.2639437856829161,0.7460705845799014,22.441386627805255,11.054848760838334,0.0904580443960923,11.705937464627413,0.08542673348646912,30.963918368369864,3.3128760529482553,1.5289812646370022,11442000000.0,2189000000.0,5.454581832733093,1.0,-0.9761473984626091,-0.2741708514126427,46.963562753036435,-0.03914439322131985,0.9639650052397756,247.0,['fcf_cagr5 gate'],False,1.0,ig,Health Care Equipment and Services,3.7037037037037033,10.344827586206897,9.090909090909092,25.0,58.333333333333336,96.55172413793103,51.851851851851855,33.33333333333334,90.47619047619048,1.0,28.691003384343105,"{'profitability': 2.8, 'growth': 78.1, 'balance': 49.0, 'stability': 73.1}",57.05230693584896,False,,,,42.87165516009603,,False,"{""floor"": false, ""depressed_arms"": {""self_pct"": false, ""self_z"": false, ""median_ratio"": false}, ""yield_arm"": true, ""residual_arm"": false, ""brakes"": {""gm"": true, ""fcf_margin"": true, ""roic"": false}, ""self_pct"": 46.963562753036435, ""self_z"": -0.03914439322131985, ""median_ratio"": 0.9639650052397756, ""fcf_yield"": 0.0904580443960923, ""yield_threshold"": 0.0495, ""gs10"": 0.0495, ""residual_pct"": null, ""brake_values"": {""gm"": 1.0431184455454856, ""fcf_margin"": 1.658517382213592, ""roic"": -0.7643011554965274}}",False,"{""floor"": false, ""mom_sector_pct"": 90.47619047619048, ""eps_rev_proxy"": null}"
WM,823768,Waste Management,Industrials,Environmental & Facilities Services,Commercial and Professional Services,28.06570841889117,5.9986310746064335,415970360.2215116,0.016715444164661974,-0.14433082801592456,-0.033556875584180745,10.0,0.38737342099328853,0.02652413532573754,0.10133498136166126,0.0946796629099401,0.15918003245613013,0.1255447249080493,0.12442139311806369,0.11920636875745502,8,9,False,0.1061712793131473,0.09145982426192112,0.12948214939635272,False,0.40877391202711655,0.1323878910663498,0.12977753535668368,1.0552451197579682,1.3064382041366516,1.0337155579554183,0.9569309641218683,6.153846153846154,-1.4436141194895329,0.8776465765330976,260.0,gm_derived,207.8800048828125,399715184.0,83092794401.6543,85007794401.6543,11840000000.0,1915000000.0,6517000000.0,2944000000.0,175000000.0,3011000000.0,1914000000.0,25667000000.0,4510000000.0,3573000000.0,3398000000.0,3331000000.0,7521000000.0,2853000000.0,3550769655.172414,0.21268965517241378,0.2998960857409133,18.848734900588536,25.01700835834441,0.0399728051282539,25.520202462219842,0.03918464210777332,29.12470886843824,1.252365930599369,0.2544874351814918,14001000000.0,4723000000.0,1.581418918918919,10.0,0.31339364801108116,0.3069041705473636,3.4615384615384617,-1.562884096101274,0.6279776822465386,260.0,[],True,1.0,ig,Commercial and Professional Services,90.0,18.181818181818183,28.57142857142857,90.9090909090909,63.63636363636363,72.72727272727273,81.81818181818181,54.54545454545455,35.9375,1.0,66.84291336489987,"{'profitability': 68.9, 'growth': 82.3, 'balance': 91.5, 'stability': 83.8}",61.291648114878484,True,0.08106579261136249,23.069009466577754,44.5945945945946,64.06728073988918,5.0,False,"{""floor"": true, ""depressed_arms"": {""self_pct"": true, ""self_z"": true, ""median_ratio"": true}, ""yield_arm"": false, ""residual_arm"": false, ""brakes"": {""gm"": true, ""fcf_margin"": true, ""roic"": true}, ""self_pct"": 3.4615384615384617, ""self_z"": -1.562884096101274, ""median_ratio"": 0.6279776822465386, ""fcf_yield"": 0.0399728051282539, ""yield_threshold"": 0.0495, ""gs10"": 0.0495, ""residual_pct"": 44.5945945945946, ""brake_values"": {""gm"": 1.0552451197579682, ""fcf_margin"": 1.3064382041366516, ""roic"": 0.9569309641218683}}",False,"{""floor"": true, ""mom_sector_pct"": 35.9375, ""eps_rev_proxy"": 5.0}"
COR,1140859,Cencora,Health Care,Health Care Distributors,Health Care Equipment and Services,25.06776180698152,5.9986310746064335,402447526.5880822,0.056951153160112344,-0.15728976943873185,0.02495017877146899,10.0,0.034165500543773465,0.03192993086475941,0.010143002659928315,0.00969358953843701,0.18147270041525304,0.008879217246883292,0.00832806934669191,0.1492870759373557,9,9,False,0.11093539055828328,,,False,0.03973065311279843,0.01175392748611334,,1.1628880736547322,1.1588212958426267,,0.3914296659142165,77.32793522267207,0.23340190464366403,1.3581956493018965,247.0,,312.2799987792969,190827165.0,59591506853.25668,70357992853.25668,13817444000.0,10766486000.0,4820947000.0,760845000.0,148732000.0,,10578353000.0,332771323000.0,3041762000.0,4060102000.0,3911370000.0,,,2624793000.0,2225934382.522746,0.26820889256860136,0.16109595830623566,23.13066993842933,17.98806884883217,0.05559240452122922,,,22.703316738979677,1.5468275022068407,,16515457000.0,343629000.0,1.220130582761906,7.0,0.4115578668008789,0.4729403130453128,58.2995951417004,0.045645473946906136,1.039406415107655,247.0,['fcf_cagr5 gate'],False,0.9,ig,Health Care Equipment and Services,92.5925925925926,6.896551724137931,4.545454545454546,76.78571428571429,58.333333333333336,75.86206896551724,,30.0,33.33333333333333,0.7,55.92241763865634,"{'profitability': 42.2, 'growth': 92.4, 'balance': None, 'stability': 87.7}",41.50750859041132,False,-0.3697168048245336,26.034576013000557,,48.71496311453383,,False,"{""floor"": false, ""depressed_arms"": {""self_pct"": false, ""self_z"": false, ""median_ratio"": false}, ""yield_arm"": true, ""residual_arm"": false, ""brakes"": {""gm"": true, ""fcf_margin"": true, ""roic"": false}, ""self_pct"": 58.2995951417004, ""self_z"": 0.045645473946906136, ""median_ratio"": 1.039406415107655, ""fcf_yield"": 0.05559240452122922, ""yield_threshold"": 0.0495, ""gs10"": 0.0495, ""residual_pct"": null, ""brake_values"": {""gm"": 1.1628880736547322, ""fcf_margin"": 1.1588212958426267, ""roic"": 0.3914296659142165}}",False,"{""floor"": false, ""mom_sector_pct"": 33.33333333333333, ""eps_rev_proxy"": null}"
MSI,68505,Motorola Solutions,Information Technology,Communications Equipment,Technology Hardware and Equipment,69.55783709787816,5.9986310746064335,397438658.32081115,0.07415112284222003,-0.05014267976053899,0.02029030707511925,10.0,0.49656312234808075,0.03636943344333041,0.17210789220159584,0.17481741702875103,0.1961486709480565,0.1570318214814312,0.15542773222371803,0.217261391887528,8,9,False,0.09519871115386103,0.1299965282868849,0.1453665577446639,False,0.5198986679741767,0.18958895154041022,0.1689956688730898,1.0469941173153374,1.1015703528478418,1.0761874076145346,0.6677560232737089,64.23076923076924,0.14476071044482924,1.038405062224598,260.0,,460.44000244140625,165493788.0,76199960150.75757,84848960150.75757,11321000000.0,8649000000.0,2974000000.0,297000000.0,357000000.0,549000000.0,8633000000.0,12237000000.0,3048000000.0,2677000000.0,2320000000.0,2068000000.0,3597000000.0,2134000000.0,2356224069.3892303,0.22696060715576435,0.2081286166760207,27.837585351298415,36.572827651188604,0.02734270397513276,41.02947782918645,0.024372720612316615,35.707572704197545,1.254451733833177,2.400055601890464,6883000000.0,2951000000.0,0.8686511792244501,10.0,0.3116836230928465,0.33887491738526315,48.46153846153846,-0.04085919299694272,0.9924169429470303,260.0,[],True,1.0,ig,Technology Hardware and Equipment,71.42857142857143,78.94736842105263,70.0,85.71428571428571,64.28571428571429,71.42857142857143,15.0,52.38095238095239,40.67796610169492,1.0,54.176632934889156,"{'profitability': 85.0, 'growth': 89.7, 'balance': 20.0, 'stability': 81.0}",42.895820311080854,False,0.01142777817689744,36.15726051654704,,48.536226622985005,,False,"{""floor"": false, ""depressed_arms"": {""self_pct"": false, ""self_z"": false, ""median_ratio"": false}, ""yield_arm"": false, ""residual_arm"": false, ""brakes"": {""gm"": true, ""fcf_margin"": true, ""roic"": false}, ""self_pct"": 48.46153846153846, ""self_z"": -0.04085919299694272, ""median_ratio"": 0.9924169429470303, ""fcf_yield"": 0.02734270397513276, ""yield_threshold"": 0.0495, ""gs10"": 0.0495, ""residual_pct"": null, ""brake_values"": {""gm"": 1.0469941173153374, ""fcf_margin"": 1.1015703528478418, ""roic"": 0.6677560232737089}}",False,"{""floor"": false, ""mom_sector_pct"": 40.67796610169492, ""eps_rev_proxy"": null}"
CHTR,1091667,Charter Communications,Communication Services,Cable & Satellite,Media and Entertainment,10.042436687200547,5.9986310746064335,395498467.59180415,-0.43811266076563404,-0.5835505998233531,-0.5734820657878185,10.0,,,4.314533391456709,4.21259842519685,0.39759643355092417,5.79180532549616,5.426142401700319,0.11871341566820082,5,9,False,-0.041699278420998076,-0.091718672797517,0.08229749530423125,False,,7.285714285714286,13.841487279843443,,1.68864477909497,2.389839868911288,0.9770740688542587,0.38461538461538464,-2.321978014076611,0.5785268257785097,260.0,shares_was_proxy,116.61000061035156,120121017.0,14007311865.68605,114780311865.68605,117725000000.0,100773000000.0,16470000000.0,12112000000.0,635000000.0,8762000000.0,95824000000.0,511000000.0,12663000000.0,4358000000.0,3723000000.0,7073000000.0,21425000000.0,4924000000.0,9678222148.364796,0.23570858814145174,0.08221042385529663,9.064227423650483,30.83005959325438,0.03243587632308048,16.227953041946282,0.06162206640696972,2.8447018411222684,0.8850528025995126,4.472532088681447,29710000000.0,6882000000.0,0.3108260777235082,0.0,0.08413939789815383,0.08446107678707196,27.307692307692307,-0.40048270361853544,0.8440858486422725,260.0,"['rev_cagr5 gate', 'fcf_cagr5 gate']",False,0.9,ig,Media and Entertainment,25.0,100.0,,18.75,72.22222222222221,50.0,11.111111111111114,77.77777777777777,18.181818181818183,1.0,12.378861513359059,"{'profitability': 70.6, 'growth': 0.0, 'balance': 0.0, 'stability': 43.9}",58.936436655789386,False,-0.033887610529234724,31.892720472284086,,35.657649084574224,,False,"{""floor"": false, ""depressed_arms"": {""self_pct"": false, ""self_z"": false, ""median_ratio"": false}, ""yield_arm"": false, ""residual_arm"": false, ""brakes"": {""gm"": false, ""fcf_margin"": true, ""roic"": true}, ""self_pct"": 27.307692307692307, ""self_z"": -0.40048270361853544, ""median_ratio"": 0.8440858486422725, ""fcf_yield"": 0.03243587632308048, ""yield_threshold"": 0.0495, ""gs10"": 0.0495, ""residual_pct"": null, ""brake_values"": {""gm"": null, ""fcf_margin"": 1.68864477909497, ""roic"": 0.9770740688542587}}",False,"{""floor"": false, ""mom_sector_pct"": 18.181818181818183, ""eps_rev_proxy"": null}"
CTAS,723254,Cintas,Industrials,Diversified Support Services,Commercial and Professional Services,25.56605065023956,5.9986310746064335,393499407.3300659,0.009758049983745742,-0.065277645901194,-0.050625619348515505,10.0,0.48625418117325603,0.033846230868074784,0.15112972050591642,0.15562682599302374,0.1594886782882036,0.1408833110471567,0.145174673479535,0.18733790347359874,9,9,False,0.09620823052847349,0.09095906665122921,0.1369641160384938,False,0.5066945494893322,0.15562682599302374,0.145174673479535,1.0420363857165336,1.0297565923635204,1.0304604030135398,1.1271798957702177,76.15384615384615,1.8876975873137338,3.143252436601373,260.0,,191.97000122070312,400169561.0,76820551113.65823,79487298113.65823,7806634000.0,2666747000.0,2276280000.0,395105000.0,128076000.0,512846000.0,2666747000.0,11264761000.0,2606512000.0,1881175000.0,1753099000.0,1635358000.0,3119358000.0,1999968000.0,2080736776.6597188,0.20171601870249636,0.26653443425933876,30.49565784222679,45.3410207373675,0.022055083536658374,48.60544181375469,0.020573828005345143,38.41089013107121,0.9406025496407943,0.8549025151970373,3544212000.0,706674000.0,0.5445222614509659,9.0,0.23646130955628167,0.23899879577216646,67.6923076923077,1.7265027215438293,3.1409689313639397,260.0,[],True,1.0,ig,Commercial and Professional Services,40.0,54.54545454545454,57.14285714285714,72.72727272727273,63.63636363636363,18.181818181818183,63.63636363636363,0.0,32.8125,1.0,68.51681902770251,"{'profitability': 81.1, 'growth': 78.0, 'balance': 71.5, 'stability': 88.6}",20.829291018444323,True,0.6810785411130453,22.945770249522724,82.43243243243244,44.67305502307342,4.0,False,"{""floor"": true, ""depressed_arms"": {""self_pct"": false, ""self_z"": false, ""median_ratio"": false}, ""yield_arm"": false, ""residual_arm"": false, ""brakes"": {""gm"": true, ""fcf_margin"": true, ""roic"": true}, ""self_pct"": 67.6923076923077, ""self_z"": 1.7265027215438293, ""median_ratio"": 3.1409689313639397, ""fcf_yield"": 0.022055083536658374, ""yield_threshold"": 0.0495, ""gs10"": 0.0495, ""residual_pct"": 82.43243243243244, ""brake_values"": {""gm"": 1.0420363857165336, ""fcf_margin"": 1.0297565923635204, ""roic"": 1.1271798957702177}}",False,"{""floor"": true, ""mom_sector_pct"": 32.8125, ""eps_rev_proxy"": 4.0}"
LHX,202058,L3Harris,Industrials,Aerospace & Defense,Capital Goods,18.0041067761807,5.9986310746064335,392519773.11461866,-0.09420011483372515,-0.34172569854635915,-0.1716210947841118,9.0,,,0.1015669715416766,0.10082032111561132,0.1658539930843871,0.06318530012290535,0.060060661461825385,0.2596662861622381,6,8,False,0.10651329188844394,0.02060320295194762,,False,0.2560218651817415,0.06881401823801374,0.050780351988556544,,0.6775235806826914,0.8036735109239137,1.2788613239969049,0.38461538461538464,-0.35284617134570817,0.5699355415537297,260.0,,239.2100067138672,186214616.0,44544399543.5802,54127399543.5802,29465000000.0,9583000000.0,3292000000.0,484000000.0,114000000.0,1190000000.0,9583000000.0,39149000000.0,2320000000.0,2808000000.0,2694000000.0,1988000000.0,3510000000.0,1874000000.0,1934021352.3131673,0.16637010676156583,0.06563792134102044,23.330775665336294,20.09183353510772,0.0497714655186963,27.22706214465805,0.03672816386457619,23.769690258047063,1.4983991462113126,2.73019943019943,19996000000.0,4737000000.0,0.8394026811471237,1.0,0.05132528453974834,0.05666588155543939,1.5384615384615385,-1.1449346273398195,0.6971337300005065,260.0,[],True,0.9,ig,Capital Goods,8.108108108108109,48.78048780487805,,6.097560975609756,22.61904761904762,87.17948717948718,18.91891891891892,46.34146341463414,20.3125,1.0,21.50893433999436,"{'profitability': 27.9, 'growth': 53.0, 'balance': 9.0, 'stability': 72.3}",63.72749570127573,False,-0.30799415212562087,27.338817886341534,,42.61821502063505,,False,"{""floor"": false, ""depressed_arms"": {""self_pct"": true, ""self_z"": true, ""median_ratio"": true}, ""yield_arm"": true, ""residual_arm"": false, ""brakes"": {""gm"": false, ""fcf_margin"": false, ""roic"": true}, ""self_pct"": 1.5384615384615385, ""self_z"": -1.1449346273398195, ""median_ratio"": 0.6971337300005065, ""fcf_yield"": 0.0497714655186963, ""yield_threshold"": 0.0495, ""gs10"": 0.0495, ""residual_pct"": null, ""brake_values"": {""gm"": null, ""fcf_margin"": 0.6775235806826914, ""roic"": 1.2788613239969049}}",False,"{""floor"": false, ""mom_sector_pct"": 20.3125, ""eps_rev_proxy"": null}"
KEYS,1601046,Keysight Technologies,Information Technology,Electronic Equipment & Instruments,Technology Hardware and Equipment,7.882272416153319,5.9986310746064335,391039579.6505033,0.8459098187413567,-0.02834995379188887,1.038536937907625,10.0,0.6308307209681002,0.015398758265781015,0.18466469989437542,0.19692532942898974,0.13372426929535355,0.16853360141180979,0.18213953488372092,0.16355134610388028,7,9,False,0.04952460179009255,0.07339084686143038,0.10287498996686062,False,0.6469158310543908,0.1906715284108174,0.15253722272865392,1.0254982985952328,1.0325282986942157,0.905084929360354,0.895154755279108,96.53846153846153,2.3298390416204726,1.6981807546663605,260.0,gm_derived,353.3599853515625,170244745.0,60157680599.38049,60295680599.38049,6709000000.0,138000000.0,1604000000.0,135000000.0,214000000.0,386000000.0,138000000.0,6582000000.0,1333000000.0,1469000000.0,1255000000.0,1004000000.0,1719000000.0,1260000000.0,1204881272.0848057,0.096113074204947,0.17959178299072973,45.23306871671455,48.04436701145856,0.020814094600549123,60.0554587643232,0.0166512756804393,47.74419095188928,1.165873015873016,0.08027923211169284,3462000000.0,1125000000.0,0.6837084513340289,8.0,0.20062651952816052,0.25155265733585574,94.23076923076923,2.054451566685009,1.5201566311311197,260.0,[],True,1.0,ig,Technology Hardware and Equipment,52.38095238095239,84.21052631578947,80.0,52.38095238095239,64.28571428571429,57.14285714285714,70.0,19.04761904761905,79.66101694915254,1.0,62.73512079949467,"{'profitability': 83.0, 'growth': 51.2, 'balance': 97.3, 'stability': 80.7}",14.596811966790879,True,0.2926247791732002,35.85561277525004,60.810810810810814,38.665966383142774,9.0,False,"{""floor"": true, ""depressed_arms"": {""self_pct"": false, ""self_z"": false, ""median_ratio"": false}, ""yield_arm"": false, ""residual_arm"": false, ""brakes"": {""gm"": true, ""fcf_margin"": true, ""roic"": false}, ""self_pct"": 94.23076923076923, ""self_z"": 2.054451566685009, ""median_ratio"": 1.5201566311311197, ""fcf_yield"": 0.020814094600549123, ""yield_threshold"": 0.0495, ""gs10"": 0.0495, ""residual_pct"": 60.810810810810814, ""brake_values"": {""gm"": 1.0254982985952328, ""fcf_margin"": 1.0325282986942157, ""roic"": 0.895154755279108}}",False,"{""floor"": true, ""mom_sector_pct"": 79.66101694915254, ""eps_rev_proxy"": 9.0}"
CRH,849395,CRH plc,Materials,Construction Materials,Materials,0.75564681724846,5.9986310746064335,389509895.0865425,-0.14722903233556894,-0.343999598340748,-0.24179353250612912,5.0,0.3455159901788413,0.03420603534254623,0.07440264353034395,0.07394450823831014,0.13290652729126243,0.08250644992461516,0.08619138648375127,0.17740943655079122,4,4,True,,0.04678214611088327,0.09439820199796811,True,0.36249741147235454,0.06771588320563264,,1.0491480040756538,0.9101273824768844,,0.9006038381744469,,,,,,85.2300033569336,665284511.0,56702201105.845924,74555201105.84592,41888000000.0,17853000000.0,5419000000.0,2653000000.0,150000000.0,,16788000000.0,38632000000.0,5528000000.0,2766000000.0,2616000000.0,,,3838000000.0,4149768601.4803276,0.2493182703544994,0.09906819617743334,13.486830880218147,28.499694612326422,0.03508809527971185,,,14.773892940553914,0.7206878582595102,,13150000000.0,2048000000.0,0.3628246753246753,3.0,0.11000196976536074,0.11050202812436151,,,,,"['tenure<1y', 'rev_cagr5 gate']",False,0.8,ig,Materials,41.66666666666667,64.28571428571429,71.42857142857143,46.42857142857143,21.428571428571427,27.27272727272727,,75.0,7.142857142857142,0.7,34.714071584445506,"{'profitability': 38.3, 'growth': 39.0, 'balance': None, 'stability': 89.9}",,False,0.0031176382383062418,28.410981234587695,,,,False,"{""floor"": false, ""depressed_arms"": {""self_pct"": false, ""self_z"": false, ""median_ratio"": false}, ""yield_arm"": false, ""residual_arm"": false, ""brakes"": {""gm"": true, ""fcf_margin"": false, ""roic"": true}, ""self_pct"": null, ""self_z"": null, ""median_ratio"": null, ""fcf_yield"": 0.03508809527971185, ""yield_threshold"": 0.0495, ""gs10"": 0.0495, ""residual_pct"": null, ""brake_values"": {""gm"": 1.0491480040756538, ""fcf_margin"": 0.9101273824768844, ""roic"": 0.9006038381744469}}",False,"{""floor"": false, ""mom_sector_pct"": 7.142857142857142, ""eps_rev_proxy"": null}"
CL,21665,Colgate-Palmolive,Consumer Staples,Household Products,Household and Personal Products,69.55783709787816,5.9986310746064335,387789933.04751223,0.16873154510393307,-0.12285938841204225,0.10665677165233634,10.0,0.5908186217430611,0.021703288911527906,0.14749718859481642,0.15056540956317088,0.21600903885523004,0.14963742550836723,0.15706429562625276,0.19704510974607448,9,9,False,0.043531026206107715,0.018852665164492688,0.02120926331663142,False,0.6042191286169051,0.17484677151137928,0.17275621228678673,1.0226812534011016,1.1854244353883503,1.154498693758446,0.8239514560940087,0.38461538461538464,-1.6550098839709322,0.8076676158251538,260.0,,85.93000030517578,797172829.0,68501061439.24784,76858061439.24783,8593000000.0,8357000000.0,4456000000.0,598000000.0,178000000.0,642000000.0,8027000000.0,21047000000.0,3130000000.0,3858000000.0,3680000000.0,3636000000.0,3772000000.0,2038000000.0,2301220258.327668,0.26478585995921144,0.26780172911994277,24.55529119464787,20.8853427824043,0.04788046863384451,21.13808070386354,0.047307984769744196,33.61190453348765,1.8930323846908734,2.1280487804878048,3100000000.0,1495000000.0,0.5347375770976376,10.0,0.3250212462630662,0.32485578534848497,0.38461538461538464,-1.4395129513530946,0.7858114516044646,260.0,[],True,1.0,sector,Consumer Staples,95.83333333333334,74.07407407407408,83.33333333333334,87.5,55.55555555555556,83.33333333333334,43.99999999999999,22.222222222222214,59.25925925925925,1.0,42.26374416973891,"{'profitability': 80.1, 'growth': 26.0, 'balance': 29.1, 'stability': 87.0}",60.17974342703278,False,-0.26951969160306355,27.345918957026573,,51.221743798385845,,False,"{""floor"": false, ""depressed_arms"": {""self_pct"": true, ""self_z"": true, ""median_ratio"": true}, ""yield_arm"": false, ""residual_arm"": false, ""brakes"": {""gm"": true, ""fcf_margin"": true, ""roic"": false}, ""self_pct"": 0.38461538461538464, ""self_z"": -1.4395129513530946, ""median_ratio"": 0.7858114516044646, ""fcf_yield"": 0.04788046863384451, ""yield_threshold"": 0.0495, ""gs10"": 0.0495, ""residual_pct"": null, ""brake_values"": {""gm"": 1.0226812534011016, ""fcf_margin"": 1.1854244353883503, ""roic"": 0.8239514560940087}}",False,"{""floor"": false, ""mom_sector_pct"": 59.25925925925925, ""eps_rev_proxy"": null}"
KMB,55785,Kimberly-Clark,Consumer Staples,Household Products,Household and Personal Products,69.55783709787816,5.9986310746064335,385477210.24393994,-0.06902793399311868,-0.16216719645676902,-0.1597681053525445,10.0,0.34677418159080575,0.07325480715126438,0.11458444334209679,0.10069608305804625,0.21713934556905945,0.12199016177784343,0.11138809509333009,0.1486211422214273,5,9,False,-0.029872195796569856,-0.08185375224359281,-0.0804213673272477,False,0.3675672415872633,0.10185743577373055,0.1493788445302135,1.059961384382974,0.8889290099322714,1.2245155048015073,1.080464105039315,0.38461538461538464,-1.788934961440835,0.7274765494745661,260.0,,97.69999694824219,332579038.0,32492970997.649323,38571970997.64932,7829000000.0,6079000000.0,3333000000.0,1513000000.0,131000000.0,725000000.0,5955000000.0,16582000000.0,2514000000.0,1820000000.0,1689000000.0,2477000000.0,3239000000.0,1955000000.0,2013638058.4375381,0.1990302074631909,0.25720245988472834,15.342868336376023,22.837164593042818,0.0437882730986947,15.572051270750634,0.06421761543248476,16.620445523094283,0.9309462915601023,1.838530410620562,1831000000.0,40000000.0,0.23898326733937922,4.0,0.23804813013697432,0.22567360919888824,46.92307692307692,-0.0206198951548196,0.9958880941287959,260.0,"['rev_cagr5 gate', 'fcf_cagr5 gate']",False,1.0,sector,Consumer Staples,83.33333333333334,59.25925925925925,25.0,27.083333333333332,55.55555555555556,20.833333333333336,56.0,74.07407407407408,14.814814814814813,1.0,23.641695300435217,"{'profitability': 70.1, 'growth': 0.0, 'balance': 38.7, 'stability': 59.6}",55.52891691778808,False,-0.17425595209805778,27.184451858623266,,39.58530610911165,,False,"{""floor"": false, ""depressed_arms"": {""self_pct"": false, ""self_z"": false, ""median_ratio"": false}, ""yield_arm"": false, ""residual_arm"": false, ""brakes"": {""gm"": true, ""fcf_margin"": false, ""roic"": true}, ""self_pct"": 46.92307692307692, ""self_z"": -0.0206198951548196, ""median_ratio"": 0.9958880941287959, ""fcf_yield"": 0.0437882730986947, ""yield_threshold"": 0.0495, ""gs10"": 0.0495, ""residual_pct"": null, ""brake_values"": {""gm"": 1.059961384382974, ""fcf_margin"": 0.8889290099322714, ""roic"": 1.080464105039315}}",False,"{""floor"": false, ""mom_sector_pct"": 14.814814814814813, ""eps_rev_proxy"": null}"
KVUE,1944048,Kenvue,Consumer Staples,Personal Care Products,Household and Personal Products,3.082819986310746,3.3921971252566734,382021485.94194406,0.22365927740836522,-0.08824287806081144,0.14136933114993755,5.0,0.5668158815640222,0.02003115551021558,0.09305441465499657,0.10486643745040994,0.565100684190723,0.07809993116168208,0.09944459137794234,0.8252884466639001,2,4,False,,,,False,0.5819055036344756,0.1166926272066459,0.10656801661474559,1.0266217347841708,1.2540256971073223,1.3645084576851805,1.1553878580943857,,,,,,17.670000076293945,1920773467.0,33940067308.433388,41443067308.43339,18056000000.0,7503000000.0,2325000000.0,411000000.0,116000000.0,567000000.0,7503000000.0,15408000000.0,2630000000.0,1914000000.0,1798000000.0,1642000000.0,3197000000.0,1658000000.0,1961556455.2406657,0.25416104363472786,0.10863737567792787,15.757820269366308,23.04953687899521,0.043384819627820335,25.239383257267594,0.03962061948213626,20.47048691702858,1.1544028950542822,2.346887707225524,9265000000.0,16716000000.0,1.4389122729286663,1.0,0.09402675899425376,0.09659779010689433,,,,,"['rev_cagr5 gate', 'fcf_cagr5 gate']",False,0.9,sector,Consumer Staples,33.33333333333333,51.85185185185185,75.0,8.333333333333332,3.7037037037037033,54.166666666666664,36.0,62.96296296296296,74.07407407407408,0.7,16.853911884777645,"{'profitability': 45.1, 'growth': None, 'balance': 21.8, 'stability': 48.0}",,False,-0.14733508461587164,26.70847048809215,,,,False,"{""floor"": false, ""depressed_arms"": {""self_pct"": false, ""self_z"": false, ""median_ratio"": false}, ""yield_arm"": false, ""residual_arm"": false, ""brakes"": {""gm"": true, ""fcf_margin"": true, ""roic"": true}, ""self_pct"": null, ""self_z"": null, ""median_ratio"": null, ""fcf_yield"": 0.043384819627820335, ""yield_threshold"": 0.0495, ""gs10"": 0.0495, ""residual_pct"": null, ""brake_values"": {""gm"": 1.0266217347841708, ""fcf_margin"": 1.2540256971073223, ""roic"": 1.1553878580943857}}",False,"{""floor"": false, ""mom_sector_pct"": 74.07407407407408, ""eps_rev_proxy"": null}"
KR,56873,Kroger,Consumer Staples,Food Retail,Consumer Staples Distribution and Retail,69.55783709787816,5.9986310746064335,380053544.3170143,-0.09825300939867565,-0.22829078491153776,-0.09950286055720758,10.0,,,0.0168133938372592,0.01807530042189031,0.3338569819052682,0.019456205552574875,0.022938906938964956,0.313202014654166,7,9,False,0.02188051774019617,,,False,,0.014793137162985682,0.022126086548893024,,0.8798424224265453,1.137225163925389,0.6562224636227117,26.923076923076923,-0.5828224004831466,0.826771559466823,260.0,gm_derived,57.63999938964844,590588700.0,34041532307.533264,56590532307.533264,28389000000.0,22549000000.0,6708000000.0,4324000000.0,175000000.0,3229000000.0,22543000000.0,149326000000.0,2083000000.0,2384000000.0,2209000000.0,3304000000.0,5312000000.0,1084000000.0,1694959761.5499256,0.18628912071535023,0.059704806845958844,27.167802355992926,25.618167635823117,0.03903479804705673,17.127885080972536,0.05838432446694224,31.403627589975336,2.199261992619926,4.2437876506024095,2624000000.0,848000000.0,0.12230089119024974,3.0,0.09098257093540385,0.10069597900430077,48.07692307692308,-0.1703566534803849,0.9506287285832046,260.0,['fcf_cagr5 gate'],False,0.9,sector,Consumer Staples,29.166666666666668,3.7037037037037033,,20.833333333333336,55.55555555555556,91.66666666666666,16.0,18.51851851851852,7.4074074074074066,1.0,7.944075862499506,"{'profitability': 17.9, 'growth': 18.2, 'balance': 0.0, 'stability': 62.9}",36.755356671800236,False,-0.04105312381147419,26.6917598219528,,22.349716267149873,,False,"{""floor"": false, ""depressed_arms"": {""self_pct"": false, ""self_z"": false, ""median_ratio"": false}, ""yield_arm"": false, ""residual_arm"": false, ""brakes"": {""gm"": false, ""fcf_margin"": false, ""roic"": false}, ""self_pct"": 48.07692307692308, ""self_z"": -0.1703566534803849, ""median_ratio"": 0.9506287285832046, ""fcf_yield"": 0.03903479804705673, ""yield_threshold"": 0.0495, ""gs10"": 0.0495, ""residual_pct"": null, ""brake_values"": {""gm"": null, ""fcf_margin"": 0.8798424224265453, ""roic"": 0.6562224636227117}}",False,"{""floor"": false, ""mom_sector_pct"": 7.4074074074074066, ""eps_rev_proxy"": null}"
P,1474432,Everpure,Information Technology,"Technology Hardware, Storage & Peripherals",Technology Hardware and Equipment,0.008213552361396304,5.9986310746064335,372592654.81248826,0.1334951431590119,-0.07202100433718406,0.33070387737118856,9.0,0.6961348695636436,0.01896186032689952,0.0470243700870481,0.03660790265921854,0.22059623005908702,0.07541092040768942,0.07142894194482265,0.4265449800572702,9,9,True,0.16811610382486464,0.1898029366327636,,False,0.6973438288187886,-0.09893926774045962,-0.06469856762432105,1.0017366738946762,-2.103999852785065,-0.8579469296296235,2.009344250741518,,,,,,109.6500015258789,333227251.0,36538368580.61443,36380874580.61443,1383344000.0,-157494000.0,427808000.0,299639000.0,549863000.0,153700000.0,-157494000.0,4262150000.0,224210000.0,128169000.0,-421694000.0,-275755000.0,377910000.0,253285000.0,203355403.02943495,0.093013679008809,0.14700277228905823,162.26249757198354,,-0.01159109023246791,,-0.007579669350415676,144.25792518552,0.5060268077462148,-0.4167500198459951,466313000.0,20268000.0,0.3517425889728079,1.0,0.07315957543602053,0.06526216736414224,,,,,['tenure<1y'],False,0.9,ig,Technology Hardware and Equipment,14.285714285714285,26.31578947368421,95.0,7.142857142857142,26.190476190476193,9.523809523809524,85.0,0.0,47.45762711864407,1.0,57.92703960050794,"{'profitability': 16.3, 'growth': 100.0, 'balance': 100.0, 'stability': 87.1}",,False,,,,,,False,"{""floor"": false, ""depressed_arms"": {""self_pct"": false, ""self_z"": false, ""median_ratio"": false}, ""yield_arm"": false, ""residual_arm"": false, ""brakes"": {""gm"": true, ""fcf_margin"": false, ""roic"": true}, ""self_pct"": null, ""self_z"": null, ""median_ratio"": null, ""fcf_yield"": -0.01159109023246791, ""yield_threshold"": 0.0495, ""gs10"": 0.0495, ""residual_pct"": null, ""brake_values"": {""gm"": 1.0017366738946762, ""fcf_margin"": -2.103999852785065, ""roic"": 2.009344250741518}}",False,"{""floor"": false, ""mom_sector_pct"": 47.45762711864407, ""eps_rev_proxy"": null}"
GD,40533,General Dynamics,Industrials,Aerospace & Defense,Capital Goods,69.55783709787816,5.9986310746064335,370839853.64598763,0.1685291408438867,-0.13252315015615412,0.05765866943137521,10.0,,,0.07778792618250824,0.08374146725201106,0.07862697280855324,0.08196257563854983,0.08710910083443812,0.09205818333787459,8,9,False,0.06740547524230567,0.06489670198718422,0.066773781532812,False,,0.11148899791852512,0.11812369907820398,,1.4332429644280074,1.4411906673006787,1.1235188424844258,16.923076923076923,-0.6638910422805566,0.7276942233321249,260.0,gm_derived,343.3299865722656,270430187.0,92846792471.44528,99416792471.44528,32649000000.0,6570000000.0,7423000000.0,1222000000.0,202000000.0,865000000.0,6570000000.0,53808000000.0,5508000000.0,6201000000.0,5999000000.0,6356000000.0,6373000000.0,4341000000.0,4535323975.720789,0.17659332321699545,0.1389115738834509,18.04952659249188,16.57222744981585,0.06034191861222083,15.64140850714998,0.06393286126008928,21.388341965317963,1.4284727021423635,1.0309116585595481,20956000000.0,1328000000.0,0.6825323899660021,7.0,0.12363973671885838,0.12014230956715646,19.230769230769234,-0.6937455969557764,0.7220171890782161,260.0,[],True,0.9,ig,Capital Goods,37.83783783783784,36.58536585365854,,54.87804878048781,64.28571428571429,79.48717948717949,67.56756756756756,73.17073170731707,59.375,1.0,47.99245157479929,"{'profitability': 46.8, 'growth': 55.1, 'balance': 65.6, 'stability': 87.4}",68.47932701075499,False,-0.5172985475025955,27.799743570469346,,58.23588929277714,,False,"{""floor"": false, ""depressed_arms"": {""self_pct"": true, ""self_z"": false, ""median_ratio"": true}, ""yield_arm"": true, ""residual_arm"": false, ""brakes"": {""gm"": false, ""fcf_margin"": true, ""roic"": true}, ""self_pct"": 19.230769230769234, ""self_z"": -0.6937455969557764, ""median_ratio"": 0.7220171890782161, ""fcf_yield"": 0.06034191861222083, ""yield_threshold"": 0.0495, ""gs10"": 0.0495, ""residual_pct"": null, ""brake_values"": {""gm"": null, ""fcf_margin"": 1.4332429644280074, ""roic"": 1.1235188424844258}}",False,"{""floor"": false, ""mom_sector_pct"": 59.375, ""eps_rev_proxy"": null}"
AKAM,1086222,Akamai Technologies,Information Technology,Internet Services & Infrastructure,Software and Services,19.20328542094456,5.9986310746064335,367116127.6692599,0.4131492032625115,-0.21500531144999757,0.5573964193111054,10.0,0.6075484009044092,0.02645663675265128,0.18812575594733774,0.1842468169718739,0.07738132725328861,0.12748649672990625,0.11960984854558866,0.20295428052406678,9,9,False,0.056425850397398225,0.07607765907051411,-0.08240707884008691,False,0.5745235648650862,0.10328502089138746,0.048383768611054694,0.9456424607649998,0.5490211607192167,0.37952073240792605,,99.61538461538461,4.577970423808276,2.4753775800371995,260.0,gm_derived,118.44000244140625,143716609.0,17021795520.830627,15442566520.830627,3169288000.0,-1579229000.0,1447190000.0,491087000.0,509619000.0,728416000.0,-1579229000.0,4322834000.0,455678000.0,956103000.0,446484000.0,209155000.0,1184094000.0,410965000.0,,,,33.889207995186574,34.58705467795179,0.028912551511287545,73.83312146891362,0.013544056923301498,41.41908805088177,2.326482790505274,-1.3337023918709157,3202854000.0,564281000.0,1.18863763722325,,,,97.3076923076923,2.5612033294628356,1.740012613481163,260.0,[],True,0.8,ig,Software and Services,,50.0,16.666666666666664,,63.63636363636363,80.95238095238095,80.0,40.90909090909091,64.40677966101694,1.0,58.97849382824416,"{'profitability': 41.3, 'growth': 55.2, 'balance': 100.0, 'stability': 93.5}",22.648620385688,False,,,,40.81355710696608,,False,"{""floor"": false, ""depressed_arms"": {""self_pct"": false, ""self_z"": false, ""median_ratio"": false}, ""yield_arm"": false, ""residual_arm"": false, ""brakes"": {""gm"": false, ""fcf_margin"": false, ""roic"": false}, ""self_pct"": 97.3076923076923, ""self_z"": 2.5612033294628356, ""median_ratio"": 1.740012613481163, ""fcf_yield"": 0.028912551511287545, ""yield_threshold"": 0.0495, ""gs10"": 0.0495, ""residual_pct"": null, ""brake_values"": {""gm"": 0.9456424607649998, ""fcf_margin"": 0.5490211607192167, ""roic"": null}}",False,"{""floor"": false, ""mom_sector_pct"": 64.40677966101694, ""eps_rev_proxy"": null}"
CARR,1783180,Carrier Global,Industrials,Building Products,Capital Goods,6.4750171115674195,5.9986310746064335,366715223.3344437,0.014517562508265636,-0.24856448743719062,-0.04915946120677028,8.0,0.2623094391214494,0.03839485134879538,0.07345111941520929,0.0873720467666036,0.5150958130176503,0.05838010810957171,0.07739472466450717,0.8891258391260732,3,7,False,0.04493896559222432,0.08976364718415653,-0.018498254744406917,False,,0.0737997256515775,0.03433927754915409,,1.0047460983459977,0.5882016779534534,0.4887988804630752,78.02690582959642,0.6105270027998845,1.9675202124305813,223.0,gm_derived,55.099998474121094,830580423.0,45764980039.93485,57457980039.93485,25494000000.0,11693000000.0,2109000000.0,423000000.0,72000000.0,1286000000.0,11344000000.0,21870000000.0,1802000000.0,1686000000.0,1614000000.0,751000000.0,3088000000.0,1310000000.0,1760122535.2112677,0.02323943661971831,0.06904065800624726,31.88567149829903,35.599739801694454,0.028090092949286178,76.50862854851512,0.013070421192635639,34.93509926712584,1.2870229007633587,3.673575129533679,15313000000.0,5987000000.0,0.835490703694987,4.0,0.14124553219279054,0.12639183859223302,44.97991967871486,-0.044593887009506256,0.9539447015114727,249.0,[],True,1.0,ig,Capital Goods,51.35135135135135,29.268292682926827,28.125,37.80487804878049,15.476190476190476,64.1025641025641,8.108108108108098,19.51219512195121,34.375,1.0,12.625905348380801,"{'profitability': 32.0, 'growth': 56.1, 'balance': 0.0, 'stability': 42.6}",35.04664386817973,False,0.24477989087853347,27.870211715752927,,23.836274608280263,,False,"{""floor"": false, ""depressed_arms"": {""self_pct"": false, ""self_z"": false, ""median_ratio"": false}, ""yield_arm"": false, ""residual_arm"": false, ""brakes"": {""gm"": false, ""fcf_margin"": true, ""roic"": false}, ""self_pct"": 44.97991967871486, ""self_z"": -0.044593887009506256, ""median_ratio"": 0.9539447015114727, ""fcf_yield"": 0.028090092949286178, ""yield_threshold"": 0.0495, ""gs10"": 0.0495, ""residual_pct"": null, ""brake_values"": {""gm"": null, ""fcf_margin"": 1.0047460983459977, ""roic"": 0.4887988804630752}}",False,"{""floor"": false, ""mom_sector_pct"": 34.375, ""eps_rev_proxy"": null}"
TPR,1116132,"Tapestry, Inc.",Consumer Discretionary,"Apparel, Accessories & Luxury Goods",Consumer Durables and Apparel,22.06160164271047,5.9986310746064335,363671231.98355466,0.1611733570224554,-0.3167718718119832,0.02643809762989968,10.0,0.7338186643650635,0.040987891255076674,0.14513857895101032,0.14358052690886788,0.33844371436159504,0.1391961870252844,0.13784643473547578,0.39258897281885374,7,9,False,0.06852804969049076,0.08458548952073475,0.10517268919803402,False,0.7782164363709053,0.2133879713150596,0.21403763024412184,1.060502374989681,1.470236052036075,1.537668773967514,1.9394583644217729,43.46153846153846,-0.2199244543900592,0.9003835093080907,260.0,,110.51000213623047,199391678.0,22034774761.726578,24853374761.726578,3510700000.0,2818600000.0,1978500000.0,166000000.0,104500000.0,160800000.0,2818600000.0,8004200000.0,1914400000.0,1812500000.0,1708000000.0,1713200000.0,2075200000.0,1527700000.0,1571874062.1304955,0.17892077824357733,0.44773807563463003,12.982331154265868,14.551156183680666,0.06872306141016578,14.506989704486678,0.06893228852921313,14.423495949287542,1.1864240361327485,1.358230531996916,957700000.0,716500000.0,0.4768849517190304,5.0,0.23085727636546505,0.20317811414335157,48.46153846153846,-0.07375018184092401,0.9671395634200959,260.0,[],True,1.0,ig,Consumer Durables and Apparel,87.5,80.0,100.0,38.88888888888889,70.0,55.55555555555556,20.0,66.66666666666667,60.60606060606061,1.0,45.50090905773695,"{'profitability': 78.7, 'growth': 63.8, 'balance': 54.7, 'stability': 67.9}",59.595641827305045,False,-0.6757685537904861,28.600923486632777,,52.548275442520996,,False,"{""floor"": false, ""depressed_arms"": {""self_pct"": false, ""self_z"": false, ""median_ratio"": false}, ""yield_arm"": true, ""residual_arm"": false, ""brakes"": {""gm"": true, ""fcf_margin"": true, ""roic"": true}, ""self_pct"": 48.46153846153846, ""self_z"": -0.07375018184092401, ""median_ratio"": 0.9671395634200959, ""fcf_yield"": 0.06872306141016578, ""yield_threshold"": 0.0495, ""gs10"": 0.0495, ""residual_pct"": null, ""brake_values"": {""gm"": 1.060502374989681, ""fcf_margin"": 1.470236052036075, ""roic"": 1.9394583644217729}}",False,"{""floor"": false, ""mom_sector_pct"": 60.60606060606061, ""eps_rev_proxy"": null}"
DXCM,1093557,Dexcom,Health Care,Health Care Equipment,Health Care Equipment and Services,6.368240930869268,5.9986310746064335,360240079.94616336,0.35350226170051813,-0.049924119165958625,0.30745164458936625,10.0,0.6341916612389081,0.049219502726604226,0.0894685044055907,0.09968804350826822,0.6645102551449527,0.14186915265834052,0.133033198157949,0.5192382343732566,9,9,False,0.19330547815255028,0.31246833350776404,0.28913611778157544,False,0.6247283264911857,0.2500603718908476,0.26607904692908313,0.9850781154560821,2.794954197034972,1.8755243260659615,2.054392579181702,13.076923076923078,-0.9237141743790409,0.42958099074998746,260.0,,87.7300033569336,377360765.0,33105861180.22503,32166061180.22503,1681600000.0,-939800000.0,1748700000.0,343700000.0,162400000.0,264100000.0,-939800000.0,4969200000.0,1139100000.0,1405000000.0,1242600000.0,1322200000.0,1403200000.0,999700000.0,889654898.4375,0.218984375,0.5290526275199215,28.23813640613206,25.88609462435621,0.038630778976566846,24.327682030120275,0.04110543695703902,33.11579591900073,1.4054216264879464,-0.6697548460661346,24100000.0,70800000.0,0.05643434823977165,7.0,0.25752265310978284,0.2728602777404583,10.344827586206897,-0.45149644273205314,0.26568910698134235,232.0,[],True,1.0,ig,Health Care Equipment and Services,85.18518518518519,34.48275862068966,59.09090909090909,76.78571428571429,58.333333333333336,65.51724137931035,81.48148148148148,20.0,71.42857142857143,1.0,61.651194718026545,"{'profitability': 69.9, 'growth': 100.0, 'balance': 100.0, 'stability': 70.1}",47.88710603339559,True,0.003196230915603948,25.803488772446798,39.189189189189186,54.769150375711064,15.0,False,"{""floor"": true, ""depressed_arms"": {""self_pct"": true, ""self_z"": false, ""median_ratio"": true}, ""yield_arm"": false, ""residual_arm"": false, ""brakes"": {""gm"": true, ""fcf_margin"": true, ""roic"": true}, ""self_pct"": 10.344827586206897, ""self_z"": -0.45149644273205314, ""median_ratio"": 0.26568910698134235, ""fcf_yield"": 0.038630778976566846, ""yield_threshold"": 0.0495, ""gs10"": 0.0495, ""residual_pct"": 39.189189189189186, ""brake_values"": {""gm"": 0.9850781154560821, ""fcf_margin"": 2.794954197034972, ""roic"": 2.054392579181702}}",False,"{""floor"": true, ""mom_sector_pct"": 71.42857142857143, ""eps_rev_proxy"": 15.0}"
NSC,702165,Norfolk Southern,Industrials,Rail Transportation,Transportation,69.55783709787816,5.9986310746064335,355546364.75391,0.19273187583069684,-0.10181909024517344,0.07755675044585675,10.0,,,0.16267952915802913,0.1770935960591133,0.3349688981010178,0.22648182573995249,0.23546488819144762,0.16166143898365332,5,9,False,0.044676419652051935,0.0013031785833279574,0.03632848470094219,False,,0.13006379585326955,0.1850877192982456,,0.7995092961384452,0.8172298977789247,0.8924957161320612,90.0,1.6042799000143393,1.3953389433363625,260.0,sbc_unreported,315.010009765625,224608373.0,70753885772.17114,81047885772.17114,26547000000.0,10294000000.0,3732000000.0,2101000000.0,,1411000000.0,10294000000.0,12540000000.0,4036000000.0,1631000000.0,1631000000.0,2321000000.0,5447000000.0,2636000000.0,3163513529.5866785,0.21617603330359797,0.11916651710500917,20.081240280518124,49.69214333057703,0.020123905570896772,34.919382064701054,0.028637391066861684,26.841383069867657,0.6187405159332322,1.88984762254452,,,0.0,6.0,0.1335205479993321,0.1345420065213395,71.15384615384616,0.44677240327627427,1.4161031343480037,260.0,[],True,0.9,ig,Transportation,36.36363636363637,77.77777777777779,,22.727272727272727,77.27272727272727,9.090909090909092,33.33333333333334,36.36363636363637,64.0625,1.0,18.817269754467137,"{'profitability': 55.8, 'growth': 19.2, 'balance': 37.0, 'stability': 48.0}",29.28668811227483,False,0.6260651087988758,26.56997263705875,,24.051978933370982,,False,"{""floor"": false, ""depressed_arms"": {""self_pct"": false, ""self_z"": false, ""median_ratio"": false}, ""yield_arm"": false, ""residual_arm"": false, ""brakes"": {""gm"": false, ""fcf_margin"": false, ""roic"": false}, ""self_pct"": 71.15384615384616, ""self_z"": 0.44677240327627427, ""median_ratio"": 1.4161031343480037, ""fcf_yield"": 0.020123905570896772, ""yield_threshold"": 0.0495, ""gs10"": 0.0495, ""residual_pct"": null, ""brake_values"": {""gm"": null, ""fcf_margin"": 0.7995092961384452, ""roic"": 0.8924957161320612}}",False,"{""floor"": false, ""mom_sector_pct"": 64.0625, ""eps_rev_proxy"": null}"
YUM,1041061,Yum! Brands,Consumer Discretionary,Restaurants,Consumer Services,28.966461327857633,5.9986310746064335,353402036.03593564,0.022011038116534154,-0.15538370571741622,-0.061159282370643275,9.0,0.7298263084733565,0.02613959142766898,0.18254109599548318,0.18055371572393694,0.11676701120753127,0.19835463402640796,0.19149236856981344,0.12169571447002071,6,9,False,0.07763207419433016,0.07437202978281343,0.10302388113102201,False,0.6812657647328595,0.18470534281128181,0.20396698005044714,0.9334628757874247,1.0118562168370688,1.028294504192385,-2.4223898574231817,23.846153846153847,-0.6683648226924699,0.9464188172197768,260.0,gm_derived,140.6300048828125,272901085.0,38378080916.07483,47673080916.07483,2188000000.0,9295000000.0,2083000000.0,404000000.0,68000000.0,236000000.0,9229000000.0,8722000000.0,2703000000.0,1679000000.0,1611000000.0,1779000000.0,2939000000.0,2216000000.0,2172441587.790231,0.19628502116528623,0.992889208313634,17.63709985796331,29.59222899818425,0.03379265549956913,26.797684607124694,0.037316656817959946,17.318628572235934,0.7576714801444043,3.1401837359646136,716000000.0,807000000.0,0.6960694698354661,0.0,-0.40988002210751506,-0.42271515920535374,24.615384615384617,-0.4582323348420328,0.9560117454180976,260.0,[],True,1.0,ig,Consumer Services,16.666666666666664,92.3076923076923,100.0,11.538461538461538,50.0,23.076923076923077,44.44444444444444,46.15384615384615,51.515151515151516,1.0,25.04381627016207,"{'profitability': 36.1, 'growth': 63.3, 'balance': 0.0, 'stability': 74.9}",51.047780283258625,False,,,,38.04579827671034,,False,"{""floor"": false, ""depressed_arms"": {""self_pct"": false, ""self_z"": false, ""median_ratio"": false}, ""yield_arm"": false, ""residual_arm"": false, ""brakes"": {""gm"": false, ""fcf_margin"": true, ""roic"": false}, ""self_pct"": 24.615384615384617, ""self_z"": -0.4582323348420328, ""median_ratio"": 0.9560117454180976, ""fcf_yield"": 0.03379265549956913, ""yield_threshold"": 0.0495, ""gs10"": 0.0495, ""residual_pct"": null, ""brake_values"": {""gm"": 0.9334628757874247, ""fcf_margin"": 1.0118562168370688, ""roic"": -2.4223898574231817}}",False,"{""floor"": false, ""mom_sector_pct"": 51.515151515151516, ""eps_rev_proxy"": null}"
HAL,45012,Halliburton,Energy,Oil & Gas Equipment & Services,Energy,69.55783709787816,5.9986310746064335,352442354.190725,0.4632440143249956,-0.2024836499145377,0.3412340231589652,9.0,,,,,0.2915042420724589,0.08779473359175705,0.08068878470970069,0.3597912517020693,5,9,False,0.08959339537251054,0.07716291557214183,,False,,0.07710186385375228,0.07079962454744558,,,0.8064222266071422,0.7718720275232221,58.07692307692308,0.16742363852844597,1.1142389797425838,260.0,sbc_unreported;gm_derived,33.0099983215332,833130367.0,27501632016.28834,33964632016.28834,17473000000.0,6463000000.0,2750000000.0,1025000000.0,,1166000000.0,6421000000.0,22373000000.0,2559000000.0,1725000000.0,1725000000.0,1584000000.0,3725000000.0,1602000000.0,1975346909.4393868,0.22807858169621467,0.11305138839577558,13.272618998158789,19.689641748572953,0.05078812569418523,21.442318192101226,0.04663674846353008,17.16706118370059,1.0767790262172285,1.723758389261745,3020000000.0,,0.1728380930578607,5.0,0.14646390122276373,0.14040666459845066,42.69230769230769,-0.0863452834470139,0.9489211927519241,260.0,[],True,0.8,ig,Energy,63.63636363636363,,,90.9090909090909,72.72727272727273,70.0,27.272727272727266,45.45454545454546,63.63636363636363,1.0,26.01861779907666,"{'profitability': 43.7, 'growth': 69.5, 'balance': 42.5, 'stability': 50.9}",50.319609855257504,False,0.0060514701679226235,19.570850262994647,,38.16911382716708,,False,"{""floor"": false, ""depressed_arms"": {""self_pct"": false, ""self_z"": false, ""median_ratio"": false}, ""yield_arm"": true, ""residual_arm"": false, ""brakes"": {""gm"": false, ""fcf_margin"": false, ""roic"": false}, ""self_pct"": 42.69230769230769, ""self_z"": -0.0863452834470139, ""median_ratio"": 0.9489211927519241, ""fcf_yield"": 0.05078812569418523, ""yield_threshold"": 0.0495, ""gs10"": 0.0495, ""residual_pct"": null, ""brake_values"": {""gm"": null, ""fcf_margin"": null, ""roic"": 0.7718720275232221}}",False,"{""floor"": false, ""mom_sector_pct"": 63.63636363636363, ""eps_rev_proxy"": null}"
FICO,814547,Fair Isaac,Information Technology,Application Software,Software and Services,3.515400410677618,5.9986310746064335,346124036.95123196,-0.24046278984645852,-0.5246967370852922,-0.4208377920768349,10.0,0.7884302155000654,0.031081700435860518,0.26441342845974425,0.2763515661480525,0.22908115263801804,0.2570234255226193,0.2712830454449745,0.2768567424887982,9,9,False,0.08989325752163668,0.1755600958063408,0.20311963527135402,False,0.8509956863687163,0.34330823141117367,0.3388721890895418,1.0793544813968963,1.298376687640283,1.3184486526879606,1.5246749022878094,0.38461538461538464,-1.3656585670685302,0.44673495842830035,260.0,gm_derived,879.6199951171875,21597635.0,18997711593.242798,24364099593.242798,1269253000.0,5366388000.0,1001549000.0,5526000.0,174289000.0,16144000.0,5366388000.0,2393575000.0,1236298000.0,996023000.0,821734000.0,811116000.0,1252442000.0,815017000.0,946037648.9477766,0.23478186574128843,0.74534994122352,19.707303249898324,29.649618481458475,0.03372724679831394,30.037749955916045,0.03329144165150913,23.309589362237595,1.222088619010401,4.284739732458669,791815000.0,0.0,0.6238433157140459,7.0,0.48885827405245896,0.4628606525818475,0.38461538461538464,-1.310713436661373,0.4538522290846875,260.0,[],True,1.0,ig,Software and Services,89.47368421052632,81.81818181818183,55.55555555555556,80.0,63.63636363636363,23.809523809523807,0.0,68.18181818181819,8.47457627118644,1.0,56.591124365535194,"{'profitability': 100.0, 'growth': 87.5, 'balance': 0.0, 'stability': 85.4}",69.72165566425241,False,-0.1539506831240689,34.58430412318543,,63.1563900148938,,False,"{""floor"": false, ""depressed_arms"": {""self_pct"": true, ""self_z"": true, ""median_ratio"": true}, ""yield_arm"": false, ""residual_arm"": false, ""brakes"": {""gm"": true, ""fcf_margin"": true, ""roic"": true}, ""self_pct"": 0.38461538461538464, ""self_z"": -1.310713436661373, ""median_ratio"": 0.4538522290846875, ""fcf_yield"": 0.03372724679831394, ""yield_threshold"": 0.0495, ""gs10"": 0.0495, ""residual_pct"": null, ""brake_values"": {""gm"": 1.0793544813968963, ""fcf_margin"": 1.298376687640283, ""roic"": 1.5246749022878094}}",False,"{""floor"": false, ""mom_sector_pct"": 8.47457627118644, ""eps_rev_proxy"": null}"
KDP,1418135,Keurig Dr Pepper,Consumer Staples,Soft Drinks & Non-alcoholic Beverages,Food Beverage and Tobacco,4.26009582477755,5.9986310746064335,344557158.43670315,0.2927910732098369,-0.04910183299621618,0.27591809793851807,11.0,0.5428192640639168,0.021830910100845466,0.11976218223395219,0.10149175949449547,0.3335401210434496,0.11251242293474224,0.10201289818252883,0.3714618791287085,9,10,False,0.07401671198285564,-0.0548108666739644,-0.07058667963172871,False,0.49392732702837233,0.09238427078148333,0.08073668491786959,0.9099296206448055,0.7713976904747206,0.7175801819208645,0.7086703368284221,68.07692307692308,0.6057210983100856,1.2702317727827808,260.0,,31.760000228881836,1360826038.0,43219835278.34836,78065835278.34836,59878000000.0,34846000000.0,2527000000.0,557000000.0,114000000.0,791000000.0,30650000000.0,20090000000.0,3260000000.0,1970000000.0,1856000000.0,1622000000.0,4051000000.0,1427000000.0,2472704211.0603757,0.24150177574835108,0.041295704784067196,23.946575238757166,42.06133366290321,0.023774804860312096,48.12936823572648,0.020777334850983955,30.287200615520923,1.3805185704274703,7.566033078252284,29760000000.0,38113000000.0,1.1335214937038645,2.0,0.05827209442528904,0.058893988089081487,68.46153846153847,0.38848214274588216,1.1779017276975856,260.0,['fcf_cagr5 gate'],False,1.0,ig,Food Beverage and Tobacco,18.181818181818183,50.0,71.42857142857143,18.181818181818183,100.0,69.23076923076923,0.0,21.42857142857143,85.18518518518519,1.0,15.81608606490749,"{'profitability': 28.8, 'growth': 30.8, 'balance': 0.0, 'stability': 76.1}",27.518459695175697,False,0.7490522172700449,19.887207007945133,,21.667272880041594,,False,"{""floor"": false, ""depressed_arms"": {""self_pct"": false, ""self_z"": false, ""median_ratio"": false}, ""yield_arm"": false, ""residual_arm"": false, ""brakes"": {""gm"": false, ""fcf_margin"": false, ""roic"": false}, ""self_pct"": 68.46153846153847, ""self_z"": 0.38848214274588216, ""median_ratio"": 1.1779017276975856, ""fcf_yield"": 0.023774804860312096, ""yield_threshold"": 0.0495, ""gs10"": 0.0495, ""residual_pct"": null, ""brake_values"": {""gm"": 0.9099296206448055, ""fcf_margin"": 0.7713976904747206, ""roic"": 0.7086703368284221}}",False,"{""floor"": false, ""mom_sector_pct"": 85.18518518518519, ""eps_rev_proxy"": null}"
EQT,33213,EQT Corporation,Energy,Oil & Gas Exploration & Production,Energy,3.975359342915811,5.9986310746064335,342718368.8654343,0.021333180831587084,-0.2396079659337137,-0.04436001635538389,9.0,0.7158915877091989,0.08492974253602878,0.18301839434077882,0.16065875969380466,0.6070538951430415,0.16221704033317605,0.2021840451833086,0.7327384028999501,5,9,False,0.26673595375868553,0.4177006151182334,,False,0.8374337384448007,0.3863223019934941,0.3640140790270445,1.1697773138032364,2.110838658513007,2.243994085204609,1.1557025688113116,34.34782608695652,-0.4248472347396101,0.5525792806383156,230.0,gm_derived,51.060001373291016,625516000.0,31938847819.015503,41551685819.0155,34871714000.0,9612838000.0,6246145000.0,2487812000.0,74627000.0,2700528000.0,6008317000.0,9535318000.0,4049329000.0,3758333000.0,3683706000.0,3470990000.0,6749857000.0,2711615000.0,3147924314.952893,0.22260593916846647,0.09027156838212463,10.261375605443643,11.279859418481145,0.08865358715034873,11.971133831850713,0.08353427620526419,11.778533390254701,1.3860127636113533,0.8901398948155494,2062462000.0,193100000.0,0.06468170735743015,1.0,0.07810968913478553,0.08140954768869922,26.53061224489796,-0.040817900488257106,0.6035338475951826,245.0,[],True,1.0,ig,Energy,18.181818181818183,100.0,100.0,27.27272727272727,72.72727272727273,90.0,45.45454545454546,63.63636363636363,18.181818181818183,1.0,31.925914189779512,"{'profitability': 52.5, 'growth': 100.0, 'balance': 70.3, 'stability': 44.3}",71.89975119346052,False,-0.5390673560153778,19.33827203044239,,51.91283269162001,,False,"{""floor"": false, ""depressed_arms"": {""self_pct"": false, ""self_z"": false, ""median_ratio"": true}, ""yield_arm"": true, ""residual_arm"": false, ""brakes"": {""gm"": true, ""fcf_margin"": true, ""roic"": true}, ""self_pct"": 26.53061224489796, ""self_z"": -0.040817900488257106, ""median_ratio"": 0.6035338475951826, ""fcf_yield"": 0.08865358715034873, ""yield_threshold"": 0.0495, ""gs10"": 0.0495, ""residual_pct"": null, ""brake_values"": {""gm"": 1.1697773138032364, ""fcf_margin"": 2.110838658513007, ""roic"": 1.1557025688113116}}",False,"{""floor"": false, ""mom_sector_pct"": 18.181818181818183, ""eps_rev_proxy"": null}"
FAST,815556,Fastenal,Industrials,Trading Companies & Distributors,Capital Goods,18.023271731690624,5.9986310746064335,338515678.47531956,0.04437999199679865,-0.01639657545561679,0.0697657462985195,10.0,0.45604882678986564,0.010740026583842295,0.12640090375033794,0.12441028359395706,0.24120790474902407,0.12869548647266832,0.13118208322289954,0.2514467744639874,9,9,False,0.07745687030729775,0.023872804151259475,0.034880002371733054,False,0.4470135094977941,0.13102612750588613,0.13830662674011932,0.9801878291066524,1.0365916984635153,1.0746812536389314,1.0544623541883251,92.6923076923077,2.1053295664054192,1.946285219553693,260.0,,50.9900016784668,1147497573.0,58510903173.30658,58720509173.30658,4278406000.0,209606000.0,1399200000.0,243300000.0,9500000.0,179600000.0,209606000.0,8749400000.0,1775100000.0,1155900000.0,1146400000.0,1210100000.0,1954700000.0,1352100000.0,1351719255.4629421,0.23851092588420816,0.3159399214246946,33.0801133306893,51.22165838564775,0.019522991475031955,48.52533606586776,0.020607791332812427,43.27409449989393,0.8548923896161527,0.10723180027625723,,,0.0,7.0,0.29962181216786077,0.30168585872621995,91.92307692307692,2.0299033707208713,2.2939972064822114,260.0,[],True,1.0,ig,Capital Goods,89.1891891891892,70.73170731707317,87.5,54.87804878048781,64.28571428571429,25.64102564102564,86.48648648648648,17.07317073170732,42.1875,1.0,62.14948389495933,"{'profitability': 74.9, 'growth': 42.2, 'balance': 96.4, 'stability': 86.9}",14.383103981170722,True,0.5943031074110308,28.271644763307993,74.32432432432432,38.266293938065026,2.0,False,"{""floor"": true, ""depressed_arms"": {""self_pct"": false, ""self_z"": false, ""median_ratio"": false}, ""yield_arm"": false, ""residual_arm"": false, ""brakes"": {""gm"": true, ""fcf_margin"": true, ""roic"": true}, ""self_pct"": 91.92307692307692, ""self_z"": 2.0299033707208713, ""median_ratio"": 2.2939972064822114, ""fcf_yield"": 0.019522991475031955, ""yield_threshold"": 0.0495, ""gs10"": 0.0495, ""residual_pct"": 74.32432432432432, ""brake_values"": {""gm"": 0.9801878291066524, ""fcf_margin"": 1.0365916984635153, ""roic"": 1.0544623541883251}}",False,"{""floor"": true, ""mom_sector_pct"": 42.1875, ""eps_rev_proxy"": 2.0}"
MLM,916076,Martin Marietta Materials,Materials,Construction Materials,Materials,12.229979466119097,5.9986310746064335,337416844.3101478,-0.1312735435866188,-0.286156738921883,-0.196388277427769,10.0,0.27487298422544315,0.10767696042187586,0.11783543538828958,0.12404876246767639,0.2336379484486437,0.1361723808866464,0.14623807841752032,0.292983570773367,6,9,False,0.053912684057572546,0.07213040966121098,0.11953645731518026,False,0.28154904306220097,0.11363636363636363,0.11692583732057417,1.024287795526978,0.9643649489808458,0.8586604461142999,0.6671446954227355,58.46153846153847,0.2089743857761302,1.0572202489179228,260.0,,490.45001220703125,60065839.0,29459291470.775574,35996291470.77557,18083000000.0,6537000000.0,1519000000.0,709000000.0,50000000.0,687000000.0,6535000000.0,6688000000.0,1318000000.0,810000000.0,760000000.0,782000000.0,2005000000.0,2457610000.0,1052014479.6380091,0.20180995475113123,0.05817698831156385,27.31129853624854,47.36354140891523,0.021113286089958008,46.03106326186135,0.02172446016098311,11.986967611124456,0.3295885026509495,3.2593516209476308,3959000000.0,459000000.0,0.24431786761046287,1.0,0.08720295418777192,0.07610998809376278,40.0,-0.08746375785018323,0.9742454620342181,260.0,[],True,1.0,ig,Materials,25.0,92.85714285714286,57.14285714285714,28.57142857142857,71.42857142857143,9.090909090909092,18.181818181818173,25.0,14.285714285714285,1.0,18.669386728094644,"{'profitability': 37.3, 'growth': 52.5, 'balance': 0.0, 'stability': 60.9}",36.131858167412936,False,0.5154938346724096,28.28577221036759,,27.40062244775379,,False,"{""floor"": false, ""depressed_arms"": {""self_pct"": false, ""self_z"": false, ""median_ratio"": false}, ""yield_arm"": false, ""residual_arm"": false, ""brakes"": {""gm"": true, ""fcf_margin"": true, ""roic"": false}, ""self_pct"": 40.0, ""self_z"": -0.08746375785018323, ""median_ratio"": 0.9742454620342181, ""fcf_yield"": 0.021113286089958008, ""yield_threshold"": 0.0495, ""gs10"": 0.0495, ""residual_pct"": null, ""brake_values"": {""gm"": 1.024287795526978, ""fcf_margin"": 0.9643649489808458, ""roic"": 0.6671446954227355}}",False,"{""floor"": false, ""mom_sector_pct"": 14.285714285714285, ""eps_rev_proxy"": null}"
LYV,1335258,Live Nation Entertainment,Communication Services,Movies & Entertainment,Media and Entertainment,6.754277891854894,5.9986310746064335,335141940.2613361,0.12275172405272472,-0.10309883923579755,0.04474940227211577,9.0,,,0.0786699019674674,0.04181243218440444,0.4196958479622363,0.07273742987591972,0.04601754433318038,0.26441659183633937,8,9,True,0.6839429426424875,-0.3269840566073986,,False,,0.04638958516945548,0.0668616484857666,,0.5896738652177183,0.9192192877837942,1.1119702071745268,46.27450980392157,-0.06206914372134943,0.9537914246928156,255.0,,169.02999877929688,235633860.0,39829191068.16101,42880951068.16101,3134090000.0,3051760000.0,2608702000.0,1226000000.0,163930000.0,688147000.0,2378527000.0,26272535000.0,801196000.0,1382702000.0,1218772000.0,1756625000.0,1489343000.0,134700000.0,589692373.1020703,0.2639848762324446,0.18815425629196045,53.521174679056074,35.18373499568501,0.028422224079468584,24.410987585945215,0.040965159499558985,295.68812968196744,10.26504825538233,1.5970310398612007,3063726000.0,1574955000.0,1.480072684575108,5.0,0.16920800132770925,0.21116699069120004,59.23076923076923,0.14265605674303894,1.2170653868656998,260.0,['fcf_cagr5 gate'],False,0.9,ig,Media and Entertainment,37.5,22.22222222222222,,50.0,33.33333333333333,87.5,33.33333333333334,0.0,81.81818181818183,1.0,33.07539879173548,"{'profitability': 55.4, 'growth': 50.0, 'balance': 46.8, 'stability': 64.6}",24.016028925968236,False,0.08492007404500956,32.3192758504215,,28.545713858851858,,False,"{""floor"": false, ""depressed_arms"": {""self_pct"": false, ""self_z"": false, ""median_ratio"": false}, ""yield_arm"": false, ""residual_arm"": false, ""brakes"": {""gm"": false, ""fcf_margin"": false, ""roic"": true}, ""self_pct"": 59.23076923076923, ""self_z"": 0.14265605674303894, ""median_ratio"": 1.2170653868656998, ""fcf_yield"": 0.028422224079468584, ""yield_threshold"": 0.0495, ""gs10"": 0.0495, ""residual_pct"": null, ""brake_values"": {""gm"": null, ""fcf_margin"": 0.5896738652177183, ""roic"": 1.1119702071745268}}",False,"{""floor"": false, ""mom_sector_pct"": 81.81818181818183, ""eps_rev_proxy"": null}"
ECL,31462,Ecolab,Materials,Specialty Chemicals,Materials,37.64544832306639,5.9986310746064335,332122436.07409245,0.06682804565559142,-0.09532375069714727,0.03224733788987644,10.0,0.4122314531465502,0.058994399159062974,0.09832274117298731,0.10440505454288429,0.19004241455634815,0.09168585194894763,0.09092570593073197,0.28901504256194954,7,9,False,0.0640436792245791,0.06789096606222178,0.1377524450097658,False,0.44113997328187615,0.1032328929790708,0.11222799465637524,1.0701269151460135,1.0499391264676465,1.2240492101100382,1.5469909008737963,21.153846153846153,-0.6330483025026746,0.8479998467451042,260.0,gm_derived,276.7200012207031,280328603.0,77572531364.358,79194531364.358,11677500000.0,1622000000.0,3056800000.0,1182300000.0,135800000.0,1030800000.0,1593100000.0,16842500000.0,2852100000.0,1874500000.0,1738700000.0,1890200000.0,3882900000.0,2116400000.0,2314043639.9589305,0.18865269802639084,0.19816258959185876,27.767094900023842,45.5481286963582,0.021954798772665166,41.89743485576024,0.023867809650941332,36.65305772271688,0.8857021357021357,0.41028612634886297,9419300000.0,3419100000.0,1.0994134018411474,7.0,0.1280955107621702,0.11975987834425743,50.76923076923077,0.023633005801624835,1.0041359018719027,260.0,[],True,1.0,ig,Materials,50.0,85.71428571428571,92.85714285714286,71.42857142857143,71.42857142857143,45.45454545454545,90.9090909090909,16.666666666666657,35.714285714285715,1.0,46.020402164907935,"{'profitability': 50.6, 'growth': 55.0, 'balance': 86.3, 'stability': 73.5}",29.288567291374015,False,0.46909799423366083,28.49337335049574,,37.65448472814097,,False,"{""floor"": false, ""depressed_arms"": {""self_pct"": false, ""self_z"": false, ""median_ratio"": false}, ""yield_arm"": false, ""residual_arm"": false, ""brakes"": {""gm"": true, ""fcf_margin"": true, ""roic"": true}, ""self_pct"": 50.76923076923077, ""self_z"": 0.023633005801624835, ""median_ratio"": 1.0041359018719027, ""fcf_yield"": 0.021954798772665166, ""yield_threshold"": 0.0495, ""gs10"": 0.0495, ""residual_pct"": null, ""brake_values"": {""gm"": 1.0701269151460135, ""fcf_margin"": 1.0499391264676465, ""roic"": 1.5469909008737963}}",False,"{""floor"": false, ""mom_sector_pct"": 35.714285714285715, ""eps_rev_proxy"": null}"
GWW,277135,W. W. Grainger,Industrials,Industrial Machinery & Supplies & Components,Capital Goods,45.23477070499658,5.9986310746064335,324490382.1118934,0.37235933256246234,-0.08735312539892515,0.33492752678090465,10.0,0.38501363649632897,0.03073839873086191,0.0735323418550858,0.07061643072121279,0.2713268723028499,0.08411296839854662,0.09034667261174897,0.2931040678990064,9,9,False,0.08747643442914854,,,False,0.39395065003979834,0.0765189705492173,0.09418944016980632,1.023212200026984,1.0406165317027087,1.119796887009326,0.9642691974591847,,,,,,1270.6700439453125,47100942.0,59849756041.005615,62439756041.005615,6721000000.0,2590000000.0,2175000000.0,665000000.0,68000000.0,332000000.0,2208000000.0,18845000000.0,2745000000.0,1510000000.0,1442000000.0,1775000000.0,3077000000.0,1870000000.0,2025268156.424581,0.2621973929236499,0.3013343485232229,22.746723512206053,43.30080169279169,0.02309426063505126,35.17732734704542,0.028427401267140072,32.0052171342276,0.8074866310160428,0.7175820604484888,354000000.0,288000000.0,0.09552149977681892,10.0,0.31250023262925775,0.3254863215931069,82.3076923076923,1.3097128146397574,1.2333678836878008,260.0,['fcf_cagr5 gate'],False,1.0,ig,Capital Goods,91.8918918918919,31.70731707317073,68.75,87.8048780487805,64.28571428571429,15.384615384615385,81.08108108108108,48.78048780487805,78.125,1.0,58.63746434067693,"{'profitability': 64.1, 'growth': 72.9, 'balance': 76.1, 'stability': 83.4}",28.370935170276663,False,0.4255115001631382,28.294279588039853,,43.5041997554768,,False,"{""floor"": false, ""depressed_arms"": {""self_pct"": false, ""self_z"": false, ""median_ratio"": false}, ""yield_arm"": false, ""residual_arm"": false, ""brakes"": {""gm"": true, ""fcf_margin"": true, ""roic"": true}, ""self_pct"": 82.3076923076923, ""self_z"": 1.3097128146397574, ""median_ratio"": 1.2333678836878008, ""fcf_yield"": 0.02309426063505126, ""yield_threshold"": 0.0495, ""gs10"": 0.0495, ""residual_pct"": null, ""brake_values"": {""gm"": 1.023212200026984, ""fcf_margin"": 1.0406165317027087, ""roic"": 0.9642691974591847}}",False,"{""floor"": false, ""mom_sector_pct"": 78.125, ""eps_rev_proxy"": null}"
KMI,1506307,Kinder Morgan,Energy,Oil & Gas Storage & Transportation,Energy,14.33264887063655,5.9986310746064335,323499544.25833976,0.163726334300472,-0.06294130496538275,0.15672042780098772,10.0,,,,,0.17402457470255972,0.231313038682341,0.22786475463754768,0.13619847775554514,4,9,False,0.08527968679767972,0.0033541386493711745,0.07741120732456874,False,,0.19394460480255482,0.250383835902475,,,1.0824458375920765,1.2291928368168543,67.3076923076923,0.6536227390057636,1.121530692356066,260.0,sbc_unreported;gm_derived,31.3700008392334,2226802089.0,69854783400.73668,103478783400.73668,65255000000.0,33624000000.0,6557000000.0,3399000000.0,,2480000000.0,32376000000.0,16283000000.0,5217000000.0,3158000000.0,3158000000.0,4077000000.0,7697000000.0,3467000000.0,4050606785.558939,0.22357546759460636,0.06207350832210465,19.834921104224012,32.767189170594264,0.03051833328741588,25.38110949245442,0.03939938087802234,20.14848093473801,0.9108739544274589,4.206314148369494,20084000000.0,1872000000.0,0.33646463872500193,0.0,0.050499406165473285,0.0516922231007157,77.3076923076923,1.8001860596805752,1.6576380776363095,260.0,[],True,0.8,ig,Energy,9.090909090909092,,,9.090909090909092,95.45454545454545,40.0,9.090909090909093,9.090909090909093,27.27272727272727,1.0,16.314420856184977,"{'profitability': 51.7, 'growth': 36.9, 'balance': 0.0, 'stability': 51.4}",21.07426207519962,False,0.5356356976244196,19.17854079280487,,18.694341465692297,,False,"{""floor"": false, ""depressed_arms"": {""self_pct"": false, ""self_z"": false, ""median_ratio"": false}, ""yield_arm"": false, ""residual_arm"": false, ""brakes"": {""gm"": false, ""fcf_margin"": false, ""roic"": true}, ""self_pct"": 77.3076923076923, ""self_z"": 1.8001860596805752, ""median_ratio"": 1.6576380776363095, ""fcf_yield"": 0.03051833328741588, ""yield_threshold"": 0.0495, ""gs10"": 0.0495, ""residual_pct"": null, ""brake_values"": {""gm"": null, ""fcf_margin"": null, ""roic"": 1.2291928368168543}}",False,"{""floor"": false, ""mom_sector_pct"": 27.27272727272727, ""eps_rev_proxy"": null}"
DLTR,935703,Dollar Tree,Consumer Staples,Consumer Staples Merchandise Retail,Consumer Staples Distribution and Retail,14.765229295003422,5.9986310746064335,323399094.20806086,0.34925308016948065,-0.1914254653113039,0.19040612842809113,10.0,0.3495958375040161,0.08194804963580872,0.044157082398457184,0.04474034772113994,0.31237948258613824,0.07330954723825153,0.07649633681692333,0.3483962712136354,8,9,False,-0.0533172843938553,-0.10278720660484053,-0.05278279136463293,False,0.35166638403144235,0.09526968388081439,0.11974921942801281,1.0059226864433202,2.157517632644657,1.6334737280375664,1.679704548837779,7.307692307692308,-0.46610331393507193,0.4963882816744614,260.0,,113.16000366210938,187630299.0,21232245321.962677,27844945321.962677,10038000000.0,6612700000.0,3117000000.0,1138900000.0,68000000.0,648100000.0,6612700000.0,20049400000.0,2201400000.0,1978100000.0,1910100000.0,2400900000.0,2849500000.0,1612500000.0,1659408059.2564988,0.24620329823907575,0.165312617977336,12.648744127356535,14.577742171594512,0.06859772852537836,11.597711409039393,0.08622390786690798,13.16728392059701,1.2267286821705425,2.3206527460958064,422100000.0,2150000000.0,0.25623630205220166,2.0,0.09841767594885606,0.08822435245279006,0.8163265306122449,-0.13079272538418749,0.2164995571654434,245.0,"['rev_cagr5 gate', 'fcf_cagr5 gate']",False,1.0,sector,Consumer Staples,37.5,29.629629629629626,29.166666666666668,14.583333333333334,55.55555555555556,66.66666666666666,40.0,88.88888888888889,88.88888888888889,1.0,13.557651990834701,"{'profitability': 31.0, 'growth': 0.0, 'balance': 22.6, 'stability': 70.6}",84.18215543704613,False,-0.606352843446023,26.73166185492032,,48.86990371394042,,False,"{""floor"": false, ""depressed_arms"": {""self_pct"": true, ""self_z"": false, ""median_ratio"": true}, ""yield_arm"": true, ""residual_arm"": false, ""brakes"": {""gm"": true, ""fcf_margin"": true, ""roic"": true}, ""self_pct"": 0.8163265306122449, ""self_z"": -0.13079272538418749, ""median_ratio"": 0.2164995571654434, ""fcf_yield"": 0.06859772852537836, ""yield_threshold"": 0.0495, ""gs10"": 0.0495, ""residual_pct"": null, ""brake_values"": {""gm"": 1.0059226864433202, ""fcf_margin"": 2.157517632644657, ""roic"": 1.679704548837779}}",False,"{""floor"": false, ""mom_sector_pct"": 88.88888888888889, ""eps_rev_proxy"": null}"
JBL,898293,Jabil,Information Technology,Electronic Manufacturing Services,Technology Hardware and Equipment,2.7679671457905544,5.9986310746064335,321897035.078463,0.3982470234794444,-0.19750349367790643,0.4321073180212296,7.0,0.08464506764772181,0.062153577068021645,,,0.5350708829097841,0.026355255314265073,0.023341594144429715,0.20462466395087145,8,9,False,0.01794613089068231,,,False,0.09225960107174755,0.03888061923191426,0.03453408752604942,1.089958383112364,,1.310330221212369,0.8919975841394582,77.6923076923077,1.2018438775988387,1.4649412778930262,260.0,sbc_unreported,308.75,104787089.0,32353013728.75,35256413728.75,4226400000.0,2903400000.0,1857000000.0,551000000.0,,697000000.0,2899400000.0,33590000000.0,1439000000.0,1306000000.0,1306000000.0,1160000000.0,2136000000.0,862000000.0,1063501287.553648,0.2609442060085837,0.2516328997618891,24.500634974808897,26.995722610068913,0.037042905442620684,30.39346011099138,0.03290181494137825,37.53249852523202,1.5150812064965198,1.3573970037453182,1228000000.0,627000000.0,0.43890781752791974,9.0,0.2821004274407854,0.23952776036879278,58.46153846153847,0.0899905865178629,1.110396640041702,260.0,['fcf_cagr5 gate'],False,0.9,ig,Technology Hardware and Equipment,66.66666666666666,,10.0,61.904761904761905,9.523809523809524,85.71428571428571,35.0,66.66666666666667,62.71186440677966,1.0,27.835348583490738,"{'profitability': 57.8, 'growth': 15.0, 'balance': 54.8, 'stability': 63.2}",46.772446100871306,False,-0.2903028976522788,36.088755299110446,,37.303897342181024,,False,"{""floor"": false, ""depressed_arms"": {""self_pct"": false, ""self_z"": false, ""median_ratio"": false}, ""yield_arm"": false, ""residual_arm"": false, ""brakes"": {""gm"": true, ""fcf_margin"": false, ""roic"": false}, ""self_pct"": 58.46153846153847, ""self_z"": 0.0899905865178629, ""median_ratio"": 1.110396640041702, ""fcf_yield"": 0.037042905442620684, ""yield_threshold"": 0.0495, ""gs10"": 0.0495, ""residual_pct"": null, ""brake_values"": {""gm"": 1.089958383112364, ""fcf_margin"": null, ""roic"": 0.8919975841394582}}",False,"{""floor"": false, ""mom_sector_pct"": 62.71186440677966, ""eps_rev_proxy"": null}"
CPRT,900075,Copart,Industrials,Diversified Support Services,Commercial and Professional Services,8.229979466119097,5.9986310746064335,320253661.16114575,-0.2647648213999846,-0.3601197211135838,-0.356697114815249,10.0,,,0.21871024446332896,0.21864024057648856,0.2569036305429991,0.3042590579887912,0.3010863368512564,0.2089960254057535,9,9,False,0.16072427791153787,0.30441065555211777,0.14277972457173815,False,,0.2804824971269924,0.30725088690837654,,1.2824387710563818,1.0098331630268031,0.9894216878806683,32.69230769230769,-0.17907293111247588,0.8761519077972717,260.0,gm_derived,28.864999771118164,925811482.0,26723548216.02857,23570900216.02857,5621616000.0,-3152648000.0,1685427000.0,346194000.0,38112000.0,222019000.0,-3152648000.0,4638867000.0,1696277000.0,1339233000.0,1301121000.0,1425296000.0,1918296000.0,1553201000.0,1376519053.1258874,0.188505737491054,0.24486180719670061,13.89566693177386,18.115840276214563,0.055200310046504636,16.53754743999041,0.06046845843548976,17.205466785064242,0.8622406243622043,-1.643462739848282,522703000.0,46071000.0,0.10117624540701464,10.0,0.24747972497064646,0.22602713535124885,24.23076923076923,-0.27836528409565925,0.7733931711653015,260.0,[],True,0.9,ig,Commercial and Professional Services,70.0,81.81818181818183,,90.9090909090909,63.63636363636363,9.090909090909092,90.9090909090909,81.81818181818181,4.6875,1.0,80.79398713252475,"{'profitability': 93.7, 'growth': 100.0, 'balance': 100.0, 'stability': 82.9}",68.42469649557614,True,-0.23721300237627974,22.965652066647927,25.675675675675674,74.60934181405045,-3.0,False,"{""floor"": true, ""depressed_arms"": {""self_pct"": false, ""self_z"": false, ""median_ratio"": true}, ""yield_arm"": true, ""residual_arm"": false, ""brakes"": {""gm"": false, ""fcf_margin"": true, ""roic"": true}, ""self_pct"": 24.23076923076923, ""self_z"": -0.27836528409565925, ""median_ratio"": 0.7733931711653015, ""fcf_yield"": 0.055200310046504636, ""yield_threshold"": 0.0495, ""gs10"": 0.0495, ""residual_pct"": 25.675675675675674, ""brake_values"": {""gm"": null, ""fcf_margin"": 1.2824387710563818, ""roic"": 0.9894216878806683}}",False,"{""floor"": true, ""mom_sector_pct"": 4.6875, ""eps_rev_proxy"": -3.0}"
ROK,1024478,Rockwell Automation,Industrials,Electrical Components & Equipment,Capital Goods,26.535249828884325,5.9986310746064335,320187713.8277682,0.2708059251386341,-0.09551843909988622,0.27679342304138976,10.0,0.4499093353035171,0.08029767995081916,0.11535190609472867,0.1241996025612718,0.28950350089635024,0.10332079278785075,0.1143740340030912,0.3472983741876739,7,9,False,0.05675920504497323,0.06171650501697035,0.04691204613327771,False,0.5453025743898362,0.15769530814666222,,1.2120276944730766,1.3670802112031033,,,47.69230769230769,-0.06360946008776042,0.9786833931284462,260.0,,432.8900146484375,111048676.0,48071862980.32959,51201862980.32959,6624000000.0,3130000000.0,1732000000.0,228000000.0,89000000.0,,3128000000.0,8973000000.0,,1504000000.0,1415000000.0,,,1201000000.0,,0.1703422053231939,,,36.18506217691137,0.027635713187694085,,,40.02653037496219,1.2522897585345545,,3814000000.0,743700000.0,0.6880585748792271,3.0,0.21526741675523128,0.20206275421266706,31.538461538461537,-0.49317590780392057,0.8687245522060136,260.0,[],True,0.8,ig,Capital Goods,72.97297297297297,63.41463414634146,84.375,28.04878048780488,64.28571428571429,56.41025641025641,,,67.1875,0.7,42.433976177112115,"{'profitability': 74.8, 'growth': 49.4, 'balance': None, 'stability': 66.4}",,False,0.2530746952486438,28.094439982609888,,,,False,"{""floor"": false, ""depressed_arms"": {""self_pct"": false, ""self_z"": false, ""median_ratio"": false}, ""yield_arm"": false, ""residual_arm"": false, ""brakes"": {""gm"": true, ""fcf_margin"": true, ""roic"": false}, ""self_pct"": 31.538461538461537, ""self_z"": -0.49317590780392057, ""median_ratio"": 0.8687245522060136, ""fcf_yield"": 0.027635713187694085, ""yield_threshold"": 0.0495, ""gs10"": 0.0495, ""residual_pct"": null, ""brake_values"": {""gm"": 1.2120276944730766, ""fcf_margin"": 1.3670802112031033, ""roic"": null}}",False,"{""floor"": false, ""mom_sector_pct"": 67.1875, ""eps_rev_proxy"": null}"
ODFL,878927,Old Dominion,Industrials,Cargo Ground Transportation,Transportation,6.792607802874743,5.9986310746064335,319554653.25343907,0.43989111659223434,-0.2757028591840165,0.29031313894942645,10.0,,,0.14514518194104437,0.14385462031856797,0.12210334464329892,0.20344635911682984,0.21036873916666327,0.1524441185992953,5,9,False,0.06481850942440892,0.06172005206375064,0.08490900369337329,False,,0.1989769936922881,,,1.3708825262495405,,0.805290335379538,,,,,sbc_unreported,177.72000122070312,207356622.0,36851419114.96088,36688877114.96088,4384810000.0,-162542000.0,1394102000.0,279332000.0,,,-162542000.0,5602507000.0,1447737000.0,1114770000.0,1114770000.0,,,1089276000.0,1087130629.5296962,0.2490827895331154,0.24793106874179183,25.342225221128476,32.911611466904276,0.030384413142625796,,,33.83111269775601,1.0234045365912772,,19463000.0,,0.004438732807122771,7.0,0.30787786447845605,0.3093586046972486,43.46153846153846,-0.306910411583862,0.9177580016021913,260.0,[],True,0.8,ig,Transportation,90.9090909090909,66.66666666666666,,54.54545454545454,77.27272727272727,63.63636363636363,,0.0,82.8125,0.7,42.07263789285463,"{'profitability': 78.8, 'growth': 52.7, 'balance': None, 'stability': 62.2}",30.391919687468587,False,0.1981563948503493,26.995471582732275,,36.23227879016161,,False,"{""floor"": false, ""depressed_arms"": {""self_pct"": false, ""self_z"": false, ""median_ratio"": false}, ""yield_arm"": false, ""residual_arm"": false, ""brakes"": {""gm"": false, ""fcf_margin"": true, ""roic"": false}, ""self_pct"": 43.46153846153846, ""self_z"": -0.306910411583862, ""median_ratio"": 0.9177580016021913, ""fcf_yield"": 0.030384413142625796, ""yield_threshold"": 0.0495, ""gs10"": 0.0495, ""residual_pct"": null, ""brake_values"": {""gm"": null, ""fcf_margin"": 1.3708825262495405, ""roic"": 0.805290335379538}}",False,"{""floor"": false, ""mom_sector_pct"": 82.8125, ""eps_rev_proxy"": null}"
TRGP,1389170,Targa Resources,Energy,Oil & Gas Storage & Transportation,Energy,3.9507186858316223,5.9986310746064335,317770713.23586047,0.687863979934517,-0.05379470414427889,0.6596566926851006,7.0,,,0.05472001113296334,0.04755826478957429,0.43922013435352114,0.1059187685610378,0.11329800813185308,0.24120204818309088,6,9,True,0.19892244153238936,-0.24487298872602725,0.1415505451960304,True,0.4319206761640235,0.039715676612012064,0.15269838425469642,,0.7257980360330617,1.4416555850222235,1.5979054727392372,88.46153846153845,1.645857380393399,1.377435644124772,260.0,,283.010009765625,214431021.0,60686125347.26294,69030625347.26294,12001000000.0,8344500000.0,4285500000.0,3544600000.0,76000000.0,1653100000.0,8205300000.0,16741500000.0,3835700000.0,740900000.0,664900000.0,2556400000.0,5488800000.0,2267600000.0,3017963800.22531,0.21319086471170587,0.25147602701652444,17.996878104977693,103.8210638400706,0.009631956782300296,27.00306108091963,0.03703283849943221,26.76227083580126,0.3267331098959252,1.4949169217315261,118900000.0,2105200000.0,0.18532622281476543,4.0,0.15737853790902118,0.17407039063213398,67.6923076923077,0.6565617057891205,2.0418055940682787,260.0,['fcf_cagr5 gate'],False,0.9,ig,Energy,72.72727272727273,37.5,,68.18181818181817,36.36363636363637,20.0,36.36363636363637,27.272727272727266,72.72727272727273,1.0,24.55623023250498,"{'profitability': 51.5, 'growth': 50.0, 'balance': 50.2, 'stability': 48.5}",25.28417117395508,False,1.667260829491393,19.597618383779945,,24.92020070323003,,False,"{""floor"": false, ""depressed_arms"": {""self_pct"": false, ""self_z"": false, ""median_ratio"": false}, ""yield_arm"": false, ""residual_arm"": false, ""brakes"": {""gm"": false, ""fcf_margin"": false, ""roic"": true}, ""self_pct"": 67.6923076923077, ""self_z"": 0.6565617057891205, ""median_ratio"": 2.0418055940682787, ""fcf_yield"": 0.009631956782300296, ""yield_threshold"": 0.0495, ""gs10"": 0.0495, ""residual_pct"": null, ""brake_values"": {""gm"": null, ""fcf_margin"": 0.7257980360330617, ""roic"": 1.5979054727392372}}",False,"{""floor"": false, ""mom_sector_pct"": 72.72727272727273, ""eps_rev_proxy"": null}"
EW,1099800,Edwards Lifesciences,Health Care,Health Care Equipment,Health Care Equipment and Services,15.482546201232033,5.9986310746064335,315899269.653279,0.18308195520619885,-0.08000426864490329,0.13862294681736675,10.0,0.7957158320202075,0.03222141342043694,0.1510941901765252,0.18969534050179213,0.45261348512454663,0.1744031032184392,0.21103896103896103,0.49844766179386457,8,9,False,0.06704742515528728,0.15577988481103255,0.08426016693354588,False,0.7783885877493358,0.19433994134176866,0.2129508775701365,0.9782243313836294,1.2862171676801002,1.2210268833543425,0.6447446476090066,1.9230769230769231,-0.5467098061140299,0.5838286679710897,260.0,,86.81999969482422,576400000.0,50043047824.09668,46601647824.09668,7176600000.0,-3441400000.0,1720300000.0,286700000.0,168000000.0,165500000.0,-3548300000.0,6512300000.0,1449000000.0,1433600000.0,1265600000.0,1386800000.0,1614500000.0,1004900000.0,1000276100.4514673,0.3096783295711061,0.13938022189497357,32.16124763567749,36.82178241474137,0.027157837954081665,33.60372643791223,0.029758604357396058,49.79903256453048,1.4266096128968055,-2.1977702074945804,1951200000.0,617700000.0,0.3579550204832372,7.0,0.21617895148390298,0.20166235272072994,1.9230769230769231,-0.31701196962146905,0.5675521529910108,260.0,[],True,1.0,ig,Health Care Equipment and Services,77.77777777777779,82.75862068965517,90.9090909090909,76.78571428571429,58.333333333333336,68.96551724137932,92.5925925925926,13.333333333333329,42.857142857142854,1.0,56.584374467812104,"{'profitability': 72.8, 'growth': 77.9, 'balance': 100.0, 'stability': 68.6}",46.27501096069258,False,0.3589078093549656,25.717759237030947,,51.42969271425234,,False,"{""floor"": false, ""depressed_arms"": {""self_pct"": true, ""self_z"": false, ""median_ratio"": true}, ""yield_arm"": false, ""residual_arm"": false, ""brakes"": {""gm"": true, ""fcf_margin"": true, ""roic"": false}, ""self_pct"": 1.9230769230769231, ""self_z"": -0.31701196962146905, ""median_ratio"": 0.5675521529910108, ""fcf_yield"": 0.027157837954081665, ""yield_threshold"": 0.0495, ""gs10"": 0.0495, ""residual_pct"": null, ""brake_values"": {""gm"": 0.9782243313836294, ""fcf_margin"": 1.2862171676801002, ""roic"": 0.6447446476090066}}",False,"{""floor"": false, ""mom_sector_pct"": 42.857142857142854, ""eps_rev_proxy"": null}"
PAYX,723531,Paychex,Industrials,Human Resource & Employment Services,Commercial and Professional Services,27.980835044490075,5.9986310746064335,314957292.352136,0.0345169354333168,-0.1775031713574371,-0.14911310142907386,10.0,0.7134709981142798,0.016067728499474694,0.31775762531684204,0.30810276679841897,0.17070918173415253,0.3060057175456143,0.29894239194669164,0.1414088914702114,9,9,False,0.09528106546435477,0.15249578779376405,0.14715628981229933,False,0.7342527495199251,0.353224040246941,0.32026154163558745,1.0291276750709868,1.1116146776799918,1.046586789960381,0.6374809199451834,2.6923076923076925,-1.4241744227922706,0.7555039298963551,260.0,gm_derived,104.48999786376953,355682860.0,37165301281.57944,40671101281.57944,7240900000.0,3505800000.0,2556700000.0,234900000.0,96100000.0,442600000.0,3505800000.0,6301100000.0,2510500000.0,2321800000.0,2225700000.0,2018000000.0,2953100000.0,1760000000.0,1912125600.4154227,0.23834869531351421,0.26407291916963677,16.200398837514214,18.2733977092957,0.0547243602918629,20.154163172239564,0.0496175401307361,21.116648455442864,1.3192045454545454,1.1871592563746571,4527400000.0,105100000.0,0.6397685370603102,10.0,0.4142444281977008,0.5074994648857736,1.9230769230769231,-1.6858894021380102,0.699833790217252,260.0,[],True,1.0,ig,Commercial and Professional Services,100.0,90.9090909090909,100.0,90.9090909090909,63.63636363636363,81.81818181818183,36.36363636363637,72.72727272727273,39.0625,1.0,76.41373459414194,"{'profitability': 100.0, 'growth': 89.7, 'balance': 60.4, 'stability': 89.9}",72.36314948020878,True,-0.2383493770997469,23.191728901633976,22.972972972972975,74.38844203717537,8.0,False,"{""floor"": true, ""depressed_arms"": {""self_pct"": true, ""self_z"": true, ""median_ratio"": true}, ""yield_arm"": true, ""residual_arm"": false, ""brakes"": {""gm"": true, ""fcf_margin"": true, ""roic"": false}, ""self_pct"": 1.9230769230769231, ""self_z"": -1.6858894021380102, ""median_ratio"": 0.699833790217252, ""fcf_yield"": 0.0547243602918629, ""yield_threshold"": 0.0495, ""gs10"": 0.0495, ""residual_pct"": 22.972972972972975, ""brake_values"": {""gm"": 1.0291276750709868, ""fcf_margin"": 1.1116146776799918, ""roic"": 0.6374809199451834}}",False,"{""floor"": true, ""mom_sector_pct"": 39.0625, ""eps_rev_proxy"": 8.0}"
OKE,1039684,Oneok,Energy,Oil & Gas Storage & Transportation,Energy,16.528405201916495,5.9986310746064335,311972868.65857214,0.3520626702000642,-0.06292694740447802,0.29185049217047054,8.0,,,,,0.20693149531227414,0.1438497802890443,0.12147253858277082,0.2759074348501827,6,9,False,0.3153108920107406,,,False,0.2721383935375705,0.07382004775694762,0.11751257430269776,,,0.8169117399176703,0.9648464884339715,47.30769230769231,-0.09814480725595899,0.9853441583715821,260.0,sbc_unreported,90.54000091552734,630369667.0,57073670227.30067,90297915227.30066,56161245000.0,33224245000.0,6157000000.0,3251000000.0,,1531000000.0,33124245000.0,39366000000.0,6111000000.0,2906000000.0,2906000000.0,4626000000.0,7642000000.0,3656000000.0,4684332286.43216,0.23345896147403686,0.08340862611632203,14.776291151579228,31.072923340433814,0.03218235983283699,19.51965309712509,0.05123041864649136,15.610960127817469,0.7948577680525164,4.334499476576813,8058000000.0,489205000.0,0.15219044734496182,1.0,0.08644756146825117,0.07972214257423045,80.0,0.9380687150434939,1.2333032453842125,260.0,['fcf_cagr5 gate'],False,0.8,ig,Energy,27.27272727272727,,,27.27272727272727,50.0,30.0,0.0,36.36363636363637,45.45454545454545,1.0,28.074056834483933,"{'profitability': 34.7, 'growth': 100.0, 'balance': 0.0, 'stability': 64.0}",28.308479710005834,False,0.4723219278482782,19.37560653876965,,28.191268272244884,,False,"{""floor"": false, ""depressed_arms"": {""self_pct"": false, ""self_z"": false, ""median_ratio"": false}, ""yield_arm"": false, ""residual_arm"": false, ""brakes"": {""gm"": false, ""fcf_margin"": false, ""roic"": true}, ""self_pct"": 80.0, ""self_z"": 0.9380687150434939, ""median_ratio"": 1.2333032453842125, ""fcf_yield"": 0.03218235983283699, ""yield_threshold"": 0.0495, ""gs10"": 0.0495, ""residual_pct"": null, ""brake_values"": {""gm"": null, ""fcf_margin"": null, ""roic"": 0.9648464884339715}}",False,"{""floor"": false, ""mom_sector_pct"": 45.45454545454545, ""eps_rev_proxy"": null}"
TSCO,916365,Tractor Supply,Consumer Discretionary,Other Specialty Retail,Consumer Discretionary Distribution and Retail,12.6652977412731,5.9986310746064335,306605750.39632475,-0.3709147497711337,-0.4124485010985923,-0.4149434737426696,10.0,0.3575460802672047,0.01601184912986224,0.03862698400979492,0.03729592078462387,0.1253834212458995,0.06496201953891194,0.06448089148585295,0.09398178637669168,8,8,False,0.07888014810034849,-0.07618568653399116,-0.010010203657942585,False,0.364612128305975,0.01541084714582009,,1.0197626220192084,0.39896584061319035,,0.7053193358074278,,,,,,32.290000915527344,521040137.0,16824386500.756493,23121876500.756493,8929055000.0,6297490000.0,1285820000.0,978839000.0,64249000.0,,6297490000.0,15750724000.0,1340986000.0,306981000.0,242732000.0,,,1011914000.0,1065742924.3977051,0.2052542499342237,0.11935674317133281,17.242444366127977,95.25681204273228,0.010497936877746855,,,16.62630075357836,0.3033666892641074,,425419000.0,80800000.0,0.05669345748234276,7.0,0.16922369359787492,0.1687901774323052,98.07692307692307,3.706761086360058,4.287281124134525,260.0,['fcf_cagr5 gate'],False,0.9,ig,Consumer Discretionary Distribution and Retail,25.0,25.0,55.55555555555556,50.0,55.55555555555556,11.11111111111111,,33.33333333333334,6.0606060606060606,0.7,30.308758437190633,"{'profitability': 32.9, 'growth': 32.9, 'balance': None, 'stability': 92.1}",14.340870425026187,False,1.2090436731801804,28.432499963092138,,22.32481443110841,,False,"{""floor"": false, ""depressed_arms"": {""self_pct"": false, ""self_z"": false, ""median_ratio"": false}, ""yield_arm"": false, ""residual_arm"": false, ""brakes"": {""gm"": true, ""fcf_margin"": false, ""roic"": false}, ""self_pct"": 98.07692307692307, ""self_z"": 3.706761086360058, ""median_ratio"": 4.287281124134525, ""fcf_yield"": 0.010497936877746855, ""yield_threshold"": 0.0495, ""gs10"": 0.0495, ""residual_pct"": null, ""brake_values"": {""gm"": 1.0197626220192084, ""fcf_margin"": 0.39896584061319035, ""roic"": 0.7053193358074278}}",False,"{""floor"": false, ""mom_sector_pct"": 6.0606060606060606, ""eps_rev_proxy"": null}"
IR,1699150,Ingersoll Rand,Industrials,Industrial Machinery & Supplies & Components,Capital Goods,6.5598904859685145,5.9986310746064335,301873956.00245506,-0.04425274594445017,-0.22578126259325992,-0.07295679341650729,10.0,0.4144792856455153,0.05197705480210092,0.1407452964663197,0.1525441451332523,0.2874609963247357,0.08624844939572326,0.10415768079572338,0.5112118859726508,8,9,False,0.140025116890367,0.1481530746442674,,False,0.42820629044849035,0.14649593311676865,0.09548991463322505,1.0331186751144787,1.0408584641535432,1.1071493493767093,,27.307692307692307,-0.05631040837032929,0.9111923964973321,260.0,,76.22000122070312,387999429.0,29573316952.012115,31488416952.012115,12092400000.0,1915100000.0,1349200000.0,129900000.0,55800000.0,535000000.0,1849400000.0,7942200000.0,1435700000.0,1219300000.0,1163500000.0,758400000.0,1970700000.0,959100000.0,1213977990.3881354,0.1544347771901264,0.10039181555258968,21.932448946167106,27.063529825536843,0.0369500950706146,41.51953712026914,0.02408504692871002,30.83444578460235,1.2712960066729226,0.9384482671132085,8541900000.0,4072300000.0,1.0431510700936124,2.0,,,11.923076923076923,-0.8733837791318944,0.8372223244793975,260.0,[],True,0.9,ig,Capital Goods,,82.92682926829268,75.0,15.853658536585366,64.28571428571429,58.97435897435898,70.27027027027027,51.21951219512195,29.6875,1.0,54.189363462259735,"{'profitability': 54.4, 'growth': 100.0, 'balance': 68.7, 'stability': 74.9}",56.06790345631671,False,,,,55.128633459288224,,False,"{""floor"": false, ""depressed_arms"": {""self_pct"": true, ""self_z"": false, ""median_ratio"": false}, ""yield_arm"": false, ""residual_arm"": false, ""brakes"": {""gm"": true, ""fcf_margin"": true, ""roic"": false}, ""self_pct"": 11.923076923076923, ""self_z"": -0.8733837791318944, ""median_ratio"": 0.8372223244793975, ""fcf_yield"": 0.0369500950706146, ""yield_threshold"": 0.0495, ""gs10"": 0.0495, ""residual_pct"": null, ""brake_values"": {""gm"": 1.0331186751144787, ""fcf_margin"": 1.0408584641535432, ""roic"": null}}",False,"{""floor"": false, ""mom_sector_pct"": 29.6875, ""eps_rev_proxy"": null}"
IDXX,874716,Idexx Laboratories,Health Care,Health Care Equipment,Health Care Equipment and Services,9.716632443531827,5.9986310746064335,301675696.383759,-0.12215681890412045,-0.30663583021772023,-0.17430634316931792,10.0,0.6018803848819233,0.018079706416436945,0.18133480170273228,0.19186227903807154,0.29645515592718963,0.18406611049654878,0.19070803891321655,0.2812847440807529,9,9,False,0.09719004339104931,0.1433239155872983,0.13385520037224152,False,0.6244574447594594,0.26165202099699486,0.2535469929761841,1.0375108749921553,1.442922255077815,1.3774778653832536,1.1803092231252514,1.153846153846154,-1.5049458551017705,0.5765358993397317,260.0,,522.02001953125,78781116.0,41125319713.01367,41505467713.01367,1992723000.0,380148000.0,1371510000.0,117178000.0,62972000.0,154082000.0,380148000.0,4553223000.0,1458603000.0,1254332000.0,1191360000.0,1154456000.0,1612685000.0,1139656000.0,1167006099.0256379,0.19991519349292589,0.585633878379302,28.455630293516244,34.83872860681379,0.02870368810773477,35.95240330771694,0.02781455224122268,36.085730881084885,1.100623345992124,0.2357236534103064,410946000.0,109843000.0,0.2613454052570277,7.0,0.49616987388156336,0.5116134371495717,1.153846153846154,-1.3782105208288176,0.5555745579378925,260.0,[],True,1.0,ig,Health Care Equipment and Services,96.29629629629629,93.10344827586206,54.54545454545454,76.78571428571429,58.333333333333336,27.586206896551722,70.37037037037038,16.666666666666657,14.285714285714285,1.0,75.14947924346413,"{'profitability': 88.4, 'growth': 90.5, 'balance': 92.1, 'stability': 83.4}",49.61110643232043,True,0.2877486424094995,26.127307103487528,58.108108108108105,62.380292837892284,0.0,False,"{""floor"": true, ""depressed_arms"": {""self_pct"": true, ""self_z"": true, ""median_ratio"": true}, ""yield_arm"": false, ""residual_arm"": false, ""brakes"": {""gm"": true, ""fcf_margin"": true, ""roic"": true}, ""self_pct"": 1.153846153846154, ""self_z"": -1.3782105208288176, ""median_ratio"": 0.5555745579378925, ""fcf_yield"": 0.02870368810773477, ""yield_threshold"": 0.0495, ""gs10"": 0.0495, ""residual_pct"": 58.108108108108105, ""brake_values"": {""gm"": 1.0375108749921553, ""fcf_margin"": 1.442922255077815, ""roic"": 1.1803092231252514}}",False,"{""floor"": true, ""mom_sector_pct"": 14.285714285714285, ""eps_rev_proxy"": 0.0}"
A,1090872,Agilent Technologies,Health Care,Life Sciences Tools & Services,Pharmaceuticals Biotechnology and Life Sciences,26.302532511978097,5.9986310746064335,298288740.0399752,0.2567833437399847,0.0,0.3505683602312757,10.0,0.5314232302392261,0.026379493077951458,0.17132632313655516,0.187846178192752,0.1269690657751401,0.17429053705356717,0.16679854407342934,0.16761270621811228,7,9,False,0.05409554484855006,0.0751167353183495,0.16614907507492327,False,0.5382528486163863,0.1540965816603364,0.16372761801410743,1.012851561596368,0.8994331918132287,0.9393947645234848,0.926029450579723,71.15384615384616,0.649613246657685,1.1525263863197899,260.0,gm_derived,165.32000732421875,281928854.0,46608480208.1886,48073480208.1886,8828000000.0,1465000000.0,1609000000.0,342000000.0,131000000.0,271000000.0,1465000000.0,7372000000.0,1639000000.0,1267000000.0,1136000000.0,1207000000.0,1910000000.0,1440000000.0,1423498190.5910738,0.13148371531966224,0.16124809589839983,29.33098243330604,42.31820440861672,0.023630492219003096,39.828898266933386,0.02510739798269079,32.367000144575414,0.8798611111111111,0.7670157068062827,5030000000.0,547000000.0,0.631739918441323,10.0,0.17412847485299043,0.17487574576827336,78.07692307692308,1.0345742569122178,1.2049684922120523,260.0,[],True,1.0,ig,Pharmaceuticals Biotechnology and Life Sciences,75.0,41.66666666666667,22.22222222222222,100.0,62.5,33.33333333333333,66.66666666666667,60.0,52.38095238095239,1.0,53.48186151907408,"{'profitability': 71.1, 'growth': 53.8, 'balance': 74.4, 'stability': 79.9}",33.429573197615824,False,0.19678562218698392,34.75876378806861,,43.455717358344955,,False,"{""floor"": false, ""depressed_arms"": {""self_pct"": false, ""self_z"": false, ""median_ratio"": false}, ""yield_arm"": false, ""residual_arm"": false, ""brakes"": {""gm"": true, ""fcf_margin"": false, ""roic"": true}, ""self_pct"": 78.07692307692308, ""self_z"": 1.0345742569122178, ""median_ratio"": 1.2049684922120523, ""fcf_yield"": 0.023630492219003096, ""yield_threshold"": 0.0495, ""gs10"": 0.0495, ""residual_pct"": null, ""brake_values"": {""gm"": 1.012851561596368, ""fcf_margin"": 0.8994331918132287, ""roic"": 0.926029450579723}}",False,"{""floor"": false, ""mom_sector_pct"": 52.38095238095239, ""eps_rev_proxy"": null}"
ULTA,1403568,Ulta Beauty,Consumer Discretionary,Other Specialty Retail,Consumer Discretionary Distribution and Retail,10.433949349760438,5.9986310746064335,298269415.26187646,-0.0625,-0.21229195734921213,-0.014836960944576538,10.0,0.3913529370993555,0.006618747636700252,0.0921959589268388,0.08858090122128401,0.09326817349605666,0.09883270587857791,0.09397231622826765,0.16081649453052177,8,9,False,0.15035378713848258,0.10154073105170847,0.11844765353727826,True,0.39318237936780137,0.08872297415842224,0.09629326255370589,1.0046746608879582,0.9623304013663712,0.9743056379738112,0.7954824210325763,38.07692307692307,-0.38926761915078345,0.919106527022479,260.0,sbc_unreported,543.8099975585938,42757471.0,23251940200.121643,26362520200.121643,5754321000.0,3110580000.0,1567827000.0,418375000.0,,320298000.0,3110580000.0,12955517000.0,1614258000.0,1149452000.0,1149452000.0,1247529000.0,1934556000.0,1209548000.0,1227205592.752063,0.2397710943652979,0.21326679424941067,16.331045099433698,22.93485956796947,0.043601749425864686,21.13178948154443,0.047322069002880975,19.223660574133184,0.9503153244021734,1.6079038290956684,223146000.0,200404000.0,0.07360555658956112,9.0,0.26809743196157576,0.26318731165336445,36.15384615384615,-0.27554680274646204,0.9565445846218412,260.0,[],True,1.0,ig,Consumer Discretionary Distribution and Retail,37.5,75.0,66.66666666666666,75.0,55.55555555555556,44.44444444444444,25.0,55.55555555555556,45.45454545454545,1.0,61.22488605862355,"{'profitability': 67.7, 'growth': 92.3, 'balance': 46.4, 'stability': 89.1}",52.89612766463884,True,-0.22362495454238074,28.68237892674476,28.37837837837838,57.0605068616312,2.0,False,"{""floor"": true, ""depressed_arms"": {""self_pct"": false, ""self_z"": false, ""median_ratio"": false}, ""yield_arm"": false, ""residual_arm"": false, ""brakes"": {""gm"": true, ""fcf_margin"": true, ""roic"": false}, ""self_pct"": 36.15384615384615, ""self_z"": -0.27554680274646204, ""median_ratio"": 0.9565445846218412, ""fcf_yield"": 0.043601749425864686, ""yield_threshold"": 0.0495, ""gs10"": 0.0495, ""residual_pct"": 28.37837837837838, ""brake_values"": {""gm"": 1.0046746608879582, ""fcf_margin"": 0.9623304013663712, ""roic"": 0.7954824210325763}}",False,"{""floor"": true, ""mom_sector_pct"": 45.45454545454545, ""eps_rev_proxy"": 2.0}"
BBY,764478,Best Buy,Consumer Discretionary,Computer & Electronics Retail,Consumer Discretionary Distribution and Retail,27.238877481177276,5.9986310746064335,295913669.7599316,0.128416949156835,-0.02207857249383427,0.255887550973805,10.0,0.22215726981438438,0.01968312592407111,0.026280750494786436,0.02684032525005397,0.4732197638573075,0.023853587583195897,0.023794104243122016,0.5626666363040964,6,9,False,-0.024772266419715416,-0.21476938825639136,-0.2415674360022383,False,0.22677187744366248,0.03862467714035212,0.036468330134357005,1.020771805636312,1.4696946020629993,1.5288404734576613,,20.0,-0.5142859685172597,0.7792495491535159,260.0,,90.80000305175781,209727698.0,19043275618.43814,20999275618.43814,5139000000.0,1956000000.0,2475000000.0,707000000.0,138000000.0,798000000.0,1956000000.0,42201000000.0,1710000000.0,1768000000.0,1630000000.0,1539000000.0,2508000000.0,1272000000.0,,,,12.28027813943751,12.882991176955915,0.07762172513078497,13.644753488263898,0.07328824231673502,14.971128630847595,1.389937106918239,0.7799043062200957,790000000.0,18000000.0,0.15722903288577544,,,,25.0,-0.5047445183823159,0.818019640418898,260.0,"['rev_cagr5 gate', 'fcf_cagr5 gate']",False,0.8,ig,Consumer Discretionary Distribution and Retail,,12.5,11.11111111111111,,55.55555555555556,100.0,50.0,77.77777777777777,54.54545454545454,1.0,15.288919420295976,"{'profitability': 10.7, 'growth': 0.0, 'balance': 74.0, 'stability': 57.7}",73.4283615108667,False,,,,44.35864046558133,,False,"{""floor"": false, ""depressed_arms"": {""self_pct"": false, ""self_z"": false, ""median_ratio"": false}, ""yield_arm"": true, ""residual_arm"": false, ""brakes"": {""gm"": true, ""fcf_margin"": true, ""roic"": false}, ""self_pct"": 25.0, ""self_z"": -0.5047445183823159, ""median_ratio"": 0.818019640418898, ""fcf_yield"": 0.07762172513078497, ""yield_threshold"": 0.0495, ""gs10"": 0.0495, ""residual_pct"": null, ""brake_values"": {""gm"": 1.020771805636312, ""fcf_margin"": 1.4696946020629993, ""roic"": null}}",False,"{""floor"": false, ""mom_sector_pct"": 54.54545454545454, ""eps_rev_proxy"": null}"
RSG,1060391,Republic Services,Industrials,Environmental & Facilities Services,Commercial and Professional Services,17.801505817932924,5.9986310746064335,295849761.54641676,-0.01551316377885148,-0.07236864216801453,-0.05544932586984119,10.0,0.4069916631212635,0.02435463666813785,0.1269890658754349,0.12639224779291983,0.16395739385368735,0.1392949847701031,0.13828592814371257,0.16096989218755384,7,9,False,0.1031904727551265,0.13534847394906713,0.1281187586683934,False,0.42004617843822156,0.15446095553845243,0.15582262743472855,1.0320756332374024,1.2163327171015261,1.1186521014514859,1.1366463408611134,18.076923076923077,-0.9356037496182923,0.9218202247621166,260.0,gm_derived,213.10000610351562,306212978.0,65253987480.775696,79376987480.7757,26155000000.0,14123000000.0,4542000000.0,1889000000.0,44000000.0,1866000000.0,14122000000.0,16891000000.0,3368000000.0,2653000000.0,2609000000.0,2632000000.0,5234000000.0,2185883000.0,2871469578.783151,0.14742589703588144,0.10978664036639844,23.56798915699991,30.42429569979904,0.03286846834080058,30.158429893911737,0.033158224865077475,29.85246121625709,1.213697164944327,2.6981276270538785,17186000000.0,707000000.0,0.6841139361498757,3.0,0.09658821431055244,0.09257919528290706,6.923076923076923,-1.2024347697092692,0.8748400044188223,260.0,[],True,1.0,ig,Commercial and Professional Services,20.0,45.45454545454545,42.857142857142854,22.727272727272727,63.63636363636363,54.54545454545454,9.090909090909093,9.090909090909093,31.25,1.0,39.35223987712966,"{'profitability': 48.4, 'growth': 93.0, 'balance': 10.1, 'stability': 78.3}",43.73674939972567,False,0.2991339937454063,22.558399864611424,,41.544494638427665,,False,"{""floor"": false, ""depressed_arms"": {""self_pct"": true, ""self_z"": true, ""median_ratio"": false}, ""yield_arm"": false, ""residual_arm"": false, ""brakes"": {""gm"": true, ""fcf_margin"": true, ""roic"": true}, ""self_pct"": 6.923076923076923, ""self_z"": -1.2024347697092692, ""median_ratio"": 0.8748400044188223, ""fcf_yield"": 0.03286846834080058, ""yield_threshold"": 0.0495, ""gs10"": 0.0495, ""residual_pct"": null, ""brake_values"": {""gm"": 1.0320756332374024, ""fcf_margin"": 1.2163327171015261, ""roic"": 1.1366463408611134}}",False,"{""floor"": false, ""mom_sector_pct"": 31.25, ""eps_rev_proxy"": null}"
EME,105634,Emcor,Industrials,Construction & Engineering,Capital Goods,1.0047912388774811,5.9986310746064335,294743932.8828229,0.15777895992846513,-0.1838588599233758,0.17597069327091264,10.0,0.16911207004900902,0.11586632706916226,0.05916719407776368,0.06526736779430262,0.49875317489495813,0.05770643472008337,0.06567851664111489,0.4822364533275853,8,9,False,0.14065119855596442,,,False,0.1942613027633682,0.06298506138503128,0.058348539005338006,1.1487134106221446,1.0645267595798065,1.011127082939178,1.1421570454243921,90.38461538461539,1.935796654458504,1.6441313903588601,260.0,sbc_unreported,751.7999877929688,44109901.0,33161823033.34906,32786477033.34906,3703561000.0,-375346000.0,1289818000.0,118436000.0,,204665000.0,-376383000.0,18597775000.0,1930635000.0,1171382000.0,1171382000.0,1085153000.0,2135300000.0,1439158000.0,1426963324.2139473,0.26088394532682396,0.3852949429519177,16.98222451853875,27.98956876010478,0.03572759582581923,30.213690634729904,0.03309757858083462,23.042517245048188,0.8139356484833493,-0.17626703507703836,1457924000.0,664690000.0,0.5731278626165466,7.0,0.33733972442358257,0.31441102579602564,90.0,1.8388237416262174,1.537688982815068,260.0,['fcf_cagr5 gate'],False,1.0,ig,Capital Goods,94.5945945945946,21.951219512195124,15.625,54.87804878048781,64.28571428571429,23.076923076923077,89.1891891891892,75.60975609756098,56.25,1.0,49.25460590756878,"{'profitability': 62.6, 'growth': 100.0, 'balance': 100.0, 'stability': 57.9}",37.74163110892896,False,-0.012282245707394779,28.33546335377964,,43.498118508248865,,False,"{""floor"": false, ""depressed_arms"": {""self_pct"": false, ""self_z"": false, ""median_ratio"": false}, ""yield_arm"": false, ""residual_arm"": false, ""brakes"": {""gm"": true, ""fcf_margin"": true, ""roic"": true}, ""self_pct"": 90.0, ""self_z"": 1.8388237416262174, ""median_ratio"": 1.537688982815068, ""fcf_yield"": 0.03572759582581923, ""yield_threshold"": 0.0495, ""gs10"": 0.0495, ""residual_pct"": null, ""brake_values"": {""gm"": 1.1487134106221446, ""fcf_margin"": 1.0645267595798065, ""roic"": 1.1421570454243921}}",False,"{""floor"": false, ""mom_sector_pct"": 56.25, ""eps_rev_proxy"": null}"
BDX,10795,Becton Dickinson,Health Care,Health Care Equipment,Health Care Equipment and Services,53.98220396988364,5.9986310746064335,292849047.20324546,0.3307106522122656,-0.043768945642399304,0.2891179120171976,10.0,,,0.11139188640322129,0.11043956043956044,0.23944525150961024,0.04159239506718156,0.03250915750915751,0.7185980189169954,6,9,False,0.0632263568424074,0.04253440627462113,-0.1920320832387351,True,0.46428215602271594,0.12309455016439175,0.043489090365647104,,1.1050584933880072,1.0456019735194841,0.8022705811727483,51.8348623853211,0.0006669905092655488,1.0138220501694595,218.0,,182.52000427246094,272386800.0,49716039899.76196,66655039899.76196,41355000000.0,16939000000.0,3458000000.0,728000000.0,259000000.0,2326000000.0,16939000000.0,20074000000.0,1922000000.0,2730000000.0,2471000000.0,873000000.0,4248000000.0,942000000.0,1655584158.4158416,0.13861386138613863,0.04003347015876778,34.68004157115607,26.97492509095992,0.03707146531929125,76.35170664348449,0.013097284186054738,52.77711242012947,2.8980891719745223,3.9875235404896423,25944000000.0,8036000000.0,0.8216660621448434,0.0,0.04990020960290902,0.05123221744352186,49.61538461538461,-0.0019924795411815424,0.998571697777244,260.0,[],True,0.9,ig,Health Care Equipment and Services,22.22222222222222,58.620689655172406,,8.928571428571429,58.333333333333336,93.10344827586206,3.7037037037037095,10.0,66.66666666666666,1.0,16.108065788477415,"{'profitability': 32.1, 'growth': 44.1, 'balance': 0.0, 'stability': 61.8}",32.24909917025546,False,0.07560588921165934,25.010652770993882,,24.17858247936644,,False,"{""floor"": false, ""depressed_arms"": {""self_pct"": false, ""self_z"": false, ""median_ratio"": false}, ""yield_arm"": false, ""residual_arm"": false, ""brakes"": {""gm"": false, ""fcf_margin"": true, ""roic"": false}, ""self_pct"": 49.61538461538461, ""self_z"": -0.0019924795411815424, ""median_ratio"": 0.998571697777244, ""fcf_yield"": 0.03707146531929125, ""yield_threshold"": 0.0495, ""gs10"": 0.0495, ""residual_pct"": null, ""brake_values"": {""gm"": null, ""fcf_margin"": 1.1050584933880072, ""roic"": 0.8022705811727483}}",False,"{""floor"": false, ""mom_sector_pct"": 66.66666666666666, ""eps_rev_proxy"": null}"
RMD,943819,ResMed|,Health Care,Health Care Equipment,Health Care Equipment and Services,9.163586584531142,5.9986310746064335,290749662.2784243,-0.10137027584098623,-0.19361107116616838,-0.16878713060811035,10.0,0.5788943443314525,0.03441301261241535,0.20006830259822542,0.2607339513375566,0.5418746007804023,0.18741030069548778,0.24421205315266034,0.588457133352212,9,9,False,0.12077602188982173,0.21074896733770743,0.23791494272180125,False,0.6105551961875267,0.2733194621401507,0.2653496285360974,1.054691935006963,1.3661307592988745,1.4158753683835594,1.1192305902693522,11.153846153846155,-0.18676553218657097,0.6400436639823575,260.0,,222.3000030517578,144252306.0,32067288064.0231,32043447064.0231,6561552000.0,-23841000.0,1805829000.0,156285000.0,104348000.0,201342000.0,-23841000.0,5653443000.0,1886715000.0,1649544000.0,1545196000.0,1500139000.0,2088057000.0,1523293000.0,1497340728.896185,0.2063768354541173,0.22819917130827966,16.98372412580761,20.7374644148853,0.048221903121492646,21.36031865315354,0.04681578099268498,21.051293522666423,1.082880312585957,-0.01141779175568483,2909575000.0,452737000.0,0.512426328405231,10.0,0.20388932655366543,0.19063123432298504,11.153846153846155,-0.18594888908487933,0.6687844738606302,260.0,[],True,1.0,ig,Health Care Equipment and Services,74.07407407407408,96.55172413793103,50.0,100.0,58.333333333333336,24.137931034482758,74.07407407407408,70.0,16.666666666666664,1.0,70.88828205812294,"{'profitability': 97.7, 'growth': 100.0, 'balance': 100.0, 'stability': 71.6}",65.59423051091588,True,-0.21412680609680912,25.689150561633745,31.08108108108108,68.24125628451941,-5.0,False,"{""floor"": true, ""depressed_arms"": {""self_pct"": true, ""self_z"": false, ""median_ratio"": true}, ""yield_arm"": false, ""residual_arm"": false, ""brakes"": {""gm"": true, ""fcf_margin"": true, ""roic"": true}, ""self_pct"": 11.153846153846155, ""self_z"": -0.18594888908487933, ""median_ratio"": 0.6687844738606302, ""fcf_yield"": 0.048221903121492646, ""yield_threshold"": 0.0495, ""gs10"": 0.0495, ""residual_pct"": 31.08108108108108, ""brake_values"": {""gm"": 1.054691935006963, ""fcf_margin"": 1.3661307592988745, ""roic"": 1.1192305902693522}}",False,"{""floor"": true, ""mom_sector_pct"": 16.666666666666664, ""eps_rev_proxy"": -5.0}"
EXE,895126,Expand Energy,Energy,Oil & Gas Exploration & Production,Energy,1.5030800821355237,5.61533196440794,287917999.7334258,-0.05102986195855774,-0.2790695278987315,-0.15853342907097978,6.0,,,0.11963604973204851,0.1478884856483009,0.7125499771774645,0.1065955675165667,0.12776311448366875,0.7841713824362575,5,9,True,0.18266822352216505,0.1268955987803806,0.15140189814334803,True,,0.1936741449062155,0.19683707245310775,,1.61886108192298,1.846578399449077,1.3920933224209076,31.872509960159363,-0.019873172384997372,0.6696604691432336,251.0,,87.04000091552734,231503789.0,20150090006.50805,24138090006.50805,23398000000.0,3988000000.0,5655000000.0,2976000000.0,46000000.0,2933000000.0,3988000000.0,13595000000.0,3662000000.0,2679000000.0,2633000000.0,2676000000.0,6595000000.0,2781000000.0,2881726655.3480473,0.21307300509337862,0.12316123836858053,6.5915046440491665,9.167523739653646,0.10908071016762708,9.020213006916311,0.11086212700667301,7.245627474472509,0.9633225458468176,0.6047005307050796,15000000.0,,0.0006410804342251474,1.0,0.08847196979179389,0.08537725939458729,28.08988764044944,-0.3658903849968066,0.43375931870273593,178.0,[],True,0.9,ig,Energy,36.36363636363637,62.5,,27.27272727272727,27.27272727272727,60.0,54.54545454545455,81.81818181818181,9.090909090909092,1.0,27.526592401582228,"{'profitability': 50.9, 'growth': 100.0, 'balance': 79.8, 'stability': 37.0}",80.247582205029,False,-0.7487878621313224,19.384137416029347,,53.88708730330562,,False,"{""floor"": false, ""depressed_arms"": {""self_pct"": false, ""self_z"": false, ""median_ratio"": true}, ""yield_arm"": true, ""residual_arm"": false, ""brakes"": {""gm"": false, ""fcf_margin"": true, ""roic"": true}, ""self_pct"": 28.08988764044944, ""self_z"": -0.3658903849968066, ""median_ratio"": 0.43375931870273593, ""fcf_yield"": 0.10908071016762708, ""yield_threshold"": 0.0495, ""gs10"": 0.0495, ""residual_pct"": null, ""brake_values"": {""gm"": null, ""fcf_margin"": 1.61886108192298, ""roic"": 1.3920933224209076}}",False,"{""floor"": false, ""mom_sector_pct"": 9.090909090909092, ""eps_rev_proxy"": null}"
CF,1324404,CF Industries,Materials,Fertilizers & Agricultural Chemicals,Materials,18.075290896646134,5.9986310746064335,285826956.54166687,0.39361041483617143,-0.10768292625119436,0.3365542441497056,9.0,0.4007495856359071,0.15766020103714848,0.30578153769123584,0.30046486679778295,0.25672502073807435,0.26383802638875736,0.2649740747362775,0.27355810220457405,6,9,False,0.11427395430219223,0.14341733759094755,-0.019203924804488848,True,0.42486109316449155,0.24124563897144333,0.26437524227936426,1.0601660198608176,0.7889476938108739,1.0020361579335624,1.0692012355529974,44.61538461538462,-0.07276352502299542,0.9515215981907402,260.0,,120.63999938964844,151338130.0,18257431910.830536,23558231910.830536,11048800000.0,5300800000.0,2977000000.0,1067000000.0,43000000.0,888000000.0,2128800000.0,7739000000.0,3181000000.0,1910000000.0,1867000000.0,2046000000.0,4069000000.0,,2562016752.5773196,0.19458762886597938,0.2318819014352074,7.405920122864048,12.618228125779613,0.07925042961911226,11.514287346446988,0.08684862292485468,,,0.523175227328582,2492000000.0,473000000.0,0.2683549344725219,5.0,0.2168739557388153,0.1725156042454646,76.53846153846153,0.5714692963790109,1.2021247107443502,260.0,[],True,0.9,ig,Materials,91.66666666666666,100.0,85.71428571428571,60.71428571428571,39.285714285714285,,81.81818181818181,91.66666666666667,78.57142857142857,1.0,49.588369342547836,"{'profitability': 91.4, 'growth': 97.6, 'balance': 82.6, 'stability': 54.7}",61.06236292828686,False,-0.8245421216829865,28.78011124648032,,55.32536613541735,,False,"{""floor"": false, ""depressed_arms"": {""self_pct"": false, ""self_z"": false, ""median_ratio"": false}, ""yield_arm"": true, ""residual_arm"": false, ""brakes"": {""gm"": true, ""fcf_margin"": false, ""roic"": true}, ""self_pct"": 76.53846153846153, ""self_z"": 0.5714692963790109, ""median_ratio"": 1.2021247107443502, ""fcf_yield"": 0.07925042961911226, ""yield_threshold"": 0.0495, ""gs10"": 0.0495, ""residual_pct"": null, ""brake_values"": {""gm"": 1.0601660198608176, ""fcf_margin"": 0.7889476938108739, ""roic"": 1.0692012355529974}}",False,"{""floor"": false, ""mom_sector_pct"": 78.57142857142857, ""eps_rev_proxy"": null}"
DG,29534,Dollar General,Consumer Staples,Consumer Staples Merchandise Retail,Consumer Staples Distribution and Retail,13.806981519507186,5.9986310746064335,277990242.43344164,0.22782656367544885,-0.2204948247937285,0.2049465574187117,10.0,0.3067422078096451,0.02300031460122228,0.03398886933082311,0.04007253170639797,0.5236009511225581,0.04789209451277431,0.04839968710963189,0.25110230587365356,9,9,False,0.048307062204305806,-0.03420081889029303,-0.05039119803262415,False,0.3116120496636899,0.04379135358134441,0.04884829959431228,1.0158760083550902,1.2884027754824967,1.0199658229874018,0.8154188928965916,39.61538461538461,-0.6111530273481185,0.7065419232085474,260.0,,120.5999984741211,220616790.0,26606384537.365494,43353473537.36549,26035737000.0,16747089000.0,3316350000.0,1305694000.0,99689000.0,1085019000.0,16747089000.0,43637998000.0,2439807000.0,2010656000.0,1910967000.0,2131642000.0,3524826000.0,1703399000.0,1861206724.222897,0.23715001874209843,0.07148661565535468,17.76922253988348,22.686667816537646,0.04407875180642621,20.338064992792173,0.049168886044685216,15.619584452829603,1.1803787603491607,4.7511817604613675,4338589000.0,1200659000.0,0.21275556747250904,4.0,0.08766857903109726,0.07828131682155728,34.61538461538461,-0.01778500520975875,0.5924333972288854,260.0,[],True,1.0,sector,Consumer Staples,20.833333333333336,25.925925925925924,20.833333333333336,27.083333333333332,55.55555555555556,62.5,12.0,51.851851851851855,77.77777777777779,1.0,11.917594522795017,"{'profitability': 25.9, 'growth': 20.1, 'balance': 0.0, 'stability': 72.7}",52.60896833152597,False,-0.16187186501486917,26.672932738708326,,32.26328142716049,,False,"{""floor"": false, ""depressed_arms"": {""self_pct"": false, ""self_z"": false, ""median_ratio"": true}, ""yield_arm"": false, ""residual_arm"": false, ""brakes"": {""gm"": true, ""fcf_margin"": true, ""roic"": false}, ""self_pct"": 34.61538461538461, ""self_z"": -0.01778500520975875, ""median_ratio"": 0.5924333972288854, ""fcf_yield"": 0.04407875180642621, ""yield_threshold"": 0.0495, ""gs10"": 0.0495, ""residual_pct"": null, ""brake_values"": {""gm"": 1.0158760083550902, ""fcf_margin"": 1.2884027754824967, ""roic"": 0.8154188928965916}}",False,"{""floor"": false, ""mom_sector_pct"": 77.77777777777779, ""eps_rev_proxy"": null}"
AME,1037868,Ametek,Industrials,Electrical Components & Equipment,Capital Goods,13.00205338809035,5.9986310746064335,277419630.3051765,0.27346917191205744,-0.03132319572152842,0.3303866011671337,10.0,0.3544529687178088,0.018476239040815922,0.20611686486613917,0.21939231867194084,0.21998293967275948,0.17232143206166506,0.17986422588161027,0.2413487538388577,8,9,False,0.10267547865932358,0.06732421561729329,0.062280551821928265,False,0.3635780767436304,0.22582825391347297,,1.0257441997420154,1.0956321020122988,,1.0583903375298978,70.76923076923077,0.516093734343385,1.0714687648511345,260.0,gm_derived,246.4499969482422,229261244.0,56501432884.15021,58311677884.15021,13071008000.0,1810245000.0,1960339000.0,135389000.0,49054000.0,,1810245000.0,7863923000.0,2036991000.0,1824950000.0,1775896000.0,,,1576270000.0,1683451897.2212029,0.17355948199024798,0.1287928136239533,28.626379735673947,32.83507473644302,0.030455237517401455,,,35.845022035660264,1.1577648499305322,,7418304000.0,3634056000.0,0.8455629435771136,10.0,0.12168744276760286,0.12344316333949408,77.3076923076923,0.7421481034926197,1.0958746250615365,260.0,[],True,0.9,ig,Capital Goods,32.432432432432435,97.5609756097561,50.0,87.8048780487805,64.28571428571429,48.717948717948715,,26.829268292682926,68.75,0.7,59.61953090395761,"{'profitability': 74.7, 'growth': 70.8, 'balance': None, 'stability': 81.6}",26.376841104727443,False,0.166773171233491,27.791330638558158,,42.99818600434253,,False,"{""floor"": false, ""depressed_arms"": {""self_pct"": false, ""self_z"": false, ""median_ratio"": false}, ""yield_arm"": false, ""residual_arm"": false, ""brakes"": {""gm"": true, ""fcf_margin"": true, ""roic"": true}, ""self_pct"": 77.3076923076923, ""self_z"": 0.7421481034926197, ""median_ratio"": 1.0958746250615365, ""fcf_yield"": 0.030455237517401455, ""yield_threshold"": 0.0495, ""gs10"": 0.0495, ""residual_pct"": null, ""brake_values"": {""gm"": 1.0257441997420154, ""fcf_margin"": 1.0956321020122988, ""roic"": 1.0583903375298978}}",False,"{""floor"": false, ""mom_sector_pct"": 68.75, ""eps_rev_proxy"": null}"
SYY,96021,Sysco,Consumer Staples,Food Distributors,Consumer Staples Distribution and Retail,39.73169062286105,5.9986310746064335,268616322.8464022,0.028372736427421552,-0.14176521842096212,-0.03186880770391942,10.0,0.18330690211768047,0.011385605673041269,0.021431186529042284,0.021524960675552613,0.20518595253239147,0.022018547570645995,0.020058424893262213,0.23799248983552676,7,9,False,0.10511120778351901,,,False,0.18496091209064136,0.021524960675552613,,1.0090231734531143,1.0043755928484526,,1.0200732883784758,48.84615384615385,-0.0044446093967249484,0.9976939105710073,260.0,,77.13999938964844,479096016.0,36957466381.823,47603650381.823,13312184000.0,10646184000.0,2638000000.0,700000000.0,118000000.0,,10646184000.0,84553000000.0,3095000000.0,1938000000.0,1820000000.0,,,1757000000.0,2389242091.3884006,0.22803163444639718,0.1794778446112524,15.380824032899191,26.155851858144505,0.038232362127736105,,,21.034414559944793,1.1030165054069436,,5225000000.0,951000000.0,0.4639358951168343,9.0,0.17594602922752067,0.18002038521504493,35.76923076923077,-0.10599982262988332,0.918481799150173,260.0,['fcf_cagr5 gate'],False,0.9,sector,Consumer Staples,66.66666666666666,11.11111111111111,12.5,66.66666666666666,55.55555555555556,45.83333333333333,,70.37037037037038,37.03703703703704,0.7,50.86465121202047,"{'profitability': 49.2, 'growth': 87.6, 'balance': None, 'stability': 77.5}",55.89996868560216,False,-0.032823597252450654,27.028626447770915,,53.38230994881131,,False,"{""floor"": false, ""depressed_arms"": {""self_pct"": false, ""self_z"": false, ""median_ratio"": false}, ""yield_arm"": false, ""residual_arm"": false, ""brakes"": {""gm"": true, ""fcf_margin"": true, ""roic"": true}, ""self_pct"": 35.76923076923077, ""self_z"": -0.10599982262988332, ""median_ratio"": 0.918481799150173, ""fcf_yield"": 0.038232362127736105, ""yield_threshold"": 0.0495, ""gs10"": 0.0495, ""residual_pct"": null, ""brake_values"": {""gm"": 1.0090231734531143, ""fcf_margin"": 1.0043755928484526, ""roic"": 1.0200732883784758}}",False,"{""floor"": false, ""mom_sector_pct"": 37.03703703703704, ""eps_rev_proxy"": null}"
ALB,915913,Albemarle Corporation,Materials,Specialty Chemicals,Materials,10.231348391512663,5.9986310746064335,267148181.48157445,0.5717191773130603,-0.4391563146529488,0.30273597732132895,3.0,0.19697345886094988,0.7342919869762679,-0.05161357333088827,-0.08989141645445146,,0.09048105444855464,0.08943286317237975,0.8917757858718727,6,9,False,0.10448598383827279,,0.0140198296164451,False,0.23812353755240437,0.22080724399042367,0.1896891012447054,1.208911794154479,-4.278084808716025,2.096451046031499,,18.62348178137652,-0.018997963101388318,0.30220004021828956,247.0,,113.47000122070312,118005057.0,13390033961.839142,16355922961.839142,13241058000.0,2965889000.0,1800328000.0,457956000.0,37864000.0,641799000.0,472099000.0,5907904000.0,252078000.0,1342372000.0,1304508000.0,1120665000.0,893877000.0,224177000.0,225745707.20312488,0.10446089225110927,0.017048917632044577,64.88437293948358,12.538001270853949,0.07975752900301718,14.594836960054202,0.0685173806831129,59.72974016888058,5.988000553134354,0.5281476086754665,1482672000.0,202079000.0,0.12723688696175184,2.0,,,,,,,['fcf_cagr5 gate'],False,0.8,ig,Materials,,7.142857142857142,21.428571428571427,35.714285714285715,7.142857142857142,100.0,72.72727272727273,0.0,92.85714285714286,1.0,23.353294060452438,"{'profitability': 4.3, 'growth': 87.1, 'balance': 82.4, 'stability': 44.4}",,False,,,,,,False,"{""floor"": false, ""depressed_arms"": {""self_pct"": false, ""self_z"": false, ""median_ratio"": false}, ""yield_arm"": true, ""residual_arm"": false, ""brakes"": {""gm"": true, ""fcf_margin"": false, ""roic"": false}, ""self_pct"": null, ""self_z"": null, ""median_ratio"": null, ""fcf_yield"": 0.07975752900301718, ""yield_threshold"": 0.0495, ""gs10"": 0.0495, ""residual_pct"": null, ""brake_values"": {""gm"": 1.208911794154479, ""fcf_margin"": -4.278084808716025, ""roic"": null}}",False,"{""floor"": false, ""mom_sector_pct"": 92.85714285714286, ""eps_rev_proxy"": null}"
DPZ,1286681,Domino's,Consumer Discretionary,Restaurants,Consumer Services,6.368240930869268,5.9986310746064335,266004836.28905874,-0.18445260208232983,-0.30100588071052103,-0.30500631499052533,10.0,0.38574191087683113,0.031596855773516626,0.10553042709707043,0.1000040630822542,0.17749470211894217,,,,8,9,False,0.037099536577790415,0.05905650670180562,,False,0.4002102304877964,0.12113413083019164,,1.0375077719143282,1.1478597610409405,,,0.7692307692307693,-2.6700829480464043,0.5816996324902982,260.0,ev_or_ic_nonpos,296.42999267578125,33081735.0,9806418463.752136,11543255463.752136,-2245594000.0,1736837000.0,777805000.0,124335000.0,44430000.0,,1736837000.0,5027815000.0,981231000.0,653470000.0,609040000.0,,,596523000.0,764657363.2785352,0.2207162602093338,,11.764055012277574,18.95319759581002,0.052761545641304856,,,16.439296496115215,1.0954648856791775,,7870000.0,100000.0,-0.0035491722902715275,0.0,-0.2848090658063545,-0.2757136595410137,1.153846153846154,-2.5059955388878175,0.5748163217180958,260.0,['mktcap<10B'],False,0.9,ig,Consumer Services,25.0,76.92307692307693,80.0,11.538461538461538,80.76923076923077,38.46153846153847,,76.92307692307692,24.242424242424242,0.7,23.569067194524738,"{'profitability': 20.0, 'growth': 40.1, 'balance': None, 'stability': 82.4}",74.90538676931453,False,,,,49.23722698191963,,False,"{""floor"": false, ""depressed_arms"": {""self_pct"": true, ""self_z"": true, ""median_ratio"": true}, ""yield_arm"": true, ""residual_arm"": false, ""brakes"": {""gm"": true, ""fcf_margin"": true, ""roic"": false}, ""self_pct"": 1.153846153846154, ""self_z"": -2.5059955388878175, ""median_ratio"": 0.5748163217180958, ""fcf_yield"": 0.052761545641304856, ""yield_threshold"": 0.0495, ""gs10"": 0.0495, ""residual_pct"": null, ""brake_values"": {""gm"": 1.0375077719143282, ""fcf_margin"": 1.1478597610409405, ""roic"": null}}",False,"{""floor"": false, ""mom_sector_pct"": 24.242424242424242, ""eps_rev_proxy"": null}"
VMC,1396009,Vulcan Materials Company,Materials,Construction Materials,Materials,27.236139630390145,5.9986310746064335,265700050.6991582,-0.07594453495945319,-0.24979192109591752,-0.1773008561372943,10.0,0.250820578839041,0.08604011794651709,0.09520825186891764,0.09471921040308347,0.29613182993386494,0.09948517641358534,0.09760437871577443,0.2626086603477724,7,9,False,0.10333168192433528,0.09898292065839542,0.09346309653898088,False,0.27684064298471917,0.1304450287755507,0.12471472514387776,1.103739750008216,1.370102131012204,1.2536010855065154,1.178209825955706,0.7692307692307693,-1.669727531659964,0.73091355189778,260.0,,244.39999389648438,129754885.0,31712093102.039032,36737593102.03903,13476800000.0,5025500000.0,1802600000.0,686200000.0,64700000.0,732400000.0,5001100000.0,8062400000.0,1658600000.0,1116400000.0,1051700000.0,1005500000.0,2391000000.0,1113300000.0,1290201528.9457223,0.2221141149489193,0.09573500600630137,22.149760703026065,34.93162793766191,0.028627351745088275,36.53664157338541,0.02736978432983385,28.48476879730444,1.0027845145064223,2.0916352990380593,3780900000.0,1478800000.0,0.39027810756262615,0.0,0.08125463215233827,0.07950514684152611,0.7692307692307693,-1.6507295861178524,0.6627184484790308,260.0,[],True,1.0,ig,Materials,16.666666666666664,78.57142857142857,50.0,14.285714285714285,71.42857142857143,54.54545454545454,36.36363636363637,58.33333333333333,21.428571428571427,1.0,32.674334911855084,"{'profitability': 38.8, 'growth': 84.3, 'balance': 30.3, 'stability': 65.5}",63.6201204171435,False,0.21237726620217767,28.247794881297263,,48.14722766449929,,False,"{""floor"": false, ""depressed_arms"": {""self_pct"": true, ""self_z"": true, ""median_ratio"": true}, ""yield_arm"": false, ""residual_arm"": false, ""brakes"": {""gm"": true, ""fcf_margin"": true, ""roic"": true}, ""self_pct"": 0.7692307692307693, ""self_z"": -1.6507295861178524, ""median_ratio"": 0.6627184484790308, ""fcf_yield"": 0.028627351745088275, ""yield_threshold"": 0.0495, ""gs10"": 0.0495, ""residual_pct"": null, ""brake_values"": {""gm"": 1.103739750008216, ""fcf_margin"": 1.370102131012204, ""roic"": 1.178209825955706}}",False,"{""floor"": false, ""mom_sector_pct"": 21.428571428571427, ""eps_rev_proxy"": null}"
VRSK,1442145,Verisk Analytics,Industrials,Research & Consulting Services,Commercial and Professional Services,10.962354551676933,5.9986310746064335,265124956.53136268,-0.218115664890566,-0.3032154147217051,-0.297659675483667,10.0,0.6764607538438451,0.022978356262502712,0.3183533421519252,0.30266856369504114,0.15427111091843573,0.3296381011945897,0.32254705646776133,0.13187621932710306,8,9,False,0.06248258905176751,0.07730090393612565,0.06266649912397004,False,0.6998033716919705,0.34500209521967573,0.34264900235309287,1.0345069802135392,1.0837080989557608,1.039470258781835,1.4388163815079134,3.8461538461538463,-2.2028198359905704,0.5929174942824276,260.0,gm_derived,171.8000030517578,131021840.0,22509552511.846924,26632152511.846924,2954900000.0,4122600000.0,1381700000.0,254400000.0,57000000.0,261700000.0,4121800000.0,3102300000.0,1366000000.0,1127300000.0,1070300000.0,1063000000.0,1627700000.0,910200000.0,1050644921.4128782,0.23086023322629712,0.3555602292506948,19.49645132638867,24.882885650609104,0.04018826489987592,25.0537652980686,0.03991416013133523,24.73033675219394,1.2385190068116898,2.532284819069853,1863100000.0,346600000.0,0.7478087244915226,7.0,0.2471199479102812,0.26901761551619463,5.0,-2.4958530958727967,0.5412805392115518,260.0,[],True,1.0,ig,Commercial and Professional Services,50.0,100.0,85.71428571428571,50.0,63.63636363636363,63.63636363636363,18.181818181818173,36.36363636363637,10.9375,1.0,52.47521727522039,"{'profitability': 100.0, 'growth': 58.2, 'balance': 15.6, 'stability': 84.4}",54.96557037905368,False,0.08020819838571835,22.965016712177384,,53.72039382713703,,False,"{""floor"": false, ""depressed_arms"": {""self_pct"": true, ""self_z"": true, ""median_ratio"": true}, ""yield_arm"": false, ""residual_arm"": false, ""brakes"": {""gm"": true, ""fcf_margin"": true, ""roic"": true}, ""self_pct"": 5.0, ""self_z"": -2.4958530958727967, ""median_ratio"": 0.5412805392115518, ""fcf_yield"": 0.04018826489987592, ""yield_threshold"": 0.0495, ""gs10"": 0.0495, ""residual_pct"": null, ""brake_values"": {""gm"": 1.0345069802135392, ""fcf_margin"": 1.0837080989557608, ""roic"": 1.4388163815079134}}",False,"{""floor"": false, ""mom_sector_pct"": 10.9375, ""eps_rev_proxy"": null}"
TYL,860731,Tyler Technologies,Information Technology,Application Software,Software and Services,6.2559890485968515,5.9986310746064335,263148873.736015,-0.28652868809203713,-0.3462627366310709,-0.37225323346236616,10.0,0.44257870946283956,0.02996940542030094,0.1694487536317592,0.14639823097218027,0.2876884701282625,0.10623911518024161,0.08252469561077871,0.535240328227355,9,9,False,0.15870784367787483,0.139115892484327,0.12046132245506636,False,0.4720526395289541,0.22971596402290528,0.17715916279540692,1.0665959058488992,1.3556662949679579,1.6675511886073675,1.5633371200422344,1.5384615384615385,-1.1158042435803184,0.24962900177204875,260.0,,332.5299987792969,40952274.0,13617859623.229431,13292097623.229431,2711469000.0,-325762000.0,730747000.0,16481000.0,156135000.0,144176000.0,-325762000.0,2429657000.0,367814000.0,714266000.0,558131000.0,430436000.0,511990000.0,324616000.0,284574394.19593483,0.22630896541204287,0.10495211053341744,36.138095948575724,23.815372418355963,0.04198968558766853,30.880543502935236,0.032382849735301734,41.950672866492816,2.2003413263671536,-0.6362663333268228,2754742000.0,780414000.0,1.303778874108463,5.0,0.0671333835728164,0.061035780820580546,1.9230769230769231,-1.844050305946711,0.3794153077320403,260.0,[],True,1.0,ig,Software and Services,26.31578947368421,36.36363636363637,11.11111111111111,55.00000000000001,63.63636363636363,71.42857142857143,75.0,36.36363636363637,5.084745762711865,1.0,64.29005224548261,"{'profitability': 44.5, 'growth': 100.0, 'balance': 100.0, 'stability': 82.6}",57.63365615985955,False,-0.3353132157200207,33.30290025120923,,60.96185420267108,,False,"{""floor"": false, ""depressed_arms"": {""self_pct"": true, ""self_z"": true, ""median_ratio"": true}, ""yield_arm"": false, ""residual_arm"": false, ""brakes"": {""gm"": true, ""fcf_margin"": true, ""roic"": true}, ""self_pct"": 1.9230769230769231, ""self_z"": -1.844050305946711, ""median_ratio"": 0.3794153077320403, ""fcf_yield"": 0.04198968558766853, ""yield_threshold"": 0.0495, ""gs10"": 0.0495, ""residual_pct"": null, ""brake_values"": {""gm"": 1.0665959058488992, ""fcf_margin"": 1.3556662949679579, ""roic"": 1.5633371200422344}}",False,"{""floor"": false, ""mom_sector_pct"": 5.084745762711865, ""eps_rev_proxy"": null}"
STZ,16918,Constellation Brands,Consumer Staples,Distillers & Vintners,Food Beverage and Tobacco,21.232032854209447,5.9986310746064335,261871931.80338603,0.015240279894285669,-0.2881584227903161,-0.09444825995385675,10.0,0.5155978845469453,0.021533819935070784,0.17540775927474656,0.18277547581964404,0.0810353579013169,0.24649287718491136,0.24346740579311513,0.06489247450289357,8,9,False,0.011881573321183447,-0.01571896922042826,-0.022518323864087253,False,0.5261850342840108,0.19454105800125873,0.2438967835966743,1.0205337338541804,1.1090789757854618,0.9894678758352536,1.3093880547692003,2.307692307692308,-1.866860779875358,0.7007676173146103,260.0,shares_was_proxy,116.56999969482422,170778434.0,19907641999.262558,30990141999.262558,19338100000.0,11082500000.0,2693600000.0,859400000.0,72300000.0,412400000.0,11082500000.0,9056700000.0,2852900000.0,1834200000.0,1761900000.0,2208900000.0,3265300000.0,1824400000.0,2151080276.2824574,0.24600221659278024,0.11123534764441477,10.862680780701236,17.589047051059968,0.056853563305451334,14.029671782001248,0.07127750495794963,10.91188445475913,1.0053716290287218,3.394021988791229,5248900000.0,3340900000.0,0.4441904840703068,5.0,0.08495216314159953,0.10475588141953707,1.153846153846154,-1.8190479226588678,0.5975354154600487,260.0,[],True,1.0,ig,Food Beverage and Tobacco,36.36363636363637,71.42857142857143,50.0,27.27272727272727,53.57142857142857,38.46153846153847,30.769230769230774,92.85714285714286,29.629629629629626,1.0,23.456495375883655,"{'profitability': 62.7, 'growth': 5.0, 'balance': 0.0, 'stability': 88.2}",80.91321184877826,False,-0.12996888381913507,20.030282741781832,,52.184853612330954,,False,"{""floor"": false, ""depressed_arms"": {""self_pct"": true, ""self_z"": true, ""median_ratio"": true}, ""yield_arm"": true, ""residual_arm"": false, ""brakes"": {""gm"": true, ""fcf_margin"": true, ""roic"": true}, ""self_pct"": 1.153846153846154, ""self_z"": -1.8190479226588678, ""median_ratio"": 0.5975354154600487, ""fcf_yield"": 0.056853563305451334, ""yield_threshold"": 0.0495, ""gs10"": 0.0495, ""residual_pct"": null, ""brake_values"": {""gm"": 1.0205337338541804, ""fcf_margin"": 1.1090789757854618, ""roic"": 1.3093880547692003}}",False,"{""floor"": false, ""mom_sector_pct"": 29.629629629629626, ""eps_rev_proxy"": null}"
CHRW,1043277,C.H. Robinson,Industrials,Air Freight & Logistics,Transportation,19.564681724845997,5.9986310746064335,260305306.1045403,0.15338141895239077,-0.2790620107013517,0.1528105829261852,10.0,,,0.03341920967394243,0.03658625780221605,0.6752825287733719,0.03223730439982446,0.03487039965974942,0.825395432562774,6,9,False,0.00031641390725023477,,,False,,0.034107703980675565,0.032613397384122104,,1.0206017531069853,1.0116663905776095,0.9726858687940518,66.23931623931624,0.010647841636314034,1.2186155255030846,234.0,gm_derived,149.6699981689453,116851258.0,17489127570.898956,19307108570.898956,3445671000.0,1817981000.0,685357000.0,16598000.0,89047000.0,41996000.0,1817981000.0,16996512000.0,833618000.0,668759000.0,579712000.0,554314000.0,875614000.0,633327000.0,680088608.8960453,0.18417235604791962,0.19737479547410225,23.16061861775892,33.30465570990243,0.030025832085172146,34.83063493056094,0.02871035805099793,27.614688100931993,1.055945822616121,2.076235647214412,1508335000.0,32313000.0,0.44712568321235546,7.0,0.20291730537713065,0.20972890355387663,70.94017094017094,0.06953110096953041,1.2114322630103174,234.0,['fcf_cagr5 gate'],False,0.9,ig,Transportation,72.72727272727273,22.22222222222222,,54.54545454545454,77.27272727272727,72.72727272727273,22.222222222222214,18.181818181818173,54.6875,1.0,14.12570794245898,"{'profitability': 56.2, 'growth': 0.3, 'balance': 30.8, 'stability': 44.4}",27.058039760948162,False,0.2179561873763909,26.7822943591556,,20.59187385170357,,False,"{""floor"": false, ""depressed_arms"": {""self_pct"": false, ""self_z"": false, ""median_ratio"": false}, ""yield_arm"": false, ""residual_arm"": false, ""brakes"": {""gm"": false, ""fcf_margin"": true, ""roic"": true}, ""self_pct"": 70.94017094017094, ""self_z"": 0.06953110096953041, ""median_ratio"": 1.2114322630103174, ""fcf_yield"": 0.030025832085172146, ""yield_threshold"": 0.0495, ""gs10"": 0.0495, ""residual_pct"": null, ""brake_values"": {""gm"": null, ""fcf_margin"": 1.0206017531069853, ""roic"": 0.9726858687940518}}",False,"{""floor"": false, ""mom_sector_pct"": 54.6875, ""eps_rev_proxy"": null}"
STLD,1022671,Steel Dynamics,Materials,Steel,Materials,3.756331279945243,5.9986310746064335,259043273.66601515,0.7007580976958705,-0.16953833376205607,0.6980040328957249,8.0,0.2145537498204529,0.2903431347933774,0.0666518237053311,0.061936622874324034,0.8760939763107259,0.11170718326590054,0.09771213302297536,0.5328328879718944,5,9,True,0.13647433753701965,-0.19549357045616378,-0.175912207465717,True,0.1465219913375145,0.04314153033608103,0.043046003252984445,0.6829150805340384,0.6472670654416075,0.38534677891322827,0.46962876145011506,91.92307692307692,2.5240793369273167,4.46207592106119,260.0,,234.2899932861328,143328088.0,33580336775.234253,37166704775.23425,13005900000.0,3586368000.0,1571572000.0,616009000.0,69493000.0,617971000.0,3786088000.0,20538678000.0,2056470000.0,955563000.0,886070000.0,884108000.0,2674441000.0,1607241000.0,1627297341.6676233,0.20869385808320898,0.12511993338927896,18.073059551189296,41.94556273797133,0.023840423985890348,42.03864773900276,0.023787634802349186,20.893155895870162,0.5945362269877387,1.415655832377682,477471000.0,370790000.0,0.06522124574231696,9.0,0.266423063619304,0.24784885402396728,71.94570135746606,0.8141508694103256,2.8075865462570624,221.0,['fcf_cagr5 gate'],False,1.0,ig,Materials,100.0,42.857142857142854,28.57142857142857,92.85714285714286,28.57142857142857,18.181818181818183,54.54545454545455,66.66666666666667,100.0,1.0,13.001877067232655,"{'profitability': 39.9, 'growth': 50.0, 'balance': 52.8, 'stability': 27.8}",38.89680804683093,False,0.3727750487907411,28.892949502664635,,25.94934255703179,,False,"{""floor"": false, ""depressed_arms"": {""self_pct"": false, ""self_z"": false, ""median_ratio"": false}, ""yield_arm"": false, ""residual_arm"": false, ""brakes"": {""gm"": false, ""fcf_margin"": false, ""roic"": false}, ""self_pct"": 71.94570135746606, ""self_z"": 0.8141508694103256, ""median_ratio"": 2.8075865462570624, ""fcf_yield"": 0.023840423985890348, ""yield_threshold"": 0.0495, ""gs10"": 0.0495, ""residual_pct"": null, ""brake_values"": {""gm"": 0.6829150805340384, ""fcf_margin"": 0.6472670654416075, ""roic"": 0.46962876145011506}}",False,"{""floor"": false, ""mom_sector_pct"": 100.0, ""eps_rev_proxy"": null}"
TECH,842023,Bio-Techne,Health Care,Life Sciences Tools & Services,Pharmaceuticals Biotechnology and Life Sciences,5.06776180698152,5.9986310746064335,259040697.35090357,0.4032757546962573,0.0,0.40657298087255156,10.0,0.6662357724729555,0.01965704651584564,0.18028380645715947,0.17687012917799178,0.08887064216956629,0.12534396903105566,0.12620911756741965,0.1649814180818298,8,9,False,0.05469071323715702,-0.03084494017537176,-0.06572885157777075,False,0.6576504951692909,0.18259331593471484,0.12620911756741965,0.9871137551323648,1.0128104100026543,1.0069021951598616,0.930869024597259,53.46153846153846,0.015495799577644189,1.0060926887562858,260.0,,72.5199966430664,156818238.0,11372458093.331589,11208574093.331589,1944337000.0,-163884000.0,292073000.0,28850000.0,41365000.0,97359000.0,-163125000.0,1215039000.0,251890000.0,263223000.0,221858000.0,153349000.0,349249000.0,109563000.0,190332471.2481303,0.24438258268239987,0.09789068008690381,44.49789230748179,50.521387974882984,0.019793597129539594,73.09192817254491,0.013681401284685552,103.79834518342496,2.402480764491662,-0.46707363514283506,975355000.0,326165000.0,0.6693901314432632,4.0,0.10516053010707524,0.09789068008690381,57.30769230769231,0.08984555800385977,1.0325503455449816,260.0,[],True,1.0,ig,Pharmaceuticals Biotechnology and Life Sciences,41.66666666666667,50.0,55.55555555555556,45.83333333333333,62.5,88.88888888888889,75.0,20.0,78.57142857142857,1.0,53.50341287420881,"{'profitability': 59.8, 'growth': 22.8, 'balance': 100.0, 'stability': 88.0}",28.108291904819325,False,0.38355522447788415,34.42701398278096,,40.80585238951407,,False,"{""floor"": false, ""depressed_arms"": {""self_pct"": false, ""self_z"": false, ""median_ratio"": false}, ""yield_arm"": false, ""residual_arm"": false, ""brakes"": {""gm"": true, ""fcf_margin"": true, ""roic"": true}, ""self_pct"": 57.30769230769231, ""self_z"": 0.08984555800385977, ""median_ratio"": 1.0325503455449816, ""fcf_yield"": 0.019793597129539594, ""yield_threshold"": 0.0495, ""gs10"": 0.0495, ""residual_pct"": null, ""brake_values"": {""gm"": 0.9871137551323648, ""fcf_margin"": 1.0128104100026543, ""roic"": 0.930869024597259}}",False,"{""floor"": false, ""mom_sector_pct"": 78.57142857142857, ""eps_rev_proxy"": null}"
GEHC,1932393,GE HealthCare,Health Care,Health Care Equipment,Health Care Equipment and Services,3.7207392197125255,3.7754962354551678,257879452.97196513,-0.008259668613195936,-0.24198550133029162,-0.08617474710520756,5.0,0.4043097433798857,0.021075484483121177,0.07797945144186538,0.07295990901336366,0.10211472671538131,0.06513769162597298,0.06354209028060187,0.14724152949114921,4,4,True,,0.025821217351280623,,False,0.39148672482005814,0.06558939892273226,0.06144239477572811,0.968284171307296,0.8411113147112858,0.9432694533993679,0.8858697303362978,,,,,,66.08999633789062,454891786.0,30063796470.876526,38393796470.876526,18998000000.0,8330000000.0,2027000000.0,508000000.0,143000000.0,595000000.0,8318000000.0,20979000000.0,2649000000.0,1519000000.0,1376000000.0,1289000000.0,3244000000.0,1909000000.0,2029086788.066641,0.23401782254939946,0.10680528413867992,14.493694401991894,27.902468365462592,0.035839123152193605,29.7857226306257,0.033573132080797645,15.748452839641972,0.7957045573598743,2.5641183723797782,15060000000.0,1908000000.0,0.8931466470154753,4.0,0.1205654516473139,0.12076928291754095,,,,,['rev_cagr5 gate'],False,0.9,ig,Health Care Equipment and Services,51.85185185185185,31.03448275862069,31.818181818181817,51.78571428571429,10.0,17.24137931034483,33.33333333333334,86.66666666666667,23.809523809523807,1.0,24.812838683391373,"{'profitability': 39.8, 'growth': 21.5, 'balance': 14.5, 'stability': 92.8}",,False,0.09263745589439898,25.43376700785745,,,,False,"{""floor"": false, ""depressed_arms"": {""self_pct"": false, ""self_z"": false, ""median_ratio"": false}, ""yield_arm"": false, ""residual_arm"": false, ""brakes"": {""gm"": false, ""fcf_margin"": false, ""roic"": false}, ""self_pct"": null, ""self_z"": null, ""median_ratio"": null, ""fcf_yield"": 0.035839123152193605, ""yield_threshold"": 0.0495, ""gs10"": 0.0495, ""residual_pct"": null, ""brake_values"": {""gm"": 0.968284171307296, ""fcf_margin"": 0.8411113147112858, ""roic"": 0.8858697303362978}}",False,"{""floor"": false, ""mom_sector_pct"": 23.809523809523807, ""eps_rev_proxy"": null}"
EL,1001250,Estée Lauder Companies (The),Consumer Staples,Personal Care Products,Household and Personal Products,20.71731690622861,5.9986310746064335,254846508.00700098,0.2059286291166882,-0.1514871520566332,0.15665690571401902,10.0,0.736336679740275,0.025248002338170334,0.0573941233182723,0.06684829556781181,0.399690911298311,0.05770944723058887,0.04525455688246386,0.657251062197244,5,9,False,-0.014814212841128271,-0.1515996897631844,-0.24128666573511692,False,0.7550003322479899,0.06684829556781181,0.04432188185261479,1.0253466288197106,1.1647236982279967,0.7680177852946405,0.9836077349813234,55.769230769230774,0.046654145282421615,1.035241272542811,260.0,shares_was_proxy,98.83000183105469,362300000.0,35806109663.39111,35320009663.39111,3319900000.0,-486100000.0,1773000000.0,457000000.0,310000000.0,796000000.0,-486100000.0,15049000000.0,780000000.0,1316000000.0,1006000000.0,667000000.0,1576000000.0,,591270708.2481728,0.24196063045106056,0.1780989512479812,45.28206367101425,35.10935354213829,0.028482438413450106,52.95353772622356,0.018884479544504194,,,-0.30843908629441624,2107000000.0,1594000000.0,1.1147926142353686,9.0,0.1810670503230263,0.16986134867970318,24.23076923076923,-0.5485687601445614,0.6950476262872726,260.0,"['rev_cagr5 gate', 'fcf_cagr5 gate']",False,0.9,sector,Consumer Staples,70.83333333333334,33.33333333333333,100.0,66.66666666666666,55.55555555555556,,88.0,0.0,70.37037037037037,1.0,28.92418037029038,"{'profitability': 55.8, 'growth': 0.0, 'balance': 100.0, 'stability': 55.3}",35.863880460205245,False,0.2610254452274212,27.043376999896395,,32.39403041524781,,False,"{""floor"": false, ""depressed_arms"": {""self_pct"": false, ""self_z"": false, ""median_ratio"": true}, ""yield_arm"": false, ""residual_arm"": false, ""brakes"": {""gm"": true, ""fcf_margin"": true, ""roic"": true}, ""self_pct"": 24.23076923076923, ""self_z"": -0.5485687601445614, ""median_ratio"": 0.6950476262872726, ""fcf_yield"": 0.028482438413450106, ""yield_threshold"": 0.0495, ""gs10"": 0.0495, ""residual_pct"": null, ""brake_values"": {""gm"": 1.0253466288197106, ""fcf_margin"": 1.1647236982279967, ""roic"": 0.9836077349813234}}",False,"{""floor"": false, ""mom_sector_pct"": 70.37037037037037, ""eps_rev_proxy"": null}"
JBHT,728535,J.B. Hunt,Industrials,Cargo Ground Transportation,Transportation,11.233401779603012,5.9986310746064335,253876239.3227915,0.9572096763158442,-0.19348769370399854,0.7592618398582953,9.0,,,0.026334025632322157,0.01765488726364615,0.9249098121711721,0.06437128796219554,0.07120474356721639,0.2055080611721831,6,9,False,0.044828913865963216,,,False,,0.08093590346192636,0.06339613787869125,,3.0734345212524716,0.9848511640146616,0.945199508543824,65.76923076923077,0.48300010369684276,1.1266022969434333,260.0,,234.6300048828125,93914939.0,22035262596.139038,23430137596.139038,5051990000.0,1394875000.0,1595293000.0,495571000.0,71730000.0,718349000.0,1394875000.0,12701310000.0,955615000.0,1099722000.0,1027992000.0,805214000.0,1673964000.0,674505000.0,724336865.9481363,0.24202020065807217,0.14337654388629753,24.51838616612238,22.792140012898,0.04387477434914419,29.09802561323951,0.034366592884742087,32.668790588860034,1.6304134142815843,0.8332765818141847,134057000.0,76300000.0,0.041638443464852466,10.0,0.1516891858176944,0.13459619356978,0.966183574879227,-0.272647989880177,0.4194082647386516,207.0,['fcf_cagr5 gate'],False,0.9,ig,Transportation,45.45454545454545,11.11111111111111,,100.0,40.909090909090914,90.9090909090909,77.77777777777777,9.090909090909093,100.0,1.0,21.220654660630508,"{'profitability': 37.2, 'growth': 37.4, 'balance': 72.2, 'stability': 44.4}",52.655662478824496,False,-0.1557920976064331,26.634512517007423,,36.938158569727506,,False,"{""floor"": false, ""depressed_arms"": {""self_pct"": true, ""self_z"": false, ""median_ratio"": true}, ""yield_arm"": false, ""residual_arm"": false, ""brakes"": {""gm"": false, ""fcf_margin"": true, ""roic"": true}, ""self_pct"": 0.966183574879227, ""self_z"": -0.272647989880177, ""median_ratio"": 0.4194082647386516, ""fcf_yield"": 0.04387477434914419, ""yield_threshold"": 0.0495, ""gs10"": 0.0495, ""residual_pct"": null, ""brake_values"": {""gm"": null, ""fcf_margin"": 3.0734345212524716, ""roic"": 0.945199508543824}}",False,"{""floor"": false, ""mom_sector_pct"": 100.0, ""eps_rev_proxy"": null}"
OTIS,1781335,Otis Worldwide,Industrials,Industrial Machinery & Supplies & Components,Capital Goods,6.4750171115674195,5.9986310746064335,252428216.38234195,-0.18913648181950116,-0.25379761760919295,-0.22779206907931582,8.0,,,0.09961699690981714,0.10028854951087339,0.03984593914185232,0.09598460729031846,0.09514066496163683,0.04797111488165476,5,7,False,0.024982341114742734,0.02170482285634856,0.018093492555780744,False,,0.10978472268794849,0.10891288310643149,,1.1020681820727456,1.1346911362257253,0.679005674028292,0.38461538461538464,-2.312291108641734,0.6500120152977827,260.0,,68.31999969482422,380669339.0,26007329124.308937,34386329124.30894,2631000000.0,8379000000.0,1871000000.0,159000000.0,75000000.0,172000000.0,8191000000.0,14911000000.0,2289000000.0,1712000000.0,1637000000.0,1624000000.0,2461000000.0,1516000000.0,1741582449.3731918,0.2391513982642237,0.6619469590928133,15.0224242570157,21.005698915277296,0.04760612841464213,21.173847982948853,0.0472280711944892,17.155230293079775,1.129287598944591,3.328321820398212,1794000000.0,7000000.0,0.6845305967312809,6.0,0.9748769184294506,1.0305594912483578,0.38461538461538464,-2.2087987165942033,0.6775149315922124,260.0,[],True,0.9,ig,Capital Goods,100.0,46.34146341463415,,46.34146341463415,15.476190476190476,46.15384615384615,13.513513513513516,85.3658536585366,15.625,1.0,26.51022148025381,"{'profitability': 70.1, 'growth': 19.5, 'balance': 0.0, 'stability': 78.3}",79.0405307921664,False,-0.31914848809979723,28.902909532764976,,52.7753761362101,,False,"{""floor"": false, ""depressed_arms"": {""self_pct"": true, ""self_z"": true, ""median_ratio"": true}, ""yield_arm"": false, ""residual_arm"": false, ""brakes"": {""gm"": false, ""fcf_margin"": true, ""roic"": false}, ""self_pct"": 0.38461538461538464, ""self_z"": -2.2087987165942033, ""median_ratio"": 0.6775149315922124, ""fcf_yield"": 0.04760612841464213, ""yield_threshold"": 0.0495, ""gs10"": 0.0495, ""residual_pct"": null, ""brake_values"": {""gm"": null, ""fcf_margin"": 1.1020681820727456, ""roic"": 0.679005674028292}}",False,"{""floor"": false, ""mom_sector_pct"": 15.625, ""eps_rev_proxy"": null}"
HSY,47111,Hershey Company (The),Consumer Staples,Packaged Foods & Meats,Food Beverage and Tobacco,69.55783709787816,5.9986310746064335,252184273.55028027,-0.019460099863776503,-0.27594505741359265,-0.07750940871064693,10.0,0.4278744447530034,0.11229634950996795,0.15733348026206667,0.16722486187643806,0.08320591443086103,0.17220669102804403,0.1807115722044123,0.06697725161833572,9,9,False,0.0748639898139154,0.0769782050700687,0.04863373705692298,False,0.38377373989552044,0.1774801560550586,0.1691796191883006,0.8969307342415818,1.1280507858812636,0.9824218686180407,0.7953141090522835,5.769230769230769,-2.0464496916314263,0.7795756586960437,260.0,shares_was_proxy,168.4499969482422,218731000.0,36845236282.48596,42052876282.48596,9770330000.0,5207640000.0,2656591000.0,428434000.0,69304000.0,529401000.0,5207640000.0,12163912000.0,2162830000.0,2228157000.0,2158853000.0,2057886000.0,2692231000.0,1489107000.0,1675331258.9360166,0.22539854776565127,0.171471307410908,19.443449685128265,19.479268056920024,0.05133663118541815,20.43498827558279,0.048935677697200974,24.743175797633054,1.4963041608158447,1.934321386240631,2985609000.0,331134000.0,0.3394709288222609,10.0,0.2156019935509978,0.2417870246745679,0.38461538461538464,-2.4256665988631414,0.6740534610656523,260.0,[],True,1.0,ig,Food Beverage and Tobacco,81.81818181818183,64.28571428571429,42.857142857142854,81.81818181818183,53.57142857142857,76.92307692307693,61.53846153846153,42.85714285714286,22.22222222222222,1.0,50.90326236707616,"{'profitability': 76.3, 'growth': 63.3, 'balance': 35.5, 'stability': 84.6}",67.40706838298107,False,-0.045605601830471354,20.388200471725863,,59.155165375028616,,False,"{""floor"": false, ""depressed_arms"": {""self_pct"": true, ""self_z"": true, ""median_ratio"": true}, ""yield_arm"": true, ""residual_arm"": false, ""brakes"": {""gm"": false, ""fcf_margin"": true, ""roic"": false}, ""self_pct"": 0.38461538461538464, ""self_z"": -2.4256665988631414, ""median_ratio"": 0.6740534610656523, ""fcf_yield"": 0.05133663118541815, ""yield_threshold"": 0.0495, ""gs10"": 0.0495, ""residual_pct"": null, ""brake_values"": {""gm"": 0.8969307342415818, ""fcf_margin"": 1.1280507858812636, ""roic"": 0.7953141090522835}}",False,"{""floor"": false, ""mom_sector_pct"": 22.22222222222222, ""eps_rev_proxy"": null}"
NCLH,1513761,Norwegian Cruise Line Holdings,Consumer Discretionary,"Hotels, Resorts & Cruise Lines",Consumer Services,8.947296372347708,5.9986310746064335,251476302.46418065,-0.33506393730977935,-0.4279951681528956,-0.4337060788051832,5.0,-0.03520968147804673,20.771945373220845,-1.1321265783836587,-0.12803268593160969,,-1.0023248885535925,0.085396809309951,,7,9,False,0.5033277455063068,,,False,0.4245725483777475,-0.12543504938347835,0.07866898253125497,-12.058403557057707,0.11079595848952017,-0.07848651014221392,,38.4180790960452,-0.07341354941977164,0.915120684726673,177.0,gm_derived,14.180000305175781,459187846.0,6511283796.41301,8587765796.41301,4649348000.0,2076482000.0,2109712000.0,3295106000.0,88312000.0,1222571000.0,2045110000.0,10154307000.0,1532360000.0,-1185394000.0,-1273706000.0,798829000.0,2754931000.0,760722000.0,1507832900.8734477,0.01600609460345628,0.32431061320285076,5.604274319620069,,-0.1483163409663558,10.750443206760158,0.09301942075943195,8.559347299556224,-1.5582486111877927,0.7423452710793845,135764000.0,4771000.0,0.03022681890019848,1.0,,,,,,,"['mktcap<10B', 'fcf_cagr5 gate']",False,0.8,ig,Consumer Services,,7.6923076923076925,20.0,26.923076923076923,15.384615384615385,7.6923076923076925,66.66666666666667,92.3076923076923,9.090909090909092,1.0,37.632283779588384,"{'profitability': 50.0, 'growth': 100.0, 'balance': 75.3, 'stability': 51.9}",,False,,,,,,False,"{""floor"": false, ""depressed_arms"": {""self_pct"": false, ""self_z"": false, ""median_ratio"": false}, ""yield_arm"": false, ""residual_arm"": false, ""brakes"": {""gm"": false, ""fcf_margin"": false, ""roic"": false}, ""self_pct"": null, ""self_z"": null, ""median_ratio"": null, ""fcf_yield"": -0.1483163409663558, ""yield_threshold"": 0.0495, ""gs10"": 0.0495, ""residual_pct"": null, ""brake_values"": {""gm"": -12.058403557057707, ""fcf_margin"": 0.11079595848952017, ""roic"": null}}",False,"{""floor"": false, ""mom_sector_pct"": 9.090909090909092, ""eps_rev_proxy"": null}"
LYB,1489393,LyondellBasell,Materials,Specialty Chemicals,Materials,14.050650239561945,5.9986310746064335,243741984.15094653,0.3686979830724908,-0.2389944030123491,0.28916007658479326,10.0,0.13850326933221963,0.24168704280304712,0.07422233037564255,0.0824364234603873,0.5846947696839863,0.08426107431732625,0.09478503894868288,0.5510691146888592,5,9,True,0.022373159046871427,-0.4911011636856222,-0.16842407016118444,False,0.12759681969735825,0.04731982559630674,0.0463901000256476,0.9212549300283973,0.6375416314311203,0.550551964848478,0.37137761176619855,80.76923076923077,0.9595122919143328,1.712663049718189,260.0,gm_derived,59.970001220703125,323037952.0,19372586375.773438,21536586375.773438,12835000000.0,2164000000.0,2973000000.0,1395000000.0,102000000.0,1424000000.0,2155000000.0,31192000000.0,963000000.0,1578000000.0,1476000000.0,1447000000.0,2387000000.0,,797460525.1644281,0.17189976618439448,0.06213171212812062,22.364056464977608,14.591183181418318,0.06853453812254835,14.883611869919445,0.06718799231932755,,,0.902806870548806,705000000.0,450000000.0,0.08998831320607713,9.0,0.16730063999451789,0.16613580599496441,69.23076923076923,0.322586617799514,1.5981745135707657,260.0,['fcf_cagr5 gate'],False,0.9,ig,Materials,75.0,57.14285714285714,7.142857142857142,92.85714285714286,71.42857142857143,,63.63636363636363,50.0,71.42857142857143,1.0,9.660521240809842,"{'profitability': 25.0, 'growth': 9.3, 'balance': 69.9, 'stability': 28.6}",49.347595479317704,False,-0.6743318417257962,28.638423533050272,,29.504058360063773,,False,"{""floor"": false, ""depressed_arms"": {""self_pct"": false, ""self_z"": false, ""median_ratio"": false}, ""yield_arm"": true, ""residual_arm"": false, ""brakes"": {""gm"": false, ""fcf_margin"": false, ""roic"": false}, ""self_pct"": 69.23076923076923, ""self_z"": 0.322586617799514, ""median_ratio"": 1.5981745135707657, ""fcf_yield"": 0.06853453812254835, ""yield_threshold"": 0.0495, ""gs10"": 0.0495, ""residual_pct"": null, ""brake_values"": {""gm"": 0.9212549300283973, ""fcf_margin"": 0.6375416314311203, ""roic"": 0.37137761176619855}}",False,"{""floor"": false, ""mom_sector_pct"": 71.42857142857143, ""eps_rev_proxy"": null}"
WAB,943452,Wabtec,Industrials,Construction Machinery & Heavy Transportation Equipment,Capital Goods,7.572895277207392,5.9986310746064335,240222299.78529006,0.49283300728870905,-0.03298633956295527,0.49278187322321787,10.0,0.3151459767033983,0.04788649358649496,0.11869470857543607,0.11467655331117362,0.2562618698468932,0.08503085807427482,0.06929174124264893,0.3943030410162603,8,9,False,0.08125695343398509,0.18262028879515158,,False,0.34974958263772954,0.1352253756260434,0.11469115191986644,1.1098018330943145,1.1392704632667032,1.3488179999275465,1.2358625124569798,46.92307692307692,-0.031103563106399997,0.984041948399738,260.0,,292.2200012207031,168910851.0,49359129085.41,55290129085.41,17145000000.0,5931000000.0,1999000000.0,285000000.0,94000000.0,531000000.0,5901000000.0,11980000000.0,1964000000.0,1714000000.0,1620000000.0,1374000000.0,2495000000.0,1269000000.0,1471558426.3065178,0.2507339988256019,0.08583017942878494,28.15179688666497,34.129709311981486,0.029299985852763846,40.24026862111354,0.024850728741788595,38.89608280962175,1.350669818754925,2.3651302605210422,10603000000.0,3225000000.0,0.8065325167687373,3.0,0.0694496180308509,0.06845030014714407,75.38461538461539,1.1213711353051479,1.2801734382374923,260.0,[],True,1.0,ig,Capital Goods,13.513513513513514,65.85365853658537,37.5,28.04878048780488,64.28571428571429,74.35897435897436,27.02702702702703,29.268292682926827,89.0625,1.0,36.51947153544143,"{'profitability': 40.0, 'growth': 83.9, 'balance': 21.2, 'stability': 76.8}",27.868355901132738,False,0.21610967997649055,27.4964956549532,,32.193913718287085,,False,"{""floor"": false, ""depressed_arms"": {""self_pct"": false, ""self_z"": false, ""median_ratio"": false}, ""yield_arm"": false, ""residual_arm"": false, ""brakes"": {""gm"": true, ""fcf_margin"": true, ""roic"": true}, ""self_pct"": 75.38461538461539, ""self_z"": 1.1213711353051479, ""median_ratio"": 1.2801734382374923, ""fcf_yield"": 0.029299985852763846, ""yield_threshold"": 0.0495, ""gs10"": 0.0495, ""residual_pct"": null, ""brake_values"": {""gm"": 1.1098018330943145, ""fcf_margin"": 1.1392704632667032, ""roic"": 1.2358625124569798}}",False,"{""floor"": false, ""mom_sector_pct"": 89.0625, ""eps_rev_proxy"": null}"
DRI,940944,Darden Restaurants,Consumer Discretionary,Restaurants,Consumer Services,31.318275154004105,5.9986310746064335,237908326.78789815,0.18259442702591344,-0.051362835601412415,0.17195473856107957,10.0,0.199230317545572,0.026501449223354265,0.08347671135655174,0.08358208955223881,0.07634215600805352,0.09425722451180374,0.09206157311186003,0.11697399538565519,7,9,False,0.12919005107612413,0.03580420358021419,0.09507608928610467,False,0.20302174719360527,0.07872287277929589,0.09181055037885383,1.0190303850073723,0.9430519183134694,0.9740425824585625,1.0486921152895066,73.46153846153847,0.8910032937798104,1.1064036308748215,260.0,,213.69000244140625,114077969.0,24377321474.120667,31701521474.120667,9531700000.0,7324200000.0,1853100000.0,734000000.0,79100000.0,561100000.0,7324200000.0,13210900000.0,1582800000.0,1119100000.0,1040000000.0,1212900000.0,2143900000.0,1206700000.0,1383439694.6564887,0.12595419847328243,0.14514091868779846,20.02876009231783,30.482232186654485,0.032805996420361,26.136962217924534,0.03825999332524602,20.20164206026408,0.9274053202950194,3.41629740193106,1658200000.0,14300000.0,0.1754671254865344,5.0,0.13840184032253378,0.13895180613002628,80.0,1.154407608312491,1.1655174505627397,260.0,[],True,1.0,ig,Consumer Services,58.333333333333336,53.84615384615385,60.0,61.53846153846154,80.76923076923077,30.76923076923077,33.33333333333334,38.46153846153846,66.66666666666666,1.0,32.695456317820614,"{'profitability': 50.5, 'growth': 64.9, 'balance': 0.0, 'stability': 82.4}",29.124941315633663,False,0.2630205825819423,23.432486699406947,,30.91019881672714,,False,"{""floor"": false, ""depressed_arms"": {""self_pct"": false, ""self_z"": false, ""median_ratio"": false}, ""yield_arm"": false, ""residual_arm"": false, ""brakes"": {""gm"": true, ""fcf_margin"": false, ""roic"": true}, ""self_pct"": 80.0, ""self_z"": 1.154407608312491, ""median_ratio"": 1.1655174505627397, ""fcf_yield"": 0.032805996420361, ""yield_threshold"": 0.0495, ""gs10"": 0.0495, ""residual_pct"": null, ""brake_values"": {""gm"": 1.0190303850073723, ""fcf_margin"": 0.9430519183134694, ""roic"": 1.0486921152895066}}",False,"{""floor"": false, ""mom_sector_pct"": 66.66666666666666, ""eps_rev_proxy"": null}"
HUBB,48898,Hubbell Incorporated,Industrials,Industrial Machinery & Supplies & Components,Capital Goods,2.9349760438056127,5.9986310746064335,237417036.1031278,0.09080213171082208,-0.15646348612770422,0.10379925927255051,10.0,0.3226087042960694,0.09651001475307312,0.12101790171610449,0.1281617003852668,0.2609000632934075,0.11515707801918869,0.1311396080329059,0.28492618039602396,7,9,False,0.0967872864810233,0.1095693576106167,0.12617400413653557,False,0.35469721985957536,0.14614499424626007,0.13782291823018294,1.0994657463862387,1.2076312031016794,1.196825419686469,1.0255510959078005,48.07692307692308,-0.04867988630728454,0.9942915617815105,260.0,,463.70001220703125,52841777.0,24502732639.941223,26735132639.941223,6001000000.0,2232400000.0,1079000000.0,169700000.0,33000000.0,219600000.0,2221800000.0,5996100000.0,1233600000.0,909300000.0,876300000.0,826400000.0,1453200000.0,905700000.0,981904755.1954913,0.20403311025008805,0.16362352194559096,21.67244863808465,30.509109482986673,0.03277709565917181,32.35132216837031,0.03091063774134381,27.053917014399055,1.0039748261013581,1.5289017341040463,3059600000.0,53600000.0,0.5187802032994501,7.0,0.15954692320888625,0.16475793622887916,41.92307692307693,-0.22353771093548822,0.976872101431107,260.0,[],True,1.0,ig,Capital Goods,62.16216216216216,68.29268292682927,40.625,54.87804878048781,64.28571428571429,35.8974358974359,54.05405405405405,53.65853658536585,50.0,1.0,44.42922747130226,"{'profitability': 66.5, 'growth': 86.0, 'balance': 49.0, 'stability': 66.2}",47.54771094995704,False,0.08814991792035398,27.934860598042537,,45.98846921062965,,False,"{""floor"": false, ""depressed_arms"": {""self_pct"": false, ""self_z"": false, ""median_ratio"": false}, ""yield_arm"": false, ""residual_arm"": false, ""brakes"": {""gm"": true, ""fcf_margin"": true, ""roic"": true}, ""self_pct"": 41.92307692307693, ""self_z"": -0.22353771093548822, ""median_ratio"": 0.976872101431107, ""fcf_yield"": 0.03277709565917181, ""yield_threshold"": 0.0495, ""gs10"": 0.0495, ""residual_pct"": null, ""brake_values"": {""gm"": 1.0994657463862387, ""fcf_margin"": 1.2076312031016794, ""roic"": 1.0255510959078005}}",False,"{""floor"": false, ""mom_sector_pct"": 50.0, ""eps_rev_proxy"": null}"
CDW,1402057,CDW Corporation,Information Technology,Technology Distributors,Technology Hardware and Equipment,7.003422313483915,5.9986310746064335,237416375.39747548,-0.08318214871943563,-0.06421418202603912,-0.09267994931601531,10.0,0.20457650910546005,0.09013765605118493,,,0.22242613210496784,0.04458437512985059,0.044015040823287166,0.24262197165446053,7,9,False,0.03958829916272788,,,False,0.21360061956392232,0.036603632278599516,0.0291143980527991,1.0441111762925346,,0.6530179680214051,0.9499696367135091,83.07692307692308,0.9857985369400694,1.224872316669848,260.0,sbc_unreported,146.16000366210938,125017426.0,18272547441.987488,23907947441.987488,8077500000.0,5635400000.0,981800000.0,121600000.0,,297600000.0,5635400000.0,23500400000.0,1678600000.0,860200000.0,860200000.0,684200000.0,1976200000.0,1080300000.0,1250269980.6949806,0.25517098731384447,0.15478427492355068,14.242790088161257,27.79347528712798,0.0359796675179779,34.94292230632489,0.028618098716345592,16.91432698508515,0.7962602980653523,2.851634449954458,4652100000.0,1186400000.0,0.722810275456515,10.0,0.16293602336495558,0.16188756039143823,72.6923076923077,0.49298030055265984,1.108795125449401,260.0,['fcf_cagr5 gate'],False,0.9,ig,Technology Hardware and Equipment,42.857142857142854,,15.0,85.71428571428571,64.28571428571429,19.047619047619047,0.0,85.71428571428572,23.728813559322035,1.0,20.480007642618073,"{'profitability': 46.0, 'growth': 33.0, 'balance': 4.9, 'stability': 68.8}",47.742228522870576,False,-0.2507417040835027,35.71400809123934,,34.111118082744326,,False,"{""floor"": false, ""depressed_arms"": {""self_pct"": false, ""self_z"": false, ""median_ratio"": false}, ""yield_arm"": false, ""residual_arm"": false, ""brakes"": {""gm"": true, ""fcf_margin"": false, ""roic"": true}, ""self_pct"": 72.6923076923077, ""self_z"": 0.49298030055265984, ""median_ratio"": 1.108795125449401, ""fcf_yield"": 0.0359796675179779, ""yield_threshold"": 0.0495, ""gs10"": 0.0495, ""residual_pct"": null, ""brake_values"": {""gm"": 1.0441111762925346, ""fcf_margin"": null, ""roic"": 0.9499696367135091}}",False,"{""floor"": false, ""mom_sector_pct"": 23.728813559322035, ""eps_rev_proxy"": null}"
EFX,33185,Equifax,Industrials,Research & Consulting Services,Commercial and Professional Services,29.26488706365503,5.9986310746064335,237237753.19699988,-0.22914595538435478,-0.3362262998329847,-0.3821711616889081,9.0,,,0.11303810284598677,0.12874267307387655,0.49393722693805325,0.09964525402578114,0.09897731073207654,0.46669331855268587,9,9,False,0.08035053389890412,0.16662229501691672,0.10487097450192295,False,,0.15714174877802778,0.1199006905112887,,1.3901661901751108,1.2032754764242648,1.0331362387307905,2.307692307692308,-0.8764528460010012,0.46264793902291196,260.0,gm_derived,155.32000732421875,117484896.0,18247754907.20508,23562954907.20508,9695400000.0,5315200000.0,1612400000.0,507400000.0,92300000.0,747400000.0,5297000000.0,6444500000.0,1150400000.0,1105000000.0,1012700000.0,772700000.0,1897800000.0,691400000.0,851337570.4113083,0.25996386438516317,0.08780840093356729,20.482401692633065,23.26745818821475,0.04297848058480716,30.49431203210182,0.03279300083724745,26.392471662142142,1.5982065374602257,2.7911265676045947,6792800000.0,1319000000.0,0.8366648101161376,1.0,0.08499208298165985,0.08393549212194472,1.5384615384615385,-0.44510602823371054,0.415994400766436,260.0,[],True,0.9,ig,Commercial and Professional Services,10.0,36.36363636363637,,9.090909090909092,18.181818181818183,100.0,0.0,27.272727272727266,9.375,1.0,30.735562541316504,"{'profitability': 46.7, 'growth': 83.5, 'balance': 7.0, 'stability': 67.1}",55.96897937853692,False,0.03338044488440328,22.503599972460083,,43.35227095992671,,False,"{""floor"": false, ""depressed_arms"": {""self_pct"": true, ""self_z"": false, ""median_ratio"": true}, ""yield_arm"": false, ""residual_arm"": false, ""brakes"": {""gm"": false, ""fcf_margin"": true, ""roic"": true}, ""self_pct"": 1.5384615384615385, ""self_z"": -0.44510602823371054, ""median_ratio"": 0.415994400766436, ""fcf_yield"": 0.04297848058480716, ""yield_threshold"": 0.0495, ""gs10"": 0.0495, ""residual_pct"": null, ""brake_values"": {""gm"": null, ""fcf_margin"": 1.3901661901751108, ""roic"": 1.0331362387307905}}",False,"{""floor"": false, ""mom_sector_pct"": 9.375, ""eps_rev_proxy"": null}"
OMC,29989,Omnicom Group,Communication Services,Advertising,Media and Entertainment,28.73100616016427,5.9986310746064335,234409899.9646935,0.1811237627775082,-0.13608695860961917,0.020388222159567704,10.0,0.16772482089715476,0.247747676294742,0.09485015064372773,0.08567130858550796,0.4167021354166537,0.09465934836179912,0.08925942214658585,0.43578075114916864,5,9,False,0.0557075161852465,0.11075007077923482,0.12339290009419623,False,0.09459050463065721,0.14543693630072033,0.13519198563386534,0.5639624721296204,1.533333740786608,1.4281947633650056,,21.53846153846154,-0.34931370219156155,0.7830013295105256,260.0,gm_derived,75.48999786376953,285006196.0,21515117127.20108,29933117127.20108,17855100000.0,8418000000.0,3171800000.0,181500000.0,107100000.0,384600000.0,7783000000.0,19824400000.0,638300000.0,2990300000.0,2883200000.0,2680100000.0,1022900000.0,63000000.0,,,,46.89506051574664,10.381907993618576,0.09632140841689868,11.168656813999881,0.08953628145745357,341.5097956698584,47.46507936507936,7.608759409521947,18733900000.0,4945200000.0,1.3261813151424522,,,,11.923076923076923,-0.6580036893737015,0.694403273871316,260.0,[],True,0.8,ig,Media and Entertainment,,33.33333333333333,25.0,,72.22222222222221,100.0,0.0,11.111111111111114,90.9090909090909,1.0,11.102625670280672,"{'profitability': 34.3, 'growth': 69.4, 'balance': 0.0, 'stability': 32.2}",61.84677713499868,False,,,,36.474701402639674,,False,"{""floor"": false, ""depressed_arms"": {""self_pct"": true, ""self_z"": false, ""median_ratio"": true}, ""yield_arm"": true, ""residual_arm"": false, ""brakes"": {""gm"": false, ""fcf_margin"": true, ""roic"": false}, ""self_pct"": 11.923076923076923, ""self_z"": -0.6580036893737015, ""median_ratio"": 0.694403273871316, ""fcf_yield"": 0.09632140841689868, ""yield_threshold"": 0.0495, ""gs10"": 0.0495, ""residual_pct"": null, ""brake_values"": {""gm"": 0.5639624721296204, ""fcf_margin"": 1.533333740786608, ""roic"": null}}",False,"{""floor"": false, ""mom_sector_pct"": 90.9090909090909, ""eps_rev_proxy"": null}"
GRMN,1121788,Garmin,Consumer Discretionary,Consumer Electronics,Consumer Durables and Apparel,13.782340862422998,5.9986310746064335,232019889.3700388,0.20086530390997326,-0.07139631296852456,0.21561809186671987,10.0,0.5813631200164734,0.008753557192912046,0.15319511106563782,0.1651931352329626,0.3194510232230973,0.16811516279952407,0.17698897760119048,0.2696051643643785,8,9,False,0.11594339557461586,0.0748829109184983,0.0637569252425898,False,0.5913854255189874,0.17149244450863482,0.18610502887963934,1.0172393211014659,1.1194381029245597,1.1070091821614452,1.077267798842685,86.53846153846155,1.2689952353194918,1.3245847971113605,260.0,,287.5799865722656,192856206.0,55461585131.85809,53140274131.85809,6949713000.0,-2321311000.0,1748559000.0,297001000.0,171554000.0,187934000.0,-2321311000.0,7463909000.0,1974917000.0,1451558000.0,1280004000.0,1389071000.0,2162851000.0,1736196000.0,1634349798.2026572,0.1724463366295104,0.2351679555979732,26.907598715215926,41.51570942892217,0.02408726753693251,38.255981250676236,0.026139703317172743,31.944311086915356,0.8360565281799981,-1.0732644088751375,750633000.0,,0.10800920843781607,10.0,0.21830036677102527,0.23261318568123762,80.76923076923077,0.6412795280261493,1.2704034221440879,260.0,[],True,1.0,ig,Consumer Durables and Apparel,62.5,100.0,62.5,100.0,70.0,11.11111111111111,60.0,22.222222222222214,75.75757575757575,1.0,67.56232686572459,"{'profitability': 83.0, 'growth': 79.5, 'balance': 100.0, 'stability': 77.6}",21.211995863916634,True,0.3736964459708201,28.570520945865162,66.21621621621621,44.387161364820614,3.0,False,"{""floor"": true, ""depressed_arms"": {""self_pct"": false, ""self_z"": false, ""median_ratio"": false}, ""yield_arm"": false, ""residual_arm"": false, ""brakes"": {""gm"": true, ""fcf_margin"": true, ""roic"": true}, ""self_pct"": 80.76923076923077, ""self_z"": 0.6412795280261493, ""median_ratio"": 1.2704034221440879, ""fcf_yield"": 0.02408726753693251, ""yield_threshold"": 0.0495, ""gs10"": 0.0495, ""residual_pct"": 66.21621621621621, ""brake_values"": {""gm"": 1.0172393211014659, ""fcf_margin"": 1.1194381029245597, ""roic"": 1.077267798842685}}",False,"{""floor"": true, ""mom_sector_pct"": 75.75757575757575, ""eps_rev_proxy"": 3.0}"
GNRC,1474735,Generac,Industrials,Heavy Electrical Equipment,Capital Goods,5.508555783709788,5.9986310746064335,229844168.01120418,0.09229213992382657,-0.28561704270394817,0.1851191127685874,9.0,0.3614873028304954,0.06095382596077019,0.06630728926210988,0.07417617114918612,0.6649912494157956,0.05951821452239421,0.07897952040894962,0.8828530891345456,7,9,False,0.1111342884289317,-0.08775322776285444,-0.13409904030539777,False,0.39539422519764655,0.07394341447061908,0.06360870627016905,1.0937983771536517,1.1151626811092206,1.0687267214011564,0.7101852009954744,59.79381443298969,0.44867889054446647,1.5008927699656476,194.0,,199.4199981689453,59006361.0,11767048402.576126,12907085402.576126,4017660000.0,1140037000.0,548133000.0,168884000.0,51034000.0,214757000.0,1140032000.0,4438732000.0,421488000.0,379249000.0,328215000.0,282342000.0,636245000.0,260041000.0,323490124.19659567,0.23250454533321074,0.08051704828098835,30.62266399654587,39.32509301091091,0.025429056193777996,45.71436556578946,0.021874961789874525,45.25074277739328,1.4584200183817166,1.7918129022624931,1651751000.0,721188000.0,0.5906271312156828,8.0,0.11337471995773316,0.1132596709722605,52.17391304347826,0.014507997992137926,1.0602489337460184,207.0,['fcf_cagr5 gate'],False,1.0,ig,Capital Goods,27.027027027027028,24.390243902439025,53.125,63.41463414634146,22.61904761904762,82.05128205128204,43.24324324324324,21.951219512195124,51.5625,1.0,23.08320899880118,"{'profitability': 34.9, 'growth': 46.3, 'balance': 40.3, 'stability': 57.8}",31.40557207349406,False,0.348484256543125,27.753960690230162,,27.24439053614762,,False,"{""floor"": false, ""depressed_arms"": {""self_pct"": false, ""self_z"": false, ""median_ratio"": false}, ""yield_arm"": false, ""residual_arm"": false, ""brakes"": {""gm"": true, ""fcf_margin"": true, ""roic"": false}, ""self_pct"": 52.17391304347826, ""self_z"": 0.014507997992137926, ""median_ratio"": 1.0602489337460184, ""fcf_yield"": 0.025429056193777996, ""yield_threshold"": 0.0495, ""gs10"": 0.0495, ""residual_pct"": null, ""brake_values"": {""gm"": 1.0937983771536517, ""fcf_margin"": 1.1151626811092206, ""roic"": 0.7101852009954744}}",False,"{""floor"": false, ""mom_sector_pct"": 51.5625, ""eps_rev_proxy"": null}"
WSM,719955,"Williams-Sonoma, Inc.",Consumer Discretionary,Homefurnishing Retail,Consumer Discretionary Distribution and Retail,1.5030800821355237,5.9986310746064335,228254669.01426014,0.18401073558046144,-0.09512271452998167,0.14744639183869634,10.0,0.4433456988056802,0.038490248614738834,0.12706312368603515,0.1272614776539619,0.22871553051075788,0.13039290641401502,0.13095178036792912,0.18988302416064007,7,9,False,0.02850878391314704,-0.009193537164358001,-0.007229080269054777,False,0.4719449564755515,0.1527035825410523,0.15702729590778744,1.064507804512177,1.2017930782055468,1.2042625647840433,0.9687432205568355,74.23076923076923,1.7416153001795294,3.153326370753062,260.0,,227.8300018310547,117779173.0,26833629200.250107,27339912200.250107,2647197000.0,506283000.0,1609073000.0,265579000.0,121078000.0,230967000.0,506283000.0,8005156000.0,1537433000.0,1343494000.0,1222416000.0,1257028000.0,1768400000.0,1178646000.0,1150976245.328662,0.25136494056738606,0.4347905521684491,17.782831642257,22.365473128828572,0.044711774896951474,21.749644558633623,0.04597776286891297,22.766487308530387,1.1398621808414062,0.2862943904094096,77369000.0,,0.029226763251847143,10.0,0.44881919474856363,0.41981016915734803,76.53846153846153,1.7931668119948376,3.1649335607145406,260.0,[],True,1.0,ig,Consumer Discretionary Distribution and Retail,87.5,87.5,77.77777777777779,93.75,55.55555555555556,88.88888888888889,75.0,22.222222222222214,69.6969696969697,1.0,44.81132574627202,"{'profitability': 75.5, 'growth': 11.9, 'balance': 90.5, 'stability': 73.6}",29.867433178305294,False,-0.2585632613686544,28.964810232320296,,37.339379462288655,,False,"{""floor"": false, ""depressed_arms"": {""self_pct"": false, ""self_z"": false, ""median_ratio"": false}, ""yield_arm"": false, ""residual_arm"": false, ""brakes"": {""gm"": true, ""fcf_margin"": true, ""roic"": true}, ""self_pct"": 76.53846153846153, ""self_z"": 1.7931668119948376, ""median_ratio"": 3.1649335607145406, ""fcf_yield"": 0.044711774896951474, ""yield_threshold"": 0.0495, ""gs10"": 0.0495, ""residual_pct"": null, ""brake_values"": {""gm"": 1.064507804512177, ""fcf_margin"": 1.2017930782055468, ""roic"": 0.9687432205568355}}",False,"{""floor"": false, ""mom_sector_pct"": 69.6969696969697, ""eps_rev_proxy"": null}"
FFIV,1048695,"F5, Inc.",Information Technology,Communications Equipment,Technology Hardware and Equipment,15.761806981519507,5.9986310746064335,226722011.11176944,0.2135315546520824,0.0,0.40360758792109985,10.0,0.8031229335139299,0.0109350533114446,0.14842066001746476,0.14260725139585836,0.2540876570316046,0.12304448178940015,0.11004503314107311,0.5233864246278732,9,9,False,0.05607201474998624,0.08566473257280083,0.1150137046003683,False,0.8186552452277378,0.2172075814696138,0.21190197900966115,1.0193398931416997,1.4634592073910386,1.7221575151362518,1.4258809432378443,61.53846153846154,0.0987140195634208,1.0609437165338638,260.0,,455.989990234375,56627182.0,25821428167.180176,24468026167.180176,2502327000.0,-1353402000.0,1049441000.0,79846000.0,250783000.0,97404000.0,-1353402000.0,3309332000.0,812125000.0,969595000.0,718812000.0,701254000.0,909529000.0,726510000.0,691366409.872429,0.14869458535024907,0.27628939378124,30.12839915921832,34.03953490923938,0.029377604678393218,34.89181689827106,0.028660015123762483,35.541738127734206,1.3345927791771621,-1.4880251206943373,2482495000.0,69552000.0,1.0198695054643139,7.0,0.19376750568939577,0.1685951130117355,70.38461538461539,0.740369535613702,1.2176185789278524,260.0,[],True,1.0,ig,Technology Hardware and Equipment,47.61904761904761,68.42105263157895,100.0,47.61904761904761,64.28571428571429,76.19047619047619,95.0,42.85714285714286,54.23728813559322,1.0,65.50083399016017,"{'profitability': 70.7, 'growth': 59.1, 'balance': 100.0, 'stability': 86.2}",34.52148809044805,True,-0.05131596347206635,35.83190164534677,33.78378378378378,50.01116104030412,4.0,False,"{""floor"": true, ""depressed_arms"": {""self_pct"": false, ""self_z"": false, ""median_ratio"": false}, ""yield_arm"": false, ""residual_arm"": false, ""brakes"": {""gm"": true, ""fcf_margin"": true, ""roic"": true}, ""self_pct"": 70.38461538461539, ""self_z"": 0.740369535613702, ""median_ratio"": 1.2176185789278524, ""fcf_yield"": 0.029377604678393218, ""yield_threshold"": 0.0495, ""gs10"": 0.0495, ""residual_pct"": 33.78378378378378, ""brake_values"": {""gm"": 1.0193398931416997, ""fcf_margin"": 1.4634592073910386, ""roic"": 1.4258809432378443}}",False,"{""floor"": true, ""mom_sector_pct"": 54.23728813559322, ""eps_rev_proxy"": 4.0}"
PODD,1145197,Insulet Corporation,Health Care,Health Care Equipment,Health Care Equipment and Services,3.5290896646132786,5.9986310746064335,223569206.56816593,-0.5436163368465016,-0.58975052454092,-0.5707861462479118,3.0,0.6798617974467656,0.049304298760763844,0.002716455016479327,0.01278651817806847,1.7933526908063109,0.03384511812113236,0.014436391491367627,1.7870425256672648,9,9,False,0.2452622671955278,,,False,0.7107486736097465,0.07067531276609682,0.10938625794196634,1.0454311100858693,26.01747952288783,3.231965613193333,1.4667004300967132,8.55614973262032,-0.19360392441495788,0.3022640812732269,187.0,,136.49000549316406,69354199.0,9466155002.483994,10370655002.483994,2326700000.0,904500000.0,511200000.0,217500000.0,77900000.0,99300000.0,904500000.0,3053400000.0,515700000.0,293700000.0,215800000.0,334000000.0,615000000.0,375300000.0,391231473.620376,0.24135839902971498,0.16814865415411354,20.109860388760897,48.0567887047451,0.02080871458440294,31.049865276898185,0.03220625890264403,25.22290168527576,0.7825739408473221,1.4707317073170731,51600000.0,115100000.0,0.07164653801521469,3.0,0.11464417048205675,0.13872106706596404,,,,,"['mktcap<10B', 'fcf_cagr5 gate']",False,0.9,ig,Health Care Equipment and Services,48.148148148148145,3.4482758620689653,77.27272727272727,41.07142857142857,5.0,13.793103448275861,55.55555555555556,50.0,2.380952380952381,1.0,42.17327042656028,"{'profitability': 37.2, 'growth': 100.0, 'balance': 51.0, 'stability': 70.1}",,False,0.637263378897527,25.40942150689473,,,,False,"{""floor"": false, ""depressed_arms"": {""self_pct"": false, ""self_z"": false, ""median_ratio"": false}, ""yield_arm"": false, ""residual_arm"": false, ""brakes"": {""gm"": true, ""fcf_margin"": true, ""roic"": true}, ""self_pct"": null, ""self_z"": null, ""median_ratio"": null, ""fcf_yield"": 0.02080871458440294, ""yield_threshold"": 0.0495, ""gs10"": 0.0495, ""residual_pct"": null, ""brake_values"": {""gm"": 1.0454311100858693, ""fcf_margin"": 26.01747952288783, ""roic"": 1.4667004300967132}}",False,"{""floor"": false, ""mom_sector_pct"": 2.380952380952381, ""eps_rev_proxy"": null}"
DECK,910521,Deckers Brands,Consumer Discretionary,Footwear,Consumer Durables and Apparel,2.518822724161533,5.9986310746064335,223500974.9635653,-0.17027507874102366,-0.3414613813513401,-0.2569726876034417,10.0,0.5451392780020936,0.059427068706471076,0.1473557935506418,0.1846130424910723,0.5143436801086595,0.1521816236314129,0.18798634951937696,0.5174322271175997,9,9,False,0.1653985803329907,0.14238355335082042,0.14769983454089708,False,0.5780379857105354,0.1937606302113025,0.19409406672963908,1.0603491787071624,1.3149169472234747,1.2754106711316144,,53.84615384615385,0.2705273198680647,1.4896036317919379,260.0,,78.58999633789062,136414227.0,10720793600.36618,9621614600.36618,1202503000.0,-1099179000.0,1193713000.0,75905000.0,46837000.0,74062000.0,-1104821000.0,5527289000.0,1252917000.0,1117808000.0,1070971000.0,1072814000.0,1326979000.0,1014840000.0,,,,7.679371099894231,8.984010398382571,0.11130886493408713,8.968576659482613,0.11150041282667576,10.56402349174863,1.1014622994757794,-0.8325836354606968,13990000.0,15699000.0,0.024689335494381303,,,,53.84615384615385,0.21459730963598284,1.3738652133975235,260.0,[],True,0.8,ig,Consumer Durables and Apparel,,90.0,37.5,,70.0,44.44444444444444,50.0,77.77777777777777,33.33333333333333,1.0,61.832579062904,"{'profitability': 73.8, 'growth': 100.0, 'balance': 100.0, 'stability': 69.1}",70.18439716312056,True,,,,66.00848811301228,-5.0,False,"{""floor"": true, ""depressed_arms"": {""self_pct"": false, ""self_z"": false, ""median_ratio"": false}, ""yield_arm"": true, ""residual_arm"": false, ""brakes"": {""gm"": true, ""fcf_margin"": true, ""roic"": false}, ""self_pct"": 53.84615384615385, ""self_z"": 0.21459730963598284, ""median_ratio"": 1.3738652133975235, ""fcf_yield"": 0.11130886493408713, ""yield_threshold"": 0.0495, ""gs10"": 0.0495, ""residual_pct"": null, ""brake_values"": {""gm"": 1.0603491787071624, ""fcf_margin"": 1.3149169472234747, ""roic"": null}}",False,"{""floor"": true, ""mom_sector_pct"": 33.33333333333333, ""eps_rev_proxy"": -5.0}"
CRL,1100682,Charles River Laboratories,Health Care,Life Sciences Tools & Services,Pharmaceuticals Biotechnology and Life Sciences,5.363449691991787,5.9986310746064335,222986067.06171218,0.962170199181843,-0.06050345784554734,0.8667877701255584,10.0,,,0.09496074369946848,0.10659757347489092,0.21444085952020764,0.07861432615046224,0.07209893716025707,0.20595312048383602,7,9,False,0.06549616324686203,0.0641150832577817,0.006144692963417908,False,,0.07190420974111694,0.05031399201847868,,0.7571993114194556,0.6400104724192544,0.2182226519264275,97.3076923076923,2.801407833121181,1.7720082507909465,260.0,gm_derived,277.3299865722656,47738872.0,13239420730.735107,15176204730.735107,4776420000.0,1936784000.0,582148000.0,211543000.0,83061000.0,297882000.0,1930430000.0,3998987000.0,90144000.0,370605000.0,287544000.0,201205000.0,388026000.0,-238458000.0,73634153.8625793,0.18314969534767375,0.015416180709104162,168.35512880208452,52.77872162429092,0.01894702958359945,75.42657851810397,0.013257926047381017,,,4.97500167514548,3076851000.0,253174000.0,0.6971801056021036,3.0,0.07064427351154012,0.09347342300526175,75.38461538461539,0.8276884608418866,1.3036088169249347,260.0,[],True,0.8,ig,Pharmaceuticals Biotechnology and Life Sciences,25.0,16.666666666666664,,29.166666666666668,62.5,,8.333333333333343,0.0,97.61904761904762,1.0,16.6556562673617,"{'profitability': 18.2, 'growth': 54.0, 'balance': 0.0, 'stability': 70.9}",15.981981215505371,False,0.4348319690344451,34.16754240376856,,16.318818741433535,,False,"{""floor"": false, ""depressed_arms"": {""self_pct"": false, ""self_z"": false, ""median_ratio"": false}, ""yield_arm"": false, ""residual_arm"": false, ""brakes"": {""gm"": false, ""fcf_margin"": false, ""roic"": false}, ""self_pct"": 75.38461538461539, ""self_z"": 0.8276884608418866, ""median_ratio"": 1.3036088169249347, ""fcf_yield"": 0.01894702958359945, ""yield_threshold"": 0.0495, ""gs10"": 0.0495, ""residual_pct"": null, ""brake_values"": {""gm"": null, ""fcf_margin"": 0.7571993114194556, ""roic"": 0.2182226519264275}}",False,"{""floor"": false, ""mom_sector_pct"": 97.61904761904762, ""eps_rev_proxy"": null}"
DOV,29905,Dover Corporation,Industrials,Industrial Machinery & Supplies & Components,Capital Goods,40.89801505817933,5.9986310746064335,222644491.3136409,0.19163887215773845,-0.1837825045207897,0.13676421630863222,10.0,0.37974150854078975,0.02567880190192772,0.1114150229008857,0.11550267412209385,0.21983569557604066,0.09475671352172418,0.10049612492903513,0.23767570986017078,6,9,False,0.03899422656407947,0.03543843341733166,0.02691420761036989,False,0.39583429328486786,0.134880038914258,0.11430196362143913,1.0423782609541867,1.2106090848650337,1.2062677078308963,0.911721059704058,10.76923076923077,-0.7025107873912588,0.8733217460271535,260.0,,189.02999877929688,134680225.0,25458602767.34543,27900891767.34543,10146293000.0,2442289000.0,1395359000.0,218730000.0,40863000.0,392009000.0,2442289000.0,8420564000.0,1420151000.0,1176629000.0,1135766000.0,962487000.0,1812160000.0,1134750000.0,1153085118.1254156,0.18805456734853157,0.11364595110011268,19.646426166897342,24.56570435049599,0.040707157658999085,28.988331029245515,0.0344966393198397,22.43542874408057,1.03690592641551,1.3477226072752957,5376664000.0,1642611000.0,0.6918068500485842,8.0,0.12464991335946744,0.1220213861711389,8.076923076923077,-0.8412837120052632,0.8609424011382577,260.0,[],True,1.0,ig,Capital Goods,43.24324324324324,60.97560975609756,65.625,63.41463414634146,64.28571428571429,38.46153846153847,62.16216216216216,63.41463414634146,62.5,1.0,32.397076277380414,"{'profitability': 51.5, 'growth': 31.0, 'balance': 55.1, 'stability': 69.8}",62.045048179900036,False,-0.12383019918186022,27.80404565648465,,47.22106222864022,,False,"{""floor"": false, ""depressed_arms"": {""self_pct"": true, ""self_z"": false, ""median_ratio"": false}, ""yield_arm"": false, ""residual_arm"": false, ""brakes"": {""gm"": true, ""fcf_margin"": true, ""roic"": true}, ""self_pct"": 8.076923076923077, ""self_z"": -0.8412837120052632, ""median_ratio"": 0.8609424011382577, ""fcf_yield"": 0.040707157658999085, ""yield_threshold"": 0.0495, ""gs10"": 0.0495, ""residual_pct"": null, ""brake_values"": {""gm"": 1.0423782609541867, ""fcf_margin"": 1.2106090848650337, ""roic"": 0.911721059704058}}",False,"{""floor"": false, ""mom_sector_pct"": 62.5, ""eps_rev_proxy"": null}"
XYL,1524472,Xylem Inc.,Industrials,Industrial Machinery & Supplies & Components,Capital Goods,14.896646132785763,5.9986310746064335,219609593.42017373,-0.21086253271299793,-0.2719390573984354,-0.22979161041415697,10.0,0.37725824070431696,0.013825168144425571,0.07755615633853155,0.06871265616512764,0.40858954143422394,0.05960558095440736,0.0584932995291561,0.3663197535199703,8,9,False,0.1405593869282733,0.07259723371599303,0.023044746725821685,False,0.39239535393381547,0.09938636861713784,0.07484111330265177,1.0401240094881388,1.2814762013645664,1.2556058024146792,,4.230769230769231,-0.5280638244630141,0.6870386674300123,260.0,,108.63999938964844,233486812.0,25366007113.17096,27394007113.17096,12449000000.0,2028000000.0,1301000000.0,341000000.0,53000000.0,565000000.0,2025000000.0,9126000000.0,1321000000.0,960000000.0,907000000.0,683000000.0,1886000000.0,1018000000.0,,,,20.737325596647207,30.20287443569014,0.03310943142611353,40.1083559490058,0.02493246048956509,24.91749225262373,0.9430255402750491,1.0737009544008485,8256000000.0,168000000.0,0.6766808579002329,,,,3.4615384615384617,-0.4868252148140313,0.6648783429980009,260.0,[],True,0.8,ig,Capital Goods,,34.146341463414636,62.5,,64.28571428571429,30.76923076923077,64.86486486486487,58.53658536585366,12.5,1.0,39.46242310104976,"{'profitability': 27.5, 'growth': 80.2, 'balance': 64.2, 'stability': 72.6}",60.429975250356115,False,,,,49.94619917570294,,False,"{""floor"": false, ""depressed_arms"": {""self_pct"": true, ""self_z"": false, ""median_ratio"": true}, ""yield_arm"": false, ""residual_arm"": false, ""brakes"": {""gm"": true, ""fcf_margin"": true, ""roic"": false}, ""self_pct"": 3.4615384615384617, ""self_z"": -0.4868252148140313, ""median_ratio"": 0.6648783429980009, ""fcf_yield"": 0.03310943142611353, ""yield_threshold"": 0.0495, ""gs10"": 0.0495, ""residual_pct"": null, ""brake_values"": {""gm"": 1.0401240094881388, ""fcf_margin"": 1.2814762013645664, ""roic"": null}}",False,"{""floor"": false, ""mom_sector_pct"": 12.5, ""eps_rev_proxy"": null}"
RL,1037038,Ralph Lauren Corporation,Consumer Discretionary,"Apparel, Accessories & Luxury Goods",Consumer Durables and Apparel,19.641341546885695,5.9986310746064335,214870051.42431873,0.1436365530878636,-0.180903879793596,0.09011134236720664,9.0,0.6731908040771881,0.026368850272516644,0.08590061516048361,0.0982996116029336,0.4852857448309943,0.08454448625420616,0.09984595477232115,0.49348678883700586,6,9,False,0.13017585944048937,0.16038850681605243,,False,0.702688146304098,0.09170337035618537,0.1156644963615473,1.0438172091006872,1.0675519632177344,1.3680903567592841,1.3061640378337958,53.01724137931034,0.08218033222450595,1.0539323225312962,232.0,shares_was_proxy,337.4700012207031,60100000.0,20281947073.364258,21344247073.364258,3783900000.0,1062300000.0,1317400000.0,436600000.0,114600000.0,236400000.0,1062300000.0,8355200000.0,1248000000.0,880800000.0,766200000.0,966400000.0,1484400000.0,982900000.0,987727836.3797407,0.20855141315725903,0.2610343392742252,17.102762078016234,27.857278874137638,0.03589726062326884,22.086348378895135,0.04527683720481207,20.634802190827408,0.8961237155356598,0.715642683912692,899500000.0,93300000.0,0.2623747984883321,7.0,0.19984805255175828,0.190698964556656,72.06477732793523,0.021639054552885464,1.6822337187273821,247.0,[],True,1.0,ig,Consumer Durables and Apparel,50.0,50.0,75.0,72.22222222222221,25.0,22.22222222222222,30.0,33.33333333333334,57.57575757575758,1.0,44.7223404939789,"{'profitability': 66.0, 'growth': 100.0, 'balance': 76.1, 'stability': 56.4}",32.343646272087035,False,-0.02360171163578295,28.522578559779966,,38.53299338303297,,False,"{""floor"": false, ""depressed_arms"": {""self_pct"": false, ""self_z"": false, ""median_ratio"": false}, ""yield_arm"": false, ""residual_arm"": false, ""brakes"": {""gm"": true, ""fcf_margin"": true, ""roic"": true}, ""self_pct"": 72.06477732793523, ""self_z"": 0.021639054552885464, ""median_ratio"": 1.6822337187273821, ""fcf_yield"": 0.03589726062326884, ""yield_threshold"": 0.0495, ""gs10"": 0.0495, ""residual_pct"": null, ""brake_values"": {""gm"": 1.0438172091006872, ""fcf_margin"": 1.0675519632177344, ""roic"": 1.3061640378337958}}",False,"{""floor"": false, ""mom_sector_pct"": 57.57575757575758, ""eps_rev_proxy"": null}"
ZBRA,877212,Zebra Technologies,Information Technology,Electronic Equipment & Instruments,Technology Hardware and Equipment,6.754277891854894,5.9986310746064335,214128288.7242516,0.18907837765832625,-0.014528941970802234,0.23768223174852388,9.0,0.46980986097445443,0.02398001504640197,0.09756189472170244,0.12379540400296515,0.6639099010213969,0.07645980771507294,0.10544848035581912,0.9339652698845281,7,9,False,0.03939693656763299,-0.014729232461778152,-0.05748088617015479,False,0.495809817000171,0.12485035060714897,0.1017615871387036,1.055341443816843,1.2797040377627706,1.3309160744677466,0.8657274000436184,60.57692307692307,0.0786429728009054,1.139132538200821,208.0,,371.0199890136719,47310660.0,17553200553.429565,20358200553.429565,6240000000.0,2805000000.0,979000000.0,75000000.0,174000000.0,210000000.0,2805000000.0,5847000000.0,858000000.0,904000000.0,730000000.0,595000000.0,1068000000.0,539000000.0,652273624.8236954,0.2397743300423131,0.10453102961918195,23.72750647252863,27.887945963602146,0.03585778605943753,34.21546311500767,0.02922655165118538,32.56623479300476,1.6771799628942485,2.6264044943820224,4701000000.0,809000000.0,0.8830128205128205,5.0,0.12074358465946129,0.09327397055776941,50.0,-0.0018349947144435466,0.9951889544713057,234.0,[],True,1.0,ig,Technology Hardware and Equipment,23.809523809523807,42.10526315789473,65.0,35.714285714285715,26.190476190476193,95.23809523809523,5.0,71.42857142857143,50.847457627118644,1.0,17.150793269964186,"{'profitability': 48.1, 'growth': 16.4, 'balance': 12.5, 'stability': 61.5}",50.058247671934595,False,-0.24164937891170624,35.5110505117981,,33.60452047094939,,False,"{""floor"": false, ""depressed_arms"": {""self_pct"": false, ""self_z"": false, ""median_ratio"": false}, ""yield_arm"": false, ""residual_arm"": false, ""brakes"": {""gm"": true, ""fcf_margin"": true, ""roic"": false}, ""self_pct"": 50.0, ""self_z"": -0.0018349947144435466, ""median_ratio"": 0.9951889544713057, ""fcf_yield"": 0.03585778605943753, ""yield_threshold"": 0.0495, ""gs10"": 0.0495, ""residual_pct"": null, ""brake_values"": {""gm"": 1.055341443816843, ""fcf_margin"": 1.2797040377627706, ""roic"": 0.8657274000436184}}",False,"{""floor"": false, ""mom_sector_pct"": 50.847457627118644, ""eps_rev_proxy"": null}"
LVS,1300514,Las Vegas Sands,Consumer Discretionary,Casinos & Gaming,Consumer Services,6.976043805612594,5.9986310746064335,213590162.15907922,-0.1480174409060323,-0.41495439816246416,-0.25867685075108826,7.0,,,-0.033700289625769264,0.1383575324575555,2.640444568868794,0.09702989786465398,0.22217100714450333,1.1621407839663513,6,9,False,0.34658172096858997,,,False,,0.19221517603323857,0.26160798892047527,,-5.703665403702029,2.696158551927877,2.403995642292418,,,,,,39.189998626708984,647701184.0,25383408511.477783,38437408511.47778,13635000000.0,13054000000.0,3732000000.0,1029000000.0,66000000.0,77000000.0,12738000000.0,13719000000.0,2948000000.0,2703000000.0,2637000000.0,3589000000.0,3025000000.0,1727000000.0,2458345004.269855,0.16609735269000853,0.18029666331278732,13.038469644327606,14.576188286491385,0.06860504134175867,10.709782254521533,0.09337257996798327,14.697978292691246,1.5651418645049218,4.210909090909091,103000000.0,488000000.0,0.04334433443344334,7.0,0.0749987479764559,0.1393881061823174,0.6024096385542169,-0.4091171733957002,0.5600207090515441,166.0,['fcf_cagr5 gate'],False,0.9,ig,Consumer Services,50.0,23.076923076923077,,76.92307692307693,30.76923076923077,69.23076923076923,11.111111111111114,69.23076923076923,39.39393939393939,1.0,24.44773920659385,"{'profitability': 62.5, 'growth': 100.0, 'balance': 0.0, 'stability': 44.4}",79.47840274622645,False,-0.46308282332907824,23.161052150919534,,51.96307097641015,,False,"{""floor"": false, ""depressed_arms"": {""self_pct"": true, ""self_z"": false, ""median_ratio"": true}, ""yield_arm"": true, ""residual_arm"": false, ""brakes"": {""gm"": false, ""fcf_margin"": false, ""roic"": true}, ""self_pct"": 0.6024096385542169, ""self_z"": -0.4091171733957002, ""median_ratio"": 0.5600207090515441, ""fcf_yield"": 0.06860504134175867, ""yield_threshold"": 0.0495, ""gs10"": 0.0495, ""residual_pct"": null, ""brake_values"": {""gm"": null, ""fcf_margin"": -5.703665403702029, ""roic"": 2.403995642292418}}",False,"{""floor"": false, ""mom_sector_pct"": 39.39393939393939, ""eps_rev_proxy"": null}"
WST,105770,West Pharmaceutical Services,Health Care,Health Care Supplies,Health Care Equipment and Services,6.3408624229979464,5.9986310746064335,211564167.6939547,0.2944433206958439,0.0,0.4417352738598752,10.0,0.3791735860692516,0.06548686709520675,0.12279722051539388,0.13261916062105905,0.18545619442774117,0.18142161542250174,0.1820370189649003,0.13157355400857676,8,9,False,0.07443769129295252,0.0948223416998002,0.11181063049575268,False,0.3678610075748467,0.12152819526271492,0.13472405915594565,0.9701651726016094,0.9896656842284157,0.7426020259063123,0.8469307175296453,88.84615384615384,1.433453896043632,1.40703040869231,260.0,,375.8699951171875,70375762.0,26452137319.30835,26324337319.30835,2862400000.0,-127800000.0,662200000.0,225300000.0,32600000.0,181400000.0,-127800000.0,3326800000.0,680400000.0,436900000.0,404300000.0,448200000.0,861800000.0,564900000.0,538944290.6574394,0.20790080738177624,0.18828405906143075,38.68950223296348,65.11090111132414,0.015358411309501585,58.733461221125275,0.017026069623840245,46.82622998638405,0.7734112232253496,-0.14829426781155722,108700000.0,17700000.0,0.044158747903856904,4.0,0.2223134137944881,0.21302831719844637,63.84615384615384,0.1470046143981227,1.0374273428505254,260.0,[],True,1.0,ig,Health Care Equipment and Services,81.48148148148148,68.96551724137932,27.27272727272727,51.78571428571429,58.333333333333336,10.344827586206897,77.77777777777777,6.666666666666671,61.904761904761905,1.0,62.66890964252944,"{'profitability': 71.4, 'growth': 70.5, 'balance': 100.0, 'stability': 78.6}",21.2458212651909,True,0.9283780967326085,25.731447712330723,87.83783783783784,41.95736545386017,7.0,False,"{""floor"": true, ""depressed_arms"": {""self_pct"": false, ""self_z"": false, ""median_ratio"": false}, ""yield_arm"": false, ""residual_arm"": false, ""brakes"": {""gm"": true, ""fcf_margin"": true, ""roic"": false}, ""self_pct"": 63.84615384615384, ""self_z"": 0.1470046143981227, ""median_ratio"": 1.0374273428505254, ""fcf_yield"": 0.015358411309501585, ""yield_threshold"": 0.0495, ""gs10"": 0.0495, ""residual_pct"": 87.83783783783784, ""brake_values"": {""gm"": 0.9701651726016094, ""fcf_margin"": 0.9896656842284157, ""roic"": 0.8469307175296453}}",False,"{""floor"": true, ""mom_sector_pct"": 61.904761904761905, ""eps_rev_proxy"": 7.0}"
LII,1069202,Lennox International,Industrials,Building Products,Capital Goods,1.7522245037645447,5.9986310746064335,209547472.7814035,-0.23836660985506242,-0.34680634843541946,-0.27912106780133894,10.0,0.30665839290725294,0.08210446337006892,0.09592610265844886,0.09165255954793639,0.39394069815478294,,,,6,9,False,0.07409513973577586,0.036527902202271534,,False,0.3368709346114344,0.12012628856175586,,1.0985218158151604,1.2522794654701372,,-0.44321335464834877,,,,,,372.3399963378906,34799968.0,12957419957.67871,13425419957.67871,1681900000.0,468000000.0,809500000.0,148800000.0,29100000.0,,468000000.0,5257800000.0,1063000000.0,660700000.0,631600000.0,,,813100000.0,856700664.0896026,0.19407275250272574,0.5093648041438864,12.629745962068402,21.2562063927782,0.04704508328164099,,,15.935825799629455,0.8125691796826958,,503700000.0,274000000.0,0.4623937213865271,9.0,-1.1492541883085248,0.7421120276314146,3.4615384615384617,-1.1628568134157549,0.6096843396507758,260.0,[],True,0.9,ig,Capital Goods,2.7027027027027026,43.90243902439025,34.375,70.73170731707317,64.28571428571429,20.51282051282051,,95.1219512195122,6.25,0.7,32.59046833573243,"{'profitability': 68.3, 'growth': 46.1, 'balance': None, 'stability': 55.4}",75.58628056311191,False,,,,54.088374449422176,,False,"{""floor"": false, ""depressed_arms"": {""self_pct"": true, ""self_z"": true, ""median_ratio"": true}, ""yield_arm"": false, ""residual_arm"": false, ""brakes"": {""gm"": true, ""fcf_margin"": true, ""roic"": false}, ""self_pct"": 3.4615384615384617, ""self_z"": -1.1628568134157549, ""median_ratio"": 0.6096843396507758, ""fcf_yield"": 0.04704508328164099, ""yield_threshold"": 0.0495, ""gs10"": 0.0495, ""residual_pct"": null, ""brake_values"": {""gm"": 1.0985218158151604, ""fcf_margin"": 1.2522794654701372, ""roic"": -0.44321335464834877}}",False,"{""floor"": false, ""mom_sector_pct"": 6.25, ""eps_rev_proxy"": null}"
SW,2005951,Smurfit Westrock,Materials,Paper & Plastic Packaging Products & Materials,Materials,2.212183436002738,5.9986310746064335,208735409.68144783,0.1802256583831654,-0.07157689032203907,0.13623300474115863,4.0,0.22182461030700198,0.11662156791952011,0.025978773487826887,0.03311503482748247,0.7169034564478736,0.03712011823201705,0.04092051571550309,0.7824427225351009,2,3,False,,,,False,0.17933984549575432,0.028730128327906532,0.014109685245482985,0.8084758731123234,1.1059078035908383,0.3801088444086102,,,,,,,46.4900016784668,524522908.0,24385070873.314285,38600070873.314285,32251000000.0,14215000000.0,3297000000.0,2282000000.0,115000000.0,2740000000.0,14191000000.0,31326000000.0,1477000000.0,1015000000.0,900000000.0,442000000.0,4217000000.0,497000000.0,1009181189.4882435,0.31673582295988933,0.03129146970600116,26.134103502582455,42.888967637015874,0.023316019365710663,87.33047708894635,0.011450756177382348,49.06452892014947,2.0422535211267605,3.3651885226464313,7175000000.0,1021000000.0,0.2541316548324083,0.0,,,,,,,"['rev_cagr5 gate', 'fcf_cagr5 gate']",False,0.8,ig,Materials,,14.285714285714285,35.714285714285715,14.285714285714285,14.285714285714285,90.9090909090909,9.090909090909093,33.33333333333334,57.14285714285714,0.7,3.6187211712666842,"{'profitability': 13.6, 'growth': None, 'balance': 0.0, 'stability': 46.7}",,False,,,,,,False,"{""floor"": false, ""depressed_arms"": {""self_pct"": false, ""self_z"": false, ""median_ratio"": false}, ""yield_arm"": false, ""residual_arm"": false, ""brakes"": {""gm"": false, ""fcf_margin"": true, ""roic"": false}, ""self_pct"": null, ""self_z"": null, ""median_ratio"": null, ""fcf_yield"": 0.023316019365710663, ""yield_threshold"": 0.0495, ""gs10"": 0.0495, ""residual_pct"": null, ""brake_values"": {""gm"": 0.8084758731123234, ""fcf_margin"": 1.1059078035908383, ""roic"": null}}",False,"{""floor"": false, ""mom_sector_pct"": 57.14285714285714, ""eps_rev_proxy"": null}"
LH,920148,Labcorp,Health Care,Health Care Services,Health Care Equipment and Services,21.894592744695416,5.9986310746064335,204422027.88601732,0.2062990987649831,-0.09427439234524593,0.09424018777203402,10.0,0.3071127043945487,0.12585442907183025,0.10546711065494778,0.0774242565422135,0.4333340904458086,0.0933498405688397,0.0634642437100754,0.5362573579245019,7,9,False,-0.00038374040677147114,-0.07213807399036487,-0.09835784744759202,False,0.28882771117925843,0.07176609980485085,0.05691385558962922,0.9404616189638333,0.6804595229658364,0.6096834792948446,,90.38461538461539,1.043070537874255,1.3325283348305177,260.0,,303.9800109863281,81100000.0,24652778890.99121,31297278890.99121,15251300000.0,6644500000.0,1638400000.0,483200000.0,125500000.0,696300000.0,6624300000.0,14348000000.0,1496600000.0,1155200000.0,1029700000.0,816600000.0,2192900000.0,1002800000.0,,,,20.912253702386217,30.394560445752365,0.032900623839742016,38.326327321811426,0.026091725189407916,24.583943848216204,1.1519744714798563,3.0207943818687584,7030100000.0,3136600000.0,0.6666120265157724,,,,81.92307692307692,0.9684304765578323,1.3223204906712114,260.0,"['rev_cagr5 gate', 'fcf_cagr5 gate']",False,0.8,ig,Health Care Equipment and Services,,48.275862068965516,18.181818181818183,,58.333333333333336,37.93103448275862,18.51851851851852,43.333333333333336,47.61904761904761,1.0,6.273705344941185,"{'profitability': 28.7, 'growth': 0.0, 'balance': 0.0, 'stability': 54.6}",29.93401693915665,False,,,,18.103861142048917,,False,"{""floor"": false, ""depressed_arms"": {""self_pct"": false, ""self_z"": false, ""median_ratio"": false}, ""yield_arm"": false, ""residual_arm"": false, ""brakes"": {""gm"": false, ""fcf_margin"": false, ""roic"": false}, ""self_pct"": 81.92307692307692, ""self_z"": 0.9684304765578323, ""median_ratio"": 1.3223204906712114, ""fcf_yield"": 0.032900623839742016, ""yield_threshold"": 0.0495, ""gs10"": 0.0495, ""residual_pct"": null, ""brake_values"": {""gm"": 0.9404616189638333, ""fcf_margin"": 0.6804595229658364, ""roic"": null}}",False,"{""floor"": false, ""mom_sector_pct"": 47.61904761904761, ""eps_rev_proxy"": null}"
APA,1841666,APA Corporation,Energy,Oil & Gas Exploration & Production,Energy,29.15811088295688,5.9986310746064335,202787813.54066473,0.783056891389819,-0.026075288540154395,0.8316780873800698,4.0,0.4806949264706237,0.12787378975173047,0.14882482846329473,0.14634371934610071,0.5243235562296557,0.22930262358320685,0.22158228826838883,0.4127225259668044,1,3,False,,,,False,0.5148762207585738,0.2387008857597093,0.2657279127867363,1.0711080820821581,1.6039049950498083,1.1588524746656979,0.7028537535225448,,,,,sbc_unreported;facts_yf,43.70000076293945,350351510.0,15310361254.29699,19532361254.29699,11243000000.0,4222000000.0,4528000000.0,2426000000.0,,2188000000.0,3299000000.0,8806000000.0,3640000000.0,2102000000.0,2102000000.0,2340000000.0,5828000000.0,1677000000.0,2318493723.8493724,0.36305117476665594,0.20621664358706504,5.366033311620052,9.292274621454323,0.10761627704062529,8.347162929186748,0.11980118376549152,9.129613151041735,1.2534287418008347,0.5660603980782429,,,0.0,4.0,0.2933990784762174,0.23483588338642075,,,,,"['rev_cagr5 gate', 'fcf_cagr5 gate']",False,0.9,ig,Energy,90.9090909090909,75.0,80.0,68.18181818181817,13.636363636363635,80.0,63.63636363636363,90.9090909090909,81.81818181818183,0.7,23.122776621902723,"{'profitability': 79.3, 'growth': None, 'balance': 81.1, 'stability': 28.9}",,False,-0.7580697537062231,19.8311339169329,,,,False,"{""floor"": false, ""depressed_arms"": {""self_pct"": false, ""self_z"": false, ""median_ratio"": false}, ""yield_arm"": true, ""residual_arm"": false, ""brakes"": {""gm"": true, ""fcf_margin"": true, ""roic"": false}, ""self_pct"": null, ""self_z"": null, ""median_ratio"": null, ""fcf_yield"": 0.10761627704062529, ""yield_threshold"": 0.0495, ""gs10"": 0.0495, ""residual_pct"": null, ""brake_values"": {""gm"": 1.0711080820821581, ""fcf_margin"": 1.6039049950498083, ""roic"": 0.7028537535225448}}",False,"{""floor"": false, ""mom_sector_pct"": 81.81818181818183, ""eps_rev_proxy"": null}"
VRSN,1014473,Verisign,Information Technology,Internet Services & Infrastructure,Software and Services,20.643394934976044,5.9986310746064335,201351053.64972815,0.03919393167430285,-0.051158293534147914,0.043999598052182565,10.0,0.8682134854161827,0.011527041004784615,0.5354074857934782,0.5229138886939434,0.1278082584331425,,,,9,9,False,0.05540357333639068,0.09237710284589173,0.11723272617923519,True,0.8846536682475554,0.5804203993208034,,1.0189356455612897,1.0840722528573086,,,,,,,gm_derived;ev_or_ic_nonpos,293.2799987792969,90300000.0,26483183889.770508,25509996889.770508,-3227287000.0,-973187000.0,1101300000.0,35200000.0,74800000.0,,-1025439000.0,1707900000.0,1159000000.0,1066100000.0,991300000.0,,,850000000.0,892507700.6704113,0.22993295886936038,,22.010351069689825,25.733881660214372,0.03885927561196648,,,31.156686929141774,1.2542352941176471,,52500000.0,0.0,-0.016267533690062272,0.0,-0.31470886620955224,-0.3239741215158847,51.53846153846153,0.02465419374469346,1.0037048268711162,260.0,[],True,0.9,ig,Software and Services,5.263157894736842,100.0,88.88888888888889,15.0,63.63636363636363,28.57142857142857,,63.63636363636363,35.59322033898305,0.7,50.815074929702256,"{'profitability': 50.0, 'growth': 61.6, 'balance': None, 'stability': 92.5}",48.195500285137335,False,,,,49.505287607419795,,False,"{""floor"": false, ""depressed_arms"": {""self_pct"": false, ""self_z"": false, ""median_ratio"": false}, ""yield_arm"": false, ""residual_arm"": false, ""brakes"": {""gm"": true, ""fcf_margin"": true, ""roic"": false}, ""self_pct"": 51.53846153846153, ""self_z"": 0.02465419374469346, ""median_ratio"": 1.0037048268711162, ""fcf_yield"": 0.03885927561196648, ""yield_threshold"": 0.0495, ""gs10"": 0.0495, ""residual_pct"": null, ""brake_values"": {""gm"": 1.0189356455612897, ""fcf_margin"": 1.0840722528573086, ""roic"": null}}",False,"{""floor"": false, ""mom_sector_pct"": 35.59322033898305, ""eps_rev_proxy"": null}"
TDY,1094285,Teledyne Technologies,Information Technology,Electronic Equipment & Instruments,Technology Hardware and Equipment,6.2559890485968515,5.9986310746064335,200013717.37963396,0.07771488582678421,-0.10162013777011458,0.07613800411829463,10.0,0.423165097333821,0.028893507037725467,0.14558990468914032,0.15668682140302972,0.3275123620630468,0.10754271720589204,0.12138352512840518,0.44529316284586484,8,9,False,0.1465689073362828,0.14425819528975348,0.11184464266532967,False,0.4333898092369478,0.17916980421686746,0.14566076807228914,1.024162465117157,1.2306471702102288,1.3544456738378627,1.1450368233649644,17.307692307692307,-0.14379980046947902,0.8575870759616544,260.0,sbc_unreported;gm_derived,621.0499877929688,46355673.0,28789190150.78485,30642790150.78485,12772100000.0,1853600000.0,1271300000.0,129200000.0,,342800000.0,1853600000.0,6374400000.0,1239700000.0,1142100000.0,1142100000.0,928500000.0,1582500000.0,974800000.0,1011470711.2970711,0.18410041841004185,0.07919376698405674,24.717907679910343,26.830216400301946,0.037271410154885894,33.00246650596107,0.030300765544883593,29.53343265365701,1.171624948707427,1.1713112164297,8661900000.0,1193500000.0,0.7716350482692744,2.0,0.06916263771441597,0.07349148361525377,28.846153846153843,-0.19694330469564286,0.9207319277137145,260.0,[],True,1.0,ig,Technology Hardware and Equipment,9.523809523809524,63.1578947368421,50.0,16.666666666666664,64.28571428571429,61.904761904761905,40.0,61.904761904761905,42.3728813559322,1.0,51.25058673648843,"{'profitability': 49.7, 'growth': 100.0, 'balance': 61.0, 'stability': 75.2}",55.199660128532635,False,-0.2697189737221679,35.13675395109166,,53.22512343251053,,False,"{""floor"": false, ""depressed_arms"": {""self_pct"": false, ""self_z"": false, ""median_ratio"": false}, ""yield_arm"": false, ""residual_arm"": false, ""brakes"": {""gm"": true, ""fcf_margin"": true, ""roic"": true}, ""self_pct"": 28.846153846153843, ""self_z"": -0.19694330469564286, ""median_ratio"": 0.9207319277137145, ""fcf_yield"": 0.037271410154885894, ""yield_threshold"": 0.0495, ""gs10"": 0.0495, ""residual_pct"": null, ""brake_values"": {""gm"": 1.024162465117157, ""fcf_margin"": 1.2306471702102288, ""roic"": 1.1450368233649644}}",False,"{""floor"": false, ""mom_sector_pct"": 42.3728813559322, ""eps_rev_proxy"": null}"
PNR,77360,Pentair,Industrials,Industrial Machinery & Supplies & Components,Capital Goods,13.979466119096509,5.9986310746064335,197571652.79186732,-0.4312595497082985,-0.5016808409455098,-0.4904668264699269,10.0,0.36959247297878706,0.07233596821297011,0.13105494969997536,0.1389715257118572,0.28869820587985057,0.12289573019555984,0.1343763280917977,0.29946139304120867,6,9,False,0.06712183699096541,0.0784390887112405,0.06659620029731594,False,0.4093948551983438,0.16079289912666872,0.1492516003141137,1.1076926212776017,1.226912066234603,1.2144571668732074,0.9558018760851027,1.9230769230769231,-1.0939613668098873,0.6507036485885537,260.0,,55.25,161605541.0,8928706140.25,10942806140.25,5824200000.0,2014100000.0,786300000.0,70500000.0,40100000.0,119000000.0,2014100000.0,4202300000.0,864400000.0,715800000.0,675700000.0,627200000.0,983400000.0,671300000.0,742500340.7601572,0.14102228047182175,0.12748537837989032,12.659424040085609,16.19477007584727,0.061748329572853325,17.447076116470026,0.057316194032993345,13.300619902055713,1.066289289438403,2.048098434004474,3524700000.0,1057700000.0,0.7867861680574156,8.0,0.13338054838525895,0.13304199261865776,0.38461538461538464,-1.162166038226158,0.6435925819545505,260.0,['mktcap<10B'],False,1.0,ig,Capital Goods,45.94594594594595,73.17073170731707,56.25,63.41463414634146,64.28571428571429,41.02564102564102,37.83783783783784,92.6829268292683,1.5625,1.0,31.806958637794878,"{'profitability': 59.7, 'growth': 60.7, 'balance': 31.7, 'stability': 61.7}",85.47831309084926,False,-0.5417805546433319,27.8398628735499,,58.64263586432207,,False,"{""floor"": false, ""depressed_arms"": {""self_pct"": true, ""self_z"": true, ""median_ratio"": true}, ""yield_arm"": true, ""residual_arm"": false, ""brakes"": {""gm"": true, ""fcf_margin"": true, ""roic"": true}, ""self_pct"": 0.38461538461538464, ""self_z"": -1.162166038226158, ""median_ratio"": 0.6435925819545505, ""fcf_yield"": 0.061748329572853325, ""yield_threshold"": 0.0495, ""gs10"": 0.0495, ""residual_pct"": null, ""brake_values"": {""gm"": 1.1076926212776017, ""fcf_margin"": 1.226912066234603, ""roic"": 0.9558018760851027}}",False,"{""floor"": false, ""mom_sector_pct"": 1.5625, ""eps_rev_proxy"": null}"
PTC,857005,PTC Inc.,Information Technology,Application Software,Software and Services,5.429158110882957,5.9986310746064335,196495447.2650588,-0.22570955509459423,-0.31448661896342445,-0.30823812942408824,10.0,0.8057464567813162,0.02092781505528905,0.17101329454036007,0.18148706780419951,0.32554111082893594,0.1347026950200695,0.1428871850163062,0.52006608375412,9,9,False,0.13435593739979002,0.3201990243696191,,False,0.8450063169183729,0.23521753083644664,0.20812045611806748,1.0487248312501263,1.3754341817029554,1.5450355769575312,1.7161441934482127,3.8461538461538463,-1.2729979789228116,0.40374825014487026,260.0,,140.39999389648438,108506261.0,15234278382.13034,16465444382.13034,4700909000.0,1231166000.0,955321000.0,19837000.0,240658000.0,99881000.0,1231166000.0,2953972000.0,1117008000.0,935484000.0,694826000.0,614782000.0,1216889000.0,1223814000.0,893288446.0894248,0.2002846478365196,0.1900246199382768,14.740668269278592,23.6972197098703,0.042199043273565245,26.782573956508713,0.03733771076760079,12.44819750560979,0.7644004726208394,1.011732376576664,3398303000.0,765799000.0,0.8858078299324662,3.0,0.11072765369235338,0.10829925101680227,3.8461538461538463,-1.6346690466152796,0.44951088501973446,260.0,[],True,1.0,ig,Software and Services,42.10526315789473,40.909090909090914,77.77777777777779,40.0,63.63636363636363,9.523809523809524,25.0,72.72727272727273,11.864406779661017,1.0,61.41165053850497,"{'profitability': 63.4, 'growth': 100.0, 'balance': 66.3, 'stability': 81.6}",66.98853309812374,True,-0.34980253220802826,33.62131569963705,20.27027027027027,64.20009181831435,-1.0,False,"{""floor"": true, ""depressed_arms"": {""self_pct"": true, ""self_z"": true, ""median_ratio"": true}, ""yield_arm"": false, ""residual_arm"": false, ""brakes"": {""gm"": true, ""fcf_margin"": true, ""roic"": true}, ""self_pct"": 3.8461538461538463, ""self_z"": -1.6346690466152796, ""median_ratio"": 0.44951088501973446, ""fcf_yield"": 0.042199043273565245, ""yield_threshold"": 0.0495, ""gs10"": 0.0495, ""residual_pct"": 20.27027027027027, ""brake_values"": {""gm"": 1.0487248312501263, ""fcf_margin"": 1.3754341817029554, ""roic"": 1.7161441934482127}}",False,"{""floor"": true, ""mom_sector_pct"": 11.864406779661017, ""eps_rev_proxy"": -1.0}"
ZBH,1136869,Zimmer Biomet,Health Care,Health Care Equipment,Health Care Equipment and Services,25.130732375085557,5.9986310746064335,194978076.00294882,0.037984420748864656,-0.11082401234832384,-0.06518662289804145,10.0,,,0.16225729778036696,0.1610316193773498,0.07610686433161824,0.05808093534572608,0.05721148916848535,0.18014228079247144,7,9,False,0.060813730964938806,0.0885003861160647,,False,0.6987471793907484,0.1674501692365551,0.063075874388868,,1.0320039315779637,1.0859996316073355,1.0716703457247037,5.769230769230769,-0.6531064638108118,0.7230225318834085,260.0,,90.87999725341797,190737689.0,17334240652.44329,24612440652.44329,19902100000.0,7278200000.0,1743300000.0,220300000.0,98200000.0,1108400000.0,7269500000.0,8508800000.0,1205000000.0,1523000000.0,1424800000.0,536700000.0,2313400000.0,806700000.0,1041597043.7017994,0.13560411311053985,0.05233603708662902,20.425261952235097,17.27431264208541,0.05788942348789612,45.858842281429645,0.021806045470209045,21.487840154262166,1.8879385149373993,3.1423446010201435,9919500000.0,675400000.0,0.5323508574472041,0.0,0.048835947822403754,0.04698906006854681,2.307692307692308,-1.2290524540188392,0.7346338475328413,260.0,[],True,0.9,ig,Health Care Equipment and Services,18.51851851851852,86.20689655172413,,8.928571428571429,58.333333333333336,82.75862068965517,7.407407407407405,46.666666666666664,28.57142857142857,1.0,29.036935772278852,"{'profitability': 44.0, 'growth': 62.2, 'balance': 0.0, 'stability': 80.1}",64.98384832296458,False,-0.36967129470638715,25.0004012414735,,47.010392047621714,,False,"{""floor"": false, ""depressed_arms"": {""self_pct"": true, ""self_z"": true, ""median_ratio"": true}, ""yield_arm"": true, ""residual_arm"": false, ""brakes"": {""gm"": false, ""fcf_margin"": true, ""roic"": true}, ""self_pct"": 2.307692307692308, ""self_z"": -1.2290524540188392, ""median_ratio"": 0.7346338475328413, ""fcf_yield"": 0.05788942348789612, ""yield_threshold"": 0.0495, ""gs10"": 0.0495, ""residual_pct"": null, ""brake_values"": {""gm"": null, ""fcf_margin"": 1.0320039315779637, ""roic"": 1.0716703457247037}}",False,"{""floor"": false, ""mom_sector_pct"": 28.57142857142857, ""eps_rev_proxy"": null}"
ROL,84839,"Rollins, Inc.",Industrials,Environmental & Facilities Services,Commercial and Professional Services,7.9808350444900755,5.9986310746064335,193662295.2340446,-0.36832986791676003,-0.49322857630763317,-0.4358723735825042,10.0,,,0.15599047261862312,0.15360318537233342,0.19436009138634167,0.13200388923725312,0.1314430389961468,0.1867714870330904,9,9,False,0.11717710237805679,0.09518855324042774,0.09476315183954398,False,,0.1472408772740397,0.12124635482142161,,0.943909424737913,0.9185059282874857,1.014417867699591,0.7692307692307693,-3.996567081228288,0.6346194363409703,260.0,gm_derived,32.4900016784668,481145404.0,15632414983.546585,16422714983.546585,2219897000.0,790300000.0,646966000.0,27797000.0,41393000.0,129800000.0,790300000.0,3924019000.0,731932000.0,619169000.0,577776000.0,475773000.0,861732000.0,531716000.0,556775507.6431818,0.23930705633421986,0.25081141496347886,22.437487339734545,28.42401723772982,0.0351815153937005,34.517963363928985,0.028970423007198407,29.39993339216158,1.1644731397964327,0.9171064785803474,1449382000.0,601532000.0,0.9238779997450333,7.0,0.24724664553893091,0.24928631278349161,0.7692307692307693,-4.179814368027051,0.6175798885478107,260.0,[],True,0.9,ig,Commercial and Professional Services,60.0,63.63636363636363,,50.0,63.63636363636363,45.45454545454545,54.54545454545455,18.181818181818173,3.125,1.0,68.89767125667868,"{'profitability': 79.4, 'growth': 88.5, 'balance': 69.4, 'stability': 87.0}",53.540914966272624,True,0.21325267239751433,22.96524055947637,55.4054054054054,61.21929311147565,-11.0,False,"{""floor"": true, ""depressed_arms"": {""self_pct"": true, ""self_z"": true, ""median_ratio"": true}, ""yield_arm"": false, ""residual_arm"": false, ""brakes"": {""gm"": false, ""fcf_margin"": false, ""roic"": true}, ""self_pct"": 0.7692307692307693, ""self_z"": -4.179814368027051, ""median_ratio"": 0.6175798885478107, ""fcf_yield"": 0.0351815153937005, ""yield_threshold"": 0.0495, ""gs10"": 0.0495, ""residual_pct"": 55.4054054054054, ""brake_values"": {""gm"": null, ""fcf_margin"": 0.943909424737913, ""roic"": 1.014417867699591}}",False,"{""floor"": true, ""mom_sector_pct"": 3.125, ""eps_rev_proxy"": -11.0}"
ALLE,1579241,Allegion,Industrials,Building Products,Capital Goods,12.810403832991103,5.9986310746064335,189979078.94639236,-0.09303610709817267,-0.1329890854817487,-0.10940763207251558,10.0,0.43037068790934396,0.038978415420535525,0.14046451548924574,0.146404408174653,0.1956706211108801,0.13201571130915374,0.13461672595382576,0.2162657033730178,8,9,False,0.08380376143729995,0.09120633734178307,0.09782297082018387,False,0.4480121254517897,0.1564882826162994,0.14695114842019355,1.0409912618076858,1.1140769757489426,1.1131337850845955,0.8840218591718505,30.0,-0.30152924941118825,0.9456524092641387,260.0,sbc_unreported;gm_derived,154.08999633789062,85036786.0,13103318043.325989,15005018043.325989,4020300000.0,1901700000.0,769300000.0,98200000.0,,139100000.0,1901700000.0,4288500000.0,893400000.0,671100000.0,671100000.0,630200000.0,1032500000.0,,742733198.6872002,0.16864428174703358,0.18474571516732588,16.79540860009625,22.35884077384293,0.044725037854819204,23.80993024964454,0.041999283051865684,,,1.8418401937046005,1925600000.0,769200000.0,0.6702982364500162,10.0,0.20898319792724945,0.20571622248284407,28.846153846153843,-0.33387092618919467,0.9446313838933491,260.0,[],True,0.9,ig,Capital Goods,70.27027027027027,80.48780487804879,78.125,87.8048780487805,64.28571428571429,,40.54054054054054,80.48780487804878,21.875,1.0,51.40148309795965,"{'profitability': 75.5, 'growth': 72.9, 'balance': 38.6, 'stability': 80.8}",63.01066133049869,False,-0.22778647865683777,28.078615765833245,,57.20607221422917,,False,"{""floor"": false, ""depressed_arms"": {""self_pct"": false, ""self_z"": false, ""median_ratio"": false}, ""yield_arm"": false, ""residual_arm"": false, ""brakes"": {""gm"": true, ""fcf_margin"": true, ""roic"": false}, ""self_pct"": 28.846153846153843, ""self_z"": -0.33387092618919467, ""median_ratio"": 0.9446313838933491, ""fcf_yield"": 0.044725037854819204, ""yield_threshold"": 0.0495, ""gs10"": 0.0495, ""residual_pct"": null, ""brake_values"": {""gm"": 1.0409912618076858, ""fcf_margin"": 1.1140769757489426, ""roic"": 0.8840218591718505}}",False,"{""floor"": false, ""mom_sector_pct"": 21.875, ""eps_rev_proxy"": null}"
RVTY,31791,Revvity,Health Care,Health Care Equipment,Health Care Equipment and Services,41.31690622861054,5.9986310746064335,188702731.72482112,0.5364755251679814,-0.009341208549304536,0.6952525826545943,10.0,,,0.16879454207147146,0.1703625040309154,0.7059295581750906,0.06291734015503388,0.05903428860562478,1.9349319814994428,6,9,False,0.014078223738904772,-0.09270053824079161,-0.25262367100314376,False,,0.18328250013479583,0.06558427040766039,,1.0858319107094698,1.0423878416674157,0.7649466114447454,69.23076923076923,0.0006325047151921739,1.1366301751186623,195.0,,142.11000061035156,111586401.0,15857543514.216934,18212689514.216934,9583904000.0,2355146000.0,627633000.0,69520000.0,24429000.0,412235000.0,2355146000.0,2911811000.0,358847000.0,558113000.0,533684000.0,190969000.0,771082000.0,237554000.0,326643134.9015217,0.08974260645477973,0.034082471496117,50.75335592666773,34.12635476090146,0.02930286598162249,95.36987424250498,0.010485491439961596,66.75342664917002,2.3494152908391355,3.0543392272157823,6607802000.0,2224001000.0,0.9215245686935094,1.0,0.04455535979399379,0.032756169303545066,73.07692307692307,0.0756107310624328,1.1679937519992094,234.0,['fcf_cagr5 gate'],False,0.9,ig,Health Care Equipment and Services,11.11111111111111,89.65517241379311,,25.0,58.333333333333336,86.20689655172413,14.81481481481481,0.0,88.09523809523809,1.0,8.295286764529259,"{'profitability': 42.3, 'growth': 5.9, 'balance': 0.0, 'stability': 44.4}",19.854689581720784,False,0.3129225541875833,24.956826662078264,,14.074988173125021,,False,"{""floor"": false, ""depressed_arms"": {""self_pct"": false, ""self_z"": false, ""median_ratio"": false}, ""yield_arm"": false, ""residual_arm"": false, ""brakes"": {""gm"": false, ""fcf_margin"": true, ""roic"": false}, ""self_pct"": 73.07692307692307, ""self_z"": 0.0756107310624328, ""median_ratio"": 1.1679937519992094, ""fcf_yield"": 0.02930286598162249, ""yield_threshold"": 0.0495, ""gs10"": 0.0495, ""residual_pct"": null, ""brake_values"": {""gm"": null, ""fcf_margin"": 1.0858319107094698, ""roic"": 0.7649466114447454}}",False,"{""floor"": false, ""mom_sector_pct"": 88.09523809523809, ""eps_rev_proxy"": null}"
APTV,1521332,Aptiv,Consumer Discretionary,Automotive Parts & Equipment,Consumer Durables and Apparel,13.749486652977414,5.9986310746064335,186520479.31700486,-0.46938066165308145,-0.49058307091783504,-0.476107660294267,10.0,,,0.048052646964906014,0.043638721260784996,0.4628137493062764,0.04221185777336403,0.043339484314996755,0.468574647772139,6,9,False,0.09317322677777895,,,False,0.205506568292244,0.03868994061543998,0.020994541419231,,0.8051573234601658,0.4973612280215418,,67.94871794871796,0.28430923326701524,1.4889641923874248,234.0,,45.16999816894531,207633331.0,9378797181.082016,13518797181.082016,12893000000.0,4140000000.0,1351000000.0,588000000.0,118000000.0,883000000.0,4140000000.0,16671000000.0,891000000.0,763000000.0,645000000.0,350000000.0,1774000000.0,220000000.0,798627615.0627615,0.10367271036727103,0.06194272978071524,15.172611875512924,20.959375474545762,0.04771134527431201,38.62513480309148,0.025889877280634424,42.630896277645526,3.4681818181818183,2.333709131905299,3937000000.0,1838000000.0,0.4479174745986194,1.0,,,39.31623931623932,-0.01967979007407391,0.9224793927088284,234.0,"['mktcap<10B', 'fcf_cagr5 gate']",False,0.8,ig,Consumer Durables and Apparel,,30.0,,11.11111111111111,70.0,88.88888888888889,0.0,44.44444444444444,3.0303030303030303,1.0,18.415459265041434,"{'profitability': 23.2, 'growth': 77.6, 'balance': 22.2, 'stability': 46.9}",50.11482202200992,False,,,,34.265140643525676,,False,"{""floor"": false, ""depressed_arms"": {""self_pct"": false, ""self_z"": false, ""median_ratio"": false}, ""yield_arm"": false, ""residual_arm"": false, ""brakes"": {""gm"": false, ""fcf_margin"": false, ""roic"": false}, ""self_pct"": 39.31623931623932, ""self_z"": -0.01967979007407391, ""median_ratio"": 0.9224793927088284, ""fcf_yield"": 0.04771134527431201, ""yield_threshold"": 0.0495, ""gs10"": 0.0495, ""residual_pct"": null, ""brake_values"": {""gm"": null, ""fcf_margin"": 0.8051573234601658, ""roic"": null}}",False,"{""floor"": false, ""mom_sector_pct"": 3.0303030303030303, ""eps_rev_proxy"": null}"
EXPD,746515,Expeditors International,Industrials,Air Freight & Logistics,Transportation,18.95687885010267,5.9986310746064335,180824716.9425894,0.5837622047879809,-0.023727970817210342,0.5593800258126433,10.0,,,0.08060546521210087,0.07987788247348972,0.4365150793233774,0.07970144164837252,0.07954650682820838,0.4854765825216912,7,9,False,0.029221442160778155,0.09435028171535054,0.0416561774780948,True,,0.07049068286961069,0.06997464772770892,,0.8745149312658306,0.8779596238224103,0.9186675475928318,86.53846153846155,0.8991242024915456,1.3375180038540828,260.0,,188.02999877929688,129990622.0,24442136495.98004,23980304495.98004,1656870000.0,-461832000.0,972541000.0,48677000.0,75438000.0,54888000.0,-464203000.0,12036002000.0,1183398000.0,923864000.0,848426000.0,842215000.0,1238286000.0,918799000.0,889926577.8641158,0.24799046655130758,0.5371130975056074,20.26393867150362,28.2644620697386,0.03538011788558509,28.472901214036845,0.03512111366814318,26.602267194435388,1.0055126311630727,-0.37487543265449175,7927000.0,2630000.0,0.006371652573828966,9.0,0.5846653655209606,0.49505661502604464,90.0,0.9485775946878213,1.3427188472749072,260.0,[],True,0.9,ig,Transportation,100.0,55.55555555555556,,86.36363636363636,77.27272727272727,54.54545454545454,88.88888888888889,27.272727272727266,93.75,1.0,39.8678431498329,"{'profitability': 64.1, 'growth': 51.5, 'balance': 100.0, 'stability': 56.1}",23.1362790794086,False,0.033740065372201755,27.326725869735927,,31.50206111462075,,False,"{""floor"": false, ""depressed_arms"": {""self_pct"": false, ""self_z"": false, ""median_ratio"": false}, ""yield_arm"": false, ""residual_arm"": false, ""brakes"": {""gm"": false, ""fcf_margin"": false, ""roic"": true}, ""self_pct"": 90.0, ""self_z"": 0.9485775946878213, ""median_ratio"": 1.3427188472749072, ""fcf_yield"": 0.03538011788558509, ""yield_threshold"": 0.0495, ""gs10"": 0.0495, ""residual_pct"": null, ""brake_values"": {""gm"": null, ""fcf_margin"": 0.8745149312658306, ""roic"": 0.9186675475928318}}",False,"{""floor"": false, ""mom_sector_pct"": 93.75, ""eps_rev_proxy"": null}"
PPG,79879,PPG Industries,Materials,Specialty Chemicals,Materials,69.55783709787816,5.9986310746064335,179531982.9377357,0.13081661472977402,-0.1686161196991498,0.061316199899328794,10.0,0.3964714810699771,0.051010158825329305,0.06418306008311253,0.06749196524223307,0.4500263677353527,0.06778121582646121,0.056183787644328055,0.43747504500703227,5,9,False,0.027905506355126564,-0.08627440941703046,-0.028176572571445346,False,0.4138701073134421,0.07400285342100366,0.08802183487376714,1.04388367656738,1.1529966524683488,1.2986169368682843,,10.0,-0.22791664443711687,0.6923123035145115,260.0,gm_derived,107.19999694824219,222900000.0,23894879319.763184,30157879319.763184,14367000000.0,6263000000.0,1992000000.0,765000000.0,34000000.0,539000000.0,6113000000.0,16121000000.0,,1227000000.0,1193000000.0,1419000000.0,,1585000000.0,,0.22718446601941747,,,25.279027091167798,0.03955848444615926,21.25291002097476,0.047052380074685665,15.075633640229137,0.7741324921135647,,6152000000.0,690000000.0,0.47623024987819307,8.0,0.13424041026516817,0.1345019449272278,25.769230769230766,-0.17310695622637362,0.8287520218493468,260.0,['fcf_cagr5 gate'],False,0.8,ig,Materials,66.66666666666666,35.714285714285715,78.57142857142857,78.57142857142857,71.42857142857143,36.36363636363637,,,42.857142857142854,0.7,16.01151445432576,"{'profitability': 47.1, 'growth': 11.6, 'balance': None, 'stability': 50.2}",,False,-0.12058750888107328,28.5187735681285,,,,False,"{""floor"": false, ""depressed_arms"": {""self_pct"": false, ""self_z"": false, ""median_ratio"": false}, ""yield_arm"": false, ""residual_arm"": false, ""brakes"": {""gm"": true, ""fcf_margin"": true, ""roic"": false}, ""self_pct"": 25.769230769230766, ""self_z"": -0.17310695622637362, ""median_ratio"": 0.8287520218493468, ""fcf_yield"": 0.03955848444615926, ""yield_threshold"": 0.0495, ""gs10"": 0.0495, ""residual_pct"": null, ""brake_values"": {""gm"": 1.04388367656738, ""fcf_margin"": 1.1529966524683488, ""roic"": null}}",False,"{""floor"": false, ""mom_sector_pct"": 42.857142857142854, ""eps_rev_proxy"": null}"
BR,1383312,Broadridge Financial Solutions,Industrials,Data Processing & Outsourced Services,Commercial and Professional Services,8.268309377138946,5.9986310746064335,175067998.58286437,-0.20895297435294768,-0.28763252739827827,-0.29158677458691495,10.0,,,0.10690486146074045,0.11744130409675131,0.3263373616749185,0.12135695547082456,0.13306079793446857,0.389344632540453,9,9,False,0.08407333722918064,0.16796101908543926,0.18630585941712852,False,0.3177963834795634,0.1709822383907554,0.1615530708324417,,1.5993869320297152,1.3312221801022412,,9.230769230769232,-0.8708174058751433,0.5635278977737492,260.0,sbc_unreported,163.4499969482422,114021798.0,18636862535.133087,22150662535.133087,6354300000.0,3513800000.0,1345600000.0,67200000.0,,137700000.0,3513800000.0,7476800000.0,1300600000.0,1278400000.0,1278400000.0,1207900000.0,1438300000.0,1124300000.0,1003242603.3503332,0.22863093699036352,0.15788404755053007,17.031110668255486,17.326863685179198,0.05771384932492806,18.338159231006777,0.05453110028127394,16.576414244537123,1.1370630614604642,2.443023013279566,3787800000.0,1199900000.0,0.7849330374706891,4.0,,,10.0,-0.9845784571055298,0.5674123941874832,260.0,[],True,0.8,ig,Commercial and Professional Services,,27.27272727272727,,36.36363636363637,63.63636363636363,36.36363636363637,27.272727272727266,63.63636363636363,14.0625,1.0,44.02224377676959,"{'profitability': 63.0, 'growth': 85.0, 'balance': 18.6, 'stability': 78.2}",66.87314899477047,False,,,,55.44769638577003,,False,"{""floor"": false, ""depressed_arms"": {""self_pct"": true, ""self_z"": false, ""median_ratio"": true}, ""yield_arm"": true, ""residual_arm"": false, ""brakes"": {""gm"": false, ""fcf_margin"": true, ""roic"": false}, ""self_pct"": 10.0, ""self_z"": -0.9845784571055298, ""median_ratio"": 0.5674123941874832, ""fcf_yield"": 0.05771384932492806, ""yield_threshold"": 0.0495, ""gs10"": 0.0495, ""residual_pct"": null, ""brake_values"": {""gm"": null, ""fcf_margin"": 1.5993869320297152, ""roic"": null}}",False,"{""floor"": false, ""mom_sector_pct"": 14.0625, ""eps_rev_proxy"": null}"
COO,711404,Cooper Companies (The),Health Care,Health Care Supplies,Health Care Equipment and Services,10.001368925393566,5.9986310746064335,173905906.19656336,0.05358985867719057,-0.3330557880532956,-0.16994822854615488,10.0,0.658777276675185,0.012331154277608565,0.09402358819929127,0.08874987782230476,0.2965957768935426,0.08425028961346048,0.08508454696510605,0.24673571533985322,8,9,True,0.10979355015450176,-0.04624421429162717,-0.025103169030716965,True,0.6592791899738016,0.16002265807547972,0.15324883759352356,1.0007618861736545,1.7019416206101134,1.8189710480121524,0.7733966539855072,43.84615384615385,-0.2804353753831885,0.6833238935508612,260.0,sbc_unreported,56.06999969482422,190155294.0,10662007276.54921,13330607276.54921,10996800000.0,2668600000.0,1033300000.0,355300000.0,,384000000.0,2668400000.0,4236900000.0,544200000.0,678000000.0,678000000.0,649300000.0,928200000.0,570300000.0,371509336.8358856,0.3173294067697803,0.03378340397532788,24.495786983736146,19.661662649777597,0.050860398625103644,20.530736603340845,0.04870745844731533,18.695436220496596,1.1888479747501315,2.874811463046757,3876300000.0,1445900000.0,0.4839771569911247,0.0,0.043681859497624556,0.0414129762223886,38.46153846153847,-0.23781928500730332,0.6332958940548572,260.0,[],True,1.0,ig,Health Care Equipment and Services,7.4074074074074066,37.93103448275862,68.18181818181817,8.928571428571429,58.333333333333336,44.827586206896555,22.222222222222214,26.66666666666667,30.952380952380953,1.0,19.951558413276388,"{'profitability': 26.2, 'growth': 45.7, 'balance': 4.2, 'stability': 78.4}",45.89641745987152,False,-0.23810019631072699,24.94743166538682,,32.92398793657395,,False,"{""floor"": false, ""depressed_arms"": {""self_pct"": false, ""self_z"": false, ""median_ratio"": true}, ""yield_arm"": true, ""residual_arm"": false, ""brakes"": {""gm"": true, ""fcf_margin"": true, ""roic"": false}, ""self_pct"": 38.46153846153847, ""self_z"": -0.23781928500730332, ""median_ratio"": 0.6332958940548572, ""fcf_yield"": 0.050860398625103644, ""yield_threshold"": 0.0495, ""gs10"": 0.0495, ""residual_pct"": null, ""brake_values"": {""gm"": 1.0007618861736545, ""fcf_margin"": 1.7019416206101134, ""roic"": 0.7733966539855072}}",False,"{""floor"": false, ""mom_sector_pct"": 30.952380952380953, ""eps_rev_proxy"": null}"
GDDY,1609711,GoDaddy,Information Technology,Internet Services & Infrastructure,Software and Services,2.2505133470225873,5.9986310746064335,173546702.97331437,-0.30905232556257345,-0.2860740944191261,-0.3183875430434918,10.0,,,0.18812851670273298,0.1667332690815919,0.2541655865295747,0.15917315803795115,0.1363390611410169,0.3806254669801067,9,9,False,0.08342562059026815,0.1767932100472862,0.25756658595248716,False,,0.2744852177661096,0.26139769988832506,,1.4590303616746803,1.642222238412841,1.7930444307703832,,,,,gm_derived,96.37999725341797,126647704.0,12206305363.671692,14912505363.671692,2712900000.0,2706200000.0,1728800000.0,25900000.0,301900000.0,92700000.0,2706200000.0,5104100000.0,1266700000.0,1702900000.0,1401000000.0,1334200000.0,1359400000.0,910300000.0,994203319.5378515,0.21512329712019312,0.36647252738318825,11.77272074182655,10.644186555083293,0.09394799638516622,11.1771138987196,0.08946853445902125,13.409101794651974,1.8707019663847084,1.9907312049433574,3607700000.0,12500000.0,1.3344391610453759,5.0,0.20438563657105419,0.17158848674347216,,,,,[],True,0.8,ig,Software and Services,63.1578947368421,54.54545454545454,,55.00000000000001,63.63636363636363,61.904761904761905,20.0,81.81818181818181,3.389830508474576,1.0,54.831997030510394,"{'profitability': 76.2, 'growth': 84.8, 'balance': 33.6, 'stability': 83.1}",,False,-1.1618023405859175,34.01549718504496,,,,False,"{""floor"": false, ""depressed_arms"": {""self_pct"": false, ""self_z"": false, ""median_ratio"": false}, ""yield_arm"": true, ""residual_arm"": false, ""brakes"": {""gm"": false, ""fcf_margin"": true, ""roic"": true}, ""self_pct"": null, ""self_z"": null, ""median_ratio"": null, ""fcf_yield"": 0.09394799638516622, ""yield_threshold"": 0.0495, ""gs10"": 0.0495, ""residual_pct"": null, ""brake_values"": {""gm"": null, ""fcf_margin"": 1.4590303616746803, ""roic"": 1.7930444307703832}}",False,"{""floor"": false, ""mom_sector_pct"": 3.389830508474576, ""eps_rev_proxy"": null}"
TSN,100493,Tyson Foods,Consumer Staples,Packaged Foods & Meats,Food Beverage and Tobacco,21.12251882272416,5.9986310746064335,169317138.02375793,0.04848950643629668,-0.2355015928521752,-0.01889633565645954,9.0,0.08941420962719623,0.3973583891006285,0.021560752828898924,0.019782884223287597,0.7790825673783913,0.024212791336131644,0.020653173010185898,0.6139806687166007,8,9,False,0.04741462587264644,,,False,0.06135310805472762,0.020846051639314828,0.01127590045606349,0.6861673140156735,0.96685175164078,0.46570014582486313,0.5065989276173385,88.07692307692308,1.3111246168372304,1.560324178753812,260.0,shares_was_proxy;sbc_unreported,51.36000061035156,351801512.0,18068525871.042603,19894525871.042603,19905000000.0,1826000000.0,2004000000.0,843000000.0,,1376000000.0,1720000000.0,55694000000.0,1257000000.0,1161000000.0,1161000000.0,628000000.0,2633000000.0,574000000.0,916690243.902439,0.2707317073170732,0.04605326520484496,15.826989555324266,17.135681198141775,0.0583577617041826,31.679181323316246,0.03156647230855011,31.478268068018473,2.0226480836236935,0.653247246486897,9469000000.0,5624000000.0,0.7582516955538809,7.0,0.09090675620148861,0.05995256792272224,49.361702127659576,-0.0025505982927045544,0.9924953435757958,235.0,['fcf_cagr5 gate'],False,1.0,ig,Food Beverage and Tobacco,45.45454545454545,7.142857142857142,7.142857142857142,50.0,7.142857142857142,84.61538461538461,84.61538461538461,57.142857142857146,51.85185185185185,1.0,18.44850722739562,"{'profitability': 15.5, 'growth': 39.5, 'balance': 78.2, 'stability': 44.4}",53.03316437751619,False,-0.1573706571622142,20.056104404222655,,35.740835802455905,,False,"{""floor"": false, ""depressed_arms"": {""self_pct"": false, ""self_z"": false, ""median_ratio"": false}, ""yield_arm"": true, ""residual_arm"": false, ""brakes"": {""gm"": false, ""fcf_margin"": true, ""roic"": false}, ""self_pct"": 49.361702127659576, ""self_z"": -0.0025505982927045544, ""median_ratio"": 0.9924953435757958, ""fcf_yield"": 0.0583577617041826, ""yield_threshold"": 0.0495, ""gs10"": 0.0495, ""residual_pct"": null, ""brake_values"": {""gm"": 0.6861673140156735, ""fcf_margin"": 0.96685175164078, ""roic"": 0.5065989276173385}}",False,"{""floor"": false, ""mom_sector_pct"": 51.85185185185185, ""eps_rev_proxy"": null}"
LDOS,1336920,Leidos,Industrials,Diversified Support Services,Commercial and Professional Services,7.12662559890486,5.9986310746064335,169215196.23187536,-0.23294597118179194,-0.3654930733421158,-0.3178259913172219,10.0,0.15160309044989323,0.10532650451176659,0.06787180373843497,0.06330322391128736,0.24988450798576517,0.056523034665670366,0.050785579242453874,0.32750858626144,9,9,False,0.07000095748778401,0.07140978486624738,0.0663493077648547,False,0.17528588496330433,0.11736928941230017,0.10798202196051658,1.156215776625204,1.729279066526935,1.9104073693003636,1.393700259153297,0.38461538461538464,-2.0927148059510055,0.38655198540567315,260.0,gm_derived,124.69000244140625,125492209.0,15647623846.587463,16823623846.587463,6460000000.0,1176000000.0,2300000000.0,137000000.0,100000000.0,302000000.0,1124000000.0,17577000000.0,2030000000.0,2163000000.0,2063000000.0,1898000000.0,2332000000.0,1376000000.0,1579392080.3123257,0.22197434467373117,0.24448793812884298,8.287499431816485,8.154931578568814,0.12262518579898367,8.863869255314786,0.11281754854409647,11.371819655950192,1.5719476744186047,0.48198970840480276,7663000000.0,947000000.0,1.3328173374613004,8.0,0.17542361531695105,0.15012565585799076,0.38461538461538464,-2.9158115343735447,0.4214847802091371,260.0,[],True,1.0,ig,Commercial and Professional Services,30.0,9.090909090909092,14.285714285714285,63.63636363636363,63.63636363636363,90.9090909090909,72.72727272727273,90.9090909090909,7.8125,1.0,48.44170343953385,"{'profitability': 50.2, 'growth': 58.9, 'balance': 83.9, 'stability': 77.0}",96.42166344294004,False,-1.0288327678546625,22.815853283101845,,72.43168344123694,,False,"{""floor"": false, ""depressed_arms"": {""self_pct"": true, ""self_z"": true, ""median_ratio"": true}, ""yield_arm"": true, ""residual_arm"": false, ""brakes"": {""gm"": true, ""fcf_margin"": true, ""roic"": true}, ""self_pct"": 0.38461538461538464, ""self_z"": -2.9158115343735447, ""median_ratio"": 0.4214847802091371, ""fcf_yield"": 0.12262518579898367, ""yield_threshold"": 0.0495, ""gs10"": 0.0495, ""residual_pct"": null, ""brake_values"": {""gm"": 1.156215776625204, ""fcf_margin"": 1.729279066526935, ""roic"": 1.393700259153297}}",False,"{""floor"": false, ""mom_sector_pct"": 7.8125, ""eps_rev_proxy"": null}"
MAS,62996,Masco,Industrials,Building Products,Capital Goods,45.23477070499658,5.9986310746064335,165349186.52467746,0.059233873863775655,-0.17290188799459627,-0.014370174449348183,10.0,0.3452597123400786,0.05092328955910966,0.10364033840912305,0.11055276381909548,0.20541753633064722,0.10794256689783241,0.1116106850039672,0.2344769325627946,5,9,False,0.010196177670730222,0.006354947957538437,0.017204209673307602,False,0.35434301341320484,0.12280244823544732,0.12371402526370621,1.0263086040695628,1.1848904598389223,1.1461097213002307,0.8390811921768606,33.07692307692307,-0.38729760778758704,0.9496718512460053,260.0,sbc_unreported,68.16000366210938,201734437.0,13750219964.693573,16992219964.693573,3000000000.0,3242000000.0,1101000000.0,158000000.0,,151000000.0,2973000000.0,7679000000.0,1278000000.0,943000000.0,943000000.0,950000000.0,1429000000.0,837000000.0,968313993.1740614,0.24232081911262798,0.32277133105802047,13.295946764235973,18.019321277511743,0.0554959859252861,17.88654733125639,0.05590793916121081,16.427980841927805,1.1266427718040621,2.0804758572428272,618000000.0,198000000.0,0.272,10.0,0.38467234645153037,0.3827531560394655,26.53846153846154,-0.5790969955942507,0.9378177484784402,260.0,[],True,1.0,ig,Capital Goods,97.2972972972973,53.65853658536586,46.875,87.8048780487805,64.28571428571429,43.58974358974359,35.13513513513513,87.8048780487805,43.75,1.0,25.033457011032166,"{'profitability': 72.1, 'growth': 6.9, 'balance': 30.7, 'stability': 62.4}",69.03281238370934,False,-0.45516646638624714,28.40630287897645,,47.033134697370755,,False,"{""floor"": false, ""depressed_arms"": {""self_pct"": false, ""self_z"": false, ""median_ratio"": false}, ""yield_arm"": true, ""residual_arm"": false, ""brakes"": {""gm"": true, ""fcf_margin"": true, ""roic"": false}, ""self_pct"": 26.53846153846154, ""self_z"": -0.5790969955942507, ""median_ratio"": 0.9378177484784402, ""fcf_yield"": 0.0554959859252861, ""yield_threshold"": 0.0495, ""gs10"": 0.0495, ""residual_pct"": null, ""brake_values"": {""gm"": 1.0263086040695628, ""fcf_margin"": 1.1848904598389223, ""roic"": 0.8390811921768606}}",False,"{""floor"": false, ""mom_sector_pct"": 43.75, ""eps_rev_proxy"": null}"
CHD,313927,Church & Dwight,Consumer Staples,Household Products,Household and Personal Products,10.737850787132102,5.9986310746064335,164137424.42237455,0.18306143636368333,-0.07851219519338348,0.12184033924227422,10.0,0.439996949140412,0.028997976897450158,0.14663306093425782,0.15018584925742168,0.15003347754641566,0.13524224089775277,0.14047583959653517,0.12395170549278987,9,9,False,0.04847582950857543,0.04162047082912834,0.031548466068753056,False,0.4564864908253199,,,1.0374764909554992,,,1.067574893892673,34.23076923076923,-0.4160081413062507,0.9439929972369947,260.0,,96.0199966430664,237203907.0,22776318353.862236,24930118353.862236,6501600000.0,2153800000.0,,145200000.0,70400000.0,241100000.0,2153800000.0,6229100000.0,1088000000.0,,,,1329100000.0,744800000.0,850485306.4651554,0.218303946263644,0.13081169350085445,22.913711722299848,,,,,30.580448917645324,,1.6204950718531337,2649900000.0,4032700000.0,1.027839301095115,9.0,0.12253163150350874,0.13546379047894302,23.46153846153846,-0.8031623724329637,0.8730269889968434,260.0,[],True,0.8,sector,Consumer Staples,41.66666666666667,70.37037037037037,50.0,66.66666666666666,55.55555555555556,,64.0,37.03703703703704,62.96296296296296,1.0,44.936461169610354,"{'profitability': 62.7, 'growth': 37.5, 'balance': 46.0, 'stability': 89.6}",,False,,,,,,False,"{""floor"": false, ""depressed_arms"": {""self_pct"": false, ""self_z"": false, ""median_ratio"": false}, ""yield_arm"": false, ""residual_arm"": false, ""brakes"": {""gm"": true, ""fcf_margin"": false, ""roic"": true}, ""self_pct"": 23.46153846153846, ""self_z"": -0.8031623724329637, ""median_ratio"": 0.8730269889968434, ""fcf_yield"": null, ""yield_threshold"": 0.0495, ""gs10"": 0.0495, ""residual_pct"": null, ""brake_values"": {""gm"": 1.0374764909554992, ""fcf_margin"": null, ""roic"": 1.067574893892673}}",False,"{""floor"": false, ""mom_sector_pct"": 62.96296296296296, ""eps_rev_proxy"": null}"
TRMB,864749,Trimble Inc.,Information Technology,Application Software,Software and Services,5.672826830937714,5.9986310746064335,162396220.5274906,-0.24901526433026,-0.28975093296116894,-0.2698178082882612,10.0,0.6168495428689483,0.08022675531299438,0.096124267109118,0.09209133114326827,0.26750226033136737,0.05511836382315675,0.03822659028588494,0.8577459847932467,6,9,False,0.026490354149407702,-0.10117713660786176,-0.3932029767528583,False,0.6979830288931772,0.16331385973723864,0.11676227233075154,1.1315288095163036,1.6989867870914281,2.118391480294567,1.137169847906564,9.090909090909092,-0.38395304751243814,0.51044233578167,231.0,,59.31999969482422,233179848.0,13832228512.199158,15776428512.199158,7055000000.0,1944200000.0,799100000.0,26000000.0,155300000.0,202100000.0,1944200000.0,3782900000.0,642700000.0,773100000.0,617800000.0,441700000.0,844800000.0,-104700000.0,525798893.96285933,0.18189062709995443,0.07452854627397014,24.547111423991222,25.53646570443373,0.03915968684054726,35.71751983744432,0.02799746467703096,,,2.301373106060606,4826600000.0,850400000.0,0.804677533664068,0.0,0.06553862328584517,0.0636195186187638,1.153846153846154,-0.5930538001411039,0.5584565618491956,260.0,['fcf_cagr5 gate'],False,0.9,ig,Software and Services,21.052631578947366,18.181818181818183,22.22222222222222,15.0,63.63636363636363,,15.0,50.0,6.779661016949152,1.0,14.88114282868958,"{'profitability': 34.3, 'growth': 11.0, 'balance': 23.3, 'stability': 61.9}",62.747906052164176,False,-0.2650798354402699,33.28767784139696,,38.81452444042688,,False,"{""floor"": false, ""depressed_arms"": {""self_pct"": true, ""self_z"": false, ""median_ratio"": true}, ""yield_arm"": false, ""residual_arm"": false, ""brakes"": {""gm"": true, ""fcf_margin"": true, ""roic"": true}, ""self_pct"": 1.153846153846154, ""self_z"": -0.5930538001411039, ""median_ratio"": 0.5584565618491956, ""fcf_yield"": 0.03915968684054726, ""yield_threshold"": 0.0495, ""gs10"": 0.0495, ""residual_pct"": null, ""brake_values"": {""gm"": 1.1315288095163036, ""fcf_margin"": 1.6989867870914281, ""roic"": 1.137169847906564}}",False,"{""floor"": false, ""mom_sector_pct"": 6.779661016949152, ""eps_rev_proxy"": null}"
SJM,91419,J.M. Smucker Company (The),Consumer Staples,Packaged Foods & Meats,Food Beverage and Tobacco,17.880903490759753,5.9986310746064335,156702876.51513904,0.2616870157087636,-0.07503395005715419,0.16701765518431233,10.0,0.3540396230197812,0.07080125736384568,0.09182262486592925,0.08707447274000175,0.22404220688259996,0.08789208237653849,0.08650283731182291,0.1125527827080354,5,9,False,0.024922544207570674,-0.016782151670354906,-0.03798805971145436,False,0.3865281918553222,0.17053806419203005,0.14566064934639453,1.0917653469361135,1.8572553816778128,1.6572670189149656,2.0903540520382666,4.615384615384616,-1.618375821842403,0.5539628080315281,260.0,,122.41000366210938,106823183.0,13076226222.22818,19973226222.22818,12647800000.0,6897000000.0,1909900000.0,321500000.0,26800000.0,549300000.0,6897000000.0,9156900000.0,826200000.0,1588400000.0,1561600000.0,1333800000.0,1375500000.0,229500000.0,617182072.188963,0.2529870828020298,0.04879758315192864,24.174807821626942,12.790231955832594,0.07818466494221636,14.974678529185919,0.06677939683653188,56.97702057615765,6.921132897603486,5.014176663031625,5200000000.0,3086600000.0,0.655181138221667,0.0,0.023344171339944538,0.021320415803670858,0.7692307692307693,-1.8447001776893657,0.5166780618713555,260.0,[],True,1.0,ig,Food Beverage and Tobacco,9.090909090909092,35.714285714285715,21.428571428571427,9.090909090909092,53.57142857142857,100.0,15.384615384615387,14.285714285714292,81.48148148148148,1.0,7.2663793615155345,"{'profitability': 22.7, 'growth': 10.4, 'balance': 0.0, 'stability': 59.5}",65.27302866199621,False,-0.4333513463342449,19.72788461238025,,36.26970401175587,,False,"{""floor"": false, ""depressed_arms"": {""self_pct"": true, ""self_z"": true, ""median_ratio"": true}, ""yield_arm"": true, ""residual_arm"": false, ""brakes"": {""gm"": true, ""fcf_margin"": true, ""roic"": true}, ""self_pct"": 0.7692307692307693, ""self_z"": -1.8447001776893657, ""median_ratio"": 0.5166780618713555, ""fcf_yield"": 0.07818466494221636, ""yield_threshold"": 0.0495, ""gs10"": 0.0495, ""residual_pct"": null, ""brake_values"": {""gm"": 1.0917653469361135, ""fcf_margin"": 1.8572553816778128, ""roic"": 2.0903540520382666}}",False,"{""floor"": false, ""mom_sector_pct"": 81.48148148148148, ""eps_rev_proxy"": null}"
HAS,46080,Hasbro,Consumer Discretionary,Leisure Products,Consumer Durables and Apparel,41.98220396988364,5.9986310746064335,155106934.2974248,0.28680966734006463,-0.13627105874295664,0.18152142770071955,10.0,0.6942912349039847,0.035416387804924676,0.11069310878495457,0.1034717086722763,0.3292291294645613,0.0927964346091717,0.08844162852517339,0.48675713488416567,5,9,False,-0.029670572494690073,-0.004891835852933735,0.004701650739675767,False,0.7235381645620527,0.22482506233411084,0.21426847904769564,1.0421248723701841,2.0310664756094474,2.309016288719761,-158.99636819034535,1.153846153846154,-0.04886947860430773,0.6114517177509258,260.0,gm_derived,86.5199966430664,141044467.0,12203166811.36309,15225966811.36309,3753100000.0,3022800000.0,1288200000.0,74600000.0,95500000.0,127100000.0,2997700000.0,4973200000.0,1161400000.0,1213600000.0,1118100000.0,1065600000.0,1288500000.0,794100000.0,900539333.2685393,0.22460880552045875,0.2399454672853213,13.110011030965293,13.617714704734004,0.073433760486432,14.288632518171068,0.06998570358138086,15.367292294878593,1.528270998614784,2.3265036864571207,1256200000.0,456700000.0,0.4563960459353601,5.0,-0.0015091254600109248,0.04887027736150304,1.9230769230769231,-0.13289030880443756,0.6255714133922964,260.0,['rev_cagr5 gate'],False,1.0,ig,Consumer Durables and Apparel,25.0,60.0,87.5,38.88888888888889,70.0,77.77777777777779,10.0,55.55555555555556,84.84848484848484,1.0,11.49700442403974,"{'profitability': 32.9, 'growth': 0.0, 'balance': 22.4, 'stability': 57.8}",72.82445438706435,False,,,,42.16072940555205,,False,"{""floor"": false, ""depressed_arms"": {""self_pct"": true, ""self_z"": false, ""median_ratio"": true}, ""yield_arm"": true, ""residual_arm"": false, ""brakes"": {""gm"": true, ""fcf_margin"": true, ""roic"": false}, ""self_pct"": 1.9230769230769231, ""self_z"": -0.13289030880443756, ""median_ratio"": 0.6255714133922964, ""fcf_yield"": 0.073433760486432, ""yield_threshold"": 0.0495, ""gs10"": 0.0495, ""residual_pct"": null, ""brake_values"": {""gm"": 1.0421248723701841, ""fcf_margin"": 2.0310664756094474, ""roic"": -158.99636819034535}}",False,"{""floor"": false, ""mom_sector_pct"": 84.84848484848484, ""eps_rev_proxy"": null}"
DVA,927066,DaVita,Health Care,Health Care Services,Health Care Equipment and Services,18.1492128678987,5.9986310746064335,151809161.5213332,0.3813454775248424,-0.23720270655547693,0.4001528678648394,10.0,,,0.09650706657454272,0.10217942528817743,0.14521901066236892,0.0867985662218346,0.09385894479753112,0.16168697275946112,8,9,False,0.0338593890156329,0.0009409735461125557,-0.03962937117869003,False,,0.10551508582015563,0.09699359998104164,,1.0933405144861081,1.117456246145255,1.3857130036126917,14.23076923076923,-0.5158048661114267,0.8599627451016694,260.0,,183.13999938964844,63800000.0,11684331961.05957,19646279961.05957,7196852000.0,7961948000.0,2193155000.0,583351000.0,131575000.0,702734000.0,7678830000.0,14009646000.0,2127730000.0,1609804000.0,1478229000.0,1358846000.0,2830464000.0,1179389000.0,1688113033.1528826,0.20661313552335936,0.2345626995181897,9.233445954636899,13.290417087649864,0.07524218340214854,14.458062180011252,0.06916556226895558,9.907106104143391,1.3649474431252115,2.7129226868810203,7590966000.0,1855807000.0,1.3126257146874774,8.0,0.16927220781407218,0.1548716560065859,14.615384615384617,-0.6434301895695929,0.8710267904156244,260.0,[],True,0.9,ig,Health Care Equipment and Services,62.96296296296296,41.37931034482759,,92.85714285714286,58.333333333333336,58.620689655172406,25.925925925925924,93.33333333333333,76.19047619047619,1.0,25.604955755490437,"{'profitability': 59.2, 'growth': 14.5, 'balance': 9.6, 'stability': 82.9}",79.50882523341052,False,-0.6554870800875237,25.59841244999623,,52.55689049445048,,False,"{""floor"": false, ""depressed_arms"": {""self_pct"": true, ""self_z"": false, ""median_ratio"": false}, ""yield_arm"": true, ""residual_arm"": false, ""brakes"": {""gm"": false, ""fcf_margin"": true, ""roic"": true}, ""self_pct"": 14.615384615384617, ""self_z"": -0.6434301895695929, ""median_ratio"": 0.8710267904156244, ""fcf_yield"": 0.07524218340214854, ""yield_threshold"": 0.0495, ""gs10"": 0.0495, ""residual_pct"": null, ""brake_values"": {""gm"": null, ""fcf_margin"": 1.0933405144861081, ""roic"": 1.3857130036126917}}",False,"{""floor"": false, ""mom_sector_pct"": 76.19047619047619, ""eps_rev_proxy"": null}"
MKC,63754,McCormick & Company,Consumer Staples,Packaged Foods & Meats,Food Beverage and Tobacco,23.515400410677618,5.9986310746064335,151551302.58111873,-0.13063465214154912,-0.30093186276400474,-0.2286798545690112,10.0,0.3785894246149789,0.03205303595736535,0.09113081411500469,0.08917708999509198,0.29534799571527426,0.09959509648684615,0.0990079866740039,0.2877314268575915,9,9,False,0.040775986020144206,-0.01925692501253995,-0.037827238833880394,False,0.3862140864902922,0.13187467843700074,0.12574128733515666,1.0201396589011102,1.4470920699839065,1.2625248809489704,,0.7692307692307693,-1.4998738517489452,0.5320505411041665,260.0,shares_was_proxy,49.09000015258789,269200000.0,13215028041.07666,18716628041.07666,12497200000.0,5501600000.0,1231500000.0,211600000.0,45900000.0,256900000.0,4923900000.0,7385800000.0,1103700000.0,1019900000.0,974000000.0,928700000.0,1360600000.0,1618400000.0,,,,16.958075601229194,19.216250555520183,0.05203928815929877,20.1535781641829,0.04961898040404596,8.165489397600506,0.6301903114186851,3.6189181243569015,6291900000.0,2816300000.0,0.728819255513235,,,,0.7692307692307693,-1.3975899665833031,0.4713033981837632,260.0,[],True,0.8,ig,Food Beverage and Tobacco,,28.57142857142857,35.714285714285715,,53.57142857142857,7.6923076923076925,23.076923076923066,50.0,3.7037037037037033,1.0,15.884858855395999,"{'profitability': 35.7, 'growth': 17.0, 'balance': 0.0, 'stability': 82.0}",68.14370134140665,False,,,,42.01428009840133,,False,"{""floor"": false, ""depressed_arms"": {""self_pct"": true, ""self_z"": true, ""median_ratio"": true}, ""yield_arm"": true, ""residual_arm"": false, ""brakes"": {""gm"": true, ""fcf_margin"": true, ""roic"": false}, ""self_pct"": 0.7692307692307693, ""self_z"": -1.3975899665833031, ""median_ratio"": 0.4713033981837632, ""fcf_yield"": 0.05203928815929877, ""yield_threshold"": 0.0495, ""gs10"": 0.0495, ""residual_pct"": null, ""brake_values"": {""gm"": 1.0201396589011102, ""fcf_margin"": 1.4470920699839065, ""roic"": null}}",False,"{""floor"": false, ""mom_sector_pct"": 3.7037037037037033, ""eps_rev_proxy"": null}"
VLTO,1967680,Veralto,Industrials,Environmental & Facilities Services,Commercial and Professional Services,2.9787816563997263,2.97056810403833,147860729.0910831,-0.05299264068277132,-0.10126764685017031,-0.07874325020835549,5.0,0.5838307942666603,0.021884428131867428,0.16428976560761807,0.1700856403106951,0.08106556165967808,0.1570317607963617,0.16085106382978723,0.09110181475122846,4,4,True,,0.047532853252115315,0.051695440677989035,True,0.5986053996066512,0.17307348471303416,0.16896120150187735,1.0253063138927931,1.0534647978401448,1.075968330514906,0.9178991671949419,,,,,,95.87999725341797,245599266.0,23548056949.52147,24986056949.52147,4443000000.0,1438000000.0,1102000000.0,60000000.0,74000000.0,83000000.0,1437000000.0,5593000000.0,1293000000.0,1042000000.0,968000000.0,945000000.0,1376000000.0,969000000.0,1039765145.2282158,0.195850622406639,0.2340232152212955,19.324096635360764,25.812042303224658,0.0387416070473072,26.44027190425552,0.03782109365672036,24.30140036070327,1.0753353973168214,1.0443313953488371,3042000000.0,750000000.0,0.8534773801485482,3.0,0.2549552538940195,0.25636970674260423,,,,,['rev_cagr5 gate'],False,0.9,ig,Commercial and Professional Services,80.0,72.72727272727273,71.42857142857143,22.727272727272727,9.090909090909092,27.27272727272727,45.45454545454546,45.45454545454546,26.5625,1.0,60.986713960889816,"{'profitability': 84.0, 'growth': 39.6, 'balance': 65.2, 'stability': 93.8}",,True,0.11627550419325328,22.97865254644655,50.0,,7.0,False,"{""floor"": true, ""depressed_arms"": {""self_pct"": false, ""self_z"": false, ""median_ratio"": false}, ""yield_arm"": false, ""residual_arm"": false, ""brakes"": {""gm"": true, ""fcf_margin"": true, ""roic"": true}, ""self_pct"": null, ""self_z"": null, ""median_ratio"": null, ""fcf_yield"": 0.0387416070473072, ""yield_threshold"": 0.0495, ""gs10"": 0.0495, ""residual_pct"": 50.0, ""brake_values"": {""gm"": 1.0253063138927931, ""fcf_margin"": 1.0534647978401448, ""roic"": 0.9178991671949419}}",False,"{""floor"": true, ""mom_sector_pct"": 26.5625, ""eps_rev_proxy"": 7.0}"
AMCR,1748790,Amcor,Materials,Paper & Plastic Packaging Products & Materials,Materials,7.299110198494182,5.9986310746064335,147401995.98873937,0.21257530482355036,-0.11433162476769465,0.12800276758610551,12.0,0.19330295592028762,0.028460083932397132,0.064078014995485,0.05843108504398827,0.16381555291242958,0.053249268919611396,0.05087976539589443,0.17077283456959685,9,11,False,0.12818624051338734,,,False,0.19952352590827874,0.04875350974219348,0.025057432144984258,1.0321804183406087,0.7608461302309177,0.4705685665433756,0.9957257559608156,1.153846153846154,-1.9360452951825926,0.4043742898070099,260.0,,42.79999923706055,462345690.0,19788395179.258232,25110795179.258232,17112400000.0,5322400000.0,2151000000.0,922000000.0,83000000.0,1479000000.0,5311400000.0,23506000000.0,1899000000.0,1229000000.0,1146000000.0,589000000.0,3378000000.0,1106000000.0,1582354849.004771,0.1667431021565187,0.09246831823734666,13.223167550952203,21.911688638096187,0.04563774232632057,42.63292899704284,0.023456047321293905,17.89185820909424,1.1112115732368897,1.5723505032563647,12075000000.0,6588000000.0,1.090612655150651,3.0,0.09286524696563693,0.0953044842066701,1.153846153846154,-2.837490350444743,0.23390644684336773,260.0,['fcf_cagr5 gate'],False,1.0,ig,Materials,33.33333333333333,28.57142857142857,14.285714285714285,46.42857142857143,100.0,72.72727272727273,45.45454545454546,83.33333333333334,64.28571428571429,1.0,45.865558906231215,"{'profitability': 32.9, 'growth': 100.0, 'balance': 47.6, 'stability': 79.9}",74.69132269789617,False,-0.2565350678572842,28.31963244387836,,60.27844080206369,,False,"{""floor"": false, ""depressed_arms"": {""self_pct"": true, ""self_z"": true, ""median_ratio"": true}, ""yield_arm"": false, ""residual_arm"": false, ""brakes"": {""gm"": true, ""fcf_margin"": false, ""roic"": true}, ""self_pct"": 1.153846153846154, ""self_z"": -2.837490350444743, ""median_ratio"": 0.23390644684336773, ""fcf_yield"": 0.04563774232632057, ""yield_threshold"": 0.0495, ""gs10"": 0.0495, ""residual_pct"": null, ""brake_values"": {""gm"": 1.0321804183406087, ""fcf_margin"": 0.7608461302309177, ""roic"": 0.9957257559608156}}",False,"{""floor"": false, ""mom_sector_pct"": 64.28571428571429, ""eps_rev_proxy"": null}"
STE,1757898,Steris,Health Care,Health Care Equipment,Health Care Equipment and Services,6.754277891854894,5.9986310746064335,146255495.4876115,-0.05623916795029349,-0.21167073971340877,-0.14973243099463007,10.0,0.43934986616900673,0.011104044184521556,0.11051984460992872,0.10829587249693502,0.3534709233134412,0.07370671082135634,0.06842197442933037,0.6754159051403761,9,9,False,0.1381894523048055,0.16641623661536342,0.1228312718733593,False,0.44433954451345753,0.14293995859213252,0.12173913043478261,1.0113569588354703,1.293342015604782,1.6516695573330211,1.3793115047297195,3.8461538461538463,-0.2870251776288014,0.3862994242887256,260.0,,209.97999572753906,97500110.0,20473072681.23459,22054072681.23459,8787700000.0,1581000000.0,1288500000.0,362900000.0,62600000.0,490900000.0,1566500000.0,6037500000.0,1141600000.0,925600000.0,863000000.0,735000000.0,1632500000.0,805000000.0,847209991.7347782,0.2578749196436771,0.09640861564855174,19.318564016498414,25.55512477547461,0.03913109440027878,30.005541062904204,0.03332717773372526,25.432388423893897,1.1498136645962733,0.9595712098009188,4189200000.0,14300000.0,0.47833904207016625,1.0,0.06989618756746564,0.07066786227880759,4.230769230769231,-1.3280491795919487,0.5463223626333241,260.0,[],True,1.0,ig,Health Care Equipment and Services,29.629629629629626,55.172413793103445,36.36363636363637,25.0,58.333333333333336,34.48275862068966,62.96296296296296,60.0,21.428571428571427,1.0,53.712026310948254,"{'profitability': 39.3, 'growth': 100.0, 'balance': 68.0, 'stability': 81.2}",62.07975385199853,False,0.015127693002466636,25.171444111865743,,57.8958900814734,,False,"{""floor"": false, ""depressed_arms"": {""self_pct"": true, ""self_z"": true, ""median_ratio"": true}, ""yield_arm"": false, ""residual_arm"": false, ""brakes"": {""gm"": true, ""fcf_margin"": true, ""roic"": true}, ""self_pct"": 4.230769230769231, ""self_z"": -1.3280491795919487, ""median_ratio"": 0.5463223626333241, ""fcf_yield"": 0.03913109440027878, ""yield_threshold"": 0.0495, ""gs10"": 0.0495, ""residual_pct"": null, ""brake_values"": {""gm"": 1.0113569588354703, ""fcf_margin"": 1.293342015604782, ""roic"": 1.3793115047297195}}",False,"{""floor"": false, ""mom_sector_pct"": 21.428571428571427, ""eps_rev_proxy"": null}"
ALGN,1097149,Align Technology,Health Care,Health Care Supplies,Health Care Equipment and Services,9.264887063655031,5.9986310746064335,143078747.94362932,0.24875187243318853,-0.22056815669820684,0.1741817521379716,10.0,0.7041128153004574,0.03208929039405078,0.1020101401042968,0.11226472938815887,0.2974345370149372,0.11936403855859909,0.10489941015430812,0.5647138623594249,8,9,False,0.10296139708637742,-0.0065838037320232745,-0.18418971003597528,False,0.6804646032450045,0.10977569445048377,0.07782425646184157,0.9664141717895564,1.0761253179168986,0.6519908123218829,0.7128283027285993,22.692307692307693,-0.5558299275120177,0.7405864777123089,260.0,,148.1699981689453,71039852.0,10525974740.762146,9282123740.762146,2988602000.0,-1243851000.0,755696000.0,122127000.0,179149000.0,254391000.0,-1243851000.0,4139532000.0,547590000.0,633569000.0,454420000.0,322156000.0,801981000.0,413227000.0,398080492.8389125,0.2730318434615087,0.13319956716849968,16.950864224624528,20.426309891206696,0.04895646865861411,28.81251238766978,0.034707143429392386,25.472620958364644,1.5332226597003584,-1.550973152730551,497301000.0,94927000.0,0.19816221765226685,7.0,0.18686066007568977,0.15774782930056896,5.384615384615385,-0.9325155743646756,0.419850926032951,260.0,[],True,1.0,ig,Health Care Equipment and Services,66.66666666666666,44.827586206896555,86.36363636363636,76.78571428571429,58.333333333333336,72.41379310344827,88.88888888888889,73.33333333333333,50.0,1.0,49.61522343004857,"{'profitability': 55.3, 'growth': 42.9, 'balance': 100.0, 'stability': 76.4}",68.34651506566934,False,-0.22758645629089935,25.646579931966603,,58.980869247858955,,False,"{""floor"": false, ""depressed_arms"": {""self_pct"": true, ""self_z"": false, ""median_ratio"": true}, ""yield_arm"": false, ""residual_arm"": false, ""brakes"": {""gm"": false, ""fcf_margin"": true, ""roic"": false}, ""self_pct"": 5.384615384615385, ""self_z"": -0.9325155743646756, ""median_ratio"": 0.419850926032951, ""fcf_yield"": 0.04895646865861411, ""yield_threshold"": 0.0495, ""gs10"": 0.0495, ""residual_pct"": null, ""brake_values"": {""gm"": 0.9664141717895564, ""fcf_margin"": 1.0761253179168986, ""roic"": 0.7128283027285993}}",False,"{""floor"": false, ""mom_sector_pct"": 50.0, ""eps_rev_proxy"": null}"
GEN,849399,Gen Digital,Information Technology,Systems Software,Software and Services,23.50171115674196,5.9986310746064335,142858300.2934006,0.09857610247441828,-0.15441653271570166,-0.0710622101940106,8.0,0.8143068328750797,0.028575256982864214,0.3077289150565471,0.2726810673443456,0.34849427069936545,0.21482100746585883,0.17001270648030495,0.4648271384315235,7,9,False,0.1440681863736788,0.16820852899657845,0.11401951782545239,False,0.780074817877535,0.26048434731246306,0.16774955699940933,0.9579617736023638,0.8464734204928304,0.7808805990543988,0.8380228140315666,46.92307692307692,-0.053804008338882235,0.9561382397488785,260.0,,26.229999542236328,598587032.0,15700937575.348602,23372937575.348602,10328000000.0,7672000000.0,1570000000.0,22000000.0,225000000.0,493000000.0,7657000000.0,5079000000.0,2117000000.0,1548000000.0,1323000000.0,852000000.0,2610000000.0,1053000000.0,1453194915.2542372,0.3135593220338983,0.14070438761175805,11.040594036536893,17.666619482500835,0.05660392476277205,27.43302532317911,0.03645241413294163,14.910671961394684,1.4700854700854702,2.9337164750957854,10938000000.0,2054000000.0,1.2579395817195973,5.0,0.16790042616483947,0.10487380608451032,41.53846153846154,-0.17140992213355238,0.9343647224866694,260.0,[],True,1.0,ig,Software and Services,52.63157894736842,90.9090909090909,83.33333333333334,55.00000000000001,15.909090909090908,42.857142857142854,5.0,86.36363636363636,44.06779661016949,1.0,41.953114357014414,"{'profitability': 76.2, 'growth': 100.0, 'balance': 2.2, 'stability': 68.6}",64.84771514643316,False,-0.65139988363021,33.88853774887198,,53.40041475172379,,False,"{""floor"": false, ""depressed_arms"": {""self_pct"": false, ""self_z"": false, ""median_ratio"": false}, ""yield_arm"": true, ""residual_arm"": false, ""brakes"": {""gm"": false, ""fcf_margin"": false, ""roic"": false}, ""self_pct"": 41.53846153846154, ""self_z"": -0.17140992213355238, ""median_ratio"": 0.9343647224866694, ""fcf_yield"": 0.05660392476277205, ""yield_threshold"": 0.0495, ""gs10"": 0.0495, ""residual_pct"": null, ""brake_values"": {""gm"": 0.9579617736023638, ""fcf_margin"": 0.8464734204928304, ""roic"": 0.8380228140315666}}",False,"{""floor"": false, ""mom_sector_pct"": 44.06779661016949, ""eps_rev_proxy"": null}"
WYNN,1174922,Wynn Resorts,Consumer Discretionary,Casinos & Gaming,Consumer Services,17.859000684462696,5.9986310746064335,142480525.42011017,-0.2544623280702307,-0.3624305602461362,-0.3625441975464331,4.0,,,0.010366684333990215,0.08409910220394613,1.9616381619454695,-0.03745847082940017,0.08548267065448215,17.459538429409132,6,9,False,0.2777382286479426,,,False,,0.09517112535703807,0.10619477501964342,,9.18047876166072,-2.835000272789938,2.166672817002169,,,,,,81.44999694824219,102973891.0,8387223107.698624,18535242107.698624,9978568000.0,10148019000.0,1459197000.0,667323000.0,86330000.0,585600000.0,10885235000.0,7413425000.0,1165387000.0,791874000.0,705544000.0,787267000.0,1750987000.0,448885000.0,981090311.1093489,0.1581420497145164,0.09831974999913304,15.904795666760162,26.270852147702517,0.0380650004947576,23.54378134444683,0.04247406078785495,18.684569784462887,1.764091025541063,6.216628107461677,18463000.0,224242000.0,0.024322628256880145,2.0,0.04537821734209471,0.04164157077037584,33.74233128834356,-0.1918607659306723,0.8830966017078993,163.0,"['mktcap<10B', 'fcf_cagr5 gate']",False,0.9,ig,Consumer Services,41.66666666666667,30.76923076923077,,42.30769230769231,7.6923076923076925,76.92307692307693,0.0,53.84615384615385,18.181818181818183,1.0,18.174260112601452,"{'profitability': 27.2, 'growth': 100.0, 'balance': 0.0, 'stability': 44.4}",51.74355906823088,False,0.13554266167488382,22.94080905874921,,34.95890959041617,,False,"{""floor"": false, ""depressed_arms"": {""self_pct"": false, ""self_z"": false, ""median_ratio"": false}, ""yield_arm"": false, ""residual_arm"": false, ""brakes"": {""gm"": false, ""fcf_margin"": true, ""roic"": true}, ""self_pct"": 33.74233128834356, ""self_z"": -0.1918607659306723, ""median_ratio"": 0.8830966017078993, ""fcf_yield"": 0.0380650004947576, ""yield_threshold"": 0.0495, ""gs10"": 0.0495, ""residual_pct"": null, ""brake_values"": {""gm"": null, ""fcf_margin"": 9.18047876166072, ""roic"": 2.166672817002169}}",False,"{""floor"": false, ""mom_sector_pct"": 18.181818181818183, ""eps_rev_proxy"": null}"
VTRS,1792044,Viatris,Health Care,Pharmaceuticals,Pharmaceuticals Biotechnology and Life Sciences,22.420260095824776,5.9986310746064335,142213302.87177587,0.7772364132746099,-0.017744873775479286,0.862073965890302,8.0,0.3733118085428981,0.09999887837575834,0.13808751878709008,0.1374511609107648,0.12761545459667076,-0.03932470133573536,-0.046321506764722395,,3,7,False,0.03810826926878108,0.1439544094903733,,False,0.3493378159495842,0.1213096680232479,-0.04390967618995767,0.9357802457766107,0.8784984268584689,1.1165927444706574,0.3894955265895008,,,,,,17.1200008392334,1148590864.0,19663876555.615814,32401076555.615814,26997600000.0,12737200000.0,2330800000.0,376000000.0,172300000.0,2803700000.0,12737200000.0,14693800000.0,-87300000.0,1954800000.0,1782500000.0,-645200000.0,2716400000.0,,-64503689.748329304,0.26112611972131383,-0.0023892379229386797,,18.177322050836363,0.055013604160354786,,-0.019912918599865867,,,4.689000147253718,6654400000.0,13676900000.0,0.7530780513823451,0.0,-0.0061341857860584825,0.007595043516924357,89.9581589958159,1.4289101463401659,1.268409566045677,239.0,[],True,0.8,ig,Pharmaceuticals Biotechnology and Life Sciences,16.666666666666664,25.0,11.11111111111111,8.333333333333332,8.333333333333332,,16.666666666666657,,95.23809523809523,1.0,16.221687424953316,"{'profitability': 24.3, 'growth': 65.9, 'balance': 0.0, 'stability': 55.0}",,False,,,,,,False,"{""floor"": false, ""depressed_arms"": {""self_pct"": false, ""self_z"": false, ""median_ratio"": false}, ""yield_arm"": true, ""residual_arm"": false, ""brakes"": {""gm"": false, ""fcf_margin"": false, ""roic"": false}, ""self_pct"": 89.9581589958159, ""self_z"": 1.4289101463401659, ""median_ratio"": 1.268409566045677, ""fcf_yield"": 0.055013604160354786, ""yield_threshold"": 0.0495, ""gs10"": 0.0495, ""residual_pct"": null, ""brake_values"": {""gm"": 0.9357802457766107, ""fcf_margin"": 0.8784984268584689, ""roic"": 0.3894955265895008}}",False,"{""floor"": false, ""mom_sector_pct"": 95.23809523809523, ""eps_rev_proxy"": null}"
PKG,75677,Packaging Corporation of America,Materials,Paper & Plastic Packaging Products & Materials,Materials,9.163586584531142,5.9986310746064335,138305349.07520002,0.13403383636255217,-0.052727476008482266,0.14417479065725813,10.0,0.22590546458435962,0.0681208205655404,0.07384457185761927,0.07492333097428638,0.20286191058589645,0.09349072603502713,0.09561367403468568,0.1843677098896179,6,9,False,0.06187600584788355,0.03562932157398624,0.07712854976867134,False,0.2010676903068823,0.07268265055691901,0.08380005453820821,0.8900523529912124,0.98426531197255,0.8963461734890344,0.6903537149180389,64.23076923076924,0.00035341117961179856,1.0778592718720406,260.0,,240.97999572753906,89098299.0,21470907712.350998,25432807712.350998,8623800000.0,3961900000.0,1624100000.0,881700000.0,49400000.0,775700000.0,3961500000.0,9534600000.0,1035500000.0,742400000.0,693000000.0,799000000.0,1811200000.0,691800000.0,779922591.1812738,0.2468154599891127,0.09043839040576936,24.56089590763013,36.69957822850072,0.02724826955159405,31.830798138111387,0.03141611453351175,31.03629331071263,1.0731425267418329,2.1872239399293285,1416300000.0,565600000.0,0.2298174818525476,9.0,0.13100297492642088,0.12833516745662293,66.53846153846153,0.0003696083093878534,1.078888824340755,260.0,[],True,1.0,ig,Materials,58.333333333333336,50.0,42.857142857142854,92.85714285714286,71.42857142857143,63.63636363636363,27.272727272727266,41.666666666666664,50.0,1.0,23.348103155544397,"{'profitability': 37.1, 'growth': 40.6, 'balance': 27.1, 'stability': 66.4}",35.142565971861195,False,0.25266690956995674,28.505537111365356,,29.245334563702798,,False,"{""floor"": false, ""depressed_arms"": {""self_pct"": false, ""self_z"": false, ""median_ratio"": false}, ""yield_arm"": false, ""residual_arm"": false, ""brakes"": {""gm"": false, ""fcf_margin"": true, ""roic"": false}, ""self_pct"": 66.53846153846153, ""self_z"": 0.0003696083093878534, ""median_ratio"": 1.078888824340755, ""fcf_yield"": 0.02724826955159405, ""yield_threshold"": 0.0495, ""gs10"": 0.0495, ""residual_pct"": null, ""brake_values"": {""gm"": 0.8900523529912124, ""fcf_margin"": 0.98426531197255, ""roic"": 0.6903537149180389}}",False,"{""floor"": false, ""mom_sector_pct"": 50.0, ""eps_rev_proxy"": null}"
FTV,1659166,Fortive,Industrials,Industrial Machinery & Supplies & Components,Capital Goods,10.231348391512663,5.9986310746064335,136934377.88343054,0.23390943963855815,-0.10090199856712212,0.1644204458049674,10.0,0.6118634013940201,0.04975609584347539,0.23789454982111335,0.20708807193864057,0.16737134155537814,0.16139934391928218,0.12767564412860258,0.2673995991472709,7,9,False,-0.02140910787620065,-0.06393711288329884,-0.11789054489653683,False,0.6325494640411767,0.20321575293950986,0.12971620153940597,1.0338083019837878,0.8542261816940301,0.80369720464464,1.2171606156974826,83.07692307692308,1.2629498407053137,1.2658821998771403,260.0,,56.2599983215332,304861021.0,17151480529.760899,20393380529.7609,9325000000.0,3241900000.0,1076300000.0,105000000.0,110600000.0,416300000.0,3233600000.0,4235400000.0,746600000.0,971300000.0,860700000.0,549400000.0,1162900000.0,497200000.0,657706449.3267187,0.11906449326718639,0.07053152271600201,27.315002048969863,23.693947402998603,0.042204871269083864,37.11936754597907,0.026940114180591,34.49613944038797,1.9535398230088497,2.7806346203456873,7288500000.0,2093500000.0,1.0061126005361931,2.0,0.05794758868005647,0.057382385318106056,86.92307692307692,1.1986736116715848,1.1617046519139413,260.0,"['rev_cagr5 gate', 'fcf_cagr5 gate']",False,1.0,ig,Capital Goods,10.81081081081081,100.0,100.0,15.853658536585366,64.28571428571429,100.0,16.21621621621621,34.14634146341463,65.625,1.0,18.273625694201993,"{'profitability': 55.0, 'growth': 0.0, 'balance': 7.3, 'stability': 75.5}",28.35217233038784,False,-0.14539573311781062,27.401982500328035,,23.312899012294917,,False,"{""floor"": false, ""depressed_arms"": {""self_pct"": false, ""self_z"": false, ""median_ratio"": false}, ""yield_arm"": false, ""residual_arm"": false, ""brakes"": {""gm"": true, ""fcf_margin"": false, ""roic"": true}, ""self_pct"": 86.92307692307692, ""self_z"": 1.1986736116715848, ""median_ratio"": 1.1617046519139413, ""fcf_yield"": 0.042204871269083864, ""yield_threshold"": 0.0495, ""gs10"": 0.0495, ""residual_pct"": null, ""brake_values"": {""gm"": 1.0338083019837878, ""fcf_margin"": 0.8542261816940301, ""roic"": 1.2171606156974826}}",False,"{""floor"": false, ""mom_sector_pct"": 65.625, ""eps_rev_proxy"": null}"
IEX,832101,IDEX Corporation,Industrials,Industrial Machinery & Supplies & Components,Capital Goods,7.12662559890486,5.9986310746064335,133209657.73570344,0.4484236441666023,-0.038796368032741446,0.4445868397907431,10.0,0.4440925586597052,0.00549684319330994,0.16993627529802136,0.17078993055555555,0.1086815811461864,0.14566807570144608,0.14277410670582477,0.09316133570230765,7,9,False,0.08013924934357308,0.03565054967020065,-0.01058255745001846,False,0.4469918835243913,0.17044598778344908,0.13209494324045407,1.0065286499585502,1.0029994330788634,0.9068215022706085,0.8476819465327478,69.61538461538461,0.9977678696044293,1.1160071409916037,260.0,,229.6699981689453,73719896.0,16931248379.334839,18288148379.33484,5364900000.0,1356900000.0,716700000.0,75200000.0,30400000.0,212700000.0,1358300000.0,3585300000.0,741700000.0,641500000.0,611100000.0,473600000.0,954400000.0,519500000.0,565338044.9141347,0.23778071334214002,0.1053771822241113,24.657069407219684,29.926605104458908,0.03341508321807625,38.61517816582525,0.025896552793455922,32.591430951558884,1.2348411934552455,1.423197820620285,3382600000.0,1073600000.0,0.8306212604149192,6.0,0.1243121699773517,0.1288706123154617,51.53846153846153,0.03718090746964314,1.0050005204534014,260.0,[],True,1.0,ig,Capital Goods,40.54054054054054,90.2439024390244,81.25,46.34146341463415,64.28571428571429,53.84615384615385,59.45945945945946,41.463414634146346,85.9375,1.0,45.112943360903785,"{'profitability': 60.4, 'growth': 48.2, 'balance': 52.6, 'stability': 82.9}",39.91035786630508,False,0.07361794643554376,27.802611111108703,,42.51165061360443,,False,"{""floor"": false, ""depressed_arms"": {""self_pct"": false, ""self_z"": false, ""median_ratio"": false}, ""yield_arm"": false, ""residual_arm"": false, ""brakes"": {""gm"": true, ""fcf_margin"": true, ""roic"": false}, ""self_pct"": 51.53846153846153, ""self_z"": 0.03718090746964314, ""median_ratio"": 1.0050005204534014, ""fcf_yield"": 0.03341508321807625, ""yield_threshold"": 0.0495, ""gs10"": 0.0495, ""residual_pct"": null, ""brake_values"": {""gm"": 1.0065286499585502, ""fcf_margin"": 1.0029994330788634, ""roic"": 0.8476819465327478}}",False,"{""floor"": false, ""mom_sector_pct"": 85.9375, ""eps_rev_proxy"": null}"
IFF,51253,International Flavors & Fragrances,Materials,Specialty Chemicals,Materials,50.483230663928815,5.9986310746064335,131332340.29153314,0.48349494478015176,-0.020856364714581743,0.45255463315957867,9.0,0.3391029035519759,0.053156405942039034,0.042248861604364016,0.04615116684082202,0.7822942925853421,-0.009200441377870138,-0.0019157088122605363,,6,9,False,0.16456696810652138,-0.13281073620242412,,False,0.3888220496554741,0.049436727551132015,0.013671661380290932,1.1466196413616891,1.170131588729613,-1.4859788589246858,-1.7611340758178622,,,,,,85.70999908447266,255149963.0,21868903095.133232,27679903095.133232,19787000000.0,5811000000.0,1161000000.0,621000000.0,88000000.0,948000000.0,5778000000.0,9143000000.0,734000000.0,540000000.0,452000000.0,125000000.0,1682000000.0,,557649350.6493506,0.24025974025974026,0.028182612354038038,37.711039639146094,61.238723661799185,0.016329536936835306,221.43922476106584,0.004515911763505339,,,3.435196195005945,8145000000.0,3732000000.0,0.6002425835144287,0.0,-0.016002536513837068,-0.016355477386741278,56.81818181818182,0.08460652695177596,1.089731652182062,220.0,['fcf_cagr5 gate'],False,0.9,ig,Materials,8.333333333333332,21.428571428571427,64.28571428571429,14.285714285714285,39.285714285714285,,0.0,8.333333333333343,85.71428571428571,1.0,9.910116617364615,"{'profitability': 9.2, 'growth': 50.0, 'balance': 0.0, 'stability': 53.0}",23.73928661296549,False,,,,16.824701615165054,,False,"{""floor"": false, ""depressed_arms"": {""self_pct"": false, ""self_z"": false, ""median_ratio"": false}, ""yield_arm"": false, ""residual_arm"": false, ""brakes"": {""gm"": true, ""fcf_margin"": true, ""roic"": false}, ""self_pct"": 56.81818181818182, ""self_z"": 0.08460652695177596, ""median_ratio"": 1.089731652182062, ""fcf_yield"": 0.016329536936835306, ""yield_threshold"": 0.0495, ""gs10"": 0.0495, ""residual_pct"": null, ""brake_values"": {""gm"": 1.1466196413616891, ""fcf_margin"": 1.170131588729613, ""roic"": -1.7611340758178622}}",False,"{""floor"": false, ""mom_sector_pct"": 85.71428571428571, ""eps_rev_proxy"": null}"
HII,1501585,Huntington Ingalls Industries,Industrials,Aerospace & Defense,Capital Goods,8.722792607802875,5.9986310746064335,129675453.53229603,0.07292593632962974,-0.387589015761703,-0.01609254297302598,10.0,,,0.0398231930406463,0.04177594604720869,0.5463901099723378,0.04015490377694115,0.045569088618227636,0.5636679234910986,9,9,False,0.059269098321768965,0.014186339457962216,-0.0024420316034008405,False,,-0.010390595373530527,-0.0020477815699658703,,-0.2609181881253261,-0.05099704836403577,0.8081894009635096,,,,,gm_derived,269.79998779296875,39404598.0,10631360059.38684,14203360059.38684,8884000000.0,3572000000.0,347000000.0,432000000.0,52000000.0,322000000.0,3572000000.0,13185000000.0,698000000.0,-85000000.0,-137000000.0,-27000000.0,1020000000.0,661000000.0,546656398.1042655,0.21682464454976302,0.061532687765000614,20.348653380210372,,-0.009645604943279477,,-0.0019009586384565393,16.083751980918066,-0.12859304084720122,3.5019607843137255,2650000000.0,651000000.0,0.3715668617739757,5.0,0.0761364696092802,0.07251799099553727,,,,,[],True,0.8,ig,Capital Goods,18.91891891891892,12.195121951219512,,41.46341463414634,64.28571428571429,2.564102564102564,10.810810810810807,60.97560975609756,45.3125,1.0,10.22346566597764,"{'profitability': 15.4, 'growth': 30.6, 'balance': 0.0, 'stability': 66.7}",,False,,,,,,False,"{""floor"": false, ""depressed_arms"": {""self_pct"": false, ""self_z"": false, ""median_ratio"": false}, ""yield_arm"": false, ""residual_arm"": false, ""brakes"": {""gm"": false, ""fcf_margin"": false, ""roic"": false}, ""self_pct"": null, ""self_z"": null, ""median_ratio"": null, ""fcf_yield"": -0.009645604943279477, ""yield_threshold"": 0.0495, ""gs10"": 0.0495, ""residual_pct"": null, ""brake_values"": {""gm"": null, ""fcf_margin"": -0.2609181881253261, ""roic"": 0.8081894009635096}}",False,"{""floor"": false, ""mom_sector_pct"": 45.3125, ""eps_rev_proxy"": null}"
UHS,352915,Universal Health Services,Health Care,Health Care Facilities,Health Care Equipment and Services,12.010951403148528,5.9986310746064335,129577232.45305574,-0.1426180125832578,-0.2522268402667849,-0.09295498864741614,10.0,,,0.029651855390810722,0.030599547289534724,0.7057506794638717,0.050699682468984354,0.04512519836190734,0.5620056985846631,9,9,False,0.08480286480142118,-0.12213094292578985,-0.0833885508301867,False,,0.04140365664233274,,,1.3963260004014442,,1.288180279220817,22.30769230769231,-0.40748334154117666,0.7255538071220948,260.0,shares_was_proxy,181.38999938964844,59657000.0,10821183193.588257,16103502193.588257,12796131000.0,5282319000.0,1800302000.0,954902000.0,95394000.0,,5214496000.0,18114487000.0,2058455000.0,845400000.0,750006000.0,,,1526027000.0,1574600199.1295638,0.23505726424451165,0.12305283519913666,7.823101400607862,21.471164488801765,0.04657409245416324,,,7.091082394733682,0.5539875768908413,,3981713000.0,75876000.0,0.31709498753959303,3.0,0.09552454511535277,0.09713264136732536,29.914529914529915,-0.15491867567428746,0.6762767394487672,234.0,['fcf_cagr5 gate'],False,0.8,ig,Health Care Equipment and Services,37.03703703703704,13.793103448275861,,41.07142857142857,58.333333333333336,6.896551724137931,,96.66666666666667,9.523809523809524,0.7,21.677700971498062,"{'profitability': 30.4, 'growth': 35.3, 'balance': None, 'stability': 66.7}",67.99350433199365,False,-0.16493959917749157,25.32141416837985,,44.83560265174586,,False,"{""floor"": false, ""depressed_arms"": {""self_pct"": false, ""self_z"": false, ""median_ratio"": true}, ""yield_arm"": false, ""residual_arm"": false, ""brakes"": {""gm"": false, ""fcf_margin"": true, ""roic"": true}, ""self_pct"": 29.914529914529915, ""self_z"": -0.15491867567428746, ""median_ratio"": 0.6762767394487672, ""fcf_yield"": 0.04657409245416324, ""yield_threshold"": 0.0495, ""gs10"": 0.0495, ""residual_pct"": null, ""brake_values"": {""gm"": null, ""fcf_margin"": 1.3963260004014442, ""roic"": 1.288180279220817}}",False,"{""floor"": false, ""mom_sector_pct"": 9.523809523809524, ""eps_rev_proxy"": null}"
J,52988,Jacobs Solutions,Industrials,Construction & Engineering,Capital Goods,18.913073237508556,5.9986310746064335,113432527.59387676,0.03881485656451544,-0.10631322752938377,-0.03541550462432019,9.0,0.24479021776876628,0.06398820513893612,0.05228839435626618,0.045429913407415576,0.30284276723000336,0.04803221828878799,0.03908856876304419,0.3858079703136637,7,9,False,-0.023763696704604875,,,False,0.22067032387720956,0.04037655803245411,0.03659414133662503,0.9014670843001543,0.7721896709497149,0.7618665687394889,0.9482567388850125,62.69230769230769,0.27333092381414537,1.222712299285114,260.0,,141.1199951171875,117038611.0,16516488212.842407,19436026212.842407,6184027000.0,2919538000.0,735843000.0,91299000.0,70421000.0,145082000.0,2933379000.0,14219216000.0,649643000.0,644544000.0,574123000.0,520340000.0,794725000.0,338427000.0,410025020.5939171,0.3688456266073566,0.0663038858973153,29.918010681008504,33.853418540700176,0.029539114308286263,37.35255066464698,0.026771933434427245,48.8036953695846,1.9045288939712257,3.6910616880052847,4756461000.0,604199000.0,0.8668558529902926,1.0,0.06992187155482524,0.05868170577027504,63.07692307692307,0.33668177683454537,1.1934845145135198,260.0,"['rev_cagr5 gate', 'fcf_cagr5 gate']",False,1.0,ig,Capital Goods,16.216216216216218,17.073170731707318,25.0,6.097560975609756,22.61904761904762,97.43589743589743,5.4054054054054035,24.390243902439025,40.625,1.0,6.127513496933432,"{'profitability': 22.7, 'growth': 0.0, 'balance': 0.0, 'stability': 67.3}",30.987318101515456,False,0.2078525449374955,27.50003947659908,,18.557415799224444,,False,"{""floor"": false, ""depressed_arms"": {""self_pct"": false, ""self_z"": false, ""median_ratio"": false}, ""yield_arm"": false, ""residual_arm"": false, ""brakes"": {""gm"": false, ""fcf_margin"": false, ""roic"": true}, ""self_pct"": 63.07692307692307, ""self_z"": 0.33668177683454537, ""median_ratio"": 1.1934845145135198, ""fcf_yield"": 0.029539114308286263, ""yield_threshold"": 0.0495, ""gs10"": 0.0495, ""residual_pct"": null, ""brake_values"": {""gm"": 0.9014670843001543, ""fcf_margin"": 0.7721896709497149, ""roic"": 0.9482567388850125}}",False,"{""floor"": false, ""mom_sector_pct"": 40.625, ""eps_rev_proxy"": null}"
NDSN,72331,Nordson Corporation,Industrials,Industrial Machinery & Supplies & Components,Capital Goods,4.605065023956194,5.9986310746064335,108237548.41065955,0.44337911541779795,-0.029661396008915597,0.4335753479764408,10.0,0.5515110513763457,0.01052251518027549,0.1999210543180704,0.20525999181274815,0.13821767513675173,0.18625867436321228,0.1774978420622392,0.1816045396712159,7,9,False,0.056479601334163076,0.07907001567409888,0.10538966928464055,False,0.5528561528561529,0.2351879911201945,0.2261655583689482,1.002438938397427,1.1764043158056536,1.2142551703547284,0.9835044012205103,14.23076923076923,-1.3387980313681327,0.8806176208157875,260.0,gm_derived,321.4200134277344,55699366.0,17902890967.63629,19415378967.63629,4781547000.0,1512488000.0,773384000.0,49371000.0,23201000.0,76256000.0,1512488000.0,2979795000.0,800961000.0,724013000.0,700812000.0,673927000.0,877217000.0,555178000.0,659254789.8380016,0.17692023726748038,0.1378747902797989,24.240105283074072,27.704118890139284,0.03609571572968991,28.809320546047704,0.034710988702480454,32.247118883738715,1.3041096729337258,1.7241891117021215,3315820000.0,626343000.0,0.8244534666291056,10.0,0.1401872631263255,0.12266630092557447,43.84615384615385,-0.16073460858627853,0.9860237426660042,260.0,[],True,1.0,ig,Capital Goods,48.64864864864865,95.1219512195122,90.625,87.8048780487805,64.28571428571429,66.66666666666666,45.945945945945944,43.90243902439024,84.375,1.0,47.25193286090637,"{'profitability': 71.7, 'growth': 56.5, 'balance': 42.5, 'stability': 80.9}",45.02072302196873,False,-0.005834322682891191,27.866226092418533,,46.13632794143755,,False,"{""floor"": false, ""depressed_arms"": {""self_pct"": false, ""self_z"": false, ""median_ratio"": false}, ""yield_arm"": false, ""residual_arm"": false, ""brakes"": {""gm"": true, ""fcf_margin"": true, ""roic"": true}, ""self_pct"": 43.84615384615385, ""self_z"": -0.16073460858627853, ""median_ratio"": 0.9860237426660042, ""fcf_yield"": 0.03609571572968991, ""yield_threshold"": 0.0495, ""gs10"": 0.0495, ""residual_pct"": null, ""brake_values"": {""gm"": 1.002438938397427, ""fcf_margin"": 1.1764043158056536, ""roic"": 0.9835044012205103}}",False,"{""floor"": false, ""mom_sector_pct"": 84.375, ""eps_rev_proxy"": null}"
MGM,789570,MGM Resorts,Consumer Discretionary,Casinos & Gaming,Consumer Services,9.163586584531142,5.9986310746064335,98782964.68796363,0.18764046605315765,-0.2305346710546673,0.06320224989997136,8.0,,,0.08051335687434653,0.07811636234957606,0.2522421921184583,0.08992908021706693,0.12547578977346713,0.9241762408317052,8,9,False,0.277113404785333,,0.1992826380306052,True,,0.07873105122883604,,,0.9778632302179121,,0.6862095320138739,,,,,,37.849998474121094,251592756.0,9522785430.69992,38662973430.69992,31653963000.0,29140188000.0,2463036000.0,968489000.0,96170000.0,,28286309000.0,17761442000.0,1017036000.0,1494547000.0,1398377000.0,,,425926000.0,938657258.0395802,0.07706584817097897,0.029653704278342026,38.01534402980811,27.64846206044573,0.03616837702631618,,,22.357840166366742,3.5089358245329,,4768737000.0,1356676000.0,0.19351172553022825,1.0,0.043213774940308584,0.04202766631619687,5.098039215686274,-0.08138128309526296,0.8518750363344585,255.0,"['mktcap<10B', 'fcf_cagr5 gate']",False,0.8,ig,Consumer Services,33.33333333333333,38.46153846153847,,26.923076923076923,38.46153846153847,100.0,,7.692307692307693,72.72727272727273,0.7,42.45070078369601,"{'profitability': 23.0, 'growth': 100.0, 'balance': None, 'stability': 75.8}",44.98799264962972,False,0.1875821228868797,22.919497828399482,,43.71934671666286,,False,"{""floor"": false, ""depressed_arms"": {""self_pct"": true, ""self_z"": false, ""median_ratio"": false}, ""yield_arm"": false, ""residual_arm"": false, ""brakes"": {""gm"": false, ""fcf_margin"": true, ""roic"": false}, ""self_pct"": 5.098039215686274, ""self_z"": -0.08138128309526296, ""median_ratio"": 0.8518750363344585, ""fcf_yield"": 0.03616837702631618, ""yield_threshold"": 0.0495, ""gs10"": 0.0495, ""residual_pct"": null, ""brake_values"": {""gm"": null, ""fcf_margin"": 0.9778632302179121, ""roic"": 0.6862095320138739}}",False,"{""floor"": false, ""mom_sector_pct"": 72.72727272727273, ""eps_rev_proxy"": null}"
HSIC,1000228,Henry Schein,Health Care,Health Care Distributors,Health Care Equipment and Services,11.523613963039015,5.9986310746064335,97547102.53586896,0.3551316977216683,-0.0530007196997242,0.2874660338326587,10.0,0.3080539601006563,0.024171537990602482,0.039688483712754,0.04050364077669903,0.21457814490906063,0.02914355891642152,0.027457524271844662,0.26754432872366896,7,9,False,0.054343001644374,,,False,0.31318923687692984,0.0389648581091016,0.024555212468754594,1.0166700560336754,0.9817673658462327,0.8425605307565395,,58.84615384615385,0.40366389438556516,1.1545543973775056,260.0,,85.05000305175781,111446542.0,9478528737.207855,11815074737.207855,5493546000.0,2336546000.0,700000000.0,131000000.0,39000000.0,327000000.0,1676546000.0,13602000000.0,680000000.0,569000000.0,530000000.0,334000000.0,1007000000.0,424000000.0,,,,17.37510990765861,22.292593843788406,0.04485794730785172,35.37447526110136,0.028268970567589577,22.3550206066223,1.3419811320754718,1.664891757696127,4272000000.0,1043059000.0,0.9675096922825439,,,,45.38461538461539,-0.19129322685679886,0.9592959552218372,260.0,"['mktcap<10B', 'fcf_cagr5 gate']",False,0.8,ig,Health Care Equipment and Services,,24.137931034482758,22.727272727272727,,58.333333333333336,55.172413793103445,48.14814814814815,66.66666666666667,73.80952380952381,1.0,25.124812583865147,"{'profitability': 15.6, 'growth': 45.3, 'balance': 44.5, 'stability': 75.7}",54.05312887320658,False,,,,39.58897072853586,,False,"{""floor"": false, ""depressed_arms"": {""self_pct"": false, ""self_z"": false, ""median_ratio"": false}, ""yield_arm"": false, ""residual_arm"": false, ""brakes"": {""gm"": true, ""fcf_margin"": true, ""roic"": false}, ""self_pct"": 45.38461538461539, ""self_z"": -0.19129322685679886, ""median_ratio"": 0.9592959552218372, ""fcf_yield"": 0.04485794730785172, ""yield_threshold"": 0.0495, ""gs10"": 0.0495, ""residual_pct"": null, ""brake_values"": {""gm"": 1.0166700560336754, ""fcf_margin"": 0.9817673658462327, ""roic"": null}}",False,"{""floor"": false, ""mom_sector_pct"": 73.80952380952381, ""eps_rev_proxy"": null}"
HRL,48465,Hormel Foods,Consumer Staples,Packaged Foods & Meats,Food Beverage and Tobacco,17.557837097878167,5.9986310746064335,94755460.00429592,-0.08164176313147475,-0.23957598701402527,-0.15189168255408836,10.0,0.16682132833702906,0.035594130283219394,0.06383424041884073,0.06541029663217429,0.19524254570376157,0.06596444905635719,0.06743968504299375,0.17985095183844876,5,9,False,0.04729856026370727,-0.06815746663983346,-0.09187039915676254,False,0.1567837288015035,0.062185439573896606,0.06540164820504571,0.93983023852174,0.9741705887917564,0.9914681186705486,0.4609207233650294,0.38461538461538464,-1.28775799169042,0.7042697105497668,260.0,shares_was_proxy,19.920000076293945,550675000.0,10969446042.013168,13258441042.013168,10132439000.0,2288995000.0,1091658000.0,310789000.0,25508000.0,271722000.0,2272785000.0,12146911000.0,573886000.0,780869000.0,755361000.0,794428000.0,845608000.0,342711000.0,376571452.4740182,0.3438218522946749,0.03716493654430273,23.102917725843056,17.55245643078365,0.056972082736305295,16.6892922228486,0.05991865842165209,32.00786097327827,2.2785057964290614,2.6877524810550515,4867763000.0,1572850000.0,0.6356429088790961,6.0,0.08063194961809017,0.08001175529317855,1.5384615384615385,-0.9574928041374031,0.6950281190490905,260.0,['fcf_cagr5 gate'],False,1.0,ig,Food Beverage and Tobacco,27.27272727272727,14.285714285714285,14.285714285714285,36.36363636363637,53.57142857142857,92.3076923076923,38.46153846153846,28.57142857142857,11.11111111111111,1.0,11.425592606208756,"{'profitability': 21.7, 'growth': 19.7, 'balance': 10.4, 'stability': 64.5}",60.556670413596756,False,-0.1310588162126125,20.01041171599497,,35.99113150990276,,False,"{""floor"": false, ""depressed_arms"": {""self_pct"": true, ""self_z"": false, ""median_ratio"": true}, ""yield_arm"": true, ""residual_arm"": false, ""brakes"": {""gm"": false, ""fcf_margin"": true, ""roic"": false}, ""self_pct"": 1.5384615384615385, ""self_z"": -0.9574928041374031, ""median_ratio"": 0.6950281190490905, ""fcf_yield"": 0.056972082736305295, ""yield_threshold"": 0.0495, ""gs10"": 0.0495, ""residual_pct"": null, ""brake_values"": {""gm"": 0.93983023852174, ""fcf_margin"": 0.9741705887917564, ""roic"": 0.4609207233650294}}",False,"{""floor"": false, ""mom_sector_pct"": 11.11111111111111, ""eps_rev_proxy"": null}"
AOS,91142,A. O. Smith,Industrials,Building Products,Capital Goods,9.163586584531142,5.9986310746064335,85903475.78233454,-0.14801632242659646,-0.27392604943820653,-0.18526766971039055,10.0,0.37594040956193764,0.03313037334138961,0.13345055553018087,0.1425513028040311,0.19702988229748036,0.13342765054945965,0.13881781630202078,0.1953671815539953,6,9,False,0.05756136403417389,0.015613976621913883,0.019778627439967167,False,0.38592341454440326,0.16804646639859128,0.15766511603458697,1.0265547537017856,1.2592414151515936,1.1816524939569617,0.7774915923471257,4.230769230769231,-1.6504896150609483,0.7221022600476171,260.0,shares_was_proxy;sbc_unreported,57.7400016784668,137147703.0,7918908601.417866,8602108601.417866,2525100000.0,683200000.0,692300000.0,52900000.0,,92400000.0,664200000.0,3804900000.0,666300000.0,639400000.0,639400000.0,599900000.0,758700000.0,500300000.0,516741419.9348938,0.22446132382576345,0.20464196266876314,12.910263547077692,13.453407259020747,0.07433061236806626,14.339237541953436,0.0697387149821754,15.828320210709306,1.2780331800919449,0.8754448398576512,915200000.0,93300000.0,0.3993901231634391,10.0,0.2632079429321943,0.2721726536780593,3.4615384615384617,-1.9704880562061904,0.667128682815049,260.0,['mktcap<10B'],False,1.0,ig,Capital Goods,83.78378378378379,75.60975609756098,59.375,87.8048780487805,64.28571428571429,61.53846153846154,72.97297297297297,90.2439024390244,18.75,1.0,43.361915165787565,"{'profitability': 78.5, 'growth': 30.5, 'balance': 70.8, 'stability': 70.2}",82.30852465489315,False,-0.7401628368080595,28.20206602566992,,62.835219910340356,,False,"{""floor"": false, ""depressed_arms"": {""self_pct"": true, ""self_z"": true, ""median_ratio"": true}, ""yield_arm"": true, ""residual_arm"": false, ""brakes"": {""gm"": true, ""fcf_margin"": true, ""roic"": false}, ""self_pct"": 3.4615384615384617, ""self_z"": -1.9704880562061904, ""median_ratio"": 0.667128682815049, ""fcf_yield"": 0.07433061236806626, ""yield_threshold"": 0.0495, ""gs10"": 0.0495, ""residual_pct"": null, ""brake_values"": {""gm"": 1.0265547537017856, ""fcf_margin"": 1.2592414151515936, ""roic"": 0.7774915923471257}}",False,"{""floor"": false, ""mom_sector_pct"": 18.75, ""eps_rev_proxy"": null}"
SOLV,1964738,Solventum,Health Care,Health Care Technology,Health Care Equipment and Services,2.4804928131416837,2.4914442162902124,84999279.49890994,0.27672690542170164,-0.03620896069825974,0.2381953109958952,3.0,0.5602823597059503,0.029831750034154086,0.10699972109162445,0.1275270017056846,0.6627905418282916,0.08007538786941634,0.09681537983298419,0.9356442657316714,3,3,False,,,,False,0.5468110709987967,-0.03429602888086643,-0.05583634175691937,0.9759562504980102,-0.320524469886221,-0.6972971751067255,,,,,,,88.37000274658203,170223729.0,15042671399.263435,20137671399.263435,9895000000.0,5095000000.0,209000000.0,327000000.0,167000000.0,506000000.0,5095000000.0,8310000000.0,2076000000.0,-118000000.0,-285000000.0,-464000000.0,2582000000.0,1434000000.0,1755107964.60177,0.15457227138643068,0.17737321521998686,9.700227070936144,,-0.014152579727287848,,-0.02304139295951425,10.490007949277151,-0.08228730822873083,1.9732765298218435,5626000000.0,2544000000.0,0.8256695300656898,1.0,,,,,,,"['rev_cagr5 gate', 'fcf_cagr5 gate']",False,0.8,ig,Health Care Equipment and Services,,51.724137931034484,45.45454545454545,25.0,5.0,3.4482758620689653,37.03703703703704,90.0,59.523809523809526,0.7,28.81141749535709,"{'profitability': 44.3, 'growth': None, 'balance': 34.2, 'stability': 72.0}",,False,,,,,,False,"{""floor"": false, ""depressed_arms"": {""self_pct"": false, ""self_z"": false, ""median_ratio"": false}, ""yield_arm"": false, ""residual_arm"": false, ""brakes"": {""gm"": true, ""fcf_margin"": false, ""roic"": false}, ""self_pct"": null, ""self_z"": null, ""median_ratio"": null, ""fcf_yield"": -0.014152579727287848, ""yield_threshold"": 0.0495, ""gs10"": 0.0495, ""residual_pct"": null, ""brake_values"": {""gm"": 0.9759562504980102, ""fcf_margin"": -0.320524469886221, ""roic"": null}}",False,"{""floor"": false, ""mom_sector_pct"": 59.523809523809526, ""eps_rev_proxy"": null}"
BF-B,14693,Brown–Forman,Consumer Staples,Distillers & Vintners,Food Beverage and Tobacco,43.898699520876114,5.9986310746064335,59676297.313446164,0.03055022625805237,-0.12250794522058395,0.003809420048788148,10.0,0.5994472994507823,0.013465347238644223,0.14355978573978317,0.10383159886471145,0.3391977793070172,,,,6,9,False,0.025637699680790327,0.03414372589540915,0.05833783074022758,False,0.6066411238825032,0.2280970625798212,,1.0120007620992069,1.5888646072046284,,0.7975207561404152,3.8461538461538463,-1.5876334588133627,0.5628711920978945,260.0,shares_was_proxy,26.290000915527344,458824000.0,12062483380.065918,14311483380.065918,6218000000.0,2249000000.0,1013000000.0,88000000.0,32000000.0,,2249000000.0,3915000000.0,993000000.0,925000000.0,893000000.0,,,721000000.0,800842281.8791946,0.1935123042505593,0.12879419136043657,14.412369969854902,16.02629717812533,0.06239744520430606,,,16.730212732407654,1.2829403606102636,,1513000000.0,936000000.0,0.3938565455130267,7.0,0.1614932155292526,0.14726582917289982,1.153846153846154,-0.8701009499546696,0.390122836251744,260.0,[],True,0.9,ig,Food Beverage and Tobacco,63.63636363636363,57.14285714285714,85.71428571428571,50.0,53.57142857142857,61.53846153846154,,78.57142857142857,40.74074074074074,0.7,26.62259763074485,"{'profitability': 53.0, 'growth': 24.9, 'balance': None, 'stability': 65.0}",78.29066213272039,False,-0.23523012433231782,20.27646940306165,,52.45662988173262,,False,"{""floor"": false, ""depressed_arms"": {""self_pct"": true, ""self_z"": false, ""median_ratio"": true}, ""yield_arm"": true, ""residual_arm"": false, ""brakes"": {""gm"": true, ""fcf_margin"": true, ""roic"": false}, ""self_pct"": 1.153846153846154, ""self_z"": -0.8701009499546696, ""median_ratio"": 0.390122836251744, ""fcf_yield"": 0.06239744520430606, ""yield_threshold"": 0.0495, ""gs10"": 0.0495, ""residual_pct"": null, ""brake_values"": {""gm"": 1.0120007620992069, ""fcf_margin"": 1.5888646072046284, ""roic"": 0.7975207561404152}}",False,"{""floor"": false, ""mom_sector_pct"": 40.74074074074074, ""eps_rev_proxy"": null}"
MU,723125,Micron Technology,Information Technology,Semiconductors,Semiconductors and Semiconductor Equipment,31.991786447638603,5.9986310746064335,31456556160.866344,4.94110257483457,-0.05462576940224373,5.82647895388399,8.0,0.271675862383062,0.7236685441326504,-0.056565969486111624,0.0186205789501846,13.616582641589419,0.04712893595768157,0.21209168020212957,1.929702928078838,6,9,False,0.11763119291842661,,0.08716558604518232,True,0.7256906750559408,0.2765801892017635,0.4565766444380442,2.671163601692076,-4.889515581796418,9.687819917004227,,67.21311475409836,0.3148563051842793,1.3273616120485292,183.0,,1071.8800048828125,1129393151.0,1210573936208.495,1192819936208.495,82970000000.0,-17754000000.0,51432000000.0,25260000000.0,1204000000.0,9011000000.0,-17754000000.0,90274000000.0,59243000000.0,26172000000.0,24968000000.0,41217000000.0,68254000000.0,50469000000.0,,,,20.13436078875977,47.77394810191025,0.020931910376484352,28.93999893753779,0.03455425144134714,23.98648549027116,0.5185757593770434,-0.2601166232015706,1150000000.0,453000000.0,0.019320236229962637,,,,,,,,"['fcf_cagr5 gate', 'coverage<80%']",False,0.7,,,,,,,,,,,,,,,,,,,,,,,,,
SNDK,2023554,Sandisk,Information Technology,"Technology Hardware, Storage & Peripherals",Technology Hardware and Equipment,0.8213552361396304,1.6098562628336757,19778210828.65313,14.29015587389912,-0.16852273885384483,17.70438524419207,1.0,0.3117568742990426,0.7912611640002911,0.06031032921610818,-0.06735600569436236,2.089060200858698,0.05046661989408037,-0.06892117993244347,2.319027121857016,3,3,False,,,,False,0.7147372580007902,0.5562030817858554,,2.2926110598453135,9.22235194228222,,,,,,,,1816.5699462890625,146419001.0,265980356782.2682,261419356782.2682,11175000000.0,-4561000000.0,11671000000.0,177000000.0,232000000.0,,-4561000000.0,20248000000.0,12389000000.0,11494000000.0,11262000000.0,,,11433000000.0,10881419451.486519,0.12168702466005993,0.9737288099764223,21.10092475440053,23.212516141206553,0.043080206984748765,,,23.264266315251305,1.0053354325198984,,4994000000.0,,0.4468903803131991,1.0,,,,,,,"['tenure<1y', 'rev_cagr5 gate', 'fcf_cagr5 gate', 'coverage<80%']",False,0.7,,,,,,,,,,,,,,,,,,,,,,,,,
INTC,50863,Intel,Information Technology,Semiconductors,Semiconductors and Semiconductor Equipment,49.73032169746749,5.9986310746064335,10331693819.790009,1.5202817245268485,-0.08500639265683196,2.453521083778059,6.0,0.41104004759759505,0.19477074278616033,-0.18210652988854154,-0.19886129349446507,,-0.009076877278101308,-0.02507929482923951,15.110477781828079,5,9,False,-0.07457071162960704,,,False,0.38604643007434425,0.0076798990040678914,0.0028755786225277036,0.939194203413193,-0.04217256244885002,-0.31680263315504625,-0.023881797577247715,,,,,,122.5999984741211,5044000000.0,618394392303.4668,671658392303.4668,140806000000.0,53264000000.0,14936000000.0,12105000000.0,2393000000.0,12379000000.0,37663000000.0,57032000000.0,-77000000.0,2831000000.0,438000000.0,164000000.0,12302000000.0,-11289000000.0,-68386759.5455941,0.11186026564163509,-0.0004856807206056141,,1533.4666490946731,0.0006521172146719847,4095.4780018504075,0.00024417174247992124,,,3.061534709803284,20465000000.0,4840000000.0,0.179715353038933,6.0,0.020336857769380143,0.007872824926945434,,,,,"['rev_cagr5 gate', 'fcf_cagr5 gate', 'coverage<80%']",False,0.7,,,,,,,,,,,,,,,,,,,,,,,,,
AMZN,1018724,Amazon,Consumer Discretionary,Broadline Retail,Broadline Retail,20.84873374401095,5.9986310746064335,9917617191.25248,0.2122576856656111,-0.09184642125040898,0.13417965991881697,28.0,,,-0.014042908857436014,-0.0010821926664167985,2.857810092979188,0.03316522033754214,0.04285422996575114,1.3319269758744086,8,8,False,0.13178194800406007,,,False,0.5076964727722773,-0.03988629331683168,0.0862327248349835,,2.84031561564334,2.6000950380350814,,13.529411764705882,-0.011997058519745194,0.7356383404015792,170.0,,249.27000427246094,10786313572.0,2688704430176.5435,2808036430176.5435,670952000000.0,119332000000.0,161403000000.0,173028000000.0,19314000000.0,75200000000.0,119332000000.0,775680000000.0,93712000000.0,-11625000000.0,-30939000000.0,66889000000.0,168912000000.0,135281000000.0,,,,29.964534213084168,,-0.011018019448577752,41.980541347255055,0.023820559904842345,19.87495975175038,-0.08593224473503301,0.7064743771904898,23504000000.0,9197000000.0,0.04873821078109909,,,,,,,,"['fcf_cagr5 gate', 'coverage<80%']",False,0.6,,,,,,,,,,,,,,,,,,,,,,,,,
ORCL,1341439,Oracle Corporation,Information Technology,Application Software,Software and Services,37.06502395619439,5.9986310746064335,4332287218.668857,-0.4617605261819717,-0.5017942253488982,-0.48420355404109194,8.0,,,-0.041602494487030794,0.05690386427898209,51.542104679270196,0.16813605105218637,0.16162836804441003,0.4860544724465163,8,9,False,0.10721151086579872,,0.0992700300941678,False,,-0.46720352206865806,0.43531263932233616,,11.230180493487104,2.589049978265655,,0.38461538461538464,-2.615518527159114,0.3503979493254353,260.0,,144.55999755859375,3023736000.0,437111268777.83203,579893268777.832,209554000000.0,142782000000.0,46940000000.0,75660000000.0,4814000000.0,10881000000.0,137404000000.0,71776000000.0,23057000000.0,-28720000000.0,-33534000000.0,31245000000.0,33938000000.0,18920000000.0,18330739313.414387,0.20498159719762385,0.08747501509593893,25.150421510943836,,-0.05782788282863739,18.559554129551355,0.05388060472895495,23.103132599251165,-1.517970401691332,4.048676999233897,62267000000.0,3244000000.0,0.3126210905065043,4.0,,,,,,,"['fcf_cagr5 gate', 'coverage<80%']",False,0.7,,,,,,,,,,,,,,,,,,,,,,,,,
LITE,1633978,Lumentum,Information Technology,Communications Equipment,Technology Hardware and Equipment,0.5065023956194388,5.9986310746064335,3679884071.2700195,4.567651632970451,-0.0347172265202812,4.828926905132193,7.0,0.3327565488970501,0.29481760690012027,-0.04058523255034342,-0.05495189586870402,1.972219203371944,-0.07068895010449733,-0.11482739105829089,,7,9,False,0.1157814561822057,-0.14424207131315925,-0.07540695559983868,False,0.4166887856668879,0.04309887193098872,0.10507631055076311,1.2522331627973615,-1.0619348275885148,-1.486460194916348,,,,,,,937.0,89700000.0,84048900000.0,84578700000.0,5173700000.0,529800000.0,751400000.0,451300000.0,170200000.0,264500000.0,529800000.0,3014000000.0,524800000.0,300100000.0,129900000.0,316700000.0,789300000.0,-6935100000.0,503158762.88659793,0.041237113402061855,0.09725317720134487,161.163681402439,651.1062355658198,0.0015358476779614727,267.06251973476475,0.003744441567439556,,,0.6712276700874192,1069300000.0,326900000.0,0.269864893596459,1.0,,,,,,,"['tenure<1y', 'fcf_cagr5 gate', 'coverage<80%']",False,0.7,,,,,,,,,,,,,,,,,,,,,,,,,
BE,1664703,Bloom Energy,Industrials,Electrical Components & Equipment,Capital Goods,0.008213552361396304,5.9986310746064335,3407945330.250535,1.9972981397492,-0.1633273558802727,2.913395956138793,3.0,0.21571488574062653,0.30113368148991726,-0.1403296159713175,-0.12183936184055276,,-0.12665183402115926,-0.12585763151452597,,9,9,False,0.223111300072111,,,False,0.2981929409865886,0.09451722756492735,0.10144382734679072,1.3823475369480662,-0.6735372780058494,-0.8009661141570431,,,,,,sbc_unreported,275.19000244140625,284443868.0,78276108729.36304,78552047729.36304,1197408000.0,275939000.0,298241000.0,68682000.0,,51859000.0,249400000.0,2428753000.0,164062000.0,229559000.0,229559000.0,246382000.0,215921000.0,,128578673.22060558,0.2162799842705466,0.10738083695833466,478.7948929634104,342.1867481970345,0.0029223808498398955,318.8221855872711,0.003136544585684958,,,1.1550520792326824,1957000.0,,0.0016343635586199524,,,,,,,,"['tenure<1y', 'fcf_cagr5 gate', 'coverage<80%']",False,0.6,,,,,,,,,,,,,,,,,,,,,,,,,
LLY,59478,Lilly (Eli),Health Care,Pharmaceuticals,Pharmaceuticals Biotechnology and Life Sciences,55.73169062286105,5.9986310746064335,2814898041.74985,0.6314049701673314,-0.08316873677648617,0.5985993768980264,,0.7890977638403605,0.04005281419640179,,,,0.1627529909512464,0.19335485055652862,0.5908489210118519,9,9,False,0.21575855656690868,,0.23860692158425345,False,0.8339940099766776,,0.31802354335235444,1.0568956702117838,,1.9540258000396455,,2.307692307692308,-0.2835308486937196,0.5360255699634194,260.0,gm_derived,1150.989990234375,941357065.0,1083492559051.4099,1130748459051.41,81134900000.0,47255900000.0,28083500000.0,,649200000.0,2098700000.0,47198400000.0,79665800000.0,,,,25335600000.0,,26711200000.0,,0.20491732523701092,,,,,44.6308143107489,0.022406044241929945,40.56323036971045,,,8849000000.0,5354400000.0,0.17505906829243642,,,,,,,,"['fcf_cagr5 gate', 'coverage<80%']",False,0.1,,,,,,,,,,,,,,,,,,,,,,,,,
CAT,18230,Caterpillar Inc.,Industrials,Construction Machinery & Heavy Transportation Equipment,Capital Goods,69.55783709787816,5.9986310746064335,2205387428.719039,0.7336256008580797,-0.18441013206793133,0.7591236416977856,10.0,0.8585401405021356,0.32339139763827013,0.136788648804193,0.13194454718963144,0.2345188804444848,0.1282558045954994,0.14021512376274245,0.2981573719474643,6,9,False,0.10115402157081044,0.10764087497839547,0.194627983733606,False,0.9416023230606592,0.14315727495349864,0.1497410643792905,1.0967481642849488,1.04655814795292,1.167518810174343,,83.07692307692308,1.4629805772309399,1.5523587450510756,260.0,sbc_unreported;gm_derived,812.02001953125,459674889.0,373265212343.8052,403111212343.8052,49240000000.0,29846000000.0,13569000000.0,2871000000.0,,2379000000.0,29847000000.0,74729000000.0,13092000000.0,10698000000.0,10698000000.0,11190000000.0,15471000000.0,,,,,30.79065172195273,37.68098825423492,0.026538582089539842,36.02423702804336,0.02775908894951868,,,1.9292224161334108,5859000000.0,438000000.0,0.1278838342810723,,,,88.07692307692308,1.8951064440463632,1.8477699858122802,260.0,['coverage<80%'],True,0.7,,,,,,,,,,,,,,,,,,,,,,,,,
KLAC,319201,KLA Corporation,Information Technology,Semiconductor Materials & Equipment,Semiconductors and Semiconductor Equipment,28.982888432580424,5.9986310746064335,2106737954.2347221,0.6582600433066292,-0.27541868436354566,0.774642501210089,10.0,0.6059831245679101,0.009826117327548007,0.28829135284142665,0.28724266725042696,0.09815102483658607,0.28190607976787535,0.28156946246685427,0.09817342455706492,8,9,False,0.14438267834282237,0.14036548966752482,0.14599324059225793,False,0.6130145227989652,0.25457263593970786,0.2532446760095898,1.0116032904976828,0.8830394440576037,0.8983299552039258,,99.61538461538461,6.220248567523602,20.91140802184686,260.0,gm_derived;share_jump_gt20pct,187.86000061035156,1306546783.0,245447879451.8329,246758385451.8329,7660326000.0,1310506000.0,4143079000.0,375945000.0,310171000.0,393978000.0,1310506000.0,13579476000.0,,3767134000.0,3456963000.0,3438930000.0,,4830771000.0,,0.1382740582508685,,,71.38010602133517,0.014009505669564357,71.75440775236277,0.013936426086201952,50.8092558003335,0.7798204468810466,,1788758000.0,230788000.0,0.2636370828082251,,,,99.61538461538461,6.224159611486437,21.647326868018002,260.0,['coverage<80%'],True,0.6,,,,,,,,,,,,,,,,,,,,,,,,,
MRNA,1682852,Moderna,Health Care,Biotechnology,Pharmaceuticals Biotechnology and Life Sciences,5.177275838466803,5.9986310746064335,2061230178.0739815,4.634544989089794,0.0,6.436096460283339,4.0,0.5985871300693586,0.3054523497458655,-0.4718133376705834,-0.6030957943925234,4.174140859339719,-0.41651375786138656,-0.5899532710280374,4.463448777996849,4,9,False,0.19342778041847408,,,False,0.23384201077199285,-0.7657091561938959,-0.7917414721723519,0.3906565962166568,1.622906974131597,1.9008771192519385,-2.513410876170363,,,,,ebitda_nonpositive;gm_derived,182.11000061035156,399235889.0,72704847989.46425,72268847989.46425,6325000000.0,-436000000.0,-1073000000.0,171000000.0,462000000.0,229000000.0,-436000000.0,2228000000.0,-3320000000.0,-1244000000.0,-1706000000.0,-1764000000.0,-3091000000.0,-3151000000.0,-2949389885.06967,0.11162955268985843,-0.4663067011967858,,,-0.02360629852919075,,-0.024408857330300404,,,,52000000.0,109000000.0,0.025454545454545455,2.0,0.18552744623564635,-0.3115430994398627,,,,,"['fcf_cagr5 gate', 'coverage<80%']",False,0.6,,,,,,,,,,,,,,,,,,,,,,,,,
CRWD,1535527,CrowdStrike,Information Technology,Systems Software,Software and Services,2.2505133470225873,5.9986310746064335,1975644837.831225,0.8146316131850488,0.0,1.1809645042833452,7.0,0.7431215415468153,0.0105377119731134,0.0816809227012403,0.08008259728114309,0.328189295920868,0.14803250669094636,0.16335035697279218,0.22173360018116497,8,8,False,0.40643417090854195,0.33955983909505494,,False,0.7524562442262023,0.07008317975147073,0.13342932778863428,1.0125614750178775,0.8580116070408511,0.9013515394101935,0.09260128981934233,,,,,ebitda_nonpositive;share_jump_gt20pct,262.489990234375,1023934842.0,268772646677.2163,264616779677.2163,945857000.0,-4155867000.0,2016615000.0,407897000.0,1230539000.0,66072000.0,-4193668000.0,5396145000.0,-119489000.0,1608718000.0,378179000.0,720004000.0,-53417000.0,59797000.0,-83042203.357591,0.3050221915189598,-0.08779572742770948,,699.7130450850426,0.001429157291012719,367.52126332244865,0.0027209310039910247,4494.751353365827,26.902988444236332,,2251426000.0,273235000.0,2.6691783218816374,1.0,-0.9481048006889741,0.038592068489530194,,,,,['coverage<80%'],True,0.7,,,,,,,,,,,,,,,,,,,,,,,,,
IBM,51143,IBM,Information Technology,IT Consulting & Other Services,Software and Services,69.55783709787816,5.9986310746064335,1821550259.533823,-0.14982018040988465,-0.23198313340969456,-0.16003288249217085,10.0,0.5583809342770133,0.0260590604563556,0.16422352218774233,0.17004359197907584,0.11717911791446448,0.10425690582486706,0.0956096838676242,0.2095889765265551,6,9,False,0.041240412922473046,-0.0492561730972797,-0.09378289144913798,False,0.5810261234532166,0.17241479122946668,0.11301830812649251,1.0405550902369618,1.049878780655794,1.084036661478742,,53.46153846153846,0.17385633323980623,1.0526053638981083,260.0,,232.75999450683594,942134390.0,219291195441.10123,282887195441.1012,98048000000.0,63596000000.0,14888000000.0,1098000000.0,1877000000.0,5202000000.0,63507000000.0,69095000000.0,,13790000000.0,11913000000.0,7809000000.0,,10725000000.0,,0.11704592341717036,,,23.746092121304557,0.042112192393240926,36.225790170457316,0.02760464286064118,20.446731509659788,1.2857808857808857,,74599000000.0,13955000000.0,0.9031698759791122,,,,63.84615384615384,0.5306899911058514,1.1318184339456165,260.0,['coverage<80%'],True,0.6,,,,,,,,,,,,,,,,,,,,,,,,,
COHR,820318,Coherent Corp.,Information Technology,Electronic Components,Technology Hardware and Equipment,0.5065023956194388,5.9986310746064335,1791968116.5197327,1.609589847478424,-0.2283800075673127,1.809608487760416,8.0,0.3462190574588253,0.08696861560732114,-0.026320632928828185,0.007774792137528131,,-0.030795242713235516,-0.02972138340518743,,8,9,False,0.18042001127353102,,,False,0.3749609626391911,-0.169968001656603,-0.08829713658587778,1.0830165311849824,6.45759553412723,2.867233014141125,,,,,,gm_derived;capex_gt_2x_cfo,300.6000061035156,195832246.0,58867174342.86517,60753295342.86517,12789616000.0,1886121000.0,79514000.0,1102909000.0,186468000.0,521561000.0,1551416000.0,7118181000.0,,-1023395000.0,-1209863000.0,-628515000.0,,804998000.0,,0.07177849629541377,,,,-0.019914360088157515,,-0.010345364748577583,73.12710633177372,-1.2713012951584972,,4375597000.0,3097313000.0,0.5842951031524324,0.0,0.031214114111488292,0.008996982675030574,,,,,"['tenure<1y', 'fcf_cagr5 gate', 'coverage<80%']",False,0.7,,,,,,,,,,,,,,,,,,,,,,,,,
GLW,24741,Corning Inc.,Information Technology,Electronic Components,Technology Hardware and Equipment,31.572895277207394,5.9986310746064335,1759242774.5734208,0.8903184252161866,-0.2998376984663238,0.9637954824755419,,0.33500094740918773,0.0613409022559631,,,,0.06370205640930096,0.06795060464521083,0.5665662215091974,7,9,False,0.06695841428340232,,-0.11617115649227316,True,0.36377033718462626,,0.12143362414524876,1.0858785325770977,,1.9062747890744478,1.7739119809112294,35.76923076923077,-0.34625771435011865,0.8204041409812148,260.0,,154.47999572753906,861388331.0,133067265692.632,138076265692.63202,17569000000.0,5009000000.0,3915000000.0,,419000000.0,1436000000.0,2142000000.0,16964000000.0,2598000000.0,,,2060000000.0,4034000000.0,1900000000.0,2239506234.413965,0.13798836242726517,0.12746919200944648,53.14713844981987,,,67.02731344302525,0.014919291086461683,70.0354029961221,,0.5309866137828458,2476000000.0,657000000.0,0.17832545961636975,1.0,0.0718576757928923,0.06418452049712484,,,,,"['fcf_cagr5 gate', 'coverage<80%']",False,0.5,,,,,,,,,,,,,,,,,,,,,,,,,
JNJ,200406,Johnson & Johnson,Health Care,Pharmaceuticals,Pharmaceuticals Biotechnology and Life Sciences,53.23477070499658,5.9986310746064335,1724446929.353231,0.525126520349612,-0.02201793887547665,0.5315561590601072,10.0,0.6906005595176778,0.011172971178056155,0.20853273789673366,0.20063645651076223,0.055937879214138786,0.17248789922352653,0.16639240707908232,0.06799553419276018,8,9,False,0.02665503872479502,-0.004912054981440983,0.004828953651687673,False,0.6790736145574855,0.21270512309938833,0.1883303209468084,0.9833088102792114,1.0200082981921086,1.0918465689164185,,85.76923076923076,1.3381948256698895,1.292587248206073,260.0,,269.1700134277344,2409898597.0,648672437713.9683,681195437713.9683,117494000000.0,32523000000.0,27608000000.0,5364000000.0,1414000000.0,7751000000.0,31263000000.0,97929000000.0,,22244000000.0,20830000000.0,18443000000.0,,21037000000.0,,0.16506588347356724,,,32.70261342841902,0.030578595872432206,36.93517528135164,0.027074462010334477,30.834835656888732,1.0573751010125019,,48479000000.0,26216000000.0,0.6357345907025039,,,,91.15384615384615,1.8407843589878203,1.4222232533109394,260.0,['coverage<80%'],True,0.6,,,,,,,,,,,,,,,,,,,,,,,,,
CVX,93410,Chevron Corporation,Energy,Integrated Oil & Gas,Energy,69.55783709787816,5.9986310746064335,1586446824.1726744,0.31002884141676956,-0.03994208702827562,0.33371653219717134,9.0,0.3963725881773958,0.030735177692233082,0.1127249390407999,0.1004504527380112,0.3673135191205665,0.09095076347012668,0.07486227986466557,0.43397205045789816,4,9,True,0.14316140269739064,-0.05862503806451547,0.05221820016558776,True,0.4364551940242728,0.1294229820181974,0.10428774717192674,1.1011235565788877,1.1481308672196646,1.1466396013946674,,60.78431372549019,0.23264691088657563,1.1517168668070752,255.0,sbc_unreported;gm_derived,205.50999450683594,1975771274.0,406040743666.5043,442163743666.5043,226006000000.0,36123000000.0,45321000000.0,18309000000.0,,23555000000.0,30448000000.0,208711000000.0,,27012000000.0,27012000000.0,21766000000.0,,20592000000.0,,,,,16.36915976849194,0.061090490540928244,20.31442358111294,0.04922610754900948,19.718373332677945,1.3117715617715617,,4568000000.0,,0.020211852782669487,,,,62.69230769230769,0.1517580413954417,1.0562104604621354,260.0,"['fcf_cagr5 gate', 'coverage<80%']",False,0.6,,,,,,,,,,,,,,,,,,,,,,,,,
SMCI,1375365,Supermicro,Information Technology,"Technology Hardware, Storage & Peripherals",Technology Hardware and Equipment,2.518822724161533,5.9986310746064335,1511118467.0212986,-0.1907463536006263,-0.21604241111957534,-0.09559146873172053,5.0,0.13808110937007195,0.196114475775482,-0.06853656782630588,-0.09984394061775959,,-0.06487485066506368,-0.095921382560263,,8,9,False,0.6148277410083174,,,False,0.10821604097086886,-0.18902763203057865,-0.18623729848999074,0.7837135830132885,2.7580551233559962,2.8707164113794716,,,,,,,41.439998626708984,656965384.0,27224644610.75534,20509052610.75534,7763860000.0,-6715592000.0,-6809886000.0,161999000.0,412115000.0,53000000.0,-6715756000.0,39063072000.0,2770486000.0,-6971885000.0,-7384000000.0,-7275001000.0,2823486000.0,2230453000.0,,,,7.402691300643765,,-0.3600361333184005,,-0.3547214558406686,12.205881321307977,-3.1257708635869035,-2.3785334866190233,,,0.0,,,,,,,,"['fcf_cagr5 gate', 'coverage<80%']",False,0.7,,,,,,,,,,,,,,,,,,,,,,,,,
GE,40545,GE Aerospace,Industrials,Aerospace & Defense,Capital Goods,69.55783709787816,5.9986310746064335,1277502738.7391038,0.16726463143748838,-0.15183663135784242,0.08964688398727838,7.0,,,0.11962693923081102,0.12241145185017539,0.3579642689856936,0.11974048830686597,0.12425031119158085,0.4118721587572139,3,9,False,-0.0459869626385655,,,False,,0.16580106242224374,0.17601058472718656,,1.3859843233332525,1.469933747690371,,48.84615384615385,-0.0008545771451586372,0.9932056787077754,260.0,sbc_unreported;gm_derived,319.79998779296875,1037562513.0,331812478991.842,342924478991.842,28752000000.0,11112000000.0,9800000000.0,1404000000.0,,887000000.0,10885000000.0,50639000000.0,,8396000000.0,8396000000.0,8913000000.0,,8971000000.0,,0.13429811866859623,,,40.84379216196307,0.024483524841047398,38.47464142172579,0.02599114541546635,36.98723430964686,0.9359045814290492,,8954000000.0,6467000000.0,0.5363452977184195,,,,57.692307692307686,0.02907792540001806,1.04042367035429,260.0,"['rev_cagr5 gate', 'fcf_cagr5 gate', 'coverage<80%']",False,0.5,,,,,,,,,,,,,,,,,,,,,,,,,
MRK,310158,Merck & Co.,Health Care,Pharmaceuticals,Pharmaceuticals Biotechnology and Life Sciences,69.55783709787816,5.9986310746064335,1267957577.8471322,0.9324089698578866,-0.023572043043209256,0.9402777888852456,10.0,0.7339051213104868,0.027335597866452805,0.19924757865358825,0.17750842165172048,0.27971374478964256,0.19728492857883606,0.19433722076215507,0.2627242763251946,8,9,True,0.09383063963833482,0.09250503157236656,0.21479422273940196,False,0.7296639576980276,0.22789887184725624,0.19633763463473988,0.9942211009443754,1.1437974473129289,0.9951983461133087,,85.38461538461539,1.5284320204924384,1.4569081760862144,260.0,gm_derived,148.0800018310547,2467171638.0,365338780672.56616,415849780672.56616,92444000000.0,50511000000.0,19967000000.0,3904000000.0,892000000.0,6005000000.0,47960000000.0,66569000000.0,,16063000000.0,15171000000.0,13070000000.0,,3173000000.0,,0.14176416557667743,,,27.410835190334595,0.0364819237741655,31.817121704098405,0.03142961859655547,115.13986154193702,5.0624015127639455,,21582000000.0,39456000000.0,0.6602700012980831,,,,76.53846153846153,0.47910607572853575,1.143548096118377,260.0,['coverage<80%'],True,0.6,,,,,,,,,,,,,,,,,,,,,,,,,
UBER,1543151,Uber,Industrials,Passenger Ground Transportation,Transportation,2.7679671457905544,5.9986310746064335,1266815218.5040412,-0.19939053186297184,-0.28136646723092074,-0.2948704893770462,4.0,,,0.030662297875314926,0.03827687025562619,1.0009563348972361,0.012556856153484081,0.022182881360478527,2.3182426834505425,7,8,False,0.3610053095492587,,,False,,0.14806163651836965,0.14014884024118637,,4.828784754503626,11.161140856288304,,,,,,,69.41999816894531,2042560121.0,141794519859.7807,151356519859.7807,36878000000.0,9562000000.0,10424000000.0,308000000.0,1939000000.0,745000000.0,9562000000.0,55227000000.0,6700000000.0,10116000000.0,8177000000.0,7740000000.0,7445000000.0,9579000000.0,,,,22.590525352206075,18.510030556411973,0.054024762247277584,19.555105925036266,0.05113753941469102,14.802643267541571,1.0560601315377387,1.284351914036266,9472000000.0,1132000000.0,0.28754270838982593,,,,,,,,"['fcf_cagr5 gate', 'coverage<80%']",False,0.6,,,,,,,,,,,,,,,,,,,,,,,,,
MCD,63908,McDonald's,Consumer Discretionary,Restaurants,Consumer Services,56.23545516769336,5.9986310746064335,1194007550.5296817,-0.11578565880589797,-0.2875399154072993,-0.19915551720622926,10.0,,,0.26379163827057617,0.2611493397805468,0.09766688355766677,0.34680145034968657,0.3551816113595356,0.11619331491663687,5,9,False,0.06956327691923625,0.09216024512251142,0.11076179693949428,False,,0.2738430438235506,0.38647029095372176,,1.0381035790932256,1.1143848751613823,,0.38461538461538464,-2.38032235512718,0.7586972601671796,260.0,,238.32000732421875,707641531.0,168645134850.84137,226884634850.84137,57216500000.0,58239500000.0,11347000000.0,3586000000.0,175000000.0,466000000.0,58239500000.0,27702000000.0,12805000000.0,7761000000.0,7586000000.0,10706000000.0,13271000000.0,8787000000.0,,,,17.71844083177207,29.908335730403554,0.03343549467326067,21.19228795543073,0.04718697679566686,19.19257253338356,0.8832365995220212,4.388478637630924,3347000000.0,,0.05849711184710704,,,,3.8461538461538463,-1.773020720582819,0.8051910058149848,260.0,['coverage<80%'],True,0.7,,,,,,,,,,,,,,,,,,,,,,,,,
BKNG,1075531,Booking Holdings,Consumer Discretionary,"Hotels, Resorts & Cruise Lines",Consumer Services,16.88158795345654,5.9986310746064335,1167410045.8203077,-0.06717502271573705,-0.28521658183926646,-0.2910634781254131,9.0,,,,,0.3410602646154019,0.30966111552138564,0.32570874931547245,0.342057778356195,8,9,True,0.3169056376027688,0.3782628172317084,0.3830687522857248,True,,0.33777132537799653,0.3288835381183386,,,1.0620756744500761,,92.3076923076923,2.9265677971925976,13.903530321523212,260.0,sbc_unreported;ev_or_ic_nonpos,155.89999389648438,751380500.0,117140215363.93738,120841215363.93738,-7082000000.0,3701000000.0,9859000000.0,320000000.0,,571000000.0,3701000000.0,28241000000.0,9284000000.0,9539000000.0,9539000000.0,9288000000.0,9855000000.0,,7203568614.788505,0.22408782692928642,,13.01607231408201,12.668121958689316,0.07893829908339967,13.01046677044976,0.07686119319494875,,,0.37554540842212075,2672000000.0,1613000000.0,-0.6050550691894945,3.0,-3.39825488462711,-2.136648401551531,92.3076923076923,2.9493347052546106,13.840475539618481,260.0,['coverage<80%'],True,0.7,,,,,,,,,,,,,,,,,,,,,,,,,
VZ,732712,Verizon,Communication Services,Integrated Telecommunication Services,Telecommunication Services,42.81724845995893,5.9986310746064335,1104220419.080325,0.22729363417915782,-0.08081407040630106,0.1395948535470779,3.0,,,,,,0.14926598939335872,0.14646837431943582,0.08086757910339055,7,9,False,0.014976616276052734,-0.04462029513981125,-0.05589238762322879,False,,,0.14649915403722236,,,0.981463725478381,0.905582519915608,80.38461538461539,1.0615933721319637,1.140581495470803,260.0,gm_derived,46.52000045776367,4154775202.0,193280144298.94516,330074144298.9452,241990000000.0,136794000000.0,38799000000.0,,,18451000000.0,135518000000.0,138895000000.0,28530000000.0,,,20348000000.0,46981000000.0,16606000000.0,21875899390.2439,0.23323170731707318,0.09040001400985123,11.569370637888019,,,16.221453916795028,0.06164675528650617,11.63917525586807,,2.8845277878291222,30664000000.0,12317000000.0,0.1776147774701434,8.0,0.09982526387355145,0.10240343971437954,71.53846153846153,0.9090253552303894,1.0969883395913567,260.0,['coverage<80%'],True,0.6,,,,,,,,,,,,,,,,,,,,,,,,,
NKE,320187,"Nike, Inc.",Consumer Discretionary,"Apparel, Accessories & Luxury Goods",Consumer Durables and Apparel,37.81519507186858,5.9986310746064335,1024059110.4844322,-0.41601051778785336,-0.48229339047615705,-0.462723481672044,10.0,0.43943336459472615,0.02738456314588682,0.07233247350111024,0.08038346642716286,0.35096976797054263,0.07184749068215826,0.08205951616356241,0.44480511866594485,7,9,False,0.008216289449518577,-0.1819645349191309,-0.2331522997876183,False,0.42913487650329757,0.03166084745032113,0.030303030303030304,0.9765641643962868,0.4377127715649758,0.4217688052194618,,58.84615384615385,0.13190976342635455,1.0921277126577817,260.0,shares_was_proxy,36.04999923706055,1479800000.0,53346788871.0022,54233788871.0022,15752000000.0,887000000.0,2868000000.0,684000000.0,715000000.0,747000000.0,887000000.0,46398000000.0,,2184000000.0,1469000000.0,1406000000.0,,3108000000.0,,0.20307692307692307,,,36.918848788973584,0.02708643505424433,38.57310730512247,0.025924797608078646,17.16434648359144,0.7027027027027027,,240000000.0,103000000.0,0.021775012696800405,,,,44.230769230769226,-0.05281437038100967,0.9355095365384514,260.0,"['fcf_cagr5 gate', 'coverage<80%']",False,0.6,,,,,,,,,,,,,,,,,,,,,,,,,
LIN,1707925,Linde plc,Materials,Industrial Gases,Materials,34.23134839151266,5.9986310746064335,946796977.2738647,0.042393609453906356,-0.1378844581002745,0.003545514802177019,10.0,,,,,0.10785402155375838,0.16589333388187538,0.167072502587204,0.12651323207866239,7,9,False,0.04522316072101629,0.04782085172873507,0.19794058996486497,False,,0.14034246382126436,,,,,,31.153846153846153,-0.5544020079691336,0.9103675229455157,260.0,sbc_unreported,469.7200012207031,460980163.0,216531602727.07993,242262602727.07993,64812000000.0,25731000000.0,10489000000.0,5514000000.0,,,24195000000.0,35449000000.0,9378000000.0,4975000000.0,4975000000.0,,,7244000000.0,,,,25.8330777060226,48.69600054815677,0.020535567371925616,,,29.891165478614017,0.6867752622860298,,27927000000.0,11871000000.0,0.6140529531568228,,,,85.38461538461539,0.7663841275824281,1.1832516986672985,260.0,['coverage<80%'],True,0.5,,,,,,,,,,,,,,,,,,,,,,,,,
PFE,78003,Pfizer,Health Care,Pharmaceuticals,Pharmaceuticals Biotechnology and Life Sciences,69.55783709787816,5.9986310746064335,933451025.4898027,0.2592969749658418,-0.009490349754766592,0.2692056616894438,10.0,0.6571327036422661,0.10285038180747899,0.19659039914300083,0.1407892875665991,0.630936162650095,0.15267229258772924,0.07628836814559857,0.8596777169307774,5,9,False,0.08482737844510346,-0.057109488132706554,-0.13617362986119574,False,0.731804194925898,0.1575923134890731,0.09215649334338107,1.1136322859443046,0.8016277202552484,0.6036229087895938,,77.6923076923077,0.160214776358476,1.4260422765017686,260.0,gm_derived,28.18000030517578,5699673589.0,160616803477.42233,198027803477.42233,122601000000.0,37411000000.0,13401000000.0,2416000000.0,947000000.0,6584000000.0,37109000000.0,63696000000.0,,10985000000.0,10038000000.0,5870000000.0,,4334000000.0,,0.085565309380174,,,19.72781465206439,0.050689851746724336,33.73557129087263,0.0296423022268651,37.05971469252938,2.534610059990771,,71419000000.0,47053000000.0,0.9663216450110521,,,,62.69230769230769,0.17513308774951925,1.1094529945360754,260.0,"['fcf_cagr5 gate', 'coverage<80%']",False,0.6,,,,,,,,,,,,,,,,,,,,,,,,,
TJX,109198,TJX Companies,Consumer Discretionary,Apparel Retail,Consumer Discretionary Distribution and Retail,40.982888432580424,5.9986310746064335,899853566.5757967,-0.044178557824439246,-0.21616777874687654,-0.06914931452983464,10.0,0.2953514981950169,0.04330860968845772,0.06277146286077358,0.07123846699787083,0.3052861646388147,0.07382035835871362,0.08568133427963094,0.31998750166112166,8,9,False,0.13439955145745608,0.042457671185629486,0.08307476574883577,False,0.3199813992271058,0.09064669756105383,0.10410018761124384,1.0833918269675615,1.444074957470837,1.4101826369548645,,23.076923076923077,-0.3640285545329705,0.7711912494667662,260.0,gm_derived,131.58999633789062,1099974061.0,144745582658.76468,153058582658.76468,18964000000.0,8313000000.0,8034000000.0,2158000000.0,223000000.0,1319000000.0,8313000000.0,62363000000.0,,5876000000.0,5653000000.0,6492000000.0,,6066706000.0,,0.24586699813548787,,,27.07563818481597,0.03693357080538919,23.57649147547207,0.04241513208359927,23.85900728645243,0.9685651488633206,,97000000.0,,0.005114954650917528,3.0,,,22.692307692307693,-0.2696242175789455,0.73477427836681,260.0,['coverage<80%'],True,0.7,,,,,,,,,,,,,,,,,,,,,,,,,
RDDT,1713445,Reddit,Communication Services,Interactive Media & Services,Media and Entertainment,0.10130047912388775,2.510609171800137,893872534.0024679,-0.3627920552618419,-0.37855742049095165,-0.36704012602052805,2.0,0.8803758874591268,0.032840777885715,-0.1734487804263477,-0.19902471755285145,1.7785038557564858,-0.17820374522317284,-0.20282369067421294,,3,3,False,,,,False,0.9144238194868783,0.2449462616334765,0.2416812231317164,1.0386743123167743,-1.4122109191623233,-1.3562073166815196,,,,,,shares_was_proxy;gm_derived,151.97999572753906,192345684.0,29232696232.53058,27766725232.53058,1819729000.0,-1465971000.0,1026095000.0,7446000.0,337984000.0,16519000.0,-1465971000.0,2778834000.0,784998000.0,1018649000.0,680665000.0,671592000.0,801517000.0,871374000.0,778861668.565011,0.007817002635661386,0.4280097028541124,35.371714619057094,40.79352579099936,0.024513693793553854,41.344633695056785,0.024186935779275297,33.547817851497264,1.1690146825588095,-1.828995517250414,42174000.0,10539000.0,0.02896750010578498,,,,,,,,"['tenure<1y', 'rev_cagr5 gate', 'fcf_cagr5 gate', 'coverage<80%']",False,0.7,,,,,,,,,,,,,,,,,,,,,,,,,
FCX,831259,Freeport-McMoRan,Materials,Copper,Materials,15.233401779603012,5.9986310746064335,875289259.497812,1.16145021129807,-0.053222040648966296,1.052034879739188,9.0,0.31766252041894655,0.12812041396940582,0.09138574379433743,0.06768080443470414,0.8010065676543123,0.1674351315479975,0.1366339250319341,0.26714807590544587,6,9,True,0.12633189095015696,-0.33167314496480027,0.1847861813212779,False,0.25295957556321025,0.05760779189927545,0.14265352179593777,0.7963154583977884,0.630380511307334,0.8519927716307509,,97.3076923076923,2.077530257282904,1.7169242191448117,260.0,gm_derived,72.58000183105469,1436017523.0,104226154448.76662,123553154448.76662,39436000000.0,19327000000.0,5900000000.0,4295000000.0,150000000.0,2147000000.0,6382000000.0,25257000000.0,6923000000.0,1605000000.0,1455000000.0,3603000000.0,9070000000.0,,,,,17.84676505110019,84.9162573531042,0.011776307990609337,34.29174422669071,0.029161537931385186,,,0.703638368246968,0.0,433000000.0,0.010979815397099097,,,,73.07692307692307,0.4895551982645486,1.632457781193246,260.0,"['fcf_cagr5 gate', 'coverage<80%']",False,0.7,,,,,,,,,,,,,,,,,,,,,,,,,
ETN,1551182,Eaton Corporation,Industrials,Electrical Components & Equipment,Capital Goods,69.55783709787816,5.9986310746064335,831365729.2884822,0.11403992340154923,-0.028238576607899413,0.21355620724055746,10.0,0.35521609428530854,0.06676608727887066,0.11372855930226111,0.12359889636144163,0.29934085140325606,0.10376229255899472,0.11631315744093809,0.37092037354345014,7,9,False,0.0897718296066381,0.0681711907707716,0.10196433944938676,False,0.35902218077666026,0.13101978285485913,0.12542463198561246,1.0107148480955221,1.1520394143624242,1.2087688975675002,,73.84615384615385,0.2862579770232621,1.0665322478775936,260.0,sbc_unreported;gm_derived,438.760009765625,388400000.0,170414387792.96875,172844387792.96875,22684000000.0,2430000000.0,4950000000.0,1016000000.0,,1184000000.0,2385000000.0,30026000000.0,,3934000000.0,3934000000.0,3766000000.0,,3829000000.0,,0.20477178423236514,,,43.936041635223376,0.02276035716422627,45.89601375277981,0.021788384616287782,44.50623865055334,1.0274223034734917,,20229000000.0,1215000000.0,0.9453359195909011,2.0,,,86.53846153846155,0.9419646564371755,1.1329094203073802,260.0,['coverage<80%'],True,0.7,,,,,,,,,,,,,,,,,,,,,,,,,
NEM,1164727,Newmont,Materials,Gold,Materials,57.23477070499658,5.9986310746064335,804038656.5522233,0.5121642983113279,-0.05907291703707729,0.46285995404360536,10.0,,,,,0.8779945174735306,0.169944167715495,0.16003927344133528,0.8579943940643354,6,9,False,0.14543267087660494,0.15312414918389394,0.2478785432756867,False,,0.37773120658206233,0.39135328132883146,,,2.302834434330217,,9.230769230769232,-0.6994104354336643,0.48501843001614564,260.0,sbc_unreported,123.55000305175781,1053692271.0,130183683297.66362,126532683297.66362,31592000000.0,-3651000000.0,12628000000.0,2895000000.0,,2544000000.0,-3822000000.0,25767000000.0,,9733000000.0,9733000000.0,10084000000.0,,8597000000.0,,0.39092613423322087,,,13.000378433952905,0.0769208377341012,12.547866253239153,0.07969482458755538,15.142920006707412,1.1321391182970804,,2658000000.0,62000000.0,0.08609774626487718,,,,8.461538461538462,-0.008101226216809846,0.5963579404674457,260.0,['coverage<80%'],True,0.4,,,,,,,,,,,,,,,,,,,,,,,,,
COP,1163165,ConocoPhillips,Energy,Oil & Gas Exploration & Production,Energy,69.55783709787816,5.9986310746064335,767912577.326385,0.3653481269975982,-0.06741907065257846,0.3416757069284966,6.0,0.525993993260456,0.10913166204623066,,,,0.24758594391369662,0.24102468983141667,0.3626674732797656,6,9,True,0.3055795231251637,0.3087348210945504,-0.04047568153846626,True,0.5729684614291803,,0.17971302741866743,1.0893060924090514,,0.7258611881509385,,83.07692307692308,0.7753685987533309,1.4222784815942282,260.0,gm_derived,128.08999633789062,1201337479.0,153879313285.68076,168984313285.68076,80454000000.0,15105000000.0,21925000000.0,,,11805000000.0,15105000000.0,56312000000.0,,,,10120000000.0,,9282000000.0,,0.3650294157887536,,,,,16.6980546724981,0.059887215583681874,16.578249653704024,,,0.0,745000000.0,0.009259949784970294,,,,73.07692307692307,0.5303943894349564,1.1683483079495627,260.0,['coverage<80%'],True,0.3,,,,,,,,,,,,,,,,,,,,,,,,,
DASH,1792789,DoorDash,Consumer Discretionary,Specialized Consumer Services,Consumer Services,1.5030800821355237,5.7878165639972625,767591164.6548537,-0.09803023434248959,-0.3021532209254584,-0.27888900296339203,6.0,,,0.026347771988085883,0.0535031847133758,0.6079973363545961,-0.005229869702709372,0.010229132569558102,7.788594047184248,7,7,False,0.3658171522120788,,,False,,0.09319740733748663,0.0450569504751117,,3.5372025907780467,-8.61531033015404,,,,,,shares_was_proxy,189.27000427246094,434425000.0,82223621606.06384,78377621606.06384,6075000000.0,-3846000000.0,2830000000.0,235000000.0,1114000000.0,1000000000.0,-3846000000.0,15891000000.0,712000000.0,2595000000.0,1481000000.0,716000000.0,1712000000.0,841000000.0,687391705.0691245,0.03456221198156682,0.11315089795376534,110.08092922199978,52.92209426472913,0.018895699686368377,109.46595196377632,0.009135260618122728,97.76887230209732,3.0856123662306776,-2.246495327102804,5495000000.0,2005000000.0,1.2345679012345678,1.0,,,,,,,"['fcf_cagr5 gate', 'coverage<80%']",False,0.7,,,,,,,,,,,,,,,,,,,,,,,,,
DE,315189,Deere & Company,Industrials,Agricultural & Farm Machinery,Capital Goods,69.55783709787816,5.9986310746064335,719741577.9934458,0.37551622680155194,0.0,0.5482385405525025,11.0,,,0.12143306457006293,0.13019875667629804,0.22795050399230832,0.10577243399616294,0.11117677961649593,0.2733396521801118,7,10,False,0.0515001521854499,-0.017533470075129065,-0.007882567302485155,False,,0.12208490507054581,0.09865994206281391,,1.005367899614415,0.9327566581893441,,80.76923076923077,1.1654053449150927,1.6974208713338894,260.0,gm_derived,709.47998046875,269625412.0,191293832039.63867,232046832039.63867,68743000000.0,40753000000.0,7245000000.0,1224000000.0,163000000.0,2348000000.0,40746000000.0,47983000000.0,,6021000000.0,5858000000.0,4734000000.0,,4873000000.0,,,,,39.61195494019096,0.025244904007133032,49.01707478657344,0.020401054211295285,39.255865388803336,1.2355838292632875,,4466000000.0,940000000.0,0.07864073432931352,,,,84.61538461538461,1.346955750145502,1.5217664551712997,260.0,['coverage<80%'],True,0.5,,,,,,,,,,,,,,,,,,,,,,,,,
ABNB,1559720,Airbnb,Consumer Discretionary,"Hotels, Resorts & Cruise Lines",Consumer Services,3.0171115674195756,5.7878165639972625,711756097.8233514,0.5313661871393693,-0.21036790574622355,0.2092158894202807,3.0,0.8234615058430332,0.010689373180236656,,,,0.26334893269086407,0.2755873752142785,0.25409424258373203,5,6,False,0.29369366217901005,,0.22946885288142727,True,0.8290143627935254,,,1.0067433109029271,,,,,,,,shares_was_proxy;gm_derived;ev_or_ic_nonpos,149.5800018310547,592000000.0,88551361083.98438,79182361083.98438,-1570000000.0,-9369000000.0,4860000000.0,,1707000000.0,,-9369000000.0,13159000000.0,2738000000.0,,,,,2691277000.0,2190888492.4174843,0.19982158786797502,,28.91978125784674,,,,,32.90310179293487,,,754000000.0,16000000.0,-0.49044585987261147,2.0,5.061676468662535,1.3167269689405097,41.84100418410041,-0.07181447008023656,0.972830065518399,239.0,"['fcf_cagr5 gate', 'coverage<80%']",False,0.6,,,,,,,,,,,,,,,,,,,,,,,,,
WBD,1437107,Warner Bros. Discovery,Communication Services,Broadcasting,Media and Entertainment,4.454483230663929,5.9986310746064335,667796283.1650591,0.4746284018579199,0.0,0.5766273638144783,10.0,,,0.11356386721569989,0.09842069123369192,0.33697888390184927,-0.030102820924211036,-0.0564329493146156,,6,9,False,0.28437376883638876,0.05731335015126526,,False,,0.037851308320642395,-0.06825418801052194,,0.3333041507713781,2.2673685028510597,0.37952413454110395,,,,,gm_derived,30.760000228881836,2510703314.0,77229234513.29439,94309234513.29439,49918000000.0,17080000000.0,3423000000.0,1243000000.0,813000000.0,5075000000.0,15923000000.0,36115000000.0,-1272000000.0,2180000000.0,1367000000.0,-2465000000.0,3803000000.0,-3167000000.0,-1062721691.1331075,0.1645269723796324,-0.02128934835396265,,68.98993014871571,0.01449486900253972,,-0.026137419232816688,,,4.186957665001315,25861000000.0,27928000000.0,1.0775471773708882,2.0,-0.05609484724786832,-0.06122546636310646,100.0,3.544319025141301,4.19102769463888,260.0,['coverage<80%'],True,0.7,,,,,,,,,,,,,,,,,,,,,,,,,
BMY,14272,Bristol Myers Squibb,Health Care,Pharmaceuticals,Pharmaceuticals Biotechnology and Life Sciences,69.55783709787816,5.9986310746064335,623089436.9596212,0.581499295447105,-0.08744964070346184,0.45251849910072206,10.0,,,0.2735192820957631,0.26958627738523755,0.08626648406100176,0.10817118523959328,0.10523809523809524,0.48108327498397646,6,9,False,0.025378080148594995,-0.006922769238850601,0.2709022462419326,False,0.701581750904729,0.221343471719595,0.18405643882405562,,0.8092426611521283,1.7015292789515122,,19.615384615384617,-0.6886981282255555,0.5177572072511883,260.0,,61.150001525878906,2042714656.0,124912004331.3352,161072004331.3352,58479000000.0,36160000000.0,12782000000.0,1342000000.0,553000000.0,3176000000.0,36160000000.0,49186000000.0,,11440000000.0,10887000000.0,9053000000.0,,9282000000.0,,0.22115869017632242,,,14.794893389486104,0.06759088921253353,17.792113590117662,0.056204677141642886,13.457444982906184,1.2324929971988796,,21740000000.0,1802000000.0,0.40257186340395695,,,,96.92307692307692,2.1170949308671783,1.3079780515892094,260.0,['coverage<80%'],True,0.5,,,,,,,,,,,,,,,,,,,,,,,,,
PSX,1534701,Phillips 66,Energy,Oil & Gas Refining & Marketing,Energy,14.39835728952772,5.9986310746064335,608028609.6626389,0.8014891420760368,-0.06095995898959594,0.8935534008975543,,0.10965243669007525,0.16640064475556476,,,,0.03071478156021267,0.034274316650723544,0.6142859649144061,4,9,False,0.15598169539945306,,,False,0.1309810931410884,,0.04033726103557276,1.1945114681883182,,1.3132849718138597,,60.16260162601627,0.04162980603729335,1.343759845940315,246.0,gm_derived,256.4800109863281,399020916.0,102340888919.45471,121163888919.45471,50329000000.0,18823000000.0,8925000000.0,,,2787000000.0,17626000000.0,152167000000.0,,,,6138000000.0,,7093000000.0,,0.1981951576600833,,,,,19.739962352469,0.05065865791151947,14.428434924496646,,,1433000000.0,977000000.0,0.047884917244530985,,,,,,,,"['fcf_cagr5 gate', 'coverage<80%']",False,0.1,,,,,,,,,,,,,,,,,,,,,,,,,
SLB,87347,Schlumberger,Energy,Oil & Gas Equipment & Services,Energy,69.55783709787816,5.9986310746064335,597516325.6909645,0.6449442395419505,-0.09806989313607195,0.4960049606415211,10.0,,,0.11611447328736808,0.12498599753556626,0.2627975902396158,0.09300135544501179,0.0984093200403271,0.35687405703139424,6,9,False,0.08634313500805857,0.2127254286211202,0.12322119707675916,True,,0.12272452290601112,0.09412638178518397,,1.0569270085933562,1.0120968811130648,,46.92307692307692,-0.08427267226939802,0.9408806261905565,260.0,gm_derived,51.869998931884766,1484143231.0,76982507806.73401,87955507806.73401,37047000000.0,10973000000.0,6533000000.0,1727000000.0,343000000.0,2767000000.0,9793000000.0,36366000000.0,,4806000000.0,4463000000.0,3423000000.0,,3101000000.0,,0.19601837672281777,,,19.70770956906431,0.05074156367565541,25.695444874885776,0.03891740364368552,24.825058950897777,1.5498226378587552,,17001000000.0,4876000000.0,0.5905201500796285,3.0,0.14010324005706312,0.14993702716012994,48.84615384615385,-0.04350814202417082,0.9803477145064737,260.0,['coverage<80%'],True,0.7,,,,,,,,,,,,,,,,,,,,,,,,,
HCA,860730,HCA Healthcare,Health Care,Health Care Facilities,Health Care Equipment and Services,11.657768651608487,5.9986310746064335,572108102.2630098,0.001965596020857552,-0.1878196603085729,0.04864368082398274,10.0,,,0.0772589284349481,0.07477019390110902,0.22073630227103805,0.0977770616758424,0.09643927015250545,0.18866891898717986,9,9,False,0.07966065216727913,0.03755848171451159,0.07216758929977862,False,,0.09868042100853537,0.11804210085353721,,1.2772688284386982,1.2072576004061049,,9.836065573770492,-0.034860345805778105,0.8524453967679241,244.0,,436.4800109863281,221839800.0,96828638341.20483,150168638341.20483,47037000000.0,53340000000.0,12999000000.0,5072000000.0,389000000.0,3593000000.0,50015000000.0,76388000000.0,,7927000000.0,7538000000.0,9017000000.0,,6794000000.0,,0.2020016339869281,,,19.921549262563655,0.05019689918791549,16.65394680505765,0.06004582647617856,14.252081004004244,1.1667647924639388,,2701000000.0,,0.05742287986053533,,,,8.60655737704918,-0.07242662218098483,0.8008233588402863,244.0,['coverage<80%'],True,0.5,,,,,,,,,,,,,,,,,,,,,,,,,
ADP,8670,Automatic Data Processing,Industrials,Human Resource & Employment Services,Commercial and Professional Services,45.4839151266256,5.9986310746064335,569126292.7748883,0.008239886838758093,-0.07691842549780503,-0.06931233778096424,,0.4505497437344613,0.029502281572005087,,,,0.18380128568638116,0.19086508033444,0.21054446594252485,9,9,False,0.07901405164575914,,0.1388984419535153,False,0.46416432014726117,,0.21017068080957196,1.030217698716135,,1.1434668698029933,,9.230769230769232,-1.2824831069732265,0.7573358340404213,260.0,gm_derived,263.67999267578125,397262737.0,104750235582.52081,105895535582.52081,7176500000.0,1145300000.0,5441200000.0,,242600000.0,585900000.0,1145300000.0,21947400000.0,,,,4612700000.0,,4413500000.0,,0.22979599671919446,,,,,22.957386255885016,0.043558965679015606,23.73405133851157,,,3284400000.0,1653300000.0,0.6880373441092454,,,,,,,,"['fcf_cagr5 gate', 'coverage<80%']",False,0.1,,,,,,,,,,,,,,,,,,,,,,,,,
CVNA,1690820,Carvana,Consumer Discretionary,Automotive Retail,Consumer Discretionary Distribution and Retail,0.75564681724846,5.9986310746064335,562512094.9668647,0.002464177236477072,-0.32443853889466223,-0.13414932325253626,3.0,0.16376181191276745,0.2644106369821125,-0.04728620188879999,0.03902174982777286,,-0.027655317840001536,0.04556638126168684,,8,9,False,0.2946654403024904,,,False,0.1937105914278873,0.03320296911166094,0.04050602601963445,1.1828801181747608,-0.7021703538326528,-1.4646740367975535,,,,,,shares_was_proxy;share_jump_gt20pct,63.95000076293945,717691000.0,45896339997.55478,49937339997.55478,8069000000.0,4041000000.0,1120000000.0,191000000.0,97000000.0,8000000.0,2931000000.0,25058000000.0,2237000000.0,929000000.0,832000000.0,1015000000.0,2245000000.0,1568000000.0,,,,22.323352703421897,60.020841343214876,0.01666087941489754,49.199349751285496,0.020325471882356977,29.27062499844055,0.5924744897959183,1.3055679287305122,12000000.0,17000000.0,0.0035940017350353202,,,,,,,,"['tenure<1y', 'fcf_cagr5 gate', 'coverage<80%']",False,0.7,,,,,,,,,,,,,,,,,,,,,,,,,
TTWO,946581,Take-Two Interactive,Communication Services,Interactive Home Entertainment,Media and Entertainment,8.517453798767967,5.9986310746064335,507988950.34807885,-0.08093860738227043,-0.21056054139712,-0.19444006224575638,7.0,0.5048075571903464,0.13348742202613095,-0.05711786125827408,-0.09223119485569015,,-0.052797938330684316,-0.0820576085534309,,8,9,False,0.14564420997425698,-0.11360433846070306,-0.3055733803152364,False,0.5604127720032902,-0.0019591714648919466,-0.006984221939729305,1.110151312160283,0.03430050463607198,0.1322820958649122,0.11748018626934786,,,,,,206.32000732421875,186980443.0,38577806369.24567,39836049369.24567,4866643000.0,1258243000.0,500200000.0,162700000.0,350600000.0,196300000.0,1245868000.0,6686500000.0,-161300000.0,337500000.0,-13100000.0,-46700000.0,35000000.0,-320400000.0,-143273653.52013257,0.11175664277661142,-0.029439934986012446,,,-0.00032884787039433425,,-0.0011723050036194969,,,35.59622857142857,1060900000.0,1653200000.0,0.5576944928978764,3.0,-0.25059489536827295,-0.2293079035745501,,,,,"['fcf_cagr5 gate', 'coverage<80%']",False,0.7,,,,,,,,,,,,,,,,,,,,,,,,,
DVN,1090012,Devon Energy,Energy,Oil & Gas Exploration & Production,Energy,26.067077344284737,5.9986310746064335,490821200.3885442,0.30425669623263873,-0.0648159424646434,0.3318327906265963,8.0,,,0.2061894746588305,0.17991183128797808,0.3514490681796659,0.22936933096718953,0.2039072806080784,0.3350264998902011,6,9,True,0.29142826541130273,0.01747897083552785,0.03371486295441217,True,,0.23123001167571958,0.2195542920960455,,1.1214443029079062,0.9572085822033982,,90.76923076923077,1.3336966951134026,1.7238255570485337,260.0,gm_derived;share_jump_gt20pct,48.040000915527344,1100000000.0,52844001007.08008,64415001007.08008,53318000000.0,11571000000.0,8553000000.0,3859000000.0,139000000.0,4089000000.0,11571000000.0,19699000000.0,,4694000000.0,4555000000.0,4325000000.0,,3280000000.0,,0.2192919933475885,,,14.14160285556094,0.07071334205986186,14.893641851347995,0.067142745205028,16.110975916792707,1.4310975609756098,,753000000.0,1466000000.0,0.041618215236880605,,,,90.38461538461539,0.2468164997175712,1.3998501202527383,260.0,['coverage<80%'],True,0.5,,,,,,,,,,,,,,,,,,,,,,,,,
JCI,833444,Johnson Controls,Industrials,Building Products,Capital Goods,16.076659822039698,5.9986310746064335,476461828.23106784,0.31209908554936727,-0.04771901078804053,0.37525038837435654,9.0,0.34991336453004573,0.023401079079083294,0.059447199025038734,0.058349379785947786,0.3573894084227978,0.04560536704960276,0.04495992118579553,0.45593610564014764,7,9,False,0.01120804194605829,0.008118576350585105,-0.004333029115990983,False,0.36561208202021855,0.10309826873490771,0.0854581917897925,1.0448645838699449,1.7342830347899731,1.8738626025494705,,51.153846153846146,0.0028262894924250344,1.0013961107070068,260.0,,145.89999389648438,610115603.0,89015862753.84988,98847862753.84988,23350000000.0,9832000000.0,3038000000.0,372000000.0,147000000.0,803000000.0,9807000000.0,24433000000.0,,2666000000.0,2519000000.0,2088000000.0,,3531000000.0,,0.17956903431763768,,,39.24091415396978,0.025483606117744726,47.340930437667566,0.021123370215899558,25.209816696077567,0.7550269045596149,,16547000000.0,3662000000.0,0.8654817987152035,,,,53.46153846153846,0.049570885098165283,1.0173371124515016,260.0,['coverage<80%'],True,0.6,,,,,,,,,,,,,,,,,,,,,,,,,
BKR,1701605,Baker Hughes,Energy,Oil & Gas Equipment & Services,Energy,9.215605749486652,5.9986310746064335,463413236.7603877,0.2546690010905226,-0.1545392682366714,0.16661497804383862,8.0,,,0.06235973613394001,0.06433780286991296,0.30914475451921003,0.061957810189492556,0.06970908805771191,0.41169617007879244,6,9,True,0.06019151313311255,0.1369045557927311,,False,,0.1055004508566276,0.10593327321911632,,1.6918039972142818,1.7097646429905873,,,,,,,58.029998779296875,992674071.0,57604875128.36966,58921875128.36966,21225000000.0,1317000000.0,4436000000.0,1308000000.0,203000000.0,1296000000.0,1141000000.0,27725000000.0,,3128000000.0,2925000000.0,2937000000.0,,3096000000.0,,0.1109846328969835,,,20.144230813117833,0.04964200466511754,20.061925477824193,0.049845664171435974,18.606225816656867,1.0103359173126616,,5566000000.0,3997000000.0,0.45055359246171967,1.0,,,,,,,['coverage<80%'],True,0.5,,,,,,,,,,,,,,,,,,,,,,,,,
CCL,815097,Carnival Corporation,Consumer Discretionary,"Hotels, Resorts & Cruise Lines",Consumer Services,27.756331279945243,5.9986310746064335,460144412.6302735,-0.17838394430512483,-0.3483284688554631,-0.2766062511416282,7.0,-0.1734960737501054,4.282059953923919,-0.8943298352548883,0.04371787153244107,,,,,7,9,False,0.36611769802331207,,,False,0.4189154553110468,0.11339753212991102,,-2.4145529420707845,-0.12679609654036889,,,8.284023668639055,-0.18735297862271325,0.8011886453207668,169.0,gm_derived,21.799999237060547,1369649119.0,29858349749.24065,53801349749.24065,36911000000.0,23943000000.0,6794000000.0,3594000000.0,103000000.0,,23927000000.0,27311000000.0,4464000000.0,3200000000.0,3097000000.0,,,3069000000.0,4444675324.675324,0.004329004329004329,0.12041600944637978,12.052273689346023,17.37208580860208,0.057563611590315374,,,9.729015884405555,1.0426849136526557,,579000000.0,1180000000.0,0.04765517054536588,1.0,,,,,,,"['fcf_cagr5 gate', 'coverage<80%']",False,0.7,,,,,,,,,,,,,,,,,,,,,,,,,
OXY,797468,Occidental Petroleum,Energy,Oil & Gas Exploration & Production,Energy,69.55783709787816,5.9986310746064335,448093868.46998596,0.26398695323370625,-0.11375742455912374,0.23240240927180666,10.0,0.8828303408155032,0.022128418725598488,0.2668140235727488,0.2846319414550151,0.39677408420483845,0.18764150951829134,0.1976221928665786,0.5460864986904461,5,9,False,0.04716358074234517,0.23653087118924065,0.10831716102802247,True,0.846770346340998,0.25341093407117643,0.17436313328880831,0.9591541060525908,0.9497661729990818,0.9292354007193241,,75.68627450980392,0.0903668087019304,1.1682823947871295,255.0,sbc_unreported;gm_derived,57.36000061035156,999637371.0,57339200210.69023,78477200210.69023,62884000000.0,21138000000.0,10976000000.0,5664000000.0,,7321000000.0,12216000000.0,20962000000.0,,5312000000.0,5312000000.0,3655000000.0,,,,0.26720119336192427,,,14.773569316771505,0.06768844945715068,21.471190208123183,0.04657403666526463,,,,668000000.0,2387000000.0,0.048581515170790665,,,,50.76923076923077,0.121288378277214,1.0377983360496044,260.0,['coverage<80%'],True,0.5,,,,,,,,,,,,,,,,,,,,,,,,,
URI,1067701,United Rentals,Industrials,Trading Companies & Distributors,Capital Goods,12.010951403148528,5.9986310746064335,444261865.6109638,0.09648067168504193,-0.11099476054397805,0.09833251896571449,9.0,1.7589098525280948,0.06870009461928543,0.17891421700901577,0.19231426064613166,0.2802752519711112,1.3718345586735414,1.3039242219215155,0.11540007049391314,7,9,False,0.1313001839740795,-0.09199824733073192,0.15559181678464862,False,0.6199346081442584,,,0.3524538834399168,,,0.9760191692728603,77.3076923076923,0.757590771892501,1.1145007323405594,260.0,,1031.989990234375,62646557.0,64650619746.64722,80577619746.64722,24895000000.0,15927000000.0,5279000000.0,,134000000.0,,15927000000.0,10093000000.0,4038000000.0,,,,,2507000000.0,3020968666.06983,0.25186511489107727,0.1213484099646447,19.954834013533237,,,,,25.788041382787082,,,7285000000.0,547000000.0,0.314601325567383,6.0,0.12432994533811252,0.12529217794238443,38.46153846153847,-0.02692707238749228,0.9137764176494967,234.0,"['fcf_cagr5 gate', 'coverage<80%']",False,0.7,,,,,,,,,,,,,,,,,,,,,,,,,
FANG,1539838,Diamondback Energy,Energy,Oil & Gas Exploration & Production,Energy,7.808350444900753,5.9986310746064335,425835693.3977619,0.3654723409260947,-0.11897307886763453,0.2824400976727155,,,,,,,0.38989151420320384,0.38516992790937177,0.20034958824232252,7,9,False,0.4038245538628422,,0.09173495759527772,True,,,0.2821892176353643,,,0.723763424838974,0.12361404415894112,59.23076923076923,0.5689671602070766,1.4273662592363616,260.0,,185.64999389648438,280024353.0,51986519425.316986,70236519425.31699,56150000000.0,18250000000.0,10143000000.0,,77000000.0,5240000000.0,12165000000.0,17102000000.0,1082000000.0,,,4826000000.0,6322000000.0,1350000000.0,887614718.6147187,0.17965367965367965,0.015807920189042184,64.91360390509888,,,14.553775264259633,0.06871069408744722,38.50853290764221,,1.9242328377095856,,7000000.0,0.00012466607301869992,3.0,0.12788126378841383,0.1527048785846811,,,,,"['fcf_cagr5 gate', 'coverage<80%']",False,0.4,,,,,,,,,,,,,,,,,,,,,,,,,
CI,1739940,Cigna,Health Care,Health Care Services,Health Care Equipment and Services,50.234086242299796,5.9986310746064335,424805711.32694656,-0.008890438971967729,-0.1178452702303332,-0.041303679487896705,4.0,0.285461010196494,0.1406729581316688,,,,0.03133816199868723,0.03070560575588477,0.23325439278674373,9,9,False,0.11376491684986534,,,False,0.20629501880431478,,0.026747455574363806,0.7226731898073009,,0.8535106677757383,1.1321915750892864,17.307692307692307,-0.5092574700935977,0.7811815250705145,260.0,gm_derived,268.2699890136719,264240486.0,70887792276.18732,106791792276.18732,78524000000.0,35904000000.0,10277000000.0,,,2724000000.0,35614000000.0,282382000000.0,9957000000.0,,,7553000000.0,12681000000.0,,8048354091.908785,0.19168885287649035,0.10249546752469035,10.72529800905768,,,14.138990106737365,0.07072640920255616,,,2.8084535919880134,45534000000.0,47403000000.0,1.183548978656207,2.0,0.09052837857109775,0.08868275102459855,18.076923076923077,-0.5971383842867029,0.821329776222142,260.0,"['fcf_cagr5 gate', 'coverage<80%']",False,0.7,,,,,,,,,,,,,,,,,,,,,,,,,
CTSH,1058290,Cognizant,Information Technology,IT Consulting & Other Services,Software and Services,19.852156057494867,5.9986310746064335,406306176.6741227,-0.02231944328292179,-0.29635310091811073,-0.0971263788114669,10.0,,,0.10021868444015392,0.10165740168828495,0.11782968269320332,0.08716611318275602,0.08945851348569075,0.14323059420281245,7,9,False,0.04856688163062173,-0.022047127468793892,-0.03015362478470396,False,,0.10674577221339811,0.09422591796692516,,1.0651284519419317,1.0809925385724986,,11.923076923076923,-0.8300037882504424,0.728562264920134,260.0,,59.13999938964844,473869469.0,28024640107.43303,27621640107.43303,14665000000.0,-403000000.0,2757000000.0,287000000.0,185000000.0,555000000.0,-403000000.0,21406000000.0,3379000000.0,2470000000.0,2285000000.0,2017000000.0,3934000000.0,2229000000.0,,,,8.174501363549284,12.088245123603077,0.08272499355985392,13.694417504924655,0.07302245602198046,12.57274118772231,1.10812023328847,-0.10244026436197255,7681000000.0,953749000.0,0.588799795431299,,,,12.307692307692308,-0.9319512938811572,0.7306764836165084,260.0,['coverage<80%'],True,0.7,,,,,,,,,,,,,,,,,,,,,,,,,
EOG,821189,EOG Resources,Energy,Oil & Gas Exploration & Production,Energy,25.89185489390828,5.9986310746064335,405263333.7940115,0.26445502682391364,-0.07324408030280294,0.25113560333314,,,,,,,0.2882306800978,0.2886156719321454,0.1833550051690913,5,9,False,0.1545526335723717,,0.297050377806088,False,,,0.30637164212240064,,,1.0629390390309776,0.8318485428789568,52.307692307692314,0.024615104264390394,1.0085760491636762,260.0,,141.83999633789062,524529176.0,74399216402.95679,78586216402.95679,36051000000.0,4187000000.0,13358000000.0,,231000000.0,4847000000.0,4187000000.0,27026000000.0,8905000000.0,,,8280000000.0,13752000000.0,6876000000.0,6967544378.698224,0.21756941283568504,0.19326910151447182,8.824954115997393,,,9.491088937555167,0.10536198813216394,10.820130366922163,,0.3044648051192554,,,0.0,7.0,0.2323368877290858,0.22329124872282605,,,,,"['fcf_cagr5 gate', 'coverage<80%']",False,0.4,,,,,,,,,,,,,,,,,,,,,,,,,
ZTS,1555280,Zoetis,Health Care,Pharmaceuticals,Pharmaceuticals Biotechnology and Life Sciences,13.259411362080767,5.9986310746064335,397230420.32332695,-0.4506942517773539,-0.5015344198524923,-0.49139142968614535,10.0,0.7050023439006223,0.010626254265348538,0.20551837928721048,0.21579218106995884,0.20596901529622128,0.2211455872986224,0.2195216049382716,0.19884906966532398,9,9,False,0.0723886810840868,0.06414790435222728,0.07496930162906157,False,0.7153514763055584,0.2386256173163812,0.24261847220762844,1.0146795716276298,1.1610913736474322,1.0970984100171544,,0.7692307692307693,-2.2371720515263696,0.3523357484873532,260.0,gm_derived,71.61000061035156,413223602.0,29590942391.43167,37211942391.43167,10769000000.0,7621000000.0,2887000000.0,521000000.0,95000000.0,483000000.0,7621000000.0,9517000000.0,,2366000000.0,2271000000.0,2309000000.0,,2616000000.0,,0.20048899755501223,,,16.385707790150448,0.06102879489899766,16.116042612140177,0.062049972444643595,11.311522320883666,0.904434250764526,,2771000000.0,918000000.0,0.3425573405144396,,,,0.7692307692307693,-2.246169189486492,0.32852525171876307,260.0,['coverage<80%'],True,0.6,,,,,,,,,,,,,,,,,,,,,,,,,
VEEV,1393052,Veeva Systems,Health Care,Health Care Technology,Health Care Equipment and Services,0.38329911019849416,5.9986310746064335,394416536.1956233,-0.046783984174216475,-0.08616848550183276,-0.06724769956412024,4.0,0.7318139357563659,0.022003489322575096,,,,0.23784078015669374,0.2307203875018705,0.30953705770173723,9,9,False,0.16877526262793308,,0.22452973572986812,False,0.7496085998719527,,0.3348285676114442,1.0243158311780374,,1.4077845161408113,0.9663533014648779,,,,,,270.75,161908850.0,43836821137.5,42177125137.5,5771753000.0,-1659696000.0,1665459000.0,,494589000.0,13000000.0,-1659696000.0,3458098000.0,1034859000.0,,,1157870000.0,1047859000.0,1014772000.0,791140113.4020851,0.23550926899018595,0.13707102736414484,40.75639786434674,,,36.42647718439894,0.027452558613828542,43.19869008752705,,-1.583892489352098,492991000.0,55647000.0,0.09505569625034196,9.0,0.14184359608060665,0.11838183717958636,,,,,"['tenure<1y', 'fcf_cagr5 gate', 'coverage<80%']",False,0.6,,,,,,,,,,,,,,,,,,,,,,,,,
KHC,1637459,Kraft Heinz,Consumer Staples,Packaged Foods & Meats,Food Beverage and Tobacco,11.219712525667351,5.9986310746064335,393997186.3454789,0.037516330767870754,-0.06606116347036328,-0.02423665883832893,9.0,0.3310439732667877,0.039943543628061746,0.116731114307929,0.11804534550800898,0.3022762004822465,0.11620372264927503,0.12098583920142382,0.3106729305343735,4,9,False,-0.009679568109466907,-0.03314308432771251,-0.02226281767810001,False,0.3336947791164659,0.14943775100401607,0.1415261044176707,1.0080074131044274,1.2801878221586158,1.2179136880564785,-2.5881368230459483,13.461538461538462,-0.5066765431547824,0.7654288764182421,260.0,ebitda_nonpositive,23.790000915527344,1185823758.0,28210748288.474075,48309748288.474075,56105000000.0,20099000000.0,4621000000.0,805000000.0,95000000.0,1002000000.0,11668000000.0,24900000000.0,-3177000000.0,3816000000.0,3721000000.0,3524000000.0,-2175000000.0,-3396000000.0,-2504673625.058675,0.21162303271681623,-0.04464260983974111,,12.983001421250759,0.07702379192250461,13.70878214769412,0.07294593999863107,,,,19714000000.0,32372000000.0,0.9283664557526067,0.0,0.01724893732132822,0.03658314644049438,8.846153846153847,-0.5922057084411209,0.7195675572688477,260.0,"['rev_cagr5 gate', 'coverage<80%']",False,0.7,,,,,,,,,,,,,,,,,,,,,,,,,
PCAR,75362,Paccar,Industrials,Construction Machinery & Heavy Transportation Equipment,Capital Goods,45.73032169746749,5.9986310746064335,375358105.9347018,0.2779103724598144,-0.15568477479176668,0.14281931669301406,10.0,0.21312026350695662,0.08179084337974808,0.09951420451184875,0.09949498112584478,0.2758854591847002,0.10994467926782545,0.10746596673821575,0.2654207459493208,6,9,False,0.087176303639803,0.08551412442533901,0.07974037320182403,False,0.19988639550183707,0.132884907139108,0.14148074116149814,0.9379042246506627,1.335336073789204,1.2868357259640621,,87.6923076923077,1.0548127633435191,1.2480949155891352,260.0,sbc_unreported;gm_derived,112.08999633789062,526364953.0,59000245654.16397,55780845654.16397,17101900000.0,-3219400000.0,4344700000.0,648400000.0,,409300000.0,-3219400000.0,27815800000.0,,3696300000.0,3696300000.0,3935400000.0,,2504200000.0,,0.21897514268783333,,,15.090995226081208,0.06626468201856807,14.174123508198397,0.07055109964447495,23.560516593788023,1.4760402523760083,,114200000.0,,0.006677620615253276,,,,85.76923076923076,1.0673802181853853,1.2401238925153246,260.0,['coverage<80%'],True,0.6,,,,,,,,,,,,,,,,,,,,,,,,,
ECHO,1415404,EchoStar,Communication Services,Wireless Telecommunication Services,Telecommunication Services,0.5065023956194388,5.9986310746064335,360246936.04612476,0.1823008842203755,-0.3243459585556465,0.26235541284011044,7.0,,,0.007981082226128849,-0.02076159791566986,4.627877747986992,0.036737321139162026,0.046028943561078485,2.3018911670685407,4,9,False,0.5137390581525174,,,False,,-0.05245645791144693,-0.07302712413227173,,-6.572599608072257,-1.9878184328041475,15.927107162479329,,,,,ebitda_nonpositive;shares_was_proxy;gm_derived,92.72000122070312,290141000.0,26901873874.176025,28216144874.176025,15469369000.0,1314271000.0,-85317000.0,639864000.0,43512000.0,941305000.0,1267965000.0,14653925000.0,-16515821000.0,-725181000.0,-768693000.0,-1070134000.0,-15574516000.0,,-12518621711.09669,0.24202243950835442,-0.8092522526999446,,,-0.027243020030830754,,-0.03792630087391591,,,,0.0,493574000.0,0.03190653736425836,2.0,-0.050809744948935885,-0.009319415267764695,,,,,"['tenure<1y', 'fcf_cagr5 gate', 'coverage<80%']",False,0.5,,,,,,,,,,,,,,,,,,,,,,,,,
EMR,32604,Emerson Electric,Industrials,Electrical Components & Equipment,Capital Goods,61.4839151266256,5.9986310746064335,354721471.3155447,0.22563970706492298,-0.052583207252175135,0.22097980905698522,10.0,0.5135417468550725,0.08314553297598619,0.13952461461026325,0.1516693345529385,0.44913309322656053,0.09045917657825657,0.07906471529842214,0.8305953158788716,7,10,False,0.014255579608092983,0.00940870521967585,-0.09073397540951889,False,0.5107855763039278,0.17246190169564285,0.1170852114187594,0.994633015586321,1.2360679309337923,1.29434310423408,,48.309178743961354,-0.11800487422623354,0.9614087038469512,207.0,,154.58999633789062,557800000.0,86230299957.27539,97768299957.27539,31917000000.0,11538000000.0,3912000000.0,452000000.0,246000000.0,1484000000.0,11523000000.0,18636000000.0,,3460000000.0,3214000000.0,2182000000.0,,2577000000.0,,0.21402439024390243,,,30.41950838745345,0.03287364106161725,44.80673691900797,0.02231807243200026,33.46150561011851,1.3426464881645324,,18122000000.0,8686000000.0,0.8399285647147289,,,,39.23076923076923,-0.0019206103725107424,0.9567304676272463,260.0,['coverage<80%'],True,0.6,,,,,,,,,,,,,,,,,,,,,,,,,
CTVA,1755672,Corteva,Materials,Fertilizers & Agricultural Chemicals,Materials,7.310061601642711,5.9986310746064335,341019884.8470224,0.24112461756155734,-0.09701502446395815,0.19218097952422508,6.0,0.4293242650057961,0.05753334901292499,0.09487353968099595,0.09155429382540808,0.5436766798336031,0.05759475669929144,0.05429382540809084,0.8940444772692911,4,7,False,0.04124576663707025,0.12116853340175271,0.10373747652226784,True,0.49539636200314396,0.03531327195149338,-0.0017403997305187515,1.1538978864762182,0.3722141291474018,-0.030218023831675683,,,,,,sbc_unreported;gm_derived,80.41999816894531,667196000.0,53655901098.32764,55142901098.32764,26646000000.0,1487000000.0,1211000000.0,582000000.0,,1242000000.0,1243000000.0,17812000000.0,,629000000.0,629000000.0,-31000000.0,,1009000000.0,,0.30701200252684774,,,87.66756931371643,0.011406726658766167,,-0.0005621757176816394,53.177305350176056,0.6233894945490585,,10437000000.0,8006000000.0,0.6921489154094423,,,,92.27272727272727,2.043593317713161,3.4944098576749734,220.0,['coverage<80%'],True,0.6,,,,,,,,,,,,,,,,,,,,,,,,,
GIS,40704,General Mills,Consumer Staples,Packaged Foods & Meats,Food Beverage and Tobacco,69.55783709787816,5.9986310746064335,340195989.25876653,-0.11888284709659869,-0.24446678412971168,-0.240394302583938,10.0,0.3387463216533253,0.024006425581009714,0.11146351865482465,0.11295967485348907,0.17063175021946228,0.11581854733017574,0.11738835918015457,0.18400817425575708,6,9,False,0.0032621470033440403,-0.07886799785365306,-0.0774579963077463,False,0.33862575560486646,0.07979624629712624,0.07786146059923701,0.9996440816010329,0.7158956334783919,0.6722710860573083,,79.61538461538461,0.8542624640776357,1.1139880459817821,260.0,gm_derived,35.81999969482422,534687144.0,19152493334.906433,32806393334.906433,21104300000.0,13653900000.0,2067000000.0,520900000.0,86100000.0,556300000.0,13640500000.0,18296600000.0,-206400000.0,1546100000.0,1460000000.0,1424600000.0,349900000.0,-892200000.0,,,,,22.47013242116879,0.04450352055148168,23.028494549281504,0.0434244625874252,,,38.98399542726493,14113100000.0,239300000.0,0.6800699383537951,,,,75.38461538461539,0.5921788423068285,1.0720151716934234,260.0,"['fcf_cagr5 gate', 'coverage<80%']",False,0.6,,,,,,,,,,,,,,,,,,,,,,,,,
ITW,49826,Illinois Tool Works,Industrials,Industrial Machinery & Supplies & Components,Capital Goods,40.56947296372348,5.9986310746064335,327383241.7356389,0.10013495305769538,-0.07833880518940783,0.07389827591146059,10.0,0.4252634274778516,0.033547897792921416,0.15939481026372157,0.1644228371977063,0.16116792891027337,0.16649549566557253,0.17078035402642733,0.16694871283723092,6,9,False,0.04994811807277366,0.010362539523898429,0.019155623020066015,False,0.4416175845527962,0.17287024105895926,0.17778857246948812,1.0384565330998192,1.0845412141897364,1.0678281220688346,,54.230769230769226,0.07222852247619536,1.0086117669501968,260.0,gm_derived,273.4200134277344,284800000.0,77870019824.21875,86968019824.21875,11993000000.0,9098000000.0,3330000000.0,409000000.0,74000000.0,328000000.0,9097000000.0,16469000000.0,4364000000.0,2921000000.0,2847000000.0,2928000000.0,4692000000.0,,,,,19.92851050050842,30.547249674822183,0.03273617136223643,29.702192562916238,0.03366754820815886,,,1.9388320545609548,5074000000.0,370000000.0,0.45393146001834406,,,,52.69230769230769,0.07981245260194854,1.0091694735273835,260.0,['coverage<80%'],True,0.7,,,,,,,,,,,,,,,,,,,,,,,,,
IQV,1478242,IQVIA,Health Care,Life Sciences Tools & Services,Pharmaceuticals Biotechnology and Life Sciences,9.070499657768652,5.9986310746064335,323729144.5884963,0.4577300265031812,0.0,0.49175756846485164,10.0,,,0.11407117266726204,0.11060698957694666,0.16355347202582649,0.07911238849483127,0.07743715511955855,0.22694070968696273,9,9,False,0.07503541699279603,0.08837342636672774,-0.04332664602101821,True,,0.1127946127946128,0.07798220298220299,,0.9888090931056448,0.9857141778407801,,60.76923076923077,0.21790019843626315,1.0806835428702972,260.0,gm_derived,267.8599853515625,166900000.0,44705831555.17578,59106831555.17578,20622000000.0,14401000000.0,2704000000.0,588000000.0,240000000.0,1167000000.0,14273000000.0,16632000000.0,2200000000.0,2116000000.0,1876000000.0,1297000000.0,3367000000.0,1385000000.0,,,,26.866741615988992,31.506839848174724,0.03173913997147298,45.57195956451486,0.021943317986674017,32.27857874019912,1.527797833935018,4.239085239085239,16544000000.0,4962000000.0,1.0428668412375133,,,,56.92307692307692,0.2161879368414232,1.053449015194293,260.0,['coverage<80%'],True,0.7,,,,,,,,,,,,,,,,,,,,,,,,,
DHI,882184,D. R. Horton,Consumer Discretionary,Homebuilding,Consumer Durables and Apparel,21.256673511293634,5.9986310746064335,323083310.5048403,-0.10790000235508057,-0.18918287467226147,-0.1516001387188639,10.0,0.27140711799274053,0.0951791906209741,0.055938868370035665,0.05180237708348052,0.7259600536854297,0.05737727281397449,0.053927296244164626,0.7460198360873915,8,9,False,0.11016221220279032,,,False,0.22611694152923534,0.09189805097451274,0.09304347826086956,0.833128265763772,1.6428299973214877,1.6216085864263734,,19.480519480519483,-0.13429446429211947,0.8160735883974662,231.0,gm_derived,140.1699981689453,279701267.0,39205726083.241684,37714026083.241684,22327800000.0,-1491700000.0,3352600000.0,150400000.0,137400000.0,112200000.0,-2078700000.0,33350000000.0,,3202200000.0,3064800000.0,3103000000.0,,3052900000.0,,0.2444829606483742,,,12.3055423137698,0.08126419579907569,12.154052878904828,0.08227708155981854,12.842125874821214,1.0489043204821644,,163500000.0,,0.007322709805713057,,,,18.614718614718615,-0.1234510453982786,0.8118617135679386,231.0,"['fcf_cagr5 gate', 'coverage<80%']",False,0.6,,,,,,,,,,,,,,,,,,,,,,,,,
CASY,726958,Casey's,Consumer Staples,Food Retail,Consumer Staples Distribution and Retail,0.459958932238193,5.9986310746064335,322681928.41739035,0.3845571831394283,-0.3322185590773379,0.09469585787908597,9.0,,,0.029966808147086004,0.03275714501666616,0.25299711666247054,,,,6,9,False,0.15062751164414712,,,,,0.031266048143640986,,,1.0433559687163854,,,,,,,,597.3099975585938,36960167.0,22076677260.535217,24454963260.535217,6472199000.0,2378286000.0,1389195000.0,740269000.0,65116000.0,,2378286000.0,18672331000.0,,648926000.0,583810000.0,,,772813000.0,,,,,41.8885652190528,0.023872863507512904,,,28.566648413698033,0.8396934316581114,,1284216000.0,,0.19842035141379305,,,,67.6923076923077,0.38096391616158465,1.0943361062087047,260.0,"['tenure<1y', 'fcf_cagr5 gate', 'coverage<80%']",False,0.5,,,,,,,,,,,,,,,,,,,,,,,,,
NUE,73309,Nucor,Materials,Steel,Materials,41.40177960301163,5.9986310746064335,322661569.2979232,0.8378109221044638,-0.09408358836474684,0.811986162432675,9.0,0.21626547408283878,0.3636449480509451,0.09288134141876017,0.12260222230938386,0.8248173168319766,0.13109949754458042,0.143361576171915,0.5365106229265209,5,9,False,0.10039907578586948,,-0.024762322282568583,False,0.15470485582116844,0.03980499155148057,0.07659067615855517,0.7153469895148865,0.42855745775696513,0.5842179229749563,,78.46153846153847,1.6210677386767576,2.7420626902877356,260.0,gm_derived,246.97999572753906,226875676.0,56033753489.16254,59314061489.16254,25389308000.0,3280308000.0,4424000000.0,2841000000.0,146000000.0,1513000000.0,2123308000.0,36101000000.0,,1583000000.0,1437000000.0,2765000000.0,,2884000000.0,,0.20682095006090134,,,41.276312796911995,0.024226970197658088,21.451740140745944,0.04661626485492318,19.42917943452238,0.5488904299583911,,4289000000.0,2754000000.0,0.2774002347759931,,,,82.35294117647058,0.8550368255134371,4.469013884878397,221.0,"['fcf_cagr5 gate', 'coverage<80%']",False,0.6,,,,,,,,,,,,,,,,,,,,,,,,,
APD,2969,Air Products,Materials,Industrial Gases,Materials,41.40177960301163,5.9986310746064335,320931129.4848215,0.18562324389234197,-0.08663547856135057,0.1043471316541249,7.0,,,-0.12132977792642055,-0.1175079365079365,,0.1567470470170756,0.14186507936507936,0.09548041657608015,4,9,False,0.06329887156173086,,-0.0442098329578996,False,0.3205630762882671,-0.02783640951579883,0.23626827061941566,,0.22942768042219605,1.5073219886156914,-0.22650696748443516,2.307692307692308,-1.5675865554739163,0.7211907500057991,260.0,,286.9700012207031,222685530.0,63904066815.93292,70127066815.93292,20106800000.0,6223000000.0,4570800000.0,4872200000.0,49400000.0,1543900000.0,3510400000.0,12602200000.0,-593100000.0,-301400000.0,-350800000.0,2977500000.0,950800000.0,-47300000.0,-479048800.408176,0.19229674522310566,-0.023825213380954502,,,-0.005002348107910568,23.55233142432676,0.042458641651378894,,,3.692048801009676,957400000.0,258400000.0,0.06046710565579804,8.0,0.10518534438721712,0.12863653421506022,,,,,"['fcf_cagr5 gate', 'coverage<80%']",False,0.6,,,,,,,,,,,,,,,,,,,,,,,,,
FOXA,1754301,Fox Corporation (Class A),Communication Services,Broadcasting,Media and Entertainment,7.51813826146475,5.9986310746064335,313579896.8043266,0.12437656194019664,-0.13112101341516447,0.05572706682978956,10.0,,,0.11024009069158129,0.10050071530758226,0.3345550208636239,0.13083878711876776,0.12195994277539342,0.2872880439161257,8,9,False,0.05816323382679833,-0.07390453775549266,-0.05807301381284713,False,,0.07801004320915567,,,0.7076376907871418,,,,,,,shares_was_proxy,63.959999084472656,424000000.0,27119039611.816406,30582039611.816406,15091000000.0,3463000000.0,1970000000.0,502000000.0,132000000.0,,3363000000.0,17126000000.0,,1468000000.0,1336000000.0,,,,,0.24187884108867427,,,22.89074821243743,0.043685771680309744,,,,,,3647000000.0,2870000000.0,0.4318467961036379,,,,97.6923076923077,2.6081263984542273,1.5869688114899472,260.0,"['fcf_cagr5 gate', 'coverage<80%']",False,0.4,,,,,,,,,,,,,,,,,,,,,,,,,
ROP,882835,Roper Technologies,Information Technology,Electronic Equipment & Instruments,Technology Hardware and Equipment,16.752908966461327,5.9986310746064335,294840241.9835111,-0.13891486191874136,-0.2751093264049097,-0.2598143370754843,3.0,0.697245642258544,0.006485145223274085,,,,0.16694986017808455,0.18718637702742077,0.5271671337254958,7,9,False,0.1446055560688868,0.12686829535166222,0.0978888548288519,False,0.6952525874666377,,0.18778305133871961,0.9971415313755847,,1.1247871135586003,1.160480892192626,5.063291139240507,-0.4359796349231346,0.6347672225759912,237.0,,366.3599853515625,98900874.0,36233322749.89673,47421322749.89673,29888300000.0,11188000000.0,2669100000.0,,191800000.0,922400000.0,11188000000.0,8280300000.0,2315600000.0,,,1554900000.0,3238000000.0,2504000000.0,1948705249.0086699,0.15844478795617986,0.06519960148314458,20.479064929131425,,,30.497988777346922,0.032789047412292736,14.47017681705141,,3.455219271155034,21330700000.0,3475218000.0,0.8299541292077501,0.0,0.05618326154423422,0.05765566815566838,5.384615384615385,-0.6143377907299817,0.6096445066032474,260.0,['coverage<80%'],True,0.7,,,,,,,,,,,,,,,,,,,,,,,,,
WAT,1000697,Waters Corporation,Health Care,Life Sciences Tools & Services,Pharmaceuticals Biotechnology and Life Sciences,24.725530458590008,5.9986310746064335,286406116.6007606,0.4215831290964418,-0.0025140467858504323,0.44174015167041136,3.0,,,0.16162507159176795,0.15344047899621077,0.1359325541666642,0.15899112526347906,0.1477474767459545,0.16060642392622507,6,9,False,0.059992904419617465,,-0.08980564477311936,False,0.7224907622308796,,-0.029392265574046526,,,-0.18486733473543165,0.04184527722517189,,,,,,420.57000732421875,98248111.0,41320208762.86066,46234274762.86066,20109066000.0,4914066000.0,549861000.0,,73152000.0,613214000.0,4914066000.0,4644249000.0,328630000.0,,,-136505000.0,941844000.0,166137000.0,265940586.02045783,0.1907598636142231,0.013224909899865953,140.6879309949203,,,,-0.0029524633121238565,248.71165822700937,,5.2174946169429335,9421000000.0,13923000.0,0.46918752964458915,10.0,0.31604307049280467,0.22313148652953216,,,,,"['fcf_cagr5 gate', 'coverage<80%']",False,0.6,,,,,,,,,,,,,,,,,,,,,,,,,
ADM,7084,Archer Daniels Midland,Consumer Staples,Agricultural Products & Services,Materials,69.55783709787816,5.9986310746064335,280804341.97656715,0.38485833969551697,-0.0526983352225,0.39521846261653426,5.0,0.21512458130186216,0.3667630457113621,0.0916339048133175,0.0728827066579729,0.46391194824264026,0.1015342051801266,0.0834238933565167,0.40633313289296435,4,9,True,-0.17259424658437517,-0.06175838461230476,-0.06316894759314584,True,0.2256361017762842,0.06112978076492239,0.058289326292206754,1.048862479642307,0.6671087616473392,0.5740856117285664,,85.546875,1.374695001072144,2.811538668184819,256.0,,82.1500015258789,481959583.0,39592980478.86196,47448980478.86196,31436000000.0,7856000000.0,2795000000.0,1118000000.0,149000000.0,1189000000.0,7849000000.0,24996000000.0,,1677000000.0,1528000000.0,1457000000.0,,1770000000.0,,0.15083532219570406,,,31.05299769559029,0.032203010150675594,32.56621858535481,0.030706666092627188,22.368915524780768,0.9474576271186441,,4653000000.0,1845000000.0,0.20670568774653264,,,,77.734375,0.366110831641186,2.4156307735439495,256.0,"['rev_cagr5 gate', 'fcf_cagr5 gate', 'coverage<80%']",False,0.6,,,,,,,,,,,,,,,,,,,,,,,,,
CNC,1071739,Centene Corporation,Health Care,Managed Health Care,Health Care Equipment and Services,10.485968514715948,5.9986310746064335,277635508.42850906,0.8574296863544144,-0.08517534228278767,0.7808376576052105,9.0,0.11445106008136907,0.14674413594193672,0.02645559228842089,0.026207165439088683,0.6531658957342503,0.022997002607396455,0.022604951560818085,0.8068496953233133,9,9,False,0.10958333315636093,,,False,0.09050964148778372,0.04878117041224707,0.0462735439814167,0.7908152307495957,1.8438888035630054,2.0121554435330578,24.55577613976432,0.4273504273504274,-0.46826933278550953,0.27378167916454144,234.0,ebitda_nonpositive,62.08000183105469,493995000.0,30667210504.53186,20548210504.53186,12443000000.0,-10119000000.0,9749000000.0,798000000.0,236000000.0,1246000000.0,-10191000000.0,178655000000.0,-5640000000.0,8951000000.0,8715000000.0,8267000000.0,-4394000000.0,-5100000000.0,-4203888960.863721,0.2546296168681346,-0.33785172071556063,,2.3577981072325715,0.4241245240347293,2.485570400935268,0.4023221388634661,,,,10835000000.0,4530000000.0,1.2348308285783172,0.0,-0.013758543765532278,0.037621047825129456,0.398406374501992,-0.012353175203714381,0.26562298179141075,251.0,"['fcf_cagr5 gate', 'coverage<80%']",False,0.7,,,,,,,,,,,,,,,,,,,,,,,,,
DOW,1751788,Dow Inc.,Materials,Commodity Chemicals,Materials,7.482546201232033,5.9986310746064335,260240804.09553424,0.3784219129351414,-0.2928216709347624,0.3094093163814824,6.0,,,0.045273807913581855,0.06364573528752633,1.1437665385332243,0.03440303114160255,0.05793106539375196,1.2805699115311064,4,9,False,0.00729257790550264,,,False,0.06361394320002034,-0.005898655004957921,-0.01967913350791996,,-0.130288466484136,-0.572017431455991,,,,,,sbc_unreported,28.649999618530273,720741438.0,20649241923.75896,36557241923.75896,31157000000.0,15908000000.0,2065000000.0,2297000000.0,,2839000000.0,14394000000.0,39331000000.0,,-232000000.0,-232000000.0,-774000000.0,,,,0.2562482955352814,,,,-0.006346211798030109,,-0.021172275567565967,,,,7947000000.0,2466000000.0,0.33421061077767433,,,,,,,,"['fcf_cagr5 gate', 'coverage<80%']",False,0.3,,,,,,,,,,,,,,,,,,,,,,,,,
CLX,21076,Clorox,Consumer Staples,Household Products,Household and Personal Products,57.4839151266256,5.9986310746064335,246132898.6615084,-0.13732125998435096,-0.3237569278106305,-0.2937359172417672,10.0,0.4138854364302942,0.08178782435313346,0.09184911660592388,0.09572072072072071,0.26407414894349174,0.09504132857144602,0.09586148648648649,0.3286543568375744,7,9,False,0.011145867999568182,-0.10045182122408514,-0.12344687068014382,False,0.43846153846153846,0.046449704142011834,0.042011834319526625,1.0593789968625371,0.5057174838306069,0.4420375319979329,,88.07692307692308,1.5100496098949137,1.420233389580968,260.0,,83.94000244140625,120921351.0,10150138498.158142,12255138498.158142,2038000000.0,2105000000.0,576000000.0,196000000.0,66000000.0,226000000.0,1946000000.0,6760000000.0,,380000000.0,314000000.0,284000000.0,,756000000.0,,0.22064777327935223,,,39.02910349731892,0.025621905460080432,43.15189612027515,0.023173952709117332,13.426109124547807,0.5026455026455027,,1229000000.0,929000000.0,1.0588812561334642,,,,86.92307692307692,1.0734760050102385,1.2611796875771466,260.0,"['fcf_cagr5 gate', 'coverage<80%']",False,0.6,,,,,,,,,,,,,,,,,,,,,,,,,
MTD,1037646,Mettler Toledo,Health Care,Life Sciences Tools & Services,Pharmaceuticals Biotechnology and Life Sciences,10.047912388774812,5.9986310746064335,234740325.37145242,0.16119649434648364,0.0,0.2390424510101714,10.0,0.5917680916443541,0.009225112683172115,0.20782799755957995,0.21023795499108375,0.05833703385392214,0.21668198618955622,0.2210229885984943,0.04739977308256945,8,9,False,0.05469611164747934,0.06065448604980528,0.056578812967068126,False,0.6025641800973662,0.2034744640319313,0.2105213631278159,1.0182437826666404,0.9790522279059126,0.9715683653723254,,61.53846153846154,0.28413762985169577,1.0458610726779969,260.0,,1492.3399658203125,20036559.0,29901357773.216675,32091418773.216675,2202884000.0,2190061000.0,975167000.0,111198000.0,22831000.0,82067000.0,2190061000.0,4133875000.0,,863969000.0,841138000.0,870269000.0,,905611000.0,,0.1747411529061407,,,38.15238257362844,0.026210682860242043,36.87528657600888,0.0271184333154607,33.017882703739986,0.9540177846779688,,735214000.0,266258000.0,0.45461858182273784,,,,61.53846153846154,0.2797878052756281,1.0501741486039475,260.0,['coverage<80%'],True,0.6,,,,,,,,,,,,,,,,,,,,,,,,,
LEN,920760,Lennar,Consumer Discretionary,Homebuilding,Consumer Durables and Apparel,20.971937029431896,5.9986310746064335,227420058.06119537,-0.30126689552181296,-0.3693160025796389,-0.3401978556315607,10.0,,,0.07470777770040757,0.08599052231503557,0.6262216899608015,0.07495030370702446,0.08522452592040095,0.6553815228121059,8,9,False,0.08737305172284682,-0.6309724733073294,,False,,0.017640127518405265,0.018506327733542556,,0.23612170059649665,0.24691464634863264,,89.63963963963964,0.3597803038898719,3.034638901506293,222.0,shares_was_proxy,81.5199966430664,240776000.0,19628058711.730957,23474363711.730957,25466943000.0,3846305000.0,882991000.0,166218000.0,139284000.0,137861000.0,3701217000.0,32737235000.0,,716773000.0,577489000.0,605846000.0,,1615359000.0,,0.25127022029940843,,,40.6490231185892,0.024600837198045483,38.74642023176015,0.025808835861959388,12.150895690512732,0.44372365523700924,,3632058000.0,0.0,0.14261853101096586,5.0,,,89.63963963963964,0.36280920642853354,3.135647533425016,222.0,"['fcf_cagr5 gate', 'coverage<80%']",False,0.6,,,,,,,,,,,,,,,,,,,,,,,,,
LUV,92380,Southwest Airlines,Industrials,Passenger Airlines,Transportation,32.23271731690623,5.9986310746064335,213744514.8469115,0.23453262965109678,-0.23348389743990194,0.2841202173686779,5.0,,,,,,,,,8,9,False,0.2540541822088387,,0.06574263385622459,False,,-0.01519635553486516,,,,,-0.09658344782714115,,,,,sbc_unreported,41.040000915527344,489208201.0,20077105016.923485,20182105016.923485,7187000000.0,105000000.0,2528000000.0,2985000000.0,,,105000000.0,30073000000.0,1041000000.0,-457000000.0,-457000000.0,,,837000000.0,816604498.5941893,0.2155576382380506,0.11362244310479884,19.387228642577796,,-0.022643822317681313,,,23.986983293815396,-0.5459976105137395,,970000000.0,166000000.0,0.1580631696117991,2.0,-1.1764173433542462,0.04195076023720525,,,,,"['fcf_cagr5 gate', 'coverage<80%']",False,0.6,,,,,,,,,,,,,,,,,,,,,,,,,
DGX,1022079,Quest Diagnostics,Health Care,Health Care Services,Health Care Equipment and Services,23.783709787816566,5.9986310746064335,208858895.1246479,0.3070558420549019,-0.05457495278876745,0.25450658300380047,10.0,,,0.11417611372192123,0.11517897598550068,0.27998009672808366,0.11058850715893935,0.11128228364295424,0.32334111821480077,7,9,False,0.03178135709578789,-0.030543100079809316,-0.045135800771224366,False,0.3311418685121107,0.10908304498269897,0.10683391003460208,,0.955392870074151,0.9660489392542291,,67.6923076923077,0.3176484928788956,1.097821350450137,260.0,,233.0,110373360.0,25716992880.0,31797992880.0,13597000000.0,6081000000.0,1903000000.0,554000000.0,88000000.0,580000000.0,5778000000.0,11560000000.0,1630000000.0,1349000000.0,1261000000.0,1235000000.0,2210000000.0,1062000000.0,,,,19.50797109202454,25.216489199048375,0.039656591054623824,25.747362655870447,0.03883892938339446,24.21562418079096,1.2702448210922788,2.61447963800905,9112000000.0,879000000.0,0.7347944399499889,,,,73.84615384615385,0.2866564986879101,1.0869571777566471,260.0,['coverage<80%'],True,0.7,,,,,,,,,,,,,,,,,,,,,,,,,
BIIB,875045,Biogen,Health Care,Biotechnology,Pharmaceuticals Biotechnology and Life Sciences,22.863791923340177,5.9986310746064335,207820883.2859549,0.5905948006593593,0.0,0.6563296707202744,10.0,,,0.18102490432611182,0.17794673730612906,0.40330897854311304,0.14354886883199214,0.11464420763148848,0.5759831468178508,4,9,False,-0.059551646346515,-0.11628194195307018,-0.20516542437657026,False,0.7548755207599573,0.21425121259081853,0.1505323324008292,,1.183545509323128,1.048648684072951,,49.23076923076923,-0.0029681726032518255,0.997888854031388,260.0,,227.52999877929688,147637117.0,33591873050.78891,36849773050.78891,21909600000.0,3257900000.0,2590800000.0,167900000.0,293800000.0,801100000.0,3257900000.0,9937400000.0,,2422900000.0,2129100000.0,1495900000.0,,1372000000.0,,0.15471349353049907,,,17.30767603719361,0.057777832093172644,24.63384788474424,0.040594551232059066,24.483872485997747,1.7659620991253644,,6488700000.0,7318500000.0,0.6301895059699858,,,,43.07692307692308,-0.08107525093783224,0.9414776633332289,260.0,"['rev_cagr5 gate', 'fcf_cagr5 gate', 'coverage<80%']",False,0.5,,,,,,,,,,,,,,,,,,,,,,,,,
IT,749251,Gartner,Information Technology,IT Consulting & Other Services,Software and Services,9.470225872689939,5.9986310746064335,207746351.84160227,-0.24877881729447315,-0.30590981415365337,-0.3240183015336444,,0.6875238355263287,0.008255360190949003,,,,0.1652320313068053,0.1495494942699265,0.12063444697322256,8,9,False,0.09648191203252598,,0.08483153810077826,False,0.700840828352383,,0.16146494243324103,1.019369499845572,,0.9772012191354744,1.3768893876670023,5.769230769230769,-1.525408818582434,0.40484135102953006,260.0,,178.52000427246094,63148976.0,11273355465.321533,13114233465.321533,1673533000.0,1840878000.0,1382615000.0,,149542000.0,189424000.0,1840878000.0,6463626000.0,1115195000.0,,,1043649000.0,1304619000.0,775120000.0,839196273.1619874,0.2474892075717813,0.5014518824319493,11.759587753999554,,,12.565750999925774,0.07958139549366425,14.544013140315736,,1.4110464434444079,2738631000.0,294434000.0,1.8123723882349496,6.0,0.3641918420778941,0.39126344838939947,,,,,"['fcf_cagr5 gate', 'coverage<80%']",False,0.5,,,,,,,,,,,,,,,,,,,,,,,,,
TKO,1973266,TKO Group Holdings,Communication Services,Movies & Entertainment,Media and Entertainment,1.5030800821355237,5.9986310746064335,203590825.283778,-0.06146866440663179,-0.1452102361643094,-0.0349645769521616,,,,,,,0.10652544871729985,0.08584153069222807,1.0243372819308199,3,4,False,,,0.21420901373914703,True,,,0.21378768180166105,,,2.006916510335635,,,,,,shares_was_proxy,189.0800018310547,74797769.0,14142762299.478806,18503854299.478806,7757024000.0,4361092000.0,1795136000.0,,134303000.0,527360000.0,4361092000.0,5301863000.0,997631000.0,,,1133473000.0,1524991000.0,580442539.0,876309989.7844464,0.12160910217861476,0.11296986960262677,18.547794023520527,,,16.324918458118372,0.06125604869424022,24.365482109295932,,2.859749336225591,8445011000.0,3120324000.0,1.4909500086631162,1.0,,,,,,,"['rev_cagr5 gate', 'fcf_cagr5 gate', 'coverage<80%']",False,0.3,,,,,,,,,,,,,,,,,,,,,,,,,
NVR,906163,"NVR, Inc.",Consumer Discretionary,Homebuilding,Consumer Durables and Apparel,6.995208761122519,5.9986310746064335,200445661.67433894,-0.20372894681478781,-0.23678040312041448,-0.22298257512111774,10.0,,,0.13260168065937378,0.1302961392689664,0.18513144297838577,0.13295898615221685,0.13011872941925645,0.19010515522886295,7,9,False,0.06495299325159976,0.03824376104954341,0.03807186415746644,False,,0.10293968266227554,0.10230554868801532,,0.7763075260464175,0.7694519313714665,,73.46153846153847,0.6278968884375019,1.1504152004368953,260.0,,6241.60986328125,2664860.0,16633016460.263672,16035872460.263672,2794052000.0,-597144000.0,1066590000.0,20169000.0,65454000.0,26212000.0,-597144000.0,9529532000.0,,1046421000.0,980967000.0,974924000.0,,1141320000.0,,,,,16.347005006553402,0.061173285234763605,16.448330803492038,0.06079644262673125,14.573490747786487,0.9168515403217328,,441000.0,1813000.0,0.0008067136903679674,,,,71.53846153846153,0.5750839143879871,1.13957214878068,260.0,['coverage<80%'],True,0.5,,,,,,,,,,,,,,,,,,,,,,,,,
PHM,822416,PulteGroup,Consumer Discretionary,Homebuilding,Consumer Durables and Apparel,42.40109514031485,5.9986310746064335,185272918.746517,-0.013623602526160017,-0.1619200871283204,-0.08713138947017152,10.0,,,0.08140523789487442,0.0840008469405665,0.40652268284506815,0.08255473952124977,0.08563962121697559,0.4068468953315719,8,9,False,0.09422398249785235,0.0025988733351183235,0.0021879655970853396,False,,0.0886438266026195,0.08884032718566062,,1.0889204293843218,1.076138422831471,,60.38461538461538,0.013086646255226424,1.053770144518749,260.0,,118.70999908447266,187452540.0,22252490851.782074,20960681851.782074,11721922000.0,-1291809000.0,1626318000.0,113875000.0,58057000.0,110651000.0,-1291809000.0,16407076000.0,,1512443000.0,1454386000.0,1457610000.0,,1906446000.0,,,,,14.41204869393825,0.06938638782289176,14.380171549167523,0.0695401996131187,11.672237688233537,0.7933311512626111,,40377000.0,49585000.0,0.007674679971424481,,,,58.94308943089431,0.20422788945597325,1.0649677114596698,246.0,['coverage<80%'],True,0.5,,,,,,,,,,,,,,,,,,,,,,,,,
INCY,879169,Incyte,Health Care,Biotechnology,Pharmaceuticals Biotechnology and Life Sciences,9.568788501026694,5.9986310746064335,180662205.32197315,0.5038694962034767,-0.02480242727093429,0.5071342683078262,5.0,0.9347004003410522,0.009181738019249925,,,,0.12753999513132375,0.17032569425305907,0.774742017879292,9,9,False,0.14029891744294387,,0.20441527705224205,True,0.9247410007797023,,0.21816109620930346,0.9893448215516802,,1.7105308494380147,2.1638383778039683,15.837104072398189,-0.0752689262079347,0.7163309223786233,221.0,gm_derived,124.63999938964844,199782155.0,24900847677.26265,21439314677.26265,2161314000.0,-3461533000.0,1516782000.0,,252490000.0,94726000.0,-3461533000.0,5361020000.0,1610808000.0,,,1169566000.0,1705534000.0,1431827000.0,1300168302.8241785,0.19284712838266357,0.6015638185030858,13.309664886977622,,,18.331000283235532,0.054552396734974785,17.390961112803886,,-2.0295889733068937,133000000.0,12298000.0,0.0672266963523116,5.0,0.2780077406306102,0.2627357227737236,91.92307692307692,1.5235664943996639,1.407015957757377,260.0,"['fcf_cagr5 gate', 'coverage<80%']",False,0.7,,,,,,,,,,,,,,,,,,,,,,,,,
DD,1666700,DuPont,Industrials,Industrial Conglomerates,Capital Goods,7.310061601642711,5.9986310746064335,176972225.23510554,0.45130917104155777,-0.12380441036101408,0.39278021589561907,7.0,,,0.05087839341330548,0.05121890417654004,0.46632508154244795,0.01712376314178441,0.011013543682095549,1.5796976166547658,5,9,False,-0.09250966195399901,-0.3992474461837586,,False,0.23422897196261683,0.07272196261682243,0.008177570093457943,,1.4293289889496494,0.47755683290803713,,,,,,share_jump_gt20pct,130.8800048828125,135042975.0,17674425227.389526,25439425227.389526,21534000000.0,7765000000.0,429000000.0,146000000.0,34000000.0,367000000.0,7653000000.0,3424000000.0,,283000000.0,249000000.0,28000000.0,,922000000.0,,0.2328859368543487,,,102.16636637505835,0.009787956990943038,908.5509009781973,0.0011006537981783336,19.169658598036364,0.306941431670282,,7840000000.0,2789000000.0,0.4935915296740039,,,,,,,,"['rev_cagr5 gate', 'fcf_cagr5 gate', 'coverage<80%']",False,0.4,,,,,,,,,,,,,,,,,,,,,,,,,
IP,51434,International Paper,Materials,Paper & Plastic Packaging Products & Materials,Materials,69.55783709787816,5.9986310746064335,174360153.3722321,-0.08964072505895981,-0.24621619666772399,-0.17324279637329176,9.0,,,0.04460571860964188,0.04780549415850963,0.7120681892952062,0.0304927658745629,0.04818468212570366,1.5625390291589858,5,9,False,0.061152533817306676,,,False,0.33520637937445774,0.02032805850514399,-0.001074246994174276,,0.4557276317649082,-0.035229568829320726,,,,,,sbc_unreported,35.70000076293945,529569895.0,18905645655.529766,28785645655.529766,24335000000.0,9880000000.0,2647000000.0,2155000000.0,,2673000000.0,9880000000.0,24203000000.0,,492000000.0,492000000.0,-26000000.0,,-3438000000.0,,,,,58.50740986896294,0.017091852164361165,,-0.0009032279599052648,,,,5290000000.0,4022000000.0,0.3826587220053421,,,,98.07692307692307,3.2114138544591744,3.383902892177116,208.0,"['fcf_cagr5 gate', 'coverage<80%']",False,0.4,,,,,,,,,,,,,,,,,,,,,,,,,
GPC,40987,Genuine Parts Company,Consumer Discretionary,Distributors,Consumer Discretionary Distribution and Retail,52.73100616016427,5.9986310746064335,173996740.963947,0.026937239920828526,-0.10862795772708567,-0.03092325916704608,10.0,0.3583495154085159,0.018679526597185737,0.03614163379410677,0.037491820268065676,0.3011738047422127,0.03800459648796302,0.044513982090555425,0.33685896426104445,7,9,False,0.08001090137708289,-0.25716812742553985,-0.29289208751905005,False,0.36903587645879565,0.028119096642575336,0.022578670682269274,1.0298210562335974,0.7780250556121903,0.5941036813644499,,72.6923076923077,0.5125207871486396,1.7896720503898378,260.0,,128.75999450683594,137859758.0,17750821682.79373,24256801682.79373,11031992000.0,6505980000.0,1185761000.0,426407000.0,54365000.0,565314000.0,6488203000.0,25071538000.0,,759354000.0,704989000.0,566082000.0,,32766000.0,,0.23892757032299447,,,34.40734774981416,0.029063559541737748,42.85033207696717,0.02333704201413921,541.745152987662,23.175059512909723,,3190572000.0,1774401000.0,0.4500522661727819,3.0,,,69.61538461538461,0.12701924423531172,1.2857260984562544,260.0,"['fcf_cagr5 gate', 'coverage<80%']",False,0.7,,,,,,,,,,,,,,,,,,,,,,,,,
MOS,1285785,Mosaic Company (The),Materials,Fertilizers & Agricultural Chemicals,Materials,14.99520876112252,5.9986310746064335,172380966.62287182,-0.3130968527391781,-0.26831539526513803,-0.2846809322544883,8.0,0.20301327034398797,0.3192291999922398,0.046976507475192344,0.07031414375192192,1.3303719704163997,0.07360938677830545,0.10321186323113879,0.9764229539535237,3,7,False,0.06780943144483076,,,False,0.10983107308191609,-0.07986675266780428,-0.06050016737563174,0.5410044027950345,-1.7001424107567134,-0.8219083193539479,-0.08997533136229668,,,,,capex_gt_2x_cfo,24.3700008392334,317895646.0,7747117159.808643,11857617159.808643,15574400000.0,4110500000.0,444000000.0,1391100000.0,31100000.0,1153900000.0,3939500000.0,12247900000.0,-169800000.0,-947100000.0,-978200000.0,-741000000.0,984100000.0,-638200000.0,-138440566.14513743,0.1846845338920058,-0.0088889823136132,,,-0.08249549524297393,,-0.06249147615522765,,,4.003150086373336,969200000.0,,0.06223032668995274,2.0,0.09879354906536131,0.07099601202522265,,,,,"['mktcap<10B', 'fcf_cagr5 gate', 'coverage<80%']",False,0.7,,,,,,,,,,,,,,,,,,,,,,,,,
BG,1996862,Bunge Global,Consumer Staples,Agricultural Products & Services,Materials,3.5290896646132786,5.9986310746064335,166365029.01250234,0.4449452959312179,-0.1279750164326312,0.3948952351786188,2.0,0.21317491272892122,0.15196740951310792,-0.07622263969438871,-0.051876770538243626,,-0.04388064497814168,0.008321529745042492,,2,4,False,,,,False,0.08045692698612579,-0.02610690112657687,-0.005239369476737649,0.3774221176224283,0.3425084887016683,0.11940046640945097,,,,,,sbc_unreported;capex_gt_2x_cfo,111.4800033569336,194018115.0,21629140111.505928,37780140111.50593,32196000000.0,16151000000.0,588000000.0,1749000000.0,,821000000.0,14770000000.0,44471000000.0,,-1161000000.0,-1161000000.0,-233000000.0,,683000000.0,,0.21295279912184412,,,,-0.03073043129467955,,-0.006167261405392192,31.66784789385934,-1.6998535871156661,,3291000000.0,309000000.0,0.11181513231457324,,,,,,,,"['rev_cagr5 gate', 'fcf_cagr5 gate', 'coverage<80%']",False,0.5,,,,,,,,,,,,,,,,,,,,,,,,,
SWK,93556,Stanley Black & Decker,Industrials,Industrial Machinery & Supplies & Components,Capital Goods,43.983572895277206,5.9986310746064335,154082683.53164002,0.3692055129611431,-0.1090713529341828,0.29582524239417607,9.0,,,0.0018043026642233049,0.03924549251837361,11.934886794410382,0.0023820807191881122,0.03380611219795908,384.27309271352783,4,9,False,0.03482769922221651,-0.16294504580710234,-0.1974675263873752,False,0.3190054893524925,0.07914636305803498,0.07220105327360848,,43.865347331903976,30.310078366369073,,,,,,,91.76000213623047,151016641.0,13857287300.76635,18155887300.76635,13257400000.0,4298600000.0,1551200000.0,262100000.0,82300000.0,368000000.0,4298600000.0,15247700000.0,,1289100000.0,1206800000.0,1100900000.0,,620500000.0,,0.2677602076941232,,,15.044653050021834,0.06646879769677033,16.49185875262635,0.06063597893965401,22.33245334531241,2.0775181305398873,,7265600000.0,3892900000.0,0.841680872569282,,,,,,,,"['fcf_cagr5 gate', 'coverage<80%']",False,0.4,,,,,,,,,,,,,,,,,,,,,,,,,
BAX,10456,Baxter International,Health Care,Health Care Equipment,Health Care Equipment and Services,53.98220396988364,5.9986310746064335,148425259.2688179,0.19109926704633295,-0.14703948398192512,0.07075860730630534,10.0,0.36343314547245137,0.09694963268626282,0.0718231383165144,0.06900666202644924,0.4866144550210326,0.025761997483542638,-9.943323058566172e-05,1.8277128358061923,8,9,False,-0.007460794983869423,-0.2212269221838118,,False,0.3007846556233653,,0.02188317349607672,0.8276203185385168,,0.8494362096749757,1.3976066884028984,,,,,,23.489999771118164,516995999.0,12144235898.179007,18485235898.17901,12547000000.0,6341000000.0,1319000000.0,,115000000.0,953000000.0,6368000000.0,11470000000.0,-274000000.0,,,251000000.0,679000000.0,-1063000000.0,-213048547.5478144,0.2224505563948379,-0.016980038857720123,,,,73.64635816007574,0.013578403942614881,,,9.378497790868925,4886000000.0,867000000.0,0.4585159799155177,5.0,-0.012149368630400517,0.0006674411959370003,3.076923076923077,-0.6519162020022545,0.48999739349183397,260.0,"['rev_cagr5 gate', 'fcf_cagr5 gate', 'coverage<80%']",False,0.7,,,,,,,,,,,,,,,,,,,,,,,,,
AVY,8818,Avery Dennison,Materials,Paper & Plastic Packaging Products & Materials,Materials,38.732375085557834,5.9986310746064335,144623305.79270488,0.12449270610436258,-0.1080519202889183,0.09864000233797698,10.0,0.27797900710324475,0.0321230436754061,0.0763621137475974,0.07729659533623172,0.10964090507660251,0.06959374420153117,0.06828694450472264,0.15263666862383626,6,9,False,0.049004548094291556,0.05314467995366812,0.0012611826382393776,False,0.28977844097706557,0.11220683167353294,0.09358679080027249,1.0424472120998631,1.4694044751617859,1.3447586686708752,,1.153846153846154,-1.801673893024505,0.6539339908914121,260.0,,172.66000366210938,75788142.0,13085580875.264465,14549880875.264465,3787100000.0,1464300000.0,1233600000.0,170500000.0,25400000.0,342700000.0,1464300000.0,9248100000.0,,1063100000.0,1037700000.0,865500000.0,,704900000.0,,0.27006316661489077,,,14.021278669427065,0.07132017154615627,16.810954217521047,0.05948502310224366,18.56374077920906,1.5081571854163711,,2262000000.0,827500000.0,0.8157957276015949,,,,1.153846153846154,-2.204516122324643,0.5626948472911812,260.0,['coverage<80%'],True,0.6,,,,,,,,,,,,,,,,,,,,,,,,,
TXT,217346,Textron,Industrials,Aerospace & Defense,Capital Goods,47.73169062286105,5.9986310746064335,131817908.22317505,-0.004731004980703224,-0.237247242934303,-0.07916761751711188,10.0,,,0.07204960716595323,0.06314404735803551,0.2112925253055583,0.07073536907841277,0.06365563107505665,0.20954077954962128,6,9,True,0.04899600344582322,-0.06629748290325388,-0.06797902841660897,True,,0.049611085691875285,0.05470945813451859,,0.6885684411520125,0.7734385053377065,,36.92307692307693,-0.33780562359204247,0.8967715197678195,260.0,sbc_unreported;gm_derived,76.80999755859375,171986917.0,13210314674.880066,12099314674.880066,6943000000.0,-1111000000.0,1236000000.0,477000000.0,,399000000.0,-1111000000.0,15299000000.0,,759000000.0,759000000.0,837000000.0,,937000000.0,,0.1946826758147513,,,15.94112605386043,0.0627308257033594,14.455573088267702,0.06917747182307223,14.098521531355459,0.8100320170757738,,,276000000.0,0.03975226847184214,,,,45.76923076923077,-0.13128778326904636,0.9625048228881711,260.0,"['fcf_cagr5 gate', 'coverage<80%']",False,0.5,,,,,,,,,,,,,,,,,,,,,,,,,
TPL,1811074,Texas Pacific Land Corporation,Energy,Oil & Gas Exploration & Production,Energy,1.8261464750171115,5.9986310746064335,131321070.23787372,0.15070894738630436,-0.3658930829811935,0.06196619478156662,5.0,,,,,,0.6074335466458701,0.6225318439822988,0.1977276434071605,5,7,True,0.21410935617420757,0.3049035690618971,0.1943857672565239,False,,,0.5781084095322665,,,0.9517228884121871,0.3720849235368813,83.9572192513369,1.5566445428995899,3.2866189956159273,187.0,,335.739990234375,68974683.0,23157559396.83911,22924460396.83911,1439299000.0,-233099000.0,603151000.0,,16700000.0,67575000.0,-233099000.0,897541000.0,672482000.0,,,518876000.0,740057000.0,541416000.0,532138733.8199314,0.2086944575171805,0.369720769499549,34.0893293751195,,,44.180999693258336,0.022634164164297803,42.77221101119862,,-0.31497438710802006,,31675000.0,0.022007241024971185,6.0,0.9936461977151355,1.1934642407692715,83.9572192513369,1.5212929084206586,3.0972377370100257,187.0,['coverage<80%'],True,0.6,,,,,,,,,,,,,,,,,,,,,,,,,
PSKY,2041610,Paramount Skydance Corporation,Communication Services,Movies & Entertainment,Media and Entertainment,31.983572895277206,5.9986310746064335,130104769.74127848,-0.41697483849537187,-0.4685832233404129,-0.46380838258178425,2.0,,,,,,,,,0,1,False,,,,False,,0.013419277017603377,,,,,,,,,,share_jump_gt20pct,9.960000038146973,1071666977.0,10673803131.80085,11415803131.80085,12513000000.0,742000000.0,989000000.0,312000000.0,321000000.0,,-297000000.0,26529000000.0,996000000.0,677000000.0,356000000.0,,,-377000000.0,,,,11.461649730723744,32.06686272977767,0.031184840513611835,,,,,,2034000000.0,6238000000.0,0.6610724846159993,,,,,,,,"['rev_cagr5 gate', 'fcf_cagr5 gate', 'coverage<80%']",False,0.3,,,,,,,,,,,,,,,,,,,,,,,,,
SNA,91440,Snap-on,Industrials,Industrial Machinery & Supplies & Components,Capital Goods,43.983572895277206,5.9986310746064335,119409940.97158766,0.17714237834048951,-0.10520670217021644,0.11222625905410899,,,,,,,0.18813009878816753,0.2026415815513983,0.21796898961695357,5,9,False,0.03619988745258418,,0.013503079081576885,False,,,0.2203607446830541,,,1.1713210491170685,1.02129046266041,60.76923076923077,0.3248526189222928,1.0626901481385067,260.0,,370.25,51727124.0,19151967661.0,18554567661.0,5443900000.0,-597400000.0,1186200000.0,,32100000.0,90000000.0,-622400000.0,4828900000.0,1342200000.0,,,1064100000.0,1432200000.0,1033700000.0,1049585328.0141845,0.2180112293144208,0.1928002586407143,13.823996171211444,,,17.436864637722017,0.057349759878083315,18.527587947180034,,-0.43457617651166036,1231500000.0,130300000.0,0.2501515457668216,4.0,0.18878102331287747,0.18802101810379235,,,,,"['fcf_cagr5 gate', 'coverage<80%']",False,0.4,,,,,,,,,,,,,,,,,,,,,,,,,
NWSA,1564708,News Corp (Class A),Communication Services,Publishing,Media and Entertainment,13.14715947980835,5.9986310746064335,110031626.4207466,0.021327348622452114,-0.08896937652369052,-0.06953950881108151,10.0,,,0.07054194206303736,0.0675579744439186,0.21078207856885378,0.06282561523338678,0.06140558447704685,0.244748477351698,6,9,False,-0.007154431028680852,-0.008648909226673163,0.061872879820496385,False,,0.08983163491360213,,,1.273449982895668,,,,,,,shares_was_proxy;sbc_unreported,28.1200008392334,556500000.0,15648780467.033386,17194780467.033386,10072000000.0,1546000000.0,1237000000.0,426000000.0,,,836000000.0,9028000000.0,,811000000.0,811000000.0,,,573000000.0,,0.28967495219885275,,,21.20194878795732,0.04716547568344277,,,27.310262595171704,1.4153577661431065,,4542000000.0,1837000000.0,0.6333399523431295,,,,27.692307692307693,-0.8258799542309523,0.8390870914333045,260.0,"['rev_cagr5 gate', 'coverage<80%']",False,0.5,,,,,,,,,,,,,,,,,,,,,,,,,
BALL,9389,Ball Corporation,Materials,"Metal, Glass & Plastic Containers",Materials,41.89733059548254,5.9986310746064335,108913474.45474946,0.302661070732162,-0.11723818987029577,0.20537339166913693,7.0,,,-0.00041794169935035347,0.0024618058069654624,,0.033142048985262164,0.048628523668414254,1.6322177108797833,5,9,False,0.022401190765954704,,-0.03479997812017066,False,,0.057727209269859,0.05479547675554935,,-138.12263614659625,1.6533521141048395,,24.581005586592177,-0.2073433875897197,0.7107536817851533,179.0,sbc_unreported,58.81999969482422,264703357.0,15569851377.958946,23838851377.958946,14015000000.0,8269000000.0,1426000000.0,599000000.0,,641000000.0,8249000000.0,14326000000.0,,827000000.0,827000000.0,785000000.0,,,,,,,28.825696950373576,0.034691268756540515,30.367963538801206,0.032929438904334106,,,,4397000000.0,29000000.0,0.3158044951837317,,,,,,,,"['fcf_cagr5 gate', 'coverage<80%']",False,0.3,,,,,,,,,,,,,,,,,,,,,,,,,
